Date,Close,High,Low,Open,Volume
2025-09-24 13:30:00+00:00,255.07449340820312,255.72999572753903,254.8999938964844,255.22000122070312,1247914
2025-09-24 13:31:00+00:00,254.7400054931641,255.3699951171875,254.63999938964844,255.16000366210935,116603
2025-09-24 13:32:00+00:00,254.2449951171875,254.80499267578125,254.0500030517578,254.75999450683597,148411
2025-09-24 13:33:00+00:00,254.32000732421875,254.4199981689453,254.0500030517578,254.2050018310547,112559
2025-09-24 13:34:00+00:00,253.5540008544922,254.3800048828125,253.5,254.35989379882807,113844
2025-09-24 13:35:00+00:00,254.00999450683597,254.0749969482422,253.52999877929688,253.52999877929688,84869
2025-09-24 13:36:00+00:00,253.1699981689453,254.00650024414065,253.1499938964844,254.00650024414065,168890
2025-09-24 13:37:00+00:00,253.22999572753903,253.5200042724609,253.1699981689453,253.1699981689453,112757
2025-09-24 13:38:00+00:00,252.8800048828125,253.3000030517578,252.63999938964844,253.2400054931641,196810
2025-09-24 13:39:00+00:00,252.71499633789065,253.13999938964844,252.6199951171875,252.875,150351
2025-09-24 13:40:00+00:00,252.88999938964844,252.93499755859372,252.56500244140625,252.7700042724609,111456
2025-09-24 13:41:00+00:00,252.80999755859372,252.8800048828125,252.6999969482422,252.8699951171875,93944
2025-09-24 13:42:00+00:00,252.8603973388672,252.97000122070312,252.7301025390625,252.82000732421875,78602
2025-09-24 13:43:00+00:00,252.9011993408203,253.05499267578125,252.82000732421875,252.8800048828125,122699
2025-09-24 13:44:00+00:00,252.77999877929688,253.0249938964844,252.7700042724609,252.8800048828125,91632
2025-09-24 13:45:00+00:00,252.51499938964844,252.93499755859372,252.42999267578125,252.7899932861328,144108
2025-09-24 13:46:00+00:00,252.625,252.75900268554688,252.4900054931641,252.51499938964844,82507
2025-09-24 13:47:00+00:00,252.4600067138672,252.6100006103516,252.27999877929688,252.6100006103516,97711
2025-09-24 13:48:00+00:00,252.82000732421875,252.8500061035156,252.38999938964844,252.4600067138672,119710
2025-09-24 13:49:00+00:00,252.4850006103516,252.82899475097656,252.4600067138672,252.82899475097656,82195
2025-09-24 13:50:00+00:00,252.6300048828125,252.7427978515625,252.47000122070312,252.47000122070312,80361
2025-09-24 13:51:00+00:00,252.55499267578125,252.73699951171875,252.5399932861328,252.63999938964844,69465
2025-09-24 13:52:00+00:00,252.8000030517578,252.81500244140625,252.5,252.55499267578125,80805
2025-09-24 13:53:00+00:00,252.9199981689453,253.03909301757807,252.5800018310547,252.8000030517578,97250
2025-09-24 13:54:00+00:00,252.9550018310547,253.02999877929688,252.88250732421875,252.9199981689453,107972
2025-09-24 13:55:00+00:00,253.0249938964844,253.05999755859372,252.8701934814453,252.97000122070312,90906
2025-09-24 13:56:00+00:00,253.2100067138672,253.2899932861328,253.0200042724609,253.02999877929688,102553
2025-09-24 13:57:00+00:00,253.38699340820312,253.38999938964844,253.1199951171875,253.21929931640625,93439
2025-09-24 13:58:00+00:00,253.2899932861328,253.41000366210935,253.25999450683597,253.3999938964844,56062
2025-09-24 13:59:00+00:00,253.25,253.38999938964844,253.2100067138672,253.3000030517578,80761
2025-09-24 14:00:00+00:00,252.75,253.29949951171875,252.72000122070312,253.27999877929688,159654
2025-09-24 14:01:00+00:00,252.72979736328125,252.8600006103516,252.6699981689453,252.7550048828125,100785
2025-09-24 14:02:00+00:00,252.5749969482422,252.8000030517578,252.5500030517578,252.7250061035156,75527
2025-09-24 14:03:00+00:00,252.4600067138672,252.6100006103516,252.41000366210935,252.58999633789065,96313
2025-09-24 14:04:00+00:00,252.5200042724609,252.6499938964844,252.44000244140625,252.4499969482422,87231
2025-09-24 14:05:00+00:00,252.18499755859372,252.5800018310547,252.11520385742188,252.5399932861328,142715
2025-09-24 14:06:00+00:00,252.17999267578125,252.30999755859372,252.0800018310547,252.18499755859372,86880
2025-09-24 14:07:00+00:00,252.47000122070312,252.47000122070312,252.1199951171875,252.17999267578125,72991
2025-09-24 14:08:00+00:00,252.2100067138672,252.5,252.18499755859372,252.47999572753903,71559
2025-09-24 14:09:00+00:00,252.3000030517578,252.43499755859372,252.13870239257807,252.21499633789065,57886
2025-09-24 14:10:00+00:00,252.38699340820312,252.38699340820312,252.22999572753903,252.3000030517578,46508
2025-09-24 14:11:00+00:00,252.3249969482422,252.4095001220703,252.1499938964844,252.38999938964844,95246
2025-09-24 14:12:00+00:00,252.5200958251953,252.5399932861328,252.3300018310547,252.3300018310547,83110
2025-09-24 14:13:00+00:00,252.4600067138672,252.6649932861328,252.4600067138672,252.5249938964844,123320
2025-09-24 14:14:00+00:00,252.4900054931641,252.57000732421875,252.4199981689453,252.47000122070312,74511
2025-09-24 14:15:00+00:00,252.82000732421875,252.9499969482422,252.44000244140625,252.47999572753903,95370
2025-09-24 14:16:00+00:00,252.8450927734375,252.88999938964844,252.74009704589844,252.8500061035156,56732
2025-09-24 14:17:00+00:00,253.0399932861328,253.04969787597656,252.83999633789065,252.84500122070312,66638
2025-09-24 14:18:00+00:00,252.9250030517578,253.02999877929688,252.9199981689453,253.02999877929688,67412
2025-09-24 14:19:00+00:00,252.8699951171875,252.97000122070312,252.8000030517578,252.9250030517578,62182
2025-09-24 14:20:00+00:00,252.71240234375,252.8699951171875,252.6499938964844,252.8699951171875,50178
2025-09-24 14:21:00+00:00,252.6499938964844,252.71499633789065,252.5500030517578,252.71499633789065,48484
2025-09-24 14:22:00+00:00,252.71499633789065,252.7830047607422,252.6100006103516,252.63999938964844,44414
2025-09-24 14:23:00+00:00,252.63999938964844,252.7400054931641,252.63999938964844,252.72999572753903,37278
2025-09-24 14:24:00+00:00,252.4850006103516,252.6499938964844,252.4199981689453,252.63999938964844,52990
2025-09-24 14:25:00+00:00,252.75999450683597,252.75999450683597,252.5,252.5,46974
2025-09-24 14:26:00+00:00,252.71499633789065,252.8600006103516,252.7001037597656,252.75010681152344,47006
2025-09-24 14:27:00+00:00,252.6100006103516,252.71499633789065,252.5,252.6999969482422,31030
2025-09-24 14:28:00+00:00,252.6499938964844,252.72999572753903,252.6100006103516,252.6199951171875,44065
2025-09-24 14:29:00+00:00,252.6219940185547,252.72999572753903,252.52999877929688,252.6699981689453,40823
2025-09-24 14:30:00+00:00,252.80999755859372,252.9600067138672,252.57000732421875,252.625,72987
2025-09-24 14:31:00+00:00,252.8600006103516,252.9900054931641,252.7400054931641,252.7899932861328,57328
2025-09-24 14:32:00+00:00,252.4219970703125,252.8999938964844,252.41000366210935,252.8500061035156,69206
2025-09-24 14:33:00+00:00,252.19500732421875,252.4499969482422,252.16000366210935,252.4499969482422,59003
2025-09-24 14:34:00+00:00,251.9900054931641,252.25,251.91000366210935,252.2100067138672,146309
2025-09-24 14:35:00+00:00,252.19000244140625,252.25,251.9600067138672,252.0,95493
2025-09-24 14:36:00+00:00,252.0449981689453,252.20689392089844,251.9687042236328,252.19000244140625,77626
2025-09-24 14:37:00+00:00,251.94500732421875,252.0399932861328,251.89019775390625,252.0399932861328,76906
2025-09-24 14:38:00+00:00,252.0,252.0791931152344,251.94000244140625,251.9600067138672,152223
2025-09-24 14:39:00+00:00,251.91000366210935,252.0800018310547,251.8300018310547,252.0200042724609,117447
2025-09-24 14:40:00+00:00,251.904296875,251.94000244140625,251.72000122070312,251.8800048828125,85100
2025-09-24 14:41:00+00:00,251.93499755859372,252.0155029296875,251.8999938964844,251.9199981689453,38949
2025-09-24 14:42:00+00:00,252.10569763183597,252.1699981689453,251.9499969482422,251.9600067138672,126010
2025-09-24 14:43:00+00:00,252.22000122070312,252.26150512695312,252.02609252929688,252.1300048828125,42680
2025-09-24 14:44:00+00:00,252.1750030517578,252.2570037841797,252.07000732421875,252.19000244140625,43277
2025-09-24 14:45:00+00:00,252.13299560546875,252.2151031494141,252.0500030517578,252.17999267578125,42677
2025-09-24 14:46:00+00:00,252.20989990234372,252.22000122070312,252.06500244140625,252.1300048828125,54655
2025-09-24 14:47:00+00:00,252.2400054931641,252.268798828125,252.1300048828125,252.1826934814453,35009
2025-09-24 14:48:00+00:00,252.2100067138672,252.3500061035156,252.16000366210935,252.25,86427
2025-09-24 14:49:00+00:00,252.1750030517578,252.2350006103516,252.07000732421875,252.2100067138672,36357
2025-09-24 14:50:00+00:00,252.30999755859372,252.3800048828125,252.19000244140625,252.19000244140625,45636
2025-09-24 14:51:00+00:00,252.2700042724609,252.32000732421875,252.17999267578125,252.30999755859372,34044
2025-09-24 14:52:00+00:00,252.2899932861328,252.3500061035156,252.1999969482422,252.27999877929688,33362
2025-09-24 14:53:00+00:00,252.1649932861328,252.2958984375,252.1450042724609,252.2700042724609,37556
2025-09-24 14:54:00+00:00,251.97000122070312,252.19000244140625,251.9499969482422,252.17999267578125,41064
2025-09-24 14:55:00+00:00,251.9900054931641,252.0099029541016,251.8800048828125,251.97000122070312,44319
2025-09-24 14:56:00+00:00,252.0326995849609,252.0906982421875,251.97000122070312,251.9949951171875,38240
2025-09-24 14:57:00+00:00,252.13999938964844,252.1499938964844,252.0500030517578,252.0500030517578,38303
2025-09-24 14:58:00+00:00,252.2449951171875,252.32000732421875,252.16000366210935,252.16000366210935,50807
2025-09-24 14:59:00+00:00,252.2100982666016,252.25999450683597,252.1499938964844,252.25,35608
2025-09-24 15:00:00+00:00,252.1750030517578,252.30999755859372,252.13999938964844,252.21499633789065,41794
2025-09-24 15:01:00+00:00,252.1598052978516,252.22000122070312,252.1300048828125,252.2100067138672,27883
2025-09-24 15:02:00+00:00,252.1750030517578,252.19000244140625,252.07009887695312,252.13999938964844,35708
2025-09-24 15:03:00+00:00,252.1649932861328,252.1999969482422,252.1000061035156,252.1699981689453,24261
2025-09-24 15:04:00+00:00,251.96099853515625,252.1750030517578,251.95089721679688,252.1750030517578,72595
2025-09-24 15:05:00+00:00,251.8650054931641,251.9900054931641,251.8000030517578,251.9600067138672,39995
2025-09-24 15:06:00+00:00,251.7400054931641,251.8500061035156,251.6499938964844,251.8300018310547,64104
2025-09-24 15:07:00+00:00,251.78500366210935,251.80999755859372,251.72999572753903,251.7400054931641,39640
2025-09-24 15:08:00+00:00,251.7100067138672,251.8600006103516,251.69000244140625,251.78500366210935,42693
2025-09-24 15:09:00+00:00,251.65499877929688,251.69000244140625,251.59500122070312,251.69000244140625,47051
2025-09-24 15:10:00+00:00,251.6501007080078,251.73880004882807,251.6201019287109,251.6499938964844,33533
2025-09-24 15:11:00+00:00,251.6649932861328,251.7700042724609,251.5399932861328,251.6499938964844,54350
2025-09-24 15:12:00+00:00,251.90499877929688,251.9199981689453,251.6150054931641,251.6499938964844,81710
2025-09-24 15:13:00+00:00,251.8699951171875,251.9900054931641,251.8500061035156,251.89010620117188,58975
2025-09-24 15:14:00+00:00,251.7700042724609,251.89979553222656,251.75,251.8500061035156,30516
2025-09-24 15:15:00+00:00,251.92999267578125,251.9600067138672,251.75999450683597,251.7700042724609,40305
2025-09-24 15:16:00+00:00,251.84359741210935,252.0,251.7801055908203,251.94500732421875,46219
2025-09-24 15:17:00+00:00,251.83999633789065,251.9237060546875,251.80999755859372,251.8300018310547,31770
2025-09-24 15:18:00+00:00,251.88999938964844,251.9217071533203,251.82000732421875,251.8249969482422,27649
2025-09-24 15:19:00+00:00,251.9600067138672,251.97999572753903,251.8699951171875,251.91000366210935,34136
2025-09-24 15:20:00+00:00,252.00999450683597,252.04620361328125,251.92999267578125,251.9600067138672,37823
2025-09-24 15:21:00+00:00,252.0200042724609,252.0897979736328,252.00999450683597,252.01010131835935,32624
2025-09-24 15:22:00+00:00,252.1060943603516,252.1100006103516,252.01499938964844,252.02999877929688,37919
2025-09-24 15:23:00+00:00,252.13999938964844,252.16099548339844,252.05999755859372,252.09500122070312,50679
2025-09-24 15:24:00+00:00,252.10499572753903,252.1499938964844,252.07000732421875,252.13999938964844,49742
2025-09-24 15:25:00+00:00,252.05999755859372,252.2400054931641,252.05870056152344,252.1000061035156,77996
2025-09-24 15:26:00+00:00,252.1210021972656,252.16000366210935,252.02999877929688,252.0800018310547,53986
2025-09-24 15:27:00+00:00,252.0399932861328,252.1199951171875,251.9900054931641,252.1199951171875,41622
2025-09-24 15:28:00+00:00,252.1499938964844,252.16000366210935,252.0399932861328,252.0399932861328,34691
2025-09-24 15:29:00+00:00,252.1199951171875,252.21060180664065,252.0800018310547,252.1499938964844,85151
2025-09-24 15:30:00+00:00,252.13999938964844,252.14059448242188,252.02999877929688,252.1199951171875,44740
2025-09-24 15:31:00+00:00,252.1199951171875,252.16000366210935,252.0800018310547,252.1450042724609,29420
2025-09-24 15:32:00+00:00,252.1699981689453,252.2100067138672,252.1300048828125,252.1499938964844,41843
2025-09-24 15:33:00+00:00,252.1300048828125,252.17990112304688,252.1100006103516,252.17990112304688,35515
2025-09-24 15:34:00+00:00,252.01980590820312,252.1199951171875,251.97999572753903,252.1199951171875,38277
2025-09-24 15:35:00+00:00,251.9900054931641,252.05999755859372,251.9199981689453,252.00999450683597,39159
2025-09-24 15:36:00+00:00,252.0200042724609,252.0305938720703,251.8300018310547,252.0,4589762
2025-09-24 15:37:00+00:00,252.0800018310547,252.08990478515625,252.0,252.02999877929688,0
2025-09-24 15:38:00+00:00,252.00999450683597,252.1150054931641,251.92999267578125,252.0800018310547,38580
2025-09-24 15:39:00+00:00,252.0093994140625,252.0399932861328,251.93499755859372,251.9949951171875,32448
2025-09-24 15:40:00+00:00,251.9499969482422,252.0200042724609,251.9499969482422,252.0,17208
2025-09-24 15:41:00+00:00,251.9199981689453,251.97999572753903,251.8800048828125,251.9499969482422,25580
2025-09-24 15:42:00+00:00,252.0449981689453,252.10989379882807,251.91439819335935,251.92999267578125,35108
2025-09-24 15:43:00+00:00,252.0,252.1100006103516,251.97000122070312,252.0500030517578,37069
2025-09-24 15:44:00+00:00,252.0059051513672,252.0449981689453,251.97000122070312,252.0,27530
2025-09-24 15:45:00+00:00,251.96499633789065,252.0500030517578,251.9199981689453,251.9900054931641,26365
2025-09-24 15:46:00+00:00,251.94000244140625,251.97999572753903,251.8800048828125,251.97999572753903,48593
2025-09-24 15:47:00+00:00,251.75999450683597,252.0,251.73019409179688,251.9600067138672,64492
2025-09-24 15:48:00+00:00,251.60499572753903,251.8000030517578,251.5500030517578,251.7698974609375,82999
2025-09-24 15:49:00+00:00,251.7100067138672,251.7400054931641,251.58999633789065,251.59500122070312,71455
2025-09-24 15:50:00+00:00,251.52999877929688,251.7700042724609,251.5200042724609,251.70989990234372,49703
2025-09-24 15:51:00+00:00,251.4199981689453,251.58999633789065,251.3800048828125,251.52999877929688,97474
2025-09-24 15:52:00+00:00,251.44500732421875,251.52999877929688,251.38299560546875,251.43499755859372,53982
2025-09-24 15:53:00+00:00,251.6300048828125,251.69000244140625,251.4403076171875,251.4403076171875,57231
2025-09-24 15:54:00+00:00,251.6999969482422,251.74639892578125,251.6300048828125,251.6300048828125,33961
2025-09-24 15:55:00+00:00,251.50999450683597,251.69000244140625,251.47000122070312,251.69000244140625,40000
2025-09-24 15:56:00+00:00,251.5249938964844,251.5800018310547,251.4949951171875,251.4949951171875,50665
2025-09-24 15:57:00+00:00,251.6499938964844,251.6649932861328,251.47000122070312,251.5126953125,40957
2025-09-24 15:58:00+00:00,251.47300720214844,251.7100067138672,251.41000366210935,251.6499938964844,61732
2025-09-24 15:59:00+00:00,251.41000366210935,251.5099029541016,251.27999877929688,251.46499633789065,75704
2025-09-24 16:00:00+00:00,251.40499877929688,251.5099029541016,251.31500244140625,251.4199981689453,52312
2025-09-24 16:01:00+00:00,251.29299926757807,251.5800018310547,251.2899932861328,251.41000366210935,52322
2025-09-24 16:02:00+00:00,251.32000732421875,251.33999633789065,251.1199951171875,251.27999877929688,68214
2025-09-24 16:03:00+00:00,251.21499633789065,251.3600006103516,251.1000061035156,251.3300018310547,81145
2025-09-24 16:04:00+00:00,251.13250732421875,251.25999450683597,251.05059814453125,251.2400054931641,44551
2025-09-24 16:05:00+00:00,251.05999755859372,251.1999969482422,251.0399932861328,251.08999633789065,76636
2025-09-24 16:06:00+00:00,251.27999877929688,251.2899932861328,251.0399932861328,251.0500030517578,39686
2025-09-24 16:07:00+00:00,251.22999572753903,251.3000030517578,251.16000366210935,251.281005859375,48288
2025-09-24 16:08:00+00:00,251.2899932861328,251.31809997558597,251.2400054931641,251.2400054931641,73578
2025-09-24 16:09:00+00:00,251.50999450683597,251.52999877929688,251.25,251.2899932861328,69964
2025-09-24 16:10:00+00:00,251.3699951171875,251.55999755859372,251.30999755859372,251.52720642089844,57338
2025-09-24 16:11:00+00:00,251.58999633789065,251.63499450683597,251.3600006103516,251.3699951171875,55070
2025-09-24 16:12:00+00:00,251.42999267578125,251.63499450683597,251.3999938964844,251.5787048339844,58221
2025-09-24 16:13:00+00:00,251.42999267578125,251.47000122070312,251.3300018310547,251.42999267578125,43794
2025-09-24 16:14:00+00:00,251.46139526367188,251.47999572753903,251.32000732421875,251.41000366210935,39516
2025-09-24 16:15:00+00:00,251.5200042724609,251.6000061035156,251.4015045166016,251.4600067138672,30779
2025-09-24 16:16:00+00:00,251.3950042724609,251.5200042724609,251.3300018310547,251.50999450683597,32366
2025-09-24 16:17:00+00:00,251.2700042724609,251.3999938964844,251.19000244140625,251.3999938964844,39914
2025-09-24 16:18:00+00:00,251.3300018310547,251.42999267578125,251.27999877929688,251.27999877929688,124307
2025-09-24 16:19:00+00:00,251.3699951171875,251.47999572753903,251.33999633789065,251.33999633789065,38519
2025-09-24 16:20:00+00:00,251.41000366210935,251.4550018310547,251.31500244140625,251.3699951171875,28210
2025-09-24 16:21:00+00:00,251.4900054931641,251.54969787597656,251.3999938964844,251.4062042236328,44975
2025-09-24 16:22:00+00:00,251.67990112304688,251.67999267578125,251.4900054931641,251.4949951171875,53564
2025-09-24 16:23:00+00:00,251.81500244140625,251.82760620117188,251.6510009765625,251.67999267578125,96383
2025-09-24 16:24:00+00:00,251.8000030517578,251.88009643554688,251.7899932861328,251.82000732421875,50487
2025-09-24 16:25:00+00:00,251.72999572753903,251.82000732421875,251.6343994140625,251.7899932861328,44845
2025-09-24 16:26:00+00:00,251.84500122070312,251.8699951171875,251.72999572753903,251.72999572753903,31611
2025-09-24 16:27:00+00:00,252.10040283203125,252.1100006103516,251.8600006103516,251.8600006103516,63598
2025-09-24 16:28:00+00:00,252.2100982666016,252.25999450683597,252.1000061035156,252.1000061035156,91077
2025-09-24 16:29:00+00:00,252.1649932861328,252.25,252.1499938964844,252.2050018310547,35726
2025-09-24 16:30:00+00:00,252.07980346679688,252.25999450683597,252.05999755859372,252.17140197753903,90147
2025-09-24 16:31:00+00:00,251.75,252.0800018310547,251.7400054931641,252.0800018310547,48982
2025-09-24 16:32:00+00:00,251.8500061035156,251.88400268554688,251.72999572753903,251.75999450683597,43155
2025-09-24 16:33:00+00:00,251.84500122070312,251.8699951171875,251.78939819335935,251.8495941162109,30555
2025-09-24 16:34:00+00:00,251.7749938964844,251.8699951171875,251.72329711914065,251.84500122070312,26952
2025-09-24 16:35:00+00:00,251.80909729003903,251.8300018310547,251.75999450683597,251.77999877929688,22866
2025-09-24 16:36:00+00:00,251.8300018310547,251.84500122070312,251.73019409179688,251.81939697265625,27185
2025-09-24 16:37:00+00:00,251.8500061035156,251.9199066162109,251.81500244140625,251.83999633789065,25043
2025-09-24 16:38:00+00:00,251.76499938964844,251.8600006103516,251.75,251.8500061035156,30494
2025-09-24 16:39:00+00:00,251.79010009765625,251.81500244140625,251.7100067138672,251.76499938964844,40806
2025-09-24 16:40:00+00:00,251.7400054931641,251.83990478515625,251.72000122070312,251.77999877929688,24581
2025-09-24 16:41:00+00:00,251.7700042724609,251.78509521484372,251.7050018310547,251.75,30939
2025-09-24 16:42:00+00:00,251.80999755859372,251.8101043701172,251.75010681152344,251.7700042724609,24596
2025-09-24 16:43:00+00:00,251.6000061035156,251.7949981689453,251.5601043701172,251.7899932861328,50881
2025-09-24 16:44:00+00:00,251.7749938964844,251.82000732421875,251.58999633789065,251.58999633789065,29799
2025-09-24 16:45:00+00:00,251.7194061279297,251.7998962402344,251.67999267578125,251.7700042724609,35368
2025-09-24 16:46:00+00:00,251.6999969482422,251.73989868164065,251.64300537109372,251.73989868164065,16034
2025-09-24 16:47:00+00:00,251.67999267578125,251.75,251.67999267578125,251.69000244140625,15722
2025-09-24 16:48:00+00:00,251.6945037841797,251.6945037841797,251.5751953125,251.6699981689453,19305
2025-09-24 16:49:00+00:00,251.60499572753903,251.7100067138672,251.58999633789065,251.68209838867188,44341
2025-09-24 16:50:00+00:00,251.5,251.6000061035156,251.4900054931641,251.58999633789065,30531
2025-09-24 16:51:00+00:00,251.5399932861328,251.5800018310547,251.4770050048828,251.5099029541016,37394
2025-09-24 16:52:00+00:00,251.4481964111328,251.5500030517578,251.44000244140625,251.5500030517578,16819
2025-09-24 16:53:00+00:00,251.4900054931641,251.51010131835935,251.3999938964844,251.44500732421875,35103
2025-09-24 16:54:00+00:00,251.4600067138672,251.4949951171875,251.42999267578125,251.4900054931641,19933
2025-09-24 16:55:00+00:00,251.4900054931641,251.58999633789065,251.4499969482422,251.4600067138672,49613
2025-09-24 16:56:00+00:00,251.6150054931641,251.6199951171875,251.4929962158203,251.5,22258
2025-09-24 16:57:00+00:00,251.4824981689453,251.58999633789065,251.4824981689453,251.5800018310547,15170
2025-09-24 16:58:00+00:00,251.5449981689453,251.55540466308597,251.5,251.5,16712
2025-09-24 16:59:00+00:00,251.53970336914065,251.5865020751953,251.4900054931641,251.5399932861328,14326
2025-09-24 17:00:00+00:00,251.5500030517578,251.6100006103516,251.53509521484372,251.5399932861328,21142
2025-09-24 17:01:00+00:00,251.49009704589844,251.5749969482422,251.4600067138672,251.5500030517578,26032
2025-09-24 17:02:00+00:00,251.5699005126953,251.57940673828125,251.4600067138672,251.5,23868
2025-09-24 17:03:00+00:00,251.5500030517578,251.57000732421875,251.52999877929688,251.5399932861328,22306
2025-09-24 17:04:00+00:00,251.52999877929688,251.58999633789065,251.5200042724609,251.5399932861328,13660
2025-09-24 17:05:00+00:00,251.5399932861328,251.54800415039065,251.47999572753903,251.52999877929688,16884
2025-09-24 17:06:00+00:00,251.5399932861328,251.59500122070312,251.52999877929688,251.5399932861328,15850
2025-09-24 17:07:00+00:00,251.52999877929688,251.5800018310547,251.5157012939453,251.5399932861328,25259
2025-09-24 17:08:00+00:00,251.5200042724609,251.55999755859372,251.47999572753903,251.52999877929688,26503
2025-09-24 17:09:00+00:00,251.5260009765625,251.5800018310547,251.5200042724609,251.52999877929688,34873
2025-09-24 17:10:00+00:00,251.6000061035156,251.6199951171875,251.47999572753903,251.5200042724609,38917
2025-09-24 17:11:00+00:00,251.7100067138672,251.7400054931641,251.5800018310547,251.58999633789065,28603
2025-09-24 17:12:00+00:00,251.8000030517578,251.8300018310547,251.6999969482422,251.7030029296875,29981
2025-09-24 17:13:00+00:00,251.7100067138672,251.8300018310547,251.6999969482422,251.80259704589844,36578
2025-09-24 17:14:00+00:00,251.6100006103516,251.7350006103516,251.6083984375,251.72000122070312,30514
2025-09-24 17:15:00+00:00,251.5500030517578,251.69000244140625,251.5399932861328,251.6000061035156,24078
2025-09-24 17:16:00+00:00,251.5399932861328,251.55999755859372,251.4600982666016,251.55450439453125,27040
2025-09-24 17:17:00+00:00,251.5,251.5399932861328,251.4600067138672,251.5301971435547,14746
2025-09-24 17:18:00+00:00,251.47320556640625,251.55499267578125,251.47000122070312,251.51499938964844,18423
2025-09-24 17:19:00+00:00,251.42999267578125,251.4900054931641,251.42999267578125,251.47000122070312,16159
2025-09-24 17:20:00+00:00,251.4264068603516,251.42999267578125,251.34500122070312,251.4199981689453,22129
2025-09-24 17:21:00+00:00,251.3650054931641,251.46499633789065,251.33999633789065,251.4499969482422,12159
2025-09-24 17:22:00+00:00,251.375,251.41000366210935,251.33999633789065,251.36410522460935,18337
2025-09-24 17:23:00+00:00,251.41000366210935,251.4499969482422,251.3600006103516,251.375,18094
2025-09-24 17:24:00+00:00,251.4900054931641,251.4900054931641,251.40499877929688,251.4176025390625,15688
2025-09-24 17:25:00+00:00,251.5200042724609,251.5299072265625,251.4528961181641,251.47000122070312,33834
2025-09-24 17:26:00+00:00,251.4700927734375,251.50999450683597,251.41000366210935,251.50999450683597,15419
2025-09-24 17:27:00+00:00,251.5738983154297,251.5758056640625,251.47999572753903,251.4900054931641,25672
2025-09-24 17:28:00+00:00,251.5399932861328,251.59500122070312,251.5386962890625,251.57899475097656,25396
2025-09-24 17:29:00+00:00,251.4900054931641,251.55999755859372,251.47999572753903,251.531005859375,23567
2025-09-24 17:30:00+00:00,251.5399932861328,251.6000061035156,251.50999450683597,251.51499938964844,21394
2025-09-24 17:31:00+00:00,251.63999938964844,251.63999938964844,251.4900054931641,251.53509521484372,22772
2025-09-24 17:32:00+00:00,251.7400054931641,251.75999450683597,251.6300048828125,251.63499450683597,47147
2025-09-24 17:33:00+00:00,251.8950042724609,251.8990020751953,251.75,251.75,25986
2025-09-24 17:34:00+00:00,251.9913024902344,252.0399932861328,251.8800048828125,251.89010620117188,33421
2025-09-24 17:35:00+00:00,252.07980346679688,252.1100006103516,251.9900054931641,251.9900054931641,37060
2025-09-24 17:36:00+00:00,251.91000366210935,252.0500030517578,251.8999938964844,252.0500030517578,16695
2025-09-24 17:37:00+00:00,251.82000732421875,251.8999938964844,251.8179931640625,251.8999938964844,19527
2025-09-24 17:38:00+00:00,251.74009704589844,251.80999755859372,251.74009704589844,251.80999755859372,15600
2025-09-24 17:39:00+00:00,251.75999450683597,251.77999877929688,251.7420959472656,251.7550048828125,15113
2025-09-24 17:40:00+00:00,251.75100708007807,251.83999633789065,251.72999572753903,251.75010681152344,38226
2025-09-24 17:41:00+00:00,251.79800415039065,251.83999633789065,251.7400054931641,251.74380493164065,22571
2025-09-24 17:42:00+00:00,251.7801055908203,251.80499267578125,251.72999572753903,251.77999877929688,17146
2025-09-24 17:43:00+00:00,251.7512969970703,251.7899932861328,251.7201995849609,251.77999877929688,15347
2025-09-24 17:44:00+00:00,251.72000122070312,251.80999755859372,251.72000122070312,251.75010681152344,11645
2025-09-24 17:45:00+00:00,251.7400054931641,251.7599029541016,251.72000122070312,251.7250061035156,14050
2025-09-24 17:46:00+00:00,251.6100006103516,251.7400054931641,251.5800018310547,251.7400054931641,36979
2025-09-24 17:47:00+00:00,251.5200042724609,251.6114044189453,251.50999450683597,251.6100006103516,35251
2025-09-24 17:48:00+00:00,251.5386962890625,251.57000732421875,251.5,251.5200042724609,14381
2025-09-24 17:49:00+00:00,251.47999572753903,251.55499267578125,251.47360229492188,251.5500030517578,27679
2025-09-24 17:50:00+00:00,251.43499755859372,251.5,251.43499755859372,251.47000122070312,14070
2025-09-24 17:51:00+00:00,251.4250030517578,251.4900054931641,251.38499450683597,251.44000244140625,32217
2025-09-24 17:52:00+00:00,251.41000366210935,251.4499053955078,251.38999938964844,251.44000244140625,19836
2025-09-24 17:53:00+00:00,251.3999938964844,251.4600067138672,251.38999938964844,251.41200256347656,21209
2025-09-24 17:54:00+00:00,251.47000122070312,251.47900390625,251.375,251.3800048828125,15826
2025-09-24 17:55:00+00:00,251.4600067138672,251.5449981689453,251.43099975585935,251.47999572753903,32095
2025-09-24 17:56:00+00:00,251.360107421875,251.4600067138672,251.360107421875,251.45860290527344,17160
2025-09-24 17:57:00+00:00,251.3800048828125,251.3800048828125,251.32000732421875,251.3800048828125,24655
2025-09-24 17:58:00+00:00,251.46319580078125,251.4900054931641,251.3800048828125,251.38999938964844,40542
2025-09-24 17:59:00+00:00,251.5,251.50999450683597,251.4199981689453,251.48989868164065,18391
2025-09-24 18:00:00+00:00,251.5,251.5198974609375,251.44000244140625,251.49380493164065,17663
2025-09-24 18:01:00+00:00,251.4499969482422,251.50999450683597,251.4250030517578,251.4900054931641,18506
2025-09-24 18:02:00+00:00,251.38999938964844,251.46499633789065,251.38999938964844,251.4600067138672,20229
2025-09-24 18:03:00+00:00,251.3000030517578,251.43980407714844,251.3000030517578,251.38999938964844,22662
2025-09-24 18:04:00+00:00,251.33999633789065,251.33999633789065,251.27999877929688,251.30999755859372,30610
2025-09-24 18:05:00+00:00,251.33999633789065,251.3500061035156,251.28500366210935,251.33999633789065,19799
2025-09-24 18:06:00+00:00,251.4949951171875,251.50999450683597,251.3350067138672,251.33999633789065,47878
2025-09-24 18:07:00+00:00,251.389892578125,251.5,251.3600006103516,251.4949951171875,33003
2025-09-24 18:08:00+00:00,251.42599487304688,251.44500732421875,251.3500061035156,251.38999938964844,19694
2025-09-24 18:09:00+00:00,251.39979553222656,251.4199981689453,251.3300018310547,251.4199981689453,24183
2025-09-24 18:10:00+00:00,251.3999938964844,251.43499755859372,251.35130310058597,251.38999938964844,20990
2025-09-24 18:11:00+00:00,251.3699951171875,251.4900054931641,251.3699951171875,251.41000366210935,24209
2025-09-24 18:12:00+00:00,251.38999938964844,251.3999938964844,251.34030151367188,251.3800048828125,17687
2025-09-24 18:13:00+00:00,251.46499633789065,251.47999572753903,251.3650054931641,251.3800048828125,23298
2025-09-24 18:14:00+00:00,251.3999938964844,251.4665069580078,251.3699951171875,251.46499633789065,23717
2025-09-24 18:15:00+00:00,251.4600067138672,251.4750061035156,251.40159606933597,251.40159606933597,27483
2025-09-24 18:16:00+00:00,251.4600067138672,251.49819946289065,251.4084014892578,251.4600067138672,27787
2025-09-24 18:17:00+00:00,251.5276031494141,251.5500030517578,251.4499969482422,251.4550018310547,27406
2025-09-24 18:18:00+00:00,251.63499450683597,251.63999938964844,251.47000122070312,251.52999877929688,37168
2025-09-24 18:19:00+00:00,251.7100067138672,251.72000122070312,251.6300048828125,251.63499450683597,43542
2025-09-24 18:20:00+00:00,251.65359497070312,251.7100067138672,251.55999755859372,251.6999969482422,53864
2025-09-24 18:21:00+00:00,251.5800018310547,251.6699981689453,251.5500030517578,251.65499877929688,36906
2025-09-24 18:22:00+00:00,251.7700042724609,251.77999877929688,251.57000732421875,251.5800018310547,23989
2025-09-24 18:23:00+00:00,251.80999755859372,251.83990478515625,251.75,251.77130126953125,29409
2025-09-24 18:24:00+00:00,251.76499938964844,251.83999633789065,251.7400054931641,251.80499267578125,46968
2025-09-24 18:25:00+00:00,251.72999572753903,251.7700042724609,251.6800994873047,251.75999450683597,34584
2025-09-24 18:26:00+00:00,251.6649932861328,251.7400054931641,251.62249755859372,251.72000122070312,23273
2025-09-24 18:27:00+00:00,251.7400054931641,251.7700042724609,251.673095703125,251.67990112304688,22418
2025-09-24 18:28:00+00:00,251.76499938964844,251.77999877929688,251.72000122070312,251.72000122070312,15423
2025-09-24 18:29:00+00:00,251.76499938964844,251.7738037109375,251.7449951171875,251.76499938964844,84385
2025-09-24 18:30:00+00:00,251.7350006103516,251.75,251.69500732421875,251.75,6380
2025-09-24 18:31:00+00:00,251.71969604492188,251.7899932861328,251.71519470214844,251.7250061035156,16918
2025-09-24 18:32:00+00:00,251.66119384765625,251.72129821777344,251.5821990966797,251.72000122070312,35983
2025-09-24 18:33:00+00:00,251.70860290527344,251.7400054931641,251.65499877929688,251.6649932861328,44989
2025-09-24 18:34:00+00:00,251.7050018310547,251.7084045410156,251.68499755859372,251.68499755859372,5199
2025-09-24 18:35:00+00:00,251.6649932861328,251.72999572753903,251.6620941162109,251.6999969482422,35472
2025-09-24 18:36:00+00:00,251.6558990478516,251.6699981689453,251.63360595703125,251.6499938964844,5063
2025-09-24 18:37:00+00:00,251.69500732421875,251.7400054931641,251.6649932861328,251.6649932861328,16162
2025-09-24 18:38:00+00:00,251.72000122070312,251.72999572753903,251.6938018798828,251.69500732421875,12672
2025-09-24 18:39:00+00:00,251.63999938964844,251.7250061035156,251.6300048828125,251.7250061035156,16217
2025-09-24 18:40:00+00:00,251.6300048828125,251.71499633789065,251.6199951171875,251.63999938964844,16783
2025-09-24 18:41:00+00:00,251.5200042724609,251.6313018798828,251.5200042724609,251.61740112304688,21032
2025-09-24 18:42:00+00:00,251.43499755859372,251.50999450683597,251.4199981689453,251.5,43955
2025-09-24 18:43:00+00:00,251.41000366210935,251.42999267578125,251.360107421875,251.42999267578125,24092
2025-09-24 18:44:00+00:00,251.44000244140625,251.47979736328125,251.40499877929688,251.4199981689453,26874
2025-09-24 18:45:00+00:00,251.50999450683597,251.52960205078125,251.44000244140625,251.44500732421875,23032
2025-09-24 18:46:00+00:00,251.5,251.57000732421875,251.4850006103516,251.5,30212
2025-09-24 18:47:00+00:00,251.44000244140625,251.52999877929688,251.41000366210935,251.51870727539065,25855
2025-09-24 18:48:00+00:00,251.3600006103516,251.47000122070312,251.3184051513672,251.44549560546875,30354
2025-09-24 18:49:00+00:00,251.31500244140625,251.33999633789065,251.2655029296875,251.33999633789065,19977
2025-09-24 18:50:00+00:00,251.3350067138672,251.3350067138672,251.25,251.31500244140625,22787
2025-09-24 18:51:00+00:00,251.4600067138672,251.4662933349609,251.30999755859372,251.3350067138672,46218
2025-09-24 18:52:00+00:00,251.5500030517578,251.55999755859372,251.42999267578125,251.4499969482422,34241
2025-09-24 18:53:00+00:00,251.6699981689453,251.67999267578125,251.55999755859372,251.55999755859372,30840
2025-09-24 18:54:00+00:00,251.6300048828125,251.6699981689453,251.5500030517578,251.66290283203125,23087
2025-09-24 18:55:00+00:00,251.6649932861328,251.71499633789065,251.6300048828125,251.63999938964844,27727
2025-09-24 18:56:00+00:00,251.67999267578125,251.6999969482422,251.66000366210935,251.66000366210935,27790
2025-09-24 18:57:00+00:00,251.63999938964844,251.67999267578125,251.625,251.67999267578125,29759
2025-09-24 18:58:00+00:00,251.66000366210935,251.6663055419922,251.58999633789065,251.63499450683597,26850
2025-09-24 18:59:00+00:00,251.7250061035156,251.7350006103516,251.63999938964844,251.6699981689453,27198
2025-09-24 19:00:00+00:00,251.63999938964844,251.76499938964844,251.6000061035156,251.72000122070312,57081
2025-09-24 19:01:00+00:00,251.6100006103516,251.69500732421875,251.6000061035156,251.63999938964844,26087
2025-09-24 19:02:00+00:00,251.4499969482422,251.6499938964844,251.42999267578125,251.6499938964844,34259
2025-09-24 19:03:00+00:00,251.51499938964844,251.54400634765625,251.44000244140625,251.4499053955078,25085
2025-09-24 19:04:00+00:00,251.5050048828125,251.5449981689453,251.47999572753903,251.52999877929688,17707
2025-09-24 19:05:00+00:00,251.42999267578125,251.5449981689453,251.42999267578125,251.5050048828125,50512
2025-09-24 19:06:00+00:00,251.46499633789065,251.4906005859375,251.42999267578125,251.44000244140625,20672
2025-09-24 19:07:00+00:00,251.5,251.50579833984372,251.4600067138672,251.47000122070312,22840
2025-09-24 19:08:00+00:00,251.47000122070312,251.5200042724609,251.44000244140625,251.4900054931641,24872
2025-09-24 19:09:00+00:00,251.4850006103516,251.5157012939453,251.4600067138672,251.46499633789065,23104
2025-09-24 19:10:00+00:00,251.5500030517578,251.57000732421875,251.47000122070312,251.4900054931641,35372
2025-09-24 19:11:00+00:00,251.5,251.5800018310547,251.5,251.5449981689453,30137
2025-09-24 19:12:00+00:00,251.49009704589844,251.50999450683597,251.4499969482422,251.4949951171875,35272
2025-09-24 19:13:00+00:00,251.35499572753903,251.50999450683597,251.35499572753903,251.4900054931641,42372
2025-09-24 19:14:00+00:00,251.3350067138672,251.3699951171875,251.3000030517578,251.3600006103516,32964
2025-09-24 19:15:00+00:00,251.32000732421875,251.3300018310547,251.2400054931641,251.3300018310547,39008
2025-09-24 19:16:00+00:00,251.2949981689453,251.3249969482422,251.27999877929688,251.30999755859372,27520
2025-09-24 19:17:00+00:00,251.3950042724609,251.3950042724609,251.2899932861328,251.2926025390625,29658
2025-09-24 19:18:00+00:00,251.4250030517578,251.4250030517578,251.3350067138672,251.3950042724609,26354
2025-09-24 19:19:00+00:00,251.43499755859372,251.47999572753903,251.4149932861328,251.42999267578125,26615
2025-09-24 19:20:00+00:00,251.4949951171875,251.50999450683597,251.4300994873047,251.44500732421875,41912
2025-09-24 19:21:00+00:00,251.4447021484375,251.5,251.44000244140625,251.49009704589844,28838
2025-09-24 19:22:00+00:00,251.4199981689453,251.46620178222656,251.375,251.44500732421875,28692
2025-09-24 19:23:00+00:00,251.45599365234372,251.4600067138672,251.3800048828125,251.42999267578125,38711
2025-09-24 19:24:00+00:00,251.4250030517578,251.4600067138672,251.41000366210935,251.4550018310547,19800
2025-09-24 19:25:00+00:00,251.3600006103516,251.42100524902344,251.3000030517578,251.42100524902344,34827
2025-09-24 19:26:00+00:00,251.33999633789065,251.375,251.32000732421875,251.34500122070312,25089
2025-09-24 19:27:00+00:00,251.3800048828125,251.38999938964844,251.30999755859372,251.33999633789065,25088
2025-09-24 19:28:00+00:00,251.3800048828125,251.38499450683597,251.33999633789065,251.3699951171875,21540
2025-09-24 19:29:00+00:00,251.38999938964844,251.46499633789065,251.3600006103516,251.38999938964844,35210
2025-09-24 19:30:00+00:00,251.3650054931641,251.40989685058597,251.3300018310547,251.38999938964844,27940
2025-09-24 19:31:00+00:00,251.3350067138672,251.3800048828125,251.33009338378903,251.3600006103516,26559
2025-09-24 19:32:00+00:00,251.375,251.375,251.3000030517578,251.3401031494141,36713
2025-09-24 19:33:00+00:00,251.43299865722656,251.4499969482422,251.34500122070312,251.375,44543
2025-09-24 19:34:00+00:00,251.44400024414065,251.4499969482422,251.3699951171875,251.42999267578125,34900
2025-09-24 19:35:00+00:00,251.33009338378903,251.4499969482422,251.3000030517578,251.4300994873047,34230
2025-09-24 19:36:00+00:00,251.38499450683597,251.4093017578125,251.30499267578125,251.3300018310547,21997
2025-09-24 19:37:00+00:00,251.3999938964844,251.40499877929688,251.33999633789065,251.3800048828125,26085
2025-09-24 19:38:00+00:00,251.38499450683597,251.42999267578125,251.3800048828125,251.39280700683597,26018
2025-09-24 19:39:00+00:00,251.3350067138672,251.3999938964844,251.2899932861328,251.393798828125,34086
2025-09-24 19:40:00+00:00,251.40989685058597,251.42999267578125,251.3249969482422,251.3350067138672,42869
2025-09-24 19:41:00+00:00,251.4149932861328,251.4900054931641,251.3950042724609,251.3999938964844,45244
2025-09-24 19:42:00+00:00,251.44000244140625,251.4499969482422,251.3600006103516,251.41000366210935,28761
2025-09-24 19:43:00+00:00,251.4949951171875,251.51499938964844,251.3999938964844,251.42999267578125,44543
2025-09-24 19:44:00+00:00,251.5399932861328,251.5399932861328,251.47999572753903,251.4949951171875,25309
2025-09-24 19:45:00+00:00,251.4949951171875,251.6100006103516,251.48399353027344,251.53500366210935,66314
2025-09-24 19:46:00+00:00,251.625,251.63499450683597,251.4969940185547,251.5,63576
2025-09-24 19:47:00+00:00,251.7899932861328,251.82000732421875,251.625,251.625,55326
2025-09-24 19:48:00+00:00,251.75999450683597,251.87989807128903,251.6999969482422,251.78390502929688,78392
2025-09-24 19:49:00+00:00,251.93099975585935,251.9600067138672,251.75999450683597,251.7700042724609,85343
2025-09-24 19:50:00+00:00,252.27110290527344,252.41000366210935,251.9199981689453,251.9199981689453,218238
2025-09-24 19:51:00+00:00,252.32000732421875,252.4499969482422,252.1999969482422,252.28070068359372,132190
2025-09-24 19:52:00+00:00,252.26499938964844,252.3699951171875,252.26499938964844,252.30999755859372,84877
2025-09-24 19:53:00+00:00,252.3300018310547,252.38999938964844,252.2534942626953,252.2700042724609,106256
2025-09-24 19:54:00+00:00,252.30999755859372,252.4600067138672,252.25,252.32000732421875,144048
2025-09-24 19:55:00+00:00,252.0850067138672,252.4900054931641,252.06500244140625,252.30999755859372,201641
2025-09-24 19:56:00+00:00,252.05499267578125,252.1649932861328,252.02999877929688,252.0800018310547,113203
2025-09-24 19:57:00+00:00,252.2700042724609,252.30999755859372,252.02999877929688,252.05999755859372,170842
2025-09-24 19:58:00+00:00,252.2899932861328,252.30999755859372,252.25900268554688,252.2700042724609,9372339
2025-09-24 19:59:00+00:00,252.2400054931641,252.32000732421875,252.1699981689453,252.2949981689453,0
2025-09-25 13:30:00+00:00,252.69009399414065,254.2899932861328,252.50010681152344,253.2050018310547,1465629
2025-09-25 13:31:00+00:00,252.44500732421875,252.75,251.97000122070312,252.6999969482422,244961
2025-09-25 13:32:00+00:00,252.22999572753903,252.97999572753903,252.1501007080078,252.47999572753903,220642
2025-09-25 13:33:00+00:00,252.5500030517578,252.8300018310547,252.19000244140625,252.3000030517578,169338
2025-09-25 13:34:00+00:00,252.0200042724609,252.6000061035156,251.97999572753903,252.57000732421875,172400
2025-09-25 13:35:00+00:00,252.1499938964844,252.2899932861328,251.7120056152344,252.0301055908203,278820
2025-09-25 13:36:00+00:00,252.6150054931641,252.75,252.16000366210935,252.16000366210935,158678
2025-09-25 13:37:00+00:00,253.1499938964844,253.2100067138672,252.4900054931641,252.625,305652
2025-09-25 13:38:00+00:00,252.95559692382807,253.33999633789065,252.8300018310547,253.1741943359375,199743
2025-09-25 13:39:00+00:00,252.8999938964844,253.16000366210935,252.6000061035156,252.9600067138672,138726
2025-09-25 13:40:00+00:00,252.27999877929688,252.9600067138672,252.2400054931641,252.89529418945312,185336
2025-09-25 13:41:00+00:00,252.0399932861328,252.49989318847656,252.00999450683597,252.2749938964844,103111
2025-09-25 13:42:00+00:00,252.2599029541016,252.2700042724609,251.8401031494141,252.0399932861328,137312
2025-09-25 13:43:00+00:00,252.8350067138672,252.9185943603516,252.22000122070312,252.2700042724609,147649
2025-09-25 13:44:00+00:00,252.7100067138672,252.94000244140625,252.5711975097656,252.8600006103516,141145
2025-09-25 13:45:00+00:00,252.72000122070312,252.72000122070312,252.67999267578125,252.67999267578125,147859
2025-09-25 13:46:00+00:00,253.0,253.1699981689453,252.7068023681641,252.71499633789065,83834
2025-09-25 13:47:00+00:00,253.25,253.42999267578125,252.91000366210935,252.96499633789065,147784
2025-09-25 13:48:00+00:00,253.0249938964844,253.22999572753903,252.89010620117188,253.22999572753903,143002
2025-09-25 13:49:00+00:00,253.13999938964844,253.33999633789065,252.9875030517578,252.9900054931641,211586
2025-09-25 13:50:00+00:00,253.6002960205078,253.7350006103516,253.1100006103516,253.1499938964844,152408
2025-09-25 13:51:00+00:00,253.4900054931641,253.9199981689453,253.47000122070312,253.6300048828125,189033
2025-09-25 13:52:00+00:00,253.25,253.6000061035156,253.1999969482422,253.4850006103516,87346
2025-09-25 13:53:00+00:00,253.0455017089844,253.27999877929688,252.7801055908203,253.27999877929688,122598
2025-09-25 13:54:00+00:00,252.83999633789065,253.07989501953125,252.8000030517578,253.02999877929688,65404
2025-09-25 13:55:00+00:00,252.75999450683597,252.88999938964844,252.6499938964844,252.83999633789065,69569
2025-09-25 13:56:00+00:00,252.7765045166016,252.7899932861328,252.6199951171875,252.76080322265625,62777
2025-09-25 13:57:00+00:00,252.6750030517578,252.76499938964844,252.47000122070312,252.76499938964844,90862
2025-09-25 13:58:00+00:00,252.1000061035156,252.7400054931641,252.0500030517578,252.72000122070312,143389
2025-09-25 13:59:00+00:00,252.30999755859372,252.33999633789065,251.97000122070312,252.0800018310547,124974
2025-09-25 14:00:00+00:00,252.6000061035156,252.6199951171875,252.1199951171875,252.30999755859372,166308
2025-09-25 14:01:00+00:00,252.47999572753903,252.67999267578125,252.22000122070312,252.6300048828125,86927
2025-09-25 14:02:00+00:00,252.7200927734375,252.88999938964844,252.42999267578125,252.5,198412
2025-09-25 14:03:00+00:00,252.9897003173828,253.0950927734375,252.57000732421875,252.75,176333
2025-09-25 14:04:00+00:00,253.1150054931641,253.22000122070312,252.91000366210935,253.0,91189
2025-09-25 14:05:00+00:00,253.6999969482422,253.72999572753903,253.10150146484372,253.1199951171875,125253
2025-09-25 14:06:00+00:00,253.625,253.8368988037109,253.6082000732422,253.7073974609375,101207
2025-09-25 14:07:00+00:00,253.38400268554688,253.77999877929688,253.3699951171875,253.625,89613
2025-09-25 14:08:00+00:00,253.3800048828125,253.5449981689453,253.3000030517578,253.38009643554688,77690
2025-09-25 14:09:00+00:00,253.46499633789065,253.50999450683597,253.3699951171875,253.38999938964844,49342
2025-09-25 14:10:00+00:00,253.70919799804688,253.75,253.29299926757807,253.4788055419922,66376
2025-09-25 14:11:00+00:00,253.63999938964844,253.8000030517578,253.6100006103516,253.7350006103516,84292
2025-09-25 14:12:00+00:00,253.5850067138672,253.77999877929688,253.55999755859372,253.66000366210935,3059282
2025-09-25 14:13:00+00:00,253.7429962158203,253.8300018310547,253.55999755859372,253.5850067138672,0
2025-09-25 14:14:00+00:00,253.58999633789065,253.8000030517578,253.5500030517578,253.75,65859
2025-09-25 14:15:00+00:00,253.4750061035156,253.75,253.44000244140625,253.6000061035156,60844
2025-09-25 14:16:00+00:00,253.3999938964844,253.5998992919922,253.3500061035156,253.46470642089844,45001
2025-09-25 14:17:00+00:00,253.09500122070312,253.38999938964844,253.0800018310547,253.37680053710935,80636
2025-09-25 14:18:00+00:00,253.3999938964844,253.4199981689453,253.08999633789065,253.08999633789065,73319
2025-09-25 14:19:00+00:00,253.4499969482422,253.65159606933597,253.33999633789065,253.3999938964844,61697
2025-09-25 14:20:00+00:00,253.5800018310547,253.75,253.4499969482422,253.4900054931641,80523
2025-09-25 14:21:00+00:00,253.7350006103516,253.77999877929688,253.5500030517578,253.58999633789065,79156
2025-09-25 14:22:00+00:00,253.8300018310547,253.8999938964844,253.7100067138672,253.72999572753903,57733
2025-09-25 14:23:00+00:00,253.8999938964844,253.97000122070312,253.7700958251953,253.8500061035156,83571
2025-09-25 14:24:00+00:00,253.9900054931641,254.0800018310547,253.8701019287109,253.8999938964844,85304
2025-09-25 14:25:00+00:00,253.76690673828125,254.0399932861328,253.75,253.99989318847656,79999
2025-09-25 14:26:00+00:00,253.8500061035156,253.87989807128903,253.7386016845703,253.7700042724609,67751
2025-09-25 14:27:00+00:00,254.0850067138672,254.1199951171875,253.860107421875,253.8800048828125,90728
2025-09-25 14:28:00+00:00,253.8600006103516,254.11990356445312,253.8509979248047,254.0749969482422,73571
2025-09-25 14:29:00+00:00,254.0,254.0500030517578,253.7700042724609,253.91000366210935,66595
2025-09-25 14:30:00+00:00,254.0399932861328,254.1000061035156,253.860107421875,254.00010681152344,65880
2025-09-25 14:31:00+00:00,253.8500061035156,254.07000732421875,253.82000732421875,254.02040100097656,52597
2025-09-25 14:32:00+00:00,253.86990356445312,254.1387939453125,253.80999755859372,253.8699951171875,56995
2025-09-25 14:33:00+00:00,253.8500061035156,253.8885040283203,253.69000244140625,253.8699951171875,46232
2025-09-25 14:34:00+00:00,254.00999450683597,254.12530517578125,253.82000732421875,253.83999633789065,71704
2025-09-25 14:35:00+00:00,253.82000732421875,254.00999450683597,253.7749938964844,254.00999450683597,54684
2025-09-25 14:36:00+00:00,253.8800048828125,253.89059448242188,253.72000122070312,253.8300018310547,42876
2025-09-25 14:37:00+00:00,253.7550048828125,253.9485015869141,253.72999572753903,253.8699951171875,45462
2025-09-25 14:38:00+00:00,253.77999877929688,253.8600006103516,253.7250061035156,253.75,57487
2025-09-25 14:39:00+00:00,253.66000366210935,253.7998962402344,253.6100006103516,253.7700958251953,37158
2025-09-25 14:40:00+00:00,253.39010620117188,253.6699066162109,253.3699951171875,253.65499877929688,66286
2025-09-25 14:41:00+00:00,253.18499755859372,253.4199981689453,253.1750030517578,253.41009521484372,75328
2025-09-25 14:42:00+00:00,253.27999877929688,253.3000030517578,253.1199951171875,253.17599487304688,48505
2025-09-25 14:43:00+00:00,253.22999572753903,253.2998962402344,253.1696014404297,253.29440307617188,44000
2025-09-25 14:44:00+00:00,253.26400756835935,253.3300018310547,253.16000366210935,253.22999572753903,52137
2025-09-25 14:45:00+00:00,253.1999969482422,253.27670288085935,253.1100006103516,253.25999450683597,48623
2025-09-25 14:46:00+00:00,253.0500030517578,253.2245941162109,253.0500030517578,253.1999969482422,39202
2025-09-25 14:47:00+00:00,253.27999877929688,253.32989501953125,253.0500030517578,253.05999755859372,55829
2025-09-25 14:48:00+00:00,253.3009033203125,253.4499969482422,253.25,253.3000030517578,84015
2025-09-25 14:49:00+00:00,253.44009399414065,253.48989868164065,253.25999450683597,253.31500244140625,36398
2025-09-25 14:50:00+00:00,253.18499755859372,253.4698944091797,253.16009521484372,253.4698944091797,51560
2025-09-25 14:51:00+00:00,253.05999755859372,253.3199005126953,253.05470275878903,253.1999969482422,51280
2025-09-25 14:52:00+00:00,253.2100067138672,253.22000122070312,253.02999877929688,253.07000732421875,44214
2025-09-25 14:53:00+00:00,253.1450042724609,253.22000122070312,253.0500030517578,253.21499633789065,47068
2025-09-25 14:54:00+00:00,253.2736053466797,253.3498992919922,253.1300048828125,253.1300048828125,40982
2025-09-25 14:55:00+00:00,253.6605987548828,253.6898956298828,253.2364959716797,253.25,78431
2025-09-25 14:56:00+00:00,253.6699981689453,253.75,253.6499938964844,253.6649932861328,73018
2025-09-25 14:57:00+00:00,253.6945953369141,253.6945953369141,253.5500030517578,253.6699981689453,63549
2025-09-25 14:58:00+00:00,253.7100067138672,253.79330444335935,253.610107421875,253.6999969482422,58537
2025-09-25 14:59:00+00:00,253.67999267578125,253.7700042724609,253.6499938964844,253.72000122070312,33595
2025-09-25 15:00:00+00:00,253.65499877929688,253.83999633789065,253.63009643554688,253.69000244140625,49796
2025-09-25 15:01:00+00:00,253.63999938964844,253.78500366210935,253.6300048828125,253.64599609375,4618184
2025-09-25 15:02:00+00:00,253.6645965576172,253.74989318847656,253.58999633789065,253.6450042724609,0
2025-09-25 15:03:00+00:00,253.3800048828125,253.71429443359372,253.3300018310547,253.6699981689453,56067
2025-09-25 15:04:00+00:00,253.5800018310547,253.5800018310547,253.33999633789065,253.41000366210935,32748
2025-09-25 15:05:00+00:00,253.6000061035156,253.6499938964844,253.52560424804688,253.5850067138672,40518
2025-09-25 15:06:00+00:00,253.41000366210935,253.6000061035156,253.41000366210935,253.6000061035156,34287
2025-09-25 15:07:00+00:00,253.26499938964844,253.47000122070312,253.14089965820312,253.3999938964844,71122
2025-09-25 15:08:00+00:00,253.2140045166016,253.3032073974609,253.1499938964844,253.26499938964844,49165
2025-09-25 15:09:00+00:00,253.24009704589844,253.3000030517578,253.1641998291016,253.20599365234372,32268
2025-09-25 15:10:00+00:00,253.1300048828125,253.29440307617188,253.11050415039065,253.25999450683597,34018
2025-09-25 15:11:00+00:00,253.3227996826172,253.38999938964844,253.1300048828125,253.1300048828125,45000
2025-09-25 15:12:00+00:00,253.38999938964844,253.38999938964844,253.25010681152344,253.32000732421875,34278
2025-09-25 15:13:00+00:00,253.41050720214844,253.47000122070312,253.3500061035156,253.3600006103516,41220
2025-09-25 15:14:00+00:00,253.6000061035156,253.6699981689453,253.3999938964844,253.4499969482422,66235
2025-09-25 15:15:00+00:00,253.6199951171875,253.63999938964844,253.5200042724609,253.60499572753903,43310
2025-09-25 15:16:00+00:00,253.91000366210935,253.91000366210935,253.6300048828125,253.6300048828125,84603
2025-09-25 15:17:00+00:00,253.91000366210935,254.00999450683597,253.83999633789065,253.8999938964844,83619
2025-09-25 15:18:00+00:00,253.8999938964844,253.94219970703125,253.75999450683597,253.92990112304688,51520
2025-09-25 15:19:00+00:00,253.97000122070312,253.9850006103516,253.8650054931641,253.91000366210935,58927
2025-09-25 15:20:00+00:00,254.0500030517578,254.07000732421875,253.8699951171875,253.9716033935547,70960
2025-09-25 15:21:00+00:00,254.01499938964844,254.1300048828125,254.0,254.0500030517578,62742
2025-09-25 15:22:00+00:00,253.9499969482422,254.0500030517578,253.9199981689453,254.0500030517578,53810
2025-09-25 15:23:00+00:00,254.00030517578125,254.0500030517578,253.9750061035156,253.97999572753903,27492
2025-09-25 15:24:00+00:00,253.91000366210935,254.0162048339844,253.8401031494141,254.0162048339844,75713
2025-09-25 15:25:00+00:00,253.8603057861328,253.91830444335935,253.77999877929688,253.91830444335935,52742
2025-09-25 15:26:00+00:00,253.58580017089844,253.91000366210935,253.57000732421875,253.875,55698
2025-09-25 15:27:00+00:00,253.47999572753903,253.6074981689453,253.4499969482422,253.59979248046875,36333
2025-09-25 15:28:00+00:00,253.32249450683597,253.49009704589844,253.3000030517578,253.4700927734375,44819
2025-09-25 15:29:00+00:00,253.50010681152344,253.6499938964844,253.2700042724609,253.3231964111328,62954
2025-09-25 15:30:00+00:00,253.62440490722656,253.72560119628903,253.4900054931641,253.50010681152344,36163
2025-09-25 15:31:00+00:00,253.52999877929688,253.6199951171875,253.42999267578125,253.6199951171875,48513
2025-09-25 15:32:00+00:00,253.5399932861328,253.58999633789065,253.4600982666016,253.5500030517578,27450
2025-09-25 15:33:00+00:00,253.5500030517578,253.5800018310547,253.4600067138672,253.5,22061
2025-09-25 15:34:00+00:00,253.6100006103516,253.67999267578125,253.5205993652344,253.52999877929688,28697
2025-09-25 15:35:00+00:00,253.50999450683597,253.6499938964844,253.50320434570312,253.6150054931641,33365
2025-09-25 15:36:00+00:00,253.31759643554688,253.5,253.29080200195312,253.5,42442
2025-09-25 15:37:00+00:00,253.33999633789065,253.36349487304688,253.29010009765625,253.32000732421875,35100
2025-09-25 15:38:00+00:00,253.3699951171875,253.4644012451172,253.31700134277344,253.3531036376953,40831
2025-09-25 15:39:00+00:00,253.3000030517578,253.3800048828125,253.22000122070312,253.3650054931641,38718
2025-09-25 15:40:00+00:00,253.25149536132807,253.3603057861328,253.25149536132807,253.3000030517578,26752
2025-09-25 15:41:00+00:00,253.3000030517578,253.39280700683597,253.1999969482422,253.25,39775
2025-09-25 15:42:00+00:00,253.32000732421875,253.47999572753903,253.3000030517578,253.30999755859372,40638
2025-09-25 15:43:00+00:00,253.63720703125,253.63720703125,253.33999633789065,253.33999633789065,47032
2025-09-25 15:44:00+00:00,253.8600006103516,253.91000366210935,253.6000061035156,253.6199951171875,79901
2025-09-25 15:45:00+00:00,253.781005859375,253.8719940185547,253.6300048828125,253.85499572753903,64403
2025-09-25 15:46:00+00:00,253.7700958251953,253.85989379882807,253.69500732421875,253.85989379882807,36709
2025-09-25 15:47:00+00:00,253.6790008544922,253.77999877929688,253.6501007080078,253.7700042724609,29338
2025-09-25 15:48:00+00:00,253.5,253.69039916992188,253.4900054931641,253.69000244140625,26143
2025-09-25 15:49:00+00:00,253.3950042724609,253.5299072265625,253.3500061035156,253.4900054931641,25017
2025-09-25 15:50:00+00:00,253.375,253.42970275878903,253.3000030517578,253.3800048828125,36683
2025-09-25 15:51:00+00:00,253.38999938964844,253.4199981689453,253.33999633789065,253.375,36265
2025-09-25 15:52:00+00:00,253.30990600585935,253.47259521484372,253.2250061035156,253.38999938964844,51017
2025-09-25 15:53:00+00:00,253.1450042724609,253.34500122070312,253.13479614257807,253.30999755859372,41586
2025-09-25 15:54:00+00:00,253.1100006103516,253.239501953125,253.1100006103516,253.14739990234372,50184
2025-09-25 15:55:00+00:00,253.2346954345703,253.26499938964844,253.1199951171875,253.1199951171875,43984
2025-09-25 15:56:00+00:00,253.07000732421875,253.24989318847656,253.07000732421875,253.2449951171875,46643
2025-09-25 15:57:00+00:00,253.03990173339844,253.09649658203125,252.9900054931641,253.0677947998047,56882
2025-09-25 15:58:00+00:00,252.94000244140625,253.0500030517578,252.92010498046875,253.00999450683597,55615
2025-09-25 15:59:00+00:00,252.88499450683597,252.97000122070312,252.8300018310547,252.9499969482422,39875
2025-09-25 16:00:00+00:00,252.9604034423828,252.9900054931641,252.82000732421875,252.87559509277344,41957
2025-09-25 16:01:00+00:00,252.7200927734375,252.9499969482422,252.7200927734375,252.94000244140625,44772
2025-09-25 16:02:00+00:00,252.7444000244141,252.83999633789065,252.7292938232422,252.7292938232422,63915
2025-09-25 16:03:00+00:00,252.7400054931641,252.83999633789065,252.6999969482422,252.7440948486328,57862
2025-09-25 16:04:00+00:00,252.83999633789065,252.83999633789065,252.7700042724609,252.7700042724609,26323
2025-09-25 16:05:00+00:00,252.6999969482422,252.8500061035156,252.6499938964844,252.80999755859372,42665
2025-09-25 16:06:00+00:00,252.72999572753903,252.802001953125,252.67010498046875,252.70989990234372,27721
2025-09-25 16:07:00+00:00,252.6499938964844,252.72000122070312,252.6049041748047,252.72000122070312,31116
2025-09-25 16:08:00+00:00,252.6199951171875,252.67999267578125,252.5800018310547,252.63999938964844,39587
2025-09-25 16:09:00+00:00,252.6000061035156,252.63999938964844,252.58999633789065,252.6269073486328,24837
2025-09-25 16:10:00+00:00,252.6199951171875,252.6499938964844,252.5500030517578,252.6000061035156,5730994
2025-09-25 16:11:00+00:00,252.5749969482422,252.7400054931641,252.52999877929688,252.6199951171875,0
2025-09-25 16:12:00+00:00,252.6199951171875,252.6300048828125,252.5399932861328,252.5749969482422,42494
2025-09-25 16:13:00+00:00,252.6000061035156,252.6898956298828,252.59500122070312,252.625,29674
2025-09-25 16:14:00+00:00,252.55499267578125,252.6300048828125,252.5399932861328,252.6100006103516,46771
2025-09-25 16:15:00+00:00,252.6000061035156,252.75999450683597,252.50999450683597,252.55499267578125,58645
2025-09-25 16:16:00+00:00,252.5279998779297,252.65499877929688,252.5,252.58009338378903,34506
2025-09-25 16:17:00+00:00,252.47999572753903,252.6499938964844,252.4600067138672,252.5449981689453,57388
2025-09-25 16:18:00+00:00,252.38009643554688,252.54269409179688,252.3800048828125,252.48309326171875,32837
2025-09-25 16:19:00+00:00,252.44000244140625,252.47999572753903,252.3600006103516,252.3999938964844,30425
2025-09-25 16:20:00+00:00,252.50999450683597,252.5189971923828,252.3800048828125,252.4199981689453,49047
2025-09-25 16:21:00+00:00,252.3950042724609,252.5249938964844,252.37440490722656,252.50999450683597,33674
2025-09-25 16:22:00+00:00,252.3699951171875,252.4403076171875,252.3000030517578,252.3950042724609,53636
2025-09-25 16:23:00+00:00,252.3300018310547,252.47000122070312,252.32000732421875,252.3699951171875,38397
2025-09-25 16:24:00+00:00,252.4705047607422,252.4705047607422,252.3300018310547,252.33999633789065,29389
2025-09-25 16:25:00+00:00,252.69000244140625,252.6999969482422,252.4604949951172,252.47000122070312,65073
2025-09-25 16:26:00+00:00,252.4900054931641,252.67990112304688,252.41000366210935,252.66549682617188,47382
2025-09-25 16:27:00+00:00,252.5200042724609,252.58999633789065,252.4801025390625,252.5050048828125,28250
2025-09-25 16:28:00+00:00,252.4149932861328,252.6000061035156,252.41200256347656,252.5500030517578,28353
2025-09-25 16:29:00+00:00,252.53030395507807,252.55999755859372,252.41000366210935,252.42999267578125,39494
2025-09-25 16:30:00+00:00,252.77549743652344,252.78500366210935,252.5,252.5399932861328,65751
2025-09-25 16:31:00+00:00,252.82200622558597,252.83999633789065,252.7400054931641,252.78500366210935,40026
2025-09-25 16:32:00+00:00,252.94000244140625,252.94000244140625,252.82000732421875,252.8426055908203,41031
2025-09-25 16:33:00+00:00,252.7998962402344,252.9600067138672,252.72560119628903,252.92999267578125,55947
2025-09-25 16:34:00+00:00,252.91000366210935,252.94000244140625,252.7949981689453,252.83639526367188,33375
2025-09-25 16:35:00+00:00,252.91000366210935,252.9398956298828,252.8842010498047,252.90069580078125,40077
2025-09-25 16:36:00+00:00,252.9250030517578,252.9550018310547,252.8999938964844,252.92999267578125,31588
2025-09-25 16:37:00+00:00,253.06500244140625,253.0800018310547,252.91000366210935,252.93490600585935,60115
2025-09-25 16:38:00+00:00,253.0800018310547,253.0800018310547,253.0,253.05999755859372,46133
2025-09-25 16:39:00+00:00,252.960205078125,253.1000061035156,252.94000244140625,253.07000732421875,30955
2025-09-25 16:40:00+00:00,252.85650634765625,252.97999572753903,252.8000030517578,252.9600067138672,42768
2025-09-25 16:41:00+00:00,252.8699951171875,252.9123992919922,252.8500061035156,252.8699951171875,20882
2025-09-25 16:42:00+00:00,253.2400054931641,253.25999450683597,252.860107421875,252.88999938964844,46715
2025-09-25 16:43:00+00:00,253.32000732421875,253.3209991455078,253.17999267578125,253.22999572753903,51680
2025-09-25 16:44:00+00:00,253.2689971923828,253.3527069091797,253.25,253.3300018310547,35485
2025-09-25 16:45:00+00:00,253.2449951171875,253.30999755859372,253.24009704589844,253.2550048828125,35957
2025-09-25 16:46:00+00:00,253.3300018310547,253.3600006103516,253.22000122070312,253.25,40207
2025-09-25 16:47:00+00:00,253.2100067138672,253.35989379882807,253.19000244140625,253.33999633789065,35519
2025-09-25 16:48:00+00:00,253.19000244140625,253.2400054931641,253.1201019287109,253.23370361328125,24024
2025-09-25 16:49:00+00:00,253.10499572753903,253.2053985595703,253.0446929931641,253.19500732421875,35086
2025-09-25 16:50:00+00:00,253.16000366210935,253.2294006347656,253.09500122070312,253.09500122070312,21752
2025-09-25 16:51:00+00:00,253.1100006103516,253.16000366210935,253.08999633789065,253.16000366210935,25527
2025-09-25 16:52:00+00:00,253.1300048828125,253.17999267578125,253.08999633789065,253.1000061035156,24421
2025-09-25 16:53:00+00:00,253.06500244140625,253.1999969482422,253.06500244140625,253.1300048828125,39039
2025-09-25 16:54:00+00:00,253.0800018310547,253.10499572753903,252.9976043701172,253.0500030517578,25891
2025-09-25 16:55:00+00:00,253.2100067138672,253.2622985839844,253.0886993408203,253.1154937744141,24121
2025-09-25 16:56:00+00:00,253.2400054931641,253.27999877929688,253.16000366210935,253.19000244140625,27887
2025-09-25 16:57:00+00:00,253.25,253.32000732421875,253.2400054931641,253.25,24647
2025-09-25 16:58:00+00:00,253.3000030517578,253.3000030517578,253.2400054931641,253.25,45578
2025-09-25 16:59:00+00:00,253.22999572753903,253.3600006103516,253.22999572753903,253.30999755859372,52405
2025-09-25 17:00:00+00:00,253.3999938964844,253.4416046142578,253.22999572753903,253.22999572753903,57570
2025-09-25 17:01:00+00:00,253.52999877929688,253.55990600585935,253.38999938964844,253.3999938964844,73249
2025-09-25 17:02:00+00:00,253.52999877929688,253.57139587402344,253.4600067138672,253.5500030517578,47715
2025-09-25 17:03:00+00:00,253.5749053955078,253.6000061035156,253.51010131835935,253.5399932861328,25628
2025-09-25 17:04:00+00:00,253.6226043701172,253.64990234375,253.5800018310547,253.5800018310547,31006
2025-09-25 17:05:00+00:00,253.7899932861328,253.8000030517578,253.59979248046875,253.6100006103516,99677
2025-09-25 17:06:00+00:00,253.6999969482422,253.8376007080078,253.67999267578125,253.7899932861328,59741
2025-09-25 17:07:00+00:00,253.61700439453125,253.7252960205078,253.57000732421875,253.7100067138672,48366
2025-09-25 17:08:00+00:00,253.80999755859372,253.8800048828125,253.6100006103516,253.6100006103516,54074
2025-09-25 17:09:00+00:00,253.7534942626953,253.80999755859372,253.6737060546875,253.80999755859372,38632
2025-09-25 17:10:00+00:00,253.7100067138672,253.7700042724609,253.63999938964844,253.75,43573
2025-09-25 17:11:00+00:00,253.58999633789065,253.7100067138672,253.5431060791016,253.7100067138672,43153
2025-09-25 17:12:00+00:00,253.68780517578125,253.69000244140625,253.58009338378903,253.6000061035156,30227
2025-09-25 17:13:00+00:00,253.67999267578125,253.70599365234372,253.6300048828125,253.6699981689453,32046
2025-09-25 17:14:00+00:00,253.72999572753903,253.7899932861328,253.55999755859372,253.6699981689453,69492
2025-09-25 17:15:00+00:00,253.68499755859372,253.7400054931641,253.6100006103516,253.72999572753903,6978454
2025-09-25 17:16:00+00:00,253.77999877929688,253.83999633789065,253.63999938964844,253.68359375,0
2025-09-25 17:17:00+00:00,253.82000732421875,253.875,253.7100982666016,253.75,28800
2025-09-25 17:18:00+00:00,253.7471923828125,253.8300018310547,253.67999267578125,253.8300018310547,34344
2025-09-25 17:19:00+00:00,253.55999755859372,253.75999450683597,253.55499267578125,253.75,31978
2025-09-25 17:20:00+00:00,253.3699951171875,253.5699005126953,253.3699951171875,253.55499267578125,35823
2025-09-25 17:21:00+00:00,253.1499938964844,253.3800048828125,253.1199951171875,253.3800048828125,72945
2025-09-25 17:22:00+00:00,253.22999572753903,253.2700042724609,253.125,253.1499938964844,57316
2025-09-25 17:23:00+00:00,253.21499633789065,253.3424072265625,253.19000244140625,253.22999572753903,36041
2025-09-25 17:24:00+00:00,253.1999969482422,253.28500366210935,253.19000244140625,253.22000122070312,44946
2025-09-25 17:25:00+00:00,253.3300018310547,253.4485015869141,253.1699981689453,253.1999969482422,54059
2025-09-25 17:26:00+00:00,253.38999938964844,253.42999267578125,253.30499267578125,253.3300018310547,32539
2025-09-25 17:27:00+00:00,253.44500732421875,253.5500030517578,253.3739013671875,253.375,32040
2025-09-25 17:28:00+00:00,253.4600067138672,253.59019470214844,253.42999267578125,253.46180725097656,54742
2025-09-25 17:29:00+00:00,253.5,253.5399932861328,253.4176025390625,253.44000244140625,26636
2025-09-25 17:30:00+00:00,253.51499938964844,253.5500030517578,253.42999267578125,253.4900054931641,48473
2025-09-25 17:31:00+00:00,253.4499969482422,253.60499572753903,253.44000244140625,253.52999877929688,36131
2025-09-25 17:32:00+00:00,253.40499877929688,253.4900054931641,253.375,253.4550018310547,20485
2025-09-25 17:33:00+00:00,253.5200042724609,253.55990600585935,253.41099548339844,253.4199981689453,25704
2025-09-25 17:34:00+00:00,253.5399932861328,253.55999755859372,253.4600067138672,253.5200042724609,27796
2025-09-25 17:35:00+00:00,253.47999572753903,253.54640197753903,253.4250030517578,253.5200958251953,23450
2025-09-25 17:36:00+00:00,253.4600067138672,253.4900054931641,253.38499450683597,253.4830017089844,23043
2025-09-25 17:37:00+00:00,253.3999938964844,253.5249938964844,253.36099243164065,253.47999572753903,25211
2025-09-25 17:38:00+00:00,253.50999450683597,253.52999877929688,253.4199981689453,253.47000122070312,22876
2025-09-25 17:39:00+00:00,253.31500244140625,253.52999877929688,253.2749938964844,253.5200042724609,21682
2025-09-25 17:40:00+00:00,253.3000030517578,253.3500061035156,253.2550048828125,253.30999755859372,17226
2025-09-25 17:41:00+00:00,253.3999938964844,253.41000366210935,253.2700042724609,253.30999755859372,21338
2025-09-25 17:42:00+00:00,253.4010009765625,253.4698944091797,253.3699951171875,253.3999938964844,23936
2025-09-25 17:43:00+00:00,253.38999938964844,253.4900054931641,253.33999633789065,253.3999938964844,28751
2025-09-25 17:44:00+00:00,253.3300018310547,253.42999267578125,253.2801055908203,253.4199981689453,44328
2025-09-25 17:45:00+00:00,253.36349487304688,253.375,253.30999755859372,253.33999633789065,29437
2025-09-25 17:46:00+00:00,253.5,253.50999450683597,253.2899932861328,253.3600006103516,27977
2025-09-25 17:47:00+00:00,253.58270263671875,253.5998992919922,253.42889404296875,253.47999572753903,19848
2025-09-25 17:48:00+00:00,253.57940673828125,253.6999969482422,253.5500030517578,253.5800018310547,41246
2025-09-25 17:49:00+00:00,253.52940368652344,253.6100006103516,253.5135040283203,253.5800018310547,27406
2025-09-25 17:50:00+00:00,253.5301055908203,253.6000061035156,253.4900054931641,253.5200042724609,26552
2025-09-25 17:51:00+00:00,253.53509521484372,253.57000732421875,253.47000122070312,253.55999755859372,19319
2025-09-25 17:52:00+00:00,253.58999633789065,253.5950927734375,253.4949951171875,253.55999755859372,27659
2025-09-25 17:53:00+00:00,253.5800018310547,253.68499755859372,253.55999755859372,253.58999633789065,40749
2025-09-25 17:54:00+00:00,253.57620239257807,253.6499938964844,253.55999755859372,253.5612030029297,32921
2025-09-25 17:55:00+00:00,253.6150054931641,253.6300048828125,253.5500030517578,253.57009887695312,46668
2025-09-25 17:56:00+00:00,253.47999572753903,253.6110992431641,253.47999572753903,253.6110992431641,30907
2025-09-25 17:57:00+00:00,253.3699951171875,253.46499633789065,253.3600006103516,253.4550018310547,25245
2025-09-25 17:58:00+00:00,253.22999572753903,253.43499755859372,253.1761932373047,253.375,38125
2025-09-25 17:59:00+00:00,253.2100067138672,253.27999877929688,253.16009521484372,253.24679565429688,36721
2025-09-25 18:00:00+00:00,253.0200042724609,253.2250061035156,252.97000122070312,253.2100067138672,47011
2025-09-25 18:01:00+00:00,253.01499938964844,253.1100006103516,252.9900054931641,253.00059509277344,30985
2025-09-25 18:02:00+00:00,252.9600067138672,253.07000732421875,252.8800048828125,253.00999450683597,46187
2025-09-25 18:03:00+00:00,252.9499969482422,253.02999877929688,252.88999938964844,252.9600067138672,47434
2025-09-25 18:04:00+00:00,252.88999938964844,253.0,252.8500061035156,252.9250030517578,49532
2025-09-25 18:05:00+00:00,253.0937957763672,253.1100006103516,252.8650054931641,252.8699951171875,65620
2025-09-25 18:06:00+00:00,253.38999938964844,253.4600067138672,253.0800018310547,253.08909606933597,86088
2025-09-25 18:07:00+00:00,253.3800048828125,253.47000122070312,253.30999755859372,253.38999938964844,74422
2025-09-25 18:08:00+00:00,253.52999877929688,253.5399932861328,253.38499450683597,253.38999938964844,51486
2025-09-25 18:09:00+00:00,253.6199951171875,253.63999938964844,253.47999572753903,253.5500030517578,56410
2025-09-25 18:10:00+00:00,253.6455993652344,253.7100067138672,253.610107421875,253.625,56076
2025-09-25 18:11:00+00:00,253.63999938964844,253.7400054931641,253.5800018310547,253.6553955078125,56596
2025-09-25 18:12:00+00:00,253.69009399414065,253.75999450683597,253.6336975097656,253.6336975097656,43750
2025-09-25 18:13:00+00:00,253.69000244140625,253.70989990234372,253.6000061035156,253.69500732421875,37854
2025-09-25 18:14:00+00:00,253.8699951171875,253.92999267578125,253.63999938964844,253.67630004882807,89484
2025-09-25 18:15:00+00:00,253.91000366210935,254.0500030517578,253.8300018310547,253.85499572753903,109959
2025-09-25 18:16:00+00:00,253.97999572753903,253.97999572753903,253.8800048828125,253.8999938964844,49792
2025-09-25 18:17:00+00:00,254.08999633789065,254.1000061035156,253.97000122070312,253.9900054931641,50785
2025-09-25 18:18:00+00:00,254.2198944091797,254.25,254.1000061035156,254.1000061035156,87688
2025-09-25 18:19:00+00:00,254.25999450683597,254.3600006103516,254.1925048828125,254.2100067138672,86561
2025-09-25 18:20:00+00:00,254.13009643554688,254.27999877929688,254.1201019287109,254.25999450683597,71601
2025-09-25 18:21:00+00:00,254.19500732421875,254.22999572753903,254.1269989013672,254.1499938964844,31839
2025-09-25 18:22:00+00:00,254.13999938964844,254.2100067138672,254.0800018310547,254.19500732421875,24617
2025-09-25 18:23:00+00:00,254.2700042724609,254.27999877929688,254.1000061035156,254.1450042724609,28826
2025-09-25 18:24:00+00:00,254.3500061035156,254.36900329589844,254.27999877929688,254.2899932861328,49977
2025-09-25 18:25:00+00:00,254.5449981689453,254.5500030517578,254.3500061035156,254.3600006103516,87443
2025-09-25 18:26:00+00:00,254.38999938964844,254.58999633789065,254.38999938964844,254.5399932861328,67180
2025-09-25 18:27:00+00:00,254.55999755859372,254.55999755859372,254.38999938964844,254.3999938964844,52516
2025-09-25 18:28:00+00:00,254.3999938964844,254.55999755859372,254.38999938964844,254.55999755859372,86276
2025-09-25 18:29:00+00:00,254.55999755859372,254.5800018310547,254.39300537109372,254.40989685058597,29590
2025-09-25 18:30:00+00:00,254.2321014404297,254.5500030517578,254.22999572753903,254.5500030517578,52275
2025-09-25 18:31:00+00:00,254.26499938964844,254.30999755859372,254.22999572753903,254.26499938964844,41189
2025-09-25 18:32:00+00:00,254.6199951171875,254.625,254.27999877929688,254.27999877929688,76173
2025-09-25 18:33:00+00:00,254.6100006103516,254.66000366210935,254.58009338378903,254.6100006103516,53966
2025-09-25 18:34:00+00:00,254.5850067138672,254.6999969482422,254.4199981689453,254.6199951171875,46342
2025-09-25 18:35:00+00:00,254.80999755859372,254.8300018310547,254.5800018310547,254.5836944580078,138301
2025-09-25 18:36:00+00:00,254.91000366210935,255.06500244140625,254.8000030517578,254.8300018310547,267756
2025-09-25 18:37:00+00:00,255.0355987548828,255.07000732421875,254.89010620117188,254.9149932861328,91876
2025-09-25 18:38:00+00:00,255.0800018310547,255.1060028076172,254.92999267578125,255.0449981689453,100798
2025-09-25 18:39:00+00:00,255.0727996826172,255.1300048828125,255.0,255.07090759277344,70806
2025-09-25 18:40:00+00:00,255.3800048828125,255.39990234375,255.07000732421875,255.07000732421875,159982
2025-09-25 18:41:00+00:00,255.62570190429688,255.69000244140625,255.41000366210935,255.41000366210935,155835
2025-09-25 18:42:00+00:00,255.88999938964844,255.9199981689453,255.6199951171875,255.64439392089844,313058
2025-09-25 18:43:00+00:00,255.84500122070312,256.1000061035156,255.5800018310547,255.90499877929688,365797
2025-09-25 18:44:00+00:00,255.75140380859372,255.9250030517578,255.63619995117188,255.83009338378903,124480
2025-09-25 18:45:00+00:00,255.6100006103516,255.92999267578125,255.58999633789065,255.7700042724609,178558
2025-09-25 18:46:00+00:00,255.3999938964844,255.61399841308597,255.2100067138672,255.61399841308597,225926
2025-09-25 18:47:00+00:00,255.2675018310547,255.42999267578125,255.25999450683597,255.3999938964844,87449
2025-09-25 18:48:00+00:00,255.4199981689453,255.4199981689453,255.19500732421875,255.2899932861328,77982
2025-09-25 18:49:00+00:00,255.41000366210935,255.4900054931641,255.2899932861328,255.4199981689453,86934
2025-09-25 18:50:00+00:00,255.3699951171875,255.4600067138672,255.33169555664065,255.41000366210935,52427
2025-09-25 18:51:00+00:00,255.33999633789065,255.3999938964844,255.3000030517578,255.35699462890625,55636
2025-09-25 18:52:00+00:00,255.16000366210935,255.33999633789065,255.1000061035156,255.33999633789065,49458
2025-09-25 18:53:00+00:00,255.0995941162109,255.2100067138672,255.0800018310547,255.1999969482422,42420
2025-09-25 18:54:00+00:00,255.0,255.1300048828125,254.97999572753903,255.1000061035156,86862
2025-09-25 18:55:00+00:00,255.3350067138672,255.3500061035156,255.0200958251953,255.02999877929688,80534
2025-09-25 18:56:00+00:00,255.5,255.57989501953125,255.3300018310547,255.3300018310547,109929
2025-09-25 18:57:00+00:00,255.5200042724609,255.5399932861328,255.3999938964844,255.5,65217
2025-09-25 18:58:00+00:00,256.0350036621094,256.0799865722656,255.50999450683597,255.51649475097656,144180
2025-09-25 18:59:00+00:00,256.0,256.0899963378906,255.8999938964844,256.04998779296875,113794
2025-09-25 19:00:00+00:00,256.04949951171875,256.0707092285156,255.8699951171875,255.9900054931641,90836
2025-09-25 19:01:00+00:00,256.0578918457031,256.1300048828125,255.97000122070312,256.05010986328125,99410
2025-09-25 19:02:00+00:00,256.0154113769531,256.1565856933594,255.97999572753903,256.06500244140625,101009
2025-09-25 19:03:00+00:00,256.2070007324219,256.2298889160156,255.9900054931641,256.0199890136719,123602
2025-09-25 19:04:00+00:00,256.2275085449219,256.3500061035156,256.1200866699219,256.2200012207031,194629
2025-09-25 19:05:00+00:00,256.2856140136719,256.3587951660156,256.22021484375,256.2300109863281,141548
2025-09-25 19:06:00+00:00,256.2699890136719,256.32501220703125,256.1499938964844,256.2919921875,92826
2025-09-25 19:07:00+00:00,256.0799865722656,256.2749938964844,255.9600067138672,256.2749938964844,131403
2025-09-25 19:08:00+00:00,256.1900939941406,256.239990234375,255.9900054931641,256.0599975585937,57101
2025-09-25 19:09:00+00:00,256.3599853515625,256.3999938964844,256.19000244140625,256.19500732421875,110079
2025-09-25 19:10:00+00:00,256.1700134277344,256.3800048828125,256.06500244140625,256.3699951171875,93123
2025-09-25 19:11:00+00:00,256.20001220703125,256.25,256.1499938964844,256.1700134277344,69370
2025-09-25 19:12:00+00:00,256.1400146484375,256.2298889160156,256.0899963378906,256.17999267578125,52869
2025-09-25 19:13:00+00:00,256.239990234375,256.2900085449219,256.1099853515625,256.1268005371094,57248
2025-09-25 19:14:00+00:00,256.2825927734375,256.3450012207031,256.2300109863281,256.239990234375,105295
2025-09-25 19:15:00+00:00,256.44989013671875,256.4598999023437,256.2099914550781,256.2850036621094,95359
2025-09-25 19:16:00+00:00,256.5599975585937,256.59991455078125,256.45001220703125,256.45001220703125,195475
2025-09-25 19:17:00+00:00,256.6199951171875,256.69000244140625,256.54998779296875,256.6000061035156,126810
2025-09-25 19:18:00+00:00,256.5950012207031,256.6600036621094,256.5199890136719,256.5799865722656,136413
2025-09-25 19:19:00+00:00,256.7701110839844,256.8599853515625,256.61920166015625,256.61920166015625,156576
2025-09-25 19:20:00+00:00,256.8550109863281,256.8800048828125,256.6836853027344,256.7799987792969,159656
2025-09-25 19:21:00+00:00,256.81500244140625,256.9100036621094,256.739990234375,256.8550109863281,126208
2025-09-25 19:22:00+00:00,257.0150146484375,257.0299987792969,256.8211975097656,256.8299865722656,195575
2025-09-25 19:23:00+00:00,257.07501220703125,257.1499938964844,256.9700012207031,257.010009765625,165956
2025-09-25 19:24:00+00:00,256.8450012207031,257.0799865722656,256.7900085449219,257.0703125,165996
2025-09-25 19:25:00+00:00,257.0299987792969,257.0799865722656,256.8450012207031,256.8450012207031,144365
2025-09-25 19:26:00+00:00,257.1099853515625,257.1099853515625,256.9501037597656,257.0466003417969,85261
2025-09-25 19:27:00+00:00,257.03009033203125,257.1700134277344,257.0299987792969,257.1099853515625,99284
2025-09-25 19:28:00+00:00,256.9100036621094,257.1499938964844,256.8905029296875,257.0299987792969,114584
2025-09-25 19:29:00+00:00,256.9599914550781,257.04998779296875,256.8699951171875,256.8999938964844,103933
2025-09-25 19:30:00+00:00,257.0512084960937,257.1099853515625,256.95001220703125,256.95001220703125,85826
2025-09-25 19:31:00+00:00,256.92999267578125,257.05499267578125,256.8900146484375,257.05450439453125,48448
2025-09-25 19:32:00+00:00,256.8699951171875,257.0,256.8299865722656,256.9302978515625,103480
2025-09-25 19:33:00+00:00,256.6600036621094,256.8900146484375,256.6499938964844,256.8900146484375,114933
2025-09-25 19:34:00+00:00,256.44000244140625,256.7300109863281,256.44000244140625,256.6650085449219,137813
2025-09-25 19:35:00+00:00,256.29998779296875,256.4599914550781,256.2300109863281,256.44000244140625,130698
2025-09-25 19:36:00+00:00,256.3099975585937,256.489990234375,256.2699890136719,256.3099975585937,126637
2025-09-25 19:37:00+00:00,256.25,256.32000732421875,256.20001220703125,256.30499267578125,86886
2025-09-25 19:38:00+00:00,256.0599975585937,256.2699890136719,256.010009765625,256.25,116274
2025-09-25 19:39:00+00:00,256.1099853515625,256.1449890136719,255.9900054931641,256.0599975585937,11779541
2025-09-25 19:40:00+00:00,256.0400085449219,256.19000244140625,256.010009765625,256.1099853515625,0
2025-09-25 19:41:00+00:00,256.0101013183594,256.0599975585937,255.9600982666016,256.05279541015625,74556
2025-09-25 19:42:00+00:00,256.1050109863281,256.1300048828125,256.0199890136719,256.0199890136719,64562
2025-09-25 19:43:00+00:00,256.3099975585937,256.33990478515625,256.07000732421875,256.0899963378906,93487
2025-09-25 19:44:00+00:00,256.1000061035156,256.29998779296875,256.0599975585937,256.29998779296875,85061
2025-09-25 19:45:00+00:00,256.07501220703125,256.19989013671875,256.0599975585937,256.1017150878906,67494
2025-09-25 19:46:00+00:00,256.0564880371094,256.1400146484375,256.0400085449219,256.07000732421875,48584
2025-09-25 19:47:00+00:00,255.9900054931641,256.05499267578125,255.9600067138672,256.04998779296875,74330
2025-09-25 19:48:00+00:00,255.7740020751953,255.9850006103516,255.75999450683597,255.9850006103516,102016
2025-09-25 19:49:00+00:00,255.72999572753903,255.82000732421875,255.7100067138672,255.7700958251953,111207
2025-09-25 19:50:00+00:00,255.69500732421875,255.77999877929688,255.6199951171875,255.72999572753903,161348
2025-09-25 19:51:00+00:00,255.55999755859372,255.74240112304688,255.52999877929688,255.6999969482422,117953
2025-09-25 19:52:00+00:00,255.47000122070312,255.6300048828125,255.4199981689453,255.57000732421875,134789
2025-09-25 19:53:00+00:00,255.4710998535156,255.5989990234375,255.4600067138672,255.47999572753903,135627
2025-09-25 19:54:00+00:00,256.0400085449219,256.20001220703125,255.44439697265625,255.47999572753903,247797
2025-09-25 19:55:00+00:00,256.3182983398437,256.3599853515625,256.0,256.0299987792969,308221
2025-09-25 19:56:00+00:00,256.5299987792969,256.54998779296875,256.2900085449219,256.32000732421875,248061
2025-09-25 19:57:00+00:00,256.6499938964844,256.70001220703125,256.5199890136719,256.5299987792969,231882
2025-09-25 19:58:00+00:00,256.8399963378906,256.8399963378906,256.6400146484375,256.6400146484375,13327830
2025-09-25 19:59:00+00:00,256.94000244140625,256.9800109863281,256.75,256.8399963378906,0
2025-09-26 13:30:00+00:00,254.5699005126953,254.9199066162109,253.77999877929688,254.1300048828125,1502884
2025-09-26 13:31:00+00:00,254.8500061035156,254.8600006103516,254.3000946044922,254.5800018310547,193864
2025-09-26 13:32:00+00:00,254.9250030517578,254.97869873046875,254.5,254.8800048828125,260898
2025-09-26 13:33:00+00:00,254.83999633789065,255.05990600585935,254.5500030517578,254.89520263671875,299410
2025-09-26 13:34:00+00:00,254.5800018310547,254.9199981689453,254.5200042724609,254.843994140625,161740
2025-09-26 13:35:00+00:00,254.08909606933597,254.6000061035156,253.97999572753903,254.5500030517578,222971
2025-09-26 13:36:00+00:00,254.31500244140625,254.58999633789065,254.00999450683597,254.08999633789065,248007
2025-09-26 13:37:00+00:00,254.8300018310547,254.8300018310547,254.1300048828125,254.30999755859372,277410
2025-09-26 13:38:00+00:00,254.8800048828125,255.0,254.66000366210935,254.8300018310547,137195
2025-09-26 13:39:00+00:00,255.2700958251953,255.28500366210935,254.75,254.8800048828125,125474
2025-09-26 13:40:00+00:00,255.21499633789065,255.3699951171875,255.0800018310547,255.2700042724609,159515
2025-09-26 13:41:00+00:00,255.5399932861328,255.6795959472656,255.1360015869141,255.16000366210935,179233
2025-09-26 13:42:00+00:00,255.6699981689453,255.75,255.22999572753903,255.53500366210935,169677
2025-09-26 13:43:00+00:00,255.84500122070312,256.0400085449219,255.5,255.6649932861328,172879
2025-09-26 13:44:00+00:00,255.72000122070312,255.97000122070312,255.5301055908203,255.84500122070312,108796
2025-09-26 13:45:00+00:00,255.9600067138672,255.9698944091797,255.6000061035156,255.7350006103516,127646
2025-09-26 13:46:00+00:00,256.1199951171875,256.2040100097656,255.94000244140625,255.9600067138672,160048
2025-09-26 13:47:00+00:00,256.02099609375,256.1872863769531,255.94000244140625,256.1395874023437,115310
2025-09-26 13:48:00+00:00,255.9149932861328,256.08990478515625,255.6999969482422,256.04998779296875,108812
2025-09-26 13:49:00+00:00,255.7400054931641,255.92999267578125,255.7100067138672,255.91000366210935,75406
2025-09-26 13:50:00+00:00,255.80499267578125,256.04998779296875,255.72999572753903,255.7400054931641,115938
2025-09-26 13:51:00+00:00,255.7449951171875,255.87969970703125,255.6699981689453,255.80499267578125,69743
2025-09-26 13:52:00+00:00,255.6499938964844,255.8300018310547,255.6000061035156,255.75999450683597,95210
2025-09-26 13:53:00+00:00,255.80999755859372,255.8600006103516,255.6199951171875,255.6199951171875,64764
2025-09-26 13:54:00+00:00,256.0799865722656,256.0799865722656,255.75999450683597,255.80999755859372,94275
2025-09-26 13:55:00+00:00,255.96499633789065,256.1094970703125,255.9199981689453,256.0704040527344,77341
2025-09-26 13:56:00+00:00,256.1502990722656,256.20001220703125,255.91000366210935,255.9600067138672,60210
2025-09-26 13:57:00+00:00,256.0574951171875,256.27899169921875,256.0574951171875,256.1796875,94579
2025-09-26 13:58:00+00:00,256.1099853515625,256.20001220703125,256.0299987792969,256.0799865722656,60103
2025-09-26 13:59:00+00:00,256.2886047363281,256.3399963378906,256.0,256.1099853515625,95454
2025-09-26 14:00:00+00:00,256.3393859863281,256.4273986816406,256.19000244140625,256.2650146484375,121595
2025-09-26 14:01:00+00:00,256.5450134277344,256.6000061035156,256.32000732421875,256.3500061035156,134481
2025-09-26 14:02:00+00:00,256.42999267578125,256.5450134277344,256.2900085449219,256.5450134277344,77407
2025-09-26 14:03:00+00:00,256.19000244140625,256.44000244140625,256.1600036621094,256.42999267578125,93317
2025-09-26 14:04:00+00:00,256.0899963378906,256.2200012207031,256.0,256.2001037597656,71680
2025-09-26 14:05:00+00:00,256.0249938964844,256.25,256.0249938964844,256.1000061035156,91154
2025-09-26 14:06:00+00:00,255.72999572753903,256.1000061035156,255.69000244140625,256.0249938964844,109599
2025-09-26 14:07:00+00:00,255.32000732421875,255.7400054931641,255.1699981689453,255.7400054931641,122293
2025-09-26 14:08:00+00:00,255.32000732421875,255.4900054931641,255.25900268554688,255.3000030517578,84366
2025-09-26 14:09:00+00:00,255.4600067138672,255.4900054931641,255.2100067138672,255.3300018310547,60973
2025-09-26 14:10:00+00:00,255.1999969482422,255.55999755859372,255.1699981689453,255.4600067138672,98826
2025-09-26 14:11:00+00:00,254.96499633789065,255.25439453125,254.9429931640625,255.2100067138672,120031
2025-09-26 14:12:00+00:00,255.22999572753903,255.2545928955078,254.88999938964844,254.9720001220703,71187
2025-09-26 14:13:00+00:00,254.9333038330078,255.2599029541016,254.83009338378903,255.2599029541016,55199
2025-09-26 14:14:00+00:00,254.9550018310547,255.07000732421875,254.8800048828125,254.9600067138672,49143
2025-09-26 14:15:00+00:00,254.83279418945312,254.97000122070312,254.72000122070312,254.9600067138672,68972
2025-09-26 14:16:00+00:00,254.8699951171875,254.9900054931641,254.7812042236328,254.8500061035156,60051
2025-09-26 14:17:00+00:00,255.0802001953125,255.1300048828125,254.8500061035156,254.88999938964844,65595
2025-09-26 14:18:00+00:00,255.00999450683597,255.22999572753903,254.94500732421875,255.09979248046875,72028
2025-09-26 14:19:00+00:00,254.9550018310547,255.17990112304688,254.9311065673828,255.0399932861328,50232
2025-09-26 14:20:00+00:00,254.8300018310547,254.9550018310547,254.7100067138672,254.9550018310547,72479
2025-09-26 14:21:00+00:00,254.72999572753903,254.83999633789065,254.6199951171875,254.82000732421875,55534
2025-09-26 14:22:00+00:00,254.67999267578125,254.7790069580078,254.57000732421875,254.75,93469
2025-09-26 14:23:00+00:00,254.8101043701172,254.9499969482422,254.63999938964844,254.6499938964844,70828
2025-09-26 14:24:00+00:00,254.62049865722656,254.8300018310547,254.6000061035156,254.80999755859372,62036
2025-09-26 14:25:00+00:00,254.5229949951172,254.63900756835935,254.47000122070312,254.63499450683597,66077
2025-09-26 14:26:00+00:00,254.55499267578125,254.6699981689453,254.47000122070312,254.52999877929688,70217
2025-09-26 14:27:00+00:00,254.47999572753903,254.57000732421875,254.3401031494141,254.55999755859372,67621
2025-09-26 14:28:00+00:00,254.78990173339844,254.78990173339844,254.36610412597656,254.47999572753903,76792
2025-09-26 14:29:00+00:00,255.0200042724609,255.03900146484372,254.72999572753903,254.80999755859372,86524
2025-09-26 14:30:00+00:00,254.7899932861328,255.0200042724609,254.7400054931641,255.0200042724609,81895
2025-09-26 14:31:00+00:00,254.8699951171875,254.92999267578125,254.6499938964844,254.8000030517578,50420
2025-09-26 14:32:00+00:00,254.8607940673828,254.94000244140625,254.75,254.8699951171875,38483
2025-09-26 14:33:00+00:00,254.8500061035156,254.9600067138672,254.7400054931641,254.8699951171875,43829
2025-09-26 14:34:00+00:00,254.8600006103516,254.8999938964844,254.77999877929688,254.8500061035156,44376
2025-09-26 14:35:00+00:00,254.84500122070312,254.8650054931641,254.6699981689453,254.8500061035156,65193
2025-09-26 14:36:00+00:00,254.8249969482422,254.9394989013672,254.75,254.83999633789065,79282
2025-09-26 14:37:00+00:00,254.6499938964844,254.83999633789065,254.5711975097656,254.8300018310547,529053
2025-09-26 14:38:00+00:00,254.9199981689453,254.9199981689453,254.6100006103516,254.6499938964844,57679
2025-09-26 14:39:00+00:00,255.0,255.0249938964844,254.83999633789065,254.9199981689453,45711
2025-09-26 14:40:00+00:00,255.1100006103516,255.16000366210935,254.8999938964844,255.0,52472
2025-09-26 14:41:00+00:00,255.3350067138672,255.3350067138672,255.1100006103516,255.1100006103516,77489
2025-09-26 14:42:00+00:00,255.50999450683597,255.55990600585935,255.27999877929688,255.3374938964844,84396
2025-09-26 14:43:00+00:00,255.66000366210935,255.6699981689453,255.4250030517578,255.5200042724609,66695
2025-09-26 14:44:00+00:00,255.50999450683597,255.67999267578125,255.4600067138672,255.66000366210935,51028
2025-09-26 14:45:00+00:00,255.2698974609375,255.63009643554688,255.2400054931641,255.5200042724609,65557
2025-09-26 14:46:00+00:00,255.19000244140625,255.3600006103516,255.1100006103516,255.25,59862
2025-09-26 14:47:00+00:00,255.15499877929688,255.25999450683597,255.1100006103516,255.1999969482422,42238
2025-09-26 14:48:00+00:00,255.11529541015625,255.2669982910156,255.1100006103516,255.15499877929688,38359
2025-09-26 14:49:00+00:00,254.9949951171875,255.2400054931641,254.9700927734375,255.1000061035156,61303
2025-09-26 14:50:00+00:00,254.8500061035156,255.01010131835935,254.82000732421875,254.9853057861328,81078
2025-09-26 14:51:00+00:00,255.0399932861328,255.1000061035156,254.83999633789065,254.8500061035156,40549
2025-09-26 14:52:00+00:00,255.0635986328125,255.1699981689453,255.02999877929688,255.0500030517578,43178
2025-09-26 14:53:00+00:00,254.95069885253903,255.2700042724609,254.9499969482422,255.0787048339844,72098
2025-09-26 14:54:00+00:00,255.07000732421875,255.0800018310547,254.9550018310547,254.96499633789065,45103
2025-09-26 14:55:00+00:00,255.25,255.2796936035156,255.0500030517578,255.05999755859372,45643
2025-09-26 14:56:00+00:00,255.1699981689453,255.2913055419922,255.05999755859372,255.25689697265625,34825
2025-09-26 14:57:00+00:00,255.1100006103516,255.2675018310547,255.10870361328125,255.1645050048828,36872
2025-09-26 14:58:00+00:00,255.1300048828125,255.2012939453125,255.1000061035156,255.1199951171875,21996
2025-09-26 14:59:00+00:00,255.0249938964844,255.2700042724609,254.97000122070312,255.12939453125,72915
2025-09-26 15:00:00+00:00,255.0012969970703,255.07000732421875,254.94000244140625,255.0200042724609,40976
2025-09-26 15:01:00+00:00,254.94000244140625,255.07000732421875,254.9199981689453,255.00999450683597,30941
2025-09-26 15:02:00+00:00,255.1127014160156,255.1649932861328,254.9499969482422,254.9499969482422,58766
2025-09-26 15:03:00+00:00,255.27999877929688,255.3509979248047,255.12570190429688,255.1300048828125,83729
2025-09-26 15:04:00+00:00,255.25999450683597,255.41000366210935,255.19500732421875,255.2749938964844,40001
2025-09-26 15:05:00+00:00,255.0196990966797,255.32000732421875,255.0,255.2700042724609,53105
2025-09-26 15:06:00+00:00,255.13999938964844,255.27999877929688,254.9600067138672,255.0189971923828,62908
2025-09-26 15:07:00+00:00,255.3990020751953,255.42999267578125,255.1699981689453,255.1699981689453,95748
2025-09-26 15:08:00+00:00,255.42999267578125,255.50999450683597,255.3500061035156,255.3999938964844,84463
2025-09-26 15:09:00+00:00,255.2799072265625,255.44000244140625,255.22999572753903,255.44000244140625,47583
2025-09-26 15:10:00+00:00,255.2899932861328,255.4698028564453,255.25999450683597,255.2749938964844,36739
2025-09-26 15:11:00+00:00,255.2899932861328,255.3699951171875,255.2373046875,255.3000030517578,65640
2025-09-26 15:12:00+00:00,255.1649932861328,255.30999755859372,255.08999633789065,255.3000030517578,32397
2025-09-26 15:13:00+00:00,255.27999877929688,255.2899932861328,255.17100524902344,255.1999969482422,32369
2025-09-26 15:14:00+00:00,255.18499755859372,255.3699951171875,255.16000366210935,255.27670288085935,33415
2025-09-26 15:15:00+00:00,255.0800018310547,255.2400054931641,255.0709991455078,255.17999267578125,39141
2025-09-26 15:16:00+00:00,255.30999755859372,255.3699951171875,255.08999633789065,255.08999633789065,34535
2025-09-26 15:17:00+00:00,255.5500030517578,255.55999755859372,255.30499267578125,255.30499267578125,52716
2025-09-26 15:18:00+00:00,255.78990173339844,255.7899932861328,255.55999755859372,255.55999755859372,94372
2025-09-26 15:19:00+00:00,255.77999877929688,255.8600006103516,255.7250061035156,255.77999877929688,61460
2025-09-26 15:20:00+00:00,255.75,255.9199981689453,255.7100067138672,255.7899932861328,69381
2025-09-26 15:21:00+00:00,255.72999572753903,255.8000030517578,255.6735992431641,255.75,34903
2025-09-26 15:22:00+00:00,255.80999755859372,255.82000732421875,255.6999969482422,255.7400054931641,39536
2025-09-26 15:23:00+00:00,255.6499938964844,255.82400512695312,255.5800018310547,255.80999755859372,37309
2025-09-26 15:24:00+00:00,255.55999755859372,255.6499938964844,255.5070037841797,255.6499938964844,45653
2025-09-26 15:25:00+00:00,255.75,255.7700042724609,255.5500030517578,255.55999755859372,64069
2025-09-26 15:26:00+00:00,255.7400054931641,255.7669982910156,255.6499938964844,255.7400054931641,35835
2025-09-26 15:27:00+00:00,255.71499633789065,255.78500366210935,255.67999267578125,255.7350006103516,31351
2025-09-26 15:28:00+00:00,255.8397979736328,255.8397979736328,255.69000244140625,255.71499633789065,62219
2025-09-26 15:29:00+00:00,255.9700927734375,255.9900054931641,255.82000732421875,255.8300018310547,84004
2025-09-26 15:30:00+00:00,255.8350067138672,256.0400085449219,255.8126983642578,255.97000122070312,81055
2025-09-26 15:31:00+00:00,255.8300018310547,255.8800048828125,255.7700042724609,255.847900390625,34802
2025-09-26 15:32:00+00:00,255.85910034179688,255.8800048828125,255.75,255.8300018310547,41314
2025-09-26 15:33:00+00:00,255.72999572753903,255.8600006103516,255.6793975830078,255.84500122070312,25725
2025-09-26 15:34:00+00:00,255.75,255.83999633789065,255.72999572753903,255.72999572753903,23564
2025-09-26 15:35:00+00:00,255.72999572753903,255.82899475097656,255.72000122070312,255.7400054931641,23995
2025-09-26 15:36:00+00:00,255.75,255.8600006103516,255.7469940185547,255.75,28843
2025-09-26 15:37:00+00:00,255.63299560546875,255.7799072265625,255.5800018310547,255.7415008544922,60071
2025-09-26 15:38:00+00:00,255.38070678710935,255.64019775390625,255.35009765625,255.64019775390625,68539
2025-09-26 15:39:00+00:00,255.2700042724609,255.3800048828125,255.2100067138672,255.3800048828125,42888
2025-09-26 15:40:00+00:00,255.09500122070312,255.30999755859372,255.0800018310547,255.26499938964844,41986
2025-09-26 15:41:00+00:00,255.06500244140625,255.12510681152344,255.0,255.1100006103516,46210
2025-09-26 15:42:00+00:00,254.97999572753903,255.13999938964844,254.88999938964844,255.0800018310547,47314
2025-09-26 15:43:00+00:00,254.97000122070312,255.02999877929688,254.8600006103516,255.0,49709
2025-09-26 15:44:00+00:00,254.9320068359375,254.98989868164065,254.8999938964844,254.9600067138672,40808
2025-09-26 15:45:00+00:00,254.94720458984372,255.0299072265625,254.8699951171875,254.92999267578125,76713
2025-09-26 15:46:00+00:00,255.1902008056641,255.2790985107422,254.94000244140625,254.94000244140625,80080
2025-09-26 15:47:00+00:00,255.22000122070312,255.27999877929688,255.13499450683597,255.2100067138672,24283
2025-09-26 15:48:00+00:00,255.2700042724609,255.3600006103516,255.22000122070312,255.22000122070312,34069
2025-09-26 15:49:00+00:00,255.4900054931641,255.5,255.32000732421875,255.33999633789065,65431
2025-09-26 15:50:00+00:00,255.30999755859372,255.52999877929688,255.30999755859372,255.5,35985
2025-09-26 15:51:00+00:00,255.44000244140625,255.47999572753903,255.2928009033203,255.31500244140625,26371
2025-09-26 15:52:00+00:00,255.33999633789065,255.4850006103516,255.31500244140625,255.4499969482422,27118
2025-09-26 15:53:00+00:00,255.1999969482422,255.38999938964844,255.17999267578125,255.33999633789065,32056
2025-09-26 15:54:00+00:00,255.22999572753903,255.27999877929688,255.1331024169922,255.19000244140625,38618
2025-09-26 15:55:00+00:00,255.19000244140625,255.27999877929688,255.1499938964844,255.22999572753903,41198
2025-09-26 15:56:00+00:00,255.22999572753903,255.2749938964844,255.19000244140625,255.19000244140625,36561
2025-09-26 15:57:00+00:00,255.3907928466797,255.3999938964844,255.19000244140625,255.2400054931641,33495
2025-09-26 15:58:00+00:00,255.17999267578125,255.3999938964844,255.177001953125,255.3999938964844,20694
2025-09-26 15:59:00+00:00,255.05999755859372,255.1999969482422,255.0500030517578,255.1699981689453,28368
2025-09-26 16:00:00+00:00,255.07000732421875,255.13999938964844,255.0399932861328,255.07000732421875,27951
2025-09-26 16:01:00+00:00,254.9900054931641,255.08999633789065,254.92999267578125,255.07000732421875,40562
2025-09-26 16:02:00+00:00,255.02999877929688,255.05999755859372,254.97999572753903,255.0,27694
2025-09-26 16:03:00+00:00,255.0500030517578,255.1699981689453,255.02999877929688,255.02999877929688,37144
2025-09-26 16:04:00+00:00,255.05999755859372,255.1199951171875,254.9949951171875,255.0500030517578,22147
2025-09-26 16:05:00+00:00,255.00999450683597,255.1000061035156,254.9199981689453,255.07000732421875,37861
2025-09-26 16:06:00+00:00,255.19500732421875,255.1999969482422,255.0399932861328,255.0399932861328,32809
2025-09-26 16:07:00+00:00,255.1499938964844,255.23989868164065,255.02999877929688,255.1999969482422,50048
2025-09-26 16:08:00+00:00,255.08419799804688,255.1699981689453,255.05999755859372,255.16000366210935,22892
2025-09-26 16:09:00+00:00,255.16000366210935,255.1826934814453,255.05999755859372,255.0800018310547,20094
2025-09-26 16:10:00+00:00,255.20030212402344,255.22999572753903,255.1100006103516,255.1699981689453,25571
2025-09-26 16:11:00+00:00,255.1999969482422,255.3300018310547,255.19000244140625,255.2169952392578,26414
2025-09-26 16:12:00+00:00,255.2700042724609,255.30999755859372,255.17999267578125,255.2100067138672,36404
2025-09-26 16:13:00+00:00,255.19000244140625,255.2550048828125,255.1300048828125,255.2550048828125,32041
2025-09-26 16:14:00+00:00,255.14259338378903,255.2700042724609,255.1302032470703,255.19000244140625,29556
2025-09-26 16:15:00+00:00,255.17999267578125,255.22999572753903,255.12210083007807,255.16000366210935,21658
2025-09-26 16:16:00+00:00,255.0200042724609,255.17999267578125,255.0,255.1699981689453,28165
2025-09-26 16:17:00+00:00,255.1000061035156,255.1699981689453,254.9761962890625,255.02999877929688,44275
2025-09-26 16:18:00+00:00,255.1100006103516,255.1300048828125,255.02999877929688,255.1100006103516,21310
2025-09-26 16:19:00+00:00,255.26870727539065,255.27859497070312,255.1085968017578,255.1085968017578,25637
2025-09-26 16:20:00+00:00,255.38999938964844,255.38999938964844,255.2093963623047,255.2700042724609,53118
2025-09-26 16:21:00+00:00,255.4149932861328,255.5,255.3600006103516,255.38999938964844,55978
2025-09-26 16:22:00+00:00,255.50999450683597,255.50999450683597,255.32000732421875,255.4149932861328,46418
2025-09-26 16:23:00+00:00,255.42999267578125,255.52999877929688,255.4199981689453,255.50999450683597,36530
2025-09-26 16:24:00+00:00,255.6100006103516,255.6300048828125,255.42999267578125,255.42999267578125,42119
2025-09-26 16:25:00+00:00,255.6300048828125,255.7100067138672,255.6100006103516,255.6199951171875,39615
2025-09-26 16:26:00+00:00,255.5301055908203,255.6699981689453,255.5301055908203,255.63499450683597,25538
2025-09-26 16:27:00+00:00,255.51280212402344,255.6499938964844,255.51280212402344,255.5500030517578,29486
2025-09-26 16:28:00+00:00,255.4499969482422,255.5249938964844,255.42999267578125,255.50999450683597,48821
2025-09-26 16:29:00+00:00,255.6649932861328,255.6997985839844,255.4499969482422,255.4600067138672,31055
2025-09-26 16:30:00+00:00,255.75999450683597,255.75999450683597,255.6499938964844,255.66000366210935,36627
2025-09-26 16:31:00+00:00,255.77999877929688,255.8249969482422,255.7400054931641,255.76499938964844,49680
2025-09-26 16:32:00+00:00,255.6750030517578,255.8600006103516,255.6750030517578,255.7899932861328,28893
2025-09-26 16:33:00+00:00,255.5399932861328,255.69000244140625,255.5249938964844,255.66000366210935,22186
2025-09-26 16:34:00+00:00,255.69000244140625,255.7021026611328,255.47999572753903,255.5200042724609,31017
2025-09-26 16:35:00+00:00,255.6997985839844,255.7700042724609,255.6300048828125,255.6999969482422,24216
2025-09-26 16:36:00+00:00,255.77999877929688,255.7899932861328,255.67999267578125,255.7050018310547,18480
2025-09-26 16:37:00+00:00,255.90499877929688,255.9250030517578,255.75999450683597,255.7749938964844,26531
2025-09-26 16:38:00+00:00,255.8800048828125,255.9362030029297,255.8699951171875,255.8950042724609,27499
2025-09-26 16:39:00+00:00,255.7899932861328,255.8845977783203,255.7700042724609,255.8699951171875,25952
2025-09-26 16:40:00+00:00,255.69000244140625,255.84500122070312,255.6499938964844,255.8000030517578,17812
2025-09-26 16:41:00+00:00,255.77999877929688,255.7989959716797,255.6750030517578,255.69000244140625,21201
2025-09-26 16:42:00+00:00,255.77999877929688,255.8249969482422,255.7700042724609,255.7899932861328,16746
2025-09-26 16:43:00+00:00,255.77999877929688,255.8300018310547,255.7700042724609,255.7899932861328,18870
2025-09-26 16:44:00+00:00,255.7400054931641,255.83810424804688,255.7400054931641,255.7899932861328,18979
2025-09-26 16:45:00+00:00,255.7250061035156,255.80999755859372,255.72000122070312,255.72000122070312,22088
2025-09-26 16:46:00+00:00,255.81170654296875,255.82449340820312,255.68499755859372,255.72000122070312,38010
2025-09-26 16:47:00+00:00,255.7749938964844,255.79229736328125,255.75999450683597,255.7899932861328,9945
2025-09-26 16:48:00+00:00,255.7400054931641,255.77999877929688,255.6499938964844,255.75999450683597,21490
2025-09-26 16:49:00+00:00,255.8000030517578,255.80999755859372,255.72999572753903,255.7530059814453,16191
2025-09-26 16:50:00+00:00,255.7449951171875,255.80499267578125,255.7400054931641,255.7899932861328,15492
2025-09-26 16:51:00+00:00,255.80999755859372,255.80999755859372,255.72900390625,255.7449951171875,21893
2025-09-26 16:52:00+00:00,255.875,255.9199981689453,255.80999755859372,255.80999755859372,48923
2025-09-26 16:53:00+00:00,255.88499450683597,255.91000366210935,255.8300018310547,255.8800048828125,41989
2025-09-26 16:54:00+00:00,256.0249938964844,256.04998779296875,255.8800048828125,255.8999938964844,61402
2025-09-26 16:55:00+00:00,256.0813903808594,256.1099853515625,255.9900054931641,256.0199890136719,54973
2025-09-26 16:56:00+00:00,256.1449890136719,256.1499938964844,256.0050048828125,256.07000732421875,31257
2025-09-26 16:57:00+00:00,256.2900085449219,256.29058837890625,256.1216125488281,256.1449890136719,54203
2025-09-26 16:58:00+00:00,256.3699951171875,256.3999938964844,256.25,256.2900085449219,77756
2025-09-26 16:59:00+00:00,256.3399963378906,256.3900146484375,256.2950134277344,256.3599853515625,28095
2025-09-26 17:00:00+00:00,256.2430114746094,256.42999267578125,256.215087890625,256.3299865722656,40157
2025-09-26 17:01:00+00:00,256.2799987792969,256.3299865722656,256.20001220703125,256.239990234375,38300
2025-09-26 17:02:00+00:00,256.30499267578125,256.3800048828125,256.29998779296875,256.3099975585937,22215
2025-09-26 17:03:00+00:00,256.27508544921875,256.3699951171875,256.2650146484375,256.3099975585937,27343
2025-09-26 17:04:00+00:00,256.239990234375,256.2799072265625,256.2200012207031,256.260986328125,41202
2025-09-26 17:05:00+00:00,256.2900085449219,256.3399963378906,256.2099914550781,256.239990234375,24938
2025-09-26 17:06:00+00:00,256.40301513671875,256.4132080078125,256.2799987792969,256.2900085449219,29832
2025-09-26 17:07:00+00:00,256.3599853515625,256.4291076660156,256.32000732421875,256.4200134277344,29265
2025-09-26 17:08:00+00:00,256.43280029296875,256.4700012207031,256.3599853515625,256.364990234375,36214
2025-09-26 17:09:00+00:00,256.5,256.5299987792969,256.3999938964844,256.42498779296875,43113
2025-09-26 17:10:00+00:00,256.53009033203125,256.5591125488281,256.489990234375,256.4949951171875,32728
2025-09-26 17:11:00+00:00,256.6600036621094,256.67999267578125,256.5101013183594,256.5199890136719,55745
2025-09-26 17:12:00+00:00,256.7349853515625,256.7699890136719,256.6400146484375,256.6600036621094,62689
2025-09-26 17:13:00+00:00,256.8550109863281,256.8783874511719,256.7200012207031,256.7401123046875,75026
2025-09-26 17:14:00+00:00,256.8949890136719,256.9750061035156,256.8599853515625,256.8599853515625,91775
2025-09-26 17:15:00+00:00,256.8299865722656,256.9599914550781,256.760009765625,256.8949890136719,51620
2025-09-26 17:16:00+00:00,256.6600952148437,256.83990478515625,256.6210021972656,256.83990478515625,59152
2025-09-26 17:17:00+00:00,256.6099853515625,256.6502990722656,256.5436096191406,256.6502990722656,39141
2025-09-26 17:18:00+00:00,256.55499267578125,256.6199951171875,256.55499267578125,256.6050109863281,26170
2025-09-26 17:19:00+00:00,256.6499938964844,256.6499938964844,256.4949951171875,256.55499267578125,35715
2025-09-26 17:20:00+00:00,256.56500244140625,256.6600036621094,256.5259094238281,256.6600036621094,43431
2025-09-26 17:21:00+00:00,256.5199890136719,256.5899963378906,256.4800109863281,256.58270263671875,33285
2025-09-26 17:22:00+00:00,256.489990234375,256.5249938964844,256.44000244140625,256.5199890136719,30174
2025-09-26 17:23:00+00:00,256.5,256.5398864746094,256.4800109863281,256.489990234375,31132
2025-09-26 17:24:00+00:00,256.4247131347656,256.5141906738281,256.3800048828125,256.510009765625,25630
2025-09-26 17:25:00+00:00,256.42999267578125,256.5,256.4200134277344,256.42999267578125,42509
2025-09-26 17:26:00+00:00,256.5400085449219,256.54998779296875,256.4549865722656,256.4800109863281,19957
2025-09-26 17:27:00+00:00,256.510009765625,256.54998779296875,256.489990234375,256.5299987792969,20880
2025-09-26 17:28:00+00:00,256.5575866699219,256.5987854003906,256.510009765625,256.5220947265625,31253
2025-09-26 17:29:00+00:00,256.5199890136719,256.57000732421875,256.510009765625,256.5299987792969,17055
2025-09-26 17:30:00+00:00,256.5199890136719,256.5450134277344,256.4800109863281,256.5199890136719,37154
2025-09-26 17:31:00+00:00,256.4497985839844,256.510986328125,256.3599853515625,256.510009765625,29470
2025-09-26 17:32:00+00:00,256.3900146484375,256.45001220703125,256.3450012207031,256.45001220703125,28386
2025-09-26 17:33:00+00:00,256.38409423828125,256.4100952148437,256.3599853515625,256.3800048828125,23786
2025-09-26 17:34:00+00:00,256.3550109863281,256.3900146484375,256.32000732421875,256.3800048828125,28091
2025-09-26 17:35:00+00:00,256.3599853515625,256.3999938964844,256.32000732421875,256.3598022460937,26543
2025-09-26 17:36:00+00:00,256.4599914550781,256.4700012207031,256.3550109863281,256.3599853515625,31414
2025-09-26 17:37:00+00:00,256.3999938964844,256.45001220703125,256.3648986816406,256.45001220703125,25079
2025-09-26 17:38:00+00:00,256.2900085449219,256.4198913574219,256.2699890136719,256.3900146484375,37989
2025-09-26 17:39:00+00:00,256.6300048828125,257.3599853515625,256.2699890136719,256.2799987792969,299860
2025-09-26 17:40:00+00:00,256.7250061035156,257.1036071777344,256.57000732421875,256.6300048828125,151333
2025-09-26 17:41:00+00:00,256.6050109863281,256.7300109863281,256.4935913085937,256.69500732421875,82426
2025-09-26 17:42:00+00:00,256.5530090332031,256.64129638671875,256.45001220703125,256.6099853515625,60693
2025-09-26 17:43:00+00:00,256.635009765625,256.739990234375,256.5400085449219,256.5599975585937,53839
2025-09-26 17:44:00+00:00,256.75,256.8099975585937,256.5199890136719,256.635009765625,68483
2025-09-26 17:45:00+00:00,256.6400146484375,256.8099975585937,256.54998779296875,256.7497863769531,58316
2025-09-26 17:46:00+00:00,256.6300964355469,256.69000244140625,256.57000732421875,256.69000244140625,39916
2025-09-26 17:47:00+00:00,256.5150146484375,256.7099914550781,256.4800109863281,256.6700134277344,46489
2025-09-26 17:48:00+00:00,256.5899963378906,256.6300048828125,256.510986328125,256.5150146484375,30004
2025-09-26 17:49:00+00:00,256.4700012207031,256.6400146484375,256.42999267578125,256.6091003417969,39929
2025-09-26 17:50:00+00:00,256.331298828125,256.4599914550781,256.2799987792969,256.4599914550781,35421
2025-09-26 17:51:00+00:00,256.110107421875,256.3299865722656,256.1019897460937,256.32000732421875,46325
2025-09-26 17:52:00+00:00,256.1451110839844,256.17999267578125,256.1000061035156,256.114990234375,25106
2025-09-26 17:53:00+00:00,256.0809936523437,256.1451110839844,256.0599975585937,256.14129638671875,42849
2025-09-26 17:54:00+00:00,255.89010620117188,256.0799865722656,255.88999938964844,256.07000732421875,61786
2025-09-26 17:55:00+00:00,255.9250030517578,256.03729248046875,255.8600006103516,255.9149932861328,51479
2025-09-26 17:56:00+00:00,255.95989990234372,255.97000122070312,255.8802947998047,255.9250030517578,34763
2025-09-26 17:57:00+00:00,256.1741943359375,256.239990234375,255.9600982666016,255.9633026123047,49136
2025-09-26 17:58:00+00:00,256.1849975585937,256.19500732421875,256.05499267578125,256.19500732421875,30084
2025-09-26 17:59:00+00:00,256.1000061035156,256.2297058105469,256.1000061035156,256.1849975585937,27507
2025-09-26 18:00:00+00:00,256.2200012207031,256.2253112792969,256.0400085449219,256.0899963378906,18551
2025-09-26 18:01:00+00:00,256.19000244140625,256.260009765625,256.1499938964844,256.2149963378906,27786
2025-09-26 18:02:00+00:00,256.2099914550781,256.3388061523437,256.1849975585937,256.19000244140625,43268
2025-09-26 18:03:00+00:00,256.2200012207031,256.2449951171875,256.1700134277344,256.2250061035156,25789
2025-09-26 18:04:00+00:00,256.3800048828125,256.3999938964844,256.2200012207031,256.2200012207031,46374
2025-09-26 18:05:00+00:00,256.20001220703125,256.44000244140625,256.18121337890625,256.3800048828125,44979
2025-09-26 18:06:00+00:00,256.19000244140625,256.29998779296875,256.1600036621094,256.2099914550781,28296
2025-09-26 18:07:00+00:00,256.2300109863281,256.3299865722656,256.20001220703125,256.20001220703125,26444
2025-09-26 18:08:00+00:00,256.239990234375,256.2950134277344,256.1700134277344,256.239990234375,31916
2025-09-26 18:09:00+00:00,256.260009765625,256.2749938964844,256.2076110839844,256.239990234375,18016
2025-09-26 18:10:00+00:00,256.260009765625,256.3399963378906,256.2449951171875,256.260009765625,24021
2025-09-26 18:11:00+00:00,256.3099975585937,256.32000732421875,256.2250061035156,256.2799987792969,29478
2025-09-26 18:12:00+00:00,256.3800048828125,256.4200134277344,256.31280517578125,256.31298828125,38027
2025-09-26 18:13:00+00:00,256.3500061035156,256.4183959960937,256.3489990234375,256.3900146484375,28624
2025-09-26 18:14:00+00:00,256.385009765625,256.39990234375,256.25,256.3450012207031,24925
2025-09-26 18:15:00+00:00,256.5249938964844,256.5450134277344,256.3900146484375,256.3900146484375,45776
2025-09-26 18:16:00+00:00,256.5799865722656,256.5899963378906,256.45001220703125,256.5,44862
2025-09-26 18:17:00+00:00,256.56500244140625,256.6199951171875,256.4200134277344,256.5899963378906,52501
2025-09-26 18:18:00+00:00,256.6400146484375,256.6549987792969,256.5600891113281,256.5799865722656,34128
2025-09-26 18:19:00+00:00,256.6700134277344,256.7099914550781,256.6376037597656,256.6499938964844,56998
2025-09-26 18:20:00+00:00,256.5799865722656,256.6700134277344,256.5799865722656,256.6600036621094,42572
2025-09-26 18:21:00+00:00,256.5899963378906,256.635009765625,256.5299987792969,256.568603515625,24101
2025-09-26 18:22:00+00:00,256.55499267578125,256.6050109863281,256.510009765625,256.5899963378906,20105
2025-09-26 18:23:00+00:00,256.6300048828125,256.6600036621094,256.5599975585937,256.5599975585937,28644
2025-09-26 18:24:00+00:00,256.760009765625,256.7699890136719,256.6199951171875,256.6300048828125,29678
2025-09-26 18:25:00+00:00,256.6400146484375,256.7799987792969,256.54998779296875,256.7699890136719,90947
2025-09-26 18:26:00+00:00,256.67999267578125,256.75,256.64630126953125,256.6549987792969,39690
2025-09-26 18:27:00+00:00,256.6600036621094,256.7200012207031,256.6177062988281,256.6700134277344,26109
2025-09-26 18:28:00+00:00,256.5400085449219,256.6499938964844,256.53009033203125,256.6499938964844,28341
2025-09-26 18:29:00+00:00,256.55499267578125,256.5899963378906,256.5400085449219,256.5599975585937,28911
2025-09-26 18:30:00+00:00,256.54998779296875,256.6199951171875,256.54998779296875,256.56500244140625,30427
2025-09-26 18:31:00+00:00,256.3999938964844,256.55499267578125,256.3602905273437,256.54998779296875,46990
2025-09-26 18:32:00+00:00,256.42999267578125,256.4599914550781,256.3550109863281,256.3800048828125,29774
2025-09-26 18:33:00+00:00,256.43310546875,256.44000244140625,256.3900146484375,256.3949890136719,21884
2025-09-26 18:34:00+00:00,256.4419860839844,256.4700012207031,256.4100036621094,256.4599914550781,20059
2025-09-26 18:35:00+00:00,256.5299987792969,256.54998779296875,256.4100036621094,256.44000244140625,30622
2025-09-26 18:36:00+00:00,256.5199890136719,256.6036071777344,256.5,256.5450134277344,30822
2025-09-26 18:37:00+00:00,256.6481018066406,256.69000244140625,256.5227966308594,256.5227966308594,23825
2025-09-26 18:38:00+00:00,256.69000244140625,256.70001220703125,256.6199951171875,256.6300048828125,31427
2025-09-26 18:39:00+00:00,256.6400146484375,256.7298889160156,256.6400146484375,256.70001220703125,31743
2025-09-26 18:40:00+00:00,256.5199890136719,256.6700134277344,256.5199890136719,256.6401062011719,33816
2025-09-26 18:41:00+00:00,256.57000732421875,256.5899963378906,256.5,256.5199890136719,37197
2025-09-26 18:42:00+00:00,256.46209716796875,256.5924072265625,256.4599914550781,256.5924072265625,27506
2025-09-26 18:43:00+00:00,256.42999267578125,256.5249938964844,256.4100036621094,256.45001220703125,30248
2025-09-26 18:44:00+00:00,256.32000732421875,256.4349975585937,256.32000732421875,256.42999267578125,37450
2025-09-26 18:45:00+00:00,256.19000244140625,256.3399963378906,256.1499938964844,256.3299865722656,45862
2025-09-26 18:46:00+00:00,255.9654998779297,256.17999267578125,255.9654998779297,256.1700134277344,42089
2025-09-26 18:47:00+00:00,256.1549987792969,256.1673889160156,255.9750061035156,255.9750061035156,32190
2025-09-26 18:48:00+00:00,256.2049865722656,256.2049865722656,256.1300048828125,256.1615905761719,32602
2025-09-26 18:49:00+00:00,256.2200012207031,256.260009765625,256.1700134277344,256.20001220703125,30513
2025-09-26 18:50:00+00:00,256.1499938964844,256.2300109863281,256.1000061035156,256.2300109863281,23379
2025-09-26 18:51:00+00:00,256.1600036621094,256.1700134277344,256.04998779296875,256.1499938964844,26569
2025-09-26 18:52:00+00:00,256.1430969238281,256.1700134277344,256.0869140625,256.15008544921875,20060
2025-09-26 18:53:00+00:00,256.1499938964844,256.2041015625,256.110107421875,256.159912109375,28642
2025-09-26 18:54:00+00:00,256.19000244140625,256.21551513671875,256.1199951171875,256.1499938964844,24953
2025-09-26 18:55:00+00:00,256.2427978515625,256.25,256.1700134277344,256.19000244140625,34859
2025-09-26 18:56:00+00:00,256.32000732421875,256.3301086425781,256.19000244140625,256.2250061035156,26094
2025-09-26 18:57:00+00:00,256.2950134277344,256.3301086425781,256.2449951171875,256.32000732421875,26885
2025-09-26 18:58:00+00:00,256.2799987792969,256.3099975585937,256.2550048828125,256.29998779296875,27899
2025-09-26 18:59:00+00:00,256.20001220703125,256.2799987792969,256.1499938964844,256.2799987792969,30600
2025-09-26 19:00:00+00:00,256.1300048828125,256.2200012207031,256.1131896972656,256.20001220703125,18535
2025-09-26 19:01:00+00:00,256.0599060058594,256.1610107421875,256.0299987792969,256.1300048828125,28968
2025-09-26 19:02:00+00:00,256.07501220703125,256.0849914550781,256.0199890136719,256.05499267578125,34643
2025-09-26 19:03:00+00:00,256.1054992675781,256.1099853515625,256.05419921875,256.07000732421875,32110
2025-09-26 19:04:00+00:00,256.04998779296875,256.135009765625,256.039794921875,256.114990234375,43257
2025-09-26 19:05:00+00:00,256.1499938964844,256.17498779296875,256.0400085449219,256.04998779296875,37136
2025-09-26 19:06:00+00:00,255.9149932861328,256.1549987792969,255.9102020263672,256.1499938964844,62181
2025-09-26 19:07:00+00:00,255.85499572753903,255.92999267578125,255.8209991455078,255.91000366210935,36679
2025-09-26 19:08:00+00:00,255.7899932861328,255.8800048828125,255.7899932861328,255.8600006103516,39386
2025-09-26 19:09:00+00:00,255.75929260253903,255.8000030517578,255.7100067138672,255.7899932861328,48915
2025-09-26 19:10:00+00:00,255.75,255.77999877929688,255.69070434570312,255.75,41320
2025-09-26 19:11:00+00:00,255.7516021728516,255.7998962402344,255.7050018310547,255.75,39224
2025-09-26 19:12:00+00:00,255.69500732421875,255.7700042724609,255.6829071044922,255.75999450683597,27036
2025-09-26 19:13:00+00:00,255.65499877929688,255.6999053955078,255.6199951171875,255.69500732421875,44449
2025-09-26 19:14:00+00:00,255.52999877929688,255.67999267578125,255.5200958251953,255.6699981689453,51468
2025-09-26 19:15:00+00:00,255.5500030517578,255.57000732421875,255.4900054931641,255.52999877929688,56271
2025-09-26 19:16:00+00:00,255.59100341796875,255.63999938964844,255.5449981689453,255.55499267578125,44535
2025-09-26 19:17:00+00:00,255.63999938964844,255.6869964599609,255.5800018310547,255.5800018310547,34696
2025-09-26 19:18:00+00:00,255.6649932861328,255.69000244140625,255.6000061035156,255.6499938964844,41378
2025-09-26 19:19:00+00:00,255.6499938964844,255.67999267578125,255.6199951171875,255.6649932861328,45558
2025-09-26 19:20:00+00:00,255.63999938964844,255.6649932861328,255.6000061035156,255.63999938964844,34399
2025-09-26 19:21:00+00:00,255.64610290527344,255.65499877929688,255.56500244140625,255.6499938964844,37929
2025-09-26 19:22:00+00:00,255.6260986328125,255.67999267578125,255.6260986328125,255.64649963378903,34629
2025-09-26 19:23:00+00:00,255.69000244140625,255.6999969482422,255.6300048828125,255.63999938964844,29774
2025-09-26 19:24:00+00:00,255.58999633789065,255.6999969482422,255.58859252929688,255.69000244140625,33761
2025-09-26 19:25:00+00:00,255.6499938964844,255.6558074951172,255.55999755859372,255.59100341796875,34316
2025-09-26 19:26:00+00:00,255.7749938964844,255.8300018310547,255.66000366210935,255.66000366210935,55314
2025-09-26 19:27:00+00:00,255.7100067138672,255.7700042724609,255.68499755859372,255.7700042724609,40035
2025-09-26 19:28:00+00:00,255.72999572753903,255.7801055908203,255.7100067138672,255.7100067138672,35937
2025-09-26 19:29:00+00:00,255.6450042724609,255.72000122070312,255.6300048828125,255.72000122070312,28490
2025-09-26 19:30:00+00:00,255.45899963378903,255.64979553222656,255.42999267578125,255.63999938964844,77560
2025-09-26 19:31:00+00:00,255.33999633789065,255.47999572753903,255.30999755859372,255.4499969482422,73749
2025-09-26 19:32:00+00:00,255.3300018310547,255.35899353027344,255.27999877929688,255.34979248046875,60394
2025-09-26 19:33:00+00:00,255.32000732421875,255.3500061035156,255.2749938964844,255.3300018310547,30528
2025-09-26 19:34:00+00:00,255.2100067138672,255.3800048828125,255.1999969482422,255.3300018310547,73026
2025-09-26 19:35:00+00:00,255.1100006103516,255.2700042724609,255.1100006103516,255.22000122070312,65273
2025-09-26 19:36:00+00:00,255.05999755859372,255.13009643554688,255.0449981689453,255.1199951171875,62533
2025-09-26 19:37:00+00:00,255.1602020263672,255.17999267578125,254.97999572753903,255.05999755859372,99541
2025-09-26 19:38:00+00:00,255.1100006103516,255.2100067138672,255.07000732421875,255.1699981689453,39139
2025-09-26 19:39:00+00:00,255.1199951171875,255.1499938964844,255.07020568847656,255.1100006103516,46803
2025-09-26 19:40:00+00:00,255.0800018310547,255.16000366210935,255.0500030517578,255.1199951171875,46496
2025-09-26 19:41:00+00:00,254.9900054931641,255.0800018310547,254.9600067138672,255.0800018310547,96352
2025-09-26 19:42:00+00:00,255.16439819335935,255.1661071777344,254.9850006103516,254.9850006103516,40008
2025-09-26 19:43:00+00:00,255.16000366210935,255.2100067138672,255.13499450683597,255.1649932861328,57644
2025-09-26 19:44:00+00:00,255.1649932861328,255.2400054931641,255.1100006103516,255.16000366210935,58690
2025-09-26 19:45:00+00:00,255.13999938964844,255.19000244140625,255.1100006103516,255.1699981689453,38292
2025-09-26 19:46:00+00:00,255.15499877929688,255.1699981689453,255.1100006103516,255.1450042724609,26382
2025-09-26 19:47:00+00:00,255.1750030517578,255.2100067138672,255.1199951171875,255.15499877929688,53881
2025-09-26 19:48:00+00:00,255.25999450683597,255.30499267578125,255.13999938964844,255.1699981689453,60370
2025-09-26 19:49:00+00:00,255.2899932861328,255.3500061035156,255.2100067138672,255.25999450683597,55937
2025-09-26 19:50:00+00:00,255.1199951171875,255.27999877929688,255.05999755859372,255.27999877929688,89909
2025-09-26 19:51:00+00:00,255.1699981689453,255.21499633789065,255.1100006103516,255.13999938964844,95327
2025-09-26 19:52:00+00:00,254.99989318847656,255.22999572753903,254.97999572753903,255.16000366210935,103403
2025-09-26 19:53:00+00:00,255.05999755859372,255.05999755859372,254.8999938964844,255.00999450683597,140935
2025-09-26 19:54:00+00:00,255.2400054931641,255.32000732421875,254.98989868164065,255.0399932861328,122326
2025-09-26 19:55:00+00:00,255.3600006103516,255.3800048828125,255.22000122070312,255.25,183695
2025-09-26 19:56:00+00:00,255.1999969482422,255.4600067138672,254.92999267578125,255.3699951171875,249118
2025-09-26 19:57:00+00:00,255.3350067138672,255.38499450683597,255.1199951171875,255.19500732421875,157644
2025-09-26 19:58:00+00:00,255.41000366210935,255.42999267578125,255.25999450683597,255.3300018310547,231942
2025-09-26 19:59:00+00:00,255.4600067138672,255.5299072265625,255.30999755859372,255.40499877929688,484618
2025-09-29 13:30:00+00:00,254.0500030517578,254.7899932861328,253.91000366210935,254.63999938964844,1272275
2025-09-29 13:31:00+00:00,253.6750030517578,254.38999938964844,253.5200042724609,254.01499938964844,210664
2025-09-29 13:32:00+00:00,254.3000030517578,254.3000030517578,253.56500244140625,253.6999969482422,186692
2025-09-29 13:33:00+00:00,254.1199951171875,254.32000732421875,253.8800048828125,254.2400054931641,98311
2025-09-29 13:34:00+00:00,253.639892578125,254.14990234375,253.5,254.1199951171875,140683
2025-09-29 13:35:00+00:00,253.3999938964844,253.63999938964844,253.2899932861328,253.6000061035156,211430
2025-09-29 13:36:00+00:00,253.47000122070312,253.6699981689453,253.2400054931641,253.3999938964844,154100
2025-09-29 13:37:00+00:00,253.3350067138672,253.67999267578125,253.16000366210935,253.4600067138672,123668
2025-09-29 13:38:00+00:00,253.0791015625,253.41000366210935,253.00999450683597,253.3350067138672,139153
2025-09-29 13:39:00+00:00,253.3300018310547,253.5,253.0800018310547,253.0800018310547,103874
2025-09-29 13:40:00+00:00,253.6100006103516,253.6298065185547,253.322998046875,253.322998046875,95275
2025-09-29 13:41:00+00:00,253.38999938964844,253.6300048828125,253.25999450683597,253.6175994873047,104522
2025-09-29 13:42:00+00:00,253.67999267578125,253.69000244140625,253.32000732421875,253.38999938964844,83782
2025-09-29 13:43:00+00:00,254.0200042724609,254.07000732421875,253.6226043701172,253.69000244140625,192522
2025-09-29 13:44:00+00:00,253.96499633789065,254.07000732421875,253.8303985595703,254.0200042724609,80822
2025-09-29 13:45:00+00:00,254.03500366210935,254.11700439453125,253.9600067138672,253.97000122070312,136938
2025-09-29 13:46:00+00:00,253.91000366210935,254.07000732421875,253.8699951171875,254.03500366210935,99217
2025-09-29 13:47:00+00:00,254.02999877929688,254.1000061035156,253.8999938964844,253.9499969482422,87089
2025-09-29 13:48:00+00:00,254.02999877929688,254.1999969482422,253.97000122070312,254.0442047119141,60601
2025-09-29 13:49:00+00:00,254.05999755859372,254.1100006103516,254.0,254.0200042724609,90076
2025-09-29 13:50:00+00:00,254.2100067138672,254.33999633789065,254.0,254.05999755859372,80776
2025-09-29 13:51:00+00:00,254.2700958251953,254.33999633789065,254.14010620117188,254.19000244140625,74924
2025-09-29 13:52:00+00:00,254.16000366210935,254.28500366210935,254.05999755859372,254.22999572753903,64452
2025-09-29 13:53:00+00:00,254.1699981689453,254.22999572753903,254.04010009765625,254.1750030517578,57344
2025-09-29 13:54:00+00:00,253.7899932861328,254.22999572753903,253.72000122070312,254.19500732421875,87398
2025-09-29 13:55:00+00:00,253.83999633789065,253.97000122070312,253.72000122070312,253.77999877929688,89042
2025-09-29 13:56:00+00:00,253.8235015869141,254.01589965820312,253.78399658203125,253.8594970703125,60134
2025-09-29 13:57:00+00:00,254.19000244140625,254.2100982666016,253.77999877929688,253.8249969482422,65148
2025-09-29 13:58:00+00:00,253.88589477539065,254.22000122070312,253.88589477539065,254.17999267578125,76955
2025-09-29 13:59:00+00:00,253.7050018310547,254.0800018310547,253.67999267578125,253.8999938964844,77568
2025-09-29 14:00:00+00:00,253.32000732421875,253.8804931640625,253.30999755859372,253.7050018310547,139631
2025-09-29 14:01:00+00:00,253.3500061035156,253.4499969482422,253.2709045410156,253.3300018310547,98812
2025-09-29 14:02:00+00:00,253.3500061035156,253.55499267578125,253.28509521484372,253.3511962890625,98606
2025-09-29 14:03:00+00:00,253.33999633789065,253.47659301757807,253.31500244140625,253.3800048828125,53983
2025-09-29 14:04:00+00:00,253.50999450683597,253.5399932861328,253.35499572753903,253.35499572753903,54094
2025-09-29 14:05:00+00:00,253.6699981689453,253.7100067138672,253.4900054931641,253.5200042724609,72500
2025-09-29 14:06:00+00:00,253.7100067138672,253.75799560546875,253.63450622558597,253.6499938964844,52531
2025-09-29 14:07:00+00:00,253.85549926757807,253.91000366210935,253.66000366210935,253.70700073242188,75357
2025-09-29 14:08:00+00:00,253.96499633789065,254.02310180664065,253.8614044189453,253.9199981689453,65198
2025-09-29 14:09:00+00:00,254.1699981689453,254.22999572753903,253.94000244140625,253.97999572753903,87208
2025-09-29 14:10:00+00:00,254.1300048828125,254.22999572753903,254.1199951171875,254.1750030517578,63653
2025-09-29 14:11:00+00:00,253.9600067138672,254.1479949951172,253.82000732421875,254.14210510253903,72440
2025-09-29 14:12:00+00:00,254.125,254.125,253.94000244140625,253.9499969482422,43553
2025-09-29 14:13:00+00:00,254.0249938964844,254.1699981689453,254.02029418945312,254.1300048828125,45964
2025-09-29 14:14:00+00:00,254.42210388183597,254.4499969482422,254.00999450683597,254.02999877929688,104594
2025-09-29 14:15:00+00:00,254.33999633789065,254.5,254.32000732421875,254.42979431152344,70658
2025-09-29 14:16:00+00:00,254.25,254.3600006103516,254.17999267578125,254.32009887695312,50199
2025-09-29 14:17:00+00:00,254.0039978027344,254.2700042724609,254.0039978027344,254.25999450683597,69759
2025-09-29 14:18:00+00:00,253.98880004882807,254.1100006103516,253.9199981689453,254.02999877929688,56941
2025-09-29 14:19:00+00:00,253.9600067138672,254.0373992919922,253.9149932861328,253.9635009765625,42546
2025-09-29 14:20:00+00:00,254.06500244140625,254.1100006103516,253.8287048339844,253.97000122070312,65407
2025-09-29 14:21:00+00:00,254.13499450683597,254.1699981689453,253.9900054931641,254.05999755859372,62145
2025-09-29 14:22:00+00:00,254.2164001464844,254.22000122070312,254.08729553222656,254.13999938964844,64252
2025-09-29 14:23:00+00:00,254.22999572753903,254.2899932861328,254.125,254.2100067138672,48944
2025-09-29 14:24:00+00:00,254.2100067138672,254.2400054931641,254.1199951171875,254.2250061035156,38247
2025-09-29 14:25:00+00:00,254.13999938964844,254.22999572753903,254.1060028076172,254.1999969482422,38147
2025-09-29 14:26:00+00:00,254.19000244140625,254.2700042724609,254.1080017089844,254.12620544433597,43048
2025-09-29 14:27:00+00:00,254.2100067138672,254.2599029541016,254.1562957763672,254.18499755859372,35249
2025-09-29 14:28:00+00:00,254.2050018310547,254.22000122070312,254.1201019287109,254.1999969482422,43642
2025-09-29 14:29:00+00:00,254.2198944091797,254.22999572753903,254.07000732421875,254.1999969482422,43319
2025-09-29 14:30:00+00:00,254.1300048828125,254.2400054931641,254.1082000732422,254.2050018310547,43091
2025-09-29 14:31:00+00:00,254.0200042724609,254.1499938964844,254.0050048828125,254.1499938964844,29247
2025-09-29 14:32:00+00:00,254.0500030517578,254.0800018310547,254.00369262695312,254.05999755859372,34397
2025-09-29 14:33:00+00:00,254.13999938964844,254.1499938964844,254.00999450683597,254.0399932861328,46560
2025-09-29 14:34:00+00:00,254.08999633789065,254.1699981689453,254.0850067138672,254.13999938964844,33138
2025-09-29 14:35:00+00:00,254.0500030517578,254.1100006103516,253.9900054931641,254.1000061035156,61668
2025-09-29 14:36:00+00:00,254.07000732421875,254.1199951171875,253.97000122070312,254.02999877929688,43907
2025-09-29 14:37:00+00:00,253.94000244140625,254.0791931152344,253.82000732421875,254.0791931152344,60517
2025-09-29 14:38:00+00:00,253.92999267578125,254.0850067138672,253.8999938964844,253.92999267578125,105274
2025-09-29 14:39:00+00:00,253.9290008544922,254.17999267578125,253.89300537109372,253.92999267578125,73258
2025-09-29 14:40:00+00:00,253.7709045410156,253.94000244140625,253.74009704589844,253.92979431152344,56264
2025-09-29 14:41:00+00:00,253.8800048828125,253.92999267578125,253.6999969482422,253.75999450683597,66114
2025-09-29 14:42:00+00:00,253.92999267578125,253.96499633789065,253.8500061035156,253.875,39490
2025-09-29 14:43:00+00:00,253.97999572753903,254.0399932861328,253.92100524902344,253.93299865722656,40323
2025-09-29 14:44:00+00:00,254.1199951171875,254.15499877929688,253.9700927734375,253.97999572753903,67259
2025-09-29 14:45:00+00:00,254.17100524902344,254.1750030517578,254.0800018310547,254.1300048828125,54171
2025-09-29 14:46:00+00:00,254.1531982421875,254.23980712890625,254.1300048828125,254.1750030517578,56245
2025-09-29 14:47:00+00:00,254.03140258789065,254.1403045654297,253.97000122070312,254.1403045654297,76458
2025-09-29 14:48:00+00:00,254.0449981689453,254.16000366210935,254.0,254.03179931640625,47506
2025-09-29 14:49:00+00:00,253.9750061035156,254.0800018310547,253.9499969482422,254.0449981689453,43412
2025-09-29 14:50:00+00:00,253.92999267578125,254.0399932861328,253.9243927001953,253.97999572753903,46438
2025-09-29 14:51:00+00:00,253.97999572753903,254.02999877929688,253.8699951171875,253.94000244140625,75644
2025-09-29 14:52:00+00:00,253.94000244140625,254.02859497070312,253.91000366210935,253.9850006103516,32468
2025-09-29 14:53:00+00:00,253.9149932861328,253.97999572753903,253.8699951171875,253.9499969482422,36730
2025-09-29 14:54:00+00:00,253.9600067138672,254.0,253.8950042724609,253.9199981689453,57570
2025-09-29 14:55:00+00:00,253.92999267578125,254.03700256347656,253.9149932861328,253.97999572753903,26086
2025-09-29 14:56:00+00:00,253.7899932861328,253.9300994873047,253.76409912109372,253.9300994873047,43838
2025-09-29 14:57:00+00:00,253.84710693359372,253.8999938964844,253.81509399414065,253.81509399414065,36481
2025-09-29 14:58:00+00:00,253.82000732421875,253.8699951171875,253.7812042236328,253.8300018310547,49672
2025-09-29 14:59:00+00:00,253.92999267578125,253.9900054931641,253.78500366210935,253.80999755859372,73806
2025-09-29 15:00:00+00:00,254.0027008056641,254.0998992919922,253.8800048828125,253.9499969482422,52463
2025-09-29 15:01:00+00:00,254.0399932861328,254.1000061035156,253.97000122070312,254.0,58876
2025-09-29 15:02:00+00:00,254.1300048828125,254.1300048828125,254.0399932861328,254.0399932861328,53730
2025-09-29 15:03:00+00:00,254.0997009277344,254.15499877929688,254.0800018310547,254.1300048828125,48890
2025-09-29 15:04:00+00:00,254.00999450683597,254.1199951171875,254.0,254.08999633789065,37319
2025-09-29 15:05:00+00:00,254.1499938964844,254.1699981689453,254.01119995117188,254.0249938964844,39276
2025-09-29 15:06:00+00:00,254.1000061035156,254.13999938964844,254.07000732421875,254.1300048828125,48561
2025-09-29 15:07:00+00:00,254.0502014160156,254.1000061035156,254.0249938964844,254.09500122070312,33601
2025-09-29 15:08:00+00:00,254.0200958251953,254.1000061035156,254.0200042724609,254.05999755859372,31874
2025-09-29 15:09:00+00:00,254.1199951171875,254.16000366210935,254.0153045654297,254.02999877929688,35642
2025-09-29 15:10:00+00:00,254.1000061035156,254.1499938964844,254.08999633789065,254.1300048828125,26872
2025-09-29 15:11:00+00:00,254.0901031494141,254.16000366210935,254.0901031494141,254.1000061035156,36406
2025-09-29 15:12:00+00:00,254.07130432128903,254.093505859375,253.92999267578125,254.08999633789065,46014
2025-09-29 15:13:00+00:00,254.06500244140625,254.07000732421875,253.9949951171875,254.0500030517578,24341
2025-09-29 15:14:00+00:00,253.84249877929688,254.05870056152344,253.84249877929688,254.05870056152344,43644
2025-09-29 15:15:00+00:00,253.8699951171875,253.92999267578125,253.75999450683597,253.8500061035156,54476
2025-09-29 15:16:00+00:00,253.8500061035156,253.90989685058597,253.8076019287109,253.8800048828125,26476
2025-09-29 15:17:00+00:00,253.6750030517578,253.86419677734372,253.63999938964844,253.83999633789065,40083
2025-09-29 15:18:00+00:00,253.71299743652344,253.72999572753903,253.5800018310547,253.6699981689453,40962
2025-09-29 15:19:00+00:00,253.7100067138672,253.7400054931641,253.6499938964844,253.6999969482422,33852
2025-09-29 15:20:00+00:00,253.6000061035156,253.7400054931641,253.57000732421875,253.69500732421875,43503
2025-09-29 15:21:00+00:00,253.63999938964844,253.70989990234372,253.6082000732422,253.6082000732422,30147
2025-09-29 15:22:00+00:00,253.6000061035156,253.6649932861328,253.55999755859372,253.6499938964844,33160
2025-09-29 15:23:00+00:00,253.6934967041016,253.7100067138672,253.57000732421875,253.58999633789065,40539
2025-09-29 15:24:00+00:00,253.4600067138672,253.714599609375,253.4250030517578,253.6999969482422,51945
2025-09-29 15:25:00+00:00,253.42999267578125,253.5399932861328,253.38999938964844,253.45350646972656,43377
2025-09-29 15:26:00+00:00,253.37860107421875,253.50999450683597,253.3600006103516,253.4250030517578,47578
2025-09-29 15:27:00+00:00,253.3370056152344,253.3999938964844,253.30999755859372,253.3699951171875,36588
2025-09-29 15:28:00+00:00,253.41000366210935,253.4499969482422,253.3500061035156,253.3500061035156,53439
2025-09-29 15:29:00+00:00,253.47000122070312,253.55999755859372,253.41000366210935,253.41000366210935,84198
2025-09-29 15:30:00+00:00,253.54379272460935,253.6100006103516,253.4499969482422,253.4665069580078,45883
2025-09-29 15:31:00+00:00,253.4250030517578,253.6000061035156,253.4199981689453,253.56460571289065,38323
2025-09-29 15:32:00+00:00,253.44000244140625,253.52999877929688,253.4300994873047,253.44500732421875,57281
2025-09-29 15:33:00+00:00,253.5050048828125,253.52999877929688,253.38999938964844,253.44000244140625,57971
2025-09-29 15:34:00+00:00,253.52999877929688,253.55999755859372,253.47000122070312,253.47999572753903,29859
2025-09-29 15:35:00+00:00,253.46609497070312,253.6486053466797,253.4584045410156,253.5399932861328,41943
2025-09-29 15:36:00+00:00,253.17999267578125,253.47999572753903,253.16200256347656,253.4600067138672,77666
2025-09-29 15:37:00+00:00,253.2449951171875,253.25999450683597,253.1199951171875,253.17999267578125,59008
2025-09-29 15:38:00+00:00,253.19500732421875,253.25999450683597,253.16000366210935,253.2400054931641,36114
2025-09-29 15:39:00+00:00,253.3500061035156,253.3600006103516,253.1300048828125,253.1999969482422,53747
2025-09-29 15:40:00+00:00,253.2700042724609,253.3999938964844,253.25010681152344,253.3600006103516,33122
2025-09-29 15:41:00+00:00,253.44000244140625,253.4900054931641,253.27659606933597,253.28500366210935,31059
2025-09-29 15:42:00+00:00,253.30999755859372,253.4499969482422,253.27740478515625,253.44000244140625,39911
2025-09-29 15:43:00+00:00,253.38119506835935,253.38119506835935,253.25,253.3300018310547,22247
2025-09-29 15:44:00+00:00,253.4900054931641,253.57000732421875,253.3699951171875,253.38150024414065,61670
2025-09-29 15:45:00+00:00,253.47000122070312,253.6300048828125,253.32000732421875,253.47999572753903,65543
2025-09-29 15:46:00+00:00,253.43499755859372,253.52870178222656,253.4199981689453,253.47000122070312,40352
2025-09-29 15:47:00+00:00,253.47999572753903,253.5249938964844,253.4300994873047,253.4300994873047,46332
2025-09-29 15:48:00+00:00,253.4149932861328,253.4900054931641,253.3800048828125,253.4900054931641,18294
2025-09-29 15:49:00+00:00,253.3999938964844,253.42999267578125,253.3800048828125,253.41000366210935,21611
2025-09-29 15:50:00+00:00,253.33999633789065,253.43499755859372,253.33999633789065,253.3999938964844,27629
2025-09-29 15:51:00+00:00,253.3249969482422,253.39990234375,253.27999877929688,253.3444061279297,35207
2025-09-29 15:52:00+00:00,253.3199005126953,253.3500061035156,253.25469970703125,253.32020568847656,31249
2025-09-29 15:53:00+00:00,253.2899932861328,253.3112945556641,253.2400054931641,253.2899932861328,27563
2025-09-29 15:54:00+00:00,253.47999572753903,253.52999877929688,253.30999755859372,253.30999755859372,61566
2025-09-29 15:55:00+00:00,253.43499755859372,253.5821075439453,253.42770385742188,253.5200042724609,55620
2025-09-29 15:56:00+00:00,253.49639892578125,253.52999877929688,253.3800048828125,253.43499755859372,28966
2025-09-29 15:57:00+00:00,253.47479248046875,253.52999877929688,253.4499969482422,253.5200042724609,39842
2025-09-29 15:58:00+00:00,253.34500122070312,253.4799041748047,253.3300018310547,253.4799041748047,32311
2025-09-29 15:59:00+00:00,253.53500366210935,253.5399932861328,253.3300018310547,253.33999633789065,39739
2025-09-29 16:00:00+00:00,253.67999267578125,253.7198944091797,253.52999877929688,253.52999877929688,59618
2025-09-29 16:01:00+00:00,253.67999267578125,253.69000244140625,253.6100006103516,253.69000244140625,35884
2025-09-29 16:02:00+00:00,253.75,253.76499938964844,253.57000732421875,253.6699981689453,56844
2025-09-29 16:03:00+00:00,253.72000122070312,253.7749938964844,253.67999267578125,253.7400054931641,30608
2025-09-29 16:04:00+00:00,253.69000244140625,253.7400054931641,253.66000366210935,253.7400054931641,19406
2025-09-29 16:05:00+00:00,253.77999877929688,253.8000030517578,253.67030334472656,253.67999267578125,39653
2025-09-29 16:06:00+00:00,253.7100982666016,253.8000030517578,253.7100982666016,253.7899932861328,23105
2025-09-29 16:07:00+00:00,253.6000061035156,253.78500366210935,253.6000061035156,253.7400054931641,33545
2025-09-29 16:08:00+00:00,253.72000122070312,253.72999572753903,253.57009887695312,253.6199951171875,35039
2025-09-29 16:09:00+00:00,253.7872009277344,253.8300018310547,253.7100067138672,253.72000122070312,43878
2025-09-29 16:10:00+00:00,253.8999938964844,253.8999938964844,253.7700958251953,253.7700958251953,32687
2025-09-29 16:11:00+00:00,253.9199981689453,253.93130493164065,253.8498992919922,253.8699951171875,38643
2025-09-29 16:12:00+00:00,254.00999450683597,254.05999755859372,253.92999267578125,253.92999267578125,105701
2025-09-29 16:13:00+00:00,254.0200042724609,254.03160095214844,253.9499969482422,254.00999450683597,23642
2025-09-29 16:14:00+00:00,254.0050048828125,254.07000732421875,254.0050048828125,254.0198974609375,21213
2025-09-29 16:15:00+00:00,254.02850341796875,254.05999755859372,253.9801025390625,254.00509643554688,33631
2025-09-29 16:16:00+00:00,253.98989868164065,254.0200042724609,253.92999267578125,254.0200042724609,26682
2025-09-29 16:17:00+00:00,253.78500366210935,253.97999572753903,253.75,253.97999572753903,34944
2025-09-29 16:18:00+00:00,253.8300018310547,253.8397979736328,253.75,253.7899932861328,36332
2025-09-29 16:19:00+00:00,253.83999633789065,253.88949584960935,253.82000732421875,253.83999633789065,33359
2025-09-29 16:20:00+00:00,253.8500061035156,253.90499877929688,253.80999755859372,253.8500061035156,33307
2025-09-29 16:21:00+00:00,253.80999755859372,253.8600006103516,253.7700042724609,253.8500061035156,25665
2025-09-29 16:22:00+00:00,253.875,253.875,253.75,253.81149291992188,24286
2025-09-29 16:23:00+00:00,253.83200073242188,253.89129638671875,253.82069396972656,253.875,20857
2025-09-29 16:24:00+00:00,253.8500061035156,253.8600006103516,253.8000030517578,253.8300018310547,20519
2025-09-29 16:25:00+00:00,253.8000030517578,253.8800048828125,253.77999877929688,253.8500061035156,35533
2025-09-29 16:26:00+00:00,253.80999755859372,253.8699951171875,253.7899932861328,253.8070068359375,21334
2025-09-29 16:27:00+00:00,253.7700042724609,253.8000030517578,253.72999572753903,253.7700042724609,22829
2025-09-29 16:28:00+00:00,253.71969604492188,253.7700042724609,253.69000244140625,253.7700042724609,26708
2025-09-29 16:29:00+00:00,253.66000366210935,253.72999572753903,253.63999938964844,253.72000122070312,22162
2025-09-29 16:30:00+00:00,253.72000122070312,253.75999450683597,253.6699981689453,253.6699981689453,24697
2025-09-29 16:31:00+00:00,253.6450042724609,253.7400054931641,253.6450042724609,253.72000122070312,21802
2025-09-29 16:32:00+00:00,253.68829345703125,253.69000244140625,253.6302947998047,253.6450042724609,21394
2025-09-29 16:33:00+00:00,253.7350006103516,253.7700042724609,253.6499938964844,253.67999267578125,54960
2025-09-29 16:34:00+00:00,253.7100067138672,253.7586975097656,253.66000366210935,253.7350006103516,25639
2025-09-29 16:35:00+00:00,253.5807037353516,253.69000244140625,253.55999755859372,253.69000244140625,29743
2025-09-29 16:36:00+00:00,253.5800018310547,253.61129760742188,253.52999877929688,253.58169555664065,29319
2025-09-29 16:37:00+00:00,253.5800018310547,253.6199951171875,253.55999755859372,253.58999633789065,19391
2025-09-29 16:38:00+00:00,253.5850067138672,253.6100006103516,253.55999755859372,253.58799743652344,26706
2025-09-29 16:39:00+00:00,253.63999938964844,253.7050018310547,253.5850067138672,253.5850067138672,33939
2025-09-29 16:40:00+00:00,253.58999633789065,253.6450042724609,253.5200042724609,253.63999938964844,26089
2025-09-29 16:41:00+00:00,253.66000366210935,253.68609619140625,253.5800018310547,253.5850067138672,28831
2025-09-29 16:42:00+00:00,253.7350006103516,253.7799072265625,253.66000366210935,253.66000366210935,38760
2025-09-29 16:43:00+00:00,253.6199951171875,253.7449951171875,253.6199951171875,253.7449951171875,35636
2025-09-29 16:44:00+00:00,253.53939819335935,253.6300048828125,253.52999877929688,253.6300048828125,25480
2025-09-29 16:45:00+00:00,253.55999755859372,253.5800018310547,253.47869873046875,253.52999877929688,33742
2025-09-29 16:46:00+00:00,253.46929931640625,253.57000732421875,253.4499969482422,253.5500030517578,32151
2025-09-29 16:47:00+00:00,253.4506072998047,253.5,253.4326934814453,253.4613037109375,26036
2025-09-29 16:48:00+00:00,253.4499969482422,253.47000122070312,253.3800048828125,253.4600067138672,50580
2025-09-29 16:49:00+00:00,253.4497985839844,253.46499633789065,253.4199981689453,253.4512939453125,20272
2025-09-29 16:50:00+00:00,253.42999267578125,253.466796875,253.3500061035156,253.43870544433597,32395
2025-09-29 16:51:00+00:00,253.3300018310547,253.43299865722656,253.31500244140625,253.4199981689453,25320
2025-09-29 16:52:00+00:00,253.32000732421875,253.35499572753903,253.3000030517578,253.32000732421875,31808
2025-09-29 16:53:00+00:00,253.3600006103516,253.3600006103516,253.2700042724609,253.30999755859372,25090
2025-09-29 16:54:00+00:00,253.27999877929688,253.3600006103516,253.27999877929688,253.35870361328125,17382
2025-09-29 16:55:00+00:00,253.2700042724609,253.32000732421875,253.25,253.2749938964844,36868
2025-09-29 16:56:00+00:00,253.2899932861328,253.3600006103516,253.25,253.25999450683597,49575
2025-09-29 16:57:00+00:00,253.31500244140625,253.3800048828125,253.25999450683597,253.3000030517578,49823
2025-09-29 16:58:00+00:00,253.3999938964844,253.3999938964844,253.30999755859372,253.30999755859372,30875
2025-09-29 16:59:00+00:00,253.33999633789065,253.40989685058597,253.3350067138672,253.3999938964844,31582
2025-09-29 17:00:00+00:00,253.4199981689453,253.4398956298828,253.3500061035156,253.3500061035156,26180
2025-09-29 17:01:00+00:00,253.4600067138672,253.46499633789065,253.32000732421875,253.42990112304688,30639
2025-09-29 17:02:00+00:00,253.3500061035156,253.4600067138672,253.3302001953125,253.4600067138672,23178
2025-09-29 17:03:00+00:00,253.3000030517578,253.3500061035156,253.24319458007807,253.3500061035156,35317
2025-09-29 17:04:00+00:00,253.30999755859372,253.3999938964844,253.2899932861328,253.3000030517578,53198
2025-09-29 17:05:00+00:00,253.32000732421875,253.3300018310547,253.2550048828125,253.3000030517578,19848
2025-09-29 17:06:00+00:00,253.35499572753903,253.3665008544922,253.2700042724609,253.3300018310547,21657
2025-09-29 17:07:00+00:00,253.3500061035156,253.3800048828125,253.30499267578125,253.35499572753903,26746
2025-09-29 17:08:00+00:00,253.35499572753903,253.3699951171875,253.30999755859372,253.3600006103516,25906
2025-09-29 17:09:00+00:00,253.32000732421875,253.3600006103516,253.3000030517578,253.33999633789065,26535
2025-09-29 17:10:00+00:00,253.3300018310547,253.33999633789065,253.2700958251953,253.32000732421875,20886
2025-09-29 17:11:00+00:00,253.33999633789065,253.38999938964844,253.2949981689453,253.3350067138672,30222
2025-09-29 17:12:00+00:00,253.3600006103516,253.3699951171875,253.2899932861328,253.33999633789065,23623
2025-09-29 17:13:00+00:00,253.30230712890625,253.3699951171875,253.2899932861328,253.3500061035156,25695
2025-09-29 17:14:00+00:00,253.31509399414065,253.3699951171875,253.30499267578125,253.31509399414065,25732
2025-09-29 17:15:00+00:00,253.3500061035156,253.3600006103516,253.2700042724609,253.30999755859372,21261
2025-09-29 17:16:00+00:00,253.40499877929688,253.4149932861328,253.3500061035156,253.3600006103516,27856
2025-09-29 17:17:00+00:00,253.4199981689453,253.4550018310547,253.38560485839844,253.40499877929688,26009
2025-09-29 17:18:00+00:00,253.3600006103516,253.4499969482422,253.3000030517578,253.4199981689453,30733
2025-09-29 17:19:00+00:00,253.32000732421875,253.3600006103516,253.2899932861328,253.3600006103516,26584
2025-09-29 17:20:00+00:00,253.3000030517578,253.32000732421875,253.27999877929688,253.30999755859372,17261
2025-09-29 17:21:00+00:00,253.25999450683597,253.30999755859372,253.2100067138672,253.30999755859372,29486
2025-09-29 17:22:00+00:00,253.30499267578125,253.3500061035156,253.25999450683597,253.25999450683597,34255
2025-09-29 17:23:00+00:00,253.3999938964844,253.3999938964844,253.3000030517578,253.3000030517578,38128
2025-09-29 17:24:00+00:00,253.375,253.41000366210935,253.3321075439453,253.4051055908203,26854
2025-09-29 17:25:00+00:00,253.3699951171875,253.38999938964844,253.32000732421875,253.375,26820
2025-09-29 17:26:00+00:00,253.3999938964844,253.4600067138672,253.3800048828125,253.3800048828125,29448
2025-09-29 17:27:00+00:00,253.375,253.4149932861328,253.375,253.3999938964844,13216
2025-09-29 17:28:00+00:00,253.3800048828125,253.3950042724609,253.35499572753903,253.375,21327
2025-09-29 17:29:00+00:00,253.3999938964844,253.42999267578125,253.3699951171875,253.3699951171875,24369
2025-09-29 17:30:00+00:00,253.3600006103516,253.4091033935547,253.35020446777344,253.38999938964844,13921
2025-09-29 17:31:00+00:00,253.25,253.3699951171875,253.25,253.3583984375,38415
2025-09-29 17:32:00+00:00,253.3300018310547,253.33889770507807,253.1699981689453,253.2400054931641,38250
2025-09-29 17:33:00+00:00,253.3600006103516,253.38999938964844,253.3144073486328,253.3300018310547,35918
2025-09-29 17:34:00+00:00,253.42999267578125,253.47000122070312,253.33999633789065,253.3699951171875,39170
2025-09-29 17:35:00+00:00,253.4199981689453,253.4640045166016,253.3990020751953,253.42999267578125,32813
2025-09-29 17:36:00+00:00,253.41000366210935,253.44000244140625,253.3600006103516,253.4199981689453,38286
2025-09-29 17:37:00+00:00,253.30999755859372,253.42999267578125,253.30499267578125,253.41000366210935,27446
2025-09-29 17:38:00+00:00,253.47999572753903,253.5,253.32000732421875,253.32000732421875,42064
2025-09-29 17:39:00+00:00,253.47129821777344,253.4949951171875,253.41000366210935,253.47999572753903,24583
2025-09-29 17:40:00+00:00,253.43980407714844,253.47999572753903,253.42999267578125,253.46310424804688,40402
2025-09-29 17:41:00+00:00,253.42999267578125,253.44000244140625,253.3699951171875,253.4199981689453,36971
2025-09-29 17:42:00+00:00,253.25,253.44000244140625,253.2350006103516,253.42999267578125,29375
2025-09-29 17:43:00+00:00,253.3079071044922,253.3300018310547,253.22000122070312,253.25559997558597,21634
2025-09-29 17:44:00+00:00,253.2100067138672,253.32000732421875,253.17999267578125,253.32000732421875,36569
2025-09-29 17:45:00+00:00,253.25,253.2700042724609,253.1999969482422,253.1999969482422,28096
2025-09-29 17:46:00+00:00,253.26499938964844,253.2949981689453,253.2050018310547,253.2550048828125,33340
2025-09-29 17:47:00+00:00,253.22999572753903,253.26649475097656,253.17999267578125,253.25999450683597,35291
2025-09-29 17:48:00+00:00,253.1300048828125,253.22999572753903,253.1300048828125,253.22999572753903,26937
2025-09-29 17:49:00+00:00,253.24139404296875,253.25,253.1300048828125,253.16580200195312,25858
2025-09-29 17:50:00+00:00,253.25,253.2899932861328,253.2100067138672,253.2400054931641,25047
2025-09-29 17:51:00+00:00,253.3000030517578,253.30999755859372,253.22999572753903,253.22999572753903,28784
2025-09-29 17:52:00+00:00,253.42999267578125,253.4600067138672,253.30999755859372,253.30999755859372,38222
2025-09-29 17:53:00+00:00,253.3000030517578,253.4499969482422,253.2899932861328,253.43499755859372,42491
2025-09-29 17:54:00+00:00,253.3300018310547,253.375,253.279296875,253.2949981689453,31438
2025-09-29 17:55:00+00:00,253.2700042724609,253.3300018310547,253.25999450683597,253.32000732421875,18229
2025-09-29 17:56:00+00:00,253.28500366210935,253.3000030517578,253.25999450683597,253.25999450683597,13572
2025-09-29 17:57:00+00:00,253.3249969482422,253.3249969482422,253.25,253.27999877929688,21095
2025-09-29 17:58:00+00:00,253.39390563964844,253.39390563964844,253.31350708007807,253.3249969482422,21088
2025-09-29 17:59:00+00:00,253.3600006103516,253.418701171875,253.28500366210935,253.3950042724609,29453
2025-09-29 18:00:00+00:00,253.3800048828125,253.40499877929688,253.34120178222656,253.35499572753903,20379
2025-09-29 18:01:00+00:00,253.49249267578125,253.5,253.3800048828125,253.38999938964844,28457
2025-09-29 18:02:00+00:00,253.57000732421875,253.57000732421875,253.4886932373047,253.4949951171875,24480
2025-09-29 18:03:00+00:00,253.6100006103516,253.63999938964844,253.5500946044922,253.55999755859372,28702
2025-09-29 18:04:00+00:00,253.67030334472656,253.69000244140625,253.6100006103516,253.6100006103516,30722
2025-09-29 18:05:00+00:00,253.72000122070312,253.77999877929688,253.6519012451172,253.6699981689453,58047
2025-09-29 18:06:00+00:00,253.8699951171875,253.91000366210935,253.6999053955078,253.7050018310547,72560
2025-09-29 18:07:00+00:00,254.02850341796875,254.02850341796875,253.80999755859372,253.8600006103516,83545
2025-09-29 18:08:00+00:00,254.0,254.04710388183597,253.9550018310547,254.02560424804688,69837
2025-09-29 18:09:00+00:00,253.94000244140625,254.0399932861328,253.92999267578125,254.0200042724609,62453
2025-09-29 18:10:00+00:00,253.8950042724609,253.9499969482422,253.8876037597656,253.92999267578125,51070
2025-09-29 18:11:00+00:00,253.90550231933597,253.9499969482422,253.8701934814453,253.8950042724609,60323
2025-09-29 18:12:00+00:00,253.91000366210935,253.97999572753903,253.82000732421875,253.90499877929688,50928
2025-09-29 18:13:00+00:00,254.0249938964844,254.0249938964844,253.8800048828125,253.91000366210935,27409
2025-09-29 18:14:00+00:00,254.02999877929688,254.0406036376953,253.9949951171875,254.0249938964844,33984
2025-09-29 18:15:00+00:00,254.1199951171875,254.1199951171875,254.02999877929688,254.0399932861328,44704
2025-09-29 18:16:00+00:00,254.22390747070312,254.22999572753903,254.1038055419922,254.1199951171875,48824
2025-09-29 18:17:00+00:00,254.2622985839844,254.2700042724609,254.2100067138672,254.2250061035156,43920
2025-09-29 18:18:00+00:00,254.25,254.30990600585935,254.2239990234375,254.25999450683597,40068
2025-09-29 18:19:00+00:00,254.2700042724609,254.2899932861328,254.2449951171875,254.25,38046
2025-09-29 18:20:00+00:00,254.25,254.2700042724609,254.16000366210935,254.2700042724609,36652
2025-09-29 18:21:00+00:00,254.2350006103516,254.25999450683597,254.210205078125,254.25999450683597,28562
2025-09-29 18:22:00+00:00,254.44839477539065,254.51499938964844,254.22999572753903,254.2350006103516,86981
2025-09-29 18:23:00+00:00,254.3699951171875,254.5050048828125,254.3699951171875,254.4499969482422,56556
2025-09-29 18:24:00+00:00,254.41000366210935,254.4199981689453,254.33999633789065,254.37350463867188,29068
2025-09-29 18:25:00+00:00,254.4499969482422,254.48989868164065,254.38999938964844,254.40530395507807,25018
2025-09-29 18:26:00+00:00,254.5249938964844,254.52999877929688,254.4199981689453,254.4600067138672,43910
2025-09-29 18:27:00+00:00,254.5500030517578,254.57000732421875,254.4900054931641,254.52999877929688,64647
2025-09-29 18:28:00+00:00,254.58999633789065,254.6150054931641,254.5,254.5449981689453,45157
2025-09-29 18:29:00+00:00,254.57000732421875,254.6100006103516,254.54840087890625,254.5919952392578,47285
2025-09-29 18:30:00+00:00,254.5200042724609,254.6000061035156,254.5,254.57000732421875,47644
2025-09-29 18:31:00+00:00,254.4499969482422,254.5399932861328,254.3675994873047,254.5249938964844,55107
2025-09-29 18:32:00+00:00,254.41009521484372,254.4550018310547,254.3500061035156,254.45249938964844,28535
2025-09-29 18:33:00+00:00,254.38999938964844,254.42999267578125,254.3600006103516,254.41000366210935,37246
2025-09-29 18:34:00+00:00,254.4850006103516,254.5,254.38999938964844,254.39100646972656,39585
2025-09-29 18:35:00+00:00,254.44000244140625,254.4900054931641,254.42999267578125,254.4850006103516,18126
2025-09-29 18:36:00+00:00,254.4499969482422,254.47999572753903,254.41000366210935,254.4499969482422,20067
2025-09-29 18:37:00+00:00,254.38470458984372,254.4550018310547,254.33999633789065,254.4550018310547,41388
2025-09-29 18:38:00+00:00,254.22000122070312,254.38999938964844,254.22000122070312,254.38999938964844,23023
2025-09-29 18:39:00+00:00,254.0500030517578,254.22999572753903,254.0500030517578,254.22999572753903,36187
2025-09-29 18:40:00+00:00,253.94000244140625,254.05999755859372,253.8950042724609,254.05999755859372,36829
2025-09-29 18:41:00+00:00,253.9886932373047,254.0399932861328,253.94000244140625,253.94000244140625,37711
2025-09-29 18:42:00+00:00,253.93499755859372,254.00999450683597,253.91000366210935,253.9850006103516,31673
2025-09-29 18:43:00+00:00,254.0050048828125,254.0449981689453,253.91900634765625,253.93499755859372,36831
2025-09-29 18:44:00+00:00,254.06500244140625,254.06500244140625,253.99270629882807,254.0050048828125,33314
2025-09-29 18:45:00+00:00,254.0399932861328,254.11129760742188,254.0200042724609,254.05999755859372,29479
2025-09-29 18:46:00+00:00,253.9499969482422,254.05499267578125,253.94500732421875,254.0399932861328,34459
2025-09-29 18:47:00+00:00,254.0,254.00999450683597,253.9250030517578,253.94070434570312,46503
2025-09-29 18:48:00+00:00,253.92999267578125,254.00999450683597,253.92999267578125,254.0050048828125,21728
2025-09-29 18:49:00+00:00,253.97999572753903,253.9949951171875,253.9199981689453,253.9293975830078,32908
2025-09-29 18:50:00+00:00,254.00999450683597,254.0200042724609,253.9001007080078,253.97000122070312,25710
2025-09-29 18:51:00+00:00,254.0800018310547,254.1199951171875,254.0200042724609,254.0200042724609,24412
2025-09-29 18:52:00+00:00,254.0198974609375,254.0800018310547,253.97999572753903,254.0800018310547,34969
2025-09-29 18:53:00+00:00,254.0601959228516,254.07000732421875,253.9900054931641,254.00999450683597,23288
2025-09-29 18:54:00+00:00,254.02999877929688,254.0800018310547,254.0200042724609,254.07000732421875,20583
2025-09-29 18:55:00+00:00,254.00999450683597,254.05999755859372,254.0050048828125,254.02999877929688,19028
2025-09-29 18:56:00+00:00,253.97000122070312,254.0200042724609,253.94500732421875,254.0050048828125,41770
2025-09-29 18:57:00+00:00,253.9944000244141,254.00999450683597,253.9499969482422,253.97000122070312,23595
2025-09-29 18:58:00+00:00,253.9949951171875,254.00999450683597,253.97999572753903,253.9850006103516,27591
2025-09-29 18:59:00+00:00,254.05999755859372,254.07000732421875,253.94000244140625,253.99009704589844,33180
2025-09-29 19:00:00+00:00,253.83999633789065,254.05499267578125,253.8300018310547,254.05499267578125,41293
2025-09-29 19:01:00+00:00,253.82000732421875,253.8950042724609,253.81399536132807,253.8600006103516,37553
2025-09-29 19:02:00+00:00,253.8314971923828,253.875,253.8300018310547,253.8300018310547,28217
2025-09-29 19:03:00+00:00,253.88999938964844,253.91000366210935,253.7550048828125,253.8300018310547,29916
2025-09-29 19:04:00+00:00,253.8600006103516,253.8800048828125,253.81500244140625,253.8800048828125,26503
2025-09-29 19:05:00+00:00,253.9199981689453,253.9499969482422,253.8500061035156,253.85499572753903,35529
2025-09-29 19:06:00+00:00,253.82000732421875,253.93499755859372,253.80999755859372,253.9199981689453,49197
2025-09-29 19:07:00+00:00,253.8300018310547,253.8600006103516,253.7700042724609,253.80999755859372,32857
2025-09-29 19:08:00+00:00,253.7449951171875,253.85499572753903,253.7449951171875,253.8350067138672,30684
2025-09-29 19:09:00+00:00,253.77999877929688,253.77999877929688,253.70620727539065,253.7449951171875,47755
2025-09-29 19:10:00+00:00,253.81500244140625,253.8292999267578,253.7700042724609,253.7899932861328,32269
2025-09-29 19:11:00+00:00,253.7350006103516,253.8300018310547,253.7044982910156,253.814697265625,31815
2025-09-29 19:12:00+00:00,253.71499633789065,253.7761993408203,253.6999969482422,253.7350006103516,29149
2025-09-29 19:13:00+00:00,253.72000122070312,253.7700958251953,253.710205078125,253.710205078125,28855
2025-09-29 19:14:00+00:00,253.7749938964844,253.82000732421875,253.72999572753903,253.72999572753903,28894
2025-09-29 19:15:00+00:00,253.6499938964844,253.7749938964844,253.6100006103516,253.772705078125,62742
2025-09-29 19:16:00+00:00,253.63999938964844,253.7050018310547,253.610107421875,253.67999267578125,39184
2025-09-29 19:17:00+00:00,253.69000244140625,253.69000244140625,253.62789916992188,253.6499938964844,39809
2025-09-29 19:18:00+00:00,253.8000030517578,253.8300018310547,253.6699981689453,253.69000244140625,41030
2025-09-29 19:19:00+00:00,253.83999633789065,253.8699951171875,253.77560424804688,253.80999755859372,32786
2025-09-29 19:20:00+00:00,253.88999938964844,253.8999938964844,253.8101043701172,253.8500061035156,26245
2025-09-29 19:21:00+00:00,253.94129943847656,253.9499969482422,253.8800048828125,253.8950042724609,38230
2025-09-29 19:22:00+00:00,253.93499755859372,253.9600067138672,253.86720275878903,253.92999267578125,40333
2025-09-29 19:23:00+00:00,253.9900054931641,254.0200042724609,253.94000244140625,253.94000244140625,53023
2025-09-29 19:24:00+00:00,253.9499969482422,254.0,253.91000366210935,254.0,33755
2025-09-29 19:25:00+00:00,254.1000061035156,254.10499572753903,253.94000244140625,253.94000244140625,42071
2025-09-29 19:26:00+00:00,254.0218048095703,254.1300048828125,254.0200042724609,254.1000061035156,32003
2025-09-29 19:27:00+00:00,254.0399932861328,254.05999755859372,254.0050048828125,254.0200042724609,25096
2025-09-29 19:28:00+00:00,254.0200958251953,254.0399932861328,253.9900054931641,254.0249938964844,40947
2025-09-29 19:29:00+00:00,253.9900054931641,254.0699005126953,253.9600067138672,254.03500366210935,37589
2025-09-29 19:30:00+00:00,254.02999877929688,254.05999755859372,253.9750061035156,253.9900054931641,35788
2025-09-29 19:31:00+00:00,253.9600067138672,254.05999755859372,253.94000244140625,254.02999877929688,36698
2025-09-29 19:32:00+00:00,254.0200042724609,254.0200042724609,253.97169494628903,253.97999572753903,30907
2025-09-29 19:33:00+00:00,254.1150054931641,254.1300048828125,254.0200042724609,254.03880310058597,36533
2025-09-29 19:34:00+00:00,254.19000244140625,254.1999969482422,254.1100006103516,254.1199951171875,38668
2025-09-29 19:35:00+00:00,254.25999450683597,254.26980590820312,254.19000244140625,254.19500732421875,58948
2025-09-29 19:36:00+00:00,254.3249969482422,254.3782958984375,254.2449951171875,254.2700042724609,65121
2025-09-29 19:37:00+00:00,254.38999938964844,254.41000366210935,254.3000030517578,254.32000732421875,55743
2025-09-29 19:38:00+00:00,254.3600006103516,254.41000366210935,254.3350067138672,254.38499450683597,37744
2025-09-29 19:39:00+00:00,254.30999755859372,254.389892578125,254.2700042724609,254.3699951171875,61384
2025-09-29 19:40:00+00:00,254.43240356445312,254.4499969482422,254.2949981689453,254.31500244140625,57511
2025-09-29 19:41:00+00:00,254.3600006103516,254.4497985839844,254.32000732421875,254.42999267578125,77799
2025-09-29 19:42:00+00:00,254.2250061035156,254.35499572753903,254.2001953125,254.35499572753903,57067
2025-09-29 19:43:00+00:00,254.2250061035156,254.2476043701172,254.19500732421875,254.2250061035156,39514
2025-09-29 19:44:00+00:00,254.22999572753903,254.25,254.16000366210935,254.23179626464844,71141
2025-09-29 19:45:00+00:00,254.17999267578125,254.25999450683597,254.1699981689453,254.2050018310547,47763
2025-09-29 19:46:00+00:00,254.22000122070312,254.28500366210935,254.18499755859372,254.18499755859372,31225
2025-09-29 19:47:00+00:00,254.3600006103516,254.3600006103516,254.1800994873047,254.2250061035156,57236
2025-09-29 19:48:00+00:00,254.3070068359375,254.3999938964844,254.27999877929688,254.360107421875,50288
2025-09-29 19:49:00+00:00,254.2700042724609,254.33999633789065,254.25999450683597,254.30499267578125,54550
2025-09-29 19:50:00+00:00,254.3600006103516,254.8300018310547,254.25,254.25999450683597,188622
2025-09-29 19:51:00+00:00,254.33999633789065,254.47999572753903,254.30999755859372,254.3600006103516,84783
2025-09-29 19:52:00+00:00,254.41000366210935,254.5200042724609,254.3500061035156,254.3500061035156,61428
2025-09-29 19:53:00+00:00,254.41000366210935,254.4850006103516,254.3999938964844,254.4199981689453,74707
2025-09-29 19:54:00+00:00,254.3999938964844,254.42999267578125,254.32000732421875,254.3999938964844,102015
2025-09-29 19:55:00+00:00,254.25999450683597,254.4900054931641,254.2400054931641,254.3999938964844,137488
2025-09-29 19:56:00+00:00,254.25010681152344,254.2700042724609,254.18499755859372,254.25,113713
2025-09-29 19:57:00+00:00,254.3950042724609,254.41000366210935,254.25999450683597,254.25999450683597,136049
2025-09-29 19:58:00+00:00,254.3600006103516,254.38999938964844,254.22999572753903,254.38999938964844,174952
2025-09-29 19:59:00+00:00,254.3500061035156,254.44000244140625,254.3000030517578,254.3699951171875,437686
2025-09-30 13:30:00+00:00,254.75999450683597,255.3999938964844,254.71499633789065,254.8249969482422,863131
2025-09-30 13:31:00+00:00,255.32000732421875,255.3542938232422,254.5200042724609,254.75,141217
2025-09-30 13:32:00+00:00,255.40989685058597,255.58999633789065,254.83999633789065,255.3500061035156,122550
2025-09-30 13:33:00+00:00,255.0800018310547,255.4499969482422,255.05999755859372,255.3968048095703,120808
2025-09-30 13:34:00+00:00,255.2498016357422,255.25999450683597,254.94009399414065,255.1083984375,87594
2025-09-30 13:35:00+00:00,254.8800048828125,255.27999877929688,254.6699981689453,255.2449951171875,130594
2025-09-30 13:36:00+00:00,254.5984039306641,255.1999969482422,254.5596923828125,254.8800048828125,98174
2025-09-30 13:37:00+00:00,254.8500061035156,255.0,254.1999969482422,254.6199951171875,207822
2025-09-30 13:38:00+00:00,254.58999633789065,255.08999633789065,254.41000366210935,254.8800048828125,129401
2025-09-30 13:39:00+00:00,254.2899932861328,254.58999633789065,254.2899932861328,254.5800018310547,87448
2025-09-30 13:40:00+00:00,254.68499755859372,254.7700042724609,254.29010009765625,254.29010009765625,936833
2025-09-30 13:41:00+00:00,254.3300018310547,254.7200927734375,254.22000122070312,254.6999969482422,0
2025-09-30 13:42:00+00:00,254.1300048828125,254.4499053955078,254.1100006103516,254.3600006103516,71911
2025-09-30 13:43:00+00:00,254.1750030517578,254.1999969482422,253.9600067138672,254.13999938964844,62870
2025-09-30 13:44:00+00:00,254.30999755859372,254.3999938964844,254.13999938964844,254.1869964599609,61266
2025-09-30 13:45:00+00:00,254.32000732421875,254.6000061035156,254.25,254.3300018310547,100536
2025-09-30 13:46:00+00:00,254.4499969482422,254.5399932861328,254.25,254.32000732421875,55670
2025-09-30 13:47:00+00:00,254.71499633789065,254.71499633789065,254.1999969482422,254.4300994873047,49629
2025-09-30 13:48:00+00:00,254.91000366210935,254.9199981689453,254.6746063232422,254.7250061035156,57660
2025-09-30 13:49:00+00:00,255.19000244140625,255.22039794921875,254.843994140625,254.8999938964844,94768
2025-09-30 13:50:00+00:00,255.1499938964844,255.25999450683597,255.00999450683597,255.18499755859372,65371
2025-09-30 13:51:00+00:00,255.14010620117188,255.38999938964844,255.1000061035156,255.15499877929688,96611
2025-09-30 13:52:00+00:00,255.15499877929688,255.3800048828125,255.08999633789065,255.13999938964844,59766
2025-09-30 13:53:00+00:00,254.8699951171875,255.2400054931641,254.83999633789065,255.17999267578125,55851
2025-09-30 13:54:00+00:00,254.8300018310547,254.8999938964844,254.6000061035156,254.8500061035156,73142
2025-09-30 13:55:00+00:00,255.0287933349609,255.02999877929688,254.75,254.82000732421875,62213
2025-09-30 13:56:00+00:00,255.0998992919922,255.27999877929688,254.83999633789065,255.01499938964844,50694
2025-09-30 13:57:00+00:00,255.22999572753903,255.2400054931641,255.0399932861328,255.05999755859372,43026
2025-09-30 13:58:00+00:00,255.34939575195312,255.3999938964844,255.22999572753903,255.22999572753903,59389
2025-09-30 13:59:00+00:00,255.52999877929688,255.63999938964844,255.33999633789065,255.3500061035156,138291
2025-09-30 14:00:00+00:00,255.7100067138672,255.77999877929688,255.38999938964844,255.47999572753903,132237
2025-09-30 14:01:00+00:00,255.69500732421875,255.76499938964844,255.58999633789065,255.6999969482422,79477
2025-09-30 14:02:00+00:00,255.8500061035156,255.91900634765625,255.69000244140625,255.72000122070312,81517
2025-09-30 14:03:00+00:00,255.58120727539065,255.88999938964844,255.46499633789065,255.8253936767578,68727
2025-09-30 14:04:00+00:00,255.5399932861328,255.67999267578125,255.4199981689453,255.5850067138672,71232
2025-09-30 14:05:00+00:00,255.7593994140625,255.81900024414065,255.47999572753903,255.5500030517578,59601
2025-09-30 14:06:00+00:00,255.4250030517578,255.7350006103516,255.3999938964844,255.7350006103516,51924
2025-09-30 14:07:00+00:00,255.22999572753903,255.4199981689453,255.1114044189453,255.4199981689453,68678
2025-09-30 14:08:00+00:00,255.110107421875,255.27999877929688,255.1100006103516,255.22000122070312,62360
2025-09-30 14:09:00+00:00,255.1199951171875,255.22000122070312,255.0500030517578,255.1300048828125,63400
2025-09-30 14:10:00+00:00,255.07000732421875,255.19000244140625,255.07000732421875,255.13999938964844,45611
2025-09-30 14:11:00+00:00,254.6699981689453,255.07000732421875,254.6699981689453,255.0500030517578,79875
2025-09-30 14:12:00+00:00,254.72999572753903,254.822998046875,254.6300048828125,254.69000244140625,63369
2025-09-30 14:13:00+00:00,254.75999450683597,255.0,254.6499938964844,254.72999572753903,78390
2025-09-30 14:14:00+00:00,254.72999572753903,254.91110229492188,254.6199951171875,254.75999450683597,62555
2025-09-30 14:15:00+00:00,254.67010498046875,254.7924041748047,254.63999938964844,254.7550048828125,34251
2025-09-30 14:16:00+00:00,254.7198944091797,254.7550048828125,254.5800018310547,254.6750030517578,46429
2025-09-30 14:17:00+00:00,254.7749938964844,254.9199981689453,254.72000122070312,254.72999572753903,50249
2025-09-30 14:18:00+00:00,254.8500061035156,254.91000366210935,254.72140502929688,254.7899932861328,27231
2025-09-30 14:19:00+00:00,254.8852996826172,254.97000122070312,254.77999877929688,254.8699951171875,65199
2025-09-30 14:20:00+00:00,254.93499755859372,254.9788055419922,254.8744964599609,254.8999938964844,33500
2025-09-30 14:21:00+00:00,254.97000122070312,254.97000122070312,254.8699951171875,254.93499755859372,30504
2025-09-30 14:22:00+00:00,255.05079650878903,255.1499938964844,254.95030212402344,254.95030212402344,58841
2025-09-30 14:23:00+00:00,255.03900146484372,255.1000061035156,254.9055938720703,255.0570068359375,44723
2025-09-30 14:24:00+00:00,255.0167999267578,255.1699981689453,254.97999572753903,255.0449981689453,43668
2025-09-30 14:25:00+00:00,254.72430419921875,255.0200042724609,254.72000122070312,255.0,52727
2025-09-30 14:26:00+00:00,254.81509399414065,254.82000732421875,254.72999572753903,254.75,27515
2025-09-30 14:27:00+00:00,254.8450927734375,254.9600067138672,254.7899932861328,254.82000732421875,47049
2025-09-30 14:28:00+00:00,254.77999877929688,254.9398956298828,254.7700042724609,254.8300018310547,51816
2025-09-30 14:29:00+00:00,254.88619995117188,254.97129821777344,254.77999877929688,254.7899932861328,26969
2025-09-30 14:30:00+00:00,254.8710021972656,254.9470977783203,254.83529663085935,254.91000366210935,37156
2025-09-30 14:31:00+00:00,254.9499969482422,255.0500030517578,254.77999877929688,254.8999938964844,43983
2025-09-30 14:32:00+00:00,255.05999755859372,255.1300048828125,254.94000244140625,254.97000122070312,38517
2025-09-30 14:33:00+00:00,254.92010498046875,255.1300048828125,254.91000366210935,255.05999755859372,36323
2025-09-30 14:34:00+00:00,255.07000732421875,255.11880493164065,254.9199981689453,254.9499969482422,30088
2025-09-30 14:35:00+00:00,255.1100006103516,255.13999938964844,254.9830017089844,255.0800018310547,31368
2025-09-30 14:36:00+00:00,254.8999938964844,255.13999938964844,254.8999938964844,255.0914001464844,23261
2025-09-30 14:37:00+00:00,255.0449981689453,255.08999633789065,254.8701019287109,254.9199981689453,35315
2025-09-30 14:38:00+00:00,255.0684051513672,255.14990234375,255.02999877929688,255.0449981689453,28365
2025-09-30 14:39:00+00:00,254.8737030029297,255.07000732421875,254.8000030517578,255.07000732421875,41988
2025-09-30 14:40:00+00:00,254.7899932861328,254.8699951171875,254.7700042724609,254.8600006103516,33592
2025-09-30 14:41:00+00:00,254.92990112304688,254.94000244140625,254.7700042724609,254.8300018310547,39501
2025-09-30 14:42:00+00:00,255.08999633789065,255.08999633789065,254.8701019287109,254.9250030517578,47558
2025-09-30 14:43:00+00:00,254.94500732421875,255.1100006103516,254.92999267578125,255.05029296875,32728
2025-09-30 14:44:00+00:00,255.3600006103516,255.38699340820312,254.9250030517578,254.92999267578125,108966
2025-09-30 14:45:00+00:00,255.3798065185547,255.5200042724609,255.3417053222656,255.34500122070312,65385
2025-09-30 14:46:00+00:00,255.2350006103516,255.38999938964844,255.13999938964844,255.38999938964844,41348
2025-09-30 14:47:00+00:00,255.22000122070312,255.2899932861328,255.1656951904297,255.25,31350
2025-09-30 14:48:00+00:00,255.4550018310547,255.4550018310547,255.2400054931641,255.2400054931641,40190
2025-09-30 14:49:00+00:00,255.35499572753903,255.47000122070312,255.32000732421875,255.4550018310547,28529
2025-09-30 14:50:00+00:00,255.3800048828125,255.4499969482422,255.2949981689453,255.35679626464844,36601
2025-09-30 14:51:00+00:00,255.32000732421875,255.44000244140625,255.30999755859372,255.3800048828125,26466
2025-09-30 14:52:00+00:00,255.2449951171875,255.3350067138672,255.1999969482422,255.32000732421875,31482
2025-09-30 14:53:00+00:00,255.1499938964844,255.2449951171875,255.110107421875,255.2449951171875,28938
2025-09-30 14:54:00+00:00,255.08999633789065,255.1499938964844,255.0,255.1499938964844,33293
2025-09-30 14:55:00+00:00,255.2749938964844,255.3600006103516,255.0500030517578,255.07000732421875,47600
2025-09-30 14:56:00+00:00,255.26980590820312,255.3000030517578,255.22000122070312,255.25999450683597,32803
2025-09-30 14:57:00+00:00,255.19000244140625,255.3495941162109,255.19000244140625,255.25999450683597,35870
2025-09-30 14:58:00+00:00,255.35009765625,255.3699951171875,255.16000366210935,255.21499633789065,29050
2025-09-30 14:59:00+00:00,255.5,255.5050048828125,255.2899932861328,255.3500061035156,41863
2025-09-30 15:00:00+00:00,255.5500030517578,255.6750030517578,255.41000366210935,255.5,48340
2025-09-30 15:01:00+00:00,255.58999633789065,255.6499938964844,255.5500030517578,255.5500030517578,28590
2025-09-30 15:02:00+00:00,255.4900054931641,255.6499938964844,255.4900054931641,255.5850067138672,37014
2025-09-30 15:03:00+00:00,255.3249969482422,255.50030517578125,255.3249969482422,255.50030517578125,26305
2025-09-30 15:04:00+00:00,255.3300018310547,255.34939575195312,255.22999572753903,255.3300018310547,20157
2025-09-30 15:05:00+00:00,255.39990234375,255.3999938964844,255.2449951171875,255.30999755859372,36572
2025-09-30 15:06:00+00:00,255.21299743652344,255.42999267578125,255.1945037841797,255.3999938964844,26274
2025-09-30 15:07:00+00:00,255.2700042724609,255.30499267578125,255.1699981689453,255.22000122070312,23322
2025-09-30 15:08:00+00:00,255.3500061035156,255.3500061035156,255.19000244140625,255.2713928222656,24444
2025-09-30 15:09:00+00:00,255.1100006103516,255.33999633789065,255.08999633789065,255.33999633789065,28289
2025-09-30 15:10:00+00:00,254.8800048828125,255.1100006103516,254.8500061035156,255.1100006103516,80273
2025-09-30 15:11:00+00:00,254.6613006591797,254.8813018798828,254.5800018310547,254.88009643554688,72914
2025-09-30 15:12:00+00:00,254.7400054931641,254.83059692382807,254.66000366210935,254.67999267578125,49764
2025-09-30 15:13:00+00:00,254.67999267578125,254.80430603027344,254.63999938964844,254.7400054931641,43288
2025-09-30 15:14:00+00:00,254.4949951171875,254.6750030517578,254.4949951171875,254.6750030517578,42048
2025-09-30 15:15:00+00:00,254.5399932861328,254.58999633789065,254.4600067138672,254.47999572753903,45941
2025-09-30 15:16:00+00:00,254.58999633789065,254.58999633789065,254.47999572753903,254.53500366210935,30328
2025-09-30 15:17:00+00:00,254.64779663085935,254.67999267578125,254.5399932861328,254.59500122070312,35051
2025-09-30 15:18:00+00:00,254.5399932861328,254.6450042724609,254.5200042724609,254.6450042724609,37585
2025-09-30 15:19:00+00:00,254.50999450683597,254.56500244140625,254.4600067138672,254.52999877929688,40280
2025-09-30 15:20:00+00:00,254.3892974853516,254.57699584960935,254.30999755859372,254.4900054931641,52157
2025-09-30 15:21:00+00:00,254.39019775390625,254.4600067138672,254.3800048828125,254.38999938964844,38202
2025-09-30 15:22:00+00:00,254.2899932861328,254.4662933349609,254.2700042724609,254.3999938964844,34592
2025-09-30 15:23:00+00:00,254.2998962402344,254.32000732421875,254.1750030517578,254.3000030517578,47471
2025-09-30 15:24:00+00:00,254.2183074951172,254.32009887695312,254.17999267578125,254.30999755859372,38257
2025-09-30 15:25:00+00:00,254.07000732421875,254.2449951171875,254.0500030517578,254.22999572753903,47434
2025-09-30 15:26:00+00:00,254.02999877929688,254.19000244140625,253.9499969482422,254.0576019287109,117360
2025-09-30 15:27:00+00:00,254.0200042724609,254.0399932861328,253.82009887695312,254.00999450683597,61819
2025-09-30 15:28:00+00:00,254.1000061035156,254.1499938964844,254.00999450683597,254.0249938964844,37290
2025-09-30 15:29:00+00:00,254.22000122070312,254.3300018310547,254.0500030517578,254.1100006103516,54326
2025-09-30 15:30:00+00:00,254.3300018310547,254.3394927978516,254.16009521484372,254.2100067138672,45263
2025-09-30 15:31:00+00:00,254.58999633789065,254.58999633789065,254.32179260253903,254.32179260253903,54886
2025-09-30 15:32:00+00:00,254.7400054931641,254.7899932861328,254.55999755859372,254.55999755859372,57539
2025-09-30 15:33:00+00:00,254.7250061035156,254.75,254.64349365234372,254.7100067138672,39622
2025-09-30 15:34:00+00:00,254.7899932861328,254.80999755859372,254.7100067138672,254.72000122070312,33378
2025-09-30 15:35:00+00:00,254.74560546875,254.8000030517578,254.69119262695312,254.76980590820312,39340
2025-09-30 15:36:00+00:00,254.6450042724609,254.7400054931641,254.6300048828125,254.7400054931641,29655
2025-09-30 15:37:00+00:00,254.52999877929688,254.67999267578125,254.52960205078125,254.66000366210935,36550
2025-09-30 15:38:00+00:00,254.57000732421875,254.6143951416016,254.52999877929688,254.55999755859372,20906
2025-09-30 15:39:00+00:00,254.63999938964844,254.65989685058597,254.5500030517578,254.55999755859372,26625
2025-09-30 15:40:00+00:00,254.77479553222656,254.77479553222656,254.63999938964844,254.6499938964844,29463
2025-09-30 15:41:00+00:00,254.7050018310547,254.8500061035156,254.63999938964844,254.77999877929688,43091
2025-09-30 15:42:00+00:00,254.7550048828125,254.75999450683597,254.66900634765625,254.7100067138672,24448
2025-09-30 15:43:00+00:00,254.5399932861328,254.76499938964844,254.4600067138672,254.7519989013672,35372
2025-09-30 15:44:00+00:00,254.54319763183597,254.55499267578125,254.4900054931641,254.5399932861328,16185
2025-09-30 15:45:00+00:00,254.6000061035156,254.6100006103516,254.5155029296875,254.55499267578125,31010
2025-09-30 15:46:00+00:00,254.5800018310547,254.58999633789065,254.4600067138672,254.58999633789065,24595
2025-09-30 15:47:00+00:00,254.4073944091797,254.6300048828125,254.3600006103516,254.6000061035156,19059
2025-09-30 15:48:00+00:00,254.3699951171875,254.44000244140625,254.3699951171875,254.4199981689453,17764
2025-09-30 15:49:00+00:00,254.51499938964844,254.55999755859372,254.3699951171875,254.38999938964844,24041
2025-09-30 15:50:00+00:00,254.4750061035156,254.5832977294922,254.43370056152344,254.5200042724609,15964
2025-09-30 15:51:00+00:00,254.6699981689453,254.69000244140625,254.47999572753903,254.47999572753903,22499
2025-09-30 15:52:00+00:00,254.6699981689453,254.67979431152344,254.52999877929688,254.6699981689453,20684
2025-09-30 15:53:00+00:00,254.72999572753903,254.7615966796875,254.6699981689453,254.6699981689453,21515
2025-09-30 15:54:00+00:00,254.7100067138672,254.7350006103516,254.69000244140625,254.7100067138672,21163
2025-09-30 15:55:00+00:00,254.72000122070312,254.72999572753903,254.6501007080078,254.6999969482422,16750
2025-09-30 15:56:00+00:00,254.66000366210935,254.75999450683597,254.6100006103516,254.6999969482422,34171
2025-09-30 15:57:00+00:00,254.8350067138672,254.8699951171875,254.6699981689453,254.6699981689453,33524
2025-09-30 15:58:00+00:00,254.7949981689453,254.875,254.75,254.83999633789065,23391
2025-09-30 15:59:00+00:00,254.7100067138672,254.81500244140625,254.6764068603516,254.7913055419922,12464
2025-09-30 16:00:00+00:00,254.6649932861328,254.77999877929688,254.6499938964844,254.69000244140625,20836
2025-09-30 16:01:00+00:00,254.58999633789065,254.6499938964844,254.55999755859372,254.6499938964844,17387
2025-09-30 16:02:00+00:00,254.5399932861328,254.61990356445312,254.50999450683597,254.6100006103516,14717
2025-09-30 16:03:00+00:00,254.5399932861328,254.6499938964844,254.5200042724609,254.5500030517578,19807
2025-09-30 16:04:00+00:00,254.60870361328125,254.6154022216797,254.5249938964844,254.5399932861328,11764
2025-09-30 16:05:00+00:00,254.55999755859372,254.60989379882807,254.5500030517578,254.6000061035156,13411
2025-09-30 16:06:00+00:00,254.6499938964844,254.69500732421875,254.56500244140625,254.5659027099609,14867
2025-09-30 16:07:00+00:00,254.6000061035156,254.6750030517578,254.5449981689453,254.6499938964844,15533
2025-09-30 16:08:00+00:00,254.5200042724609,254.6300048828125,254.4900054931641,254.6100006103516,19529
2025-09-30 16:09:00+00:00,254.59500122070312,254.59500122070312,254.4900054931641,254.52999877929688,18771
2025-09-30 16:10:00+00:00,254.55999755859372,254.6100006103516,254.5,254.58999633789065,20523
2025-09-30 16:11:00+00:00,254.4613037109375,254.57000732421875,254.4499969482422,254.5449981689453,26886
2025-09-30 16:12:00+00:00,254.4149932861328,254.4600067138672,254.3800048828125,254.4600067138672,12452
2025-09-30 16:13:00+00:00,254.44000244140625,254.4550018310547,254.41000366210935,254.4149932861328,23124
2025-09-30 16:14:00+00:00,254.47999572753903,254.50999450683597,254.3999938964844,254.44000244140625,18366
2025-09-30 16:15:00+00:00,254.5249938964844,254.5890045166016,254.48370361328125,254.4900054931641,17275
2025-09-30 16:16:00+00:00,254.5800018310547,254.58999633789065,254.5,254.5200042724609,41073
2025-09-30 16:17:00+00:00,254.625,254.6499938964844,254.54010009765625,254.5850067138672,25748
2025-09-30 16:18:00+00:00,254.6000061035156,254.6199951171875,254.5399932861328,254.6199951171875,26364
2025-09-30 16:19:00+00:00,254.55499267578125,254.63999938964844,254.55499267578125,254.6199951171875,45457
2025-09-30 16:20:00+00:00,254.75,254.75,254.57000732421875,254.57000732421875,25282
2025-09-30 16:21:00+00:00,254.8800048828125,254.97000122070312,254.75,254.7550048828125,70265
2025-09-30 16:22:00+00:00,254.80999755859372,254.92999267578125,254.72999572753903,254.8650054931641,16944
2025-09-30 16:23:00+00:00,254.7122039794922,254.7700042724609,254.6999969482422,254.7700042724609,11817
2025-09-30 16:24:00+00:00,254.66000366210935,254.8000030517578,254.63999938964844,254.7100067138672,18097
2025-09-30 16:25:00+00:00,254.67999267578125,254.6999969482422,254.6199951171875,254.65499877929688,21827
2025-09-30 16:26:00+00:00,254.4900054931641,254.68499755859372,254.4900054931641,254.6699981689453,24507
2025-09-30 16:27:00+00:00,254.55999755859372,254.57000732421875,254.5,254.5,18131
2025-09-30 16:28:00+00:00,254.6000061035156,254.62510681152344,254.5449981689453,254.57000732421875,13132
2025-09-30 16:29:00+00:00,254.53509521484372,254.5800018310547,254.48199462890625,254.5800018310547,16671
2025-09-30 16:30:00+00:00,254.6300048828125,254.65440368652344,254.55059814453125,254.55059814453125,18349
2025-09-30 16:31:00+00:00,254.57000732421875,254.6499938964844,254.5500030517578,254.63999938964844,14853
2025-09-30 16:32:00+00:00,254.63999938964844,254.6699981689453,254.57000732421875,254.57000732421875,14361
2025-09-30 16:33:00+00:00,254.6000061035156,254.63999938964844,254.57000732421875,254.63999938964844,14250
2025-09-30 16:34:00+00:00,254.6100006103516,254.66549682617188,254.568603515625,254.6000061035156,15269
2025-09-30 16:35:00+00:00,254.57000732421875,254.6100006103516,254.5249938964844,254.6100006103516,18200
2025-09-30 16:36:00+00:00,254.55450439453125,254.5998992919922,254.5399932861328,254.55999755859372,13764
2025-09-30 16:37:00+00:00,254.5500030517578,254.6199951171875,254.5399932861328,254.55999755859372,26683
2025-09-30 16:38:00+00:00,254.4900054931641,254.58999633789065,254.47999572753903,254.5500030517578,26565
2025-09-30 16:39:00+00:00,254.5240020751953,254.55999755859372,254.47999572753903,254.47999572753903,15759
2025-09-30 16:40:00+00:00,254.5200042724609,254.57000732421875,254.4900054931641,254.5200042724609,20745
2025-09-30 16:41:00+00:00,254.47999572753903,254.52999877929688,254.47000122070312,254.52999877929688,20356
2025-09-30 16:42:00+00:00,254.3699951171875,254.4799041748047,254.35009765625,254.47450256347656,24132
2025-09-30 16:43:00+00:00,254.42999267578125,254.4600067138672,254.3800048828125,254.3800048828125,18814
2025-09-30 16:44:00+00:00,254.47999572753903,254.47999572753903,254.41000366210935,254.44000244140625,19328
2025-09-30 16:45:00+00:00,254.47999572753903,254.50999450683597,254.44000244140625,254.47999572753903,12835
2025-09-30 16:46:00+00:00,254.3500061035156,254.50070190429688,254.33999633789065,254.50070190429688,24380
2025-09-30 16:47:00+00:00,254.3000030517578,254.3650054931641,254.27999877929688,254.33999633789065,14941
2025-09-30 16:48:00+00:00,254.2899932861328,254.31219482421875,254.2646026611328,254.2899932861328,13413
2025-09-30 16:49:00+00:00,254.3069000244141,254.3249969482422,254.2700042724609,254.29299926757807,33141
2025-09-30 16:50:00+00:00,254.30999755859372,254.3600006103516,254.30499267578125,254.30499267578125,23526
2025-09-30 16:51:00+00:00,254.2700042724609,254.33790588378903,254.2700042724609,254.30999755859372,19886
2025-09-30 16:52:00+00:00,254.28500366210935,254.28509521484372,254.25999450683597,254.25999450683597,7330
2025-09-30 16:53:00+00:00,254.24380493164065,254.3090057373047,254.2250061035156,254.2899932861328,49878
2025-09-30 16:54:00+00:00,254.1300048828125,254.2449951171875,254.1201019287109,254.2449951171875,23651
2025-09-30 16:55:00+00:00,254.1309967041016,254.19000244140625,254.1000061035156,254.13999938964844,23913
2025-09-30 16:56:00+00:00,254.1499938964844,254.1999969482422,254.1000061035156,254.1499938964844,26013
2025-09-30 16:57:00+00:00,254.16000366210935,254.17999267578125,254.1199951171875,254.15499877929688,11772
2025-09-30 16:58:00+00:00,254.07000732421875,254.1660003662109,254.03500366210935,254.16000366210935,27665
2025-09-30 16:59:00+00:00,254.07989501953125,254.13999938964844,254.0500946044922,254.07000732421875,24702
2025-09-30 17:00:00+00:00,254.02999877929688,254.0800018310547,254.0,254.06500244140625,27665
2025-09-30 17:01:00+00:00,254.13999938964844,254.1699981689453,254.0249938964844,254.02999877929688,21744
2025-09-30 17:02:00+00:00,254.2100067138672,254.25,254.1300048828125,254.1300048828125,39341
2025-09-30 17:03:00+00:00,254.05499267578125,254.2299041748047,254.04559326171875,254.2037048339844,24357
2025-09-30 17:04:00+00:00,254.1000061035156,254.13999938964844,254.07000732421875,254.0850067138672,23056
2025-09-30 17:05:00+00:00,254.1499938964844,254.19859313964844,254.08030700683597,254.10499572753903,25245
2025-09-30 17:06:00+00:00,254.03500366210935,254.17909240722656,254.0200042724609,254.17909240722656,28037
2025-09-30 17:07:00+00:00,254.05999755859372,254.0930938720703,254.0200958251953,254.03500366210935,17871
2025-09-30 17:08:00+00:00,254.06500244140625,254.08999633789065,254.03500366210935,254.0583953857422,14660
2025-09-30 17:09:00+00:00,254.0500030517578,254.05999755859372,254.0,254.0500030517578,20224
2025-09-30 17:10:00+00:00,253.781005859375,254.0399932861328,253.781005859375,254.0399932861328,45470
2025-09-30 17:11:00+00:00,253.66000366210935,253.8000030517578,253.63499450683597,253.7899932861328,38381
2025-09-30 17:12:00+00:00,253.5200042724609,253.66000366210935,253.4499969482422,253.66000366210935,65716
2025-09-30 17:13:00+00:00,253.50999450683597,253.55999755859372,253.47999572753903,253.51480102539065,42031
2025-09-30 17:14:00+00:00,253.56500244140625,253.56500244140625,253.47999572753903,253.5,30589
2025-09-30 17:15:00+00:00,253.42990112304688,253.55499267578125,253.35009765625,253.55499267578125,55797
2025-09-30 17:16:00+00:00,253.3699951171875,253.5200042724609,253.3600006103516,253.42999267578125,64309
2025-09-30 17:17:00+00:00,253.4199981689453,253.4900054931641,253.36090087890625,253.37649536132807,27902
2025-09-30 17:18:00+00:00,253.41000366210935,253.44000244140625,253.3800048828125,253.4199981689453,27302
2025-09-30 17:19:00+00:00,253.375,253.41900634765625,253.3500061035156,253.41000366210935,34531
2025-09-30 17:20:00+00:00,253.50999450683597,253.50999450683597,253.31170654296875,253.3600006103516,47662
2025-09-30 17:21:00+00:00,253.38499450683597,253.5030059814453,253.37750244140625,253.5,27323
2025-09-30 17:22:00+00:00,253.43499755859372,253.4900054931641,253.38999938964844,253.38999938964844,19944
2025-09-30 17:23:00+00:00,253.4199981689453,253.47999572753903,253.4199981689453,253.43499755859372,23665
2025-09-30 17:24:00+00:00,253.4196929931641,253.44000244140625,253.3500061035156,253.4199981689453,39424
2025-09-30 17:25:00+00:00,253.57000732421875,253.6300048828125,253.4199981689453,253.4199981689453,41239
2025-09-30 17:26:00+00:00,253.44000244140625,253.5800018310547,253.4199981689453,253.57009887695312,37812
2025-09-30 17:27:00+00:00,253.5850067138672,253.61880493164065,253.4156036376953,253.44500732421875,31921
2025-09-30 17:28:00+00:00,253.625,253.6300048828125,253.52999877929688,253.6000061035156,18830
2025-09-30 17:29:00+00:00,253.7350006103516,253.78500366210935,253.6260986328125,253.63999938964844,42811
2025-09-30 17:30:00+00:00,253.63040161132807,253.75999450683597,253.6000061035156,253.75999450683597,31644
2025-09-30 17:31:00+00:00,253.66000366210935,253.72000122070312,253.6199951171875,253.6450042724609,20741
2025-09-30 17:32:00+00:00,253.7200927734375,253.7700042724609,253.66000366210935,253.6649932861328,20995
2025-09-30 17:33:00+00:00,253.7899932861328,253.80149841308597,253.6515045166016,253.7400054931641,41540
2025-09-30 17:34:00+00:00,253.81500244140625,253.8699951171875,253.7700042724609,253.77999877929688,28510
2025-09-30 17:35:00+00:00,253.8500061035156,253.88499450683597,253.81500244140625,253.81500244140625,25454
2025-09-30 17:36:00+00:00,253.72000122070312,253.8500061035156,253.69000244140625,253.83999633789065,27495
2025-09-30 17:37:00+00:00,253.68499755859372,253.7400054931641,253.6699981689453,253.72999572753903,21610
2025-09-30 17:38:00+00:00,253.72000122070312,253.80999755859372,253.6757049560547,253.6757049560547,33357
2025-09-30 17:39:00+00:00,253.67999267578125,253.75999450683597,253.6703948974609,253.72000122070312,13933
2025-09-30 17:40:00+00:00,253.80999755859372,253.8600006103516,253.67999267578125,253.67999267578125,18289
2025-09-30 17:41:00+00:00,253.8650054931641,253.88999938964844,253.78500366210935,253.82000732421875,18246
2025-09-30 17:42:00+00:00,253.80999755859372,253.8694000244141,253.8000030517578,253.8650054931641,15440
2025-09-30 17:43:00+00:00,253.80999755859372,253.83999633789065,253.75,253.8300018310547,22315
2025-09-30 17:44:00+00:00,253.8000030517578,253.81700134277344,253.69500732421875,253.81500244140625,20435
2025-09-30 17:45:00+00:00,253.8800048828125,253.91000366210935,253.8000030517578,253.8000030517578,25927
2025-09-30 17:46:00+00:00,253.88999938964844,253.9053955078125,253.8699951171875,253.87510681152344,16687
2025-09-30 17:47:00+00:00,253.84500122070312,253.8999938964844,253.82839965820312,253.88999938964844,20068
2025-09-30 17:48:00+00:00,253.8800048828125,253.9165954589844,253.85499572753903,253.8600006103516,11905
2025-09-30 17:49:00+00:00,253.91000366210935,253.94000244140625,253.8600006103516,253.8699951171875,26396
2025-09-30 17:50:00+00:00,253.9109039306641,253.97999572753903,253.91000366210935,253.91000366210935,20779
2025-09-30 17:51:00+00:00,253.90040588378903,253.9510040283203,253.8950042724609,253.9199981689453,22825
2025-09-30 17:52:00+00:00,253.8500061035156,253.97999572753903,253.83999633789065,253.91000366210935,25893
2025-09-30 17:53:00+00:00,253.92999267578125,253.92999267578125,253.8350982666016,253.8350982666016,17766
2025-09-30 17:54:00+00:00,253.88999938964844,253.9900054931641,253.8800048828125,253.93930053710935,18664
2025-09-30 17:55:00+00:00,253.82940673828125,253.91000366210935,253.8000030517578,253.88499450683597,20283
2025-09-30 17:56:00+00:00,253.7801055908203,253.8999938964844,253.7400054931641,253.8300018310547,20944
2025-09-30 17:57:00+00:00,253.875,253.87989807128903,253.7801055908203,253.7899932861328,19258
2025-09-30 17:58:00+00:00,253.8300018310547,253.92990112304688,253.8036956787109,253.875,27320
2025-09-30 17:59:00+00:00,253.7250061035156,253.8300018310547,253.69000244140625,253.8300018310547,17520
2025-09-30 18:00:00+00:00,253.6929931640625,253.77459716796875,253.6199951171875,253.72000122070312,17745
2025-09-30 18:01:00+00:00,253.60020446777344,253.72509765625,253.60020446777344,253.6999969482422,18835
2025-09-30 18:02:00+00:00,253.58999633789065,253.6537933349609,253.5800018310547,253.6000061035156,27454
2025-09-30 18:03:00+00:00,253.6150054931641,253.63999938964844,253.58099365234372,253.58999633789065,20898
2025-09-30 18:04:00+00:00,253.57000732421875,253.6300048828125,253.5500030517578,253.6300048828125,20516
2025-09-30 18:05:00+00:00,253.6100006103516,253.63999938964844,253.56500244140625,253.58999633789065,31177
2025-09-30 18:06:00+00:00,253.5800018310547,253.6300048828125,253.52999877929688,253.6000061035156,24104
2025-09-30 18:07:00+00:00,253.63999938964844,253.63999938964844,253.5500030517578,253.5800018310547,15337
2025-09-30 18:08:00+00:00,253.75,253.7554931640625,253.6300048828125,253.6475067138672,27336
2025-09-30 18:09:00+00:00,253.7037048339844,253.8000030517578,253.6699981689453,253.7425994873047,32689
2025-09-30 18:10:00+00:00,253.80999755859372,253.8350067138672,253.71499633789065,253.72000122070312,16742
2025-09-30 18:11:00+00:00,253.81399536132807,253.8600006103516,253.7100067138672,253.82000732421875,25851
2025-09-30 18:12:00+00:00,253.8500061035156,253.86990356445312,253.7801055908203,253.8300018310547,23107
2025-09-30 18:13:00+00:00,253.80999755859372,253.9149932861328,253.7386932373047,253.8500061035156,26985
2025-09-30 18:14:00+00:00,253.8000030517578,253.82000732421875,253.7899932861328,253.82000732421875,13811
2025-09-30 18:15:00+00:00,253.8699951171875,253.9499053955078,253.7899932861328,253.8000030517578,38222
2025-09-30 18:16:00+00:00,253.72999572753903,253.8697052001953,253.69500732421875,253.8697052001953,27637
2025-09-30 18:17:00+00:00,253.72999572753903,253.7700042724609,253.6699981689453,253.7400054931641,25299
2025-09-30 18:18:00+00:00,253.60629272460935,253.72999572753903,253.5865936279297,253.72000122070312,22646
2025-09-30 18:19:00+00:00,253.6625061035156,253.6999969482422,253.6000061035156,253.6000061035156,20840
2025-09-30 18:20:00+00:00,253.58990478515625,253.6499938964844,253.5209045410156,253.6499938964844,43329
2025-09-30 18:21:00+00:00,253.5,253.58999633789065,253.47300720214844,253.58999633789065,37143
2025-09-30 18:22:00+00:00,253.26199340820312,253.49159240722656,253.22000122070312,253.4900054931641,80941
2025-09-30 18:23:00+00:00,253.1502990722656,253.27999877929688,253.1100006103516,253.2400054931641,89938
2025-09-30 18:24:00+00:00,253.27310180664065,253.3800048828125,253.1199951171875,253.1499938964844,57672
2025-09-30 18:25:00+00:00,253.3500061035156,253.3500061035156,253.2700042724609,253.2899932861328,42893
2025-09-30 18:26:00+00:00,253.44009399414065,253.4550018310547,253.3300018310547,253.33999633789065,42450
2025-09-30 18:27:00+00:00,253.3699951171875,253.47000122070312,253.3600006103516,253.4499053955078,37537
2025-09-30 18:28:00+00:00,253.27999877929688,253.39959716796875,253.2700042724609,253.3600006103516,48782
2025-09-30 18:29:00+00:00,253.33999633789065,253.3498992919922,253.2209930419922,253.2899932861328,34133
2025-09-30 18:30:00+00:00,253.3903045654297,253.39129638671875,253.27099609375,253.33999633789065,27592
2025-09-30 18:31:00+00:00,253.42999267578125,253.44219970703125,253.3699951171875,253.3999938964844,28763
2025-09-30 18:32:00+00:00,253.38999938964844,253.47000122070312,253.35009765625,253.44000244140625,37991
2025-09-30 18:33:00+00:00,253.375,253.4149932861328,253.33009338378903,253.3950042724609,16053
2025-09-30 18:34:00+00:00,253.4600067138672,253.5,253.3583984375,253.3800048828125,22293
2025-09-30 18:35:00+00:00,253.42999267578125,253.4499969482422,253.41000366210935,253.4499969482422,17702
2025-09-30 18:36:00+00:00,253.37559509277344,253.4499969482422,253.34500122070312,253.42999267578125,39083
2025-09-30 18:37:00+00:00,253.4900054931641,253.50999450683597,253.38589477539065,253.38589477539065,29452
2025-09-30 18:38:00+00:00,253.5050048828125,253.55999755859372,253.47000122070312,253.4857940673828,26049
2025-09-30 18:39:00+00:00,253.50999450683597,253.50999450683597,253.4600067138672,253.4900054931641,20722
2025-09-30 18:40:00+00:00,253.55780029296875,253.6100006103516,253.5050048828125,253.50999450683597,28805
2025-09-30 18:41:00+00:00,253.7400054931641,253.74740600585935,253.55499267578125,253.55499267578125,31254
2025-09-30 18:42:00+00:00,253.7183074951172,253.8249053955078,253.7100067138672,253.7400054931641,31668
2025-09-30 18:43:00+00:00,253.80499267578125,253.81500244140625,253.72999572753903,253.72999572753903,19944
2025-09-30 18:44:00+00:00,253.8372039794922,253.8500061035156,253.75140380859372,253.8000030517578,26467
2025-09-30 18:45:00+00:00,253.8000030517578,253.8600006103516,253.78680419921875,253.82969665527344,24158
2025-09-30 18:46:00+00:00,253.8600006103516,253.8600006103516,253.72259521484372,253.78500366210935,42518
2025-09-30 18:47:00+00:00,254.02999877929688,254.0500030517578,253.8500061035156,253.8600006103516,65872
2025-09-30 18:48:00+00:00,254.0249938964844,254.05999755859372,253.9801025390625,254.0249938964844,6282802
2025-09-30 18:49:00+00:00,254.0500030517578,254.0749969482422,254.0200042724609,254.0200042724609,0
2025-09-30 18:50:00+00:00,254.03250122070312,254.1199951171875,254.02999877929688,254.0399932861328,42523
2025-09-30 18:51:00+00:00,254.0906982421875,254.1100006103516,253.9750061035156,254.043701171875,38594
2025-09-30 18:52:00+00:00,254.06500244140625,254.08999633789065,254.02999877929688,254.08999633789065,36182
2025-09-30 18:53:00+00:00,254.05999755859372,254.1000061035156,254.0200042724609,254.05999755859372,20450
2025-09-30 18:54:00+00:00,254.0500030517578,254.0612945556641,253.9900054931641,254.05999755859372,21676
2025-09-30 18:55:00+00:00,254.12510681152344,254.13999938964844,254.0283050537109,254.05999755859372,37344
2025-09-30 18:56:00+00:00,254.08999633789065,254.15499877929688,254.07000732421875,254.1300048828125,34748
2025-09-30 18:57:00+00:00,254.1876983642578,254.19000244140625,254.05999755859372,254.0886993408203,39585
2025-09-30 18:58:00+00:00,254.2250061035156,254.2400054931641,254.13999938964844,254.1898956298828,39872
2025-09-30 18:59:00+00:00,254.19000244140625,254.2250061035156,254.1450042724609,254.22000122070312,45370
2025-09-30 19:00:00+00:00,254.19000244140625,254.22999572753903,254.1100006103516,254.19500732421875,38362
2025-09-30 19:01:00+00:00,254.07000732421875,254.19500732421875,254.05999755859372,254.19000244140625,21745
2025-09-30 19:02:00+00:00,254.1499938964844,254.1499938964844,254.0399932861328,254.07000732421875,30593
2025-09-30 19:03:00+00:00,254.22000122070312,254.2324981689453,254.1100006103516,254.1499938964844,40665
2025-09-30 19:04:00+00:00,254.1499938964844,254.2100067138672,254.13870239257807,254.2100067138672,24756
2025-09-30 19:05:00+00:00,254.07000732421875,254.1499938964844,254.0684051513672,254.1499938964844,21968
2025-09-30 19:06:00+00:00,254.03700256347656,254.0800018310547,254.00999450683597,254.0800018310547,32220
2025-09-30 19:07:00+00:00,254.0399932861328,254.05999755859372,253.97000122070312,254.0319976806641,35570
2025-09-30 19:08:00+00:00,254.08999633789065,254.1300048828125,254.02999877929688,254.0399932861328,28284
2025-09-30 19:09:00+00:00,253.99220275878903,254.1000061035156,253.97999572753903,254.08999633789065,21866
2025-09-30 19:10:00+00:00,254.0500030517578,254.05999755859372,253.9550018310547,253.97999572753903,33774
2025-09-30 19:11:00+00:00,253.88299560546875,254.07000732421875,253.8600006103516,254.05999755859372,22443
2025-09-30 19:12:00+00:00,253.7250061035156,253.88999938964844,253.7250061035156,253.88999938964844,49141
2025-09-30 19:13:00+00:00,253.6750030517578,253.7899932861328,253.66000366210935,253.7124938964844,48945
2025-09-30 19:14:00+00:00,253.6750030517578,253.73129272460935,253.6501007080078,253.68499755859372,47490
2025-09-30 19:15:00+00:00,253.66000366210935,253.7071075439453,253.6000061035156,253.69000244140625,41893
2025-09-30 19:16:00+00:00,253.6150054931641,253.72979736328125,253.56100463867188,253.6699981689453,30968
2025-09-30 19:17:00+00:00,253.6150054931641,253.7100067138672,253.61099243164065,253.6150054931641,39713
2025-09-30 19:18:00+00:00,253.55499267578125,253.6300048828125,253.5500030517578,253.6150054931641,39833
2025-09-30 19:19:00+00:00,253.6000061035156,253.66000366210935,253.52999877929688,253.5500030517578,73168
2025-09-30 19:20:00+00:00,253.57000732421875,253.66000366210935,253.5,253.58999633789065,60992
2025-09-30 19:21:00+00:00,253.81500244140625,253.81500244140625,253.5749969482422,253.5749969482422,39614
2025-09-30 19:22:00+00:00,253.82000732421875,253.9058990478516,253.8000030517578,253.8249969482422,44634
2025-09-30 19:23:00+00:00,253.81500244140625,253.8800048828125,253.80499267578125,253.8249969482422,22817
2025-09-30 19:24:00+00:00,253.8500061035156,253.8643035888672,253.8000030517578,253.82000732421875,34994
2025-09-30 19:25:00+00:00,253.92999267578125,253.92999267578125,253.8300018310547,253.85499572753903,30266
2025-09-30 19:26:00+00:00,253.9499969482422,254.0200042724609,253.92999267578125,253.94000244140625,41744
2025-09-30 19:27:00+00:00,253.9900054931641,254.00999450683597,253.91000366210935,253.9600067138672,27069
2025-09-30 19:28:00+00:00,253.9199981689453,253.9900054931641,253.8800048828125,253.9701995849609,30257
2025-09-30 19:29:00+00:00,253.9499969482422,253.97999572753903,253.90499877929688,253.9199981689453,33096
2025-09-30 19:30:00+00:00,253.94000244140625,253.96499633789065,253.9199981689453,253.9600067138672,41840
2025-09-30 19:31:00+00:00,253.97000122070312,253.97999572753903,253.93299865722656,253.94700622558597,34684
2025-09-30 19:32:00+00:00,253.8699951171875,253.97000122070312,253.8699951171875,253.97000122070312,47075
2025-09-30 19:33:00+00:00,253.8300018310547,253.91000366210935,253.80999755859372,253.88999938964844,42045
2025-09-30 19:34:00+00:00,253.93380737304688,253.9499969482422,253.8101043701172,253.8249969482422,38541
2025-09-30 19:35:00+00:00,253.9499969482422,253.9850006103516,253.90499877929688,253.9199981689453,35621
2025-09-30 19:36:00+00:00,254.0500030517578,254.0500030517578,253.9250030517578,253.95440673828125,49331
2025-09-30 19:37:00+00:00,254.17999267578125,254.17999267578125,254.0500030517578,254.0500030517578,75072
2025-09-30 19:38:00+00:00,254.16000366210935,254.2100067138672,254.1100006103516,254.19000244140625,52426
2025-09-30 19:39:00+00:00,254.15989685058597,254.17999267578125,254.1300048828125,254.14259338378903,37396
2025-09-30 19:40:00+00:00,254.01499938964844,254.1499938964844,253.97000122070312,254.1499938964844,56639
2025-09-30 19:41:00+00:00,253.9900054931641,254.02999877929688,253.94000244140625,254.02999877929688,51150
2025-09-30 19:42:00+00:00,253.94000244140625,254.0,253.9199981689453,253.9900054931641,35415
2025-09-30 19:43:00+00:00,254.01499938964844,254.1100006103516,253.92999267578125,253.9344024658203,45636
2025-09-30 19:44:00+00:00,254.05999755859372,254.05999755859372,254.0,254.00999450683597,32086
2025-09-30 19:45:00+00:00,254.1750030517578,254.19000244140625,254.02999877929688,254.05999755859372,56061
2025-09-30 19:46:00+00:00,254.19549560546875,254.27999877929688,254.1199951171875,254.1699981689453,58712
2025-09-30 19:47:00+00:00,254.2100067138672,254.2100067138672,254.1499938964844,254.19000244140625,32628
2025-09-30 19:48:00+00:00,254.29840087890625,254.29840087890625,254.1999969482422,254.2012939453125,42464
2025-09-30 19:49:00+00:00,254.4750061035156,254.47999572753903,254.2899932861328,254.2899932861328,97791
2025-09-30 19:50:00+00:00,254.41000366210935,254.6999969482422,254.21299743652344,254.4499969482422,167074
2025-09-30 19:51:00+00:00,254.77999877929688,254.80999755859372,254.41000366210935,254.41000366210935,104000
2025-09-30 19:52:00+00:00,255.0,255.0200042724609,254.72999572753903,254.77999877929688,130054
2025-09-30 19:53:00+00:00,255.08999633789065,255.08999633789065,254.92999267578125,255.00999450683597,132236
2025-09-30 19:54:00+00:00,254.968994140625,255.17999267578125,254.8699951171875,255.08999633789065,168258
2025-09-30 19:55:00+00:00,254.9199981689453,255.0912933349609,254.8699951171875,254.9600067138672,165380
2025-09-30 19:56:00+00:00,254.8000030517578,254.94000244140625,254.77999877929688,254.91000366210935,109039
2025-09-30 19:57:00+00:00,254.8600006103516,254.92999267578125,254.7100067138672,254.77999877929688,183742
2025-09-30 19:58:00+00:00,254.8350067138672,254.8999938964844,254.7899932861328,254.8699951171875,217301
2025-09-30 19:59:00+00:00,254.55999755859372,254.8813934326172,254.5399932861328,254.8300018310547,690984
2025-10-01 13:30:00+00:00,255.2100067138672,255.7700042724609,254.9499969482422,255.0399932861328,1213211
2025-10-01 13:31:00+00:00,256.0599975585937,256.3099975585937,255.0500030517578,255.1699981689453,365479
2025-10-01 13:32:00+00:00,255.94000244140625,256.5599060058594,255.8300018310547,256.0599975585937,301178
2025-10-01 13:33:00+00:00,256.2950134277344,256.5,255.85499572753903,255.9149932861328,176949
2025-10-01 13:34:00+00:00,256.5174865722656,256.79998779296875,256.2950134277344,256.2950134277344,216541
2025-10-01 13:35:00+00:00,257.4231872558594,257.4287109375,256.4100036621094,256.489990234375,401003
2025-10-01 13:36:00+00:00,258.42498779296875,258.5221862792969,257.3999938964844,257.42999267578125,595172
2025-10-01 13:37:00+00:00,258.5299987792969,258.7900085449219,258.239990234375,258.41668701171875,439154
2025-10-01 13:38:00+00:00,258.4349975585937,258.7699890136719,258.4100036621094,258.5299987792969,295172
2025-10-01 13:39:00+00:00,258.04998779296875,258.635009765625,257.8999938964844,258.44500732421875,269885
2025-10-01 13:40:00+00:00,258.0899963378906,258.44000244140625,258.010009765625,258.0400085449219,185042
2025-10-01 13:41:00+00:00,257.79998779296875,258.0799865722656,257.6708984375,258.0799865722656,199437
2025-10-01 13:42:00+00:00,258.125,258.1481018066406,257.6202087402344,257.8099975585937,124544
2025-10-01 13:43:00+00:00,257.573486328125,258.2300109863281,257.4901123046875,258.1600036621094,160581
2025-10-01 13:44:00+00:00,257.6700134277344,257.67999267578125,257.3599853515625,257.6000061035156,92281
2025-10-01 13:45:00+00:00,257.04168701171875,257.6791076660156,256.9349975585937,257.6499938964844,226575
2025-10-01 13:46:00+00:00,256.67999267578125,257.0599060058594,256.6600036621094,257.0400085449219,138645
2025-10-01 13:47:00+00:00,256.33990478515625,256.7200012207031,256.2799987792969,256.6300048828125,136049
2025-10-01 13:48:00+00:00,255.8500061035156,256.572509765625,255.8500061035156,256.32000732421875,196915
2025-10-01 13:49:00+00:00,255.4499969482422,255.9499969482422,255.42999267578125,255.84030151367188,197318
2025-10-01 13:50:00+00:00,255.6750030517578,255.8000030517578,255.27999877929688,255.41000366210935,201384
2025-10-01 13:51:00+00:00,255.83999633789065,255.88999938964844,255.5601043701172,255.69000244140625,127915
2025-10-01 13:52:00+00:00,255.82000732421875,255.9488067626953,255.72999572753903,255.83999633789065,103465
2025-10-01 13:53:00+00:00,256.1499938964844,256.1700134277344,255.7899932861328,255.8300018310547,137012
2025-10-01 13:54:00+00:00,256.25,256.29998779296875,256.0199890136719,256.1597900390625,116187
2025-10-01 13:55:00+00:00,255.97000122070312,256.239990234375,255.9698944091797,256.239990234375,85288
2025-10-01 13:56:00+00:00,256.4100036621094,256.45001220703125,255.8650054931641,255.9600067138672,133635
2025-10-01 13:57:00+00:00,256.3299865722656,256.4841003417969,256.3099975585937,256.44000244140625,112107
2025-10-01 13:58:00+00:00,256.3500061035156,256.3999938964844,256.239990234375,256.3349914550781,89993
2025-10-01 13:59:00+00:00,256.5050048828125,256.5599060058594,256.29998779296875,256.3500061035156,105222
2025-10-01 14:00:00+00:00,256.6300048828125,256.6400146484375,256.29998779296875,256.5150146484375,101725
2025-10-01 14:01:00+00:00,256.6199951171875,256.739990234375,256.489990234375,256.6400146484375,94049
2025-10-01 14:02:00+00:00,256.3500061035156,256.625,256.3099975585937,256.6199951171875,71953
2025-10-01 14:03:00+00:00,256.239990234375,256.40301513671875,256.03009033203125,256.3699951171875,69676
2025-10-01 14:04:00+00:00,256.42999267578125,256.5400085449219,256.20001220703125,256.2300109863281,51259
2025-10-01 14:05:00+00:00,256.3197937011719,256.4200134277344,256.2726135253906,256.4200134277344,53847
2025-10-01 14:06:00+00:00,256.114990234375,256.3299865722656,256.0799865722656,256.319091796875,98374
2025-10-01 14:07:00+00:00,256.0350036621094,256.2099914550781,255.9900054931641,256.1400146484375,76064
2025-10-01 14:08:00+00:00,255.8500061035156,256.0899963378906,255.7700042724609,256.04998779296875,110357
2025-10-01 14:09:00+00:00,255.85009765625,255.92999267578125,255.72999572753903,255.85499572753903,61344
2025-10-01 14:10:00+00:00,256.0,256.07989501953125,255.877197265625,255.8800048828125,54492
2025-10-01 14:11:00+00:00,255.7949981689453,256.0419006347656,255.7801055908203,255.9884033203125,58278
2025-10-01 14:12:00+00:00,255.52999877929688,255.80999755859372,255.52999877929688,255.7949981689453,106940
2025-10-01 14:13:00+00:00,255.65499877929688,255.75999450683597,255.43499755859372,255.5200042724609,89792
2025-10-01 14:14:00+00:00,255.97999572753903,255.9900054931641,255.6569976806641,255.6569976806641,51912
2025-10-01 14:15:00+00:00,256.0544128417969,256.0950012207031,255.94000244140625,255.9875030517578,56805
2025-10-01 14:16:00+00:00,256.3699951171875,256.3999938964844,256.0249938964844,256.0512084960937,97595
2025-10-01 14:17:00+00:00,256.3399963378906,256.4700012207031,256.29998779296875,256.3699951171875,97508
2025-10-01 14:18:00+00:00,256.7124938964844,256.7250061035156,256.3500061035156,256.3500061035156,75679
2025-10-01 14:19:00+00:00,256.9800109863281,257.0299987792969,256.7099914550781,256.7200012207031,128216
2025-10-01 14:20:00+00:00,256.92999267578125,257.0198974609375,256.8901062011719,256.9855041503906,80864
2025-10-01 14:21:00+00:00,257.17999267578125,257.3299865722656,256.9150085449219,256.92999267578125,101944
2025-10-01 14:22:00+00:00,256.75,257.2200012207031,256.739990234375,257.17999267578125,90032
2025-10-01 14:23:00+00:00,256.7149963378906,256.8099975585937,256.625,256.7799987792969,56912
2025-10-01 14:24:00+00:00,256.7226867675781,256.7799987792969,256.6400146484375,256.7300109863281,71708
2025-10-01 14:25:00+00:00,256.66119384765625,256.82000732421875,256.5899963378906,256.7284851074219,66864
2025-10-01 14:26:00+00:00,256.2699890136719,256.6700134277344,256.1669921875,256.6700134277344,187501
2025-10-01 14:27:00+00:00,256.45001220703125,256.4800109863281,256.23388671875,256.2900085449219,73011
2025-10-01 14:28:00+00:00,256.6499938964844,256.6698913574219,256.3800048828125,256.44000244140625,75340
2025-10-01 14:29:00+00:00,256.1614074707031,256.6452941894531,256.1614074707031,256.6300048828125,124063
2025-10-01 14:30:00+00:00,256.1499938964844,256.2590026855469,256.1000061035156,256.17999267578125,68923
2025-10-01 14:31:00+00:00,256.0199890136719,256.24200439453125,255.9492950439453,256.1376953125,80557
2025-10-01 14:32:00+00:00,255.88999938964844,256.0199890136719,255.835205078125,256.0,76331
2025-10-01 14:33:00+00:00,255.45989990234372,255.9069976806641,255.3999938964844,255.88499450683597,115045
2025-10-01 14:34:00+00:00,255.8459014892578,255.8459014892578,255.4600067138672,255.4600067138672,73191
2025-10-01 14:35:00+00:00,255.96499633789065,255.97959899902344,255.8282012939453,255.8350067138672,58704
2025-10-01 14:36:00+00:00,255.8800048828125,255.9900054931641,255.83999633789065,255.96499633789065,52851
2025-10-01 14:37:00+00:00,255.7899932861328,255.92999267578125,255.75,255.8699951171875,45713
2025-10-01 14:38:00+00:00,255.7700042724609,255.8300018310547,255.610107421875,255.82000732421875,67069
2025-10-01 14:39:00+00:00,255.8300018310547,255.92999267578125,255.75999450683597,255.7700042724609,43719
2025-10-01 14:40:00+00:00,255.7350006103516,255.83999633789065,255.6649932861328,255.82000732421875,70933
2025-10-01 14:41:00+00:00,255.6999969482422,255.7449951171875,255.58999633789065,255.7400054931641,48855
2025-10-01 14:42:00+00:00,255.67999267578125,255.6999969482422,255.5424041748047,255.69000244140625,52968
2025-10-01 14:43:00+00:00,255.58999633789065,255.7250061035156,255.5500030517578,255.7100067138672,45981
2025-10-01 14:44:00+00:00,255.5500030517578,255.625,255.5,255.60499572753903,36560
2025-10-01 14:45:00+00:00,255.5800018310547,255.6499938964844,255.50999450683597,255.55999755859372,48906
2025-10-01 14:46:00+00:00,255.8999938964844,255.94500732421875,255.56500244140625,255.6000061035156,59855
2025-10-01 14:47:00+00:00,255.82009887695312,255.89739990234372,255.69859313964844,255.88999938964844,46889
2025-10-01 14:48:00+00:00,255.6699981689453,255.8625946044922,255.66099548339844,255.83999633789065,40806
2025-10-01 14:49:00+00:00,255.80999755859372,255.82000732421875,255.58999633789065,255.66000366210935,32416
2025-10-01 14:50:00+00:00,255.6300048828125,255.80999755859372,255.6100006103516,255.80999755859372,51495
2025-10-01 14:51:00+00:00,255.7449951171875,255.77999877929688,255.52999877929688,255.6300048828125,48963
2025-10-01 14:52:00+00:00,255.7250061035156,255.8000030517578,255.67999267578125,255.75,36654
2025-10-01 14:53:00+00:00,255.69000244140625,255.76950073242188,255.6499938964844,255.72999572753903,39144
2025-10-01 14:54:00+00:00,255.8000030517578,255.92999267578125,255.69000244140625,255.69000244140625,57994
2025-10-01 14:55:00+00:00,255.8600006103516,255.94369506835935,255.8000030517578,255.8000030517578,39583
2025-10-01 14:56:00+00:00,255.7270050048828,255.8699951171875,255.6750030517578,255.8699951171875,33146
2025-10-01 14:57:00+00:00,255.7321929931641,255.818603515625,255.70199584960935,255.7270050048828,25799
2025-10-01 14:58:00+00:00,255.67999267578125,255.7550048828125,255.58099365234372,255.72000122070312,41308
2025-10-01 14:59:00+00:00,255.52999877929688,255.69000244140625,255.52999877929688,255.689697265625,37925
2025-10-01 15:00:00+00:00,255.5500030517578,255.6100006103516,255.4900054931641,255.52999877929688,54491
2025-10-01 15:01:00+00:00,255.5850067138672,255.63999938964844,255.52999877929688,255.5399932861328,39348
2025-10-01 15:02:00+00:00,255.5800018310547,255.61900329589844,255.52999877929688,255.5823974609375,39199
2025-10-01 15:03:00+00:00,255.42999267578125,255.6199951171875,255.41000366210935,255.5800018310547,49878
2025-10-01 15:04:00+00:00,255.45489501953125,255.5800018310547,255.3800048828125,255.42999267578125,60921
2025-10-01 15:05:00+00:00,255.3112030029297,255.4698944091797,255.3000030517578,255.4600067138672,57359
2025-10-01 15:06:00+00:00,255.4250030517578,255.4600067138672,255.3101043701172,255.33990478515625,62347
2025-10-01 15:07:00+00:00,255.5249938964844,255.57960510253903,255.3699951171875,255.42930603027344,59686
2025-10-01 15:08:00+00:00,255.44500732421875,255.6199951171875,255.30999755859372,255.5249938964844,74856
2025-10-01 15:09:00+00:00,255.3865966796875,255.47999572753903,255.3650054931641,255.44000244140625,37628
2025-10-01 15:10:00+00:00,255.3300018310547,255.4199981689453,255.3000030517578,255.375,27424
2025-10-01 15:11:00+00:00,255.3500061035156,255.4936981201172,255.3000030517578,255.32000732421875,55329
2025-10-01 15:12:00+00:00,255.3249969482422,255.42999267578125,255.1999969482422,255.3500061035156,48172
2025-10-01 15:13:00+00:00,255.6000061035156,255.6352996826172,255.3211975097656,255.3500061035156,47832
2025-10-01 15:14:00+00:00,255.5500030517578,255.625,255.47999572753903,255.5800018310547,57346
2025-10-01 15:15:00+00:00,255.33999633789065,255.5800018310547,255.30999755859372,255.5384063720703,69670
2025-10-01 15:16:00+00:00,255.27999877929688,255.41000366210935,255.22000122070312,255.33999633789065,35311
2025-10-01 15:17:00+00:00,255.38999938964844,255.41000366210935,255.27999877929688,255.27999877929688,39300
2025-10-01 15:18:00+00:00,255.3699951171875,255.46499633789065,255.3699951171875,255.38499450683597,40637
2025-10-01 15:19:00+00:00,255.4199981689453,255.5,255.36399841308597,255.3699951171875,36049
2025-10-01 15:20:00+00:00,255.3999938964844,255.44000244140625,255.3500061035156,255.41000366210935,46739
2025-10-01 15:21:00+00:00,255.4900054931641,255.5,255.3694000244141,255.41259765625,30572
2025-10-01 15:22:00+00:00,255.22999572753903,255.50999450683597,255.2100067138672,255.4958038330078,71277
2025-10-01 15:23:00+00:00,255.4250030517578,255.4468994140625,255.2100067138672,255.2350006103516,46597
2025-10-01 15:24:00+00:00,255.22999572753903,255.4250030517578,255.22999572753903,255.4250030517578,21423
2025-10-01 15:25:00+00:00,255.19500732421875,255.30999755859372,255.17999267578125,255.2700042724609,33506
2025-10-01 15:26:00+00:00,255.2075958251953,255.22999572753903,255.1000061035156,255.21499633789065,35649
2025-10-01 15:27:00+00:00,255.1699981689453,255.22999572753903,255.1150054931641,255.21499633789065,32411
2025-10-01 15:28:00+00:00,255.47659301757807,255.47659301757807,255.17999267578125,255.17999267578125,48571
2025-10-01 15:29:00+00:00,255.5245056152344,255.5449981689453,255.38999938964844,255.47000122070312,34263
2025-10-01 15:30:00+00:00,255.75,255.7899932861328,255.52040100097656,255.5301055908203,86616
2025-10-01 15:31:00+00:00,255.6800994873047,255.82969665527344,255.6699981689453,255.75489807128903,45214
2025-10-01 15:32:00+00:00,255.7100982666016,255.72999572753903,255.6199951171875,255.69000244140625,47079
2025-10-01 15:33:00+00:00,255.6100006103516,255.6999969482422,255.55999755859372,255.6999969482422,33006
2025-10-01 15:34:00+00:00,255.5659942626953,255.6300048828125,255.51499938964844,255.6100006103516,36729
2025-10-01 15:35:00+00:00,255.69000244140625,255.75,255.50999450683597,255.5449981689453,35562
2025-10-01 15:36:00+00:00,255.75999450683597,255.7949981689453,255.67999267578125,255.6999969482422,28624
2025-10-01 15:37:00+00:00,255.7899932861328,255.8600006103516,255.75999450683597,255.75999450683597,27615
2025-10-01 15:38:00+00:00,255.82000732421875,255.8600006103516,255.7610015869141,255.80999755859372,26971
2025-10-01 15:39:00+00:00,255.8300018310547,255.85699462890625,255.78500366210935,255.8300018310547,27990
2025-10-01 15:40:00+00:00,255.7700042724609,255.88999938964844,255.75999450683597,255.83999633789065,42652
2025-10-01 15:41:00+00:00,255.72999572753903,255.87130737304688,255.72999572753903,255.8000030517578,37330
2025-10-01 15:42:00+00:00,255.7400054931641,255.8070068359375,255.69000244140625,255.72000122070312,21008
2025-10-01 15:43:00+00:00,255.7400054931641,255.7700042724609,255.69000244140625,255.7700042724609,14312
2025-10-01 15:44:00+00:00,255.7949981689453,255.82000732421875,255.7100067138672,255.7400054931641,19667
2025-10-01 15:45:00+00:00,256.0199890136719,256.0400085449219,255.7949981689453,255.7949981689453,82161
2025-10-01 15:46:00+00:00,255.9467010498047,256.0400085449219,255.9250030517578,256.0150146484375,34581
2025-10-01 15:47:00+00:00,255.8999938964844,255.9698028564453,255.83999633789065,255.94129943847656,28203
2025-10-01 15:48:00+00:00,255.77999877929688,255.9199066162109,255.75,255.8999938964844,29528
2025-10-01 15:49:00+00:00,255.68499755859372,255.77999877929688,255.6199951171875,255.77999877929688,36070
2025-10-01 15:50:00+00:00,255.6649932861328,255.72000122070312,255.6186981201172,255.6855926513672,32152
2025-10-01 15:51:00+00:00,255.55499267578125,255.7899932861328,255.5500030517578,255.66000366210935,48986
2025-10-01 15:52:00+00:00,255.625,255.63499450683597,255.55499267578125,255.55499267578125,32412
2025-10-01 15:53:00+00:00,255.69000244140625,255.72999572753903,255.55999755859372,255.6201019287109,34501
2025-10-01 15:54:00+00:00,255.7899932861328,255.7899932861328,255.6499938964844,255.6699981689453,28647
2025-10-01 15:55:00+00:00,255.9149932861328,255.94000244140625,255.72000122070312,255.7899932861328,43352
2025-10-01 15:56:00+00:00,256.0000915527344,256.0299987792969,255.91000366210935,255.9199981689453,67384
2025-10-01 15:57:00+00:00,256.0046081542969,256.0799865722656,255.9886932373047,256.0169982910156,43688
2025-10-01 15:58:00+00:00,256.0050048828125,256.0412902832031,255.94000244140625,255.9949951171875,30933
2025-10-01 15:59:00+00:00,256.1000061035156,256.1199951171875,256.0132141113281,256.0132141113281,33449
2025-10-01 16:00:00+00:00,256.239990234375,256.2699890136719,256.0899963378906,256.1000061035156,58047
2025-10-01 16:01:00+00:00,256.4200134277344,256.44000244140625,256.2300109863281,256.2300109863281,53255
2025-10-01 16:02:00+00:00,256.4100036621094,256.4700012207031,256.3876037597656,256.42498779296875,35931
2025-10-01 16:03:00+00:00,256.3299865722656,256.4100036621094,256.32000732421875,256.4100036621094,37914
2025-10-01 16:04:00+00:00,256.3599853515625,256.3999938964844,256.2699890136719,256.3240966796875,29151
2025-10-01 16:05:00+00:00,256.3399963378906,256.389892578125,256.3085021972656,256.3550109863281,29806
2025-10-01 16:06:00+00:00,256.3599853515625,256.3818054199219,256.3099975585937,256.3399963378906,36059
2025-10-01 16:07:00+00:00,256.5199890136719,256.5299987792969,256.3500061035156,256.3599853515625,61226
2025-10-01 16:08:00+00:00,256.5199890136719,256.5599975585937,256.489990234375,256.5199890136719,53146
2025-10-01 16:09:00+00:00,256.489990234375,256.54998779296875,256.42999267578125,256.5400085449219,36062
2025-10-01 16:10:00+00:00,256.5400085449219,256.6400146484375,256.45001220703125,256.4599914550781,41214
2025-10-01 16:11:00+00:00,256.6300048828125,256.69500732421875,256.5343933105469,256.54998779296875,66750
2025-10-01 16:12:00+00:00,256.7130126953125,256.7200012207031,256.5201110839844,256.6199951171875,64500
2025-10-01 16:13:00+00:00,256.8890075683594,256.9200134277344,256.69000244140625,256.7099914550781,45102
2025-10-01 16:14:00+00:00,256.6400146484375,256.8699951171875,256.6199951171875,256.8699951171875,44243
2025-10-01 16:15:00+00:00,256.42999267578125,256.6400146484375,256.42999267578125,256.6400146484375,43375
2025-10-01 16:16:00+00:00,256.510009765625,256.5199890136719,256.44000244140625,256.44000244140625,37301
2025-10-01 16:17:00+00:00,256.45001220703125,256.54998779296875,256.44000244140625,256.5199890136719,39480
2025-10-01 16:18:00+00:00,256.3699951171875,256.44500732421875,256.3399963378906,256.42999267578125,26099
2025-10-01 16:19:00+00:00,256.20001220703125,256.3699951171875,256.20001220703125,256.3699951171875,49143
2025-10-01 16:20:00+00:00,255.9499969482422,256.2099914550781,255.9499969482422,256.20001220703125,46940
2025-10-01 16:21:00+00:00,256.0400085449219,256.1300048828125,255.9499969482422,255.9600067138672,37596
2025-10-01 16:22:00+00:00,255.9949951171875,256.06988525390625,255.93760681152344,256.0299987792969,23292
2025-10-01 16:23:00+00:00,255.9850006103516,256.0299987792969,255.9600067138672,256.0,27592
2025-10-01 16:24:00+00:00,256.06500244140625,256.1000061035156,255.960205078125,255.9900054931641,24016
2025-10-01 16:25:00+00:00,256.23590087890625,256.23590087890625,256.0599975585937,256.0799865722656,35273
2025-10-01 16:26:00+00:00,256.2099914550781,256.2760009765625,256.2099914550781,256.2439880371094,32468
2025-10-01 16:27:00+00:00,256.20001220703125,256.2699890136719,256.1099853515625,256.2099914550781,42117
2025-10-01 16:28:00+00:00,256.1700134277344,256.260009765625,256.1200866699219,256.17999267578125,26205
2025-10-01 16:29:00+00:00,256.1600036621094,256.2130126953125,256.1499938964844,256.1700134277344,19017
2025-10-01 16:30:00+00:00,256.29998779296875,256.3099975585937,256.1499938964844,256.1636047363281,30870
2025-10-01 16:31:00+00:00,256.3629150390625,256.389892578125,256.2900085449219,256.29998779296875,30839
2025-10-01 16:32:00+00:00,256.2900085449219,256.3599853515625,256.19000244140625,256.3599853515625,61256
2025-10-01 16:33:00+00:00,256.1199951171875,256.2900085449219,256.1099853515625,256.2900085449219,39092
2025-10-01 16:34:00+00:00,256.07000732421875,256.2099914550781,256.0599975585937,256.1127014160156,27565
2025-10-01 16:35:00+00:00,256.0599975585937,256.1000061035156,256.0299987792969,256.0700988769531,21685
2025-10-01 16:36:00+00:00,256.2749938964844,256.29998779296875,256.07000732421875,256.07000732421875,39870
2025-10-01 16:37:00+00:00,256.489990234375,256.489990234375,256.2796936035156,256.2796936035156,40537
2025-10-01 16:38:00+00:00,256.44500732421875,256.510009765625,256.3949890136719,256.489990234375,54296
2025-10-01 16:39:00+00:00,256.4800109863281,256.5,256.3800048828125,256.4551086425781,35474
2025-10-01 16:40:00+00:00,256.53289794921875,256.6300048828125,256.4649963378906,256.4649963378906,34014
2025-10-01 16:41:00+00:00,256.4200134277344,256.54998779296875,256.3999938964844,256.5199890136719,28359
2025-10-01 16:42:00+00:00,256.27099609375,256.45001220703125,256.27099609375,256.42999267578125,27126
2025-10-01 16:43:00+00:00,256.3500061035156,256.4599914550781,256.2799987792969,256.2799987792969,29962
2025-10-01 16:44:00+00:00,256.260009765625,256.3500061035156,256.25,256.3500061035156,24283
2025-10-01 16:45:00+00:00,256.1499938964844,256.260009765625,256.1199951171875,256.25,28864
2025-10-01 16:46:00+00:00,256.2950134277344,256.29998779296875,256.1400146484375,256.1451110839844,29051
2025-10-01 16:47:00+00:00,256.5299987792969,256.5400085449219,256.260009765625,256.2799987792969,32742
2025-10-01 16:48:00+00:00,256.44000244140625,256.5599975585937,256.4200134277344,256.5400085449219,27280
2025-10-01 16:49:00+00:00,256.42498779296875,256.4549865722656,256.3999938964844,256.45001220703125,14209
2025-10-01 16:50:00+00:00,256.5,256.5199890136719,256.4100952148437,256.42498779296875,26801
2025-10-01 16:51:00+00:00,256.4750061035156,256.5400085449219,256.42999267578125,256.510009765625,30401
2025-10-01 16:52:00+00:00,256.44000244140625,256.56500244140625,256.42999267578125,256.4700012207031,23940
2025-10-01 16:53:00+00:00,256.3800048828125,256.4599914550781,256.3699951171875,256.45001220703125,21178
2025-10-01 16:54:00+00:00,256.4049987792969,256.4175109863281,256.29010009765625,256.375,16568
2025-10-01 16:55:00+00:00,256.3800048828125,256.42999267578125,256.3500061035156,256.3901062011719,26538
2025-10-01 16:56:00+00:00,256.3699951171875,256.4100036621094,256.35009765625,256.375,13195
2025-10-01 16:57:00+00:00,256.3999938964844,256.44000244140625,256.3399963378906,256.3699951171875,21237
2025-10-01 16:58:00+00:00,256.44000244140625,256.44989013671875,256.38299560546875,256.3999938964844,22060
2025-10-01 16:59:00+00:00,256.45318603515625,256.4986877441406,256.4349975585937,256.44000244140625,34661
2025-10-01 17:00:00+00:00,256.6466064453125,256.6492919921875,256.4599914550781,256.4599914550781,48827
2025-10-01 17:01:00+00:00,256.79400634765625,256.79998779296875,256.610107421875,256.6401062011719,55380
2025-10-01 17:02:00+00:00,256.7900085449219,256.8298034667969,256.7300109863281,256.7850036621094,39058
2025-10-01 17:03:00+00:00,256.7099914550781,256.8016052246094,256.69500732421875,256.7950134277344,19540
2025-10-01 17:04:00+00:00,256.6000061035156,256.75,256.58770751953125,256.7099914550781,24468
2025-10-01 17:05:00+00:00,256.510009765625,256.6000061035156,256.489990234375,256.598388671875,45503
2025-10-01 17:06:00+00:00,256.5350036621094,256.5799865722656,256.510009765625,256.510009765625,19860
2025-10-01 17:07:00+00:00,256.6099853515625,256.6499938964844,256.5299987792969,256.5299987792969,31391
2025-10-01 17:08:00+00:00,256.6199951171875,256.6400146484375,256.5599975585937,256.6099853515625,19593
2025-10-01 17:09:00+00:00,256.5400085449219,256.6499938964844,256.510009765625,256.614013671875,30884
2025-10-01 17:10:00+00:00,256.37310791015625,256.5299987792969,256.37310791015625,256.5150146484375,35089
2025-10-01 17:11:00+00:00,256.3786926269531,256.42999267578125,256.3299865722656,256.37701416015625,34675
2025-10-01 17:12:00+00:00,256.3900146484375,256.44000244140625,256.3550109863281,256.385009765625,28546
2025-10-01 17:13:00+00:00,256.2051086425781,256.3883972167969,256.20001220703125,256.3883972167969,31785
2025-10-01 17:14:00+00:00,256.0400085449219,256.2098999023437,256.0249938964844,256.19000244140625,31910
2025-10-01 17:15:00+00:00,256.0199890136719,256.0799865722656,255.9949951171875,256.0400085449219,53138
2025-10-01 17:16:00+00:00,256.125,256.1612854003906,255.9830017089844,256.010009765625,47539
2025-10-01 17:17:00+00:00,256.215087890625,256.2200012207031,256.1011962890625,256.1300048828125,25069
2025-10-01 17:18:00+00:00,256.05499267578125,256.2300109863281,256.0282897949219,256.2099914550781,27905
2025-10-01 17:19:00+00:00,256.0950012207031,256.15008544921875,256.04998779296875,256.04998779296875,16741
2025-10-01 17:20:00+00:00,256.17999267578125,256.2200012207031,256.0950012207031,256.0950012207031,22991
2025-10-01 17:21:00+00:00,256.2099914550781,256.2099914550781,256.1376953125,256.17498779296875,20757
2025-10-01 17:22:00+00:00,256.1300048828125,256.2099914550781,256.1000061035156,256.20001220703125,21609
2025-10-01 17:23:00+00:00,256.0599060058594,256.1600036621094,256.0523986816406,256.1300048828125,25360
2025-10-01 17:24:00+00:00,256.0299987792969,256.1199951171875,256.02099609375,256.04998779296875,25125
2025-10-01 17:25:00+00:00,255.9900054931641,256.03680419921875,255.96499633789065,256.010009765625,26176
2025-10-01 17:26:00+00:00,255.88999938964844,256.0,255.87030029296875,255.9850006103516,41320
2025-10-01 17:27:00+00:00,255.9288024902344,255.94000244140625,255.85499572753903,255.8699951171875,36719
2025-10-01 17:28:00+00:00,256.0455017089844,256.1213073730469,255.91000366210935,255.9149932861328,29419
2025-10-01 17:29:00+00:00,256.1404113769531,256.1849975585937,256.0570068359375,256.0570068359375,16357
2025-10-01 17:30:00+00:00,256.1099853515625,256.1918029785156,256.0799865722656,256.1650085449219,16013
2025-10-01 17:31:00+00:00,256.1700134277344,256.17999267578125,256.072998046875,256.11968994140625,38036
2025-10-01 17:32:00+00:00,256.1499938964844,256.2200012207031,256.1400146484375,256.1791076660156,21787
2025-10-01 17:33:00+00:00,256.1400146484375,256.2200012207031,256.1300048828125,256.1499938964844,45188
2025-10-01 17:34:00+00:00,256.0683898925781,256.1841125488281,256.0599975585937,256.1400146484375,20350
2025-10-01 17:35:00+00:00,256.1300048828125,256.1600036621094,256.0783996582031,256.0880126953125,7991450
2025-10-01 17:36:00+00:00,256.25,256.2550048828125,256.1099853515625,256.1698913574219,41114
2025-10-01 17:37:00+00:00,256.29998779296875,256.32000732421875,256.2300109863281,256.239990234375,42977
2025-10-01 17:38:00+00:00,256.30499267578125,256.3299865722656,256.2698974609375,256.29998779296875,26913
2025-10-01 17:39:00+00:00,256.3399963378906,256.4599914550781,256.3099975585937,256.3110046386719,57401
2025-10-01 17:40:00+00:00,256.4150085449219,256.45001220703125,256.364990234375,256.364990234375,37877
2025-10-01 17:41:00+00:00,256.3999938964844,256.5,256.3900146484375,256.4198913574219,56160
2025-10-01 17:42:00+00:00,256.3099975585937,256.4169921875,256.2901916503906,256.4100036621094,30378
2025-10-01 17:43:00+00:00,256.3099975585937,256.32000732421875,256.2650146484375,256.2900085449219,45624
2025-10-01 17:44:00+00:00,256.3599853515625,256.4397888183594,256.32000732421875,256.42999267578125,25700
2025-10-01 17:45:00+00:00,256.3900146484375,256.4100036621094,256.30499267578125,256.3699951171875,28284
2025-10-01 17:46:00+00:00,256.3599853515625,256.3999938964844,256.32000732421875,256.3800048828125,33894
2025-10-01 17:47:00+00:00,256.239990234375,256.3500061035156,256.239990234375,256.3299865722656,52916
2025-10-01 17:48:00+00:00,256.2608947753906,256.3099975585937,256.2149963378906,256.2149963378906,21104
2025-10-01 17:49:00+00:00,256.31500244140625,256.31500244140625,256.2651062011719,256.2900085449219,27742
2025-10-01 17:50:00+00:00,256.3099975585937,256.3599853515625,256.2449951171875,256.30010986328125,22034
2025-10-01 17:51:00+00:00,256.3299865722656,256.3699951171875,256.29998779296875,256.29998779296875,42140
2025-10-01 17:52:00+00:00,256.3799133300781,256.3999938964844,256.3099975585937,256.32000732421875,27320
2025-10-01 17:53:00+00:00,256.3599853515625,256.45001220703125,256.3599853515625,256.3699951171875,29617
2025-10-01 17:54:00+00:00,256.41070556640625,256.41070556640625,256.3200988769531,256.3800048828125,33668
2025-10-01 17:55:00+00:00,256.375,256.42999267578125,256.3599853515625,256.4013977050781,29179
2025-10-01 17:56:00+00:00,256.44158935546875,256.44158935546875,256.34130859375,256.3764953613281,26574
2025-10-01 17:57:00+00:00,256.559814453125,256.5599975585937,256.4200134277344,256.4400939941406,45201
2025-10-01 17:58:00+00:00,256.4302062988281,256.5400085449219,256.4100036621094,256.5400085449219,51361
2025-10-01 17:59:00+00:00,256.4560852050781,256.4800109863281,256.4200134277344,256.44580078125,25614
2025-10-01 18:00:00+00:00,256.59698486328125,256.6499938964844,256.42498779296875,256.4512023925781,69144
2025-10-01 18:01:00+00:00,256.5899963378906,256.6700134277344,256.5899963378906,256.6099853515625,46229
2025-10-01 18:02:00+00:00,256.45050048828125,256.5849914550781,256.4200134277344,256.5849914550781,50154
2025-10-01 18:03:00+00:00,256.5299987792969,256.54998779296875,256.42999267578125,256.42999267578125,40825
2025-10-01 18:04:00+00:00,256.54998779296875,256.54998779296875,256.4801025390625,256.5444030761719,36046
2025-10-01 18:05:00+00:00,256.5599975585937,256.6000061035156,256.5400085449219,256.5799865722656,31339
2025-10-01 18:06:00+00:00,256.5599975585937,256.6499938964844,256.5599975585937,256.57000732421875,44153
2025-10-01 18:07:00+00:00,256.489990234375,256.57000732421875,256.4849853515625,256.5599975585937,39810
2025-10-01 18:08:00+00:00,256.54998779296875,256.57000732421875,256.4800109863281,256.489990234375,39927
2025-10-01 18:09:00+00:00,256.5299987792969,256.6400146484375,256.5,256.5400085449219,40368
2025-10-01 18:10:00+00:00,256.4200134277344,256.52508544921875,256.3999938964844,256.52508544921875,34884
2025-10-01 18:11:00+00:00,256.5199890136719,256.5368957519531,256.4224853515625,256.42999267578125,34237
2025-10-01 18:12:00+00:00,256.5299987792969,256.5354919433594,256.4700012207031,256.5354919433594,24318
2025-10-01 18:13:00+00:00,256.614990234375,256.6499938964844,256.5299987792969,256.5400085449219,55845
2025-10-01 18:14:00+00:00,256.5899963378906,256.6199951171875,256.5400085449219,256.6199951171875,24263
2025-10-01 18:15:00+00:00,256.6701965332031,256.6859130859375,256.5683898925781,256.57000732421875,33395
2025-10-01 18:16:00+00:00,256.6317138671875,256.67999267578125,256.6000061035156,256.6700134277344,39176
2025-10-01 18:17:00+00:00,256.6300048828125,256.6400146484375,256.57000732421875,256.63330078125,28179
2025-10-01 18:18:00+00:00,256.5799865722656,256.6499938964844,256.5799865722656,256.6400146484375,28666
2025-10-01 18:19:00+00:00,256.6000061035156,256.62060546875,256.57501220703125,256.581298828125,25041
2025-10-01 18:20:00+00:00,256.6260986328125,256.6499938964844,256.54998779296875,256.6000061035156,45713
2025-10-01 18:21:00+00:00,256.510009765625,256.6099853515625,256.50469970703125,256.6099853515625,35466
2025-10-01 18:22:00+00:00,256.5299987792969,256.59991455078125,256.4700012207031,256.5,40565
2025-10-01 18:23:00+00:00,256.5350036621094,256.54998779296875,256.510009765625,256.5299987792969,25794
2025-10-01 18:24:00+00:00,256.54998779296875,256.57000732421875,256.489990234375,256.5299987792969,37354
2025-10-01 18:25:00+00:00,256.5799865722656,256.5799865722656,256.5199890136719,256.5400085449219,25393
2025-10-01 18:26:00+00:00,256.6099853515625,256.6300048828125,256.5899963378906,256.5899963378906,39749
2025-10-01 18:27:00+00:00,256.61138916015625,256.6449890136719,256.5950012207031,256.6050109863281,32281
2025-10-01 18:28:00+00:00,256.5899963378906,256.6199951171875,256.5599975585937,256.6142883300781,47126
2025-10-01 18:29:00+00:00,256.4849853515625,256.57000732421875,256.45001220703125,256.57000732421875,26870
2025-10-01 18:30:00+00:00,256.4800109863281,256.4949951171875,256.44000244140625,256.4800109863281,25774
2025-10-01 18:31:00+00:00,256.4700012207031,256.5400085449219,256.4649963378906,256.4841003417969,41013
2025-10-01 18:32:00+00:00,256.4234924316406,256.4800109863281,256.4200134277344,256.4750061035156,23958
2025-10-01 18:33:00+00:00,256.3450012207031,256.4386901855469,256.3299865722656,256.4200134277344,30694
2025-10-01 18:34:00+00:00,256.3901062011719,256.4049987792969,256.30010986328125,256.3450012207031,36748
2025-10-01 18:35:00+00:00,256.3800048828125,256.42999267578125,256.29998779296875,256.3949890136719,38999
2025-10-01 18:36:00+00:00,256.2650146484375,256.3599853515625,256.2650146484375,256.3599853515625,35356
2025-10-01 18:37:00+00:00,256.3699951171875,256.375,256.2799987792969,256.2799987792969,25383
2025-10-01 18:38:00+00:00,256.32000732421875,256.409912109375,256.2900085449219,256.3599853515625,46283
2025-10-01 18:39:00+00:00,256.3699951171875,256.4700927734375,256.29229736328125,256.29998779296875,48256
2025-10-01 18:40:00+00:00,256.44000244140625,256.44000244140625,256.3500061035156,256.3500061035156,26739
2025-10-01 18:41:00+00:00,256.4150085449219,256.476806640625,256.3900146484375,256.44000244140625,27730
2025-10-01 18:42:00+00:00,256.4599914550781,256.5400085449219,256.4100036621094,256.4150085449219,47691
2025-10-01 18:43:00+00:00,256.3660888671875,256.4598999023437,256.3599853515625,256.4598999023437,28579
2025-10-01 18:44:00+00:00,256.32501220703125,256.3599853515625,256.29998779296875,256.3599853515625,23346
2025-10-01 18:45:00+00:00,256.25738525390625,256.3219909667969,256.25,256.3219909667969,33070
2025-10-01 18:46:00+00:00,256.2349853515625,256.2950134277344,256.2349853515625,256.2699890136719,29648
2025-10-01 18:47:00+00:00,256.2767944335937,256.3299865722656,256.2398986816406,256.2398986816406,30468
2025-10-01 18:48:00+00:00,256.3883972167969,256.3883972167969,256.2699890136719,256.277099609375,32642
2025-10-01 18:49:00+00:00,256.3949890136719,256.3999938964844,256.3599853515625,256.385009765625,26957
2025-10-01 18:50:00+00:00,256.45001220703125,256.4599914550781,256.3999938964844,256.3999938964844,39432
2025-10-01 18:51:00+00:00,256.37109375,256.4560852050781,256.3599853515625,256.44000244140625,39005
2025-10-01 18:52:00+00:00,256.3900146484375,256.42999267578125,256.3699951171875,256.375,23639
2025-10-01 18:53:00+00:00,256.33331298828125,256.4814147949219,256.33331298828125,256.3800048828125,42048
2025-10-01 18:54:00+00:00,256.3900146484375,256.3900146484375,256.29998779296875,256.3399963378906,35245
2025-10-01 18:55:00+00:00,256.4150085449219,256.4200134277344,256.3699951171875,256.3900146484375,29639
2025-10-01 18:56:00+00:00,256.5599975585937,256.5599975585937,256.4100036621094,256.4100036621094,43267
2025-10-01 18:57:00+00:00,256.5299987792969,256.5544128417969,256.489990234375,256.5516052246094,44684
2025-10-01 18:58:00+00:00,256.54998779296875,256.54998779296875,256.489990234375,256.5400085449219,29656
2025-10-01 18:59:00+00:00,256.739990234375,256.75,256.5302124023437,256.54559326171875,78235
2025-10-01 19:00:00+00:00,256.9100036621094,256.94000244140625,256.7300109863281,256.7344055175781,128696
2025-10-01 19:01:00+00:00,256.7200012207031,256.9200134277344,256.7200012207031,256.91668701171875,75832
2025-10-01 19:02:00+00:00,256.69000244140625,256.739990234375,256.6499938964844,256.7099914550781,66820
2025-10-01 19:03:00+00:00,256.59991455078125,256.69000244140625,256.5329895019531,256.69000244140625,49972
2025-10-01 19:04:00+00:00,256.6600036621094,256.7099914550781,256.5599975585937,256.59979248046875,30052
2025-10-01 19:05:00+00:00,256.6863098144531,256.7049865722656,256.6000061035156,256.6499938964844,27378
2025-10-01 19:06:00+00:00,256.7300109863281,256.7349853515625,256.6700134277344,256.70001220703125,49024
2025-10-01 19:07:00+00:00,256.760009765625,256.8099975585937,256.739990234375,256.739990234375,37887
2025-10-01 19:08:00+00:00,256.739990234375,256.8399963378906,256.7349853515625,256.760009765625,47846
2025-10-01 19:09:00+00:00,256.79998779296875,256.80499267578125,256.70001220703125,256.7300109863281,32072
2025-10-01 19:10:00+00:00,256.7699890136719,256.80499267578125,256.72149658203125,256.80499267578125,43605
2025-10-01 19:11:00+00:00,256.7139892578125,256.760009765625,256.6700134277344,256.7598876953125,67329
2025-10-01 19:12:00+00:00,256.6700134277344,256.739990234375,256.6199951171875,256.7099914550781,36852
2025-10-01 19:13:00+00:00,256.75,256.7799987792969,256.6700134277344,256.6700134277344,43847
2025-10-01 19:14:00+00:00,256.6600036621094,256.739990234375,256.6499938964844,256.7300109863281,29695
2025-10-01 19:15:00+00:00,256.6343994140625,256.6650085449219,256.6083984375,256.6499938964844,30044
2025-10-01 19:16:00+00:00,256.6700134277344,256.69000244140625,256.6300048828125,256.635009765625,39817
2025-10-01 19:17:00+00:00,256.6499938964844,256.6875915527344,256.625,256.67498779296875,49496
2025-10-01 19:18:00+00:00,256.54998779296875,256.6499938964844,256.5199890136719,256.6499938964844,49096
2025-10-01 19:19:00+00:00,256.5400085449219,256.5799865722656,256.5325927734375,256.5599975585937,50812
2025-10-01 19:20:00+00:00,256.4849853515625,256.6099853515625,256.4599914550781,256.54998779296875,74086
2025-10-01 19:21:00+00:00,256.2900085449219,256.4949951171875,256.260009765625,256.489990234375,77056
2025-10-01 19:22:00+00:00,256.1849975585937,256.29998779296875,256.1600036621094,256.28240966796875,66054
2025-10-01 19:23:00+00:00,256.0599975585937,256.20001220703125,256.05499267578125,256.19000244140625,68671
2025-10-01 19:24:00+00:00,255.92999267578125,256.0574951171875,255.91009521484372,256.04998779296875,68516
2025-10-01 19:25:00+00:00,256.0050048828125,256.0199890136719,255.9199981689453,255.92999267578125,73331
2025-10-01 19:26:00+00:00,255.9600067138672,256.0299072265625,255.91000366210935,256.0050048828125,55694
2025-10-01 19:27:00+00:00,256.0,256.010009765625,255.8699951171875,255.94500732421875,58912
2025-10-01 19:28:00+00:00,255.92999267578125,256.0150146484375,255.92999267578125,256.010009765625,46226
2025-10-01 19:29:00+00:00,255.94000244140625,256.0849914550781,255.91000366210935,255.92100524902344,112713
2025-10-01 19:30:00+00:00,256.01239013671875,256.04998779296875,255.92999267578125,255.94000244140625,688923
2025-10-01 19:31:00+00:00,256.1400146484375,256.1400146484375,256.04998779296875,256.04998779296875,51563
2025-10-01 19:32:00+00:00,256.1000061035156,256.1300048828125,256.04998779296875,256.125,51526
2025-10-01 19:33:00+00:00,256.0350036621094,256.0950927734375,255.9850006103516,256.0906982421875,54492
2025-10-01 19:34:00+00:00,256.0122985839844,256.0799865722656,255.97999572753903,256.0350036621094,82035
2025-10-01 19:35:00+00:00,255.8300018310547,256.0150146484375,255.80999755859372,256.0150146484375,70709
2025-10-01 19:36:00+00:00,255.65499877929688,255.85499572753903,255.65499877929688,255.8300018310547,99942
2025-10-01 19:37:00+00:00,255.56500244140625,255.68899536132807,255.52999877929688,255.6499938964844,101504
2025-10-01 19:38:00+00:00,255.67999267578125,255.69000244140625,255.52999877929688,255.5675048828125,68498
2025-10-01 19:39:00+00:00,255.4947052001953,255.67999267578125,255.42999267578125,255.6699981689453,153064
2025-10-01 19:40:00+00:00,255.53500366210935,255.5500030517578,255.41000366210935,255.4949951171875,124373
2025-10-01 19:41:00+00:00,255.5249938964844,255.6199951171875,255.5,255.53500366210935,96081
2025-10-01 19:42:00+00:00,255.4900054931641,255.5424041748047,255.46090698242188,255.5200042724609,66365
2025-10-01 19:43:00+00:00,255.5502014160156,255.55999755859372,255.43150329589844,255.4850006103516,87129
2025-10-01 19:44:00+00:00,255.3500061035156,255.56869506835935,255.32000732421875,255.5500030517578,115687
2025-10-01 19:45:00+00:00,255.42999267578125,255.42999267578125,255.27999877929688,255.3600006103516,95320
2025-10-01 19:46:00+00:00,255.55999755859372,255.55999755859372,255.42140197753903,255.42999267578125,83299
2025-10-01 19:47:00+00:00,255.72999572753903,255.7400054931641,255.531005859375,255.55999755859372,120642
2025-10-01 19:48:00+00:00,255.6750030517578,255.75,255.56759643554688,255.7400054931641,101637
2025-10-01 19:49:00+00:00,255.7700042724609,255.7769927978516,255.6499938964844,255.6699981689453,90866
2025-10-01 19:50:00+00:00,255.6199951171875,255.8800048828125,255.55999755859372,255.77999877929688,173751
2025-10-01 19:51:00+00:00,255.5,255.7100067138672,255.47000122070312,255.6199951171875,136766
2025-10-01 19:52:00+00:00,255.53500366210935,255.66400146484372,255.3999938964844,255.4900054931641,141245
2025-10-01 19:53:00+00:00,255.65679931640625,255.70989990234372,255.50999450683597,255.5249938964844,122554
2025-10-01 19:54:00+00:00,255.60499572753903,255.91000366210935,255.5,255.6499938964844,196499
2025-10-01 19:55:00+00:00,255.46499633789065,255.7700042724609,255.3999938964844,255.6100006103516,253596
2025-10-01 19:56:00+00:00,255.4499969482422,255.4949951171875,255.3600006103516,255.47000122070312,289001
2025-10-01 19:57:00+00:00,255.4499969482422,255.5800018310547,255.3999938964844,255.4550018310547,285965
2025-10-01 19:58:00+00:00,255.5399932861328,255.6100006103516,255.3800048828125,255.4550018310547,284071
2025-10-01 19:59:00+00:00,255.41000366210935,255.5850067138672,255.41000366210935,255.5399932861328,592059
2025-10-02 13:30:00+00:00,256.4599914550781,256.8299865722656,256.2200927734375,256.5899963378906,3712703
2025-10-02 13:31:00+00:00,256.3699951171875,256.8500061035156,256.3500061035156,256.4800109863281,183696
2025-10-02 13:32:00+00:00,256.5199890136719,256.6000061035156,256.260009765625,256.3550109863281,53772
2025-10-02 13:33:00+00:00,256.75,257.2349853515625,256.6400146484375,257.2349853515625,567897
2025-10-02 13:34:00+00:00,255.8999938964844,257.04998779296875,255.83599853515625,256.73748779296875,224527
2025-10-02 13:35:00+00:00,255.3999938964844,256.1400146484375,255.30999755859372,255.88999938964844,324626
2025-10-02 13:36:00+00:00,255.21499633789065,255.6199951171875,255.1000061035156,255.38999938964844,176102
2025-10-02 13:37:00+00:00,255.1450042724609,255.3699951171875,255.08999633789065,255.1999969482422,217268
2025-10-02 13:38:00+00:00,254.8563995361328,255.30499267578125,254.83009338378903,255.1649932861328,285239
2025-10-02 13:39:00+00:00,254.55499267578125,254.94000244140625,254.5,254.8650054931641,192944
2025-10-02 13:40:00+00:00,254.22000122070312,254.55999755859372,254.1499938964844,254.52999877929688,262174
2025-10-02 13:41:00+00:00,254.3600006103516,254.5449981689453,254.2100067138672,254.22000122070312,186407
2025-10-02 13:42:00+00:00,254.3999938964844,254.57440185546875,254.25999450683597,254.33999633789065,200408
2025-10-02 13:43:00+00:00,254.80999755859372,254.83999633789065,254.4199981689453,254.4199981689453,130405
2025-10-02 13:44:00+00:00,254.7550048828125,254.9600067138672,254.70530700683597,254.7899932861328,185433
2025-10-02 13:45:00+00:00,255.110595703125,255.1300048828125,254.5249938964844,254.75999450683597,165583
2025-10-02 13:46:00+00:00,255.16000366210935,255.4199066162109,255.05999755859372,255.08999633789065,137485
2025-10-02 13:47:00+00:00,254.96499633789065,255.2100067138672,254.802001953125,255.1499938964844,129140
2025-10-02 13:48:00+00:00,255.1199951171875,255.18499755859372,254.9217071533203,254.9600067138672,137730
2025-10-02 13:49:00+00:00,255.13999938964844,255.30999755859372,255.0800018310547,255.1199951171875,127633
2025-10-02 13:50:00+00:00,255.1699981689453,255.22000122070312,254.92999267578125,255.1300048828125,118157
2025-10-02 13:51:00+00:00,255.38999938964844,255.5200042724609,255.07000732421875,255.13999938964844,195041
2025-10-02 13:52:00+00:00,255.3600006103516,255.7397003173828,255.3101043701172,255.3699951171875,125401
2025-10-02 13:53:00+00:00,255.7350006103516,255.7749938964844,255.3650054931641,255.3999938964844,152007
2025-10-02 13:54:00+00:00,255.6750030517578,255.9750061035156,255.66000366210935,255.7350006103516,142127
2025-10-02 13:55:00+00:00,255.7899932861328,255.92999267578125,255.6699981689453,255.6699981689453,106861
2025-10-02 13:56:00+00:00,255.7400054931641,255.8444061279297,255.69219970703125,255.80999755859372,67546
2025-10-02 13:57:00+00:00,255.5749969482422,255.7550048828125,255.52999877929688,255.72999572753903,84559
2025-10-02 13:58:00+00:00,255.94500732421875,255.9698944091797,255.5500030517578,255.58999633789065,132464
2025-10-02 13:59:00+00:00,256.0350036621094,256.0799865722656,255.8699951171875,255.96499633789065,204542
2025-10-02 14:00:00+00:00,255.8000030517578,256.1199951171875,255.69000244140625,256.0249938964844,108867
2025-10-02 14:01:00+00:00,255.889892578125,256.0398864746094,255.75,255.82000732421875,130049
2025-10-02 14:02:00+00:00,255.8332061767578,255.9600067138672,255.82000732421875,255.8699951171875,60153
2025-10-02 14:03:00+00:00,255.8699951171875,255.9199981689453,255.72999572753903,255.85499572753903,84760
2025-10-02 14:04:00+00:00,256.1000061035156,256.1499938964844,255.84039306640625,255.94000244140625,144775
2025-10-02 14:05:00+00:00,256.0899963378906,256.1084899902344,255.9199981689453,256.0799865722656,74493
2025-10-02 14:06:00+00:00,255.75680541992188,256.0845031738281,255.6499938964844,256.0845031738281,119970
2025-10-02 14:07:00+00:00,255.97999572753903,256.0498962402344,255.75999450683597,255.75999450683597,70637
2025-10-02 14:08:00+00:00,255.9499969482422,256.04998779296875,255.8500061035156,255.97000122070312,89935
2025-10-02 14:09:00+00:00,256.0350952148437,256.0799865722656,255.91000366210935,255.97000122070312,76004
2025-10-02 14:10:00+00:00,255.9613037109375,256.0799865722656,255.8999938964844,256.0199890136719,111616
2025-10-02 14:11:00+00:00,255.91000366210935,256.1199951171875,255.8800048828125,255.9600067138672,120816
2025-10-02 14:12:00+00:00,256.17999267578125,256.260009765625,255.91000366210935,255.91000366210935,98661
2025-10-02 14:13:00+00:00,256.1300048828125,256.239990234375,256.0599975585937,256.1492004394531,70758
2025-10-02 14:14:00+00:00,256.2312927246094,256.25,256.0614929199219,256.1199951171875,56203
2025-10-02 14:15:00+00:00,256.2699890136719,256.32000732421875,256.1318054199219,256.2300109863281,112237
2025-10-02 14:16:00+00:00,256.05718994140625,256.2699890136719,256.05718994140625,256.25,60796
2025-10-02 14:17:00+00:00,256.20001220703125,256.260009765625,255.9949951171875,256.1000061035156,78849
2025-10-02 14:18:00+00:00,256.4150085449219,256.42999267578125,256.114990234375,256.20001220703125,82622
2025-10-02 14:19:00+00:00,256.3999938964844,256.6849975585937,256.3999938964844,256.41259765625,143137
2025-10-02 14:20:00+00:00,256.5199890136719,256.6000061035156,256.40509033203125,256.410888671875,75811
2025-10-02 14:21:00+00:00,256.4849853515625,256.5708923339844,256.3800048828125,256.5,67213
2025-10-02 14:22:00+00:00,256.42999267578125,256.5198059082031,256.2699890136719,256.510009765625,65758
2025-10-02 14:23:00+00:00,256.4150085449219,256.5799865722656,256.4150085449219,256.4349975585937,110652
2025-10-02 14:24:00+00:00,256.5050048828125,256.54998779296875,256.40008544921875,256.40008544921875,55101
2025-10-02 14:25:00+00:00,256.3699035644531,256.6499938964844,256.3550109863281,256.5050048828125,89816
2025-10-02 14:26:00+00:00,256.32000732421875,256.3699951171875,256.25,256.2950134277344,77597
2025-10-02 14:27:00+00:00,256.3299865722656,256.4599914550781,256.3099975585937,256.32000732421875,61249
2025-10-02 14:28:00+00:00,256.0899963378906,256.4093933105469,256.0710144042969,256.3500061035156,65326
2025-10-02 14:29:00+00:00,256.2200927734375,256.2213134765625,256.0899963378906,256.1242980957031,76431
2025-10-02 14:30:00+00:00,256.3999938964844,256.4700927734375,256.2300109863281,256.2300109863281,99989
2025-10-02 14:31:00+00:00,256.09149169921875,256.4200134277344,256.0899963378906,256.4200134277344,56951
2025-10-02 14:32:00+00:00,256.1000061035156,256.260009765625,256.1000061035156,256.1050109863281,79129
2025-10-02 14:33:00+00:00,256.18829345703125,256.260009765625,256.0899963378906,256.1000061035156,48168
2025-10-02 14:34:00+00:00,256.3800048828125,256.44000244140625,256.20001220703125,256.20001220703125,65204
2025-10-02 14:35:00+00:00,256.4700012207031,256.4700012207031,256.32000732421875,256.3800048828125,66523
2025-10-02 14:36:00+00:00,256.42010498046875,256.510009765625,256.3800048828125,256.4700012207031,110004
2025-10-02 14:37:00+00:00,256.4200134277344,256.44000244140625,256.3100891113281,256.4349975585937,55054
2025-10-02 14:38:00+00:00,256.4800109863281,256.4800109863281,256.3599853515625,256.3999938964844,69449
2025-10-02 14:39:00+00:00,256.55499267578125,256.5849914550781,256.4549865722656,256.5,70954
2025-10-02 14:40:00+00:00,256.42999267578125,256.5799865722656,256.3800048828125,256.57000732421875,67690
2025-10-02 14:41:00+00:00,256.5400085449219,256.5599975585937,256.3900146484375,256.45001220703125,87544
2025-10-02 14:42:00+00:00,256.5799865722656,256.6199951171875,256.45001220703125,256.54998779296875,71435
2025-10-02 14:43:00+00:00,256.5199890136719,256.5899963378906,256.4501037597656,256.5599975585937,49951
2025-10-02 14:44:00+00:00,256.614990234375,256.6700134277344,256.45001220703125,256.5050048828125,54237
2025-10-02 14:45:00+00:00,256.6600952148437,256.739990234375,256.5801086425781,256.6300048828125,88385
2025-10-02 14:46:00+00:00,256.5599975585937,256.7900085449219,256.5599975585937,256.6650085449219,80172
2025-10-02 14:47:00+00:00,256.5799865722656,256.7300109863281,256.57000732421875,256.5899963378906,72664
2025-10-02 14:48:00+00:00,256.4200134277344,256.67999267578125,256.3999938964844,256.57470703125,69888
2025-10-02 14:49:00+00:00,256.2799987792969,256.451904296875,256.264404296875,256.4100036621094,65581
2025-10-02 14:50:00+00:00,256.1400146484375,256.3048095703125,256.1199951171875,256.2699890136719,68355
2025-10-02 14:51:00+00:00,256.05499267578125,256.20001220703125,255.97999572753903,256.1545104980469,110604
2025-10-02 14:52:00+00:00,256.1300048828125,256.1400146484375,256.0,256.0400085449219,87550
2025-10-02 14:53:00+00:00,256.0599975585937,256.1449890136719,256.0,256.125,59123
2025-10-02 14:54:00+00:00,256.2449951171875,256.285400390625,256.05010986328125,256.05010986328125,65631
2025-10-02 14:55:00+00:00,256.2799987792969,256.29998779296875,256.20001220703125,256.2449951171875,51856
2025-10-02 14:56:00+00:00,256.45001220703125,256.5098876953125,256.2699890136719,256.2799987792969,105310
2025-10-02 14:57:00+00:00,256.5,256.5400085449219,256.3500061035156,256.4599914550781,77651
2025-10-02 14:58:00+00:00,256.3999938964844,256.5,256.3900146484375,256.4599914550781,42947
2025-10-02 14:59:00+00:00,256.260009765625,256.4079895019531,256.260009765625,256.3999938964844,83502
2025-10-02 15:00:00+00:00,256.0801086425781,256.2650146484375,256.0799865722656,256.25,59550
2025-10-02 15:01:00+00:00,256.1000061035156,256.1199951171875,256.0150146484375,256.1099853515625,63853
2025-10-02 15:02:00+00:00,256.2449951171875,256.2449951171875,256.0799865722656,256.1099853515625,66433
2025-10-02 15:03:00+00:00,256.1400146484375,256.2850036621094,256.1300048828125,256.25,49612
2025-10-02 15:04:00+00:00,256.0849914550781,256.2650146484375,256.0799865722656,256.1401062011719,52345
2025-10-02 15:05:00+00:00,256.07501220703125,256.15509033203125,256.0636901855469,256.1099853515625,63241
2025-10-02 15:06:00+00:00,256.1965026855469,256.2047119140625,256.0599975585937,256.0899963378906,63642
2025-10-02 15:07:00+00:00,256.1499938964844,256.2799987792969,256.03009033203125,256.19000244140625,73085
2025-10-02 15:08:00+00:00,256.07000732421875,256.1549987792969,255.97000122070312,256.1400146484375,78789
2025-10-02 15:09:00+00:00,256.0,256.1300048828125,256.0,256.0849914550781,49532
2025-10-02 15:10:00+00:00,256.2449951171875,256.27508544921875,255.9900054931641,256.0,72746
2025-10-02 15:11:00+00:00,256.4432067871094,256.45001220703125,256.20001220703125,256.239990234375,107257
2025-10-02 15:12:00+00:00,256.32000732421875,256.44000244140625,256.2850036621094,256.44000244140625,84653
2025-10-02 15:13:00+00:00,256.5599975585937,256.614990234375,256.31060791015625,256.3349914550781,103460
2025-10-02 15:14:00+00:00,256.58331298828125,256.6199951171875,256.5199890136719,256.5599975585937,59122
2025-10-02 15:15:00+00:00,256.4750061035156,256.5899963378906,256.4059143066406,256.5799865722656,52242
2025-10-02 15:16:00+00:00,256.56500244140625,256.6300048828125,256.44000244140625,256.4700012207031,49473
2025-10-02 15:17:00+00:00,256.5,256.56500244140625,256.42999267578125,256.56500244140625,44012
2025-10-02 15:18:00+00:00,256.3301086425781,256.4800109863281,256.32000732421875,256.4800109863281,47613
2025-10-02 15:19:00+00:00,256.2349853515625,256.30499267578125,256.218505859375,256.30499267578125,35105
2025-10-02 15:20:00+00:00,256.1400146484375,256.2300109863281,256.1000061035156,256.2099914550781,49557
2025-10-02 15:21:00+00:00,256.1549987792969,256.2215881347656,256.1300048828125,256.1700134277344,38241
2025-10-02 15:22:00+00:00,256.2200012207031,256.2250061035156,256.1141967773437,256.1549987792969,25856
2025-10-02 15:23:00+00:00,256.29998779296875,256.32000732421875,256.2250061035156,256.2264099121094,58543
2025-10-02 15:24:00+00:00,256.3699951171875,256.39990234375,256.2699890136719,256.29998779296875,36077
2025-10-02 15:25:00+00:00,256.5849914550781,256.625,256.3500061035156,256.3699951171875,93052
2025-10-02 15:26:00+00:00,256.9800109863281,257.0,256.5950012207031,256.5950012207031,199321
2025-10-02 15:27:00+00:00,257.2049865722656,257.3399963378906,256.9800109863281,256.9800109863281,227879
2025-10-02 15:28:00+00:00,257.5249938964844,257.6400146484375,257.19000244140625,257.2049865722656,407177
2025-10-02 15:29:00+00:00,257.1650085449219,257.54998779296875,257.1199951171875,257.5249938964844,207336
2025-10-02 15:30:00+00:00,257.07501220703125,257.2200012207031,257.0215148925781,257.1499938964844,87912
2025-10-02 15:31:00+00:00,256.7550048828125,257.0888061523437,256.75,257.0888061523437,90663
2025-10-02 15:32:00+00:00,256.7900085449219,256.8598937988281,256.72100830078125,256.75,80341
2025-10-02 15:33:00+00:00,257.0150146484375,257.0350036621094,256.7650146484375,256.7860107421875,63188
2025-10-02 15:34:00+00:00,257.0799865722656,257.1300048828125,256.9800109863281,257.0150146484375,57336
2025-10-02 15:35:00+00:00,257.5,257.510009765625,257.04559326171875,257.0899963378906,154956
2025-10-02 15:36:00+00:00,257.625,257.6400146484375,257.44000244140625,257.5199890136719,143556
2025-10-02 15:37:00+00:00,257.54998779296875,257.6702880859375,257.3500061035156,257.6369934082031,243127
2025-10-02 15:38:00+00:00,257.2699890136719,257.5899963378906,257.2511901855469,257.5820007324219,102013
2025-10-02 15:39:00+00:00,257.4100036621094,257.4512023925781,257.17010498046875,257.25,93155
2025-10-02 15:40:00+00:00,257.3599853515625,257.4200134277344,257.239990234375,257.4150085449219,62469
2025-10-02 15:41:00+00:00,257.260009765625,257.55499267578125,257.260009765625,257.3599853515625,112325
2025-10-02 15:42:00+00:00,257.3599853515625,257.3800048828125,257.2049865722656,257.2749938964844,63137
2025-10-02 15:43:00+00:00,257.489990234375,257.489990234375,257.2099914550781,257.3699951171875,84252
2025-10-02 15:44:00+00:00,257.4800109863281,257.6050109863281,257.4537048339844,257.489990234375,63597
2025-10-02 15:45:00+00:00,257.5899963378906,257.739990234375,257.3399963378906,257.45001220703125,179126
2025-10-02 15:46:00+00:00,257.3739013671875,257.6099853515625,257.3099975585937,257.5950012207031,67830
2025-10-02 15:47:00+00:00,257.1300048828125,257.3900146484375,257.1099853515625,257.375,62004
2025-10-02 15:48:00+00:00,256.9200134277344,257.130615234375,256.8900146484375,257.1000061035156,74951
2025-10-02 15:49:00+00:00,256.9599914550781,257.1499938964844,256.8540954589844,256.8800048828125,57439
2025-10-02 15:50:00+00:00,257.15399169921875,257.17999267578125,256.92999267578125,256.94500732421875,42190
2025-10-02 15:51:00+00:00,256.94500732421875,257.17999267578125,256.94000244140625,257.1430969238281,28651
2025-10-02 15:52:00+00:00,257.1600036621094,257.1700134277344,256.9388122558594,256.95001220703125,42091
2025-10-02 15:53:00+00:00,257.239990234375,257.25,257.1199951171875,257.19000244140625,33549
2025-10-02 15:54:00+00:00,257.260009765625,257.2900085449219,257.2200012207031,257.25,36491
2025-10-02 15:55:00+00:00,257.2705078125,257.3900146484375,257.25,257.260009765625,39845
2025-10-02 15:56:00+00:00,257.4150085449219,257.4200134277344,257.2799987792969,257.2799987792969,23630
2025-10-02 15:57:00+00:00,257.5790100097656,257.5790100097656,257.4100036621094,257.4230041503906,60911
2025-10-02 15:58:00+00:00,257.9200134277344,257.9200134277344,257.5783996582031,257.5783996582031,120301
2025-10-02 15:59:00+00:00,257.772705078125,257.989990234375,257.6700134277344,257.9150085449219,179834
2025-10-02 16:00:00+00:00,257.760009765625,257.8599853515625,257.69000244140625,257.7699890136719,81616
2025-10-02 16:01:00+00:00,257.79998779296875,257.82000732421875,257.7049865722656,257.760009765625,58291
2025-10-02 16:02:00+00:00,257.94000244140625,258.0400085449219,257.79998779296875,257.80499267578125,265549
2025-10-02 16:03:00+00:00,258.07000732421875,258.0899963378906,257.9486999511719,257.9486999511719,79082
2025-10-02 16:04:00+00:00,257.9949951171875,258.17999267578125,257.9800109863281,258.0799865722656,91744
2025-10-02 16:05:00+00:00,257.7950134277344,258.04150390625,257.7164001464844,258.0199890136719,64361
2025-10-02 16:06:00+00:00,257.9390869140625,258.0849914550781,257.79998779296875,257.79998779296875,101340
2025-10-02 16:07:00+00:00,258.0329895019531,258.1000061035156,257.9100952148437,257.94000244140625,105005
2025-10-02 16:08:00+00:00,257.9200134277344,258.0331115722656,257.8901062011719,258.0331115722656,41647
2025-10-02 16:09:00+00:00,258.0950012207031,258.1099853515625,257.89678955078125,257.9100036621094,66506
2025-10-02 16:10:00+00:00,257.79998779296875,258.0950012207031,257.79998779296875,258.07000732421875,63128
2025-10-02 16:11:00+00:00,257.8599853515625,257.9100036621094,257.7300109863281,257.7803955078125,58527
2025-10-02 16:12:00+00:00,257.82501220703125,257.8800048828125,257.7538146972656,257.8554992675781,44735
2025-10-02 16:13:00+00:00,257.7699890136719,257.82501220703125,257.70001220703125,257.82501220703125,43894
2025-10-02 16:14:00+00:00,257.7900085449219,257.8699951171875,257.75,257.7500915527344,51157
2025-10-02 16:15:00+00:00,257.67999267578125,257.8099975585937,257.6650085449219,257.7900085449219,44689
2025-10-02 16:16:00+00:00,257.6000061035156,257.67840576171875,257.54998779296875,257.67498779296875,44010
2025-10-02 16:17:00+00:00,257.5400085449219,257.5899963378906,257.5220031738281,257.5899963378906,51203
2025-10-02 16:18:00+00:00,257.7550048828125,257.7699890136719,257.5199890136719,257.5299987792969,49895
2025-10-02 16:19:00+00:00,257.8205871582031,257.875,257.7300109863281,257.7300109863281,48837
2025-10-02 16:20:00+00:00,257.6400146484375,257.8349914550781,257.6199951171875,257.81500244140625,47523
2025-10-02 16:21:00+00:00,257.5199890136719,257.6650085449219,257.4700927734375,257.6499938964844,41782
2025-10-02 16:22:00+00:00,257.6099853515625,257.6199951171875,257.489990234375,257.5,35709
2025-10-02 16:23:00+00:00,257.6000061035156,257.6499938964844,257.57501220703125,257.6199951171875,42528
2025-10-02 16:24:00+00:00,257.5299987792969,257.5899963378906,257.45001220703125,257.5899963378906,35979
2025-10-02 16:25:00+00:00,257.3900146484375,257.5104064941406,257.364990234375,257.5,33116
2025-10-02 16:26:00+00:00,257.5299987792969,257.5450134277344,257.3800048828125,257.3800048828125,34166
2025-10-02 16:27:00+00:00,257.3699951171875,257.54998779296875,257.3500061035156,257.5299987792969,37852
2025-10-02 16:28:00+00:00,257.3800048828125,257.44000244140625,257.3399963378906,257.385009765625,48279
2025-10-02 16:29:00+00:00,257.3450012207031,257.44000244140625,257.3099975585937,257.3930969238281,25386
2025-10-02 16:30:00+00:00,257.31500244140625,257.3599853515625,257.25,257.3450012207031,57295
2025-10-02 16:31:00+00:00,257.2850036621094,257.3900146484375,257.2799987792969,257.31500244140625,52110
2025-10-02 16:32:00+00:00,257.29998779296875,257.31500244140625,257.2250061035156,257.2799987792969,33194
2025-10-02 16:33:00+00:00,257.1700134277344,257.29998779296875,257.1700134277344,257.2799987792969,46975
2025-10-02 16:34:00+00:00,257.31500244140625,257.32501220703125,257.19049072265625,257.20001220703125,33146
2025-10-02 16:35:00+00:00,257.5249938964844,257.57000732421875,257.29998779296875,257.3099975585937,69473
2025-10-02 16:36:00+00:00,257.45001220703125,257.5299987792969,257.4100036621094,257.5249938964844,76391
2025-10-02 16:37:00+00:00,257.3599853515625,257.46148681640625,257.3399963378906,257.44500732421875,25174
2025-10-02 16:38:00+00:00,257.4599914550781,257.4599914550781,257.3599853515625,257.3599853515625,23370
2025-10-02 16:39:00+00:00,257.3999938964844,257.4769897460937,257.3599853515625,257.45001220703125,22780
2025-10-02 16:40:00+00:00,257.239990234375,257.4150085449219,257.2301025390625,257.3999938964844,42382
2025-10-02 16:41:00+00:00,257.1300964355469,257.239990234375,257.1300048828125,257.2300109863281,36117
2025-10-02 16:42:00+00:00,257.1549987792969,257.2099914550781,257.1199951171875,257.1400146484375,26846
2025-10-02 16:43:00+00:00,257.1671142578125,257.1991882324219,257.11700439453125,257.1427001953125,24210
2025-10-02 16:44:00+00:00,257.2098999023437,257.2099914550781,257.1400146484375,257.15869140625,22609
2025-10-02 16:45:00+00:00,257.3500061035156,257.3900146484375,257.239990234375,257.239990234375,38966
2025-10-02 16:46:00+00:00,257.25,257.375,257.25,257.3599853515625,23496
2025-10-02 16:47:00+00:00,257.194091796875,257.2799987792969,257.1138916015625,257.2699890136719,21788
2025-10-02 16:48:00+00:00,257.1499938964844,257.20001220703125,257.1300048828125,257.19500732421875,32303
2025-10-02 16:49:00+00:00,257.25,257.260009765625,257.1199951171875,257.1400146484375,29254
2025-10-02 16:50:00+00:00,257.2850036621094,257.32000732421875,257.24951171875,257.24951171875,43290
2025-10-02 16:51:00+00:00,257.20001220703125,257.32000732421875,257.1700134277344,257.2839050292969,30033
2025-10-02 16:52:00+00:00,257.260009765625,257.2799987792969,257.1571044921875,257.2099914550781,29645
2025-10-02 16:53:00+00:00,257.3634948730469,257.3900146484375,257.25048828125,257.260009765625,34957
2025-10-02 16:54:00+00:00,257.3599853515625,257.3800048828125,257.3429870605469,257.3717041015625,14947
2025-10-02 16:55:00+00:00,257.3099975585937,257.3999938964844,257.2843933105469,257.3900146484375,29345
2025-10-02 16:56:00+00:00,257.33428955078125,257.33428955078125,257.25,257.3099975585937,19601
2025-10-02 16:57:00+00:00,257.3099975585937,257.364990234375,257.3099975585937,257.3500061035156,27545
2025-10-02 16:58:00+00:00,257.4049987792969,257.4649963378906,257.3299865722656,257.3349914550781,34694
2025-10-02 16:59:00+00:00,257.5150146484375,257.5653076171875,257.4100036621094,257.4100036621094,70092
2025-10-02 17:00:00+00:00,257.42999267578125,257.4949951171875,257.40240478515625,257.4949951171875,39245
2025-10-02 17:01:00+00:00,257.3999938964844,257.5,257.3599853515625,257.42999267578125,25685
2025-10-02 17:02:00+00:00,257.4100036621094,257.49468994140625,257.385009765625,257.385009765625,33641
2025-10-02 17:03:00+00:00,257.4750061035156,257.4750061035156,257.3500061035156,257.3999938964844,25523
2025-10-02 17:04:00+00:00,257.510009765625,257.52508544921875,257.4100036621094,257.5,36088
2025-10-02 17:05:00+00:00,257.5199890136719,257.5249938964844,257.4349975585937,257.5,28147
2025-10-02 17:06:00+00:00,257.5249938964844,257.5707092285156,257.5,257.510009765625,27020
2025-10-02 17:07:00+00:00,257.3949890136719,257.5350952148437,257.3699951171875,257.5299987792969,21675
2025-10-02 17:08:00+00:00,257.39019775390625,257.44000244140625,257.3800048828125,257.3900146484375,23042
2025-10-02 17:09:00+00:00,257.3900146484375,257.4700012207031,257.3900146484375,257.4200134277344,28638
2025-10-02 17:10:00+00:00,257.385009765625,257.42999267578125,257.3399963378906,257.3800048828125,25706
2025-10-02 17:11:00+00:00,257.614990234375,257.614990234375,257.3699951171875,257.3937072753906,196148
2025-10-02 17:12:00+00:00,257.739990234375,257.7767028808594,257.5899963378906,257.614990234375,48546
2025-10-02 17:13:00+00:00,257.760009765625,257.819091796875,257.7300109863281,257.747314453125,38377
2025-10-02 17:14:00+00:00,257.7699890136719,257.7900085449219,257.7200012207031,257.760009765625,29713
2025-10-02 17:15:00+00:00,257.72198486328125,257.8226013183594,257.67999267578125,257.7900085449219,48973
2025-10-02 17:16:00+00:00,257.7749938964844,257.7900085449219,257.6700134277344,257.7200012207031,25098
2025-10-02 17:17:00+00:00,257.67999267578125,257.760009765625,257.6600036621094,257.760009765625,18094
2025-10-02 17:18:00+00:00,257.56500244140625,257.7699890136719,257.54998779296875,257.6838073730469,70525
2025-10-02 17:19:00+00:00,257.3599853515625,257.56500244140625,257.3399963378906,257.5599975585937,77665
2025-10-02 17:20:00+00:00,257.2900085449219,257.4112854003906,257.2699890136719,257.360107421875,26182
2025-10-02 17:21:00+00:00,257.2300109863281,257.3500061035156,257.2099914550781,257.2950134277344,24890
2025-10-02 17:22:00+00:00,257.4200134277344,257.4200134277344,257.2349853515625,257.2349853515625,25537
2025-10-02 17:23:00+00:00,257.3999938964844,257.45001220703125,257.3800048828125,257.4200134277344,37122
2025-10-02 17:24:00+00:00,257.3442077636719,257.4100036621094,257.2799987792969,257.3800048828125,36743
2025-10-02 17:25:00+00:00,257.3299865722656,257.3883056640625,257.29998779296875,257.3550109863281,77592
2025-10-02 17:26:00+00:00,257.3900146484375,257.4049987792969,257.3500061035156,257.3500061035156,22819
2025-10-02 17:27:00+00:00,257.4800109863281,257.4815979003906,257.4100036621094,257.4150085449219,35083
2025-10-02 17:28:00+00:00,257.44000244140625,257.5299987792969,257.42999267578125,257.4800109863281,31360
2025-10-02 17:29:00+00:00,257.4100036621094,257.44000244140625,257.3399963378906,257.44000244140625,33414
2025-10-02 17:30:00+00:00,257.3550109863281,257.4200134277344,257.3299865722656,257.3900146484375,36108
2025-10-02 17:31:00+00:00,257.44000244140625,257.45001220703125,257.3349914550781,257.3349914550781,32024
2025-10-02 17:32:00+00:00,257.4599914550781,257.5599975585937,257.42010498046875,257.4700012207031,42155
2025-10-02 17:33:00+00:00,257.44000244140625,257.4800109863281,257.4100036621094,257.4769897460937,23826
2025-10-02 17:34:00+00:00,257.5199890136719,257.5299987792969,257.3924865722656,257.45001220703125,27564
2025-10-02 17:35:00+00:00,257.42999267578125,257.59991455078125,257.42999267578125,257.5199890136719,55019
2025-10-02 17:36:00+00:00,257.32000732421875,257.45001220703125,257.3099975585937,257.4294128417969,48712
2025-10-02 17:37:00+00:00,257.4198913574219,257.4198913574219,257.32000732421875,257.3301086425781,33684
2025-10-02 17:38:00+00:00,257.465087890625,257.4800109863281,257.36090087890625,257.4162902832031,19729
2025-10-02 17:39:00+00:00,257.5199890136719,257.5299987792969,257.489990234375,257.489990234375,20961
2025-10-02 17:40:00+00:00,257.6400146484375,257.7099914550781,257.510009765625,257.5199890136719,39030
2025-10-02 17:41:00+00:00,257.5889892578125,257.75,257.5889892578125,257.6700134277344,45142
2025-10-02 17:42:00+00:00,257.6700134277344,257.6965026855469,257.5799865722656,257.5799865722656,29294
2025-10-02 17:43:00+00:00,257.5450134277344,257.6730041503906,257.5311889648437,257.6694030761719,21097
2025-10-02 17:44:00+00:00,257.4200134277344,257.5459899902344,257.4200134277344,257.5459899902344,47192
2025-10-02 17:45:00+00:00,257.42999267578125,257.5007019042969,257.3900146484375,257.4200134277344,37022
2025-10-02 17:46:00+00:00,257.4353942871094,257.4473876953125,257.35009765625,257.42999267578125,30431
2025-10-02 17:47:00+00:00,257.3699951171875,257.44000244140625,257.364990234375,257.44000244140625,33058
2025-10-02 17:48:00+00:00,257.4200134277344,257.4200134277344,257.3699951171875,257.3800048828125,17173
2025-10-02 17:49:00+00:00,257.3500061035156,257.49688720703125,257.3500061035156,257.41510009765625,48809
2025-10-02 17:50:00+00:00,257.305908203125,257.3599853515625,257.29010009765625,257.3399963378906,26605
2025-10-02 17:51:00+00:00,257.32000732421875,257.3599853515625,257.2900085449219,257.29998779296875,35668
2025-10-02 17:52:00+00:00,257.25,257.32000732421875,257.2101135253906,257.3168029785156,43940
2025-10-02 17:53:00+00:00,257.1449890136719,257.2650146484375,257.1260070800781,257.2500915527344,43072
2025-10-02 17:54:00+00:00,257.1199951171875,257.17999267578125,257.1099853515625,257.1099853515625,38208
2025-10-02 17:55:00+00:00,257.1300048828125,257.1531982421875,257.0580139160156,257.1199951171875,33098
2025-10-02 17:56:00+00:00,257.25,257.2550048828125,257.06500244140625,257.1099853515625,40283
2025-10-02 17:57:00+00:00,257.2049865722656,257.2799987792969,257.20001220703125,257.239990234375,38447
2025-10-02 17:58:00+00:00,257.20001220703125,257.2799987792969,257.1801147460937,257.2049865722656,32675
2025-10-02 17:59:00+00:00,257.1199951171875,257.2143859863281,257.1199951171875,257.19000244140625,25393
2025-10-02 18:00:00+00:00,257.1499938964844,257.19000244140625,257.1000061035156,257.1199951171875,53867
2025-10-02 18:01:00+00:00,257.04998779296875,257.17999267578125,257.04998779296875,257.1600036621094,37055
2025-10-02 18:02:00+00:00,257.19500732421875,257.239990234375,257.0299987792969,257.0599975585937,52577
2025-10-02 18:03:00+00:00,257.44000244140625,257.4599914550781,257.1665954589844,257.1665954589844,123118
2025-10-02 18:04:00+00:00,257.3349914550781,257.45001220703125,257.29998779296875,257.44000244140625,49502
2025-10-02 18:05:00+00:00,257.4700012207031,257.4800109863281,257.3099975585937,257.3299865722656,46216
2025-10-02 18:06:00+00:00,257.4349975585937,257.57000732421875,257.4296875,257.4728088378906,72023
2025-10-02 18:07:00+00:00,257.489990234375,257.55499267578125,257.4349975585937,257.4349975585937,44933
2025-10-02 18:08:00+00:00,257.4599914550781,257.5343933105469,257.4100036621094,257.489990234375,48210
2025-10-02 18:09:00+00:00,257.3599853515625,257.45001220703125,257.3309936523437,257.45001220703125,69756
2025-10-02 18:10:00+00:00,257.3299865722656,257.45001220703125,257.2699890136719,257.3399963378906,35727
2025-10-02 18:11:00+00:00,257.31500244140625,257.33990478515625,257.239990234375,257.3299865722656,33087
2025-10-02 18:12:00+00:00,257.3900146484375,257.3900146484375,257.2900085449219,257.31500244140625,26712
2025-10-02 18:13:00+00:00,257.42999267578125,257.4700012207031,257.3699951171875,257.385009765625,41376
2025-10-02 18:14:00+00:00,257.39129638671875,257.510009765625,257.3900146484375,257.4200134277344,41777
2025-10-02 18:15:00+00:00,257.4700012207031,257.4700012207031,257.3399963378906,257.3900146484375,27303
2025-10-02 18:16:00+00:00,257.45001220703125,257.489990234375,257.4349975585937,257.44000244140625,36525
2025-10-02 18:17:00+00:00,257.5,257.5,257.4150085449219,257.45001220703125,26278
2025-10-02 18:18:00+00:00,257.489990234375,257.5199890136719,257.4330139160156,257.489990234375,32833
2025-10-02 18:19:00+00:00,257.5,257.5199890136719,257.4649963378906,257.489990234375,43490
2025-10-02 18:20:00+00:00,257.51971435546875,257.5299987792969,257.4800109863281,257.5,53225
2025-10-02 18:21:00+00:00,257.57000732421875,257.614990234375,257.5242004394531,257.5249938964844,45716
2025-10-02 18:22:00+00:00,257.6199951171875,257.70001220703125,257.53009033203125,257.5599975585937,71513
2025-10-02 18:23:00+00:00,257.6199951171875,257.6650085449219,257.6000061035156,257.6199951171875,42543
2025-10-02 18:24:00+00:00,257.6199951171875,257.6700134277344,257.57501220703125,257.6199951171875,49385
2025-10-02 18:25:00+00:00,257.75,257.75,257.56500244140625,257.6099853515625,45610
2025-10-02 18:26:00+00:00,257.7099914550781,257.76611328125,257.67999267578125,257.7499084472656,33490
2025-10-02 18:27:00+00:00,257.67999267578125,257.7250061035156,257.67999267578125,257.7099914550781,30998
2025-10-02 18:28:00+00:00,257.8800048828125,257.9100036621094,257.6499938964844,257.67999267578125,72881
2025-10-02 18:29:00+00:00,257.8800048828125,257.8999938964844,257.8450012207031,257.8883972167969,43487
2025-10-02 18:30:00+00:00,257.7799987792969,257.8800048828125,257.7701110839844,257.8699951171875,61947
2025-10-02 18:31:00+00:00,257.8550109863281,257.8699951171875,257.7850036621094,257.7850036621094,33298
2025-10-02 18:32:00+00:00,257.8450012207031,257.8699951171875,257.82000732421875,257.8550109863281,52109
2025-10-02 18:33:00+00:00,257.9100036621094,257.9200134277344,257.7449951171875,257.8399963378906,31081
2025-10-02 18:34:00+00:00,257.9428100585937,258.010009765625,257.9200134277344,257.9200134277344,124114
2025-10-02 18:35:00+00:00,258.0,258.04998779296875,257.8786926269531,257.94000244140625,100140
2025-10-02 18:36:00+00:00,258.0166015625,258.0400085449219,257.98150634765625,258.0014038085937,57563
2025-10-02 18:37:00+00:00,258.0338134765625,258.04998779296875,257.989990234375,258.0060119628906,52368
2025-10-02 18:38:00+00:00,258.0,258.0469055175781,257.9150085449219,258.0400085449219,47788
2025-10-02 18:39:00+00:00,258.1470031738281,258.1600036621094,258.0,258.0050048828125,70649
2025-10-02 18:40:00+00:00,257.9949951171875,258.1449890136719,257.989990234375,258.1449890136719,1289398
2025-10-02 18:41:00+00:00,258.0299987792969,258.0599975585937,257.9100036621094,257.9800109863281,61346
2025-10-02 18:42:00+00:00,257.92498779296875,258.0299987792969,257.9200134277344,258.0299987792969,45113
2025-10-02 18:43:00+00:00,257.79998779296875,257.92999267578125,257.7869873046875,257.92999267578125,58638
2025-10-02 18:44:00+00:00,257.9800109863281,257.989990234375,257.7099914550781,257.79998779296875,137054
2025-10-02 18:45:00+00:00,257.9696960449219,258.010009765625,257.94000244140625,257.9700012207031,64195
2025-10-02 18:46:00+00:00,258.0021057128906,258.0299987792969,257.9330139160156,257.9648132324219,52912
2025-10-02 18:47:00+00:00,257.95001220703125,258.0400085449219,257.94500732421875,257.9949951171875,35137
2025-10-02 18:48:00+00:00,258.04998779296875,258.07000732421875,257.939697265625,257.95001220703125,37192
2025-10-02 18:49:00+00:00,257.9849853515625,258.0799865722656,257.9486999511719,258.05010986328125,87632
2025-10-02 18:50:00+00:00,257.8099975585937,257.989990234375,257.7900085449219,257.9750061035156,56789
2025-10-02 18:51:00+00:00,257.760009765625,257.8299865722656,257.739990234375,257.80499267578125,36747
2025-10-02 18:52:00+00:00,257.8299865722656,257.8699035644531,257.760009765625,257.7651062011719,57309
2025-10-02 18:53:00+00:00,257.95001220703125,257.95001220703125,257.8392944335937,257.86700439453125,32600
2025-10-02 18:54:00+00:00,257.8599853515625,257.9798889160156,257.8599853515625,257.95001220703125,36656
2025-10-02 18:55:00+00:00,257.9100036621094,257.9100036621094,257.7799987792969,257.8699951171875,57152
2025-10-02 18:56:00+00:00,257.93328857421875,257.9700012207031,257.8399963378906,257.8900146484375,34858
2025-10-02 18:57:00+00:00,257.9700012207031,258.010009765625,257.9100036621094,257.92498779296875,43620
2025-10-02 18:58:00+00:00,257.9599914550781,258.0,257.94000244140625,257.9700012207031,33381
2025-10-02 18:59:00+00:00,257.92999267578125,257.989990234375,257.9100036621094,257.9700012207031,29795
2025-10-02 19:00:00+00:00,257.8349914550781,257.94000244140625,257.82000732421875,257.92999267578125,36568
2025-10-02 19:01:00+00:00,257.8699951171875,257.92999267578125,257.82000732421875,257.82000732421875,39156
2025-10-02 19:02:00+00:00,257.82000732421875,257.8783874511719,257.79998779296875,257.8783874511719,39801
2025-10-02 19:03:00+00:00,257.9096984863281,257.9100036621094,257.814208984375,257.82000732421875,32639
2025-10-02 19:04:00+00:00,257.92999267578125,257.95098876953125,257.88299560546875,257.8999938964844,31614
2025-10-02 19:05:00+00:00,257.8900146484375,257.94500732421875,257.8500061035156,257.92498779296875,41280
2025-10-02 19:06:00+00:00,257.8800048828125,257.94000244140625,257.8800048828125,257.885009765625,67836
2025-10-02 19:07:00+00:00,257.7699890136719,257.875,257.7650146484375,257.8705139160156,29792
2025-10-02 19:08:00+00:00,257.82000732421875,257.82000732421875,257.75,257.7850036621094,31505
2025-10-02 19:09:00+00:00,257.6849975585937,257.8299865722656,257.6789855957031,257.8299865722656,53038
2025-10-02 19:10:00+00:00,257.5802001953125,257.67999267578125,257.57000732421875,257.6700134277344,97099
2025-10-02 19:11:00+00:00,257.55859375,257.5899963378906,257.5299987792969,257.5899963378906,54049
2025-10-02 19:12:00+00:00,257.6000061035156,257.6400146484375,257.5599975585937,257.5599975585937,60610
2025-10-02 19:13:00+00:00,257.5050048828125,257.6199951171875,257.5,257.6099853515625,66612
2025-10-02 19:14:00+00:00,257.6000061035156,257.6299133300781,257.5199890136719,257.5199890136719,56692
2025-10-02 19:15:00+00:00,257.489990234375,257.6000061035156,257.4700012207031,257.6000061035156,57004
2025-10-02 19:16:00+00:00,257.489990234375,257.510009765625,257.45001220703125,257.4949951171875,56210
2025-10-02 19:17:00+00:00,257.44000244140625,257.5599975585937,257.4100036621094,257.5,49862
2025-10-02 19:18:00+00:00,257.4287109375,257.4800109863281,257.4200134277344,257.45001220703125,47245
2025-10-02 19:19:00+00:00,257.5086975097656,257.5400085449219,257.375,257.42999267578125,128041
2025-10-02 19:20:00+00:00,257.5299987792969,257.5599975585937,257.4800109863281,257.5199890136719,46226
2025-10-02 19:21:00+00:00,257.5899963378906,257.6000061035156,257.510009765625,257.510009765625,65046
2025-10-02 19:22:00+00:00,257.56500244140625,257.6499938964844,257.5199890136719,257.5950012207031,64244
2025-10-02 19:23:00+00:00,257.6050109863281,257.6499938964844,257.5450134277344,257.56500244140625,62408
2025-10-02 19:24:00+00:00,257.6400146484375,257.6600036621094,257.57501220703125,257.6007080078125,51024
2025-10-02 19:25:00+00:00,257.6600036621094,257.6700134277344,257.5700988769531,257.6449890136719,74776
2025-10-02 19:26:00+00:00,257.6050109863281,257.67999267578125,257.602294921875,257.6600036621094,81830
2025-10-02 19:27:00+00:00,257.5950012207031,257.6499938964844,257.5653076171875,257.6025085449219,54038
2025-10-02 19:28:00+00:00,257.6099853515625,257.6400146484375,257.5625,257.6000061035156,49280
2025-10-02 19:29:00+00:00,257.510009765625,257.635009765625,257.510009765625,257.6173095703125,68596
2025-10-02 19:30:00+00:00,257.635009765625,257.6700134277344,257.510009765625,257.510009765625,323585
2025-10-02 19:31:00+00:00,257.6310119628906,257.67999267578125,257.5450134277344,257.6400146484375,65210
2025-10-02 19:32:00+00:00,257.7799987792969,257.7799987792969,257.5950012207031,257.6300048828125,96859
2025-10-02 19:33:00+00:00,257.8399963378906,257.8399963378906,257.7300109863281,257.7799987792969,71488
2025-10-02 19:34:00+00:00,257.81500244140625,257.875,257.7900085449219,257.8500061035156,44811
2025-10-02 19:35:00+00:00,257.7101135253906,257.8399963378906,257.7099914550781,257.81500244140625,50619
2025-10-02 19:36:00+00:00,257.6400146484375,257.71990966796875,257.6400146484375,257.7040100097656,51265
2025-10-02 19:37:00+00:00,257.5799865722656,257.6499938964844,257.54998779296875,257.6400146484375,62501
2025-10-02 19:38:00+00:00,257.625,257.6400146484375,257.5799865722656,257.5799865722656,42805
2025-10-02 19:39:00+00:00,257.5599975585937,257.6400146484375,257.5,257.62579345703125,53571
2025-10-02 19:40:00+00:00,257.5799865722656,257.6099853515625,257.5299987792969,257.54998779296875,65264
2025-10-02 19:41:00+00:00,257.4100036621094,257.6050109863281,257.3999938964844,257.6000061035156,67270
2025-10-02 19:42:00+00:00,257.35260009765625,257.4599914550781,257.3442077636719,257.4153137207031,68836
2025-10-02 19:43:00+00:00,257.3999938964844,257.409912109375,257.3349914550781,257.3599853515625,60162
2025-10-02 19:44:00+00:00,257.3699951171875,257.3999938964844,257.3450012207031,257.3900146484375,59282
2025-10-02 19:45:00+00:00,257.4502868652344,257.489990234375,257.3699951171875,257.3699951171875,58825
2025-10-02 19:46:00+00:00,257.4147033691406,257.4552917480469,257.385009765625,257.45001220703125,61561
2025-10-02 19:47:00+00:00,257.2699890136719,257.4100952148437,257.2200012207031,257.4100952148437,64697
2025-10-02 19:48:00+00:00,257.3179931640625,257.3900146484375,257.125,257.2699890136719,239991
2025-10-02 19:49:00+00:00,257.44000244140625,257.4700012207031,257.260009765625,257.3204040527344,105904
2025-10-02 19:50:00+00:00,257.1010131835937,257.4700012207031,257.1000061035156,257.42999267578125,264557
2025-10-02 19:51:00+00:00,257.4549865722656,257.4599914550781,257.1000061035156,257.1099853515625,193370
2025-10-02 19:52:00+00:00,257.3599853515625,257.5000915527344,257.2402038574219,257.45001220703125,142756
2025-10-02 19:53:00+00:00,257.3699951171875,257.4729919433594,257.3599853515625,257.3599853515625,169922
2025-10-02 19:54:00+00:00,257.2099914550781,257.6000061035156,257.1000061035156,257.4100036621094,305187
2025-10-02 19:55:00+00:00,257.0249938964844,257.2799987792969,256.8800048828125,257.239990234375,422749
2025-10-02 19:56:00+00:00,257.0899963378906,257.1099853515625,256.9800109863281,257.0249938964844,282114
2025-10-02 19:57:00+00:00,257.1449890136719,257.25,257.0799865722656,257.0899963378906,318307
2025-10-02 19:58:00+00:00,257.2099914550781,257.2650146484375,257.114990234375,257.1449890136719,317925
2025-10-02 19:59:00+00:00,257.1400146484375,257.45001220703125,257.1300048828125,257.2149963378906,969598
2025-10-03 13:30:00+00:00,255.14390563964844,255.17999267578125,253.9600067138672,254.6649932861328,2556027
2025-10-03 13:31:00+00:00,254.88499450683597,255.2100067138672,254.54010009765625,255.2100067138672,384445
2025-10-03 13:32:00+00:00,255.6100006103516,255.6199951171875,254.8300018310547,254.8999938964844,399135
2025-10-03 13:33:00+00:00,256.2449951171875,256.3500061035156,255.5200042724609,255.58999633789065,543301
2025-10-03 13:34:00+00:00,256.7149963378906,256.739990234375,255.9550018310547,256.2449951171875,513956
2025-10-03 13:35:00+00:00,257.1300048828125,257.1499938964844,256.70001220703125,256.7200012207031,229254
2025-10-03 13:36:00+00:00,257.3902893066406,257.3999938964844,256.8800048828125,256.92999267578125,657032
2025-10-03 13:37:00+00:00,257.54998779296875,257.6600036621094,257.3299865722656,257.3999938964844,363979
2025-10-03 13:38:00+00:00,258.114990234375,258.1600036621094,257.3949890136719,257.5776062011719,428554
2025-10-03 13:39:00+00:00,257.8800048828125,258.1199951171875,257.7200012207031,258.11260986328125,348586
2025-10-03 13:40:00+00:00,257.82000732421875,258.20001220703125,257.760009765625,257.8699951171875,358091
2025-10-03 13:41:00+00:00,257.7300109863281,257.8999938964844,257.489990234375,257.8442077636719,336350
2025-10-03 13:42:00+00:00,257.6496887207031,257.9599914550781,257.6050109863281,257.73260498046875,260898
2025-10-03 13:43:00+00:00,257.9400939941406,257.9599914550781,257.5400085449219,257.6499938964844,275767
2025-10-03 13:44:00+00:00,257.8949890136719,258.1400146484375,257.7947998046875,257.9598999023437,286740
2025-10-03 13:45:00+00:00,257.7950134277344,258.010009765625,257.760009765625,257.92999267578125,0
2025-10-03 13:46:00+00:00,257.9700012207031,258.0199890136719,257.6300048828125,257.7950134277344,3010039
2025-10-03 13:47:00+00:00,258.4299011230469,258.5400085449219,257.8599853515625,257.9888916015625,478946
2025-10-03 13:48:00+00:00,258.44000244140625,258.5,258.13018798828125,258.4173889160156,294436
2025-10-03 13:49:00+00:00,258.6300048828125,258.6499938964844,258.2200012207031,258.45001220703125,231738
2025-10-03 13:50:00+00:00,258.45001220703125,258.6600036621094,258.29998779296875,258.6199951171875,273976
2025-10-03 13:51:00+00:00,258.7101135253906,258.73260498046875,258.3999938964844,258.45001220703125,271962
2025-10-03 13:52:00+00:00,258.82000732421875,258.8793029785156,258.5668029785156,258.7200012207031,300417
2025-10-03 13:53:00+00:00,258.6600952148437,258.9468994140625,258.6300048828125,258.82000732421875,292778
2025-10-03 13:54:00+00:00,258.9800109863281,259.0400085449219,258.6700134277344,258.6700134277344,361841
2025-10-03 13:55:00+00:00,258.70001220703125,259.0,258.6000061035156,258.9750061035156,332022
2025-10-03 13:56:00+00:00,258.4599914550781,258.8599853515625,258.42999267578125,258.7200012207031,237605
2025-10-03 13:57:00+00:00,258.6050109863281,258.6874084472656,258.45001220703125,258.4700012207031,217293
2025-10-03 13:58:00+00:00,258.3699951171875,258.82000732421875,258.29998779296875,258.6199951171875,372945
2025-10-03 13:59:00+00:00,258.0516052246094,258.45001220703125,258.010009765625,258.3900146484375,179400
2025-10-03 14:00:00+00:00,258.1600036621094,258.260009765625,257.7229919433594,258.0400085449219,252968
2025-10-03 14:01:00+00:00,257.7900085449219,258.1300048828125,257.7699890136719,258.1300048828125,189441
2025-10-03 14:02:00+00:00,257.389892578125,257.8599853515625,257.3399963378906,257.8099975585937,311339
2025-10-03 14:03:00+00:00,257.86749267578125,257.9299011230469,257.3399963378906,257.3900146484375,207538
2025-10-03 14:04:00+00:00,258.1000061035156,258.1299133300781,257.8500061035156,257.8500061035156,172405
2025-10-03 14:05:00+00:00,258.1300048828125,258.29998779296875,258.010009765625,258.0899963378906,160454
2025-10-03 14:06:00+00:00,258.4750061035156,258.489990234375,258.0050048828125,258.1199951171875,208253
2025-10-03 14:07:00+00:00,258.5599060058594,258.6199951171875,258.3699951171875,258.45001220703125,139949
2025-10-03 14:08:00+00:00,258.32000732421875,258.5498962402344,258.260009765625,258.5400085449219,105641
2025-10-03 14:09:00+00:00,258.4700012207031,258.4999084472656,258.239990234375,258.2900085449219,91532
2025-10-03 14:10:00+00:00,258.6700134277344,258.6724853515625,258.3800048828125,258.4700012207031,112706
2025-10-03 14:11:00+00:00,258.5260925292969,258.70001220703125,258.4324951171875,258.6650085449219,84008
2025-10-03 14:12:00+00:00,258.67999267578125,258.7300109863281,258.45001220703125,258.5223999023437,112550
2025-10-03 14:13:00+00:00,258.7550048828125,258.7900085449219,258.6499938964844,258.6650085449219,141521
2025-10-03 14:14:00+00:00,258.656494140625,258.760009765625,258.6000061035156,258.7300109863281,112837
2025-10-03 14:15:00+00:00,258.4599914550781,258.7099914550781,258.4599914550781,258.6585998535156,108121
2025-10-03 14:16:00+00:00,258.70001220703125,258.70001220703125,258.4267883300781,258.44000244140625,123981
2025-10-03 14:17:00+00:00,258.3599853515625,258.7300109863281,258.3599853515625,258.6849975585937,125672
2025-10-03 14:18:00+00:00,258.2699890136719,258.3699951171875,258.20001220703125,258.3299865722656,102749
2025-10-03 14:19:00+00:00,258.3900146484375,258.4100036621094,258.2510070800781,258.2799987792969,96154
2025-10-03 14:20:00+00:00,258.21759033203125,258.409912109375,258.17999267578125,258.3800048828125,79150
2025-10-03 14:21:00+00:00,258.5249938964844,258.6300048828125,258.21240234375,258.21240234375,118316
2025-10-03 14:22:00+00:00,258.44000244140625,258.5268859863281,258.3900146484375,258.510009765625,72154
2025-10-03 14:23:00+00:00,258.110107421875,258.4599914550781,258.10400390625,258.44000244140625,125437
2025-10-03 14:24:00+00:00,258.1050109863281,258.2850036621094,258.06500244140625,258.1199951171875,121813
2025-10-03 14:25:00+00:00,258.2626037597656,258.306884765625,258.0299987792969,258.1120910644531,118759
2025-10-03 14:26:00+00:00,258.3900146484375,258.47900390625,258.1700134277344,258.2650146484375,143585
2025-10-03 14:27:00+00:00,258.1400146484375,258.3999938964844,258.0299987792969,258.3999938964844,81147
2025-10-03 14:28:00+00:00,258.2349853515625,258.3316955566406,258.010009765625,258.1499938964844,140947
2025-10-03 14:29:00+00:00,257.8500061035156,258.2300109863281,257.8099975585937,258.2300109863281,115962
2025-10-03 14:30:00+00:00,257.8699951171875,257.9700012207031,257.8200988769531,257.8599853515625,93511
2025-10-03 14:31:00+00:00,257.9700012207031,258.085205078125,257.8500061035156,257.8634948730469,249291
2025-10-03 14:32:00+00:00,257.67889404296875,258.010009765625,257.6700134277344,257.9649963378906,120355
2025-10-03 14:33:00+00:00,257.7200012207031,257.7499084472656,257.5199890136719,257.6889953613281,117249
2025-10-03 14:34:00+00:00,257.9750061035156,257.9750061035156,257.6600036621094,257.7200012207031,74747
2025-10-03 14:35:00+00:00,258.05499267578125,258.1300048828125,257.9549865722656,257.9700012207031,96528
2025-10-03 14:36:00+00:00,257.9601135253906,258.1000061035156,257.8800048828125,258.07000732421875,157934
2025-10-03 14:37:00+00:00,258.151611328125,258.16949462890625,257.8800048828125,257.9800109863281,65288
2025-10-03 14:38:00+00:00,258.2250061035156,258.2799987792969,258.0400085449219,258.15899658203125,83953
2025-10-03 14:39:00+00:00,258.2300109863281,258.2349853515625,258.0227966308594,258.2225952148437,61642
2025-10-03 14:40:00+00:00,258.4840087890625,258.5199890136719,258.20001220703125,258.2200012207031,112222
2025-10-03 14:41:00+00:00,258.57501220703125,258.6000061035156,258.4700012207031,258.5,91617
2025-10-03 14:42:00+00:00,258.6650085449219,258.67999267578125,258.54998779296875,258.57000732421875,121025
2025-10-03 14:43:00+00:00,258.4346008300781,258.739990234375,258.42999267578125,258.6700134277344,127500
2025-10-03 14:44:00+00:00,258.17010498046875,258.45001220703125,258.1700134277344,258.45001220703125,134415
2025-10-03 14:45:00+00:00,258.2950134277344,258.3299865722656,258.1400146484375,258.17999267578125,56304
2025-10-03 14:46:00+00:00,258.29998779296875,258.3699951171875,258.25,258.3299865722656,53402
2025-10-03 14:47:00+00:00,258.2699890136719,258.3299865722656,258.2200012207031,258.32000732421875,53337
2025-10-03 14:48:00+00:00,258.0799865722656,258.2685852050781,258.0799865722656,258.2685852050781,54795
2025-10-03 14:49:00+00:00,258.1300048828125,258.1600036621094,257.9700012207031,258.0589904785156,89415
2025-10-03 14:50:00+00:00,258.1499938964844,258.2099914550781,258.02960205078125,258.1199951171875,54653
2025-10-03 14:51:00+00:00,258.20001220703125,258.3500061035156,258.0799865722656,258.1300048828125,54530
2025-10-03 14:52:00+00:00,258.05499267578125,258.20880126953125,257.95458984375,258.20880126953125,66003
2025-10-03 14:53:00+00:00,258.1499938964844,258.1499938964844,257.8900146484375,258.05499267578125,74741
2025-10-03 14:54:00+00:00,258.3500061035156,258.3633117675781,258.1400146484375,258.1700134277344,61416
2025-10-03 14:55:00+00:00,258.3949890136719,258.4269104003906,258.3099975585937,258.3599853515625,78655
2025-10-03 14:56:00+00:00,258.3099975585937,258.42999267578125,258.2803039550781,258.3900146484375,56409
2025-10-03 14:57:00+00:00,258.2200012207031,258.3299865722656,258.2101135253906,258.3099975585937,57732
2025-10-03 14:58:00+00:00,258.29998779296875,258.32000732421875,258.1600036621094,258.22808837890625,51791
2025-10-03 14:59:00+00:00,258.17498779296875,258.3550109863281,258.1499938964844,258.3009033203125,60869
2025-10-03 15:00:00+00:00,258.17498779296875,258.20001220703125,258.0874938964844,258.1700134277344,54794
2025-10-03 15:01:00+00:00,258.0899963378906,258.19000244140625,258.0599975585937,258.19000244140625,67910
2025-10-03 15:02:00+00:00,258.0,258.1234130859375,257.989990234375,258.1000061035156,57236
2025-10-03 15:03:00+00:00,258.0299987792969,258.0400085449219,257.940185546875,258.0,73060
2025-10-03 15:04:00+00:00,258.06500244140625,258.1299133300781,257.94000244140625,258.010009765625,72147
2025-10-03 15:05:00+00:00,258.1300048828125,258.1499938964844,257.8949890136719,258.06500244140625,74575
2025-10-03 15:06:00+00:00,258.34649658203125,258.3699951171875,258.1300048828125,258.1300048828125,70819
2025-10-03 15:07:00+00:00,258.3099975585937,258.3349914550781,258.2550048828125,258.3299865722656,46395
2025-10-03 15:08:00+00:00,258.239990234375,258.3351135253906,258.2002868652344,258.3099975585937,58484
2025-10-03 15:09:00+00:00,258.25,258.2550048828125,258.17498779296875,258.2300109863281,46064
2025-10-03 15:10:00+00:00,258.239990234375,258.2900085449219,258.2149963378906,258.239990234375,39716
2025-10-03 15:11:00+00:00,258.1099853515625,258.239990234375,258.1099853515625,258.239990234375,34478
2025-10-03 15:12:00+00:00,258.19000244140625,258.2200012207031,258.0599975585937,258.1000061035156,57047
2025-10-03 15:13:00+00:00,258.25,258.3099975585937,258.2099914550781,258.2200012207031,44282
2025-10-03 15:14:00+00:00,258.389404296875,258.4100036621094,258.2300109863281,258.2300109863281,54258
2025-10-03 15:15:00+00:00,258.3900146484375,258.42999267578125,258.3699951171875,258.3800048828125,41270
2025-10-03 15:16:00+00:00,258.4100036621094,258.5,258.3699951171875,258.3800048828125,77403
2025-10-03 15:17:00+00:00,258.5325927734375,258.5325927734375,258.3999938964844,258.4100036621094,67724
2025-10-03 15:18:00+00:00,258.3800048828125,258.52740478515625,258.3699951171875,258.52740478515625,45471
2025-10-03 15:19:00+00:00,258.385009765625,258.44000244140625,258.3099975585937,258.360107421875,35818
2025-10-03 15:20:00+00:00,258.3299865722656,258.4200134277344,258.29998779296875,258.39801025390625,37327
2025-10-03 15:21:00+00:00,258.489990234375,258.5050048828125,258.3099975585937,258.32000732421875,40105
2025-10-03 15:22:00+00:00,258.46240234375,258.5400085449219,258.45001220703125,258.4700012207031,53678
2025-10-03 15:23:00+00:00,258.5400085449219,258.5957946777344,258.4649963378906,258.4649963378906,57414
2025-10-03 15:24:00+00:00,258.6499938964844,258.65380859375,258.4949951171875,258.5400085449219,78263
2025-10-03 15:25:00+00:00,258.7300109863281,258.7300109863281,258.6000061035156,258.6400146484375,103281
2025-10-03 15:26:00+00:00,258.70001220703125,258.7300109863281,258.57000732421875,258.7139892578125,120111
2025-10-03 15:27:00+00:00,258.5199890136719,258.7149963378906,258.510009765625,258.7085876464844,68904
2025-10-03 15:28:00+00:00,258.4349975585937,258.6000061035156,258.4200134277344,258.54998779296875,84193
2025-10-03 15:29:00+00:00,258.510009765625,258.53009033203125,258.3999938964844,258.42999267578125,59392
2025-10-03 15:30:00+00:00,258.55499267578125,258.5687866210937,258.42498779296875,258.4930114746094,56908
2025-10-03 15:31:00+00:00,258.6400146484375,258.67999267578125,258.54998779296875,258.5599975585937,87117
2025-10-03 15:32:00+00:00,258.7250061035156,258.8348083496094,258.6000061035156,258.6400146484375,118582
2025-10-03 15:33:00+00:00,258.7069091796875,258.7900085449219,258.67999267578125,258.72900390625,71515
2025-10-03 15:34:00+00:00,258.70001220703125,258.7950134277344,258.6199951171875,258.7099914550781,82254
2025-10-03 15:35:00+00:00,258.7200012207031,258.7749938964844,258.69000244140625,258.69500732421875,81441
2025-10-03 15:36:00+00:00,258.7300109863281,258.7550048828125,258.67999267578125,258.7200012207031,95673
2025-10-03 15:37:00+00:00,258.5927124023437,258.7300109863281,258.54998779296875,258.7200012207031,74460
2025-10-03 15:38:00+00:00,258.79998779296875,258.8599853515625,258.5899963378906,258.5899963378906,136442
2025-10-03 15:39:00+00:00,258.8472900390625,259.0199890136719,258.7012023925781,258.7900085449219,305339
2025-10-03 15:40:00+00:00,258.80499267578125,258.8699951171875,258.7099914550781,258.8399963378906,374664
2025-10-03 15:41:00+00:00,259.1003112792969,259.1300048828125,258.8099975585937,258.8099975585937,181263
2025-10-03 15:42:00+00:00,258.7799987792969,259.239990234375,258.7300109863281,259.1099853515625,305696
2025-10-03 15:43:00+00:00,258.8500061035156,259.07501220703125,258.7300109863281,258.760009765625,152908
2025-10-03 15:44:00+00:00,258.7699890136719,258.89990234375,258.70001220703125,258.8500061035156,76943
2025-10-03 15:45:00+00:00,258.5498962402344,258.8399963378906,258.4700012207031,258.7994079589844,127507
2025-10-03 15:46:00+00:00,258.6000061035156,258.7099914550781,258.4901123046875,258.510009765625,172511
2025-10-03 15:47:00+00:00,258.4700012207031,258.6199951171875,258.3402099609375,258.5824890136719,82841
2025-10-03 15:48:00+00:00,258.3699951171875,258.4700012207031,258.29998779296875,258.4599914550781,60958
2025-10-03 15:49:00+00:00,258.4800109863281,258.5400085449219,258.3700866699219,258.385009765625,63635
2025-10-03 15:50:00+00:00,258.4800109863281,258.54998779296875,258.4473876953125,258.4700012207031,52017
2025-10-03 15:51:00+00:00,258.5591125488281,258.6000061035156,258.4809875488281,258.5,68997
2025-10-03 15:52:00+00:00,258.3929138183594,258.54998779296875,258.3410949707031,258.54998779296875,103587
2025-10-03 15:53:00+00:00,258.3699951171875,258.44000244140625,258.3349914550781,258.3999938964844,65285
2025-10-03 15:54:00+00:00,258.42999267578125,258.4800109863281,258.3099975585937,258.3599853515625,91758
2025-10-03 15:55:00+00:00,258.3399963378906,258.42999267578125,258.260009765625,258.42999267578125,68807
2025-10-03 15:56:00+00:00,258.3999938964844,258.4606018066406,258.3399963378906,258.3514099121094,47896
2025-10-03 15:57:00+00:00,258.4100952148437,258.4729919433594,258.3900146484375,258.4100036621094,46105
2025-10-03 15:58:00+00:00,258.3500061035156,258.4271850585937,258.3099975585937,258.4100036621094,46403
2025-10-03 15:59:00+00:00,258.4049987792969,258.4200134277344,258.29998779296875,258.3399963378906,39383
2025-10-03 16:00:00+00:00,258.32501220703125,258.4800109863281,258.29998779296875,258.4130859375,70075
2025-10-03 16:01:00+00:00,258.4119873046875,258.42999267578125,258.29998779296875,258.32501220703125,36175
2025-10-03 16:02:00+00:00,258.3299865722656,258.45001220703125,258.32000732421875,258.4100036621094,81447
2025-10-03 16:03:00+00:00,258.3389892578125,258.3583068847656,258.2699890136719,258.3299865722656,51965
2025-10-03 16:04:00+00:00,258.260498046875,258.3599853515625,258.260498046875,258.3550109863281,41380
2025-10-03 16:05:00+00:00,258.32000732421875,258.3399963378906,258.2571105957031,258.2571105957031,60775
2025-10-03 16:06:00+00:00,258.5398864746094,258.5398864746094,258.29998779296875,258.3299865722656,68006
2025-10-03 16:07:00+00:00,258.55499267578125,258.5567932128906,258.5,258.5299987792969,51081
2025-10-03 16:08:00+00:00,258.4700012207031,258.6000061035156,258.4599914550781,258.57000732421875,39912
2025-10-03 16:09:00+00:00,258.4849853515625,258.510009765625,258.45001220703125,258.4849853515625,30853
2025-10-03 16:10:00+00:00,258.489990234375,258.5299987792969,258.4700012207031,258.5150146484375,47075
2025-10-03 16:11:00+00:00,258.510009765625,258.5199890136719,258.4573974609375,258.50421142578125,40834
2025-10-03 16:12:00+00:00,258.45709228515625,258.5400085449219,258.3949890136719,258.510009765625,46353
2025-10-03 16:13:00+00:00,258.4200134277344,258.5,258.4200134277344,258.45001220703125,42674
2025-10-03 16:14:00+00:00,258.3699951171875,258.3949890136719,258.318603515625,258.3949890136719,52640
2025-10-03 16:15:00+00:00,258.6661071777344,258.70001220703125,258.3999938964844,258.4100036621094,108019
2025-10-03 16:16:00+00:00,258.739990234375,258.7900085449219,258.6700134277344,258.6700134277344,41448
2025-10-03 16:17:00+00:00,258.8099975585937,258.8599853515625,258.7099914550781,258.7200012207031,90772
2025-10-03 16:18:00+00:00,258.7699890136719,258.8301086425781,258.75,258.8099975585937,53457
2025-10-03 16:19:00+00:00,258.7430114746094,258.7970886230469,258.6600036621094,258.7723999023437,37355
2025-10-03 16:20:00+00:00,258.7099914550781,258.8099975585937,258.6849975585937,258.739990234375,45338
2025-10-03 16:21:00+00:00,258.7250061035156,258.7699890136719,258.6700134277344,258.7049865722656,42335
2025-10-03 16:22:00+00:00,258.6499938964844,258.75,258.6000061035156,258.7373046875,38206
2025-10-03 16:23:00+00:00,258.5400085449219,258.6650085449219,258.5299987792969,258.6449890136719,25569
2025-10-03 16:24:00+00:00,258.4649963378906,258.5325927734375,258.4100036621094,258.5325927734375,44088
2025-10-03 16:25:00+00:00,258.40008544921875,258.4601135253906,258.3550109863281,258.4599914550781,30854
2025-10-03 16:26:00+00:00,258.4100036621094,258.5199890136719,258.3900146484375,258.3900146484375,61646
2025-10-03 16:27:00+00:00,258.4559936523437,258.4800109863281,258.375,258.4100036621094,41498
2025-10-03 16:28:00+00:00,258.53009033203125,258.5400085449219,258.4248046875,258.45001220703125,35386
2025-10-03 16:29:00+00:00,258.5487060546875,258.5799865722656,258.510009765625,258.531005859375,32619
2025-10-03 16:30:00+00:00,258.5599975585937,258.6400146484375,258.5299987792969,258.5400085449219,34171
2025-10-03 16:31:00+00:00,258.5299987792969,258.57000732421875,258.5028991699219,258.5599975585937,52360
2025-10-03 16:32:00+00:00,258.5299987792969,258.54998779296875,258.4700012207031,258.5350036621094,46668
2025-10-03 16:33:00+00:00,258.5400085449219,258.54998779296875,258.50738525390625,258.5199890136719,22074
2025-10-03 16:34:00+00:00,258.54998779296875,258.5799865722656,258.5249938964844,258.5400085449219,27072
2025-10-03 16:35:00+00:00,258.4800109863281,258.5899963378906,258.4800109863281,258.54998779296875,33177
2025-10-03 16:36:00+00:00,258.1932067871094,258.4927978515625,258.19000244140625,258.4927978515625,88857
2025-10-03 16:37:00+00:00,258.3302001953125,258.3599853515625,258.19000244140625,258.2099914550781,87133
2025-10-03 16:38:00+00:00,258.3703918457031,258.42498779296875,258.3399963378906,258.39959716796875,32597
2025-10-03 16:39:00+00:00,258.4200134277344,258.42999267578125,258.3500061035156,258.3699951171875,43504
2025-10-03 16:40:00+00:00,258.3599853515625,258.4200134277344,258.32000732421875,258.4200134277344,50012
2025-10-03 16:41:00+00:00,258.4549865722656,258.4844055175781,258.3450012207031,258.3450012207031,34737
2025-10-03 16:42:00+00:00,258.5299987792969,258.5299987792969,258.42999267578125,258.44000244140625,62675
2025-10-03 16:43:00+00:00,258.5899963378906,258.6199951171875,258.5299987792969,258.5299987792969,51980
2025-10-03 16:44:00+00:00,258.6199951171875,258.6199951171875,258.5799865722656,258.5799865722656,68121
2025-10-03 16:45:00+00:00,258.6099853515625,258.6700134277344,258.5799865722656,258.635009765625,51596
2025-10-03 16:46:00+00:00,258.6062927246094,258.6199951171875,258.54998779296875,258.6099853515625,43718
2025-10-03 16:47:00+00:00,258.5899963378906,258.614990234375,258.57000732421875,258.60400390625,46762
2025-10-03 16:48:00+00:00,258.57501220703125,258.614990234375,258.5599975585937,258.5899963378906,44420
2025-10-03 16:49:00+00:00,258.6099853515625,258.6600036621094,258.5675048828125,258.57501220703125,40519
2025-10-03 16:50:00+00:00,258.69500732421875,258.7300109863281,258.6000061035156,258.6000061035156,75988
2025-10-03 16:51:00+00:00,258.8099975585937,258.82000732421875,258.69500732421875,258.69500732421875,67224
2025-10-03 16:52:00+00:00,258.7976989746094,258.82000732421875,258.70001220703125,258.79998779296875,58795
2025-10-03 16:53:00+00:00,258.7799987792969,258.8099975585937,258.7300109863281,258.7900085449219,51728
2025-10-03 16:54:00+00:00,258.8887023925781,258.8999938964844,258.75,258.7886962890625,73741
2025-10-03 16:55:00+00:00,258.8900146484375,258.92999267578125,258.8599853515625,258.8800048828125,52095
2025-10-03 16:56:00+00:00,258.8320007324219,258.9100036621094,258.79998779296875,258.8800048828125,58378
2025-10-03 16:57:00+00:00,258.8599853515625,258.8786926269531,258.7900085449219,258.84490966796875,55751
2025-10-03 16:58:00+00:00,258.8599853515625,258.8800048828125,258.8125,258.8500061035156,37019
2025-10-03 16:59:00+00:00,258.7950134277344,258.8699951171875,258.7799987792969,258.8510131835937,70459
2025-10-03 17:00:00+00:00,258.6300048828125,258.8099060058594,258.5799865722656,258.8099060058594,95967
2025-10-03 17:01:00+00:00,258.5,258.625,258.4700012207031,258.625,91101
2025-10-03 17:02:00+00:00,258.57000732421875,258.6499938964844,258.5050048828125,258.5050048828125,78830
2025-10-03 17:03:00+00:00,258.510009765625,258.5799865722656,258.44000244140625,258.5799865722656,70709
2025-10-03 17:04:00+00:00,258.3399963378906,258.4949951171875,258.2349853515625,258.4949951171875,136759
2025-10-03 17:05:00+00:00,258.1700134277344,258.3299865722656,258.1199951171875,258.3299865722656,138645
2025-10-03 17:06:00+00:00,258.239990234375,258.3158874511719,258.1449890136719,258.1600036621094,71207
2025-10-03 17:07:00+00:00,258.3999938964844,258.5,258.2099914550781,258.2099914550781,84931
2025-10-03 17:08:00+00:00,258.31500244140625,258.42999267578125,258.29998779296875,258.4100036621094,40417
2025-10-03 17:09:00+00:00,258.364990234375,258.3840026855469,258.20001220703125,258.2900085449219,78104
2025-10-03 17:10:00+00:00,258.4549865722656,258.4700012207031,258.32000732421875,258.3500061035156,79259
2025-10-03 17:11:00+00:00,258.53009033203125,258.54998779296875,258.4549865722656,258.4549865722656,84290
2025-10-03 17:12:00+00:00,258.6199951171875,258.6400146484375,258.4800109863281,258.5400085449219,63462
2025-10-03 17:13:00+00:00,258.5809936523437,258.6499938964844,258.5600891113281,258.6199951171875,30858
2025-10-03 17:14:00+00:00,258.5400085449219,258.6199951171875,258.5,258.6099853515625,34349
2025-10-03 17:15:00+00:00,258.44000244140625,258.5400085449219,258.42999267578125,258.5400085449219,66496
2025-10-03 17:16:00+00:00,258.5299987792969,258.55828857421875,258.4100036621094,258.44781494140625,43628
2025-10-03 17:17:00+00:00,258.3949890136719,258.5599975585937,258.3900146484375,258.5050048828125,33267
2025-10-03 17:18:00+00:00,258.4100036621094,258.4649963378906,258.3912048339844,258.3999938964844,47111
2025-10-03 17:19:00+00:00,258.3678894042969,258.4349975585937,258.3500061035156,258.4150085449219,28545
2025-10-03 17:20:00+00:00,258.4222106933594,258.4700012207031,258.3299865722656,258.3599853515625,45849
2025-10-03 17:21:00+00:00,258.4700012207031,258.4800109863281,258.3399963378906,258.42999267578125,40618
2025-10-03 17:22:00+00:00,258.54998779296875,258.6300048828125,258.4501953125,258.4700012207031,64247
2025-10-03 17:23:00+00:00,258.4801025390625,258.54998779296875,258.45001220703125,258.5400085449219,36007
2025-10-03 17:24:00+00:00,258.3800048828125,258.5150146484375,258.3800048828125,258.5,32322
2025-10-03 17:25:00+00:00,258.3599853515625,258.4599914550781,258.3099975585937,258.4150085449219,54777
2025-10-03 17:26:00+00:00,258.3594970703125,258.3594970703125,258.239990234375,258.3450012207031,85136
2025-10-03 17:27:00+00:00,258.3153991699219,258.3900146484375,258.29998779296875,258.3599853515625,28528
2025-10-03 17:28:00+00:00,258.29998779296875,258.3320007324219,258.2300109863281,258.29998779296875,28575
2025-10-03 17:29:00+00:00,258.3099975585937,258.3450012207031,258.2699890136719,258.29998779296875,31416
2025-10-03 17:30:00+00:00,258.1700134277344,258.29998779296875,258.1099853515625,258.29998779296875,124932
2025-10-03 17:31:00+00:00,258.2099914550781,258.2401123046875,258.1600036621094,258.1709899902344,48785
2025-10-03 17:32:00+00:00,258.19000244140625,258.32879638671875,258.1600036621094,258.2300109863281,70783
2025-10-03 17:33:00+00:00,258.1099853515625,258.2200012207031,258.0899963378906,258.19000244140625,56732
2025-10-03 17:34:00+00:00,258.0150146484375,258.1400146484375,258.0144958496094,258.1099853515625,45132
2025-10-03 17:35:00+00:00,258.1499938964844,258.1700134277344,258.0145874023437,258.0145874023437,47861
2025-10-03 17:36:00+00:00,257.989990234375,258.17999267578125,257.9800109863281,258.1549987792969,203766
2025-10-03 17:37:00+00:00,258.0,258.0398864746094,257.9100952148437,257.989990234375,49944
2025-10-03 17:38:00+00:00,258.17498779296875,258.17999267578125,257.989990234375,257.989990234375,28425
2025-10-03 17:39:00+00:00,258.1300048828125,258.19659423828125,258.1300048828125,258.1776123046875,34950
2025-10-03 17:40:00+00:00,258.0810852050781,258.1199951171875,257.9750061035156,258.1199951171875,71941
2025-10-03 17:41:00+00:00,258.0,258.1099853515625,257.989990234375,258.0851135253906,43780
2025-10-03 17:42:00+00:00,257.94500732421875,258.0400085449219,257.9200134277344,258.010009765625,96772
2025-10-03 17:43:00+00:00,257.9273986816406,257.9700927734375,257.8500061035156,257.95458984375,91795
2025-10-03 17:44:00+00:00,257.8099975585937,257.9599914550781,257.7699890136719,257.9349975585937,84786
2025-10-03 17:45:00+00:00,257.70001220703125,257.82501220703125,257.6400146484375,257.8099975585937,104414
2025-10-03 17:46:00+00:00,257.55499267578125,257.7250061035156,257.5249938964844,257.70001220703125,74142
2025-10-03 17:47:00+00:00,257.614990234375,257.6199951171875,257.45001220703125,257.54998779296875,90405
2025-10-03 17:48:00+00:00,257.5,257.64630126953125,257.47119140625,257.6300048828125,55138
2025-10-03 17:49:00+00:00,257.5950012207031,257.5950012207031,257.4645080566406,257.5199890136719,43520
2025-10-03 17:50:00+00:00,257.5299987792969,257.6170959472656,257.44000244140625,257.6014099121094,49289
2025-10-03 17:51:00+00:00,257.2099914550781,257.54998779296875,257.1990051269531,257.5400085449219,114991
2025-10-03 17:52:00+00:00,257.3099975585937,257.3900146484375,257.1600036621094,257.19000244140625,538645
2025-10-03 17:53:00+00:00,257.29998779296875,257.29998779296875,257.16558837890625,257.2950134277344,109446
2025-10-03 17:54:00+00:00,257.1600036621094,257.3599853515625,257.1199951171875,257.31500244140625,85841
2025-10-03 17:55:00+00:00,257.6141967773437,257.69000244140625,257.1300048828125,257.1700134277344,129208
2025-10-03 17:56:00+00:00,257.510009765625,257.6199951171875,257.45001220703125,257.56500244140625,49203
2025-10-03 17:57:00+00:00,257.3500061035156,257.6300048828125,257.3500061035156,257.5299987792969,87125
2025-10-03 17:58:00+00:00,257.3399963378906,257.4800109863281,257.3099975585937,257.3599853515625,66620
2025-10-03 17:59:00+00:00,257.43719482421875,257.4800109863281,257.32000732421875,257.3500061035156,46202
2025-10-03 18:00:00+00:00,257.29180908203125,257.4898986816406,257.2900085449219,257.4360046386719,44991
2025-10-03 18:01:00+00:00,257.42999267578125,257.5,257.3299865722656,257.3299865722656,71859
2025-10-03 18:02:00+00:00,257.2799987792969,257.4700012207031,257.2699890136719,257.45001220703125,38733
2025-10-03 18:03:00+00:00,257.2200012207031,257.2799987792969,257.1849975585937,257.2699890136719,36176
2025-10-03 18:04:00+00:00,257.1600036621094,257.2200012207031,257.1000061035156,257.2200012207031,56906
2025-10-03 18:05:00+00:00,257.1332092285156,257.2300109863281,257.09979248046875,257.1650085449219,53297
2025-10-03 18:06:00+00:00,257.1400146484375,257.1400146484375,256.9599914550781,257.125,214227
2025-10-03 18:07:00+00:00,257.260009765625,257.28619384765625,257.1400146484375,257.1400146484375,55881
2025-10-03 18:08:00+00:00,257.260009765625,257.29998779296875,257.2250061035156,257.2597045898437,35202
2025-10-03 18:09:00+00:00,257.20001220703125,257.3399963378906,257.1099853515625,257.260009765625,44076
2025-10-03 18:10:00+00:00,257.2550048828125,257.2550048828125,257.0700988769531,257.20001220703125,60097
2025-10-03 18:11:00+00:00,257.42999267578125,257.44000244140625,257.2149963378906,257.25299072265625,63113
2025-10-03 18:12:00+00:00,257.3699951171875,257.489990234375,257.3699951171875,257.4200134277344,102818
2025-10-03 18:13:00+00:00,257.5,257.510009765625,257.29998779296875,257.3599853515625,93840
2025-10-03 18:14:00+00:00,257.5950012207031,257.6199951171875,257.4700012207031,257.510009765625,79400
2025-10-03 18:15:00+00:00,257.6050109863281,257.6698913574219,257.5400085449219,257.5799865722656,80354
2025-10-03 18:16:00+00:00,257.5799865722656,257.6698913574219,257.54998779296875,257.6050109863281,52734
2025-10-03 18:17:00+00:00,257.6499938964844,257.67999267578125,257.57000732421875,257.5799865722656,418709
2025-10-03 18:18:00+00:00,257.61248779296875,257.7090148925781,257.6099853515625,257.67999267578125,44257
2025-10-03 18:19:00+00:00,257.8299865722656,258.0,257.6199951171875,257.6199951171875,75806
2025-10-03 18:20:00+00:00,257.885009765625,257.94000244140625,257.82000732421875,257.8299865722656,41833
2025-10-03 18:21:00+00:00,257.9549865722656,257.989990234375,257.8800048828125,257.8900146484375,75526
2025-10-03 18:22:00+00:00,258.0249938964844,258.06988525390625,257.94000244140625,257.9549865722656,142718
2025-10-03 18:23:00+00:00,257.95001220703125,258.07000732421875,257.92999267578125,258.0299987792969,98549
2025-10-03 18:24:00+00:00,258.20001220703125,258.239501953125,257.9599914550781,257.9599914550781,89166
2025-10-03 18:25:00+00:00,258.2850036621094,258.32000732421875,258.19000244140625,258.20001220703125,100430
2025-10-03 18:26:00+00:00,258.44000244140625,258.44000244140625,258.2546081542969,258.2699890136719,70166
2025-10-03 18:27:00+00:00,258.5,258.5199890136719,258.364990234375,258.44000244140625,190981
2025-10-03 18:28:00+00:00,258.4289855957031,258.5899963378906,258.3999938964844,258.510009765625,108479
2025-10-03 18:29:00+00:00,258.3699951171875,258.5,258.3699951171875,258.4200134277344,74342
2025-10-03 18:30:00+00:00,258.3399963378906,258.4400939941406,258.25640869140625,258.3699951171875,74946
2025-10-03 18:31:00+00:00,258.2699890136719,258.3699951171875,258.260009765625,258.3598937988281,59074
2025-10-03 18:32:00+00:00,258.1650085449219,258.3399963378906,258.1400146484375,258.2799987792969,75662
2025-10-03 18:33:00+00:00,258.125,258.2200012207031,258.0899963378906,258.17999267578125,75289
2025-10-03 18:34:00+00:00,258.2099914550781,258.2300109863281,258.090087890625,258.1300048828125,54893
2025-10-03 18:35:00+00:00,258.0797119140625,258.2749938964844,258.0599975585937,258.2099914550781,49481
2025-10-03 18:36:00+00:00,258.1050109863281,258.1499938964844,258.0476989746094,258.07000732421875,35305
2025-10-03 18:37:00+00:00,258.17498779296875,258.17999267578125,258.0599975585937,258.1099853515625,41092
2025-10-03 18:38:00+00:00,258.2099914550781,258.2550048828125,258.17999267578125,258.17999267578125,38448
2025-10-03 18:39:00+00:00,258.2550048828125,258.3006896972656,258.2099914550781,258.21160888671875,33241
2025-10-03 18:40:00+00:00,258.3464050292969,258.3500061035156,258.1801147460937,258.2372131347656,54031
2025-10-03 18:41:00+00:00,258.3599853515625,258.4800109863281,258.3399963378906,258.3500061035156,78884
2025-10-03 18:42:00+00:00,258.45001220703125,258.4800109863281,258.3699951171875,258.3699951171875,45425
2025-10-03 18:43:00+00:00,258.45001220703125,258.5199890136719,258.44000244140625,258.4696960449219,91123
2025-10-03 18:44:00+00:00,258.472900390625,258.489990234375,258.3803100585937,258.45001220703125,68593
2025-10-03 18:45:00+00:00,258.3949890136719,258.5,258.3900146484375,258.4800109863281,54174
2025-10-03 18:46:00+00:00,258.5400085449219,258.5400085449219,258.385009765625,258.3949890136719,90816
2025-10-03 18:47:00+00:00,258.42999267578125,258.5849914550781,258.42498779296875,258.5350036621094,52144
2025-10-03 18:48:00+00:00,258.489990234375,258.5400085449219,258.44000244140625,258.44000244140625,59855
2025-10-03 18:49:00+00:00,258.3825988769531,258.53271484375,258.3500061035156,258.489990234375,57094
2025-10-03 18:50:00+00:00,258.45001220703125,258.4999084472656,258.3789978027344,258.3800048828125,54960
2025-10-03 18:51:00+00:00,258.4800109863281,258.5050048828125,258.4100036621094,258.4599914550781,55879
2025-10-03 18:52:00+00:00,258.42999267578125,258.510009765625,258.3890075683594,258.4800109863281,38279
2025-10-03 18:53:00+00:00,258.3349914550781,258.489990234375,258.3100891113281,258.4100036621094,48642
2025-10-03 18:54:00+00:00,258.45001220703125,258.4849853515625,258.3599853515625,258.3599853515625,45942
2025-10-03 18:55:00+00:00,258.3734130859375,258.489990234375,258.3572082519531,258.4599914550781,39568
2025-10-03 18:56:00+00:00,258.510009765625,258.5249938964844,258.3699951171875,258.3699951171875,73563
2025-10-03 18:57:00+00:00,258.4800109863281,258.5199890136719,258.3800048828125,258.5199890136719,35044
2025-10-03 18:58:00+00:00,258.3999938964844,258.5,258.3999938964844,258.4800109863281,41820
2025-10-03 18:59:00+00:00,258.3302917480469,258.4100036621094,258.3299865722656,258.3970031738281,30817
2025-10-03 19:00:00+00:00,258.375,258.4100036621094,258.32000732421875,258.3500061035156,51626
2025-10-03 19:01:00+00:00,258.2300109863281,258.41259765625,258.21990966796875,258.3900146484375,42960
2025-10-03 19:02:00+00:00,258.17498779296875,258.2699890136719,258.1199951171875,258.2200012207031,45989
2025-10-03 19:03:00+00:00,258.2300109863281,258.2300109863281,258.1600036621094,258.1700134277344,55192
2025-10-03 19:04:00+00:00,258.25,258.260009765625,258.20001220703125,258.2099914550781,39704
2025-10-03 19:05:00+00:00,258.1899108886719,258.239990234375,258.1499938964844,258.2200012207031,43444
2025-10-03 19:06:00+00:00,258.07000732421875,258.2099914550781,258.0599975585937,258.19000244140625,43898
2025-10-03 19:07:00+00:00,258.0400085449219,258.1099853515625,258.0000915527344,258.0799865722656,91621
2025-10-03 19:08:00+00:00,258.010009765625,258.056396484375,258.0,258.0400085449219,48362
2025-10-03 19:09:00+00:00,258.0777893066406,258.0899963378906,258.0,258.010009765625,38178
2025-10-03 19:10:00+00:00,258.1300048828125,258.19000244140625,258.0799865722656,258.0799865722656,52341
2025-10-03 19:11:00+00:00,258.2099914550781,258.2200012207031,258.1000061035156,258.1300048828125,35346
2025-10-03 19:12:00+00:00,258.1499938964844,258.2149963378906,258.1099853515625,258.2149963378906,85822
2025-10-03 19:13:00+00:00,258.06329345703125,258.1400146484375,258.04998779296875,258.1400146484375,28923
2025-10-03 19:14:00+00:00,258.0299987792969,258.0610046386719,258.010009765625,258.0599975585937,38639
2025-10-03 19:15:00+00:00,258.1099853515625,258.1200866699219,258.0,258.010009765625,50129
2025-10-03 19:16:00+00:00,258.07000732421875,258.16900634765625,258.07000732421875,258.1099853515625,34897
2025-10-03 19:17:00+00:00,257.9714050292969,258.07501220703125,257.95001220703125,258.0599975585937,32215
2025-10-03 19:18:00+00:00,258.010009765625,258.0299987792969,257.9200134277344,257.9750061035156,45156
2025-10-03 19:19:00+00:00,258.0639038085937,258.07000732421875,258.0,258.04998779296875,26558
2025-10-03 19:20:00+00:00,257.94000244140625,258.1000061035156,257.910888671875,258.07000732421875,45020
2025-10-03 19:21:00+00:00,257.92999267578125,257.9599914550781,257.8500061035156,257.95001220703125,35069
2025-10-03 19:22:00+00:00,257.9700012207031,258.0,257.9100036621094,257.9208984375,45896
2025-10-03 19:23:00+00:00,257.94000244140625,257.94000244140625,257.8699951171875,257.92999267578125,51756
2025-10-03 19:24:00+00:00,257.8800048828125,257.94000244140625,257.8634948730469,257.94000244140625,44674
2025-10-03 19:25:00+00:00,257.94189453125,257.9599914550781,257.864990234375,257.8800048828125,51350
2025-10-03 19:26:00+00:00,257.9649963378906,257.989990234375,257.8900146484375,257.94000244140625,41392
2025-10-03 19:27:00+00:00,257.885009765625,258.0,257.885009765625,257.9700012207031,65108
2025-10-03 19:28:00+00:00,257.8900146484375,257.94000244140625,257.8699951171875,257.8900146484375,44016
2025-10-03 19:29:00+00:00,257.9200134277344,257.94000244140625,257.8900146484375,257.89849853515625,40962
2025-10-03 19:30:00+00:00,257.9587097167969,257.9587097167969,257.8699951171875,257.9200134277344,70427
2025-10-03 19:31:00+00:00,257.9599914550781,258.0249938964844,257.9200134277344,257.9549865722656,94423
2025-10-03 19:32:00+00:00,257.96649169921875,258.010009765625,257.92999267578125,257.9599914550781,94392
2025-10-03 19:33:00+00:00,258.010009765625,258.03759765625,257.95001220703125,257.9599914550781,84392
2025-10-03 19:34:00+00:00,258.02508544921875,258.05010986328125,258.010009765625,258.0198059082031,57862
2025-10-03 19:35:00+00:00,257.9714050292969,258.0199890136719,257.95001220703125,258.0199890136719,64954
2025-10-03 19:36:00+00:00,257.92999267578125,257.9979858398437,257.8999938964844,257.9599914550781,63842
2025-10-03 19:37:00+00:00,257.9635009765625,258.010009765625,257.9200134277344,257.92498779296875,46710
2025-10-03 19:38:00+00:00,257.94000244140625,257.9750061035156,257.8900146484375,257.9700012207031,51385
2025-10-03 19:39:00+00:00,257.9150085449219,257.9599914550781,257.8500061035156,257.94000244140625,75864
2025-10-03 19:40:00+00:00,258.0199890136719,258.0299987792969,257.90771484375,257.9100036621094,72699
2025-10-03 19:41:00+00:00,258.2099914550781,258.2099914550781,258.0150146484375,258.0150146484375,134427
2025-10-03 19:42:00+00:00,258.17999267578125,258.260009765625,258.1400146484375,258.2099914550781,75509
2025-10-03 19:43:00+00:00,258.0599975585937,258.18719482421875,258.0400085449219,258.1708984375,66705
2025-10-03 19:44:00+00:00,257.989990234375,258.07000732421875,257.9700012207031,258.06500244140625,85568
2025-10-03 19:45:00+00:00,258.1000061035156,258.1199951171875,257.9849853515625,257.9849853515625,54972
2025-10-03 19:46:00+00:00,257.989990234375,258.20001220703125,257.9700012207031,258.1199951171875,109192
2025-10-03 19:47:00+00:00,257.9700012207031,258.0101013183594,257.8999938964844,258.0,95171
2025-10-03 19:48:00+00:00,258.05499267578125,258.07000732421875,257.9700012207031,257.9800109863281,79128
2025-10-03 19:49:00+00:00,257.9800109863281,258.0714111328125,257.9200134277344,258.06500244140625,96965
2025-10-03 19:50:00+00:00,257.7799987792969,257.95001220703125,257.7401123046875,257.95001220703125,174752
2025-10-03 19:51:00+00:00,257.6791076660156,257.82501220703125,257.6300048828125,257.7799987792969,97766
2025-10-03 19:52:00+00:00,257.70001220703125,257.8099975585937,257.65740966796875,257.6600036621094,127471
2025-10-03 19:53:00+00:00,257.6849975585937,257.760009765625,257.6449890136719,257.70001220703125,112985
2025-10-03 19:54:00+00:00,257.6825866699219,257.7149963378906,257.40350341796875,257.69000244140625,344473
2025-10-03 19:55:00+00:00,257.69000244140625,257.9599914550781,257.6400146484375,257.70001220703125,618300
2025-10-03 19:56:00+00:00,257.7200012207031,257.739990234375,257.6000061035156,257.69500732421875,155320
2025-10-03 19:57:00+00:00,257.90350341796875,257.9150085449219,257.6600036621094,257.7113037109375,231576
2025-10-03 19:58:00+00:00,257.8550109863281,257.9700012207031,257.8500061035156,257.8999938964844,346931
2025-10-03 19:59:00+00:00,258.0150146484375,258.07000732421875,257.79998779296875,257.8599853515625,683893
