Date,Close,High,Low,Open,Volume
2025-07-11 13:30:00+00:00,155.875,157.0850067138672,155.85000610351562,157.0850067138672,319837
2025-07-11 13:35:00+00:00,156.16000366210938,156.23500061035156,155.71499633789062,155.86500549316406,99958
2025-07-11 13:40:00+00:00,156.27000427246094,156.30999755859375,156.10000610351562,156.14999389648438,88761
2025-07-11 13:45:00+00:00,156.21339416503906,156.32000732421875,156.0449981689453,156.3000030517578,55546
2025-07-11 13:50:00+00:00,156.17750549316406,156.2899932861328,156.02000427246094,156.23500061035156,79310
2025-07-11 13:55:00+00:00,156.3800048828125,156.49000549316406,156.15499877929688,156.19000244140625,85755
2025-07-11 14:00:00+00:00,156.60000610351562,156.6699981689453,156.30999755859375,156.3699951171875,103851
2025-07-11 14:05:00+00:00,156.47500610351562,156.64500427246094,156.4199981689453,156.60499572753906,107406
2025-07-11 14:10:00+00:00,156.00999450683594,156.4698944091797,156.00999450683594,156.3905029296875,58025
2025-07-11 14:15:00+00:00,155.91000366210938,156.0500030517578,155.8000030517578,156.0229949951172,80706
2025-07-11 14:20:00+00:00,155.91000366210938,156.0749969482422,155.8699951171875,155.90499877929688,58496
2025-07-11 14:25:00+00:00,155.8000030517578,155.99000549316406,155.8000030517578,155.89999389648438,57034
2025-07-11 14:30:00+00:00,155.77000427246094,155.91000366210938,155.69000244140625,155.8300018310547,82091
2025-07-11 14:35:00+00:00,155.67999267578125,155.82000732421875,155.55999755859375,155.77000427246094,70086
2025-07-11 14:40:00+00:00,155.57000732421875,155.7100067138672,155.5399932861328,155.67999267578125,63780
2025-07-11 14:45:00+00:00,155.47999572753906,155.60000610351562,155.41000366210938,155.5800018310547,71241
2025-07-11 14:50:00+00:00,155.42999267578125,155.50999450683594,155.41000366210938,155.47000122070312,62872
2025-07-11 14:55:00+00:00,155.50999450683594,155.57000732421875,155.39999389648438,155.44000244140625,91693
2025-07-11 15:00:00+00:00,155.40499877929688,155.50999450683594,155.22000122070312,155.5,96983
2025-07-11 15:05:00+00:00,155.2100067138672,155.44000244140625,155.17999267578125,155.4199981689453,63569
2025-07-11 15:10:00+00:00,155.47999572753906,155.52000427246094,155.22999572753906,155.22999572753906,40490
2025-07-11 15:15:00+00:00,155.4199981689453,155.4499969482422,155.33999633789062,155.4499969482422,43197
2025-07-11 15:20:00+00:00,155.39999389648438,155.49000549316406,155.38499450683594,155.4199981689453,48127
2025-07-11 15:25:00+00:00,155.64999389648438,155.64999389648438,155.35000610351562,155.41000366210938,110711
2025-07-11 15:30:00+00:00,155.88499450683594,155.91000366210938,155.61000061035156,155.64999389648438,153928
2025-07-11 15:35:00+00:00,156.08999633789062,156.1300048828125,155.88499450683594,155.88499450683594,166432
2025-07-11 15:40:00+00:00,156.16000366210938,156.22000122070312,156.08999633789062,156.11500549316406,172176
2025-07-11 15:45:00+00:00,156.19000244140625,156.27999877929688,156.13999938964844,156.1699981689453,84356
2025-07-11 15:50:00+00:00,156.33999633789062,156.35000610351562,156.1300048828125,156.19400024414062,81166
2025-07-11 15:55:00+00:00,156.34500122070312,156.3699951171875,156.27000427246094,156.33999633789062,41309
2025-07-11 16:00:00+00:00,156.1699981689453,156.38999938964844,156.13999938964844,156.36000061035156,51227
2025-07-11 16:05:00+00:00,156.06500244140625,156.1699981689453,156.02000427246094,156.1699981689453,38142
2025-07-11 16:10:00+00:00,156.14500427246094,156.16000366210938,156.02999877929688,156.0500030517578,45097
2025-07-11 16:15:00+00:00,156.22000122070312,156.22000122070312,156.1199951171875,156.14450073242188,49207
2025-07-11 16:20:00+00:00,156.11500549316406,156.2449951171875,156.11000061035156,156.22000122070312,50671
2025-07-11 16:25:00+00:00,156.32000732421875,156.32000732421875,156.0800018310547,156.11500549316406,43480
2025-07-11 16:30:00+00:00,156.40499877929688,156.40499877929688,156.25999450683594,156.32000732421875,54490
2025-07-11 16:35:00+00:00,156.60000610351562,156.61000061035156,156.38999938964844,156.4199981689453,65813
2025-07-11 16:40:00+00:00,156.5800018310547,156.6750030517578,156.55499267578125,156.59500122070312,45269
2025-07-11 16:45:00+00:00,156.66000366210938,156.69000244140625,156.5800018310547,156.58999633789062,40972
2025-07-11 16:50:00+00:00,156.75999450683594,156.77000427246094,156.6199951171875,156.6699981689453,39723
2025-07-11 16:55:00+00:00,156.68499755859375,156.82000732421875,156.6699981689453,156.77000427246094,64296
2025-07-11 17:00:00+00:00,156.80999755859375,156.82000732421875,156.66000366210938,156.68499755859375,44229
2025-07-11 17:05:00+00:00,156.8300018310547,156.8699951171875,156.77000427246094,156.77999877929688,40320
2025-07-11 17:10:00+00:00,156.9499969482422,156.9600067138672,156.80999755859375,156.83999633789062,38090
2025-07-11 17:15:00+00:00,156.8800048828125,156.97999572753906,156.83999633789062,156.9499969482422,49538
2025-07-11 17:20:00+00:00,156.86000061035156,156.9199981689453,156.80999755859375,156.88999938964844,31601
2025-07-11 17:25:00+00:00,156.80999755859375,156.83999633789062,156.75,156.83999633789062,43778
2025-07-11 17:30:00+00:00,156.8000030517578,156.8300018310547,156.8000030517578,156.80999755859375,31387
2025-07-11 17:35:00+00:00,156.9149932861328,157.02999877929688,156.8000030517578,156.80999755859375,47054
2025-07-11 17:40:00+00:00,156.89999389648438,156.94610595703125,156.8300018310547,156.9199981689453,30691
2025-07-11 17:45:00+00:00,156.7899932861328,156.90199279785156,156.77999877929688,156.88999938964844,27314
2025-07-11 17:50:00+00:00,156.77000427246094,156.80999755859375,156.72000122070312,156.7899932861328,27961
2025-07-11 17:55:00+00:00,156.75999450683594,156.818603515625,156.74000549316406,156.77000427246094,27287
2025-07-11 18:00:00+00:00,156.69000244140625,156.77999877929688,156.67999267578125,156.77000427246094,36959
2025-07-11 18:05:00+00:00,156.63499450683594,156.72999572753906,156.57839965820312,156.7100067138672,32148
2025-07-11 18:10:00+00:00,156.69000244140625,156.72000122070312,156.6300048828125,156.63999938964844,31326
2025-07-11 18:15:00+00:00,156.88999938964844,156.88999938964844,156.67999267578125,156.6999969482422,28570
2025-07-11 18:20:00+00:00,156.88999938964844,156.88999938964844,156.82000732421875,156.8800048828125,40615
2025-07-11 18:25:00+00:00,156.923095703125,157.0050048828125,156.8800048828125,156.8800048828125,83984
2025-07-11 18:30:00+00:00,156.86000061035156,156.92999267578125,156.802001953125,156.9149932861328,52371
2025-07-11 18:35:00+00:00,156.85000610351562,156.89999389648438,156.82749938964844,156.86500549316406,40887
2025-07-11 18:40:00+00:00,156.95399475097656,156.97000122070312,156.86000061035156,156.86000061035156,31685
2025-07-11 18:45:00+00:00,156.9550018310547,157.00999450683594,156.92999267578125,156.9600067138672,39058
2025-07-11 18:50:00+00:00,156.92999267578125,156.97500610351562,156.89999389648438,156.97000122070312,33697
2025-07-11 18:55:00+00:00,156.8677978515625,156.92999267578125,156.77999877929688,156.92999267578125,53088
2025-07-11 19:00:00+00:00,156.85000610351562,156.92999267578125,156.7899932861328,156.8699951171875,56321
2025-07-11 19:05:00+00:00,157.00390625,157.02000427246094,156.80999755859375,156.83999633789062,110307
2025-07-11 19:10:00+00:00,156.92999267578125,157.01499938964844,156.8800048828125,157.00999450683594,39598
2025-07-11 19:15:00+00:00,156.96499633789062,156.99000549316406,156.92930603027344,156.92999267578125,32118
2025-07-11 19:20:00+00:00,157.02999877929688,157.05999755859375,156.9499969482422,156.9600067138672,50147
2025-07-11 19:25:00+00:00,157.10000610351562,157.10000610351562,157.0,157.0399932861328,36772
2025-07-11 19:30:00+00:00,157.125,157.17999267578125,157.0399932861328,157.10000610351562,69186
2025-07-11 19:35:00+00:00,156.92999267578125,157.14999389648438,156.92999267578125,157.1199951171875,50529
2025-07-11 19:40:00+00:00,156.83999633789062,156.92999267578125,156.8000030517578,156.92999267578125,52623
2025-07-11 19:45:00+00:00,156.88999938964844,156.89999389648438,156.8000030517578,156.83999633789062,78973
2025-07-11 19:50:00+00:00,156.75999450683594,156.92999267578125,156.72999572753906,156.8699951171875,136014
2025-07-11 19:55:00+00:00,156.85499572753906,156.94000244140625,156.67999267578125,156.77000427246094,649157
2025-07-14 13:30:00+00:00,156.72500610351562,157.10000610351562,156.3300018310547,156.75,306161
2025-07-14 13:35:00+00:00,156.88499450683594,156.9499969482422,156.5399932861328,156.64999389648438,89149
2025-07-14 13:40:00+00:00,157.2100067138672,157.24000549316406,156.74000549316406,156.86000061035156,95628
2025-07-14 13:45:00+00:00,157.2899932861328,157.47000122070312,157.22000122070312,157.22000122070312,146341
2025-07-14 13:50:00+00:00,157.4199981689453,157.44000244140625,157.2449951171875,157.2899932861328,98901
2025-07-14 13:55:00+00:00,157.1699981689453,157.41000366210938,157.10000610351562,157.3800048828125,135431
2025-07-14 14:00:00+00:00,156.88499450683594,157.1699981689453,156.82000732421875,157.1699981689453,123091
2025-07-14 14:05:00+00:00,156.99000549316406,157.13499450683594,156.84500122070312,156.875,173764
2025-07-14 14:10:00+00:00,156.67999267578125,157.0050048828125,156.65499877929688,156.97999572753906,72055
2025-07-14 14:15:00+00:00,156.61000061035156,156.6999969482422,156.5399932861328,156.67999267578125,167143
2025-07-14 14:20:00+00:00,156.75900268554688,156.88499450683594,156.5800018310547,156.58999633789062,95492
2025-07-14 14:25:00+00:00,156.52999877929688,156.77999877929688,156.39999389648438,156.77000427246094,220195
2025-07-14 14:30:00+00:00,156.6300048828125,156.75999450683594,156.47999572753906,156.5,248427
2025-07-14 14:35:00+00:00,156.64999389648438,156.8699951171875,156.61000061035156,156.63499450683594,137887
2025-07-14 14:40:00+00:00,156.30999755859375,156.6750030517578,156.27999877929688,156.64999389648438,100462
2025-07-14 14:45:00+00:00,156.05999755859375,156.30999755859375,156.00999450683594,156.28500366210938,80490
2025-07-14 14:50:00+00:00,155.956298828125,156.21499633789062,155.85000610351562,156.05999755859375,150150
2025-07-14 14:55:00+00:00,156.10000610351562,156.22000122070312,155.9600067138672,155.9600067138672,147903
2025-07-14 15:00:00+00:00,155.70989990234375,156.13999938964844,155.70989990234375,156.08999633789062,104141
2025-07-14 15:05:00+00:00,155.9199981689453,155.9199981689453,155.67999267578125,155.6999969482422,194169
2025-07-14 15:10:00+00:00,155.8699951171875,156.09500122070312,155.8699951171875,155.92999267578125,59337
2025-07-14 15:15:00+00:00,155.64999389648438,155.86500549316406,155.52000427246094,155.8520050048828,120671
2025-07-14 15:20:00+00:00,155.9499969482422,155.9600067138672,155.6300048828125,155.65499877929688,159314
2025-07-14 15:25:00+00:00,155.99000549316406,156.01499938964844,155.8699951171875,155.9499969482422,113540
2025-07-14 15:30:00+00:00,156.21449279785156,156.30999755859375,155.99000549316406,156.00999450683594,281471
2025-07-14 15:35:00+00:00,156.55999755859375,156.55999755859375,156.375,156.42999267578125,149313
2025-07-14 15:40:00+00:00,156.4199981689453,156.80499267578125,156.40040588378906,156.55039978027344,144048
2025-07-14 15:45:00+00:00,156.25999450683594,156.4199981689453,156.1999969482422,156.4199981689453,96376
2025-07-14 15:50:00+00:00,156.09500122070312,156.22000122070312,156.02999877929688,156.22000122070312,119167
2025-07-14 15:55:00+00:00,155.96499633789062,156.08999633789062,155.89500427246094,156.0800018310547,75495
2025-07-14 16:00:00+00:00,156.0800018310547,156.10000610351562,155.86000061035156,155.97000122070312,132134
2025-07-14 16:05:00+00:00,155.9199981689453,156.0800018310547,155.89999389648438,156.06500244140625,123150
2025-07-14 16:10:00+00:00,155.89999389648438,155.94000244140625,155.75,155.92999267578125,124724
2025-07-14 16:15:00+00:00,155.8000030517578,155.91000366210938,155.75999450683594,155.91000366210938,75810
2025-07-14 16:20:00+00:00,156.0,156.0,155.7449951171875,155.80499267578125,53112
2025-07-14 16:25:00+00:00,155.8300018310547,156.02499389648438,155.8300018310547,155.99000549316406,153721
2025-07-14 16:30:00+00:00,155.89999389648438,155.90499877929688,155.7899932861328,155.83999633789062,46520
2025-07-14 16:35:00+00:00,156.0200958251953,156.13999938964844,155.88999938964844,155.88999938964844,46740
2025-07-14 16:40:00+00:00,156.10000610351562,156.13999938964844,156.0500030517578,156.0500030517578,39982
2025-07-14 16:45:00+00:00,156.17999267578125,156.1999969482422,156.0,156.09500122070312,112397
2025-07-14 16:50:00+00:00,156.1699981689453,156.2449951171875,156.05999755859375,156.1699981689453,212462
2025-07-14 16:55:00+00:00,156.25,156.27000427246094,156.14999389648438,156.17999267578125,56754
2025-07-14 17:00:00+00:00,156.5,156.52000427246094,156.24000549316406,156.2550048828125,86096
2025-07-14 17:05:00+00:00,156.4600067138672,156.52999877929688,156.35000610351562,156.5,141712
2025-07-14 17:10:00+00:00,156.489501953125,156.52000427246094,156.360107421875,156.47999572753906,77450
2025-07-14 17:15:00+00:00,156.5449981689453,156.5500030517578,156.32000732421875,156.49000549316406,56151
2025-07-14 17:20:00+00:00,156.58999633789062,156.6699981689453,156.52000427246094,156.5399932861328,41223
2025-07-14 17:25:00+00:00,156.64999389648438,156.64999389648438,156.5200958251953,156.5749969482422,33158
2025-07-14 17:30:00+00:00,156.39999389648438,156.66000366210938,156.3800048828125,156.66000366210938,66306
2025-07-14 17:35:00+00:00,156.36500549316406,156.47000122070312,156.32000732421875,156.3800048828125,105093
2025-07-14 17:40:00+00:00,156.38999938964844,156.44000244140625,156.25,156.36529541015625,75806
2025-07-14 17:45:00+00:00,156.56500244140625,156.60000610351562,156.35000610351562,156.375,153472
2025-07-14 17:50:00+00:00,156.57000732421875,156.65969848632812,156.5399932861328,156.5800018310547,45553
2025-07-14 17:55:00+00:00,156.42999267578125,156.61000061035156,156.38999938964844,156.60000610351562,58107
2025-07-14 18:00:00+00:00,156.39500427246094,156.50999450683594,156.38499450683594,156.4199981689453,38577
2025-07-14 18:05:00+00:00,156.4600067138672,156.46499633789062,156.3800048828125,156.39999389648438,37321
2025-07-14 18:10:00+00:00,156.3800048828125,156.4600067138672,156.3800048828125,156.4499969482422,37117
2025-07-14 18:15:00+00:00,156.44000244140625,156.44000244140625,156.33999633789062,156.38999938964844,33711
2025-07-14 18:20:00+00:00,156.39999389648438,156.47000122070312,156.3800048828125,156.44000244140625,53298
2025-07-14 18:25:00+00:00,156.41000366210938,156.4149932861328,156.31500244140625,156.41000366210938,92607
2025-07-14 18:30:00+00:00,156.63499450683594,156.63999938964844,156.39500427246094,156.41000366210938,99486
2025-07-14 18:35:00+00:00,156.58999633789062,156.6750030517578,156.5800018310547,156.63999938964844,62476
2025-07-14 18:40:00+00:00,156.5500030517578,156.5800018310547,156.47999572753906,156.57000732421875,40565
2025-07-14 18:45:00+00:00,156.4550018310547,156.60000610351562,156.44500732421875,156.5500030517578,40855
2025-07-14 18:50:00+00:00,156.38999938964844,156.50999450683594,156.38499450683594,156.4600067138672,43280
2025-07-14 18:55:00+00:00,156.4199981689453,156.43499755859375,156.28500366210938,156.39500427246094,58755
2025-07-14 19:00:00+00:00,156.33999633789062,156.53500366210938,156.3350067138672,156.42999267578125,145010
2025-07-14 19:05:00+00:00,156.3800048828125,156.3800048828125,156.25999450683594,156.35000610351562,84829
2025-07-14 19:10:00+00:00,156.44000244140625,156.5,156.38870239257812,156.38999938964844,53406
2025-07-14 19:15:00+00:00,156.36500549316406,156.5,156.32000732421875,156.44000244140625,133102
2025-07-14 19:20:00+00:00,156.47000122070312,156.47000122070312,156.25,156.36500549316406,155647
2025-07-14 19:25:00+00:00,156.52999877929688,156.5800018310547,156.41000366210938,156.48899841308594,108858
2025-07-14 19:30:00+00:00,156.71499633789062,156.8000030517578,156.52000427246094,156.5399932861328,156620
2025-07-14 19:35:00+00:00,156.75999450683594,156.8300018310547,156.6199951171875,156.7100067138672,92501
2025-07-14 19:40:00+00:00,156.61000061035156,156.80999755859375,156.6063995361328,156.75999450683594,136687
2025-07-14 19:45:00+00:00,156.86000061035156,156.94000244140625,156.61000061035156,156.6199951171875,123767
2025-07-14 19:50:00+00:00,156.6649932861328,156.86000061035156,156.55999755859375,156.86000061035156,141483
2025-07-14 19:55:00+00:00,156.8300018310547,156.94000244140625,156.6300048828125,156.6699981689453,400899
2025-07-15 13:30:00+00:00,156.85000610351562,157.19000244140625,156.3300018310547,156.36000061035156,305104
2025-07-15 13:35:00+00:00,156.80499267578125,157.16000366210938,156.69500732421875,156.9199981689453,95565
2025-07-15 13:40:00+00:00,156.5500030517578,156.8300018310547,156.5,156.80499267578125,92449
2025-07-15 13:45:00+00:00,156.55499267578125,156.77999877929688,156.4199981689453,156.5399932861328,63053
2025-07-15 13:50:00+00:00,156.77999877929688,156.7899932861328,156.44000244140625,156.5399932861328,57382
2025-07-15 13:55:00+00:00,156.60890197753906,156.7899932861328,156.47999572753906,156.77000427246094,62938
2025-07-15 14:00:00+00:00,156.72250366210938,156.83999633789062,156.50999450683594,156.61000061035156,80120
2025-07-15 14:05:00+00:00,156.47999572753906,156.72000122070312,156.38499450683594,156.69000244140625,91768
2025-07-15 14:10:00+00:00,156.5,156.5399932861328,156.3350067138672,156.47000122070312,86876
2025-07-15 14:15:00+00:00,156.17999267578125,156.55979919433594,156.12229919433594,156.4949951171875,84421
2025-07-15 14:20:00+00:00,155.80999755859375,156.0,155.75,155.9949951171875,94027
2025-07-15 14:25:00+00:00,155.47999572753906,155.85000610351562,155.3800048828125,155.83999633789062,102954
2025-07-15 14:30:00+00:00,155.3524932861328,155.5500030517578,155.27999877929688,155.47999572753906,83646
2025-07-15 14:35:00+00:00,155.11000061035156,155.3800048828125,154.97000122070312,155.35499572753906,76159
2025-07-15 14:40:00+00:00,155.52000427246094,155.52000427246094,155.11000061035156,155.1300048828125,45952
2025-07-15 14:45:00+00:00,155.39500427246094,155.5749969482422,155.3699951171875,155.49000549316406,56235
2025-07-15 14:50:00+00:00,155.0850067138672,155.4199981689453,155.0500030517578,155.4156951904297,51828
2025-07-15 14:55:00+00:00,155.41929626464844,155.4199981689453,155.0500030517578,155.07000732421875,40234
2025-07-15 15:00:00+00:00,155.27000427246094,155.4499053955078,155.1999969482422,155.42999267578125,50700
2025-07-15 15:05:00+00:00,155.3699951171875,155.5500030517578,155.3000030517578,155.30999755859375,63918
2025-07-15 15:10:00+00:00,155.0399932861328,155.40499877929688,155.0399932861328,155.3699951171875,52327
2025-07-15 15:15:00+00:00,154.9949951171875,155.11000061035156,154.98500061035156,155.0601043701172,52145
2025-07-15 15:20:00+00:00,155.2899932861328,155.2899932861328,155.02000427246094,155.02000427246094,43800
2025-07-15 15:25:00+00:00,155.16000366210938,155.3000030517578,155.16000366210938,155.2899932861328,44745
2025-07-15 15:30:00+00:00,154.83270263671875,155.19500732421875,154.8000030517578,155.17999267578125,54175
2025-07-15 15:35:00+00:00,154.85499572753906,155.0,154.82000732421875,154.8300018310547,42047
2025-07-15 15:40:00+00:00,154.99000549316406,155.08999633789062,154.86000061035156,154.86000061035156,78710
2025-07-15 15:45:00+00:00,155.21499633789062,155.27000427246094,154.99000549316406,155.0050048828125,53724
2025-07-15 15:50:00+00:00,155.2100067138672,155.30999755859375,155.17999267578125,155.2100067138672,34421
2025-07-15 15:55:00+00:00,155.2310028076172,155.3000030517578,155.11000061035156,155.22500610351562,62286
2025-07-15 16:00:00+00:00,155.3699951171875,155.3699951171875,155.19000244140625,155.22000122070312,40297
2025-07-15 16:05:00+00:00,155.1999969482422,155.38999938964844,155.19000244140625,155.35000610351562,47677
2025-07-15 16:10:00+00:00,155.25999450683594,155.28750610351562,155.16000366210938,155.17999267578125,40466
2025-07-15 16:15:00+00:00,155.23500061035156,155.40640258789062,155.1999969482422,155.2550048828125,31806
2025-07-15 16:20:00+00:00,155.2613067626953,155.33999633789062,155.1790008544922,155.23500061035156,40215
2025-07-15 16:25:00+00:00,155.14999389648438,155.2899932861328,155.08999633789062,155.25100708007812,36603
2025-07-15 16:30:00+00:00,155.17999267578125,155.1999969482422,155.09500122070312,155.16000366210938,38412
2025-07-15 16:35:00+00:00,155.0,155.2050018310547,154.97500610351562,155.17999267578125,28876
2025-07-15 16:40:00+00:00,155.11390686035156,155.11390686035156,154.9199981689453,154.97999572753906,32999
2025-07-15 16:45:00+00:00,155.2050018310547,155.22999572753906,155.10000610351562,155.1199951171875,35070
2025-07-15 16:50:00+00:00,155.27000427246094,155.3249969482422,155.16000366210938,155.21499633789062,31961
2025-07-15 16:55:00+00:00,155.16000366210938,155.27999877929688,155.14999389648438,155.27999877929688,43035
2025-07-15 17:00:00+00:00,155.07000732421875,155.22000122070312,155.0301055908203,155.16000366210938,36323
2025-07-15 17:05:00+00:00,155.2050018310547,155.24000549316406,155.02000427246094,155.05999755859375,22223
2025-07-15 17:10:00+00:00,155.3800048828125,155.42999267578125,155.19000244140625,155.19000244140625,35618
2025-07-15 17:15:00+00:00,155.35499572753906,155.38999938964844,155.3000030517578,155.38999938964844,42319
2025-07-15 17:20:00+00:00,155.38999938964844,155.43499755859375,155.33599853515625,155.35499572753906,30964
2025-07-15 17:25:00+00:00,155.52000427246094,155.52000427246094,155.36000061035156,155.38999938964844,35078
2025-07-15 17:30:00+00:00,155.5050048828125,155.5749969482422,155.49000549316406,155.51499938964844,36646
2025-07-15 17:35:00+00:00,155.59500122070312,155.63999938964844,155.47999572753906,155.5050048828125,38070
2025-07-15 17:40:00+00:00,155.5800018310547,155.6649932861328,155.52999877929688,155.5850067138672,49709
2025-07-15 17:45:00+00:00,155.58999633789062,155.67999267578125,155.5800018310547,155.58999633789062,46469
2025-07-15 17:50:00+00:00,155.47999572753906,155.6199951171875,155.4499969482422,155.5800018310547,67770
2025-07-15 17:55:00+00:00,155.40499877929688,155.49000549316406,155.3800048828125,155.49000549316406,48158
2025-07-15 18:00:00+00:00,155.31500244140625,155.3800048828125,155.30999755859375,155.3800048828125,42887
2025-07-15 18:05:00+00:00,155.40499877929688,155.41000366210938,155.22500610351562,155.30499267578125,50301
2025-07-15 18:10:00+00:00,155.41000366210938,155.5449981689453,155.3699951171875,155.41000366210938,47776
2025-07-15 18:15:00+00:00,155.2899932861328,155.4550018310547,155.24000549316406,155.4199981689453,54405
2025-07-15 18:20:00+00:00,155.27999877929688,155.2899932861328,155.1999969482422,155.27999877929688,40787
2025-07-15 18:25:00+00:00,155.0399932861328,155.27000427246094,155.02999877929688,155.27000427246094,61467
2025-07-15 18:30:00+00:00,155.38499450683594,155.38499450683594,155.05999755859375,155.05999755859375,46666
2025-07-15 18:35:00+00:00,155.32000732421875,155.41000366210938,155.27999877929688,155.3800048828125,63003
2025-07-15 18:40:00+00:00,155.42970275878906,155.49000549316406,155.32000732421875,155.3300018310547,48888
2025-07-15 18:45:00+00:00,155.4199981689453,155.4250030517578,155.2899932861328,155.4149932861328,42053
2025-07-15 18:50:00+00:00,155.30999755859375,155.4199981689453,155.27999877929688,155.4199981689453,37267
2025-07-15 18:55:00+00:00,155.3800048828125,155.39999389648438,155.27000427246094,155.32000732421875,47457
2025-07-15 19:00:00+00:00,155.44000244140625,155.4499969482422,155.25999450683594,155.3800048828125,79845
2025-07-15 19:05:00+00:00,155.32449340820312,155.44000244140625,155.28500366210938,155.44000244140625,51691
2025-07-15 19:10:00+00:00,155.3800048828125,155.39999389648438,155.25999450683594,155.30999755859375,42562
2025-07-15 19:15:00+00:00,155.39999389648438,155.44000244140625,155.3000030517578,155.38999938964844,53648
2025-07-15 19:20:00+00:00,155.44000244140625,155.54249572753906,155.38999938964844,155.39500427246094,85275
2025-07-15 19:25:00+00:00,155.52499389648438,155.52499389648438,155.35000610351562,155.44000244140625,80227
2025-07-15 19:30:00+00:00,155.30499267578125,155.52000427246094,155.2899932861328,155.50999450683594,131447
2025-07-15 19:35:00+00:00,155.36000061035156,155.39999389648438,155.19000244140625,155.30999755859375,94206
2025-07-15 19:40:00+00:00,155.27999877929688,155.3699951171875,155.23500061035156,155.35000610351562,81489
2025-07-15 19:45:00+00:00,155.56500244140625,155.5800018310547,155.25999450683594,155.27999877929688,164732
2025-07-15 19:50:00+00:00,155.42999267578125,155.656494140625,155.32000732421875,155.55999755859375,290417
2025-07-15 19:55:00+00:00,155.17999267578125,155.5,155.10000610351562,155.4199981689453,554020
2025-07-16 13:30:00+00:00,164.22000122070312,164.6999969482422,159.8000030517578,160.3000030517578,1838700
2025-07-16 13:35:00+00:00,162.07000732421875,164.38999938964844,161.27000427246094,164.19000244140625,937004
2025-07-16 13:40:00+00:00,161.62010192871094,162.2100067138672,161.41000366210938,162.07000732421875,359810
2025-07-16 13:45:00+00:00,161.91000366210938,161.9600067138672,161.00010681152344,161.6999969482422,320212
2025-07-16 13:50:00+00:00,162.3000030517578,162.61000061035156,161.92999267578125,161.97999572753906,300522
2025-07-16 13:55:00+00:00,161.91000366210938,162.47999572753906,161.80999755859375,162.33999633789062,267796
2025-07-16 14:00:00+00:00,162.16990661621094,162.2899932861328,161.66000366210938,162.0,255857
2025-07-16 14:05:00+00:00,162.21499633789062,162.41000366210938,161.9499969482422,162.14930725097656,355215
2025-07-16 14:10:00+00:00,162.53500366210938,162.64999389648438,161.7801055908203,162.24000549316406,364070
2025-07-16 14:15:00+00:00,162.69000244140625,163.0399932861328,162.49000549316406,162.5500030517578,336552
2025-07-16 14:20:00+00:00,162.4600067138672,162.72999572753906,162.32000732421875,162.67999267578125,465590
2025-07-16 14:25:00+00:00,163.40499877929688,163.4199981689453,162.44000244140625,162.47000122070312,309535
2025-07-16 14:30:00+00:00,163.88999938964844,164.1300048828125,163.35000610351562,163.39999389648438,575487
2025-07-16 14:35:00+00:00,163.8300018310547,164.10000610351562,163.65499877929688,163.89999389648438,342352
2025-07-16 14:40:00+00:00,163.6699981689453,164.0050048828125,163.375,163.8699951171875,291839
2025-07-16 14:45:00+00:00,163.63499450683594,163.8300018310547,163.39999389648438,163.6699981689453,211859
2025-07-16 14:50:00+00:00,163.84500122070312,164.0863037109375,163.61000061035156,163.6199951171875,190126
2025-07-16 14:55:00+00:00,164.39500427246094,164.43170166015625,163.80999755859375,163.85000610351562,328494
2025-07-16 15:00:00+00:00,164.75,164.8300018310547,164.14999389648438,164.3800048828125,229099
2025-07-16 15:05:00+00:00,164.4600067138672,164.75,164.19000244140625,164.74749755859375,250595
2025-07-16 15:10:00+00:00,164.66000366210938,164.8249969482422,164.43499755859375,164.4550018310547,234686
2025-07-16 15:15:00+00:00,164.25,164.74000549316406,164.14999389648438,164.67999267578125,270686
2025-07-16 15:20:00+00:00,164.21249389648438,164.46470642089844,164.11599731445312,164.25,225649
2025-07-16 15:25:00+00:00,164.67999267578125,164.75,164.0500030517578,164.21499633789062,163624
2025-07-16 15:30:00+00:00,164.9691925048828,164.99000549316406,164.52000427246094,164.6999969482422,479851
2025-07-16 15:35:00+00:00,164.97500610351562,165.0800018310547,164.74000549316406,164.99000549316406,511564
2025-07-16 15:40:00+00:00,165.74000549316406,165.86000061035156,165.0500030517578,165.05999755859375,308586
2025-07-16 15:45:00+00:00,165.2154998779297,165.74000549316406,165.15289306640625,165.74000549316406,211144
2025-07-16 15:50:00+00:00,165.47999572753906,165.5800018310547,165.13999938964844,165.21499633789062,190096
2025-07-16 15:55:00+00:00,166.07000732421875,166.1199951171875,165.38999938964844,165.47999572753906,689469
2025-07-16 16:00:00+00:00,165.66000366210938,166.11000061035156,165.51499938964844,166.07000732421875,391185
2025-07-16 16:05:00+00:00,165.92999267578125,166.02000427246094,165.63999938964844,165.67999267578125,148092
2025-07-16 16:10:00+00:00,165.52000427246094,165.9499969482422,165.52000427246094,165.93499755859375,139652
2025-07-16 16:15:00+00:00,164.9199981689453,165.6197052001953,164.85000610351562,165.5399932861328,154414
2025-07-16 16:20:00+00:00,164.64999389648438,164.97999572753906,164.61000061035156,164.9199981689453,132219
2025-07-16 16:25:00+00:00,164.7899932861328,164.80999755859375,164.52999877929688,164.6699981689453,141182
2025-07-16 16:30:00+00:00,165.2445068359375,165.3000030517578,164.72000122070312,164.7949981689453,199120
2025-07-16 16:35:00+00:00,165.47999572753906,165.5500030517578,165.2449951171875,165.25,126842
2025-07-16 16:40:00+00:00,165.17999267578125,165.5500030517578,165.07000732421875,165.47999572753906,151611
2025-07-16 16:45:00+00:00,165.22999572753906,165.27999877929688,164.94000244140625,165.1699981689453,154239
2025-07-16 16:50:00+00:00,165.02000427246094,165.25,164.97000122070312,165.22999572753906,124103
2025-07-16 16:55:00+00:00,164.8800048828125,165.22000122070312,164.86000061035156,165.02999877929688,104700
2025-07-16 17:00:00+00:00,164.83999633789062,165.0800018310547,164.72999572753906,164.875,132034
2025-07-16 17:05:00+00:00,164.6199951171875,164.98629760742188,164.5500030517578,164.86500549316406,122578
2025-07-16 17:10:00+00:00,164.8000030517578,164.89999389648438,164.61000061035156,164.63999938964844,99060
2025-07-16 17:15:00+00:00,164.7050018310547,164.86599731445312,164.60000610351562,164.8300018310547,64717
2025-07-16 17:20:00+00:00,164.55999755859375,164.72999572753906,164.4149932861328,164.7100067138672,178817
2025-07-16 17:25:00+00:00,164.36500549316406,164.61000061035156,164.36000061035156,164.57000732421875,111528
2025-07-16 17:30:00+00:00,164.5399932861328,164.66000366210938,164.30999755859375,164.36500549316406,128066
2025-07-16 17:35:00+00:00,164.7100067138672,164.7899932861328,164.5399932861328,164.5399932861328,77607
2025-07-16 17:40:00+00:00,164.8699951171875,164.9199981689453,164.6999969482422,164.7239990234375,110515
2025-07-16 17:45:00+00:00,164.61000061035156,164.9199981689453,164.59010314941406,164.85000610351562,74181
2025-07-16 17:50:00+00:00,164.48500061035156,164.67999267578125,164.47000122070312,164.59010314941406,71943
2025-07-16 17:55:00+00:00,164.58999633789062,164.6300048828125,164.39999389648438,164.48500061035156,85354
2025-07-16 18:00:00+00:00,164.80999755859375,164.8699951171875,164.47000122070312,164.5850067138672,168570
2025-07-16 18:05:00+00:00,164.7100067138672,164.94000244140625,164.66000366210938,164.80999755859375,105856
2025-07-16 18:10:00+00:00,164.47500610351562,164.71339416503906,164.4199981689453,164.6999969482422,81176
2025-07-16 18:15:00+00:00,164.24000549316406,164.58970642089844,164.02000427246094,164.47500610351562,105248
2025-07-16 18:20:00+00:00,164.11000061035156,164.22000122070312,163.94000244140625,164.22000122070312,163879
2025-07-16 18:25:00+00:00,163.86000061035156,164.14999389648438,163.86000061035156,164.10000610351562,103446
2025-07-16 18:30:00+00:00,163.8271942138672,163.9600067138672,163.67160034179688,163.88009643554688,193715
2025-07-16 18:35:00+00:00,164.1999969482422,164.25,163.8000030517578,163.8350067138672,159000
2025-07-16 18:40:00+00:00,164.24000549316406,164.41000366210938,164.1199951171875,164.2050018310547,122560
2025-07-16 18:45:00+00:00,164.47000122070312,164.47999572753906,164.2100067138672,164.24000549316406,92875
2025-07-16 18:50:00+00:00,164.66000366210938,164.84759521484375,164.44000244140625,164.44000244140625,143472
2025-07-16 18:55:00+00:00,164.41600036621094,164.82000732421875,164.3300018310547,164.80499267578125,237620
2025-07-16 19:00:00+00:00,164.52999877929688,164.6300048828125,164.35499572753906,164.38499450683594,93583
2025-07-16 19:05:00+00:00,164.27000427246094,164.66000366210938,164.1999969482422,164.52999877929688,99900
2025-07-16 19:10:00+00:00,164.17999267578125,164.33999633789062,164.1739044189453,164.27000427246094,119171
2025-07-16 19:15:00+00:00,164.3699951171875,164.5399932861328,164.0800018310547,164.18499755859375,354084
2025-07-16 19:20:00+00:00,164.66000366210938,164.66000366210938,164.3000030517578,164.36000061035156,142926
2025-07-16 19:25:00+00:00,164.59500122070312,164.7899932861328,164.5399932861328,164.6699981689453,124639
2025-07-16 19:30:00+00:00,164.47999572753906,164.69000244140625,164.4199981689453,164.59500122070312,170001
2025-07-16 19:35:00+00:00,164.6300048828125,164.6699981689453,164.4199981689453,164.47500610351562,174592
2025-07-16 19:40:00+00:00,164.610107421875,164.6999969482422,164.50999450683594,164.6300048828125,186180
2025-07-16 19:45:00+00:00,164.85000610351562,164.86000061035156,164.38999938964844,164.61000061035156,283966
2025-07-16 19:50:00+00:00,164.7097930908203,164.84500122070312,164.58999633789062,164.8300018310547,379019
2025-07-16 19:55:00+00:00,164.77000427246094,164.8300018310547,164.52499389648438,164.6999969482422,694842
2025-07-17 13:30:00+00:00,164.03500366210938,164.6999969482422,163.0019989013672,163.17999267578125,522048
2025-07-17 13:35:00+00:00,163.8249969482422,164.0800018310547,163.32000732421875,163.99000549316406,200576
2025-07-17 13:40:00+00:00,163.39999389648438,163.97000122070312,163.07000732421875,163.7949981689453,189595
2025-07-17 13:45:00+00:00,163.3300018310547,163.49000549316406,163.19000244140625,163.39999389648438,152594
2025-07-17 13:50:00+00:00,162.63999938964844,163.36000061035156,162.625,163.33999633789062,164510
2025-07-17 13:55:00+00:00,162.71499633789062,162.8300018310547,162.2969970703125,162.64999389648438,229579
2025-07-17 14:00:00+00:00,163.07000732421875,163.1300048828125,162.54010009765625,162.71499633789062,193508
2025-07-17 14:05:00+00:00,162.8249969482422,163.13999938964844,162.69000244140625,163.02999877929688,158544
2025-07-17 14:10:00+00:00,162.94500732421875,162.9600067138672,162.55999755859375,162.86000061035156,152379
2025-07-17 14:15:00+00:00,163.2949981689453,163.33999633789062,162.8699951171875,162.94000244140625,131121
2025-07-17 14:20:00+00:00,162.89999389648438,163.35000610351562,162.7050018310547,163.3000030517578,149361
2025-07-17 14:25:00+00:00,163.38499450683594,163.41000366210938,162.9199981689453,162.92999267578125,148525
2025-07-17 14:30:00+00:00,162.9499969482422,163.5,162.94009399414062,163.38690185546875,183691
2025-07-17 14:35:00+00:00,162.64999389648438,163.01499938964844,162.60040283203125,162.97999572753906,98937
2025-07-17 14:40:00+00:00,162.9499969482422,162.99249267578125,162.6699981689453,162.6699981689453,131930
2025-07-17 14:45:00+00:00,162.67999267578125,162.94500732421875,162.64999389648438,162.94000244140625,97678
2025-07-17 14:50:00+00:00,162.92999267578125,163.08999633789062,162.5,162.64999389648438,217494
2025-07-17 14:55:00+00:00,162.8800048828125,163.05999755859375,162.82699584960938,162.9499969482422,112758
2025-07-17 15:00:00+00:00,162.81500244140625,162.97000122070312,162.72000122070312,162.8699951171875,94429
2025-07-17 15:05:00+00:00,162.4199981689453,162.86000061035156,162.3800048828125,162.8300018310547,67875
2025-07-17 15:10:00+00:00,162.4199981689453,162.625,162.3800048828125,162.41000366210938,135753
2025-07-17 15:15:00+00:00,162.6999969482422,162.72999572753906,162.35000610351562,162.4149932861328,81358
2025-07-17 15:20:00+00:00,162.83999633789062,162.83999633789062,162.6199951171875,162.6999969482422,87699
2025-07-17 15:25:00+00:00,162.78500366210938,162.85000610351562,162.67750549316406,162.83999633789062,75130
2025-07-17 15:30:00+00:00,162.97000122070312,163.0,162.77999877929688,162.7947998046875,125993
2025-07-17 15:35:00+00:00,162.88999938964844,162.97000122070312,162.75,162.97000122070312,78786
2025-07-17 15:40:00+00:00,162.94000244140625,162.99899291992188,162.8249969482422,162.86500549316406,61805
2025-07-17 15:45:00+00:00,162.8350067138672,162.98939514160156,162.74000549316406,162.94500732421875,73828
2025-07-17 15:50:00+00:00,163.26466369628906,163.27000427246094,162.8350067138672,162.8350067138672,88908
2025-07-17 15:55:00+00:00,163.4499969482422,163.5,163.24000549316406,163.25,94253
2025-07-17 16:00:00+00:00,163.52000427246094,163.63999938964844,163.3800048828125,163.47000122070312,89190
2025-07-17 16:05:00+00:00,163.46499633789062,163.5399932861328,163.36500549316406,163.52259826660156,61123
2025-07-17 16:10:00+00:00,163.43499755859375,163.49000549316406,163.32000732421875,163.4600067138672,54599
2025-07-17 16:15:00+00:00,163.24000549316406,163.4550018310547,163.1300048828125,163.43499755859375,54460
2025-07-17 16:20:00+00:00,163.3300018310547,163.39999389648438,163.19500732421875,163.22999572753906,58889
2025-07-17 16:25:00+00:00,163.1999969482422,163.3300018310547,163.0800018310547,163.3300018310547,58705
2025-07-17 16:30:00+00:00,163.1999969482422,163.36000061035156,163.19000244140625,163.19000244140625,63436
2025-07-17 16:35:00+00:00,163.10000610351562,163.2899932861328,162.89999389648438,163.20469665527344,63360
2025-07-17 16:40:00+00:00,163.1199951171875,163.2100067138672,163.0,163.09500122070312,58043
2025-07-17 16:45:00+00:00,163.0399932861328,163.1300048828125,162.96499633789062,163.11000061035156,58417
2025-07-17 16:50:00+00:00,163.0800018310547,163.1699981689453,163.02000427246094,163.0500030517578,49078
2025-07-17 16:55:00+00:00,163.3000030517578,163.3345947265625,163.00999450683594,163.10000610351562,45872
2025-07-17 17:00:00+00:00,163.22000122070312,163.3699951171875,163.1999969482422,163.2899932861328,49101
2025-07-17 17:05:00+00:00,163.11000061035156,163.1999969482422,163.0800018310547,163.1999969482422,49382
2025-07-17 17:10:00+00:00,163.11000061035156,163.14999389648438,163.00999450683594,163.09010314941406,58021
2025-07-17 17:15:00+00:00,163.13999938964844,163.16000366210938,162.99000549316406,163.1199951171875,44709
2025-07-17 17:20:00+00:00,163.24000549316406,163.25999450683594,163.0,163.1300048828125,56256
2025-07-17 17:25:00+00:00,163.15069580078125,163.3000030517578,163.10499572753906,163.22999572753906,40209
2025-07-17 17:30:00+00:00,163.22999572753906,163.33999633789062,163.16000366210938,163.16000366210938,68737
2025-07-17 17:35:00+00:00,163.52000427246094,163.5449981689453,163.22999572753906,163.22999572753906,97062
2025-07-17 17:40:00+00:00,163.58999633789062,163.63999938964844,163.4600067138672,163.5399932861328,70684
2025-07-17 17:45:00+00:00,163.52000427246094,163.6199951171875,163.43499755859375,163.5800018310547,56029
2025-07-17 17:50:00+00:00,163.33999633789062,163.5800018310547,163.32000732421875,163.5500030517578,59427
2025-07-17 17:55:00+00:00,163.30999755859375,163.4199981689453,163.27000427246094,163.3553009033203,65139
2025-07-17 18:00:00+00:00,163.38999938964844,163.38999938964844,163.0850067138672,163.3249969482422,75149
2025-07-17 18:05:00+00:00,163.47999572753906,163.49000549316406,163.3699951171875,163.38999938964844,79733
2025-07-17 18:10:00+00:00,163.38999938964844,163.60499572753906,163.3699951171875,163.47999572753906,79005
2025-07-17 18:15:00+00:00,163.52499389648438,163.52499389648438,163.36000061035156,163.36000061035156,42843
2025-07-17 18:20:00+00:00,163.7100067138672,163.72999572753906,163.49000549316406,163.52999877929688,51142
2025-07-17 18:25:00+00:00,163.90499877929688,163.9600067138672,163.7100067138672,163.7100067138672,59798
2025-07-17 18:30:00+00:00,164.0399932861328,164.07000732421875,163.83999633789062,163.91000366210938,116236
2025-07-17 18:35:00+00:00,163.7100067138672,164.07000732421875,163.67999267578125,164.03500366210938,82871
2025-07-17 18:40:00+00:00,163.75999450683594,163.8000030517578,163.6999969482422,163.6999969482422,51782
2025-07-17 18:45:00+00:00,163.6199951171875,163.75,163.6199951171875,163.7449951171875,52103
2025-07-17 18:50:00+00:00,163.48500061035156,163.63999938964844,163.44000244140625,163.61000061035156,79476
2025-07-17 18:55:00+00:00,163.57000732421875,163.66000366210938,163.47000122070312,163.48500061035156,102113
2025-07-17 19:00:00+00:00,163.52000427246094,163.6999969482422,163.5,163.5800018310547,117800
2025-07-17 19:05:00+00:00,163.58999633789062,163.58999633789062,163.4300994873047,163.52000427246094,59353
2025-07-17 19:10:00+00:00,163.52000427246094,163.61300659179688,163.4550018310547,163.5800018310547,107135
2025-07-17 19:15:00+00:00,163.33999633789062,163.6300048828125,163.3300018310547,163.5399932861328,75179
2025-07-17 19:20:00+00:00,163.39999389648438,163.4600067138672,163.30999755859375,163.3300018310547,80828
2025-07-17 19:25:00+00:00,163.4149932861328,163.47999572753906,163.3300018310547,163.41000366210938,127765
2025-07-17 19:30:00+00:00,163.60499572753906,163.66000366210938,163.42999267578125,163.42999267578125,120071
2025-07-17 19:35:00+00:00,163.55999755859375,163.77999877929688,163.5449981689453,163.61000061035156,133885
2025-07-17 19:40:00+00:00,163.60499572753906,163.66000366210938,163.47000122070312,163.53500366210938,115295
2025-07-17 19:45:00+00:00,163.49000549316406,163.6759033203125,163.4550018310547,163.61000061035156,156925
2025-07-17 19:50:00+00:00,163.10499572753906,163.52999877929688,163.08999633789062,163.50999450683594,296678
2025-07-17 19:55:00+00:00,163.0800018310547,163.24000549316406,162.8800048828125,163.1199951171875,1039714
2025-07-18 13:30:00+00:00,164.11000061035156,164.74000549316406,163.8800048828125,163.92999267578125,1279536
2025-07-18 13:35:00+00:00,164.5399932861328,164.57000732421875,164.05999755859375,164.10000610351562,94696
2025-07-18 13:40:00+00:00,164.39999389648438,164.74000549316406,164.30999755859375,164.50999450683594,80691
2025-07-18 13:45:00+00:00,164.44000244140625,164.51499938964844,164.25,164.38999938964844,72282
2025-07-18 13:50:00+00:00,164.64999389648438,164.72000122070312,164.36000061035156,164.4499969482422,96056
2025-07-18 13:55:00+00:00,164.64999389648438,164.92689514160156,164.57000732421875,164.625,74771
2025-07-18 14:00:00+00:00,164.57000732421875,164.8699951171875,164.5050048828125,164.64999389648438,119880
2025-07-18 14:05:00+00:00,164.39500427246094,164.6300048828125,164.3350067138672,164.57000732421875,91800
2025-07-18 14:10:00+00:00,164.3800048828125,164.38999938964844,164.1300048828125,164.3800048828125,60865
2025-07-18 14:15:00+00:00,164.6199951171875,164.72000122070312,164.36000061035156,164.36000061035156,102952
2025-07-18 14:20:00+00:00,164.7899932861328,164.85000610351562,164.6199951171875,164.66009521484375,115375
2025-07-18 14:25:00+00:00,165.00999450683594,165.10000610351562,164.75999450683594,164.7899932861328,197107
2025-07-18 14:30:00+00:00,164.66000366210938,165.02999877929688,164.56500244140625,165.02999877929688,94786
2025-07-18 14:35:00+00:00,164.3800048828125,164.71499633789062,164.35000610351562,164.64999389648438,95993
2025-07-18 14:40:00+00:00,163.9600067138672,164.42999267578125,163.9600067138672,164.3699951171875,88831
2025-07-18 14:45:00+00:00,163.97000122070312,164.0800018310547,163.80999755859375,163.93499755859375,70992
2025-07-18 14:50:00+00:00,164.11000061035156,164.11000061035156,163.8699951171875,163.97500610351562,104411
2025-07-18 14:55:00+00:00,164.13999938964844,164.2550048828125,164.0800018310547,164.08999633789062,55410
2025-07-18 15:00:00+00:00,164.4600067138672,164.52999877929688,164.11500549316406,164.11500549316406,85015
2025-07-18 15:05:00+00:00,164.4600067138672,164.61000061035156,164.44000244140625,164.47999572753906,42537
2025-07-18 15:10:00+00:00,164.27499389648438,164.5,164.22999572753906,164.4499969482422,64713
2025-07-18 15:15:00+00:00,164.52999877929688,164.6199951171875,164.24000549316406,164.25999450683594,109606
2025-07-18 15:20:00+00:00,164.72000122070312,164.74000549316406,164.48399353027344,164.52499389648438,63679
2025-07-18 15:25:00+00:00,164.7899932861328,164.89999389648438,164.69000244140625,164.74000549316406,125019
2025-07-18 15:30:00+00:00,164.7100067138672,164.9250030517578,164.64999389648438,164.78500366210938,75888
2025-07-18 15:35:00+00:00,164.77000427246094,164.80999755859375,164.61000061035156,164.6999969482422,97966
2025-07-18 15:40:00+00:00,164.52499389648438,164.77000427246094,164.52000427246094,164.75999450683594,58146
2025-07-18 15:45:00+00:00,164.4149932861328,164.5229949951172,164.38999938964844,164.52000427246094,41488
2025-07-18 15:50:00+00:00,164.38999938964844,164.5,164.36000061035156,164.41000366210938,79668
2025-07-18 15:55:00+00:00,164.32000732421875,164.4199981689453,164.2100067138672,164.38999938964844,54480
2025-07-18 16:00:00+00:00,164.22999572753906,164.41000366210938,164.20550537109375,164.2949981689453,46222
2025-07-18 16:05:00+00:00,164.13999938964844,164.23500061035156,164.00999450683594,164.22500610351562,65254
2025-07-18 16:10:00+00:00,164.1425018310547,164.27000427246094,164.1199951171875,164.14999389648438,41671
2025-07-18 16:15:00+00:00,164.16000366210938,164.3350067138672,164.14500427246094,164.14999389648438,50627
2025-07-18 16:20:00+00:00,163.94000244140625,164.15499877929688,163.91000366210938,164.15499877929688,79693
2025-07-18 16:25:00+00:00,164.0303955078125,164.0303955078125,163.88999938964844,163.94000244140625,35189
2025-07-18 16:30:00+00:00,164.22999572753906,164.27999877929688,164.00999450683594,164.02000427246094,55426
2025-07-18 16:35:00+00:00,164.2100067138672,164.33999633789062,164.2100067138672,164.2449951171875,57837
2025-07-18 16:40:00+00:00,164.22999572753906,164.25999450683594,164.08999633789062,164.1999969482422,50020
2025-07-18 16:45:00+00:00,164.26499938964844,164.3144989013672,164.17999267578125,164.22999572753906,52923
2025-07-18 16:50:00+00:00,164.16000366210938,164.25999450683594,163.99000549316406,164.2550048828125,68326
2025-07-18 16:55:00+00:00,164.16299438476562,164.1999969482422,164.11000061035156,164.16000366210938,48893
2025-07-18 17:00:00+00:00,164.0800018310547,164.1649932861328,164.02499389648438,164.1649932861328,27787
2025-07-18 17:05:00+00:00,164.28500366210938,164.3300018310547,164.08999633789062,164.10000610351562,41577
2025-07-18 17:10:00+00:00,164.3300018310547,164.4199981689453,164.25999450683594,164.2899932861328,40964
2025-07-18 17:15:00+00:00,164.1750030517578,164.3300018310547,164.10000610351562,164.32000732421875,46569
2025-07-18 17:20:00+00:00,164.125,164.19000244140625,164.0467071533203,164.1750030517578,40338
2025-07-18 17:25:00+00:00,164.1300048828125,164.14500427246094,163.99000549316406,164.13999938964844,41208
2025-07-18 17:30:00+00:00,164.36500549316406,164.36500549316406,164.14950561523438,164.14999389648438,32393
2025-07-18 17:35:00+00:00,164.2899932861328,164.41000366210938,164.27999877929688,164.3699951171875,37828
2025-07-18 17:40:00+00:00,164.4550018310547,164.47999572753906,164.30999755859375,164.32000732421875,40945
2025-07-18 17:45:00+00:00,164.3800048828125,164.47999572753906,164.36500549316406,164.44000244140625,33274
2025-07-18 17:50:00+00:00,164.31500244140625,164.3699951171875,164.21499633789062,164.3699951171875,46034
2025-07-18 17:55:00+00:00,164.2550048828125,164.31500244140625,164.2100067138672,164.31500244140625,65968
2025-07-18 18:00:00+00:00,164.12069702148438,164.27999877929688,164.08999633789062,164.25999450683594,56517
2025-07-18 18:05:00+00:00,163.97999572753906,164.1199951171875,163.8699951171875,164.1199951171875,62999
2025-07-18 18:10:00+00:00,163.84500122070312,163.97999572753906,163.82000732421875,163.97999572753906,43432
2025-07-18 18:15:00+00:00,163.67999267578125,163.8699951171875,163.65499877929688,163.84500122070312,53697
2025-07-18 18:20:00+00:00,163.89999389648438,163.93499755859375,163.68499755859375,163.68499755859375,62815
2025-07-18 18:25:00+00:00,163.63999938964844,163.9199981689453,163.59759521484375,163.89500427246094,41955
2025-07-18 18:30:00+00:00,163.61500549316406,163.7100067138672,163.5709991455078,163.63999938964844,48165
2025-07-18 18:35:00+00:00,163.44000244140625,163.6199951171875,163.36000061035156,163.61500549316406,75846
2025-07-18 18:40:00+00:00,163.47000122070312,163.50999450683594,163.375,163.44000244140625,40222
2025-07-18 18:45:00+00:00,163.5399932861328,163.6300048828125,163.4600067138672,163.460205078125,92263
2025-07-18 18:50:00+00:00,163.86500549316406,163.9199981689453,163.5399932861328,163.5449981689453,99080
2025-07-18 18:55:00+00:00,163.7949981689453,163.8699951171875,163.73500061035156,163.8699951171875,53508
2025-07-18 19:00:00+00:00,163.77499389648438,163.8300018310547,163.6699981689453,163.8000030517578,58322
2025-07-18 19:05:00+00:00,163.97500610351562,163.98300170898438,163.77999877929688,163.7899932861328,68477
2025-07-18 19:10:00+00:00,163.8699951171875,163.97000122070312,163.77000427246094,163.96499633789062,88523
2025-07-18 19:15:00+00:00,163.9600067138672,164.02999877929688,163.85000610351562,163.8699951171875,71521
2025-07-18 19:20:00+00:00,164.0,164.07000732421875,163.93499755859375,163.9600067138672,74330
2025-07-18 19:25:00+00:00,164.0399932861328,164.0749969482422,164.00999450683594,164.00999450683594,61726
2025-07-18 19:30:00+00:00,163.9499969482422,164.06500244140625,163.83999633789062,164.0,288913
2025-07-18 19:35:00+00:00,164.01609802246094,164.0749969482422,163.9499969482422,163.9499969482422,99923
2025-07-18 19:40:00+00:00,163.8249969482422,164.05999755859375,163.8000030517578,164.00999450683594,106656
2025-07-18 19:45:00+00:00,163.72999572753906,163.84500122070312,163.58999633789062,163.8249969482422,130727
2025-07-18 19:50:00+00:00,163.72000122070312,163.83999633789062,163.61500549316406,163.72000122070312,182091
2025-07-18 19:55:00+00:00,163.69500732421875,163.8300018310547,163.50999450683594,163.7100067138672,596099
2025-07-21 13:30:00+00:00,163.1199951171875,163.9600067138672,162.77999877929688,163.77000427246094,257871
2025-07-21 13:35:00+00:00,163.5115966796875,163.7899932861328,162.91000366210938,163.02000427246094,68984
2025-07-21 13:40:00+00:00,163.24000549316406,163.5811004638672,163.17999267578125,163.55999755859375,44284
2025-07-21 13:45:00+00:00,163.33999633789062,163.41029357910156,163.0500030517578,163.30999755859375,43012
2025-07-21 13:50:00+00:00,163.49000549316406,163.5,163.13999938964844,163.3350067138672,67379
2025-07-21 13:55:00+00:00,163.7100067138672,163.7449951171875,163.36000061035156,163.47999572753906,75749
2025-07-21 14:00:00+00:00,164.24000549316406,164.2899932861328,163.74000549316406,163.77000427246094,183324
2025-07-21 14:05:00+00:00,163.94949340820312,164.2899932861328,163.92999267578125,164.22999572753906,105831
2025-07-21 14:10:00+00:00,163.99000549316406,164.14999389648438,163.9199981689453,163.9199981689453,80422
2025-07-21 14:15:00+00:00,164.19000244140625,164.2899932861328,163.8000030517578,163.97999572753906,55997
2025-07-21 14:20:00+00:00,163.97999572753906,164.25,163.92999267578125,164.1699981689453,57205
2025-07-21 14:25:00+00:00,164.02999877929688,164.21499633789062,163.97999572753906,163.99000549316406,65450
2025-07-21 14:30:00+00:00,163.74000549316406,164.05999755859375,163.71099853515625,164.0500030517578,57055
2025-07-21 14:35:00+00:00,163.86500549316406,163.8800048828125,163.63999938964844,163.75999450683594,54370
2025-07-21 14:40:00+00:00,164.10000610351562,164.14999389648438,163.82000732421875,163.83999633789062,75797
2025-07-21 14:45:00+00:00,164.42999267578125,164.50999450683594,164.08999633789062,164.11000061035156,147156
2025-07-21 14:50:00+00:00,164.38070678710938,164.4499969482422,164.30929565429688,164.4199981689453,48530
2025-07-21 14:55:00+00:00,164.61000061035156,164.6999969482422,164.3000030517578,164.36000061035156,120063
2025-07-21 15:00:00+00:00,164.65499877929688,164.67999267578125,164.47999572753906,164.60499572753906,75212
2025-07-21 15:05:00+00:00,164.75999450683594,164.83999633789062,164.5800018310547,164.63999938964844,56730
2025-07-21 15:10:00+00:00,164.5399932861328,164.73500061035156,164.5146484375,164.72000122070312,61568
2025-07-21 15:15:00+00:00,164.58999633789062,164.59500122070312,164.38499450683594,164.5399932861328,76897
2025-07-21 15:20:00+00:00,164.8000030517578,164.82000732421875,164.5800018310547,164.58999633789062,74144
2025-07-21 15:25:00+00:00,164.7050018310547,164.88999938964844,164.6999969482422,164.7899932861328,62182
2025-07-21 15:30:00+00:00,164.52999877929688,164.7100067138672,164.4199981689453,164.7100067138672,44570
2025-07-21 15:35:00+00:00,164.36000061035156,164.5500030517578,164.33700561523438,164.5399932861328,42607
2025-07-21 15:40:00+00:00,164.39999389648438,164.44000244140625,164.27999877929688,164.32000732421875,53119
2025-07-21 15:45:00+00:00,164.4604034423828,164.49000549316406,164.3800048828125,164.38999938964844,31377
2025-07-21 15:50:00+00:00,164.47000122070312,164.5308074951172,164.42999267578125,164.4600067138672,47824
2025-07-21 15:55:00+00:00,164.56500244140625,164.63999938964844,164.4199981689453,164.4600067138672,82287
2025-07-21 16:00:00+00:00,164.39999389648438,164.55999755859375,164.25,164.55999755859375,37701
2025-07-21 16:05:00+00:00,164.38999938964844,164.47000122070312,164.36000061035156,164.40499877929688,33851
2025-07-21 16:10:00+00:00,164.47000122070312,164.50999450683594,164.35499572753906,164.38999938964844,31913
2025-07-21 16:15:00+00:00,164.47500610351562,164.61000061035156,164.4499969482422,164.47999572753906,72473
2025-07-21 16:20:00+00:00,164.56500244140625,164.77000427246094,164.3957061767578,164.47500610351562,47638
2025-07-21 16:25:00+00:00,164.4199981689453,164.57000732421875,164.36000061035156,164.55999755859375,43303
2025-07-21 16:30:00+00:00,164.36000061035156,164.4600067138672,164.3000030517578,164.4199981689453,41160
2025-07-21 16:35:00+00:00,164.3800048828125,164.4676971435547,164.36000061035156,164.36000061035156,42130
2025-07-21 16:40:00+00:00,164.47999572753906,164.47999572753906,164.3166046142578,164.3800048828125,28878
2025-07-21 16:45:00+00:00,164.47000122070312,164.52999877929688,164.4199981689453,164.47000122070312,51052
2025-07-21 16:50:00+00:00,164.52999877929688,164.55999755859375,164.4600067138672,164.47500610351562,46514
2025-07-21 16:55:00+00:00,164.69500732421875,164.7100067138672,164.49000549316406,164.5399932861328,50437
2025-07-21 17:00:00+00:00,164.6300048828125,164.7100067138672,164.59030151367188,164.6999969482422,26457
2025-07-21 17:05:00+00:00,164.67999267578125,164.7480010986328,164.60000610351562,164.60000610351562,48150
2025-07-21 17:10:00+00:00,164.80499267578125,164.9149932861328,164.69000244140625,164.69000244140625,51605
2025-07-21 17:15:00+00:00,164.72000122070312,164.81500244140625,164.6750030517578,164.80499267578125,35300
2025-07-21 17:20:00+00:00,164.7100067138672,164.7949981689453,164.64999389648438,164.72000122070312,50509
2025-07-21 17:25:00+00:00,164.74000549316406,164.8000030517578,164.6999969482422,164.72000122070312,40961
2025-07-21 17:30:00+00:00,164.7449951171875,164.77999877929688,164.6699981689453,164.74000549316406,43723
2025-07-21 17:35:00+00:00,164.75999450683594,164.7899932861328,164.66000366210938,164.7449951171875,63483
2025-07-21 17:40:00+00:00,164.82000732421875,164.86000061035156,164.69000244140625,164.77000427246094,57501
2025-07-21 17:45:00+00:00,164.72000122070312,164.82000732421875,164.7100067138672,164.82000732421875,40055
2025-07-21 17:50:00+00:00,164.59500122070312,164.71499633789062,164.59500122070312,164.71499633789062,37533
2025-07-21 17:55:00+00:00,164.57000732421875,164.61500549316406,164.49000549316406,164.60000610351562,34159
2025-07-21 18:00:00+00:00,164.69000244140625,164.6999969482422,164.4600067138672,164.5800018310547,51080
2025-07-21 18:05:00+00:00,164.61000061035156,164.7100067138672,164.5500030517578,164.69000244140625,48355
2025-07-21 18:10:00+00:00,164.60000610351562,164.65989685058594,164.47000122070312,164.60000610351562,59881
2025-07-21 18:15:00+00:00,164.51499938964844,164.58999633789062,164.49000549316406,164.58999633789062,35548
2025-07-21 18:20:00+00:00,164.44009399414062,164.51499938964844,164.42999267578125,164.51499938964844,46393
2025-07-21 18:25:00+00:00,164.48500061035156,164.4949951171875,164.41470336914062,164.44500732421875,44154
2025-07-21 18:30:00+00:00,164.5399932861328,164.55999755859375,164.4600067138672,164.5,56397
2025-07-21 18:35:00+00:00,164.51499938964844,164.5399932861328,164.47999572753906,164.5325927734375,34178
2025-07-21 18:40:00+00:00,164.42999267578125,164.5399932861328,164.41000366210938,164.52000427246094,49145
2025-07-21 18:45:00+00:00,164.2899932861328,164.46499633789062,164.25,164.42999267578125,50661
2025-07-21 18:50:00+00:00,164.39999389648438,164.44000244140625,164.2550048828125,164.2899932861328,69733
2025-07-21 18:55:00+00:00,164.36000061035156,164.58999633789062,164.35000610351562,164.39999389648438,68973
2025-07-21 19:00:00+00:00,164.29989624023438,164.4250030517578,164.19000244140625,164.3699951171875,69203
2025-07-21 19:05:00+00:00,164.1999969482422,164.33999633789062,164.19000244140625,164.27499389648438,72046
2025-07-21 19:10:00+00:00,164.22999572753906,164.3000030517578,164.07000732421875,164.2050018310547,73345
2025-07-21 19:15:00+00:00,164.27499389648438,164.30999755859375,164.23980712890625,164.23980712890625,61466
2025-07-21 19:20:00+00:00,164.2899932861328,164.3249969482422,164.19000244140625,164.27000427246094,89234
2025-07-21 19:25:00+00:00,164.24000549316406,164.30999755859375,164.19000244140625,164.2899932861328,119167
2025-07-21 19:30:00+00:00,164.27000427246094,164.2899932861328,164.2100067138672,164.2449951171875,89292
2025-07-21 19:35:00+00:00,164.31500244140625,164.38999938964844,164.24000549316406,164.25999450683594,172715
2025-07-21 19:40:00+00:00,164.27999877929688,164.3350067138672,164.2550048828125,164.30999755859375,110788
2025-07-21 19:45:00+00:00,164.27999877929688,164.3000030517578,164.25,164.27999877929688,237941
2025-07-21 19:50:00+00:00,164.3000030517578,164.35000610351562,164.11000061035156,164.27000427246094,152018
2025-07-21 19:55:00+00:00,164.39999389648438,164.4199981689453,164.25,164.3000030517578,473266
2025-07-22 13:30:00+00:00,165.86000061035156,165.89999389648438,164.7100067138672,165.0,365850
2025-07-22 13:35:00+00:00,165.64999389648438,165.85000610351562,165.56500244140625,165.85000610351562,67524
2025-07-22 13:40:00+00:00,166.17999267578125,166.3800048828125,165.64500427246094,165.7100067138672,166619
2025-07-22 13:45:00+00:00,166.406005859375,166.4199981689453,166.00999450683594,166.24000549316406,76918
2025-07-22 13:50:00+00:00,167.25999450683594,167.3300018310547,166.4250030517578,166.42999267578125,226221
2025-07-22 13:55:00+00:00,166.89999389648438,167.27000427246094,166.86000061035156,167.25,161274
2025-07-22 14:00:00+00:00,167.07000732421875,167.11000061035156,166.4499969482422,166.91000366210938,214643
2025-07-22 14:05:00+00:00,166.22999572753906,167.0449981689453,166.0800018310547,167.0449981689453,75265
2025-07-22 14:10:00+00:00,166.14999389648438,166.22000122070312,165.8101043701172,166.18499755859375,111980
2025-07-22 14:15:00+00:00,166.13499450683594,166.25999450683594,165.9604949951172,166.13999938964844,57413
2025-07-22 14:20:00+00:00,166.07000732421875,166.24000549316406,165.8614959716797,166.13499450683594,82091
2025-07-22 14:25:00+00:00,166.22000122070312,166.24000549316406,165.86500549316406,166.06500244140625,87938
2025-07-22 14:30:00+00:00,165.92999267578125,166.27000427246094,165.83999633789062,166.22000122070312,94041
2025-07-22 14:35:00+00:00,165.74000549316406,166.11000061035156,165.58999633789062,165.9600067138672,229423
2025-07-22 14:40:00+00:00,165.88999938964844,165.91000366210938,165.4801025390625,165.72999572753906,83832
2025-07-22 14:45:00+00:00,166.05999755859375,166.13999938964844,165.86000061035156,165.8800048828125,59399
2025-07-22 14:50:00+00:00,166.02999877929688,166.1199951171875,165.8699951171875,166.05999755859375,66608
2025-07-22 14:55:00+00:00,166.41000366210938,166.4149932861328,166.0500030517578,166.05999755859375,65864
2025-07-22 15:00:00+00:00,166.1699981689453,166.39999389648438,166.02000427246094,166.38999938964844,73659
2025-07-22 15:05:00+00:00,166.4600067138672,166.47000122070312,166.07000732421875,166.1699981689453,57091
2025-07-22 15:10:00+00:00,166.33999633789062,166.44000244140625,166.24000549316406,166.44000244140625,46617
2025-07-22 15:15:00+00:00,166.3000030517578,166.36000061035156,166.13999938964844,166.35000610351562,53016
2025-07-22 15:20:00+00:00,166.4971923828125,166.57000732421875,166.27999877929688,166.27999877929688,72811
2025-07-22 15:25:00+00:00,166.46499633789062,166.52999877929688,166.4499969482422,166.49000549316406,70782
2025-07-22 15:30:00+00:00,166.39999389648438,166.50999450683594,166.38999938964844,166.4600067138672,71489
2025-07-22 15:35:00+00:00,166.22000122070312,166.42999267578125,166.22000122070312,166.39999389648438,109448
2025-07-22 15:40:00+00:00,166.13999938964844,166.22000122070312,166.0944061279297,166.2100067138672,71726
2025-07-22 15:45:00+00:00,166.28500366210938,166.41000366210938,166.14744567871094,166.16000366210938,103549
2025-07-22 15:50:00+00:00,166.41000366210938,166.41000366210938,166.19000244140625,166.32000732421875,85086
2025-07-22 15:55:00+00:00,166.22000122070312,166.41000366210938,166.16000366210938,166.39999389648438,107553
2025-07-22 16:00:00+00:00,166.34500122070312,166.41000366210938,166.2050018310547,166.22500610351562,36347
2025-07-22 16:05:00+00:00,166.39999389648438,166.41000366210938,166.32000732421875,166.32000732421875,78981
2025-07-22 16:10:00+00:00,166.36000061035156,166.4149932861328,166.33999633789062,166.38999938964844,35931
2025-07-22 16:15:00+00:00,166.2449951171875,166.35000610351562,166.16000366210938,166.35000610351562,56663
2025-07-22 16:20:00+00:00,166.19000244140625,166.33999633789062,166.19000244140625,166.22999572753906,37659
2025-07-22 16:25:00+00:00,166.5,166.52000427246094,166.20260620117188,166.20260620117188,66631
2025-07-22 16:30:00+00:00,166.5,166.57000732421875,166.4600067138672,166.5399932861328,26023
2025-07-22 16:35:00+00:00,166.4600067138672,166.60000610351562,166.4499969482422,166.4951934814453,30879
2025-07-22 16:40:00+00:00,166.60000610351562,166.6699981689453,166.4199981689453,166.44000244140625,29779
2025-07-22 16:45:00+00:00,166.69000244140625,166.75,166.58999633789062,166.58999633789062,22599
2025-07-22 16:50:00+00:00,166.69000244140625,166.74000549316406,166.63999938964844,166.69000244140625,40367
2025-07-22 16:55:00+00:00,166.57000732421875,166.7100067138672,166.5399932861328,166.67999267578125,57067
2025-07-22 17:00:00+00:00,166.5800018310547,166.63999938964844,166.560302734375,166.60000610351562,36272
2025-07-22 17:05:00+00:00,166.5800018310547,166.66000366210938,166.5489959716797,166.572998046875,33777
2025-07-22 17:10:00+00:00,166.5,166.63999938964844,166.5,166.5760040283203,26694
2025-07-22 17:15:00+00:00,166.7100067138672,166.72999572753906,166.52000427246094,166.52000427246094,27160
2025-07-22 17:20:00+00:00,166.67999267578125,166.74000549316406,166.61500549316406,166.7100067138672,37653
2025-07-22 17:25:00+00:00,166.75999450683594,166.85000610351562,166.69000244140625,166.69000244140625,42546
2025-07-22 17:30:00+00:00,166.80999755859375,166.81500244140625,166.6999969482422,166.77000427246094,32846
2025-07-22 17:35:00+00:00,166.75999450683594,166.8800048828125,166.74000549316406,166.80999755859375,40494
2025-07-22 17:40:00+00:00,166.80999755859375,166.86500549316406,166.72000122070312,166.83999633789062,80946
2025-07-22 17:45:00+00:00,166.88999938964844,166.92999267578125,166.77999877929688,166.8134002685547,46668
2025-07-22 17:50:00+00:00,166.84500122070312,166.92999267578125,166.8300018310547,166.89830017089844,33006
2025-07-22 17:55:00+00:00,166.5850067138672,166.83999633789062,166.56500244140625,166.8300018310547,46657
2025-07-22 18:00:00+00:00,166.72999572753906,166.75,166.52000427246094,166.55499267578125,80940
2025-07-22 18:05:00+00:00,166.7899932861328,166.80999755859375,166.55999755859375,166.72999572753906,141326
2025-07-22 18:10:00+00:00,166.73500061035156,166.86000061035156,166.6699981689453,166.8000030517578,93818
2025-07-22 18:15:00+00:00,166.92860412597656,167.0399932861328,166.73500061035156,166.73500061035156,71367
2025-07-22 18:20:00+00:00,166.91000366210938,167.00999450683594,166.86000061035156,166.94000244140625,39458
2025-07-22 18:25:00+00:00,167.0399932861328,167.06500244140625,166.91000366210938,166.9199981689453,59525
2025-07-22 18:30:00+00:00,167.10000610351562,167.1230010986328,166.9600067138672,167.02999877929688,66993
2025-07-22 18:35:00+00:00,167.02000427246094,167.10000610351562,166.9499969482422,167.08999633789062,43179
2025-07-22 18:40:00+00:00,167.0050048828125,167.16000366210938,166.97999572753906,167.02999877929688,65878
2025-07-22 18:45:00+00:00,167.00999450683594,167.00999450683594,166.89999389648438,166.99000549316406,34586
2025-07-22 18:50:00+00:00,167.13499450683594,167.13499450683594,167.0,167.0,53971
2025-07-22 18:55:00+00:00,167.08999633789062,167.1999969482422,167.03500366210938,167.1300048828125,62649
2025-07-22 19:00:00+00:00,167.00999450683594,167.16000366210938,166.99000549316406,167.08999633789062,68631
2025-07-22 19:05:00+00:00,167.13999938964844,167.15089416503906,167.0050048828125,167.02499389648438,52574
2025-07-22 19:10:00+00:00,167.13429260253906,167.19000244140625,167.07000732421875,167.1300048828125,84620
2025-07-22 19:15:00+00:00,167.22999572753906,167.22999572753906,167.0800018310547,167.1300048828125,78410
2025-07-22 19:20:00+00:00,167.24000549316406,167.25999450683594,167.13999938964844,167.22000122070312,101482
2025-07-22 19:25:00+00:00,167.72999572753906,167.72999572753906,167.0449981689453,167.24000549316406,293836
2025-07-22 19:30:00+00:00,167.85000610351562,167.8699951171875,167.4499969482422,167.74000549316406,358597
2025-07-22 19:35:00+00:00,167.86439514160156,167.91000366210938,167.7050018310547,167.83999633789062,154234
2025-07-22 19:40:00+00:00,167.99000549316406,168.05499267578125,167.85000610351562,167.88999938964844,306870
2025-07-22 19:45:00+00:00,167.74000549316406,168.0500030517578,167.63999938964844,167.99989318847656,267059
2025-07-22 19:50:00+00:00,167.77000427246094,167.83999633789062,167.58999633789062,167.72999572753906,224854
2025-07-22 19:55:00+00:00,167.88999938964844,167.9499969482422,167.75999450683594,167.77999877929688,532631
2025-07-23 13:30:00+00:00,168.55999755859375,168.7100067138672,168.0,168.5,401268
2025-07-23 13:35:00+00:00,168.28500366210938,168.55999755859375,168.16000366210938,168.55999755859375,62859
2025-07-23 13:40:00+00:00,168.3000030517578,168.30999755859375,168.0500030517578,168.24000549316406,93915
2025-07-23 13:45:00+00:00,167.77000427246094,168.44000244140625,167.67999267578125,168.3300018310547,124541
2025-07-23 13:50:00+00:00,167.7550048828125,167.77000427246094,167.5399932861328,167.76499938964844,203675
2025-07-23 13:55:00+00:00,167.81500244140625,167.88999938964844,167.6300048828125,167.7449951171875,67222
2025-07-23 14:00:00+00:00,167.34500122070312,167.9600067138672,167.2899932861328,167.82000732421875,87917
2025-07-23 14:05:00+00:00,167.14999389648438,167.5500030517578,167.02999877929688,167.34500122070312,126130
2025-07-23 14:10:00+00:00,167.29730224609375,167.60000610351562,167.1699981689453,167.1699981689453,126353
2025-07-23 14:15:00+00:00,167.22000122070312,167.3000030517578,166.92999267578125,167.3000030517578,85832
2025-07-23 14:20:00+00:00,167.04989624023438,167.25999450683594,166.75999450683594,167.24000549316406,93535
2025-07-23 14:25:00+00:00,167.14999389648438,167.1699981689453,166.94500732421875,167.0500030517578,80257
2025-07-23 14:30:00+00:00,167.36500549316406,167.39999389648438,167.12010192871094,167.12010192871094,45479
2025-07-23 14:35:00+00:00,167.19500732421875,167.45303344726562,167.125,167.3699951171875,63792
2025-07-23 14:40:00+00:00,167.22999572753906,167.30999755859375,167.08009338378906,167.19000244140625,49538
2025-07-23 14:45:00+00:00,167.125,167.4250030517578,167.1199951171875,167.22999572753906,34040
2025-07-23 14:50:00+00:00,167.02099609375,167.14999389648438,167.0,167.07000732421875,51968
2025-07-23 14:55:00+00:00,167.1634063720703,167.2100067138672,166.97999572753906,167.02499389648438,27024
2025-07-23 15:00:00+00:00,167.0334930419922,167.05499267578125,166.86599731445312,167.05499267578125,56319
2025-07-23 15:05:00+00:00,167.05499267578125,167.1999969482422,166.99000549316406,167.02999877929688,48784
2025-07-23 15:10:00+00:00,167.00999450683594,167.11000061035156,166.85000610351562,167.05999755859375,49748
2025-07-23 15:15:00+00:00,166.7899932861328,167.0500030517578,166.77999877929688,167.00999450683594,43341
2025-07-23 15:20:00+00:00,166.7100067138672,166.88999938964844,166.6999969482422,166.77000427246094,84482
2025-07-23 15:25:00+00:00,166.7050018310547,166.85000610351562,166.64999389648438,166.7100067138672,52559
2025-07-23 15:30:00+00:00,166.77999877929688,166.8914031982422,166.69000244140625,166.6999969482422,68154
2025-07-23 15:35:00+00:00,166.8000030517578,166.83999633789062,166.63999938964844,166.75,68150
2025-07-23 15:40:00+00:00,166.69000244140625,166.7899932861328,166.58999633789062,166.7899932861328,57199
2025-07-23 15:45:00+00:00,166.88999938964844,166.89999389648438,166.63999938964844,166.63999938964844,46213
2025-07-23 15:50:00+00:00,166.98500061035156,167.0800018310547,166.86000061035156,166.97999572753906,78422
2025-07-23 15:55:00+00:00,167.14999389648438,167.2949981689453,166.99000549316406,167.00999450683594,56099
2025-07-23 16:00:00+00:00,167.63499450683594,167.63999938964844,167.1300048828125,167.1300048828125,44874
2025-07-23 16:05:00+00:00,167.64999389648438,167.82000732421875,167.57000732421875,167.6199951171875,84462
2025-07-23 16:10:00+00:00,167.72000122070312,167.77999877929688,167.5500030517578,167.69790649414062,150814
2025-07-23 16:15:00+00:00,167.8350067138672,167.83999633789062,167.7100067138672,167.72000122070312,649614
2025-07-23 16:20:00+00:00,167.9199981689453,167.96710205078125,167.80999755859375,167.8350067138672,81450
2025-07-23 16:25:00+00:00,168.00999450683594,168.00999450683594,167.80999755859375,167.9250030517578,92091
2025-07-23 16:30:00+00:00,167.8800048828125,168.02000427246094,167.80999755859375,168.0,56622
2025-07-23 16:35:00+00:00,167.80499267578125,167.92999267578125,167.77000427246094,167.8800048828125,25574
2025-07-23 16:40:00+00:00,167.67999267578125,167.81480407714844,167.67999267578125,167.7949981689453,165616
2025-07-23 16:45:00+00:00,167.53199768066406,167.77999877929688,167.52999877929688,167.68499755859375,42294
2025-07-23 16:50:00+00:00,167.6199951171875,167.69000244140625,167.52999877929688,167.52999877929688,40081
2025-07-23 16:55:00+00:00,167.75999450683594,167.8300018310547,167.6199951171875,167.625,55193
2025-07-23 17:00:00+00:00,167.77499389648438,167.84500122070312,167.64999389648438,167.75999450683594,54800
2025-07-23 17:05:00+00:00,167.86000061035156,167.86000061035156,167.7429962158203,167.7899932861328,40429
2025-07-23 17:10:00+00:00,167.6699981689453,167.9409942626953,167.6699981689453,167.85499572753906,37542
2025-07-23 17:15:00+00:00,167.7100067138672,167.83999633789062,167.6699981689453,167.72000122070312,87186
2025-07-23 17:20:00+00:00,168.05499267578125,168.08999633789062,167.67999267578125,167.7050018310547,136880
2025-07-23 17:25:00+00:00,168.125,168.16000366210938,167.97500610351562,168.07000732421875,137909
2025-07-23 17:30:00+00:00,168.32000732421875,168.33140563964844,168.02999877929688,168.125,111334
2025-07-23 17:35:00+00:00,168.3800048828125,168.38999938964844,168.25,168.3300018310547,183601
2025-07-23 17:40:00+00:00,168.38999938964844,168.4185028076172,168.1699981689453,168.39999389648438,67160
2025-07-23 17:45:00+00:00,168.5,168.50999450683594,168.3699951171875,168.3800048828125,115717
2025-07-23 17:50:00+00:00,168.4846954345703,168.58999633789062,168.39999389648438,168.5,230946
2025-07-23 17:55:00+00:00,168.3699951171875,168.54969787597656,168.2899932861328,168.49000549316406,133599
2025-07-23 18:00:00+00:00,168.4149932861328,168.47999572753906,168.239501953125,168.3800048828125,306740
2025-07-23 18:05:00+00:00,168.58999633789062,168.63999938964844,168.35000610351562,168.42999267578125,75321
2025-07-23 18:10:00+00:00,168.53500366210938,168.6199951171875,168.5050048828125,168.5800018310547,62989
2025-07-23 18:15:00+00:00,168.64999389648438,168.6999969482422,168.5399932861328,168.5500030517578,112251
2025-07-23 18:20:00+00:00,168.625,168.67999267578125,168.50999450683594,168.64500427246094,84665
2025-07-23 18:25:00+00:00,168.75,168.8000030517578,168.5449981689453,168.63999938964844,170146
2025-07-23 18:30:00+00:00,168.36000061035156,168.92999267578125,168.34500122070312,168.7646026611328,150821
2025-07-23 18:35:00+00:00,168.15499877929688,168.35000610351562,168.0850067138672,168.35000610351562,68494
2025-07-23 18:40:00+00:00,168.27000427246094,168.34500122070312,168.1300048828125,168.1300048828125,43831
2025-07-23 18:45:00+00:00,168.25,168.27499389648438,168.1699981689453,168.26010131835938,77297
2025-07-23 18:50:00+00:00,168.39999389648438,168.44000244140625,168.24000549316406,168.27000427246094,71967
2025-07-23 18:55:00+00:00,168.25,168.4199981689453,168.16000366210938,168.40499877929688,70132
2025-07-23 19:00:00+00:00,168.36000061035156,168.52999877929688,168.27000427246094,168.27000427246094,67285
2025-07-23 19:05:00+00:00,168.38999938964844,168.46533203125,168.25,168.36000061035156,71516
2025-07-23 19:10:00+00:00,168.47999572753906,168.5,168.35000610351562,168.38499450683594,83726
2025-07-23 19:15:00+00:00,168.40499877929688,168.52459716796875,168.33999633789062,168.47999572753906,73464
2025-07-23 19:20:00+00:00,168.4250030517578,168.43499755859375,168.2899932861328,168.39999389648438,89485
2025-07-23 19:25:00+00:00,168.4499969482422,168.52999877929688,168.375,168.41949462890625,87400
2025-07-23 19:30:00+00:00,168.6199951171875,168.6699981689453,168.4199981689453,168.4499969482422,130550
2025-07-23 19:35:00+00:00,168.72000122070312,168.72999572753906,168.59500122070312,168.61000061035156,114621
2025-07-23 19:40:00+00:00,168.6300048828125,168.77999877929688,168.60499572753906,168.72000122070312,168986
2025-07-23 19:45:00+00:00,168.7050018310547,168.75,168.47999572753906,168.62289428710938,126786
2025-07-23 19:50:00+00:00,168.82000732421875,168.94000244140625,168.55999755859375,168.7100067138672,210240
2025-07-23 19:55:00+00:00,169.11000061035156,169.1199951171875,168.8000030517578,168.80999755859375,790618
2025-07-24 13:30:00+00:00,169.1699981689453,169.72799682617188,168.94000244140625,169.5,314264
2025-07-24 13:35:00+00:00,169.25,169.42999267578125,169.1013946533203,169.22999572753906,187238
2025-07-24 13:40:00+00:00,169.1199951171875,169.3800048828125,169.00999450683594,169.25,97992
2025-07-24 13:45:00+00:00,169.25999450683594,169.3300018310547,168.97999572753906,169.08999633789062,87518
2025-07-24 13:50:00+00:00,169.32000732421875,169.4600067138672,169.22000122070312,169.27499389648438,70672
2025-07-24 13:55:00+00:00,169.47000122070312,169.47000122070312,169.17999267578125,169.3000030517578,62408
2025-07-24 14:00:00+00:00,169.63999938964844,169.77000427246094,169.4199981689453,169.47999572753906,68179
2025-07-24 14:05:00+00:00,169.8800048828125,169.8800048828125,169.60000610351562,169.6199951171875,69155
2025-07-24 14:10:00+00:00,169.6750030517578,169.99000549316406,169.6750030517578,169.88999938964844,138819
2025-07-24 14:15:00+00:00,169.41000366210938,169.72999572753906,169.32000732421875,169.7100067138672,81505
2025-07-24 14:20:00+00:00,169.44500732421875,169.55999755859375,169.3000030517578,169.39999389648438,53085
2025-07-24 14:25:00+00:00,169.6199951171875,169.66000366210938,169.3800048828125,169.4824981689453,47878
2025-07-24 14:30:00+00:00,169.5399932861328,169.69000244140625,169.5399932861328,169.60000610351562,72627
2025-07-24 14:35:00+00:00,169.41000366210938,169.5800018310547,169.17999267578125,169.52999877929688,191309
2025-07-24 14:40:00+00:00,169.14500427246094,169.4600067138672,169.10000610351562,169.44000244140625,68019
2025-07-24 14:45:00+00:00,169.27999877929688,169.3300018310547,168.97000122070312,169.13999938964844,73765
2025-07-24 14:50:00+00:00,169.11000061035156,169.30499267578125,169.03500366210938,169.3000030517578,76902
2025-07-24 14:55:00+00:00,169.22999572753906,169.3000030517578,169.02000427246094,169.07000732421875,53901
2025-07-24 15:00:00+00:00,169.02999877929688,169.30999755859375,169.02999877929688,169.22000122070312,47861
2025-07-24 15:05:00+00:00,169.02999877929688,169.1199951171875,168.91000366210938,169.03500366210938,165460
2025-07-24 15:10:00+00:00,169.02999877929688,169.17999267578125,168.99000549316406,169.02999877929688,159680
2025-07-24 15:15:00+00:00,169.0800018310547,169.15499877929688,168.94000244140625,169.02999877929688,38837
2025-07-24 15:20:00+00:00,168.9600067138672,169.16000366210938,168.8800048828125,169.10000610351562,82378
2025-07-24 15:25:00+00:00,169.11000061035156,169.1999969482422,168.89999389648438,168.95010375976562,50256
2025-07-24 15:30:00+00:00,169.06500244140625,169.25,169.06500244140625,169.1300048828125,40293
2025-07-24 15:35:00+00:00,169.22000122070312,169.22999572753906,169.05999755859375,169.06500244140625,54378
2025-07-24 15:40:00+00:00,169.1898956298828,169.22500610351562,169.11500549316406,169.1999969482422,33280
2025-07-24 15:45:00+00:00,169.10499572753906,169.2100067138672,169.05999755859375,169.18499755859375,23343
2025-07-24 15:50:00+00:00,169.22500610351562,169.27000427246094,169.0800018310547,169.125,56024
2025-07-24 15:55:00+00:00,169.25,169.36500549316406,169.2100067138672,169.22000122070312,37072
2025-07-24 16:00:00+00:00,169.3249969482422,169.34500122070312,169.25,169.25,32557
2025-07-24 16:05:00+00:00,169.2899932861328,169.3350067138672,169.1999969482422,169.3350067138672,47031
2025-07-24 16:10:00+00:00,169.16000366210938,169.32000732421875,169.16000366210938,169.30999755859375,35538
2025-07-24 16:15:00+00:00,169.0500030517578,169.1699981689453,168.9600067138672,169.13890075683594,44122
2025-07-24 16:20:00+00:00,168.98500061035156,169.06500244140625,168.92999267578125,169.0500030517578,30566
2025-07-24 16:25:00+00:00,169.0050048828125,169.0399932861328,168.90040588378906,168.97000122070312,42641
2025-07-24 16:30:00+00:00,169.02499389648438,169.07000732421875,168.97000122070312,169.0,33813
2025-07-24 16:35:00+00:00,169.06019592285156,169.11000061035156,169.02499389648438,169.02499389648438,27977
2025-07-24 16:40:00+00:00,169.1699981689453,169.19639587402344,169.00999450683594,169.05999755859375,22537
2025-07-24 16:45:00+00:00,169.11500549316406,169.2100067138672,169.0749969482422,169.17999267578125,34553
2025-07-24 16:50:00+00:00,169.14999389648438,169.19000244140625,169.07000732421875,169.11000061035156,26922
2025-07-24 16:55:00+00:00,169.0399932861328,169.14999389648438,168.98500061035156,169.14500427246094,28326
2025-07-24 17:00:00+00:00,169.11000061035156,169.1199951171875,168.88999938964844,169.02000427246094,51981
2025-07-24 17:05:00+00:00,169.2100067138672,169.22999572753906,169.10000610351562,169.1060028076172,28048
2025-07-24 17:10:00+00:00,169.25999450683594,169.2738037109375,169.16000366210938,169.2169952392578,28005
2025-07-24 17:15:00+00:00,169.4093017578125,169.4093017578125,169.1999969482422,169.27000427246094,25625
2025-07-24 17:20:00+00:00,169.36000061035156,169.4199981689453,169.32000732421875,169.38999938964844,21300
2025-07-24 17:25:00+00:00,169.3800048828125,169.4199981689453,169.31019592285156,169.35000610351562,27926
2025-07-24 17:30:00+00:00,169.49000549316406,169.5050048828125,169.35000610351562,169.38499450683594,31842
2025-07-24 17:35:00+00:00,169.41000366210938,169.5,169.38499450683594,169.5,38224
2025-07-24 17:40:00+00:00,169.33999633789062,169.42999267578125,169.30990600585938,169.39999389648438,27363
2025-07-24 17:45:00+00:00,169.3000030517578,169.33949279785156,169.27029418945312,169.3300018310547,27064
2025-07-24 17:50:00+00:00,169.31500244140625,169.3800048828125,169.25999450683594,169.29949951171875,27167
2025-07-24 17:55:00+00:00,169.33999633789062,169.4010009765625,169.3000030517578,169.30499267578125,27676
2025-07-24 18:00:00+00:00,169.35000610351562,169.36000061035156,169.23500061035156,169.3300018310547,34189
2025-07-24 18:05:00+00:00,169.2100067138672,169.36000061035156,169.2064971923828,169.35000610351562,41348
2025-07-24 18:10:00+00:00,169.28500366210938,169.31500244140625,169.14999389648438,169.1999969482422,48394
2025-07-24 18:15:00+00:00,169.2550048828125,169.3350067138672,169.24000549316406,169.28500366210938,48793
2025-07-24 18:20:00+00:00,169.3300018310547,169.33999633789062,169.2100067138672,169.22999572753906,27202
2025-07-24 18:25:00+00:00,169.27999877929688,169.38999938964844,169.22999572753906,169.3300018310547,46686
2025-07-24 18:30:00+00:00,169.30999755859375,169.36000061035156,169.25,169.2899932861328,33301
2025-07-24 18:35:00+00:00,169.36000061035156,169.41000366210938,169.25999450683594,169.30999755859375,34564
2025-07-24 18:40:00+00:00,169.22500610351562,169.3800048828125,169.2100067138672,169.36500549316406,45857
2025-07-24 18:45:00+00:00,169.16000366210938,169.22999572753906,169.08999633789062,169.22300720214844,48203
2025-07-24 18:50:00+00:00,169.15359497070312,169.19000244140625,169.0749969482422,169.16000366210938,41227
2025-07-24 18:55:00+00:00,169.1699981689453,169.25,169.0500030517578,169.16000366210938,52751
2025-07-24 19:00:00+00:00,169.1999969482422,169.1999969482422,169.0399932861328,169.17410278320312,59180
2025-07-24 19:05:00+00:00,169.2469940185547,169.2469940185547,169.07000732421875,169.22000122070312,57716
2025-07-24 19:10:00+00:00,169.35000610351562,169.3699951171875,169.22459411621094,169.24000549316406,60021
2025-07-24 19:15:00+00:00,169.30999755859375,169.4199981689453,169.27999877929688,169.36000061035156,95213
2025-07-24 19:20:00+00:00,169.33999633789062,169.35850524902344,169.13499450683594,169.31500244140625,98764
2025-07-24 19:25:00+00:00,169.26300048828125,169.3800048828125,169.25999450683594,169.32000732421875,71733
2025-07-24 19:30:00+00:00,169.22000122070312,169.3000030517578,169.19000244140625,169.27000427246094,65425
2025-07-24 19:35:00+00:00,169.16000366210938,169.27999877929688,169.13999938964844,169.22999572753906,75771
2025-07-24 19:40:00+00:00,169.1750030517578,169.19000244140625,169.10000610351562,169.14999389648438,135824
2025-07-24 19:45:00+00:00,169.39500427246094,169.46249389648438,169.19000244140625,169.19000244140625,257596
2025-07-24 19:50:00+00:00,169.6999969482422,169.72999572753906,169.2899932861328,169.41000366210938,161915
2025-07-24 19:55:00+00:00,169.57000732421875,169.77499389648438,169.50999450683594,169.69000244140625,404145
2025-07-25 13:30:00+00:00,169.5449981689453,169.8800048828125,169.47999572753906,169.75,166524
2025-07-25 13:35:00+00:00,169.31500244140625,169.60000610351562,169.2449951171875,169.44000244140625,60146
2025-07-25 13:40:00+00:00,169.18499755859375,169.34449768066406,168.97000122070312,169.3249969482422,73242
2025-07-25 13:45:00+00:00,168.8800048828125,169.16000366210938,168.7100067138672,169.14999389648438,73688
2025-07-25 13:50:00+00:00,168.85000610351562,169.0500030517578,168.77999877929688,168.91000366210938,50256
2025-07-25 13:55:00+00:00,168.7899932861328,168.9250030517578,168.6199951171875,168.80999755859375,47607
2025-07-25 14:00:00+00:00,168.41000366210938,168.8300018310547,168.41000366210938,168.80999755859375,71219
2025-07-25 14:05:00+00:00,168.22500610351562,168.60000610351562,168.21499633789062,168.38999938964844,71209
2025-07-25 14:10:00+00:00,168.2899932861328,168.52000427246094,168.22500610351562,168.22999572753906,83464
2025-07-25 14:15:00+00:00,168.47999572753906,168.61500549316406,168.2100067138672,168.2899932861328,96033
2025-07-25 14:20:00+00:00,168.10000610351562,168.5500030517578,168.07000732421875,168.5,88741
2025-07-25 14:25:00+00:00,168.19000244140625,168.27999877929688,168.0009002685547,168.1199951171875,120058
2025-07-25 14:30:00+00:00,168.2050018310547,168.25,168.0399932861328,168.18499755859375,91860
2025-07-25 14:35:00+00:00,167.875,168.23500061035156,167.85299682617188,168.1999969482422,66891
2025-07-25 14:40:00+00:00,168.05999755859375,168.11000061035156,167.8699951171875,167.8800048828125,75433
2025-07-25 14:45:00+00:00,168.07000732421875,168.25999450683594,168.02999877929688,168.0749969482422,45249
2025-07-25 14:50:00+00:00,168.48500061035156,168.49000549316406,168.0399932861328,168.0800018310547,43030
2025-07-25 14:55:00+00:00,168.07000732421875,168.50999450683594,168.07000732421875,168.4949951171875,59143
2025-07-25 15:00:00+00:00,168.11000061035156,168.14999389648438,168.01499938964844,168.07000732421875,44304
2025-07-25 15:05:00+00:00,167.7100067138672,168.1300048828125,167.67999267578125,168.1136932373047,86720
2025-07-25 15:10:00+00:00,168.17999267578125,168.19000244140625,167.7100067138672,167.7100067138672,204993
2025-07-25 15:15:00+00:00,168.0399932861328,168.1649932861328,168.02000427246094,168.1199951171875,49127
2025-07-25 15:20:00+00:00,168.0399932861328,168.19500732421875,168.00999450683594,168.0500030517578,79211
2025-07-25 15:25:00+00:00,167.97999572753906,168.19000244140625,167.88999938964844,168.0500030517578,63017
2025-07-25 15:30:00+00:00,167.9550018310547,168.0399932861328,167.91400146484375,167.9949951171875,49794
2025-07-25 15:35:00+00:00,167.78500366210938,168.02999877929688,167.7613983154297,167.97000122070312,42038
2025-07-25 15:40:00+00:00,167.7100067138672,167.89999389648438,167.7100067138672,167.8000030517578,37996
2025-07-25 15:45:00+00:00,167.60000610351562,167.77999877929688,167.5500030517578,167.72999572753906,53763
2025-07-25 15:50:00+00:00,167.58999633789062,167.6999969482422,167.52499389648438,167.60000610351562,42565
2025-07-25 15:55:00+00:00,167.55999755859375,167.58999633789062,167.4764862060547,167.57020568847656,42110
2025-07-25 16:00:00+00:00,167.61000061035156,167.72999572753906,167.49000549316406,167.55999755859375,68628
2025-07-25 16:05:00+00:00,167.63999938964844,167.75,167.5500030517578,167.60000610351562,48184
2025-07-25 16:10:00+00:00,167.57000732421875,167.66000366210938,167.5399932861328,167.63999938964844,41741
2025-07-25 16:15:00+00:00,167.63999938964844,167.66000366210938,167.52999877929688,167.5800018310547,32683
2025-07-25 16:20:00+00:00,167.69000244140625,167.72000122070312,167.61000061035156,167.6300048828125,33793
2025-07-25 16:25:00+00:00,167.72000122070312,167.80999755859375,167.67999267578125,167.69000244140625,42203
2025-07-25 16:30:00+00:00,167.7100067138672,167.77000427246094,167.66000366210938,167.73500061035156,32369
2025-07-25 16:35:00+00:00,167.5500030517578,167.7449951171875,167.5449981689453,167.7100067138672,32189
2025-07-25 16:40:00+00:00,167.61000061035156,167.66000366210938,167.52999877929688,167.5449981689453,38843
2025-07-25 16:45:00+00:00,167.84500122070312,167.8551025390625,167.55999755859375,167.60000610351562,49992
2025-07-25 16:50:00+00:00,167.71499633789062,167.85000610351562,167.7100067138672,167.8300018310547,26187
2025-07-25 16:55:00+00:00,167.7550048828125,167.77000427246094,167.6898956298828,167.6999969482422,25841
2025-07-25 17:00:00+00:00,167.7899932861328,167.86000061035156,167.72999572753906,167.75999450683594,37904
2025-07-25 17:05:00+00:00,167.7899932861328,167.83999633789062,167.7274932861328,167.7899932861328,36953
2025-07-25 17:10:00+00:00,167.72500610351562,167.83999633789062,167.7050018310547,167.8000030517578,47338
2025-07-25 17:15:00+00:00,167.74000549316406,167.75,167.60000610351562,167.72000122070312,83527
2025-07-25 17:20:00+00:00,167.74009704589844,167.75999450683594,167.68899536132812,167.71499633789062,42431
2025-07-25 17:25:00+00:00,167.86000061035156,167.8665008544922,167.70339965820312,167.7550048828125,55999
2025-07-25 17:30:00+00:00,167.82000732421875,167.96499633789062,167.82000732421875,167.86000061035156,84491
2025-07-25 17:35:00+00:00,167.69000244140625,167.86000061035156,167.67999267578125,167.8300018310547,73760
2025-07-25 17:40:00+00:00,167.66000366210938,167.72999572753906,167.66000366210938,167.68499755859375,39170
2025-07-25 17:45:00+00:00,167.5749969482422,167.76499938964844,167.47000122070312,167.6699981689453,66042
2025-07-25 17:50:00+00:00,167.60000610351562,167.6199951171875,167.44000244140625,167.57000732421875,45846
2025-07-25 17:55:00+00:00,167.6300048828125,167.6697998046875,167.5850067138672,167.60499572753906,37882
2025-07-25 18:00:00+00:00,167.7899932861328,167.7899932861328,167.55499267578125,167.6199951171875,43567
2025-07-25 18:05:00+00:00,168.11000061035156,168.22999572753906,167.74000549316406,167.7864990234375,101510
2025-07-25 18:10:00+00:00,168.10000610351562,168.1750030517578,168.0800018310547,168.10000610351562,62067
2025-07-25 18:15:00+00:00,168.05999755859375,168.2100067138672,168.0500030517578,168.1199951171875,43394
2025-07-25 18:20:00+00:00,168.11000061035156,168.1199951171875,168.0399932861328,168.0500030517578,38716
2025-07-25 18:25:00+00:00,168.0500030517578,168.1746063232422,167.97500610351562,168.1199951171875,54626
2025-07-25 18:30:00+00:00,168.13999938964844,168.13999938964844,168.02000427246094,168.05499267578125,60533
2025-07-25 18:35:00+00:00,168.16000366210938,168.2021942138672,168.08189392089844,168.13499450683594,42463
2025-07-25 18:40:00+00:00,168.07640075683594,168.19000244140625,168.07284545898438,168.16000366210938,31637
2025-07-25 18:45:00+00:00,168.14999389648438,168.16000366210938,168.05999755859375,168.07000732421875,43476
2025-07-25 18:50:00+00:00,168.19000244140625,168.22000122070312,168.1199951171875,168.14999389648438,41834
2025-07-25 18:55:00+00:00,168.10499572753906,168.25999450683594,168.10000610351562,168.19000244140625,35997
2025-07-25 19:00:00+00:00,168.1804962158203,168.1804962158203,168.06500244140625,168.1199951171875,41250
2025-07-25 19:05:00+00:00,168.17999267578125,168.1999969482422,168.09500122070312,168.1699981689453,36545
2025-07-25 19:10:00+00:00,168.25999450683594,168.27000427246094,168.16000366210938,168.17999267578125,48167
2025-07-25 19:15:00+00:00,168.19000244140625,168.29339599609375,168.19000244140625,168.25,38747
2025-07-25 19:20:00+00:00,168.22999572753906,168.27000427246094,168.1800994873047,168.1999969482422,41564
2025-07-25 19:25:00+00:00,168.41000366210938,168.41000366210938,168.1999969482422,168.24000549316406,51513
2025-07-25 19:30:00+00:00,168.2899932861328,168.41720581054688,168.27000427246094,168.39999389648438,93249
2025-07-25 19:35:00+00:00,168.25999450683594,168.32000732421875,168.2449951171875,168.30999755859375,79572
2025-07-25 19:40:00+00:00,168.3300018310547,168.34500122070312,168.22500610351562,168.25999450683594,68990
2025-07-25 19:45:00+00:00,168.24000549316406,168.33999633789062,168.24000549316406,168.33999633789062,81198
2025-07-25 19:50:00+00:00,168.27000427246094,168.3300018310547,168.14999389648438,168.25,125986
2025-07-25 19:55:00+00:00,168.35000610351562,168.36000061035156,168.22999572753906,168.26499938964844,453696
2025-07-28 13:30:00+00:00,166.97000122070312,167.94000244140625,166.1699981689453,167.86000061035156,267533
2025-07-28 13:35:00+00:00,166.60499572753906,167.22999572753906,166.52999877929688,166.97000122070312,66077
2025-07-28 13:40:00+00:00,166.47999572753906,166.82000732421875,166.42999267578125,166.6699981689453,113222
2025-07-28 13:45:00+00:00,166.4600067138672,166.66000366210938,166.35000610351562,166.47000122070312,58448
2025-07-28 13:50:00+00:00,166.49000549316406,166.6699981689453,166.36000061035156,166.41000366210938,47013
2025-07-28 13:55:00+00:00,166.17999267578125,166.47999572753906,166.05999755859375,166.47000122070312,85480
2025-07-28 14:00:00+00:00,166.4949951171875,166.5198974609375,166.0399932861328,166.10000610351562,62677
2025-07-28 14:05:00+00:00,166.39999389648438,166.58999633789062,166.32000732421875,166.52000427246094,58885
2025-07-28 14:10:00+00:00,166.60000610351562,166.7100067138672,166.2899932861328,166.42999267578125,125111
2025-07-28 14:15:00+00:00,166.5800018310547,166.67999267578125,166.3800048828125,166.61000061035156,59531
2025-07-28 14:20:00+00:00,166.44000244140625,166.66000366210938,166.33999633789062,166.58999633789062,61857
2025-07-28 14:25:00+00:00,166.52999877929688,166.5500030517578,166.42999267578125,166.44000244140625,49338
2025-07-28 14:30:00+00:00,166.60000610351562,166.6750030517578,166.42999267578125,166.52999877929688,66706
2025-07-28 14:35:00+00:00,166.63999938964844,166.7248992919922,166.50259399414062,166.5800018310547,52719
2025-07-28 14:40:00+00:00,166.75,166.77000427246094,166.5800018310547,166.6300048828125,53293
2025-07-28 14:45:00+00:00,166.66000366210938,166.75999450683594,166.61000061035156,166.74000549316406,45290
2025-07-28 14:50:00+00:00,166.61500549316406,166.6999969482422,166.5500030517578,166.66000366210938,56551
2025-07-28 14:55:00+00:00,166.83999633789062,166.83999633789062,166.61000061035156,166.61500549316406,68679
2025-07-28 15:00:00+00:00,166.9600067138672,167.0,166.6750030517578,166.8300018310547,65209
2025-07-28 15:05:00+00:00,166.99000549316406,167.0449981689453,166.85000610351562,166.97999572753906,56680
2025-07-28 15:10:00+00:00,167.1199951171875,167.1199951171875,166.97999572753906,167.0,68412
2025-07-28 15:15:00+00:00,167.07000732421875,167.125,167.0399932861328,167.10000610351562,46817
2025-07-28 15:20:00+00:00,167.32000732421875,167.32000732421875,167.00999450683594,167.06500244140625,60838
2025-07-28 15:25:00+00:00,167.25999450683594,167.33990478515625,167.22000122070312,167.32000732421875,74733
2025-07-28 15:30:00+00:00,167.27000427246094,167.27000427246094,167.16000366210938,167.22999572753906,34431
2025-07-28 15:35:00+00:00,167.22000122070312,167.35499572753906,167.22000122070312,167.27000427246094,64266
2025-07-28 15:40:00+00:00,167.23500061035156,167.25999450683594,167.1199951171875,167.22999572753906,32070
2025-07-28 15:45:00+00:00,167.46499633789062,167.47999572753906,167.1699981689453,167.22999572753906,40150
2025-07-28 15:50:00+00:00,167.52999877929688,167.5500030517578,167.41000366210938,167.47000122070312,53850
2025-07-28 15:55:00+00:00,167.389892578125,167.5399932861328,167.38009643554688,167.52999877929688,38222
2025-07-28 16:00:00+00:00,167.42999267578125,167.4600067138672,167.34417724609375,167.38499450683594,37688
2025-07-28 16:05:00+00:00,167.26499938964844,167.42999267578125,167.25999450683594,167.4199981689453,38572
2025-07-28 16:10:00+00:00,167.20069885253906,167.26499938964844,167.125,167.26499938964844,31206
2025-07-28 16:15:00+00:00,167.3699951171875,167.3699951171875,167.19000244140625,167.1999969482422,34070
2025-07-28 16:20:00+00:00,167.32000732421875,167.38999938964844,167.1699981689453,167.375,34944
2025-07-28 16:25:00+00:00,167.1699981689453,167.33999633789062,167.11000061035156,167.30999755859375,52353
2025-07-28 16:30:00+00:00,167.10000610351562,167.2100067138672,167.0399932861328,167.1699981689453,34675
2025-07-28 16:35:00+00:00,167.08999633789062,167.10000610351562,167.0,167.10000610351562,24783
2025-07-28 16:40:00+00:00,167.10000610351562,167.13999938964844,167.05499267578125,167.08999633789062,28453
2025-07-28 16:45:00+00:00,167.00999450683594,167.10000610351562,166.9499969482422,167.10000610351562,32688
2025-07-28 16:50:00+00:00,167.0,167.0290985107422,166.9600067138672,167.00999450683594,29714
2025-07-28 16:55:00+00:00,166.9622039794922,167.02999877929688,166.9499969482422,167.0,20643
2025-07-28 17:00:00+00:00,167.01499938964844,167.0800018310547,166.9600067138672,166.9600067138672,39933
2025-07-28 17:05:00+00:00,166.83999633789062,167.02000427246094,166.83999633789062,166.97999572753906,19532
2025-07-28 17:10:00+00:00,166.67999267578125,166.8699951171875,166.67999267578125,166.8300018310547,28484
2025-07-28 17:15:00+00:00,166.55499267578125,166.72000122070312,166.55499267578125,166.6999969482422,25193
2025-07-28 17:20:00+00:00,166.5,166.5850067138672,166.49000549316406,166.52999877929688,41967
2025-07-28 17:25:00+00:00,166.5500030517578,166.65499877929688,166.49000549316406,166.49000549316406,39351
2025-07-28 17:30:00+00:00,166.51010131835938,166.5800018310547,166.5030059814453,166.5500030517578,28346
2025-07-28 17:35:00+00:00,166.49000549316406,166.55999755859375,166.47999572753906,166.50999450683594,26486
2025-07-28 17:40:00+00:00,166.44500732421875,166.50799560546875,166.39999389648438,166.49000549316406,34522
2025-07-28 17:45:00+00:00,166.4600067138672,166.48500061035156,166.4199981689453,166.4600067138672,36407
2025-07-28 17:50:00+00:00,166.32000732421875,166.5,166.30999755859375,166.47000122070312,25083
2025-07-28 17:55:00+00:00,166.3300018310547,166.42999267578125,166.27999877929688,166.32000732421875,28536
2025-07-28 18:00:00+00:00,166.1699981689453,166.36000061035156,166.1699981689453,166.33999633789062,48443
2025-07-28 18:05:00+00:00,165.9925994873047,166.1999969482422,165.9506072998047,166.1699981689453,225050
2025-07-28 18:10:00+00:00,165.9499969482422,166.02999877929688,165.9199981689453,166.0050048828125,55661
2025-07-28 18:15:00+00:00,165.82000732421875,166.0800018310547,165.79359436035156,165.93930053710938,60249
2025-07-28 18:20:00+00:00,165.80999755859375,165.8896942138672,165.6750030517578,165.85000610351562,63272
2025-07-28 18:25:00+00:00,165.9250030517578,165.9499969482422,165.70599365234375,165.82000732421875,60819
2025-07-28 18:30:00+00:00,165.86000061035156,165.9499969482422,165.82000732421875,165.92999267578125,85970
2025-07-28 18:35:00+00:00,165.9600067138672,166.00999450683594,165.8350067138672,165.83999633789062,59629
2025-07-28 18:40:00+00:00,166.1199951171875,166.12989807128906,165.9600067138672,165.9600067138672,56185
2025-07-28 18:45:00+00:00,166.02499389648438,166.14999389648438,165.97500610351562,166.1199951171875,62523
2025-07-28 18:50:00+00:00,165.97000122070312,166.0800018310547,165.9600067138672,166.02999877929688,35814
2025-07-28 18:55:00+00:00,165.97000122070312,166.0500030517578,165.92999267578125,165.99000549316406,49622
2025-07-28 19:00:00+00:00,165.81419372558594,165.97999572753906,165.80999755859375,165.97000122070312,42875
2025-07-28 19:05:00+00:00,165.80499267578125,165.83999633789062,165.72999572753906,165.80999755859375,68909
2025-07-28 19:10:00+00:00,166.00999450683594,166.02000427246094,165.7949981689453,165.80499267578125,54523
2025-07-28 19:15:00+00:00,166.08999633789062,166.14999389648438,165.97500610351562,166.0,50837
2025-07-28 19:20:00+00:00,166.1199951171875,166.1999969482422,166.08999633789062,166.09500122070312,52585
2025-07-28 19:25:00+00:00,166.0,166.1699981689453,165.9600067138672,166.1199951171875,77830
2025-07-28 19:30:00+00:00,165.59970092773438,166.11000061035156,165.0500030517578,166.00999450683594,278913
2025-07-28 19:35:00+00:00,165.82000732421875,165.91000366210938,165.57000732421875,165.57000732421875,93716
2025-07-28 19:40:00+00:00,165.9365997314453,165.94000244140625,165.81500244140625,165.82000732421875,94537
2025-07-28 19:45:00+00:00,166.1425018310547,166.22999572753906,165.89999389648438,165.94000244140625,135054
2025-07-28 19:50:00+00:00,166.2449951171875,166.27999877929688,166.0800018310547,166.1699981689453,189839
2025-07-28 19:55:00+00:00,166.20010375976562,166.2899932861328,165.8699951171875,166.2449951171875,564281
2025-07-29 13:30:00+00:00,166.6300048828125,166.97000122070312,166.3699951171875,166.6699981689453,280551
2025-07-29 13:35:00+00:00,166.77999877929688,167.10000610351562,166.5126953125,166.5500030517578,156839
2025-07-29 13:40:00+00:00,166.9550018310547,167.0,166.69000244140625,166.77999877929688,72590
2025-07-29 13:45:00+00:00,167.6300048828125,167.6699981689453,166.9001007080078,166.9600067138672,119240
2025-07-29 13:50:00+00:00,167.8699951171875,167.97000122070312,167.53500366210938,167.64999389648438,254053
2025-07-29 13:55:00+00:00,167.47279357910156,167.8800048828125,167.44000244140625,167.84500122070312,61512
2025-07-29 14:00:00+00:00,167.74000549316406,167.83999633789062,167.4499969482422,167.50999450683594,75533
2025-07-29 14:05:00+00:00,167.88999938964844,168.0500030517578,167.7100067138672,167.72500610351562,143147
2025-07-29 14:10:00+00:00,168.24000549316406,168.24000549316406,167.85009765625,167.89999389648438,79911
2025-07-29 14:15:00+00:00,168.22000122070312,168.25,168.02999877929688,168.21499633789062,106026
2025-07-29 14:20:00+00:00,168.3000030517578,168.47999572753906,168.19009399414062,168.1999969482422,148698
2025-07-29 14:25:00+00:00,168.1300048828125,168.36500549316406,168.10000610351562,168.27499389648438,83233
2025-07-29 14:30:00+00:00,168.00999450683594,168.25999450683594,167.9700927734375,168.1199951171875,75971
2025-07-29 14:35:00+00:00,168.39999389648438,168.44000244140625,167.94000244140625,167.97999572753906,102947
2025-07-29 14:40:00+00:00,168.44000244140625,168.5500030517578,168.2899932861328,168.39999389648438,119273
2025-07-29 14:45:00+00:00,168.13999938964844,168.47000122070312,168.1199951171875,168.4250030517578,53484
2025-07-29 14:50:00+00:00,168.27999877929688,168.3000030517578,168.09500122070312,168.13999938964844,59157
2025-07-29 14:55:00+00:00,168.27000427246094,168.5,168.14999389648438,168.3300018310547,130404
2025-07-29 15:00:00+00:00,168.26499938964844,168.3300018310547,168.16000366210938,168.30999755859375,44657
2025-07-29 15:05:00+00:00,168.16000366210938,168.44000244140625,168.10000610351562,168.27999877929688,61120
2025-07-29 15:10:00+00:00,168.11669921875,168.2100067138672,167.86000061035156,168.17999267578125,41751
2025-07-29 15:15:00+00:00,168.39999389648438,168.44000244140625,168.125,168.125,69011
2025-07-29 15:20:00+00:00,168.27000427246094,168.41000366210938,168.22000122070312,168.39999389648438,51899
2025-07-29 15:25:00+00:00,168.37649536132812,168.5,168.1699981689453,168.25,79626
2025-07-29 15:30:00+00:00,168.0500030517578,168.3800048828125,167.97999572753906,168.36000061035156,67567
2025-07-29 15:35:00+00:00,168.13999938964844,168.30999755859375,168.00999450683594,168.0399932861328,64743
2025-07-29 15:40:00+00:00,168.3300018310547,168.44000244140625,168.1300048828125,168.19000244140625,54264
2025-07-29 15:45:00+00:00,168.3249969482422,168.35000610351562,168.17999267578125,168.3000030517578,49706
2025-07-29 15:50:00+00:00,168.05999755859375,168.33999633789062,168.05999755859375,168.3000030517578,52488
2025-07-29 15:55:00+00:00,168.16419982910156,168.22999572753906,167.90499877929688,168.06500244140625,69504
2025-07-29 16:00:00+00:00,168.19500732421875,168.2100067138672,168.02679443359375,168.1300048828125,55604
2025-07-29 16:05:00+00:00,168.625,168.6699981689453,168.25,168.25,69691
2025-07-29 16:10:00+00:00,168.56350708007812,168.6300048828125,168.52000427246094,168.60000610351562,48017
2025-07-29 16:15:00+00:00,168.63999938964844,168.75,168.5500030517578,168.57460021972656,48785
2025-07-29 16:20:00+00:00,168.7100067138672,168.7100067138672,168.5850067138672,168.63999938964844,50337
2025-07-29 16:25:00+00:00,168.6676025390625,168.7816925048828,168.60000610351562,168.72000122070312,40984
2025-07-29 16:30:00+00:00,168.67999267578125,168.72000122070312,168.5800018310547,168.67999267578125,34025
2025-07-29 16:35:00+00:00,168.67999267578125,168.6999969482422,168.57000732421875,168.63999938964844,37724
2025-07-29 16:40:00+00:00,168.61500549316406,168.72000122070312,168.59500122070312,168.69000244140625,33368
2025-07-29 16:45:00+00:00,168.32000732421875,168.6699981689453,168.30499267578125,168.62460327148438,54633
2025-07-29 16:50:00+00:00,168.4199981689453,168.4199981689453,168.25999450683594,168.3300018310547,27123
2025-07-29 16:55:00+00:00,168.11500549316406,168.47999572753906,168.02999877929688,168.4199981689453,101255
2025-07-29 17:00:00+00:00,168.3000030517578,168.3000030517578,167.82000732421875,168.09500122070312,72139
2025-07-29 17:05:00+00:00,168.25,168.34500122070312,168.22000122070312,168.3000030517578,21966
2025-07-29 17:10:00+00:00,168.09500122070312,168.24989318847656,168.0500030517578,168.22999572753906,53354
2025-07-29 17:15:00+00:00,168.05999755859375,168.11000061035156,168.0,168.11000061035156,37370
2025-07-29 17:20:00+00:00,168.0449981689453,168.17999267578125,168.0399932861328,168.05999755859375,31452
2025-07-29 17:25:00+00:00,168.16000366210938,168.16000366210938,168.02000427246094,168.0516815185547,32541
2025-07-29 17:30:00+00:00,168.19000244140625,168.25999450683594,168.1051025390625,168.19000244140625,33098
2025-07-29 17:35:00+00:00,168.06480407714844,168.17999267578125,168.0399932861328,168.1699981689453,40633
2025-07-29 17:40:00+00:00,167.9550018310547,168.07000732421875,167.86000061035156,168.07000732421875,50669
2025-07-29 17:45:00+00:00,168.01499938964844,168.05999755859375,167.8800048828125,167.9550018310547,42073
2025-07-29 17:50:00+00:00,168.0500030517578,168.1199951171875,167.94000244140625,168.0,68041
2025-07-29 17:55:00+00:00,168.13999938964844,168.1699981689453,167.97999572753906,168.0500030517578,86748
2025-07-29 18:00:00+00:00,168.10000610351562,168.19000244140625,168.0,168.1199951171875,43164
2025-07-29 18:05:00+00:00,168.0800018310547,168.13999938964844,168.02000427246094,168.11000061035156,44591
2025-07-29 18:10:00+00:00,168.17999267578125,168.22999572753906,168.0749969482422,168.08999633789062,34512
2025-07-29 18:15:00+00:00,168.22999572753906,168.23500061035156,168.13499450683594,168.1999969482422,34926
2025-07-29 18:20:00+00:00,168.20249938964844,168.25999450683594,168.11000061035156,168.23680114746094,29806
2025-07-29 18:25:00+00:00,168.08999633789062,168.22999572753906,168.07000732421875,168.19000244140625,49150
2025-07-29 18:30:00+00:00,168.18499755859375,168.25,168.10000610351562,168.10000610351562,36881
2025-07-29 18:35:00+00:00,168.1199951171875,168.27999877929688,168.11000061035156,168.18499755859375,59290
2025-07-29 18:40:00+00:00,167.97999572753906,168.16000366210938,167.94000244140625,168.14999389648438,90484
2025-07-29 18:45:00+00:00,167.82000732421875,167.96499633789062,167.80499267578125,167.96499633789062,58979
2025-07-29 18:50:00+00:00,167.77000427246094,167.94000244140625,167.75999450683594,167.85000610351562,38232
2025-07-29 18:55:00+00:00,167.7449951171875,167.7899932861328,167.72999572753906,167.7550048828125,34041
2025-07-29 19:00:00+00:00,167.6999969482422,167.7899932861328,167.66000366210938,167.75,55844
2025-07-29 19:05:00+00:00,167.69000244140625,167.6999969482422,167.57000732421875,167.6699981689453,46346
2025-07-29 19:10:00+00:00,167.69500732421875,167.6999969482422,167.58270263671875,167.67999267578125,44329
2025-07-29 19:15:00+00:00,167.6999969482422,167.74989318847656,167.63999938964844,167.69000244140625,65433
2025-07-29 19:20:00+00:00,167.64999389648438,167.75,167.62100219726562,167.7100067138672,75881
2025-07-29 19:25:00+00:00,167.75,167.77999877929688,167.64999389648438,167.64999389648438,63557
2025-07-29 19:30:00+00:00,167.88999938964844,167.9149932861328,167.74000549316406,167.74000549316406,72673
2025-07-29 19:35:00+00:00,167.85000610351562,167.91000366210938,167.81100463867188,167.8800048828125,86917
2025-07-29 19:40:00+00:00,167.88999938964844,167.97000122070312,167.8350067138672,167.83999633789062,133248
2025-07-29 19:45:00+00:00,167.8800048828125,168.0399932861328,167.85499572753906,167.8800048828125,133259
2025-07-29 19:50:00+00:00,167.75100708007812,167.9499969482422,167.69000244140625,167.85000610351562,160313
2025-07-29 19:55:00+00:00,168.1199951171875,168.19000244140625,167.75100708007812,167.75999450683594,415777
2025-07-30 13:30:00+00:00,167.72000122070312,168.5,167.2830047607422,167.69500732421875,256539
2025-07-30 13:35:00+00:00,168.05999755859375,168.0800018310547,167.76010131835938,167.78500366210938,27413
2025-07-30 13:40:00+00:00,168.02999877929688,168.10000610351562,167.86500549316406,168.05999755859375,35392
2025-07-30 13:45:00+00:00,168.15499877929688,168.27499389648438,168.05999755859375,168.07000732421875,26651
2025-07-30 13:50:00+00:00,168.19500732421875,168.19500732421875,167.99000549316406,168.1479034423828,23480
2025-07-30 13:55:00+00:00,168.3000030517578,168.30999755859375,168.07000732421875,168.1649932861328,35767
2025-07-30 14:00:00+00:00,168.25,168.5500030517578,168.25,168.2949981689453,47021
2025-07-30 14:05:00+00:00,168.39999389648438,168.39999389648438,168.1999969482422,168.1999969482422,39250
2025-07-30 14:10:00+00:00,168.21499633789062,168.3800048828125,168.16000366210938,168.3800048828125,49390
2025-07-30 14:15:00+00:00,168.10000610351562,168.2790069580078,168.05499267578125,168.21499633789062,53638
2025-07-30 14:20:00+00:00,168.30999755859375,168.30999755859375,168.11000061035156,168.11000061035156,48514
2025-07-30 14:25:00+00:00,168.1699981689453,168.2449951171875,168.0399932861328,168.2449951171875,28663
2025-07-30 14:30:00+00:00,168.2100067138672,168.25999450683594,168.11000061035156,168.14999389648438,35519
2025-07-30 14:35:00+00:00,168.3699951171875,168.4499969482422,168.19000244140625,168.22000122070312,54737
2025-07-30 14:40:00+00:00,168.35000610351562,168.46499633789062,168.25,168.3800048828125,41173
2025-07-30 14:45:00+00:00,168.14500427246094,168.38999938964844,168.02999877929688,168.3300018310547,56705
2025-07-30 14:50:00+00:00,168.07000732421875,168.1999969482422,168.07000732421875,168.16000366210938,30934
2025-07-30 14:55:00+00:00,167.97500610351562,168.10000610351562,167.8800048828125,168.02000427246094,49731
2025-07-30 15:00:00+00:00,167.7949981689453,168.0,167.75999450683594,167.99000549316406,53967
2025-07-30 15:05:00+00:00,167.67999267578125,167.8300018310547,167.6699981689453,167.8000030517578,31627
2025-07-30 15:10:00+00:00,167.66000366210938,167.8800048828125,167.60560607910156,167.66000366210938,66790
2025-07-30 15:15:00+00:00,167.85499572753906,167.88999938964844,167.5399932861328,167.64999389648438,62403
2025-07-30 15:20:00+00:00,167.8000030517578,167.91000366210938,167.77000427246094,167.85499572753906,58063
2025-07-30 15:25:00+00:00,167.6750030517578,167.7949981689453,167.6699981689453,167.7949981689453,36619
2025-07-30 15:30:00+00:00,167.67999267578125,167.72000122070312,167.57000732421875,167.66000366210938,41960
2025-07-30 15:35:00+00:00,167.38999938964844,167.69140625,167.38999938964844,167.69140625,36799
2025-07-30 15:40:00+00:00,167.21499633789062,167.36500549316406,167.10000610351562,167.36000061035156,56567
2025-07-30 15:45:00+00:00,167.3000030517578,167.38999938964844,167.22999572753906,167.22999572753906,30714
2025-07-30 15:50:00+00:00,167.49000549316406,167.61000061035156,167.27099609375,167.2899932861328,79304
2025-07-30 15:55:00+00:00,167.55499267578125,167.55999755859375,167.41000366210938,167.47000122070312,33888
2025-07-30 16:00:00+00:00,167.63999938964844,167.77000427246094,167.56500244140625,167.58349609375,38633
2025-07-30 16:05:00+00:00,167.80499267578125,167.80499267578125,167.6300048828125,167.64500427246094,49113
2025-07-30 16:10:00+00:00,167.77000427246094,167.86000061035156,167.75,167.80499267578125,40319
2025-07-30 16:15:00+00:00,167.8350067138672,167.88999938964844,167.72999572753906,167.77000427246094,40239
2025-07-30 16:20:00+00:00,167.9949951171875,168.0500030517578,167.85000610351562,167.85000610351562,32884
2025-07-30 16:25:00+00:00,168.08999633789062,168.10000610351562,168.00999450683594,168.00999450683594,19745
2025-07-30 16:30:00+00:00,168.1407928466797,168.2100067138672,168.02999877929688,168.0800018310547,23159
2025-07-30 16:35:00+00:00,168.07000732421875,168.23500061035156,168.0500030517578,168.14999389648438,22896
2025-07-30 16:40:00+00:00,168.11000061035156,168.1199951171875,168.00999450683594,168.07000732421875,23832
2025-07-30 16:45:00+00:00,168.0,168.19000244140625,168.0,168.11000061035156,39021
2025-07-30 16:50:00+00:00,168.0399932861328,168.05999755859375,167.97999572753906,167.99000549316406,22348
2025-07-30 16:55:00+00:00,168.0186004638672,168.14999389648438,168.01040649414062,168.05999755859375,35690
2025-07-30 17:00:00+00:00,168.02499389648438,168.04930114746094,167.9600067138672,168.02499389648438,36733
2025-07-30 17:05:00+00:00,168.0399932861328,168.08999633789062,167.99000549316406,168.02499389648438,25514
2025-07-30 17:10:00+00:00,168.05999755859375,168.0968017578125,168.02999877929688,168.0399932861328,26126
2025-07-30 17:15:00+00:00,167.97000122070312,168.0814971923828,167.92999267578125,168.07000732421875,26228
2025-07-30 17:20:00+00:00,167.94000244140625,167.99000549316406,167.88999938964844,167.97999572753906,22120
2025-07-30 17:25:00+00:00,168.0050048828125,168.07989501953125,167.93499755859375,167.93499755859375,38935
2025-07-30 17:30:00+00:00,168.02000427246094,168.1199951171875,168.0,168.02499389648438,37327
2025-07-30 17:35:00+00:00,168.22500610351562,168.23500061035156,168.01499938964844,168.02000427246094,32432
2025-07-30 17:40:00+00:00,168.30499267578125,168.36000061035156,168.18499755859375,168.24000549316406,40048
2025-07-30 17:45:00+00:00,168.36500549316406,168.39999389648438,168.25010681152344,168.30499267578125,86161
2025-07-30 17:50:00+00:00,168.4199981689453,168.42999267578125,168.35499572753906,168.3800048828125,23789
2025-07-30 17:55:00+00:00,168.4199981689453,168.5800018310547,168.41859436035156,168.4250030517578,38291
2025-07-30 18:00:00+00:00,168.375,168.52999877929688,168.3699951171875,168.4499969482422,47116
2025-07-30 18:05:00+00:00,168.30999755859375,168.36000061035156,168.22999572753906,168.36000061035156,48438
2025-07-30 18:10:00+00:00,168.13499450683594,168.36500549316406,168.1300048828125,168.30999755859375,33096
2025-07-30 18:15:00+00:00,168.25320434570312,168.25999450683594,168.10569763183594,168.1300048828125,25759
2025-07-30 18:20:00+00:00,168.2852020263672,168.32000732421875,168.2021026611328,168.27000427246094,35537
2025-07-30 18:25:00+00:00,168.375,168.39999389648438,168.2899932861328,168.32000732421875,25674
2025-07-30 18:30:00+00:00,168.5,168.5800018310547,168.375,168.38999938964844,39336
2025-07-30 18:35:00+00:00,168.19000244140625,168.61000061035156,168.17599487304688,168.52000427246094,51549
2025-07-30 18:40:00+00:00,168.11000061035156,168.1699981689453,168.01010131835938,168.1699981689453,58041
2025-07-30 18:45:00+00:00,167.9499969482422,168.1490020751953,167.94000244140625,168.08999633789062,42543
2025-07-30 18:50:00+00:00,167.77000427246094,167.9499969482422,167.68499755859375,167.9499969482422,62498
2025-07-30 18:55:00+00:00,167.5800018310547,167.8000030517578,167.55099487304688,167.77999877929688,46934
2025-07-30 19:00:00+00:00,167.17999267578125,167.66000366210938,167.10000610351562,167.5800018310547,72486
2025-07-30 19:05:00+00:00,167.3000030517578,167.30999755859375,167.10000610351562,167.17999267578125,75188
2025-07-30 19:10:00+00:00,167.3300018310547,167.42999267578125,167.25,167.2899932861328,71786
2025-07-30 19:15:00+00:00,167.3800048828125,167.44500732421875,167.22999572753906,167.33999633789062,72501
2025-07-30 19:20:00+00:00,167.07000732421875,167.4199981689453,167.07000732421875,167.38999938964844,68255
2025-07-30 19:25:00+00:00,167.0998992919922,167.25,167.0500030517578,167.07000732421875,78070
2025-07-30 19:30:00+00:00,166.88999938964844,167.1300048828125,166.77999877929688,167.1300048828125,76320
2025-07-30 19:35:00+00:00,167.0,167.0399932861328,166.82000732421875,166.88999938964844,61122
2025-07-30 19:40:00+00:00,166.88999938964844,167.0449981689453,166.80499267578125,167.00999450683594,65284
2025-07-30 19:45:00+00:00,166.97999572753906,167.1649932861328,166.86500549316406,166.88999938964844,99843
2025-07-30 19:50:00+00:00,166.99000549316406,167.1199951171875,166.80999755859375,166.97000122070312,123435
2025-07-30 19:55:00+00:00,167.25999450683594,167.3800048828125,166.97999572753906,166.97999572753906,374474
2025-07-31 13:30:00+00:00,166.27000427246094,166.5399932861328,165.07290649414062,165.92999267578125,288472
2025-07-31 13:35:00+00:00,166.55999755859375,166.68890380859375,165.97999572753906,166.35000610351562,55470
2025-07-31 13:40:00+00:00,166.2899932861328,166.5500030517578,166.22999572753906,166.5500030517578,155447
2025-07-31 13:45:00+00:00,166.2050018310547,166.32000732421875,165.8699951171875,166.2899932861328,88857
2025-07-31 13:50:00+00:00,166.3699951171875,166.39999389648438,166.17999267578125,166.2050018310547,93425
2025-07-31 13:55:00+00:00,166.72000122070312,166.89999389648438,166.32000732421875,166.32000732421875,69056
2025-07-31 14:00:00+00:00,166.55499267578125,166.80999755859375,166.49000549316406,166.73500061035156,63742
2025-07-31 14:05:00+00:00,166.38999938964844,166.72999572753906,166.35000610351562,166.55499267578125,63586
2025-07-31 14:10:00+00:00,166.28500366210938,166.5,166.16000366210938,166.38999938964844,134353
2025-07-31 14:15:00+00:00,166.51199340820312,166.63999938964844,166.2899932861328,166.2949981689453,54784
2025-07-31 14:20:00+00:00,166.36000061035156,166.6199951171875,166.25999450683594,166.52000427246094,66938
2025-07-31 14:25:00+00:00,166.82000732421875,166.8300018310547,166.26499938964844,166.34640502929688,77824
2025-07-31 14:30:00+00:00,166.64999389648438,166.8699951171875,166.52000427246094,166.8350067138672,93735
2025-07-31 14:35:00+00:00,166.83999633789062,166.9499969482422,166.63999938964844,166.66000366210938,83933
2025-07-31 14:40:00+00:00,166.91000366210938,167.07000732421875,166.77999877929688,166.83999633789062,59468
2025-07-31 14:45:00+00:00,166.81500244140625,166.9199981689453,166.69000244140625,166.8699951171875,64183
2025-07-31 14:50:00+00:00,166.63999938964844,166.98500061035156,166.61000061035156,166.80999755859375,60647
2025-07-31 14:55:00+00:00,166.74000549316406,166.75,166.42999267578125,166.61619567871094,56191
2025-07-31 15:00:00+00:00,166.64999389648438,166.80999755859375,166.5800018310547,166.71499633789062,43202
2025-07-31 15:05:00+00:00,166.7989044189453,166.86500549316406,166.47500610351562,166.63999938964844,46652
2025-07-31 15:10:00+00:00,166.4801025390625,166.76089477539062,166.4149932861328,166.76089477539062,38925
2025-07-31 15:15:00+00:00,166.3350067138672,166.7050018310547,166.3350067138672,166.52000427246094,47705
2025-07-31 15:20:00+00:00,166.5,166.57000732421875,166.25999450683594,166.33999633789062,46105
2025-07-31 15:25:00+00:00,166.41000366210938,166.5,166.24000549316406,166.5,57903
2025-07-31 15:30:00+00:00,166.47000122070312,166.55999755859375,166.39999389648438,166.44000244140625,40973
2025-07-31 15:35:00+00:00,166.3300018310547,166.60499572753906,166.3300018310547,166.48500061035156,46192
2025-07-31 15:40:00+00:00,166.36500549316406,166.47999572753906,166.32000732421875,166.35000610351562,53826
2025-07-31 15:45:00+00:00,166.41000366210938,166.50999450683594,166.33999633789062,166.36000061035156,50603
2025-07-31 15:50:00+00:00,166.4550018310547,166.50999450683594,166.33999633789062,166.41000366210938,26695
2025-07-31 15:55:00+00:00,166.3699951171875,166.50999450683594,166.2899932861328,166.47000122070312,28983
2025-07-31 16:00:00+00:00,166.35000610351562,166.52000427246094,166.30999755859375,166.3800048828125,32526
2025-07-31 16:05:00+00:00,166.3699951171875,166.4199981689453,166.2949981689453,166.35000610351562,37423
2025-07-31 16:10:00+00:00,166.25,166.35000610351562,166.21499633789062,166.33299255371094,30903
2025-07-31 16:15:00+00:00,166.02000427246094,166.27000427246094,165.99000549316406,166.2449951171875,37752
2025-07-31 16:20:00+00:00,166.10000610351562,166.1497039794922,165.99000549316406,166.02499389648438,37754
2025-07-31 16:25:00+00:00,166.32000732421875,166.35000610351562,166.08999633789062,166.10000610351562,43793
2025-07-31 16:30:00+00:00,166.41000366210938,166.41000366210938,166.12399291992188,166.32000732421875,45479
2025-07-31 16:35:00+00:00,166.5050048828125,166.5800018310547,166.3466033935547,166.36000061035156,30670
2025-07-31 16:40:00+00:00,166.2899932861328,166.52000427246094,166.2899932861328,166.5050048828125,45204
2025-07-31 16:45:00+00:00,166.44000244140625,166.44000244140625,166.32000732421875,166.32000732421875,51968
2025-07-31 16:50:00+00:00,166.5,166.5299072265625,166.3300018310547,166.42999267578125,34907
2025-07-31 16:55:00+00:00,166.63499450683594,166.69000244140625,166.5,166.50999450683594,40371
2025-07-31 17:00:00+00:00,166.53500366210938,166.63499450683594,166.48500061035156,166.55999755859375,32072
2025-07-31 17:05:00+00:00,166.55499267578125,166.64999389648438,166.50999450683594,166.53500366210938,32642
2025-07-31 17:10:00+00:00,166.61500549316406,166.6750030517578,166.5500030517578,166.57000732421875,35014
2025-07-31 17:15:00+00:00,166.66510009765625,166.77499389648438,166.58399963378906,166.61500549316406,51585
2025-07-31 17:20:00+00:00,166.5,166.6699981689453,166.48500061035156,166.66000366210938,49674
2025-07-31 17:25:00+00:00,166.4499969482422,166.52000427246094,166.3699951171875,166.50999450683594,101964
2025-07-31 17:30:00+00:00,166.24000549316406,166.47000122070312,166.0800018310547,166.43499755859375,51571
2025-07-31 17:35:00+00:00,166.0399932861328,166.26499938964844,165.8300018310547,166.24000549316406,59086
2025-07-31 17:40:00+00:00,165.90499877929688,166.0500030517578,165.860107421875,165.97999572753906,36479
2025-07-31 17:45:00+00:00,166.10000610351562,166.1199951171875,165.74000549316406,165.89500427246094,34042
2025-07-31 17:50:00+00:00,165.98500061035156,166.1300048828125,165.8300018310547,166.08999633789062,76556
2025-07-31 17:55:00+00:00,165.86000061035156,166.0399932861328,165.66000366210938,165.99000549316406,109206
2025-07-31 18:00:00+00:00,165.66000366210938,165.9199981689453,165.5,165.85000610351562,59972
2025-07-31 18:05:00+00:00,165.13999938964844,165.62899780273438,164.9499969482422,165.6199951171875,208926
2025-07-31 18:10:00+00:00,165.4600067138672,165.53500366210938,165.0800018310547,165.1699981689453,136751
2025-07-31 18:15:00+00:00,165.36000061035156,165.49000549316406,165.16000366210938,165.44000244140625,134827
2025-07-31 18:20:00+00:00,165.48500061035156,165.64999389648438,165.25999450683594,165.3800048828125,74059
2025-07-31 18:25:00+00:00,165.63999938964844,165.69000244140625,165.39999389648438,165.5050048828125,51481
2025-07-31 18:30:00+00:00,165.5,165.74000549316406,165.49000549316406,165.63999938964844,158342
2025-07-31 18:35:00+00:00,164.97000122070312,165.5399932861328,164.9600067138672,165.42999267578125,289993
2025-07-31 18:40:00+00:00,165.00999450683594,165.03500366210938,164.80999755859375,164.97999572753906,46704
2025-07-31 18:45:00+00:00,165.35000610351562,165.35989379882812,165.01499938964844,165.02999877929688,49815
2025-07-31 18:50:00+00:00,165.64999389648438,165.6699981689453,165.2899932861328,165.39999389648438,56532
2025-07-31 18:55:00+00:00,165.3800048828125,165.7895965576172,165.35000610351562,165.65499877929688,58231
2025-07-31 19:00:00+00:00,165.42999267578125,165.5405731201172,165.3249969482422,165.3699951171875,62907
2025-07-31 19:05:00+00:00,165.38499450683594,165.52999877929688,165.3000030517578,165.4250030517578,75178
2025-07-31 19:10:00+00:00,165.01499938964844,165.42999267578125,165.00999450683594,165.38999938964844,84745
2025-07-31 19:15:00+00:00,165.0,165.05999755859375,164.89999389648438,164.97999572753906,99259
2025-07-31 19:20:00+00:00,164.97999572753906,165.08999633789062,164.94000244140625,165.01499938964844,81580
2025-07-31 19:25:00+00:00,165.02940368652344,165.07899475097656,164.88999938964844,165.0,100881
2025-07-31 19:30:00+00:00,164.8800048828125,165.0850067138672,164.8300018310547,165.02999877929688,124917
2025-07-31 19:35:00+00:00,164.83999633789062,164.8800048828125,164.7100067138672,164.8699951171875,163071
2025-07-31 19:40:00+00:00,164.9199981689453,164.9499969482422,164.67999267578125,164.82000732421875,100615
2025-07-31 19:45:00+00:00,164.5908966064453,165.02999877929688,164.58999633789062,164.92999267578125,144018
2025-07-31 19:50:00+00:00,164.2899932861328,164.67990112304688,164.22999572753906,164.58999633789062,233471
2025-07-31 19:55:00+00:00,164.75,164.80999755859375,164.2899932861328,164.3000030517578,635394
2025-08-01 13:30:00+00:00,165.9355010986328,166.58509826660156,165.0500030517578,165.47500610351562,269211
2025-08-01 13:35:00+00:00,166.1300048828125,166.2050018310547,165.22000122070312,166.0,162574
2025-08-01 13:40:00+00:00,166.0800018310547,166.36000061035156,165.97000122070312,166.13999938964844,164356
2025-08-01 13:45:00+00:00,165.88999938964844,166.10000610351562,165.52499389648438,166.07000732421875,142404
2025-08-01 13:50:00+00:00,165.80349731445312,166.08999633789062,165.66000366210938,165.875,60266
2025-08-01 13:55:00+00:00,165.7899932861328,165.99029541015625,165.62159729003906,165.83999633789062,88112
2025-08-01 14:00:00+00:00,166.00180053710938,166.0800018310547,165.6999969482422,165.8000030517578,111863
2025-08-01 14:05:00+00:00,165.25999450683594,166.1199951171875,165.17010498046875,166.02000427246094,93002
2025-08-01 14:10:00+00:00,165.3699951171875,165.4199981689453,165.1199951171875,165.27000427246094,74665
2025-08-01 14:15:00+00:00,165.47000122070312,165.52999877929688,165.32000732421875,165.375,61759
2025-08-01 14:20:00+00:00,165.1262969970703,165.57989501953125,165.07000732421875,165.47000122070312,127281
2025-08-01 14:25:00+00:00,165.17539978027344,165.38999938964844,165.1199951171875,165.1999969482422,44181
2025-08-01 14:30:00+00:00,165.02499389648438,165.24000549316406,164.9499969482422,165.10499572753906,82190
2025-08-01 14:35:00+00:00,165.0,165.0399932861328,164.7899932861328,165.0,46823
2025-08-01 14:40:00+00:00,165.0500030517578,165.10000610351562,164.94000244140625,165.02999877929688,57383
2025-08-01 14:45:00+00:00,165.4199981689453,165.44000244140625,165.0,165.02999877929688,55857
2025-08-01 14:50:00+00:00,165.88999938964844,165.96499633789062,165.4199981689453,165.4600067138672,63048
2025-08-01 14:55:00+00:00,165.58880615234375,166.0,165.5850067138672,165.9149932861328,57877
2025-08-01 15:00:00+00:00,165.6300048828125,165.74000549316406,165.47999572753906,165.59500122070312,39165
2025-08-01 15:05:00+00:00,165.77000427246094,165.77000427246094,165.4550018310547,165.63999938964844,40729
2025-08-01 15:10:00+00:00,166.02999877929688,166.02999877929688,165.75999450683594,165.7899932861328,55441
2025-08-01 15:15:00+00:00,166.13999938964844,166.20579528808594,165.9499969482422,166.01499938964844,120536
2025-08-01 15:20:00+00:00,166.0749969482422,166.18499755859375,166.0399932861328,166.13999938964844,59919
2025-08-01 15:25:00+00:00,166.2899932861328,166.34500122070312,165.99000549316406,166.05999755859375,104418
2025-08-01 15:30:00+00:00,165.97000122070312,166.2899932861328,165.97000122070312,166.2899932861328,64564
2025-08-01 15:35:00+00:00,166.13999938964844,166.13999938964844,165.7550048828125,165.9499969482422,42204
2025-08-01 15:40:00+00:00,166.30999755859375,166.39990234375,166.15499877929688,166.16000366210938,63351
2025-08-01 15:45:00+00:00,166.22999572753906,166.3300018310547,166.16000366210938,166.2899932861328,61478
2025-08-01 15:50:00+00:00,166.1699981689453,166.27499389648438,166.11500549316406,166.24000549316406,46029
2025-08-01 15:55:00+00:00,166.1999969482422,166.22000122070312,166.13999938964844,166.16000366210938,27053
2025-08-01 16:00:00+00:00,166.39999389648438,166.41000366210938,166.1750030517578,166.1999969482422,27555
2025-08-01 16:05:00+00:00,166.3000030517578,166.47999572753906,166.2899932861328,166.42999267578125,58448
2025-08-01 16:10:00+00:00,166.5500030517578,166.57000732421875,166.32000732421875,166.33999633789062,88119
2025-08-01 16:15:00+00:00,166.50599670410156,166.57040405273438,166.47999572753906,166.55999755859375,56180
2025-08-01 16:20:00+00:00,166.47000122070312,166.5800018310547,166.42999267578125,166.49000549316406,45125
2025-08-01 16:25:00+00:00,166.39999389648438,166.52499389648438,166.39999389648438,166.47000122070312,35690
2025-08-01 16:30:00+00:00,166.4272003173828,166.48460388183594,166.22999572753906,166.39999389648438,54318
2025-08-01 16:35:00+00:00,166.3350067138672,166.47999572753906,166.3000030517578,166.4250030517578,49136
2025-08-01 16:40:00+00:00,166.41000366210938,166.41000366210938,166.24000549316406,166.3300018310547,53504
2025-08-01 16:45:00+00:00,166.4499969482422,166.55999755859375,166.35000610351562,166.38999938964844,36825
2025-08-01 16:50:00+00:00,166.61000061035156,166.67999267578125,166.39999389648438,166.4499969482422,43030
2025-08-01 16:55:00+00:00,166.67990112304688,166.67990112304688,166.5,166.6199951171875,44624
2025-08-01 17:00:00+00:00,166.68499755859375,166.82000732421875,166.66000366210938,166.67999267578125,74278
2025-08-01 17:05:00+00:00,166.63499450683594,166.77000427246094,166.6204071044922,166.6699981689453,41789
2025-08-01 17:10:00+00:00,166.80999755859375,166.80999755859375,166.65499877929688,166.66000366210938,45648
2025-08-01 17:15:00+00:00,166.86000061035156,166.92999267578125,166.78500366210938,166.8000030517578,88196
2025-08-01 17:20:00+00:00,167.00999450683594,167.0399932861328,166.8300018310547,166.8699951171875,81521
2025-08-01 17:25:00+00:00,166.86500549316406,167.08999633789062,166.78500366210938,167.0050048828125,71780
2025-08-01 17:30:00+00:00,166.94000244140625,166.9600067138672,166.77000427246094,166.86000061035156,48073
2025-08-01 17:35:00+00:00,166.86000061035156,166.99000549316406,166.75999450683594,166.9199981689453,74199
2025-08-01 17:40:00+00:00,166.8249969482422,166.9199981689453,166.74549865722656,166.8699951171875,56746
2025-08-01 17:45:00+00:00,167.02999877929688,167.02999877929688,166.7899932861328,166.82240295410156,83520
2025-08-01 17:50:00+00:00,167.1699981689453,167.17999267578125,167.02999877929688,167.02999877929688,70478
2025-08-01 17:55:00+00:00,167.02999877929688,167.1649932861328,166.8350067138672,167.16000366210938,122571
2025-08-01 18:00:00+00:00,167.22000122070312,167.25,166.9600067138672,167.0399932861328,96818
2025-08-01 18:05:00+00:00,167.25999450683594,167.3800048828125,167.19000244140625,167.2100067138672,96051
2025-08-01 18:10:00+00:00,167.27999877929688,167.3800048828125,167.22500610351562,167.25,58227
2025-08-01 18:15:00+00:00,167.16000366210938,167.41000366210938,167.16000366210938,167.27499389648438,69917
2025-08-01 18:20:00+00:00,167.13499450683594,167.38999938964844,167.13499450683594,167.1699981689453,89265
2025-08-01 18:25:00+00:00,167.25,167.25999450683594,167.00999450683594,167.13999938964844,133573
2025-08-01 18:30:00+00:00,167.4499969482422,167.45989990234375,167.19000244140625,167.25,100381
2025-08-01 18:35:00+00:00,167.40249633789062,167.52999877929688,167.34500122070312,167.4499969482422,99838
2025-08-01 18:40:00+00:00,167.38999938964844,167.4199981689453,167.24000549316406,167.40499877929688,95684
2025-08-01 18:45:00+00:00,167.5601043701172,167.5800018310547,167.36090087890625,167.3699951171875,91299
2025-08-01 18:50:00+00:00,167.4600067138672,167.60000610351562,167.4199981689453,167.5800018310547,135920
2025-08-01 18:55:00+00:00,167.4499969482422,167.52999877929688,167.35499572753906,167.47000122070312,182897
2025-08-01 19:00:00+00:00,167.3800048828125,167.60000610351562,167.2899932861328,167.44000244140625,153083
2025-08-01 19:05:00+00:00,167.10000610351562,167.39999389648438,167.07000732421875,167.3699951171875,100308
2025-08-01 19:10:00+00:00,167.2050018310547,167.3000030517578,167.07000732421875,167.10000610351562,103543
2025-08-01 19:15:00+00:00,167.2050018310547,167.2998046875,167.1199951171875,167.2100067138672,73257
2025-08-01 19:20:00+00:00,167.14999389648438,167.2050018310547,166.9810028076172,167.1999969482422,114058
2025-08-01 19:25:00+00:00,167.27999877929688,167.32200622558594,167.10499572753906,167.1300048828125,76987
2025-08-01 19:30:00+00:00,167.39999389648438,167.5,167.1999969482422,167.27999877929688,262045
2025-08-01 19:35:00+00:00,167.30099487304688,167.42999267578125,167.22000122070312,167.38999938964844,120310
2025-08-01 19:40:00+00:00,167.3699951171875,167.50999450683594,167.2899932861328,167.32000732421875,116560
2025-08-01 19:45:00+00:00,167.57000732421875,167.6199951171875,167.2445068359375,167.3699951171875,160653
2025-08-01 19:50:00+00:00,167.4499969482422,167.58999633789062,167.25999450683594,167.5800018310547,264846
2025-08-01 19:55:00+00:00,167.30999755859375,167.47000122070312,167.2200927734375,167.4499969482422,631038
2025-08-04 13:30:00+00:00,168.53500366210938,168.60000610351562,166.63999938964844,167.02999877929688,295759
2025-08-04 13:35:00+00:00,167.97000122070312,168.77000427246094,167.8800048828125,168.53500366210938,103044
2025-08-04 13:40:00+00:00,168.00999450683594,168.12989807128906,167.72999572753906,167.9199981689453,54225
2025-08-04 13:45:00+00:00,167.6199951171875,167.97999572753906,167.5531005859375,167.9600067138672,35871
2025-08-04 13:50:00+00:00,168.00999450683594,168.11000061035156,167.61000061035156,167.6199951171875,65973
2025-08-04 13:55:00+00:00,168.1623992919922,168.1623992919922,167.8800048828125,168.02999877929688,46846
2025-08-04 14:00:00+00:00,167.94000244140625,168.25999450683594,167.82000732421875,168.11000061035156,81186
2025-08-04 14:05:00+00:00,167.88999938964844,167.92250061035156,167.72000122070312,167.85000610351562,70328
2025-08-04 14:10:00+00:00,167.84500122070312,167.9250030517578,167.66099548339844,167.88999938964844,55652
2025-08-04 14:15:00+00:00,168.0,168.08999633789062,167.80999755859375,167.82009887695312,46449
2025-08-04 14:20:00+00:00,168.1300048828125,168.1300048828125,167.8699951171875,168.0,53198
2025-08-04 14:25:00+00:00,168.1999969482422,168.25999450683594,167.97500610351562,168.13999938964844,73189
2025-08-04 14:30:00+00:00,167.85000610351562,168.25999450683594,167.85000610351562,168.24000549316406,51040
2025-08-04 14:35:00+00:00,168.10000610351562,168.10000610351562,167.83009338378906,167.86500549316406,56268
2025-08-04 14:40:00+00:00,168.14999389648438,168.27000427246094,168.02999877929688,168.10000610351562,101266
2025-08-04 14:45:00+00:00,168.63999938964844,168.67999267578125,168.14999389648438,168.14999389648438,182723
2025-08-04 14:50:00+00:00,168.7899932861328,168.8000030517578,168.5800018310547,168.610107421875,104250
2025-08-04 14:55:00+00:00,168.5800018310547,168.83999633789062,168.5749969482422,168.77000427246094,131952
2025-08-04 15:00:00+00:00,168.8699951171875,168.88999938964844,168.5749969482422,168.58999633789062,86239
2025-08-04 15:05:00+00:00,168.94000244140625,169.01499938964844,168.8000030517578,168.8800048828125,158568
2025-08-04 15:10:00+00:00,169.25,169.3300018310547,168.9600067138672,168.9600067138672,326559
2025-08-04 15:15:00+00:00,169.0399932861328,169.3000030517578,168.9499969482422,169.25,98915
2025-08-04 15:20:00+00:00,168.9550018310547,169.05999755859375,168.83999633789062,169.02999877929688,56761
2025-08-04 15:25:00+00:00,168.82009887695312,168.97999572753906,168.8000030517578,168.92999267578125,77856
2025-08-04 15:30:00+00:00,169.11000061035156,169.11500549316406,168.80499267578125,168.83999633789062,92830
2025-08-04 15:35:00+00:00,169.16000366210938,169.3300018310547,169.0500030517578,169.11000061035156,140532
2025-08-04 15:40:00+00:00,169.2100067138672,169.25,169.05999755859375,169.14999389648438,81075
2025-08-04 15:45:00+00:00,169.3350067138672,169.3699951171875,169.1699981689453,169.2100067138672,81920
2025-08-04 15:50:00+00:00,169.3800048828125,169.3800048828125,169.22000122070312,169.3350067138672,110330
2025-08-04 15:55:00+00:00,169.47999572753906,169.5,169.35000610351562,169.38999938964844,161001
2025-08-04 16:00:00+00:00,169.47000122070312,169.5500030517578,169.41000366210938,169.47999572753906,91238
2025-08-04 16:05:00+00:00,169.47999572753906,169.52999877929688,169.38250732421875,169.4600067138672,73627
2025-08-04 16:10:00+00:00,169.30999755859375,169.5050048828125,169.2949981689453,169.49000549316406,86681
2025-08-04 16:15:00+00:00,169.30499267578125,169.38999938964844,169.0399932861328,169.30999755859375,257023
2025-08-04 16:20:00+00:00,169.41000366210938,169.47999572753906,169.2899932861328,169.2899932861328,52809
2025-08-04 16:25:00+00:00,169.22999572753906,169.4250030517578,169.17999267578125,169.4250030517578,93896
2025-08-04 16:30:00+00:00,169.47000122070312,169.47000122070312,169.21640014648438,169.25,67370
2025-08-04 16:35:00+00:00,169.468994140625,169.5,169.35000610351562,169.47000122070312,416914
2025-08-04 16:40:00+00:00,169.55999755859375,169.6300048828125,169.4250030517578,169.4550018310547,85725
2025-08-04 16:45:00+00:00,169.47999572753906,169.5749969482422,169.4199981689453,169.5749969482422,0
2025-08-04 16:50:00+00:00,169.49000549316406,169.52000427246094,169.4499969482422,169.47999572753906,52487
2025-08-04 16:55:00+00:00,169.4499969482422,169.5500030517578,169.4499969482422,169.5,71000
2025-08-04 17:00:00+00:00,169.5500030517578,169.5500030517578,169.4499969482422,169.4499969482422,64557
2025-08-04 17:05:00+00:00,169.5800018310547,169.7100067138672,169.52999877929688,169.5500030517578,70553
2025-08-04 17:10:00+00:00,169.66000366210938,169.68499755859375,169.5399932861328,169.55499267578125,90163
2025-08-04 17:15:00+00:00,169.55999755859375,169.72000122070312,169.5500030517578,169.66000366210938,64435
2025-08-04 17:20:00+00:00,169.6772003173828,169.7100067138672,169.5500030517578,169.55999755859375,62351
2025-08-04 17:25:00+00:00,169.5800018310547,169.67999267578125,169.5399932861328,169.6699981689453,55458
2025-08-04 17:30:00+00:00,169.74000549316406,169.75,169.5399932861328,169.58999633789062,46774
2025-08-04 17:35:00+00:00,169.63999938964844,169.75,169.5800018310547,169.74000549316406,62522
2025-08-04 17:40:00+00:00,169.64999389648438,169.74000549316406,169.60499572753906,169.64999389648438,71502
2025-08-04 17:45:00+00:00,169.5,169.6699981689453,169.49000549316406,169.65989685058594,55981
2025-08-04 17:50:00+00:00,169.52000427246094,169.56500244140625,169.44000244140625,169.5198974609375,54814
2025-08-04 17:55:00+00:00,169.46499633789062,169.52999877929688,169.41000366210938,169.52000427246094,52016
2025-08-04 18:00:00+00:00,169.67999267578125,169.6999969482422,169.42999267578125,169.4600067138672,107190
2025-08-04 18:05:00+00:00,169.6699981689453,169.75,169.6002960205078,169.67999267578125,70049
2025-08-04 18:10:00+00:00,169.77000427246094,169.7899932861328,169.63999938964844,169.66000366210938,73052
2025-08-04 18:15:00+00:00,169.82000732421875,169.85000610351562,169.75,169.7698974609375,78920
2025-08-04 18:20:00+00:00,169.9199981689453,169.9499969482422,169.8000030517578,169.80999755859375,109101
2025-08-04 18:25:00+00:00,169.91000366210938,170.0,169.88999938964844,169.92999267578125,244132
2025-08-04 18:30:00+00:00,170.03500366210938,170.11000061035156,169.8800048828125,169.9149932861328,645248
2025-08-04 18:35:00+00:00,170.02000427246094,170.0800018310547,169.83999633789062,170.02999877929688,140344
2025-08-04 18:40:00+00:00,170.02999877929688,170.08999633789062,169.9499969482422,170.02040100097656,85318
2025-08-04 18:45:00+00:00,170.14999389648438,170.14999389648438,170.00010681152344,170.0395965576172,142025
2025-08-04 18:50:00+00:00,170.17999267578125,170.2100067138672,170.09500122070312,170.16000366210938,194795
2025-08-04 18:55:00+00:00,170.1300048828125,170.19000244140625,169.97999572753906,170.17999267578125,164402
2025-08-04 19:00:00+00:00,170.1999969482422,170.30999755859375,170.11000061035156,170.12820434570312,179906
2025-08-04 19:05:00+00:00,170.27000427246094,170.2899932861328,170.1300048828125,170.2100067138672,139362
2025-08-04 19:10:00+00:00,170.41000366210938,170.5,170.25,170.26499938964844,159778
2025-08-04 19:15:00+00:00,170.47999572753906,170.5399932861328,170.36000061035156,170.36000061035156,157889
2025-08-04 19:20:00+00:00,170.61000061035156,170.64999389648438,170.47000122070312,170.49000549316406,197573
2025-08-04 19:25:00+00:00,170.55499267578125,170.69000244140625,170.4600067138672,170.61000061035156,158057
2025-08-04 19:30:00+00:00,170.4949951171875,170.61000061035156,170.47999572753906,170.56979370117188,157625
2025-08-04 19:35:00+00:00,170.6300048828125,170.63999938964844,170.4949951171875,170.4949951171875,145722
2025-08-04 19:40:00+00:00,170.65499877929688,170.72999572753906,170.5500030517578,170.6300048828125,188645
2025-08-04 19:45:00+00:00,170.82000732421875,170.85499572753906,170.5800018310547,170.658203125,239574
2025-08-04 19:50:00+00:00,171.0850067138672,171.0850067138672,170.74000549316406,170.8300018310547,579565
2025-08-04 19:55:00+00:00,171.10000610351562,171.19000244140625,170.97999572753906,171.0800018310547,937627
2025-08-05 13:30:00+00:00,170.75999450683594,171.0,170.0,170.5399932861328,298610
2025-08-05 13:35:00+00:00,170.85499572753906,171.02000427246094,170.60000610351562,170.75,122680
2025-08-05 13:40:00+00:00,171.05999755859375,171.36000061035156,170.88999938964844,170.88999938964844,140575
2025-08-05 13:45:00+00:00,170.3300018310547,171.1300048828125,170.3300018310547,171.02999877929688,66347
2025-08-05 13:50:00+00:00,170.14999389648438,170.49000549316406,170.1197967529297,170.31500244140625,72585
2025-08-05 13:55:00+00:00,169.99000549316406,170.27999877929688,169.8000030517578,170.16000366210938,90345
2025-08-05 14:00:00+00:00,169.96499633789062,170.10000610351562,169.8300018310547,169.92999267578125,62760
2025-08-05 14:05:00+00:00,169.9149932861328,170.00999450683594,169.7899932861328,169.9199981689453,82232
2025-08-05 14:10:00+00:00,169.9149932861328,170.0,169.64999389648438,169.88999938964844,60732
2025-08-05 14:15:00+00:00,170.13499450683594,170.1999969482422,169.91000366210938,169.94000244140625,71646
2025-08-05 14:20:00+00:00,170.2050018310547,170.30999755859375,170.0399932861328,170.14999389648438,71288
2025-08-05 14:25:00+00:00,170.47000122070312,170.47000122070312,170.1699981689453,170.2100067138672,58196
2025-08-05 14:30:00+00:00,170.61000061035156,170.77000427246094,170.36000061035156,170.47500610351562,83042
2025-08-05 14:35:00+00:00,170.83999633789062,170.88999938964844,170.61000061035156,170.6199951171875,90619
2025-08-05 14:40:00+00:00,171.24000549316406,171.25,170.86000061035156,170.86000061035156,110208
2025-08-05 14:45:00+00:00,171.4600067138672,171.55499267578125,171.18499755859375,171.22000122070312,158031
2025-08-05 14:50:00+00:00,170.85000610351562,171.47999572753906,170.80999755859375,171.4600067138672,78909
2025-08-05 14:55:00+00:00,170.49859619140625,170.8699951171875,170.4499969482422,170.85000610351562,66468
2025-08-05 15:00:00+00:00,170.19000244140625,170.59500122070312,170.17999267578125,170.5,87311
2025-08-05 15:05:00+00:00,170.02499389648438,170.25,170.02499389648438,170.2100067138672,73397
2025-08-05 15:10:00+00:00,169.97999572753906,170.1439971923828,169.94000244140625,170.02529907226562,67008
2025-08-05 15:15:00+00:00,169.97500610351562,170.05999755859375,169.91000366210938,169.96270751953125,46838
2025-08-05 15:20:00+00:00,170.13999938964844,170.22000122070312,169.89999389648438,169.94000244140625,70166
2025-08-05 15:25:00+00:00,170.36500549316406,170.39999389648438,170.13999938964844,170.14999389648438,54463
2025-08-05 15:30:00+00:00,170.36500549316406,170.39999389648438,170.27499389648438,170.35499572753906,98589
2025-08-05 15:35:00+00:00,170.34010314941406,170.38999938964844,170.10000610351562,170.3800048828125,110545
2025-08-05 15:40:00+00:00,170.34500122070312,170.47000122070312,170.27000427246094,170.32000732421875,42173
2025-08-05 15:45:00+00:00,170.27000427246094,170.39999389648438,170.22000122070312,170.3249969482422,41981
2025-08-05 15:50:00+00:00,170.17999267578125,170.2899932861328,170.1199951171875,170.2449951171875,26897
2025-08-05 15:55:00+00:00,170.14999389648438,170.1999969482422,170.11500549316406,170.1750030517578,28193
2025-08-05 16:00:00+00:00,170.25,170.2899932861328,170.1051025390625,170.1699981689453,38517
2025-08-05 16:05:00+00:00,170.16000366210938,170.27999877929688,170.10499572753906,170.25,33615
2025-08-05 16:10:00+00:00,170.0850067138672,170.1699981689453,170.05999755859375,170.13999938964844,34706
2025-08-05 16:15:00+00:00,170.0850067138672,170.16000366210938,170.0500030517578,170.0800018310547,27564
2025-08-05 16:20:00+00:00,170.08999633789062,170.10000610351562,170.00999450683594,170.10000610351562,30284
2025-08-05 16:25:00+00:00,170.125,170.13999938964844,170.02999877929688,170.0800018310547,27917
2025-08-05 16:30:00+00:00,170.1999969482422,170.22000122070312,170.09950256347656,170.13470458984375,32599
2025-08-05 16:35:00+00:00,170.19000244140625,170.32000732421875,170.1699981689453,170.19000244140625,23119
2025-08-05 16:40:00+00:00,170.14999389648438,170.2100067138672,170.07000732421875,170.17999267578125,29301
2025-08-05 16:45:00+00:00,170.16000366210938,170.16000366210938,170.07000732421875,170.1199951171875,24885
2025-08-05 16:50:00+00:00,170.25,170.25,170.1300048828125,170.16000366210938,33351
2025-08-05 16:55:00+00:00,170.18460083007812,170.27999877929688,170.16000366210938,170.25999450683594,30224
2025-08-05 17:00:00+00:00,170.2899932861328,170.2899932861328,170.1750030517578,170.1750030517578,31765
2025-08-05 17:05:00+00:00,170.25,170.30799865722656,170.14999389648438,170.3000030517578,26159
2025-08-05 17:10:00+00:00,170.25999450683594,170.27999877929688,170.17999267578125,170.25999450683594,23994
2025-08-05 17:15:00+00:00,170.2550048828125,170.3199005126953,170.25,170.27000427246094,25066
2025-08-05 17:20:00+00:00,170.0625,170.27000427246094,170.05999755859375,170.25,23541
2025-08-05 17:25:00+00:00,170.10000610351562,170.11000061035156,170.02999877929688,170.0500030517578,25180
2025-08-05 17:30:00+00:00,170.1699981689453,170.17999267578125,170.0800018310547,170.10000610351562,27036
2025-08-05 17:35:00+00:00,170.16000366210938,170.1699981689453,170.04449462890625,170.1699981689453,40194
2025-08-05 17:40:00+00:00,170.135498046875,170.2100067138672,170.08999633789062,170.17010498046875,24104
2025-08-05 17:45:00+00:00,170.0749969482422,170.14500427246094,170.03500366210938,170.14500427246094,36404
2025-08-05 17:50:00+00:00,169.99000549316406,170.13999938964844,169.97999572753906,170.08999633789062,87936
2025-08-05 17:55:00+00:00,169.9600067138672,170.0417022705078,169.94500732421875,170.0,34151
2025-08-05 18:00:00+00:00,169.94000244140625,170.02999877929688,169.89999389648438,169.9550018310547,40032
2025-08-05 18:05:00+00:00,169.97999572753906,170.00750732421875,169.8699951171875,169.9250030517578,37670
2025-08-05 18:10:00+00:00,170.13999938964844,170.14999389648438,169.93499755859375,169.97999572753906,57042
2025-08-05 18:15:00+00:00,170.21499633789062,170.25999450683594,170.0800018310547,170.13999938964844,74498
2025-08-05 18:20:00+00:00,170.2899932861328,170.3300018310547,170.22000122070312,170.22000122070312,39040
2025-08-05 18:25:00+00:00,170.27000427246094,170.34500122070312,170.24000549316406,170.27499389648438,77937
2025-08-05 18:30:00+00:00,170.25,170.30999755859375,170.21499633789062,170.27000427246094,83288
2025-08-05 18:35:00+00:00,170.25999450683594,170.33999633789062,170.22999572753906,170.25999450683594,47961
2025-08-05 18:40:00+00:00,170.30999755859375,170.33999633789062,170.24000549316406,170.25,65876
2025-08-05 18:45:00+00:00,170.32000732421875,170.3574981689453,170.27999877929688,170.3300018310547,46425
2025-08-05 18:50:00+00:00,170.36000061035156,170.41000366210938,170.27999877929688,170.32000732421875,52583
2025-08-05 18:55:00+00:00,170.27000427246094,170.38999938964844,170.2550048828125,170.3699951171875,52206
2025-08-05 19:00:00+00:00,170.4949951171875,170.50970458984375,170.27999877929688,170.27999877929688,47529
2025-08-05 19:05:00+00:00,170.65499877929688,170.66000366210938,170.49000549316406,170.50999450683594,72659
2025-08-05 19:10:00+00:00,170.5500030517578,170.74000549316406,170.5500030517578,170.65499877929688,86416
2025-08-05 19:15:00+00:00,170.10000610351562,170.5500030517578,170.07000732421875,170.5399932861328,164639
2025-08-05 19:20:00+00:00,170.2100067138672,170.22999572753906,170.02999877929688,170.09500122070312,316747
2025-08-05 19:25:00+00:00,170.0749969482422,170.36990356445312,170.02000427246094,170.1999969482422,144355
2025-08-05 19:30:00+00:00,169.97000122070312,170.0800018310547,169.9199981689453,170.07000732421875,125818
2025-08-05 19:35:00+00:00,169.9149932861328,170.0,169.83999633789062,169.97000122070312,123607
2025-08-05 19:40:00+00:00,169.97000122070312,169.97500610351562,169.83999633789062,169.91000366210938,141490
2025-08-05 19:45:00+00:00,170.0850067138672,170.1300048828125,169.85000610351562,169.94000244140625,112983
2025-08-05 19:50:00+00:00,170.39999389648438,170.4199981689453,170.07000732421875,170.10000610351562,168734
2025-08-05 19:55:00+00:00,170.74000549316406,170.82000732421875,170.34100341796875,170.39999389648438,688053
2025-08-06 13:30:00+00:00,170.2100067138672,170.2899932861328,169.67999267578125,169.91000366210938,248033
2025-08-06 13:35:00+00:00,169.84500122070312,170.1300048828125,169.80999755859375,170.08009338378906,98590
2025-08-06 13:40:00+00:00,170.05999755859375,170.22000122070312,169.8300018310547,169.8300018310547,90761
2025-08-06 13:45:00+00:00,170.14500427246094,170.19000244140625,169.91000366210938,170.05999755859375,160718
2025-08-06 13:50:00+00:00,170.2050018310547,170.30999755859375,170.00999450683594,170.14500427246094,133468
2025-08-06 13:55:00+00:00,169.84500122070312,170.39999389648438,169.82000732421875,170.1699981689453,70565
2025-08-06 14:00:00+00:00,170.21499633789062,170.22999572753906,169.72500610351562,169.82000732421875,107521
2025-08-06 14:05:00+00:00,170.39999389648438,170.4199981689453,170.0500030517578,170.1999969482422,83728
2025-08-06 14:10:00+00:00,170.6199951171875,170.6300048828125,170.3800048828125,170.38999938964844,69404
2025-08-06 14:15:00+00:00,170.97000122070312,171.0500030517578,170.57009887695312,170.6199951171875,151035
2025-08-06 14:20:00+00:00,170.88999938964844,171.0500030517578,170.83999633789062,170.9600067138672,109592
2025-08-06 14:25:00+00:00,170.77999877929688,171.0,170.7239990234375,170.89999389648438,91978
2025-08-06 14:30:00+00:00,170.7550048828125,170.8000030517578,170.50999450683594,170.8000030517578,62279
2025-08-06 14:35:00+00:00,170.875,171.1199951171875,170.6699981689453,170.7050018310547,83152
2025-08-06 14:40:00+00:00,171.13499450683594,171.28500366210938,170.82009887695312,170.89999389648438,64290
2025-08-06 14:45:00+00:00,171.25999450683594,171.4199981689453,170.9949951171875,171.1497039794922,71034
2025-08-06 14:50:00+00:00,171.0800018310547,171.2550048828125,171.0,171.25,62798
2025-08-06 14:55:00+00:00,171.11000061035156,171.16000366210938,170.9499969482422,171.0500030517578,88266
2025-08-06 15:00:00+00:00,171.33999633789062,171.3699951171875,170.9949951171875,171.1295928955078,117672
2025-08-06 15:05:00+00:00,171.27000427246094,171.41000366210938,171.1999969482422,171.32000732421875,156986
2025-08-06 15:10:00+00:00,171.3209991455078,171.38999938964844,171.0800018310547,171.27999877929688,232500
2025-08-06 15:15:00+00:00,171.42999267578125,171.49000549316406,171.3000030517578,171.3000030517578,97224
2025-08-06 15:20:00+00:00,171.3249969482422,171.50999450683594,171.27000427246094,171.44000244140625,62309
2025-08-06 15:25:00+00:00,171.47999572753906,171.52000427246094,171.22999572753906,171.322998046875,71050
2025-08-06 15:30:00+00:00,171.47500610351562,171.52999877929688,171.3300018310547,171.5,70273
2025-08-06 15:35:00+00:00,171.52999877929688,171.57000732421875,171.33999633789062,171.4499969482422,117581
2025-08-06 15:40:00+00:00,171.38499450683594,171.56500244140625,171.30499267578125,171.53179931640625,60555
2025-08-06 15:45:00+00:00,171.5,171.5500030517578,171.38999938964844,171.3946075439453,51421
2025-08-06 15:50:00+00:00,171.6699981689453,171.6699981689453,171.49000549316406,171.50999450683594,59556
2025-08-06 15:55:00+00:00,171.8800048828125,171.9199981689453,171.63999938964844,171.66000366210938,102544
2025-08-06 16:00:00+00:00,171.63999938964844,171.89999389648438,171.61500549316406,171.8845977783203,95738
2025-08-06 16:05:00+00:00,171.8699951171875,171.91000366210938,171.61000061035156,171.66000366210938,44122
2025-08-06 16:10:00+00:00,171.84649658203125,171.91000366210938,171.72000122070312,171.83999633789062,97286
2025-08-06 16:15:00+00:00,171.69000244140625,171.8386993408203,171.6300048828125,171.8386993408203,57994
2025-08-06 16:20:00+00:00,171.64219665527344,171.69000244140625,171.55499267578125,171.67999267578125,29269
2025-08-06 16:25:00+00:00,171.8300018310547,171.86000061035156,171.66000366210938,171.66000366210938,37770
2025-08-06 16:30:00+00:00,172.1199951171875,172.16000366210938,171.83999633789062,171.83999633789062,234291
2025-08-06 16:35:00+00:00,172.08999633789062,172.17999267578125,172.0800018310547,172.13999938964844,37043
2025-08-06 16:40:00+00:00,171.89840698242188,172.1300048828125,171.88380432128906,172.08999633789062,98151
2025-08-06 16:45:00+00:00,171.49009704589844,171.9199981689453,171.47999572753906,171.89999389648438,79826
2025-08-06 16:50:00+00:00,171.5800018310547,171.60000610351562,171.3000030517578,171.5,36442
2025-08-06 16:55:00+00:00,171.4550018310547,171.58999633789062,171.3350067138672,171.5850067138672,36324
2025-08-06 17:00:00+00:00,171.42999267578125,171.52000427246094,171.3300018310547,171.44000244140625,33071
2025-08-06 17:05:00+00:00,171.5,171.5800018310547,171.4199981689453,171.42999267578125,20772
2025-08-06 17:10:00+00:00,171.5,171.57000732421875,171.36000061035156,171.52000427246094,32607
2025-08-06 17:15:00+00:00,171.5500030517578,171.57000732421875,171.5,171.5,24400
2025-08-06 17:20:00+00:00,171.47000122070312,171.63999938964844,171.47000122070312,171.5500030517578,28810
2025-08-06 17:25:00+00:00,171.52999877929688,171.61000061035156,171.4550018310547,171.47000122070312,33806
2025-08-06 17:30:00+00:00,171.86000061035156,171.88999938964844,171.47000122070312,171.52499389648438,46961
2025-08-06 17:35:00+00:00,171.63839721679688,171.88999938964844,171.63839721679688,171.88999938964844,58263
2025-08-06 17:40:00+00:00,171.6199951171875,171.72500610351562,171.47999572753906,171.6199951171875,103229
2025-08-06 17:45:00+00:00,171.63999938964844,171.72999572753906,171.5800018310547,171.6300048828125,77945
2025-08-06 17:50:00+00:00,171.6199951171875,171.69000244140625,171.58999633789062,171.64999389648438,39644
2025-08-06 17:55:00+00:00,171.5050048828125,171.65499877929688,171.49000549316406,171.6300048828125,53733
2025-08-06 18:00:00+00:00,171.5050048828125,171.5800018310547,171.4199981689453,171.50999450683594,62366
2025-08-06 18:05:00+00:00,171.60000610351562,171.60000610351562,171.47000122070312,171.47999572753906,30635
2025-08-06 18:10:00+00:00,171.49000549316406,171.58999633789062,171.41000366210938,171.58470153808594,42998
2025-08-06 18:15:00+00:00,171.42999267578125,171.5500030517578,171.42999267578125,171.49000549316406,30506
2025-08-06 18:20:00+00:00,171.31500244140625,171.39999389648438,171.22000122070312,171.30999755859375,110189
2025-08-06 18:25:00+00:00,171.3300018310547,171.3300018310547,171.1999969482422,171.31500244140625,54323
2025-08-06 18:30:00+00:00,171.27999877929688,171.31500244140625,171.1750030517578,171.30999755859375,53854
2025-08-06 18:35:00+00:00,171.1699981689453,171.31500244140625,171.16000366210938,171.2899932861328,48670
2025-08-06 18:40:00+00:00,171.0821990966797,171.27000427246094,171.0821990966797,171.1699981689453,61904
2025-08-06 18:45:00+00:00,171.0500030517578,171.14999389648438,171.0,171.0850067138672,209169
2025-08-06 18:50:00+00:00,171.1999969482422,171.22000122070312,171.02999877929688,171.07000732421875,54385
2025-08-06 18:55:00+00:00,171.13999938964844,171.24000549316406,171.11000061035156,171.19320678710938,49159
2025-08-06 19:00:00+00:00,171.1699981689453,171.25999450683594,171.09500122070312,171.13499450683594,58880
2025-08-06 19:05:00+00:00,171.07000732421875,171.1999969482422,171.0,171.19000244140625,77734
2025-08-06 19:10:00+00:00,171.27999877929688,171.2899932861328,171.0850067138672,171.08999633789062,57086
2025-08-06 19:15:00+00:00,171.2550048828125,171.3249969482422,171.22500610351562,171.27999877929688,90229
2025-08-06 19:20:00+00:00,171.22999572753906,171.2899932861328,171.17999267578125,171.25,88063
2025-08-06 19:25:00+00:00,171.3300018310547,171.35000610351562,171.17999267578125,171.24000549316406,88696
2025-08-06 19:30:00+00:00,171.42999267578125,171.45989990234375,171.27999877929688,171.33999633789062,76401
2025-08-06 19:35:00+00:00,171.38999938964844,171.52000427246094,171.38999938964844,171.42999267578125,106167
2025-08-06 19:40:00+00:00,171.22999572753906,171.39999389648438,171.2100067138672,171.38999938964844,146441
2025-08-06 19:45:00+00:00,171.0,171.28500366210938,170.97999572753906,171.22000122070312,180187
2025-08-06 19:50:00+00:00,171.0800018310547,171.1699981689453,170.9499969482422,170.98500061035156,168572
2025-08-06 19:55:00+00:00,170.6199951171875,171.07000732421875,170.5500030517578,171.07000732421875,508695
2025-08-07 13:30:00+00:00,170.90499877929688,171.47500610351562,170.64999389648438,171.1699981689453,164291
2025-08-07 13:35:00+00:00,170.83999633789062,170.92999267578125,170.3800048828125,170.90499877929688,60213
2025-08-07 13:40:00+00:00,171.0,171.0399932861328,170.52999877929688,170.83999633789062,74980
2025-08-07 13:45:00+00:00,170.7899932861328,171.0,170.66000366210938,171.0,74842
2025-08-07 13:50:00+00:00,170.91700744628906,170.92999267578125,170.72000122070312,170.74000549316406,58027
2025-08-07 13:55:00+00:00,171.07000732421875,171.13499450683594,170.7949981689453,170.91000366210938,56880
2025-08-07 14:00:00+00:00,170.92999267578125,171.19000244140625,170.86000061035156,171.07000732421875,98870
2025-08-07 14:05:00+00:00,170.88999938964844,171.02999877929688,170.8699951171875,170.9499969482422,67893
2025-08-07 14:10:00+00:00,170.72000122070312,170.97999572753906,170.5399932861328,170.88499450683594,107121
2025-08-07 14:15:00+00:00,170.47999572753906,170.61500549316406,170.30999755859375,170.61500549316406,120111
2025-08-07 14:20:00+00:00,170.5,170.86000061035156,170.4499969482422,170.50999450683594,86623
2025-08-07 14:25:00+00:00,170.35000610351562,170.74000549316406,170.3000030517578,170.5,140181
2025-08-07 14:30:00+00:00,170.41000366210938,170.49000549316406,170.33999633789062,170.3800048828125,42094
2025-08-07 14:35:00+00:00,170.5,170.5399932861328,170.3699951171875,170.43499755859375,189409
2025-08-07 14:40:00+00:00,170.60499572753906,170.75999450683594,170.47000122070312,170.50999450683594,129714
2025-08-07 14:45:00+00:00,170.38040161132812,170.74000549316406,170.35000610351562,170.63999938964844,43520
2025-08-07 14:50:00+00:00,170.27000427246094,170.42999267578125,170.19000244140625,170.42959594726562,58662
2025-08-07 14:55:00+00:00,170.4499969482422,170.5449981689453,170.2899932861328,170.2899932861328,38672
2025-08-07 15:00:00+00:00,170.39500427246094,170.4499969482422,170.24000549316406,170.42999267578125,54357
2025-08-07 15:05:00+00:00,170.24000549316406,170.41000366210938,170.17010498046875,170.38999938964844,92979
2025-08-07 15:10:00+00:00,170.01499938964844,170.32000732421875,170.0,170.25999450683594,254081
2025-08-07 15:15:00+00:00,170.02000427246094,170.13999938964844,169.97000122070312,170.00999450683594,58758
2025-08-07 15:20:00+00:00,170.18499755859375,170.27999877929688,170.00999450683594,170.0399932861328,154177
2025-08-07 15:25:00+00:00,170.00999450683594,170.28500366210938,169.94000244140625,170.27999877929688,78433
2025-08-07 15:30:00+00:00,170.02999877929688,170.10000610351562,169.97000122070312,169.99000549316406,37081
2025-08-07 15:35:00+00:00,170.05999755859375,170.11000061035156,169.97500610351562,170.0399932861328,47527
2025-08-07 15:40:00+00:00,170.14999389648438,170.2100067138672,170.0399932861328,170.07989501953125,46918
2025-08-07 15:45:00+00:00,170.25999450683594,170.31500244140625,169.9199981689453,170.16000366210938,689052
2025-08-07 15:50:00+00:00,170.61500549316406,170.63999938964844,170.22000122070312,170.27000427246094,72299
2025-08-07 15:55:00+00:00,170.6999969482422,170.72500610351562,170.47999572753906,170.63499450683594,79484
2025-08-07 16:00:00+00:00,170.89999389648438,170.9199981689453,170.6999969482422,170.6999969482422,36431
2025-08-07 16:05:00+00:00,170.7635040283203,170.9029998779297,170.7550048828125,170.89999389648438,51698
2025-08-07 16:10:00+00:00,170.7899932861328,170.89500427246094,170.74000549316406,170.77000427246094,64505
2025-08-07 16:15:00+00:00,170.97000122070312,170.97500610351562,170.77000427246094,170.78500366210938,59008
2025-08-07 16:20:00+00:00,171.06739807128906,171.11000061035156,170.77000427246094,170.9499969482422,106123
2025-08-07 16:25:00+00:00,171.22999572753906,171.22999572753906,171.02000427246094,171.07000732421875,50999
2025-08-07 16:30:00+00:00,171.2949981689453,171.3699951171875,171.19500732421875,171.22999572753906,41798
2025-08-07 16:35:00+00:00,171.39999389648438,171.42999267578125,171.2100067138672,171.27999877929688,56840
2025-08-07 16:40:00+00:00,171.4384002685547,171.6199951171875,171.38999938964844,171.47500610351562,71045
2025-08-07 16:45:00+00:00,171.27000427246094,171.55499267578125,171.2100067138672,171.44000244140625,35860
2025-08-07 16:50:00+00:00,171.1699981689453,171.2899932861328,171.0800018310547,171.26499938964844,31901
2025-08-07 16:55:00+00:00,170.97000122070312,171.27960205078125,170.97000122070312,171.18499755859375,43392
2025-08-07 17:00:00+00:00,170.97000122070312,171.08999633789062,170.89999389648438,170.99000549316406,60836
2025-08-07 17:05:00+00:00,170.75,170.97000122070312,170.71730041503906,170.9199981689453,39585
2025-08-07 17:10:00+00:00,170.69000244140625,170.75,170.64999389648438,170.75,41337
2025-08-07 17:15:00+00:00,170.63999938964844,170.66000366210938,170.55999755859375,170.63999938964844,41856
2025-08-07 17:20:00+00:00,170.78750610351562,170.91400146484375,170.64999389648438,170.64999389648438,61736
2025-08-07 17:25:00+00:00,170.8300018310547,170.89439392089844,170.72999572753906,170.7449951171875,45044
2025-08-07 17:30:00+00:00,170.8800048828125,170.9199981689453,170.75999450683594,170.84500122070312,45266
2025-08-07 17:35:00+00:00,170.8000030517578,170.94140625,170.74000549316406,170.8800048828125,45778
2025-08-07 17:40:00+00:00,170.75,170.83999633789062,170.67999267578125,170.8000030517578,37605
2025-08-07 17:45:00+00:00,170.8800048828125,170.94000244140625,170.73500061035156,170.75999450683594,46948
2025-08-07 17:50:00+00:00,170.88999938964844,170.9508056640625,170.83999633789062,170.8699951171875,32304
2025-08-07 17:55:00+00:00,170.83999633789062,170.9600067138672,170.83999633789062,170.88999938964844,41338
2025-08-07 18:00:00+00:00,170.8699951171875,170.89999389648438,170.77000427246094,170.83999633789062,50653
2025-08-07 18:05:00+00:00,170.8498992919922,170.86000061035156,170.77999877929688,170.85000610351562,75612
2025-08-07 18:10:00+00:00,170.94000244140625,170.9600067138672,170.8000030517578,170.84500122070312,46945
2025-08-07 18:15:00+00:00,170.88999938964844,171.02000427246094,170.8300018310547,170.92999267578125,53605
2025-08-07 18:20:00+00:00,170.69000244140625,170.9199981689453,170.66009521484375,170.89999389648438,76524
2025-08-07 18:25:00+00:00,170.6699981689453,170.6999969482422,170.5800018310547,170.69500732421875,72702
2025-08-07 18:30:00+00:00,170.7100067138672,170.77999877929688,170.66000366210938,170.67999267578125,62538
2025-08-07 18:35:00+00:00,170.6999969482422,170.7899932861328,170.67999267578125,170.7100067138672,41573
2025-08-07 18:40:00+00:00,170.67999267578125,170.74000549316406,170.66859436035156,170.7100067138672,52093
2025-08-07 18:45:00+00:00,170.5800018310547,170.72000122070312,170.55999755859375,170.67999267578125,53300
2025-08-07 18:50:00+00:00,170.4600067138672,170.6165008544922,170.4600067138672,170.58999633789062,121033
2025-08-07 18:55:00+00:00,170.61500549316406,170.64500427246094,170.4149932861328,170.44000244140625,52488
2025-08-07 19:00:00+00:00,170.81100463867188,170.9199981689453,170.5800018310547,170.61000061035156,89596
2025-08-07 19:05:00+00:00,171.02000427246094,171.0500030517578,170.7949981689453,170.82000732421875,62377
2025-08-07 19:10:00+00:00,170.89999389648438,171.02540588378906,170.86000061035156,171.02000427246094,43115
2025-08-07 19:15:00+00:00,170.9199981689453,170.9499969482422,170.8000030517578,170.89999389648438,70417
2025-08-07 19:20:00+00:00,170.8300018310547,171.0800018310547,170.75,170.9199981689453,235666
2025-08-07 19:25:00+00:00,170.76499938964844,170.88999938964844,170.76499938964844,170.86000061035156,52054
2025-08-07 19:30:00+00:00,170.97000122070312,171.01499938964844,170.75999450683594,170.77000427246094,101502
2025-08-07 19:35:00+00:00,171.11000061035156,171.11000061035156,170.9600067138672,170.97999572753906,96989
2025-08-07 19:40:00+00:00,171.36000061035156,171.3800048828125,171.08999633789062,171.1300048828125,95899
2025-08-07 19:45:00+00:00,171.32000732421875,171.375,171.22500610351562,171.36000061035156,135654
2025-08-07 19:50:00+00:00,171.11000061035156,171.36639404296875,170.89999389648438,171.30999755859375,218514
2025-08-07 19:55:00+00:00,171.55499267578125,171.57000732421875,171.08999633789062,171.11000061035156,678622
2025-08-08 13:30:00+00:00,172.15750122070312,172.3699951171875,170.38999938964844,171.02000427246094,260157
2025-08-08 13:35:00+00:00,171.77000427246094,172.22500610351562,171.75,172.1199951171875,56645
2025-08-08 13:40:00+00:00,171.86000061035156,172.10000610351562,171.64999389648438,171.7100067138672,63766
2025-08-08 13:45:00+00:00,171.89109802246094,171.9499969482422,171.7100067138672,171.8300018310547,39887
2025-08-08 13:50:00+00:00,172.19000244140625,172.19979858398438,171.9199981689453,171.92999267578125,69300
2025-08-08 13:55:00+00:00,171.94140625,172.27000427246094,171.90499877929688,172.22000122070312,176052
2025-08-08 14:00:00+00:00,172.2100067138672,172.36000061035156,171.9949951171875,171.9949951171875,64134
2025-08-08 14:05:00+00:00,172.2100067138672,172.35629272460938,172.05999755859375,172.19000244140625,77055
2025-08-08 14:10:00+00:00,171.91000366210938,172.22000122070312,171.89999389648438,172.2100067138672,51947
2025-08-08 14:15:00+00:00,172.11000061035156,172.1300048828125,171.86000061035156,171.89999389648438,130321
2025-08-08 14:20:00+00:00,172.26499938964844,172.3699951171875,172.11000061035156,172.11500549316406,67163
2025-08-08 14:25:00+00:00,172.44500732421875,172.45599365234375,172.0800018310547,172.26499938964844,97908
2025-08-08 14:30:00+00:00,172.82000732421875,172.86500549316406,172.44500732421875,172.44500732421875,218118
2025-08-08 14:35:00+00:00,172.69000244140625,172.91000366210938,172.67999267578125,172.8300018310547,95933
2025-08-08 14:40:00+00:00,172.6750030517578,172.77999877929688,172.60000610351562,172.69500732421875,88411
2025-08-08 14:45:00+00:00,172.86000061035156,173.0500030517578,172.5850067138672,172.6750030517578,193358
2025-08-08 14:50:00+00:00,173.10499572753906,173.14999389648438,172.85000610351562,172.88999938964844,79436
2025-08-08 14:55:00+00:00,172.97500610351562,173.17999267578125,172.92999267578125,173.10299682617188,80546
2025-08-08 15:00:00+00:00,173.0500946044922,173.10000610351562,172.8300018310547,172.99000549316406,89572
2025-08-08 15:05:00+00:00,172.94000244140625,173.1649932861328,172.88999938964844,173.05999755859375,68173
2025-08-08 15:10:00+00:00,173.03500366210938,173.05999755859375,172.89999389648438,172.97000122070312,65217
2025-08-08 15:15:00+00:00,172.89500427246094,173.10499572753906,172.8000030517578,173.0399932861328,64576
2025-08-08 15:20:00+00:00,173.05499267578125,173.05499267578125,172.85000610351562,172.89999389648438,72518
2025-08-08 15:25:00+00:00,173.0500030517578,173.0800018310547,172.9550018310547,173.07000732421875,79074
2025-08-08 15:30:00+00:00,173.22000122070312,173.25,173.02000427246094,173.0500030517578,120183
2025-08-08 15:35:00+00:00,173.1300048828125,173.30999755859375,173.11000061035156,173.21499633789062,86527
2025-08-08 15:40:00+00:00,173.16000366210938,173.27000427246094,173.10000610351562,173.1199951171875,171626
2025-08-08 15:45:00+00:00,173.0,173.19000244140625,172.8800048828125,173.19000244140625,60791
2025-08-08 15:50:00+00:00,172.97000122070312,173.0399932861328,172.8300018310547,172.99000549316406,110994
2025-08-08 15:55:00+00:00,173.0399932861328,173.1300048828125,172.86000061035156,172.97000122070312,44895
2025-08-08 16:00:00+00:00,172.99000549316406,173.0500030517578,172.8800048828125,173.02999877929688,43036
2025-08-08 16:05:00+00:00,173.05999755859375,173.08999633789062,172.9600067138672,172.97999572753906,47306
2025-08-08 16:10:00+00:00,173.27000427246094,173.32000732421875,172.9700927734375,173.0500030517578,40884
2025-08-08 16:15:00+00:00,173.30999755859375,173.4499969482422,173.27000427246094,173.27980041503906,41026
2025-08-08 16:20:00+00:00,173.41000366210938,173.4600067138672,173.30999755859375,173.30999755859375,46512
2025-08-08 16:25:00+00:00,173.4600067138672,173.47999572753906,173.27999877929688,173.39999389648438,57448
2025-08-08 16:30:00+00:00,173.42999267578125,173.47999572753906,173.35000610351562,173.44639587402344,36875
2025-08-08 16:35:00+00:00,173.47000122070312,173.49000549316406,173.38999938964844,173.44000244140625,37743
2025-08-08 16:40:00+00:00,173.63999938964844,173.63999938964844,173.48500061035156,173.48500061035156,70571
2025-08-08 16:45:00+00:00,173.47999572753906,173.6645965576172,173.47999572753906,173.6645965576172,46775
2025-08-08 16:50:00+00:00,173.4199981689453,173.50999450683594,173.3699951171875,173.49000549316406,45735
2025-08-08 16:55:00+00:00,173.42999267578125,173.50999450683594,173.4199981689453,173.42999267578125,44236
2025-08-08 17:00:00+00:00,173.25,173.42999267578125,173.22000122070312,173.4199981689453,45083
2025-08-08 17:05:00+00:00,173.2899932861328,173.41299438476562,173.1999969482422,173.20802307128906,28309
2025-08-08 17:10:00+00:00,173.3907928466797,173.47999572753906,173.30999755859375,173.30999755859375,21338
2025-08-08 17:15:00+00:00,173.30999755859375,173.38540649414062,173.27000427246094,173.3800048828125,37288
2025-08-08 17:20:00+00:00,173.38999938964844,173.38999938964844,173.27000427246094,173.2949981689453,33675
2025-08-08 17:25:00+00:00,173.3300018310547,173.4199981689453,173.27999877929688,173.4199981689453,47557
2025-08-08 17:30:00+00:00,173.31500244140625,173.3300018310547,173.22999572753906,173.3300018310547,49592
2025-08-08 17:35:00+00:00,173.5,173.5399932861328,173.27499389648438,173.31649780273438,38448
2025-08-08 17:40:00+00:00,173.52999877929688,173.55999755859375,173.48739624023438,173.49000549316406,40831
2025-08-08 17:45:00+00:00,173.47999572753906,173.6199951171875,173.47799682617188,173.52029418945312,49672
2025-08-08 17:50:00+00:00,173.5780029296875,173.6300048828125,173.47000122070312,173.48500061035156,38291
2025-08-08 17:55:00+00:00,173.52999877929688,173.6300048828125,173.4871063232422,173.5800018310547,38206
2025-08-08 18:00:00+00:00,173.3699951171875,173.55999755859375,173.3699951171875,173.5399932861328,38632
2025-08-08 18:05:00+00:00,173.41000366210938,173.47000122070312,173.3361053466797,173.3699951171875,49614
2025-08-08 18:10:00+00:00,173.50999450683594,173.50999450683594,173.3699951171875,173.41000366210938,49328
2025-08-08 18:15:00+00:00,173.47000122070312,173.5399932861328,173.4550018310547,173.5,25898
2025-08-08 18:20:00+00:00,173.47560119628906,173.49000549316406,173.39999389648438,173.48500061035156,30580
2025-08-08 18:25:00+00:00,173.39999389648438,173.50999450683594,173.39999389648438,173.46499633789062,30009
2025-08-08 18:30:00+00:00,173.47999572753906,173.47999572753906,173.3699951171875,173.41000366210938,33053
2025-08-08 18:35:00+00:00,173.49000549316406,173.5,173.43409729003906,173.44000244140625,24049
2025-08-08 18:40:00+00:00,173.57000732421875,173.66000366210938,173.4499969482422,173.47000122070312,137276
2025-08-08 18:45:00+00:00,173.55999755859375,173.58999633789062,173.49000549316406,173.57000732421875,42662
2025-08-08 18:50:00+00:00,173.41000366210938,173.55999755859375,173.3737030029297,173.5500030517578,57174
2025-08-08 18:55:00+00:00,173.44500732421875,173.4600067138672,173.39999389648438,173.4199981689453,44909
2025-08-08 19:00:00+00:00,173.63999938964844,173.64999389648438,173.4199981689453,173.43499755859375,66202
2025-08-08 19:05:00+00:00,173.76499938964844,173.7899932861328,173.52999877929688,173.63999938964844,105639
2025-08-08 19:10:00+00:00,173.83999633789062,173.875,173.7050018310547,173.76499938964844,165096
2025-08-08 19:15:00+00:00,173.91000366210938,173.92999267578125,173.80999755859375,173.83639526367188,88093
2025-08-08 19:20:00+00:00,173.8636932373047,173.9550018310547,173.77999877929688,173.89999389648438,107510
2025-08-08 19:25:00+00:00,173.80999755859375,173.8800048828125,173.72999572753906,173.86570739746094,79517
2025-08-08 19:30:00+00:00,173.72500610351562,173.83999633789062,173.6999969482422,173.8000030517578,85675
2025-08-08 19:35:00+00:00,173.63999938964844,173.74000549316406,173.5399932861328,173.72500610351562,74792
2025-08-08 19:40:00+00:00,173.6300048828125,173.6999969482422,173.5749969482422,173.63999938964844,103091
2025-08-08 19:45:00+00:00,173.4600067138672,173.6300048828125,173.41009521484375,173.6300048828125,156278
2025-08-08 19:50:00+00:00,173.66000366210938,173.72999572753906,173.38499450683594,173.4499969482422,232681
2025-08-08 19:55:00+00:00,173.41000366210938,173.71499633789062,173.3000030517578,173.66000366210938,593716
2025-08-11 13:30:00+00:00,174.52999877929688,174.60000610351562,173.13999938964844,173.39999389648438,1007875
2025-08-11 13:35:00+00:00,173.94000244140625,174.52999877929688,173.92999267578125,174.52999877929688,74369
2025-08-11 13:40:00+00:00,173.6334991455078,174.13519287109375,173.6334991455078,173.97999572753906,54091
2025-08-11 13:45:00+00:00,173.6699981689453,174.07989501953125,173.5406951904297,173.6649932861328,79010
2025-08-11 13:50:00+00:00,173.5449981689453,173.82550048828125,173.50999450683594,173.6649932861328,44350
2025-08-11 13:55:00+00:00,173.5500946044922,173.6199951171875,173.25,173.52999877929688,80241
2025-08-11 14:00:00+00:00,173.8000030517578,173.94000244140625,173.46499633789062,173.5850067138672,78357
2025-08-11 14:05:00+00:00,173.78500366210938,174.08999633789062,173.73500061035156,173.8000030517578,65650
2025-08-11 14:10:00+00:00,173.8000030517578,173.8800048828125,173.6999969482422,173.83999633789062,66168
2025-08-11 14:15:00+00:00,174.10000610351562,174.22000122070312,173.6699981689453,173.8000030517578,91978
2025-08-11 14:20:00+00:00,173.7899932861328,174.14999389648438,173.76499938964844,174.11500549316406,64954
2025-08-11 14:25:00+00:00,173.6649932861328,173.85000610351562,173.66000366210938,173.7949981689453,54080
2025-08-11 14:30:00+00:00,173.9199981689453,173.92999267578125,173.56500244140625,173.65260314941406,74931
2025-08-11 14:35:00+00:00,173.5800018310547,173.9199981689453,173.57000732421875,173.9199981689453,50787
2025-08-11 14:40:00+00:00,173.3800048828125,173.6199951171875,173.36000061035156,173.5800018310547,63943
2025-08-11 14:45:00+00:00,173.3350067138672,173.49000549316406,173.2899932861328,173.3800048828125,59389
2025-08-11 14:50:00+00:00,173.0749969482422,173.38999938964844,173.0500030517578,173.3300018310547,85220
2025-08-11 14:55:00+00:00,173.2899932861328,173.2899932861328,173.07000732421875,173.0749969482422,89564
2025-08-11 15:00:00+00:00,173.25,173.38499450683594,173.17999267578125,173.25999450683594,59437
2025-08-11 15:05:00+00:00,173.19000244140625,173.3350067138672,173.16000366210938,173.25,66955
2025-08-11 15:10:00+00:00,173.32000732421875,173.4199981689453,173.125,173.19000244140625,77825
2025-08-11 15:15:00+00:00,173.47000122070312,173.5,173.26499938964844,173.33999633789062,45987
2025-08-11 15:20:00+00:00,173.28500366210938,173.52999877929688,173.24000549316406,173.47999572753906,49136
2025-08-11 15:25:00+00:00,173.42869567871094,173.55999755859375,173.2550048828125,173.27999877929688,54061
2025-08-11 15:30:00+00:00,173.42999267578125,173.5,173.39999389648438,173.40499877929688,34148
2025-08-11 15:35:00+00:00,173.47999572753906,173.5699005126953,173.39999389648438,173.4199981689453,51179
2025-08-11 15:40:00+00:00,173.60499572753906,173.69000244140625,173.5,173.5,30566
2025-08-11 15:45:00+00:00,173.5800018310547,173.65499877929688,173.5500030517578,173.60000610351562,31390
2025-08-11 15:50:00+00:00,173.66000366210938,173.6699981689453,173.5449981689453,173.5800018310547,35363
2025-08-11 15:55:00+00:00,173.73500061035156,173.77000427246094,173.64999389648438,173.65499877929688,39749
2025-08-11 16:00:00+00:00,173.80999755859375,173.83999633789062,173.75999450683594,173.76480102539062,30033
2025-08-11 16:05:00+00:00,173.97000122070312,174.02999877929688,173.75999450683594,173.80499267578125,39254
2025-08-11 16:10:00+00:00,173.96499633789062,174.05999755859375,173.92999267578125,173.97000122070312,34761
2025-08-11 16:15:00+00:00,173.9499969482422,174.0500030517578,173.92039489746094,173.97999572753906,36458
2025-08-11 16:20:00+00:00,173.85000610351562,173.94000244140625,173.81500244140625,173.94000244140625,45499
2025-08-11 16:25:00+00:00,173.91000366210938,174.00999450683594,173.8300018310547,173.86000061035156,39378
2025-08-11 16:30:00+00:00,173.9250030517578,173.9550018310547,173.85000610351562,173.90499877929688,32811
2025-08-11 16:35:00+00:00,173.88999938964844,173.97999572753906,173.8800048828125,173.9250030517578,27202
2025-08-11 16:40:00+00:00,173.7899932861328,173.89999389648438,173.7550048828125,173.8699951171875,34098
2025-08-11 16:45:00+00:00,173.8699951171875,173.8800048828125,173.7100067138672,173.8300018310547,41043
2025-08-11 16:50:00+00:00,174.02000427246094,174.10499572753906,173.85009765625,173.85009765625,36026
2025-08-11 16:55:00+00:00,174.11500549316406,174.11500549316406,174.02000427246094,174.02499389648438,37618
2025-08-11 17:00:00+00:00,174.14999389648438,174.1649932861328,174.03720092773438,174.05999755859375,39088
2025-08-11 17:05:00+00:00,174.0500030517578,174.17999267578125,174.0399932861328,174.16000366210938,59240
2025-08-11 17:10:00+00:00,173.8300018310547,174.0800018310547,173.7899932861328,174.07000732421875,63063
2025-08-11 17:15:00+00:00,173.75999450683594,173.8699951171875,173.6999969482422,173.86000061035156,44700
2025-08-11 17:20:00+00:00,173.5800018310547,173.74000549316406,173.5,173.74000549316406,71286
2025-08-11 17:25:00+00:00,173.7100067138672,173.7899932861328,173.57000732421875,173.58999633789062,44480
2025-08-11 17:30:00+00:00,173.8000030517578,173.80499267578125,173.7100067138672,173.7449951171875,46261
2025-08-11 17:35:00+00:00,173.72500610351562,173.8300018310547,173.69000244140625,173.7873992919922,43653
2025-08-11 17:40:00+00:00,173.64599609375,173.74000549316406,173.58999633789062,173.7100067138672,34385
2025-08-11 17:45:00+00:00,173.56500244140625,173.64500427246094,173.47999572753906,173.6199951171875,52314
2025-08-11 17:50:00+00:00,173.8249969482422,173.8249969482422,173.4949951171875,173.5800018310547,36000
2025-08-11 17:55:00+00:00,173.88499450683594,173.89849853515625,173.77999877929688,173.8249969482422,39221
2025-08-11 18:00:00+00:00,174.02499389648438,174.02499389648438,173.8800048828125,173.88999938964844,47755
2025-08-11 18:05:00+00:00,173.97000122070312,174.14999389648438,173.94000244140625,174.02499389648438,96147
2025-08-11 18:10:00+00:00,173.91000366210938,173.97000122070312,173.83999633789062,173.97000122070312,36448
2025-08-11 18:15:00+00:00,173.91000366210938,173.9600067138672,173.82000732421875,173.88999938964844,34631
2025-08-11 18:20:00+00:00,173.8699951171875,173.97999572753906,173.8699951171875,173.91000366210938,35112
2025-08-11 18:25:00+00:00,173.875,173.9199981689453,173.81500244140625,173.88499450683594,47457
2025-08-11 18:30:00+00:00,173.77999877929688,173.90196228027344,173.77000427246094,173.875,40700
2025-08-11 18:35:00+00:00,173.8249969482422,173.90499877929688,173.77999877929688,173.77999877929688,48021
2025-08-11 18:40:00+00:00,173.67999267578125,173.8300018310547,173.67999267578125,173.8249969482422,51312
2025-08-11 18:45:00+00:00,173.72999572753906,173.72999572753906,173.6300048828125,173.69000244140625,52135
2025-08-11 18:50:00+00:00,173.7227020263672,173.74000549316406,173.6699981689453,173.72970581054688,38357
2025-08-11 18:55:00+00:00,173.77999877929688,173.83999633789062,173.64999389648438,173.7100067138672,46104
2025-08-11 19:00:00+00:00,173.82989501953125,173.84500122070312,173.75999450683594,173.7899932861328,43301
2025-08-11 19:05:00+00:00,173.83999633789062,173.84730529785156,173.6999969482422,173.73500061035156,67456
2025-08-11 19:10:00+00:00,173.82000732421875,173.85800170898438,173.7899932861328,173.85000610351562,43673
2025-08-11 19:15:00+00:00,173.9149932861328,173.9149932861328,173.76280212402344,173.82000732421875,42692
2025-08-11 19:20:00+00:00,174.02999877929688,174.0500030517578,173.88499450683594,173.89999389648438,49376
2025-08-11 19:25:00+00:00,174.00999450683594,174.08999633789062,174.0030059814453,174.0500030517578,53763
2025-08-11 19:30:00+00:00,174.11500549316406,174.1649932861328,174.0,174.0,72819
2025-08-11 19:35:00+00:00,174.11000061035156,174.14999389648438,174.0800018310547,174.1300048828125,60540
2025-08-11 19:40:00+00:00,174.11500549316406,174.1699981689453,174.0399932861328,174.11500549316406,103288
2025-08-11 19:45:00+00:00,174.10000610351562,174.1300048828125,174.00999450683594,174.1199951171875,85266
2025-08-11 19:50:00+00:00,173.92999267578125,174.11000061035156,173.82009887695312,174.11000061035156,150187
2025-08-11 19:55:00+00:00,174.0399932861328,174.13999938964844,173.8300018310547,173.92999267578125,710308
2025-08-12 13:30:00+00:00,174.3000030517578,174.39999389648438,173.8300018310547,173.9949951171875,191829
2025-08-12 13:35:00+00:00,174.34500122070312,174.50999450683594,174.12010192871094,174.3000030517578,164856
2025-08-12 13:40:00+00:00,173.85000610351562,174.7550048828125,173.67999267578125,174.4199981689453,254097
2025-08-12 13:45:00+00:00,173.7899932861328,173.9521942138672,173.67999267578125,173.7949981689453,116986
2025-08-12 13:50:00+00:00,173.9499969482422,174.08999633789062,173.77000427246094,173.8000030517578,86831
2025-08-12 13:55:00+00:00,173.85000610351562,173.99000549316406,173.61000061035156,173.97000122070312,71670
2025-08-12 14:00:00+00:00,173.47999572753906,173.8800048828125,173.47999572753906,173.85000610351562,146552
2025-08-12 14:05:00+00:00,172.97999572753906,173.47999572753906,172.89999389648438,173.47999572753906,159281
2025-08-12 14:10:00+00:00,172.72000122070312,173.0800018310547,172.58999633789062,172.9199981689453,74402
2025-08-12 14:15:00+00:00,172.3699951171875,172.75,172.17999267578125,172.74000549316406,78414
2025-08-12 14:20:00+00:00,172.19729614257812,172.5399932861328,172.08999633789062,172.3699951171875,62770
2025-08-12 14:25:00+00:00,172.1699981689453,172.27999877929688,172.1199951171875,172.22500610351562,49509
2025-08-12 14:30:00+00:00,172.30999755859375,172.30999755859375,171.94000244140625,172.1750030517578,68021
2025-08-12 14:35:00+00:00,172.24000549316406,172.2949981689453,172.07000732421875,172.11000061035156,47084
2025-08-12 14:40:00+00:00,172.69020080566406,172.76499938964844,172.1300048828125,172.25999450683594,109826
2025-08-12 14:45:00+00:00,172.55499267578125,172.7100067138672,172.42999267578125,172.69000244140625,46789
2025-08-12 14:50:00+00:00,172.689697265625,172.6999969482422,172.57000732421875,172.5800018310547,36587
2025-08-12 14:55:00+00:00,172.8300018310547,172.83999633789062,172.68499755859375,172.69000244140625,36319
2025-08-12 15:00:00+00:00,172.88499450683594,172.96499633789062,172.8000030517578,172.85000610351562,35485
2025-08-12 15:05:00+00:00,172.85499572753906,172.94500732421875,172.79249572753906,172.88999938964844,36656
2025-08-12 15:10:00+00:00,172.5800018310547,172.86000061035156,172.47000122070312,172.8000030517578,47001
2025-08-12 15:15:00+00:00,172.32000732421875,172.5800018310547,172.24000549316406,172.5500030517578,63689
2025-08-12 15:20:00+00:00,172.38999938964844,172.38999938964844,172.2550048828125,172.35000610351562,39626
2025-08-12 15:25:00+00:00,172.38999938964844,172.49000549316406,172.26190185546875,172.35000610351562,61286
2025-08-12 15:30:00+00:00,172.44000244140625,172.47999572753906,172.27000427246094,172.41000366210938,68220
2025-08-12 15:35:00+00:00,172.2899932861328,172.5500030517578,172.2899932861328,172.44000244140625,34863
2025-08-12 15:40:00+00:00,172.30999755859375,172.32000732421875,171.9600067138672,172.32000732421875,55151
2025-08-12 15:45:00+00:00,172.4199981689453,172.47000122070312,172.2100067138672,172.31500244140625,36596
2025-08-12 15:50:00+00:00,172.47500610351562,172.5998992919922,172.40029907226562,172.427001953125,33069
2025-08-12 15:55:00+00:00,172.47999572753906,172.5399932861328,172.3300018310547,172.5,34917
2025-08-12 16:00:00+00:00,172.35000610351562,172.58999633789062,172.32000732421875,172.4550018310547,45933
2025-08-12 16:05:00+00:00,172.28500366210938,172.39500427246094,172.27999877929688,172.3572998046875,26296
2025-08-12 16:10:00+00:00,172.16000366210938,172.27000427246094,172.13999938964844,172.25999450683594,22173
2025-08-12 16:15:00+00:00,172.14999389648438,172.17999267578125,172.06500244140625,172.14999389648438,30227
2025-08-12 16:20:00+00:00,172.0800018310547,172.15989685058594,172.01499938964844,172.10899353027344,37884
2025-08-12 16:25:00+00:00,172.0998992919922,172.16000366210938,172.0399932861328,172.07000732421875,26036
2025-08-12 16:30:00+00:00,172.1999969482422,172.25,172.11000061035156,172.11000061035156,22343
2025-08-12 16:35:00+00:00,172.15499877929688,172.1999969482422,172.0800018310547,172.17999267578125,26200
2025-08-12 16:40:00+00:00,172.23500061035156,172.28599548339844,172.13999938964844,172.15139770507812,28281
2025-08-12 16:45:00+00:00,172.22999572753906,172.32000732421875,172.19000244140625,172.24000549316406,26582
2025-08-12 16:50:00+00:00,172.1199951171875,172.25999450683594,172.1199951171875,172.24000549316406,33233
2025-08-12 16:55:00+00:00,172.1699981689453,172.17999267578125,172.07000732421875,172.1199951171875,41881
2025-08-12 17:00:00+00:00,172.10000610351562,172.16000366210938,172.0500030517578,172.14999389648438,29440
2025-08-12 17:05:00+00:00,172.11500549316406,172.1699981689453,172.0850067138672,172.10000610351562,23163
2025-08-12 17:10:00+00:00,172.39500427246094,172.42599487304688,172.10000610351562,172.1199951171875,67141
2025-08-12 17:15:00+00:00,172.27999877929688,172.3800048828125,172.27886962890625,172.377197265625,19522
2025-08-12 17:20:00+00:00,172.27999877929688,172.42999267578125,172.27499389648438,172.2899932861328,26942
2025-08-12 17:25:00+00:00,172.0399932861328,172.27999877929688,172.0399932861328,172.27999877929688,337593
2025-08-12 17:30:00+00:00,171.8300018310547,172.11000061035156,171.8300018310547,172.0500030517578,134801
2025-08-12 17:35:00+00:00,171.89830017089844,171.9499969482422,171.80999755859375,171.8300018310547,90220
2025-08-12 17:40:00+00:00,172.0301055908203,172.1199951171875,171.8350067138672,171.89010620117188,48175
2025-08-12 17:45:00+00:00,172.01559448242188,172.08999633789062,171.99000549316406,172.02999877929688,27752
2025-08-12 17:50:00+00:00,172.11500549316406,172.14500427246094,171.9600067138672,171.9803924560547,40927
2025-08-12 17:55:00+00:00,172.11000061035156,172.1699981689453,172.02000427246094,172.11500549316406,36476
2025-08-12 18:00:00+00:00,172.41000366210938,172.4199981689453,172.1300048828125,172.1300048828125,41049
2025-08-12 18:05:00+00:00,172.47999572753906,172.50999450683594,172.40499877929688,172.41160583496094,29907
2025-08-12 18:10:00+00:00,172.5124969482422,172.5449981689453,172.44500732421875,172.47999572753906,28404
2025-08-12 18:15:00+00:00,172.5399932861328,172.60000610351562,172.46499633789062,172.5399932861328,25434
2025-08-12 18:20:00+00:00,172.6199951171875,172.67160034179688,172.5500030517578,172.5500030517578,35312
2025-08-12 18:25:00+00:00,172.6199951171875,172.6300048828125,172.52000427246094,172.61000061035156,39950
2025-08-12 18:30:00+00:00,172.69000244140625,172.6999969482422,172.61000061035156,172.61199951171875,36099
2025-08-12 18:35:00+00:00,172.66140747070312,172.72999572753906,172.64999389648438,172.6999969482422,31777
2025-08-12 18:40:00+00:00,172.60000610351562,172.66000366210938,172.56500244140625,172.64999389648438,40217
2025-08-12 18:45:00+00:00,172.5749969482422,172.68499755859375,172.57000732421875,172.61000061035156,36750
2025-08-12 18:50:00+00:00,172.47999572753906,172.57989501953125,172.3699951171875,172.57000732421875,43537
2025-08-12 18:55:00+00:00,172.3300018310547,172.4897003173828,172.30999755859375,172.47999572753906,38952
2025-08-12 19:00:00+00:00,172.4199981689453,172.4499969482422,172.32000732421875,172.32000732421875,47464
2025-08-12 19:05:00+00:00,172.33999633789062,172.4499969482422,172.3249969482422,172.4199981689453,35888
2025-08-12 19:10:00+00:00,172.3350067138672,172.41000366210938,172.30999755859375,172.33299255371094,46405
2025-08-12 19:15:00+00:00,172.3300018310547,172.4010009765625,172.28500366210938,172.35000610351562,41513
2025-08-12 19:20:00+00:00,172.32000732421875,172.3699951171875,172.25999450683594,172.3000030517578,58627
2025-08-12 19:25:00+00:00,172.36000061035156,172.3800048828125,172.27499389648438,172.30999755859375,53289
2025-08-12 19:30:00+00:00,172.52000427246094,172.5500030517578,172.35000610351562,172.36619567871094,82716
2025-08-12 19:35:00+00:00,172.42999267578125,172.5449981689453,172.4199981689453,172.52720642089844,79668
2025-08-12 19:40:00+00:00,172.39999389648438,172.52000427246094,172.3800048828125,172.42999267578125,64049
2025-08-12 19:45:00+00:00,172.50999450683594,172.52000427246094,172.36000061035156,172.42999267578125,100420
2025-08-12 19:50:00+00:00,172.6446990966797,172.74000549316406,172.47999572753906,172.49000549316406,132101
2025-08-12 19:55:00+00:00,172.77499389648438,172.88499450683594,172.64999389648438,172.64999389648438,295057
2025-08-13 13:30:00+00:00,172.85000610351562,173.1699981689453,172.69500732421875,173.0,208101
2025-08-13 13:35:00+00:00,173.22000122070312,173.44000244140625,172.85000610351562,172.85000610351562,81614
2025-08-13 13:40:00+00:00,173.47500610351562,173.5,173.0449981689453,173.24630737304688,57101
2025-08-13 13:45:00+00:00,173.7550048828125,173.80999755859375,173.5,173.5,98205
2025-08-13 13:50:00+00:00,173.55999755859375,173.94000244140625,173.5500030517578,173.7550048828125,74528
2025-08-13 13:55:00+00:00,174.02000427246094,174.08999633789062,173.5800018310547,173.5800018310547,100160
2025-08-13 14:00:00+00:00,173.89999389648438,174.07000732421875,173.89500427246094,174.02000427246094,71002
2025-08-13 14:05:00+00:00,173.9499969482422,174.0800018310547,173.82000732421875,173.91000366210938,58219
2025-08-13 14:10:00+00:00,174.10499572753906,174.1999969482422,173.9499969482422,173.9499969482422,68081
2025-08-13 14:15:00+00:00,173.71499633789062,174.1300048828125,173.7100067138672,174.07000732421875,66255
2025-08-13 14:20:00+00:00,173.7100067138672,173.75,173.5,173.69000244140625,79901
2025-08-13 14:25:00+00:00,173.66000366210938,173.72000122070312,173.52499389648438,173.69000244140625,54114
2025-08-13 14:30:00+00:00,173.5399932861328,173.6699981689453,173.44000244140625,173.66000366210938,52265
2025-08-13 14:35:00+00:00,173.52999877929688,173.5800018310547,173.5,173.55999755859375,163436
2025-08-13 14:40:00+00:00,173.3699951171875,173.6300048828125,173.3699951171875,173.5449981689453,62149
2025-08-13 14:45:00+00:00,173.57290649414062,173.64999389648438,173.25999450683594,173.34500122070312,53256
2025-08-13 14:50:00+00:00,173.47000122070312,173.69509887695312,173.44039916992188,173.5800018310547,35522
2025-08-13 14:55:00+00:00,173.38999938964844,173.4770050048828,173.3699951171875,173.4600067138672,34109
2025-08-13 15:00:00+00:00,173.61500549316406,173.625,173.36239624023438,173.38999938964844,47283
2025-08-13 15:05:00+00:00,173.85000610351562,173.91000366210938,173.5,173.62869262695312,36448
2025-08-13 15:10:00+00:00,174.08926391601562,174.1649932861328,173.77999877929688,173.8699951171875,100230
2025-08-13 15:15:00+00:00,174.0,174.2100067138672,173.9600067138672,174.10000610351562,32220
2025-08-13 15:20:00+00:00,173.875,174.07000732421875,173.77999877929688,173.97999572753906,44327
2025-08-13 15:25:00+00:00,173.81500244140625,173.86000061035156,173.69000244140625,173.83999633789062,24752
2025-08-13 15:30:00+00:00,173.7550048828125,173.88999938964844,173.66000366210938,173.81500244140625,31650
2025-08-13 15:35:00+00:00,173.97000122070312,173.97999572753906,173.67999267578125,173.75999450683594,328602
2025-08-13 15:40:00+00:00,173.80999755859375,173.9600067138672,173.77000427246094,173.9600067138672,28022
2025-08-13 15:45:00+00:00,173.77999877929688,173.86000061035156,173.72000122070312,173.7949981689453,25467
2025-08-13 15:50:00+00:00,173.6800994873047,173.77999877929688,173.6800994873047,173.77499389648438,25753
2025-08-13 15:55:00+00:00,173.73500061035156,173.7899932861328,173.61500549316406,173.7100067138672,21621
2025-08-13 16:00:00+00:00,173.86239624023438,173.8800048828125,173.72000122070312,173.73500061035156,23592
2025-08-13 16:05:00+00:00,173.99000549316406,174.03990173339844,173.8699951171875,173.90109252929688,81437
2025-08-13 16:10:00+00:00,174.10980224609375,174.19000244140625,174.0,174.0,33653
2025-08-13 16:15:00+00:00,174.14500427246094,174.17990112304688,174.0800018310547,174.1199951171875,40196
2025-08-13 16:20:00+00:00,174.11500549316406,174.22999572753906,174.10000610351562,174.1302947998047,47803
2025-08-13 16:25:00+00:00,173.9243927001953,174.10000610351562,173.9199981689453,174.10000610351562,22635
2025-08-13 16:30:00+00:00,173.9499969482422,173.97999572753906,173.8800048828125,173.93499755859375,21575
2025-08-13 16:35:00+00:00,173.97999572753906,174.01499938964844,173.94000244140625,173.9600067138672,26174
2025-08-13 16:40:00+00:00,173.99000549316406,174.02999877929688,173.94000244140625,173.99000549316406,20506
2025-08-13 16:45:00+00:00,174.03750610351562,174.08999633789062,173.98500061035156,174.02000427246094,27532
2025-08-13 16:50:00+00:00,174.07000732421875,174.1699981689453,173.97500610351562,174.0500030517578,52385
2025-08-13 16:55:00+00:00,173.9199981689453,174.0800018310547,173.9199981689453,174.0749969482422,32137
2025-08-13 17:00:00+00:00,173.88999938964844,173.9199981689453,173.7899932861328,173.9199981689453,32901
2025-08-13 17:05:00+00:00,173.81500244140625,173.90969848632812,173.7050018310547,173.90969848632812,29048
2025-08-13 17:10:00+00:00,173.77999877929688,173.8800048828125,173.70010375976562,173.8350067138672,40357
2025-08-13 17:15:00+00:00,173.8300018310547,173.8697967529297,173.72500610351562,173.739501953125,36792
2025-08-13 17:20:00+00:00,173.86500549316406,173.9499969482422,173.82000732421875,173.82000732421875,27507
2025-08-13 17:25:00+00:00,173.91000366210938,173.94000244140625,173.8300018310547,173.85040283203125,52175
2025-08-13 17:30:00+00:00,173.85000610351562,173.92999267578125,173.8300018310547,173.9199981689453,39618
2025-08-13 17:35:00+00:00,173.88499450683594,173.88499450683594,173.77499389648438,173.84500122070312,39214
2025-08-13 17:40:00+00:00,173.92120361328125,174.0,173.85499572753906,173.88589477539062,23373
2025-08-13 17:45:00+00:00,174.0800018310547,174.0800018310547,173.92999267578125,173.92999267578125,35197
2025-08-13 17:50:00+00:00,173.97000122070312,174.1300048828125,173.97000122070312,174.08999633789062,31454
2025-08-13 17:55:00+00:00,173.8249969482422,173.97999572753906,173.8249969482422,173.97999572753906,23579
2025-08-13 18:00:00+00:00,174.0,174.0,173.8000030517578,173.8300018310547,23144
2025-08-13 18:05:00+00:00,173.93980407714844,173.98500061035156,173.85000610351562,173.97000122070312,22766
2025-08-13 18:10:00+00:00,173.93499755859375,173.99000549316406,173.91000366210938,173.92359924316406,25311
2025-08-13 18:15:00+00:00,174.0050048828125,174.0500030517578,173.9499969482422,173.9499969482422,28022
2025-08-13 18:20:00+00:00,174.02999877929688,174.0399932861328,173.97000122070312,174.0050048828125,25653
2025-08-13 18:25:00+00:00,174.02000427246094,174.02999877929688,173.9199981689453,174.02999877929688,31968
2025-08-13 18:30:00+00:00,174.37330627441406,174.38999938964844,174.0399932861328,174.0399932861328,97522
2025-08-13 18:35:00+00:00,174.3350067138672,174.50999450683594,174.27999877929688,174.3699951171875,54622
2025-08-13 18:40:00+00:00,174.19000244140625,174.3800048828125,174.19000244140625,174.30499267578125,74815
2025-08-13 18:45:00+00:00,174.22000122070312,174.22500610351562,174.1750030517578,174.1999969482422,21290
2025-08-13 18:50:00+00:00,174.1699981689453,174.25999450683594,174.1699981689453,174.22500610351562,28588
2025-08-13 18:55:00+00:00,174.0500030517578,174.22000122070312,174.0,174.1999969482422,46588
2025-08-13 19:00:00+00:00,174.19000244140625,174.19000244140625,173.9949951171875,174.0399932861328,49726
2025-08-13 19:05:00+00:00,174.2449951171875,174.27499389648438,174.1699981689453,174.19000244140625,63063
2025-08-13 19:10:00+00:00,174.21499633789062,174.30999755859375,174.21499633789062,174.24440002441406,31990
2025-08-13 19:15:00+00:00,174.1999969482422,174.2899932861328,174.19500732421875,174.20970153808594,60450
2025-08-13 19:20:00+00:00,174.25999450683594,174.30999755859375,174.16000366210938,174.19000244140625,52027
2025-08-13 19:25:00+00:00,174.3249969482422,174.33299255371094,174.23919677734375,174.2550048828125,57629
2025-08-13 19:30:00+00:00,174.3090057373047,174.3979949951172,174.27999877929688,174.3282012939453,52649
2025-08-13 19:35:00+00:00,174.3800048828125,174.3800048828125,174.27999877929688,174.3000030517578,64310
2025-08-13 19:40:00+00:00,174.4499969482422,174.47999572753906,174.35499572753906,174.3699951171875,95024
2025-08-13 19:45:00+00:00,174.5,174.5399932861328,174.42999267578125,174.4499969482422,97512
2025-08-13 19:50:00+00:00,174.27000427246094,174.5,174.2100067138672,174.5,152506
2025-08-13 19:55:00+00:00,174.375,174.41000366210938,174.24000549316406,174.27999877929688,315644
2025-08-14 13:30:00+00:00,173.80999755859375,174.30999755859375,173.27000427246094,174.30999755859375,226867
2025-08-14 13:35:00+00:00,172.8249969482422,173.97000122070312,172.72000122070312,173.89999389648438,286966
2025-08-14 13:40:00+00:00,173.47000122070312,173.60000610351562,172.75,172.81500244140625,123770
2025-08-14 13:45:00+00:00,173.49000549316406,173.74000549316406,173.4600067138672,173.47999572753906,259874
2025-08-14 13:50:00+00:00,173.625,173.63999938964844,173.3800048828125,173.41000366210938,107925
2025-08-14 13:55:00+00:00,173.5500030517578,173.67999267578125,173.42999267578125,173.6300048828125,122466
2025-08-14 14:00:00+00:00,173.86500549316406,173.8699951171875,173.5399932861328,173.5800018310547,86780
2025-08-14 14:05:00+00:00,174.14500427246094,174.22999572753906,173.85499572753906,173.88999938964844,182416
2025-08-14 14:10:00+00:00,174.14999389648438,174.22000122070312,173.97000122070312,174.14500427246094,127972
2025-08-14 14:15:00+00:00,174.22000122070312,174.2899932861328,174.02999877929688,174.13999938964844,67823
2025-08-14 14:20:00+00:00,174.22999572753906,174.26499938964844,174.11000061035156,174.2100067138672,39548
2025-08-14 14:25:00+00:00,174.18429565429688,174.3199005126953,174.0,174.2449951171875,48332
2025-08-14 14:30:00+00:00,174.13999938964844,174.22999572753906,174.08999633789062,174.16000366210938,57179
2025-08-14 14:35:00+00:00,174.25,174.25999450683594,174.14500427246094,174.17999267578125,44603
2025-08-14 14:40:00+00:00,174.02040100097656,174.24000549316406,174.02040100097656,174.24000549316406,45987
2025-08-14 14:45:00+00:00,174.17999267578125,174.22999572753906,174.02049255371094,174.0500030517578,54038
2025-08-14 14:50:00+00:00,174.1699981689453,174.1999969482422,174.05499267578125,174.16000366210938,37397
2025-08-14 14:55:00+00:00,174.22999572753906,174.27000427246094,174.1300048828125,174.1699981689453,35782
2025-08-14 15:00:00+00:00,174.3813934326172,174.38999938964844,174.16000366210938,174.23500061035156,41673
2025-08-14 15:05:00+00:00,174.39999389648438,174.48500061035156,174.33999633789062,174.38499450683594,44896
2025-08-14 15:10:00+00:00,174.49000549316406,174.53500366210938,174.36000061035156,174.41000366210938,55736
2025-08-14 15:15:00+00:00,174.42999267578125,174.49000549316406,174.3699951171875,174.48460388183594,46868
2025-08-14 15:20:00+00:00,174.52999877929688,174.61000061035156,174.39999389648438,174.4250030517578,81079
2025-08-14 15:25:00+00:00,174.49000549316406,174.6649932861328,174.49000549316406,174.5500030517578,250243
2025-08-14 15:30:00+00:00,174.5500030517578,174.64999389648438,174.35000610351562,174.5,62964
2025-08-14 15:35:00+00:00,174.49000549316406,174.6199951171875,174.49000549316406,174.55999755859375,51738
2025-08-14 15:40:00+00:00,174.60000610351562,174.63999938964844,174.47000122070312,174.47999572753906,31296
2025-08-14 15:45:00+00:00,174.47999572753906,174.5998992919922,174.4600067138672,174.5998992919922,34171
2025-08-14 15:50:00+00:00,174.49000549316406,174.5,174.4250030517578,174.47000122070312,33456
2025-08-14 15:55:00+00:00,174.4499969482422,174.50999450683594,174.38999938964844,174.47999572753906,58882
2025-08-14 16:00:00+00:00,174.4600067138672,174.5,174.43499755859375,174.46499633789062,23747
2025-08-14 16:05:00+00:00,174.47999572753906,174.5,174.39999389648438,174.44500732421875,33896
2025-08-14 16:10:00+00:00,174.49000549316406,174.50999450683594,174.32000732421875,174.47000122070312,42737
2025-08-14 16:15:00+00:00,174.4250030517578,174.48500061035156,174.41000366210938,174.4499969482422,23042
2025-08-14 16:20:00+00:00,174.35000610351562,174.4600067138672,174.35000610351562,174.4550018310547,22980
2025-08-14 16:25:00+00:00,174.42999267578125,174.42999267578125,174.32000732421875,174.33999633789062,43327
2025-08-14 16:30:00+00:00,174.3800048828125,174.40679931640625,174.27000427246094,174.40679931640625,23548
2025-08-14 16:35:00+00:00,174.38499450683594,174.44000244140625,174.375,174.375,21841
2025-08-14 16:40:00+00:00,174.41000366210938,174.4499969482422,174.3000030517578,174.41000366210938,32536
2025-08-14 16:45:00+00:00,174.5,174.52999877929688,174.36000061035156,174.41879272460938,40337
2025-08-14 16:50:00+00:00,174.52999877929688,174.60499572753906,174.49000549316406,174.49000549316406,42372
2025-08-14 16:55:00+00:00,174.60499572753906,174.63999938964844,174.4700927734375,174.5399932861328,28007
2025-08-14 17:00:00+00:00,174.6649932861328,174.67999267578125,174.57000732421875,174.60000610351562,32451
2025-08-14 17:05:00+00:00,174.61000061035156,174.6699981689453,174.60000610351562,174.64999389648438,49177
2025-08-14 17:10:00+00:00,174.60000610351562,174.6699981689453,174.58999633789062,174.61990356445312,47428
2025-08-14 17:15:00+00:00,174.60989379882812,174.69000244140625,174.57000732421875,174.59820556640625,57964
2025-08-14 17:20:00+00:00,174.5623016357422,174.6300048828125,174.5,174.59500122070312,38772
2025-08-14 17:25:00+00:00,174.5050048828125,174.5500030517578,174.4600067138672,174.5500030517578,30362
2025-08-14 17:30:00+00:00,174.46499633789062,174.5469970703125,174.4499969482422,174.5050048828125,25113
2025-08-14 17:35:00+00:00,174.4499969482422,174.5,174.4010009765625,174.46429443359375,25548
2025-08-14 17:40:00+00:00,174.6199951171875,174.63999938964844,174.44000244140625,174.46499633789062,69026
2025-08-14 17:45:00+00:00,174.84500122070312,174.8699951171875,174.6199951171875,174.64999389648438,45043
2025-08-14 17:50:00+00:00,174.77499389648438,174.8350067138672,174.72999572753906,174.8300018310547,50092
2025-08-14 17:55:00+00:00,174.81500244140625,174.82000732421875,174.69000244140625,174.75999450683594,31529
2025-08-14 18:00:00+00:00,174.96429443359375,174.99000549316406,174.75999450683594,174.81500244140625,69241
2025-08-14 18:05:00+00:00,174.89999389648438,175.0,174.82000732421875,174.9600067138672,164060
2025-08-14 18:10:00+00:00,174.94000244140625,174.9499969482422,174.8699951171875,174.91000366210938,28910
2025-08-14 18:15:00+00:00,174.9499969482422,174.97999572753906,174.83999633789062,174.9532012939453,55881
2025-08-14 18:20:00+00:00,174.96009826660156,175.0,174.94000244140625,174.9499969482422,96248
2025-08-14 18:25:00+00:00,175.0,175.14999389648438,174.89999389648438,174.9600067138672,559018
2025-08-14 18:30:00+00:00,174.89549255371094,175.0196075439453,174.86000061035156,175.0196075439453,45295
2025-08-14 18:35:00+00:00,174.8800048828125,174.90989685058594,174.83999633789062,174.88999938964844,31253
2025-08-14 18:40:00+00:00,175.0800018310547,175.11000061035156,174.88999938964844,174.88999938964844,43843
2025-08-14 18:45:00+00:00,175.1501007080078,175.16000366210938,175.0,175.11000061035156,37347
2025-08-14 18:50:00+00:00,175.0800018310547,175.17999267578125,175.0404052734375,175.1649932861328,33665
2025-08-14 18:55:00+00:00,175.2899932861328,175.2949981689453,175.07000732421875,175.0850067138672,72723
2025-08-14 19:00:00+00:00,175.3000030517578,175.3800048828125,175.27000427246094,175.28990173339844,64903
2025-08-14 19:05:00+00:00,175.4149932861328,175.42999267578125,175.27499389648438,175.28500366210938,64055
2025-08-14 19:10:00+00:00,175.51499938964844,175.5279998779297,175.39999389648438,175.39999389648438,96429
2025-08-14 19:15:00+00:00,175.7100067138672,175.7238006591797,175.50999450683594,175.51499938964844,76615
2025-08-14 19:20:00+00:00,175.58999633789062,175.7100067138672,175.57000732421875,175.7100067138672,74133
2025-08-14 19:25:00+00:00,175.5500030517578,175.66000366210938,175.5399932861328,175.5845947265625,83166
2025-08-14 19:30:00+00:00,175.50999450683594,175.55979919433594,175.3800048828125,175.55979919433594,101619
2025-08-14 19:35:00+00:00,175.5,175.5529022216797,175.42999267578125,175.50999450683594,82248
2025-08-14 19:40:00+00:00,174.94000244140625,175.4949951171875,174.77000427246094,175.4949951171875,191406
2025-08-14 19:45:00+00:00,175.0399932861328,175.05999755859375,174.88999938964844,174.92999267578125,133177
2025-08-14 19:50:00+00:00,175.08999633789062,175.10000610351562,174.89999389648438,175.0399932861328,179307
2025-08-14 19:55:00+00:00,174.72999572753906,175.14500427246094,174.72000122070312,175.08999633789062,545097
2025-08-15 13:30:00+00:00,175.60000610351562,175.77499389648438,174.9600067138672,175.57000732421875,856510
2025-08-15 13:35:00+00:00,175.9550018310547,175.97999572753906,175.55999755859375,175.60499572753906,59110
2025-08-15 13:40:00+00:00,175.69500732421875,175.99000549316406,175.6199951171875,175.96499633789062,63785
2025-08-15 13:45:00+00:00,176.3000030517578,176.3800048828125,175.70010375976562,175.70010375976562,207048
2025-08-15 13:50:00+00:00,176.42999267578125,176.5399932861328,176.30999755859375,176.33999633789062,89708
2025-08-15 13:55:00+00:00,176.10000610351562,176.4550018310547,175.9615936279297,176.4199981689453,72448
2025-08-15 14:00:00+00:00,176.02000427246094,176.1750030517578,175.86000061035156,176.0500030517578,61093
2025-08-15 14:05:00+00:00,175.89999389648438,176.05209350585938,175.875,176.0399932861328,48218
2025-08-15 14:10:00+00:00,175.72999572753906,175.9499969482422,175.69000244140625,175.89500427246094,99392
2025-08-15 14:15:00+00:00,175.625,175.8800048828125,175.625,175.72999572753906,61946
2025-08-15 14:20:00+00:00,175.86500549316406,175.9499969482422,175.61000061035156,175.63999938964844,57645
2025-08-15 14:25:00+00:00,175.97000122070312,175.97999572753906,175.82029724121094,175.8800048828125,43184
2025-08-15 14:30:00+00:00,176.03500366210938,176.07000732421875,175.94000244140625,175.97000122070312,60040
2025-08-15 14:35:00+00:00,175.88999938964844,176.02000427246094,175.8000030517578,176.02000427246094,51056
2025-08-15 14:40:00+00:00,175.89999389648438,175.97000122070312,175.8249969482422,175.88999938964844,50954
2025-08-15 14:45:00+00:00,176.1699981689453,176.19000244140625,175.8699951171875,175.89999389648438,62491
2025-08-15 14:50:00+00:00,176.19000244140625,176.22999572753906,176.09060668945312,176.16000366210938,48085
2025-08-15 14:55:00+00:00,176.0749969482422,176.2100067138672,176.02000427246094,176.19619750976562,47827
2025-08-15 15:00:00+00:00,175.91510009765625,176.1199951171875,175.89999389648438,176.07000732421875,54706
2025-08-15 15:05:00+00:00,175.8800048828125,176.02499389648438,175.76499938964844,175.9001007080078,124452
2025-08-15 15:10:00+00:00,175.82000732421875,175.98590087890625,175.80499267578125,175.8699951171875,95850
2025-08-15 15:15:00+00:00,175.85000610351562,175.91000366210938,175.74000549316406,175.77000427246094,176898
2025-08-15 15:20:00+00:00,175.77999877929688,175.91000366210938,175.67999267578125,175.86000061035156,89977
2025-08-15 15:25:00+00:00,175.77000427246094,175.77999877929688,175.6750030517578,175.75999450683594,51785
2025-08-15 15:30:00+00:00,175.8800048828125,175.91000366210938,175.75,175.77999877929688,43377
2025-08-15 15:35:00+00:00,175.88999938964844,175.9499969482422,175.7899932861328,175.875,41128
2025-08-15 15:40:00+00:00,175.85000610351562,175.92999267578125,175.77999877929688,175.89500427246094,46951
2025-08-15 15:45:00+00:00,175.92999267578125,176.0050048828125,175.85000610351562,175.86000061035156,51743
2025-08-15 15:50:00+00:00,175.7899932861328,175.9250030517578,175.7899932861328,175.9250030517578,36418
2025-08-15 15:55:00+00:00,175.80999755859375,175.86940002441406,175.7449951171875,175.7899932861328,33898
2025-08-15 16:00:00+00:00,175.9499969482422,175.9499969482422,175.7100067138672,175.8000030517578,40631
2025-08-15 16:05:00+00:00,175.97000122070312,176.0,175.8699951171875,175.94500732421875,67692
2025-08-15 16:10:00+00:00,176.0886993408203,176.10000610351562,175.97000122070312,175.97999572753906,118375
2025-08-15 16:15:00+00:00,176.10000610351562,176.11000061035156,176.02499389648438,176.08999633789062,38192
2025-08-15 16:20:00+00:00,176.1999969482422,176.27000427246094,176.08999633789062,176.11000061035156,103633
2025-08-15 16:25:00+00:00,176.14999389648438,176.30999755859375,176.14500427246094,176.2050018310547,34437
2025-08-15 16:30:00+00:00,176.11000061035156,176.22000122070312,176.11000061035156,176.13999938964844,29038
2025-08-15 16:35:00+00:00,176.1999969482422,176.1999969482422,176.07000732421875,176.10000610351562,24767
2025-08-15 16:40:00+00:00,176.22999572753906,176.22999572753906,176.16000366210938,176.19000244140625,30444
2025-08-15 16:45:00+00:00,176.36000061035156,176.3800048828125,176.22000122070312,176.22999572753906,32685
2025-08-15 16:50:00+00:00,176.3000030517578,176.36000061035156,176.27999877929688,176.35000610351562,29058
2025-08-15 16:55:00+00:00,176.39999389648438,176.4250030517578,176.27000427246094,176.30499267578125,38019
2025-08-15 17:00:00+00:00,176.4199981689453,176.4600067138672,176.3300018310547,176.3769989013672,31658
2025-08-15 17:05:00+00:00,176.5050048828125,176.50999450683594,176.39999389648438,176.41600036621094,48991
2025-08-15 17:10:00+00:00,176.44000244140625,176.50999450683594,176.4149932861328,176.5,39072
2025-08-15 17:15:00+00:00,176.50999450683594,176.50999450683594,176.39999389648438,176.44000244140625,24710
2025-08-15 17:20:00+00:00,176.5399932861328,176.5399932861328,176.47500610351562,176.4949951171875,31389
2025-08-15 17:25:00+00:00,176.5800018310547,176.5800018310547,176.5,176.5399932861328,25917
2025-08-15 17:30:00+00:00,176.6300048828125,176.6699981689453,176.55999755859375,176.57000732421875,55482
2025-08-15 17:35:00+00:00,176.63999938964844,176.6699981689453,176.60000610351562,176.61000061035156,52292
2025-08-15 17:40:00+00:00,176.6300048828125,176.72000122070312,176.5800018310547,176.63999938964844,45549
2025-08-15 17:45:00+00:00,176.76499938964844,176.7899932861328,176.60000610351562,176.6300048828125,41875
2025-08-15 17:50:00+00:00,176.83419799804688,176.8699951171875,176.7550048828125,176.7550048828125,38512
2025-08-15 17:55:00+00:00,176.7624969482422,176.83999633789062,176.7570037841797,176.8350067138672,45205
2025-08-15 18:00:00+00:00,176.75,176.9199981689453,176.6699981689453,176.76499938964844,624863
2025-08-15 18:05:00+00:00,176.89999389648438,176.89999389648438,176.73500061035156,176.735107421875,39888
2025-08-15 18:10:00+00:00,176.92999267578125,177.00999450683594,176.86000061035156,176.90499877929688,103388
2025-08-15 18:15:00+00:00,176.89999389648438,176.97000122070312,176.875,176.9355010986328,34501
2025-08-15 18:20:00+00:00,177.07240295410156,177.08999633789062,176.88999938964844,176.88999938964844,51781
2025-08-15 18:25:00+00:00,177.0399932861328,177.10000610351562,177.0,177.0800018310547,45430
2025-08-15 18:30:00+00:00,177.10499572753906,177.20989990234375,177.02999877929688,177.05499267578125,67884
2025-08-15 18:35:00+00:00,177.1699981689453,177.22000122070312,177.11000061035156,177.11000061035156,42016
2025-08-15 18:40:00+00:00,177.22000122070312,177.26499938964844,177.1425018310547,177.1649932861328,51162
2025-08-15 18:45:00+00:00,177.16009521484375,177.22999572753906,177.13999938964844,177.22500610351562,65098
2025-08-15 18:50:00+00:00,176.97000122070312,177.19000244140625,176.9600067138672,177.16000366210938,84473
2025-08-15 18:55:00+00:00,177.01499938964844,177.02000427246094,176.87750244140625,176.9499969482422,69907
2025-08-15 19:00:00+00:00,176.86500549316406,177.03500366210938,176.77000427246094,177.01499938964844,89682
2025-08-15 19:05:00+00:00,176.83999633789062,176.9499969482422,176.7550048828125,176.8699951171875,102395
2025-08-15 19:10:00+00:00,176.875,176.89999389648438,176.80999755859375,176.84500122070312,91334
2025-08-15 19:15:00+00:00,176.77000427246094,176.88999938964844,176.77000427246094,176.8699951171875,72126
2025-08-15 19:20:00+00:00,176.75,176.8300018310547,176.6699981689453,176.77000427246094,106614
2025-08-15 19:25:00+00:00,176.7949981689453,176.8350067138672,176.66000366210938,176.7550048828125,90559
2025-08-15 19:30:00+00:00,176.77999877929688,176.89500427246094,176.69000244140625,176.7899932861328,85322
2025-08-15 19:35:00+00:00,176.81500244140625,176.88999938964844,176.75999450683594,176.7899932861328,58498
2025-08-15 19:40:00+00:00,176.88999938964844,176.9197998046875,176.8000030517578,176.88999938964844,67957
2025-08-15 19:45:00+00:00,176.85499572753906,176.93499755859375,176.84500122070312,176.89999389648438,92145
2025-08-15 19:50:00+00:00,176.8300018310547,176.88999938964844,176.7100067138672,176.83999633789062,205174
2025-08-15 19:55:00+00:00,176.66000366210938,176.88999938964844,176.60000610351562,176.84500122070312,656928
2025-08-18 13:30:00+00:00,176.39999389648438,177.10000610351562,176.10000610351562,176.5,268790
2025-08-18 13:35:00+00:00,176.9250030517578,177.06500244140625,176.42999267578125,176.42999267578125,54872
2025-08-18 13:40:00+00:00,177.14019775390625,177.22999572753906,176.7100067138672,176.9250030517578,78108
2025-08-18 13:45:00+00:00,177.02499389648438,177.2100067138672,176.9600067138672,177.1699981689453,63207
2025-08-18 13:50:00+00:00,177.02999877929688,177.1699981689453,176.98500061035156,177.0500030517578,50042
2025-08-18 13:55:00+00:00,177.17999267578125,177.1999969482422,177.02000427246094,177.1300048828125,58350
2025-08-18 14:00:00+00:00,176.9600067138672,177.16000366210938,176.94000244140625,177.11000061035156,67749
2025-08-18 14:05:00+00:00,177.0449981689453,177.10000610351562,176.88999938964844,176.97999572753906,66007
2025-08-18 14:10:00+00:00,177.0399932861328,177.16000366210938,177.02499389648438,177.0449981689453,74686
2025-08-18 14:15:00+00:00,177.02999877929688,177.1199951171875,176.89500427246094,177.0469970703125,55099
2025-08-18 14:20:00+00:00,176.97999572753906,177.08999633789062,176.9499969482422,177.02999877929688,43100
2025-08-18 14:25:00+00:00,176.97000122070312,177.11000061035156,176.94000244140625,176.97999572753906,55119
2025-08-18 14:30:00+00:00,177.25,177.25999450683594,176.97000122070312,176.97000122070312,56298
2025-08-18 14:35:00+00:00,177.39010620117188,177.4199981689453,177.19000244140625,177.25,66636
2025-08-18 14:40:00+00:00,177.4499969482422,177.46499633789062,177.27000427246094,177.42999267578125,51714
2025-08-18 14:45:00+00:00,177.27999877929688,177.57000732421875,177.27999877929688,177.464599609375,66990
2025-08-18 14:50:00+00:00,177.16000366210938,177.27560424804688,177.0800018310547,177.27560424804688,46306
2025-08-18 14:55:00+00:00,176.89999389648438,177.16000366210938,176.83999633789062,177.1103057861328,80543
2025-08-18 15:00:00+00:00,176.9199981689453,176.97000122070312,176.75999450683594,176.89999389648438,62841
2025-08-18 15:05:00+00:00,176.96499633789062,176.96499633789062,176.8800048828125,176.9199981689453,42338
2025-08-18 15:10:00+00:00,176.94000244140625,177.0800018310547,176.8699951171875,176.97000122070312,52397
2025-08-18 15:15:00+00:00,177.0500030517578,177.14500427246094,176.92869567871094,176.94000244140625,482513
2025-08-18 15:20:00+00:00,176.9600067138672,177.07000732421875,176.83999633789062,177.05499267578125,51184
2025-08-18 15:25:00+00:00,176.92999267578125,177.02999877929688,176.92999267578125,176.95030212402344,48677
2025-08-18 15:30:00+00:00,176.92999267578125,177.01499938964844,176.86000061035156,176.9199981689453,49602
2025-08-18 15:35:00+00:00,176.86000061035156,176.9600067138672,176.82000732421875,176.94000244140625,38206
2025-08-18 15:40:00+00:00,176.86000061035156,176.86000061035156,176.75,176.80999755859375,37258
2025-08-18 15:45:00+00:00,177.02000427246094,177.0399932861328,176.80999755859375,176.85000610351562,43103
2025-08-18 15:50:00+00:00,177.01499938964844,177.0399932861328,176.95069885253906,177.00999450683594,43499
2025-08-18 15:55:00+00:00,176.97000122070312,177.02499389648438,176.9499969482422,177.00999450683594,30324
2025-08-18 16:00:00+00:00,177.07000732421875,177.09539794921875,176.94500732421875,176.9550018310547,39888
2025-08-18 16:05:00+00:00,177.21499633789062,177.22000122070312,177.05999755859375,177.0850067138672,35275
2025-08-18 16:10:00+00:00,177.27999877929688,177.28500366210938,177.1649932861328,177.21499633789062,47401
2025-08-18 16:15:00+00:00,177.1699981689453,177.30999755859375,177.13999938964844,177.30999755859375,31235
2025-08-18 16:20:00+00:00,177.1999969482422,177.1999969482422,177.0500030517578,177.1699981689453,25811
2025-08-18 16:25:00+00:00,177.16000366210938,177.1999969482422,177.08999633789062,177.19000244140625,20866
2025-08-18 16:30:00+00:00,177.14500427246094,177.22999572753906,177.13999938964844,177.13999938964844,38125
2025-08-18 16:35:00+00:00,177.13999938964844,177.1558074951172,177.05999755859375,177.13999938964844,36347
2025-08-18 16:40:00+00:00,177.1699981689453,177.2100067138672,177.13999938964844,177.13999938964844,29790
2025-08-18 16:45:00+00:00,177.16000366210938,177.2100067138672,177.10000610351562,177.17999267578125,26303
2025-08-18 16:50:00+00:00,177.1300048828125,177.1999969482422,177.1199951171875,177.1699981689453,23322
2025-08-18 16:55:00+00:00,177.1300048828125,177.15499877929688,177.05499267578125,177.1199951171875,19977
2025-08-18 17:00:00+00:00,177.1750030517578,177.25,177.1300048828125,177.1300048828125,24098
2025-08-18 17:05:00+00:00,177.02999877929688,177.19500732421875,177.0,177.19000244140625,193836
2025-08-18 17:10:00+00:00,177.0399932861328,177.0865020751953,177.0,177.02499389648438,43215
2025-08-18 17:15:00+00:00,177.0854034423828,177.09300231933594,177.0500030517578,177.05499267578125,30014
2025-08-18 17:20:00+00:00,177.0196075439453,177.1199951171875,176.99000549316406,177.08999633789062,32204
2025-08-18 17:25:00+00:00,176.90499877929688,177.0399932861328,176.8699951171875,177.00999450683594,34957
2025-08-18 17:30:00+00:00,176.72999572753906,176.9199981689453,176.72999572753906,176.91000366210938,33630
2025-08-18 17:35:00+00:00,176.75999450683594,176.7899932861328,176.7100067138672,176.72999572753906,35855
2025-08-18 17:40:00+00:00,176.71099853515625,176.75999450683594,176.6999969482422,176.75,21329
2025-08-18 17:45:00+00:00,176.77000427246094,176.77960205078125,176.6999969482422,176.72000122070312,39273
2025-08-18 17:50:00+00:00,176.6300048828125,176.77000427246094,176.6300048828125,176.77000427246094,64416
2025-08-18 17:55:00+00:00,176.77999877929688,176.7873992919922,176.60009765625,176.6199951171875,39230
2025-08-18 18:00:00+00:00,176.8000030517578,176.82000732421875,176.74000549316406,176.77999877929688,37915
2025-08-18 18:05:00+00:00,176.80999755859375,176.8300018310547,176.74000549316406,176.8000030517578,47915
2025-08-18 18:10:00+00:00,176.75,176.8350067138672,176.74000549316406,176.81500244140625,27722
2025-08-18 18:15:00+00:00,176.5800018310547,176.77999877929688,176.57000732421875,176.75999450683594,38193
2025-08-18 18:20:00+00:00,176.51499938964844,176.5861053466797,176.49000549316406,176.5800018310547,39799
2025-08-18 18:25:00+00:00,176.47999572753906,176.55999755859375,176.44500732421875,176.50999450683594,70431
2025-08-18 18:30:00+00:00,176.64999389648438,176.72470092773438,176.4949951171875,176.4949951171875,45600
2025-08-18 18:35:00+00:00,176.71499633789062,176.74000549316406,176.656494140625,176.656494140625,35501
2025-08-18 18:40:00+00:00,176.74000549316406,176.7449951171875,176.58999633789062,176.72000122070312,32634
2025-08-18 18:45:00+00:00,176.64999389648438,176.77999877929688,176.58999633789062,176.73500061035156,31436
2025-08-18 18:50:00+00:00,176.69000244140625,176.7550048828125,176.625,176.66000366210938,44511
2025-08-18 18:55:00+00:00,176.67999267578125,176.7449951171875,176.6300048828125,176.6999969482422,41286
2025-08-18 19:00:00+00:00,176.60719299316406,176.7100067138672,176.55999755859375,176.6999969482422,55759
2025-08-18 19:05:00+00:00,176.5800018310547,176.63499450683594,176.47999572753906,176.60000610351562,67723
2025-08-18 19:10:00+00:00,176.72000122070312,176.72999572753906,176.57000732421875,176.58999633789062,76470
2025-08-18 19:15:00+00:00,176.7949981689453,176.8997039794922,176.74000549316406,176.74000549316406,83062
2025-08-18 19:20:00+00:00,176.92999267578125,176.97000122070312,176.77000427246094,176.80999755859375,58010
2025-08-18 19:25:00+00:00,176.8800048828125,176.94970703125,176.86000061035156,176.94000244140625,122843
2025-08-18 19:30:00+00:00,176.82000732421875,176.9499969482422,176.7675018310547,176.88999938964844,70496
2025-08-18 19:35:00+00:00,176.77499389648438,176.92999267578125,176.77000427246094,176.8300018310547,80790
2025-08-18 19:40:00+00:00,176.74000549316406,176.83999633789062,176.7050018310547,176.77499389648438,69124
2025-08-18 19:45:00+00:00,176.3000030517578,176.75999450683594,176.3000030517578,176.75,125357
2025-08-18 19:50:00+00:00,176.44000244140625,176.4499969482422,176.1204071044922,176.30999755859375,140866
2025-08-18 19:55:00+00:00,176.25,176.5399932861328,176.19000244140625,176.4199981689453,428130
2025-08-19 13:30:00+00:00,176.88999938964844,177.00999450683594,175.9759979248047,176.5,2427477
2025-08-19 13:35:00+00:00,177.1199951171875,177.1300048828125,176.85000610351562,176.8800048828125,66925
2025-08-19 13:40:00+00:00,177.33999633789062,177.35000610351562,177.0,177.08999633789062,99170
2025-08-19 13:45:00+00:00,177.39999389648438,177.45989990234375,177.25999450683594,177.3800048828125,60067
2025-08-19 13:50:00+00:00,177.0850067138672,177.44000244140625,177.0800018310547,177.41000366210938,61604
2025-08-19 13:55:00+00:00,176.97000122070312,177.11000061035156,176.89999389648438,177.0800018310547,48960
2025-08-19 14:00:00+00:00,177.1199951171875,177.1999969482422,176.88999938964844,176.97999572753906,87306
2025-08-19 14:05:00+00:00,177.41000366210938,177.43319702148438,177.0800018310547,177.1199951171875,51673
2025-08-19 14:10:00+00:00,177.52000427246094,177.52000427246094,177.31500244140625,177.41000366210938,83715
2025-08-19 14:15:00+00:00,177.61000061035156,177.6699981689453,177.4949951171875,177.52499389648438,56636
2025-08-19 14:20:00+00:00,177.6894989013672,177.71339416503906,177.52000427246094,177.5800018310547,57020
2025-08-19 14:25:00+00:00,177.86000061035156,177.88999938964844,177.5500030517578,177.6699981689453,184131
2025-08-19 14:30:00+00:00,177.93499755859375,177.9499053955078,177.69500732421875,177.83999633789062,134618
2025-08-19 14:35:00+00:00,178.03500366210938,178.14999389648438,177.83999633789062,177.93499755859375,163593
2025-08-19 14:40:00+00:00,177.9499969482422,178.125,177.8800048828125,178.03500366210938,93968
2025-08-19 14:45:00+00:00,177.8699951171875,177.92999267578125,177.72999572753906,177.92999267578125,54900
2025-08-19 14:50:00+00:00,177.74000549316406,177.8699951171875,177.6649932861328,177.8300018310547,70107
2025-08-19 14:55:00+00:00,177.83999633789062,177.92999267578125,177.7100067138672,177.77000427246094,56718
2025-08-19 15:00:00+00:00,177.80999755859375,177.8800048828125,177.625,177.8249969482422,71205
2025-08-19 15:05:00+00:00,177.8070068359375,177.90499877929688,177.7899932861328,177.83999633789062,57853
2025-08-19 15:10:00+00:00,177.72000122070312,177.85000610351562,177.72000122070312,177.77999877929688,38010
2025-08-19 15:15:00+00:00,177.63999938964844,177.72000122070312,177.39999389648438,177.70950317382812,144746
2025-08-19 15:20:00+00:00,177.67999267578125,177.68499755859375,177.5709991455078,177.67999267578125,44989
2025-08-19 15:25:00+00:00,177.77999877929688,177.80999755859375,177.5500030517578,177.67999267578125,63476
2025-08-19 15:30:00+00:00,177.89100646972656,177.9199981689453,177.7449951171875,177.75999450683594,65270
2025-08-19 15:35:00+00:00,177.81500244140625,177.92999267578125,177.80999755859375,177.9149932861328,38511
2025-08-19 15:40:00+00:00,177.58160400390625,177.8997039794922,177.55999755859375,177.83999633789062,39999
2025-08-19 15:45:00+00:00,177.47000122070312,177.57000732421875,177.44500732421875,177.55999755859375,32738
2025-08-19 15:50:00+00:00,177.58999633789062,177.60000610351562,177.46009826660156,177.46600341796875,36214
2025-08-19 15:55:00+00:00,177.42010498046875,177.59500122070312,177.36000061035156,177.58799743652344,58838
2025-08-19 16:00:00+00:00,177.5449981689453,177.5449981689453,177.39999389648438,177.42999267578125,37186
2025-08-19 16:05:00+00:00,177.49000549316406,177.57000732421875,177.4499969482422,177.55099487304688,52565
2025-08-19 16:10:00+00:00,177.66000366210938,177.7100067138672,177.47000122070312,177.4929962158203,33615
2025-08-19 16:15:00+00:00,177.69000244140625,177.74000549316406,177.6300048828125,177.67999267578125,25512
2025-08-19 16:20:00+00:00,177.7899932861328,177.82000732421875,177.66000366210938,177.69000244140625,39846
2025-08-19 16:25:00+00:00,177.8300018310547,177.8699951171875,177.75999450683594,177.78500366210938,40458
2025-08-19 16:30:00+00:00,177.93499755859375,177.9600067138672,177.8000030517578,177.83799743652344,33085
2025-08-19 16:35:00+00:00,178.02000427246094,178.0500030517578,177.8699951171875,177.93499755859375,55049
2025-08-19 16:40:00+00:00,178.13259887695312,178.14999389648438,178.0,178.02000427246094,31834
2025-08-19 16:45:00+00:00,178.07000732421875,178.1699981689453,178.01499938964844,178.13499450683594,49240
2025-08-19 16:50:00+00:00,177.95089721679688,178.11000061035156,177.95089721679688,178.0749969482422,33755
2025-08-19 16:55:00+00:00,178.07000732421875,178.10589599609375,177.94500732421875,177.94500732421875,44335
2025-08-19 17:00:00+00:00,178.11000061035156,178.1696014404297,177.97999572753906,178.06500244140625,25160
2025-08-19 17:05:00+00:00,178.1199951171875,178.14500427246094,178.02999877929688,178.08999633789062,27980
2025-08-19 17:10:00+00:00,178.17539978027344,178.17999267578125,178.07000732421875,178.1199951171875,32073
2025-08-19 17:15:00+00:00,178.11500549316406,178.17999267578125,178.08999633789062,178.16000366210938,28403
2025-08-19 17:20:00+00:00,178.0,178.11000061035156,178.0,178.1002960205078,29241
2025-08-19 17:25:00+00:00,177.85440063476562,178.0449981689453,177.83999633789062,178.00999450683594,63000
2025-08-19 17:30:00+00:00,177.57000732421875,177.8699951171875,177.57000732421875,177.85499572753906,52069
2025-08-19 17:35:00+00:00,177.60000610351562,177.69509887695312,177.54010009765625,177.58999633789062,40188
2025-08-19 17:40:00+00:00,177.6199951171875,177.63009643554688,177.55999755859375,177.59500122070312,30708
2025-08-19 17:45:00+00:00,177.66000366210938,177.7100067138672,177.47999572753906,177.60499572753906,68152
2025-08-19 17:50:00+00:00,177.5800018310547,177.72999572753906,177.5800018310547,177.67999267578125,38711
2025-08-19 17:55:00+00:00,177.5500030517578,177.61000061035156,177.5,177.5850067138672,43182
2025-08-19 18:00:00+00:00,177.42999267578125,177.57000732421875,177.39999389648438,177.52999877929688,26767
2025-08-19 18:05:00+00:00,177.57989501953125,177.5800018310547,177.4257049560547,177.44000244140625,53698
2025-08-19 18:10:00+00:00,177.4499969482422,177.54209899902344,177.38999938964844,177.53810119628906,48532
2025-08-19 18:15:00+00:00,177.38999938964844,177.4600067138672,177.38999938964844,177.4550018310547,34212
2025-08-19 18:20:00+00:00,177.4499969482422,177.5,177.35000610351562,177.3800048828125,19970
2025-08-19 18:25:00+00:00,177.71099853515625,177.75999450683594,177.4250030517578,177.4550018310547,95861
2025-08-19 18:30:00+00:00,177.6999969482422,177.77000427246094,177.67999267578125,177.7100067138672,40208
2025-08-19 18:35:00+00:00,177.77000427246094,177.83999633789062,177.66000366210938,177.74000549316406,56707
2025-08-19 18:40:00+00:00,177.75,177.81500244140625,177.74000549316406,177.75999450683594,30590
2025-08-19 18:45:00+00:00,177.83079528808594,177.83999633789062,177.74009704589844,177.77960205078125,33912
2025-08-19 18:50:00+00:00,177.8227996826172,177.8699951171875,177.8000030517578,177.8350067138672,31523
2025-08-19 18:55:00+00:00,177.8300018310547,177.88999938964844,177.78500366210938,177.81619262695312,35047
2025-08-19 19:00:00+00:00,177.97000122070312,177.97999572753906,177.8300018310547,177.8350067138672,34362
2025-08-19 19:05:00+00:00,178.07000732421875,178.0800018310547,177.9801025390625,177.99000549316406,55629
2025-08-19 19:10:00+00:00,177.90989685058594,178.0800018310547,177.90499877929688,178.07000732421875,57341
2025-08-19 19:15:00+00:00,177.91000366210938,177.97000122070312,177.8903045654297,177.90899658203125,45637
2025-08-19 19:20:00+00:00,177.83999633789062,177.94900512695312,177.83999633789062,177.91000366210938,41841
2025-08-19 19:25:00+00:00,177.93499755859375,177.93499755859375,177.80999755859375,177.83999633789062,164250
2025-08-19 19:30:00+00:00,177.8000030517578,177.92999267578125,177.7949981689453,177.92999267578125,55171
2025-08-19 19:35:00+00:00,177.6300048828125,177.8090057373047,177.61000061035156,177.80499267578125,47039
2025-08-19 19:40:00+00:00,177.677001953125,177.7050018310547,177.60000610351562,177.6199951171875,103851
2025-08-19 19:45:00+00:00,177.57000732421875,177.67999267578125,177.52000427246094,177.6649932861328,92733
2025-08-19 19:50:00+00:00,177.61000061035156,177.68299865722656,177.51499938964844,177.5500030517578,92613
2025-08-19 19:55:00+00:00,177.8000030517578,177.85000610351562,177.61000061035156,177.6199951171875,336340
2025-08-20 13:30:00+00:00,178.8052978515625,178.88999938964844,178.0,178.5,267189
2025-08-20 13:35:00+00:00,179.02999877929688,179.10000610351562,178.67999267578125,178.8000030517578,122491
2025-08-20 13:40:00+00:00,179.35000610351562,179.3800048828125,178.91000366210938,179.0500030517578,94939
2025-08-20 13:45:00+00:00,180.3800048828125,180.4149932861328,179.3800048828125,179.3800048828125,665802
2025-08-20 13:50:00+00:00,180.44000244140625,180.6100006103516,180.2100067138672,180.4199981689453,169248
2025-08-20 13:55:00+00:00,179.8867950439453,180.58999633789065,179.78500366210938,180.47999572753903,176202
2025-08-20 14:00:00+00:00,179.24000549316406,179.95249938964844,178.97999572753906,179.85499572753906,169404
2025-08-20 14:05:00+00:00,179.7100067138672,179.85000610351562,179.24000549316406,179.24000549316406,92543
2025-08-20 14:10:00+00:00,179.6649932861328,179.97000122070312,179.52999877929688,179.7100067138672,117462
2025-08-20 14:15:00+00:00,179.6199951171875,179.85000610351562,179.61000061035156,179.6999969482422,72346
2025-08-20 14:20:00+00:00,179.1304931640625,179.66000366210938,179.1304931640625,179.5800018310547,62912
2025-08-20 14:25:00+00:00,178.9199981689453,179.14500427246094,178.8699951171875,179.1300048828125,64850
2025-08-20 14:30:00+00:00,179.1699981689453,179.22999572753906,178.86050415039062,178.94000244140625,85453
2025-08-20 14:35:00+00:00,179.3800048828125,179.39999389648438,179.0989990234375,179.17640686035156,61350
2025-08-20 14:40:00+00:00,179.47000122070312,179.52999877929688,179.2700958251953,179.41000366210938,79237
2025-08-20 14:45:00+00:00,179.35009765625,179.5,179.2899932861328,179.47500610351562,61385
2025-08-20 14:50:00+00:00,179.34500122070312,179.57000732421875,179.31649780273438,179.39999389648438,60911
2025-08-20 14:55:00+00:00,179.4550018310547,179.49000549316406,179.25399780273438,179.33009338378906,57062
2025-08-20 15:00:00+00:00,179.51499938964844,179.64999389648438,179.41000366210938,179.47000122070312,75855
2025-08-20 15:05:00+00:00,179.42999267578125,179.57000732421875,179.39999389648438,179.52999877929688,63064
2025-08-20 15:10:00+00:00,179.3699951171875,179.4199981689453,179.1999969482422,179.39999389648438,58122
2025-08-20 15:15:00+00:00,179.07000732421875,179.52000427246094,179.07000732421875,179.37989807128906,60479
2025-08-20 15:20:00+00:00,178.94500732421875,179.06900024414062,178.82000732421875,179.05999755859375,98275
2025-08-20 15:25:00+00:00,178.8249969482422,179.0500030517578,178.80999755859375,178.97000122070312,200389
2025-08-20 15:30:00+00:00,178.61500549316406,178.8000030517578,178.52999877929688,178.8000030517578,54680
2025-08-20 15:35:00+00:00,178.64999389648438,178.71499633789062,178.4499969482422,178.61399841308594,54776
2025-08-20 15:40:00+00:00,178.66000366210938,178.7899932861328,178.4949951171875,178.64999389648438,82301
2025-08-20 15:45:00+00:00,178.8199005126953,178.8199005126953,178.63999938964844,178.66000366210938,42966
2025-08-20 15:50:00+00:00,178.88499450683594,178.91000366210938,178.67999267578125,178.7899932861328,26251
2025-08-20 15:55:00+00:00,178.96839904785156,178.97000122070312,178.85000610351562,178.89999389648438,37956
2025-08-20 16:00:00+00:00,178.72000122070312,179.00999450683594,178.6999969482422,178.9499969482422,61104
2025-08-20 16:05:00+00:00,178.75,178.80999755859375,178.7050018310547,178.7100067138672,31851
2025-08-20 16:10:00+00:00,178.75,178.80999755859375,178.67999267578125,178.75,22838
2025-08-20 16:15:00+00:00,178.64999389648438,178.77999877929688,178.63999938964844,178.77000427246094,28215
2025-08-20 16:20:00+00:00,178.74000549316406,178.75379943847656,178.6199951171875,178.6300048828125,67210
2025-08-20 16:25:00+00:00,178.60000610351562,178.8000030517578,178.5749969482422,178.72999572753906,24008
2025-08-20 16:30:00+00:00,178.5399932861328,178.58999633789062,178.47999572753906,178.58999633789062,23604
2025-08-20 16:35:00+00:00,178.5850067138672,178.625,178.5399932861328,178.5511016845703,22289
2025-08-20 16:40:00+00:00,178.7550048828125,178.75999450683594,178.55999755859375,178.60000610351562,31586
2025-08-20 16:45:00+00:00,178.8249969482422,178.8470001220703,178.75999450683594,178.75999450683594,30004
2025-08-20 16:50:00+00:00,178.75,178.8699951171875,178.73500061035156,178.83999633789062,37640
2025-08-20 16:55:00+00:00,178.80999755859375,178.8699951171875,178.74000549316406,178.77000427246094,51653
2025-08-20 17:00:00+00:00,178.8300018310547,178.85000610351562,178.72000122070312,178.82000732421875,46520
2025-08-20 17:05:00+00:00,178.7449951171875,178.81500244140625,178.6999969482422,178.7899932861328,31477
2025-08-20 17:10:00+00:00,178.63499450683594,178.77000427246094,178.63499450683594,178.75860595703125,40196
2025-08-20 17:15:00+00:00,178.63999938964844,178.69500732421875,178.61000061035156,178.63499450683594,28282
2025-08-20 17:20:00+00:00,178.56080627441406,178.68499755859375,178.50999450683594,178.63999938964844,32681
2025-08-20 17:25:00+00:00,178.57000732421875,178.58999633789062,178.49000549316406,178.55999755859375,32067
2025-08-20 17:30:00+00:00,178.52999877929688,178.60000610351562,178.52000427246094,178.5500030517578,35499
2025-08-20 17:35:00+00:00,178.52999877929688,178.5399932861328,178.38600158691406,178.52999877929688,38153
2025-08-20 17:40:00+00:00,178.51499938964844,178.58999633789062,178.4600067138672,178.5207977294922,33880
2025-08-20 17:45:00+00:00,178.45359802246094,178.55999755859375,178.44000244140625,178.52000427246094,61558
2025-08-20 17:50:00+00:00,178.58999633789062,178.58999633789062,178.4499969482422,178.4600067138672,74644
2025-08-20 17:55:00+00:00,178.6999969482422,178.7093963623047,178.5850067138672,178.60000610351562,37152
2025-08-20 18:00:00+00:00,178.6300048828125,178.7100067138672,178.57000732421875,178.6999969482422,46235
2025-08-20 18:05:00+00:00,178.625,178.67999267578125,178.51499938964844,178.58999633789062,44117
2025-08-20 18:10:00+00:00,178.74000549316406,178.75,178.61000061035156,178.6300048828125,59848
2025-08-20 18:15:00+00:00,178.7550048828125,178.8699951171875,178.67999267578125,178.74000549316406,67928
2025-08-20 18:20:00+00:00,178.8000030517578,178.82000732421875,178.67999267578125,178.75999450683594,58801
2025-08-20 18:25:00+00:00,178.89500427246094,178.9199981689453,178.76809692382812,178.7949981689453,63855
2025-08-20 18:30:00+00:00,178.9499969482422,178.9759979248047,178.85000610351562,178.89500427246094,53594
2025-08-20 18:35:00+00:00,178.89999389648438,178.97000122070312,178.83900451660156,178.9600067138672,61901
2025-08-20 18:40:00+00:00,178.83999633789062,178.9199981689453,178.7899932861328,178.90499877929688,45980
2025-08-20 18:45:00+00:00,178.85000610351562,178.90499877929688,178.81149291992188,178.85000610351562,52939
2025-08-20 18:50:00+00:00,178.8000030517578,178.88999938964844,178.75999450683594,178.86000061035156,56061
2025-08-20 18:55:00+00:00,178.88499450683594,178.88499450683594,178.72999572753906,178.82000732421875,50383
2025-08-20 19:00:00+00:00,178.97000122070312,178.98190307617188,178.8800048828125,178.8800048828125,104764
2025-08-20 19:05:00+00:00,179.00999450683594,179.0749969482422,178.9600067138672,178.97000122070312,84916
2025-08-20 19:10:00+00:00,179.05999755859375,179.05999755859375,178.97999572753906,179.00999450683594,64917
2025-08-20 19:15:00+00:00,179.1907958984375,179.1907958984375,179.0399932861328,179.05999755859375,110454
2025-08-20 19:20:00+00:00,179.1999969482422,179.22000122070312,179.1300048828125,179.1999969482422,93058
2025-08-20 19:25:00+00:00,179.10000610351562,179.22999572753906,179.07000732421875,179.1999969482422,95763
2025-08-20 19:30:00+00:00,179.1699981689453,179.2397003173828,179.0749969482422,179.10000610351562,113867
2025-08-20 19:35:00+00:00,179.3800048828125,179.38999938964844,179.15499877929688,179.15499877929688,123791
2025-08-20 19:40:00+00:00,179.3845977783203,179.50999450683594,179.30580139160156,179.3800048828125,136803
2025-08-20 19:45:00+00:00,179.14500427246094,179.38999938964844,179.0749969482422,179.38999938964844,169450
2025-08-20 19:50:00+00:00,178.9499969482422,179.14999389648438,178.94500732421875,179.14500427246094,181851
2025-08-20 19:55:00+00:00,178.84500122070312,178.96499633789062,178.5500030517578,178.9600067138672,537717
2025-08-21 13:30:00+00:00,178.8000030517578,179.1898956298828,178.16000366210938,178.5500030517578,317441
2025-08-21 13:35:00+00:00,178.8699951171875,178.91990661621094,178.5301055908203,178.77999877929688,76713
2025-08-21 13:40:00+00:00,179.02999877929688,179.10000610351562,178.89500427246094,178.89500427246094,73136
2025-08-21 13:45:00+00:00,178.9727020263672,179.18910217285156,178.8000030517578,179.02000427246094,95019
2025-08-21 13:50:00+00:00,179.22999572753906,179.25,178.91000366210938,178.9499969482422,67141
2025-08-21 13:55:00+00:00,179.3800048828125,179.4149932861328,179.08999633789062,179.17999267578125,46757
2025-08-21 14:00:00+00:00,179.35000610351562,179.50999450683594,179.34100341796875,179.36000061035156,63159
2025-08-21 14:05:00+00:00,179.1199951171875,179.3800048828125,179.07000732421875,179.375,67582
2025-08-21 14:10:00+00:00,179.31500244140625,179.31500244140625,179.02999877929688,179.10499572753906,41100
2025-08-21 14:15:00+00:00,179.3865966796875,179.5050048828125,179.27000427246094,179.31219482421875,41653
2025-08-21 14:20:00+00:00,179.52499389648438,179.52499389648438,179.3000030517578,179.3699951171875,56698
2025-08-21 14:25:00+00:00,179.5,179.58999633789062,179.38999938964844,179.50999450683594,45031
2025-08-21 14:30:00+00:00,179.47999572753906,179.625,179.47500610351562,179.5,50166
2025-08-21 14:35:00+00:00,179.27999877929688,179.5050048828125,179.27999877929688,179.47000122070312,38380
2025-08-21 14:40:00+00:00,179.1649932861328,179.32000732421875,179.03500366210938,179.30999755859375,60776
2025-08-21 14:45:00+00:00,179.0749969482422,179.21499633789062,179.0200958251953,179.16000366210938,40448
2025-08-21 14:50:00+00:00,179.14999389648438,179.14999389648438,179.0,179.10000610351562,38033
2025-08-21 14:55:00+00:00,179.33999633789062,179.38999938964844,179.07000732421875,179.13999938964844,34275
2025-08-21 15:00:00+00:00,179.44500732421875,179.44970703125,179.33999633789062,179.3800048828125,44937
2025-08-21 15:05:00+00:00,179.4600067138672,179.5399932861328,179.3699951171875,179.4499969482422,52696
2025-08-21 15:10:00+00:00,179.61000061035156,179.69500732421875,179.47000122070312,179.47000122070312,56291
2025-08-21 15:15:00+00:00,179.78500366210938,179.7949981689453,179.60000610351562,179.61000061035156,46116
2025-08-21 15:20:00+00:00,179.82000732421875,179.86740112304688,179.75,179.79139709472656,42821
2025-08-21 15:25:00+00:00,179.75,179.89999389648438,179.72999572753906,179.82000732421875,54196
2025-08-21 15:30:00+00:00,179.84500122070312,179.8699951171875,179.6300048828125,179.7427978515625,28281
2025-08-21 15:35:00+00:00,179.9199981689453,179.9199981689453,179.7100067138672,179.83999633789062,50860
2025-08-21 15:40:00+00:00,179.83999633789062,179.93980407714844,179.80999755859375,179.9250030517578,44439
2025-08-21 15:45:00+00:00,179.94000244140625,179.9597930908203,179.75999450683594,179.88999938964844,54724
2025-08-21 15:50:00+00:00,179.7899932861328,180.02999877929688,179.77000427246094,179.93499755859375,165105
2025-08-21 15:55:00+00:00,179.52999877929688,179.80999755859375,179.50999450683594,179.80999755859375,23376
2025-08-21 16:00:00+00:00,179.41099548339844,179.52999877929688,179.41099548339844,179.52499389648438,25558
2025-08-21 16:05:00+00:00,179.50999450683594,179.5500030517578,179.39999389648438,179.44000244140625,26139
2025-08-21 16:10:00+00:00,179.52000427246094,179.60960388183594,179.47000122070312,179.50999450683594,25720
2025-08-21 16:15:00+00:00,179.48500061035156,179.5449981689453,179.48500061035156,179.51499938964844,23783
2025-08-21 16:20:00+00:00,179.57510375976562,179.5800018310547,179.42999267578125,179.5,22160
2025-08-21 16:25:00+00:00,179.64999389648438,179.66900634765625,179.52999877929688,179.55999755859375,36094
2025-08-21 16:30:00+00:00,179.4499053955078,179.6999969482422,179.42999267578125,179.6699981689453,31689
2025-08-21 16:35:00+00:00,179.6199951171875,179.6199951171875,179.4199981689453,179.4499969482422,33326
2025-08-21 16:40:00+00:00,179.6999969482422,179.6999969482422,179.5800018310547,179.58999633789062,26676
2025-08-21 16:45:00+00:00,179.69500732421875,179.71499633789062,179.59500122070312,179.71499633789062,34952
2025-08-21 16:50:00+00:00,179.8350067138672,179.83999633789062,179.6595001220703,179.69000244140625,148295
2025-08-21 16:55:00+00:00,179.73500061035156,179.8800048828125,179.6999969482422,179.83999633789062,37950
2025-08-21 17:00:00+00:00,179.70730590820312,179.75,179.59500122070312,179.7498016357422,35839
2025-08-21 17:05:00+00:00,179.65499877929688,179.75999450683594,179.6199951171875,179.6999969482422,315844
2025-08-21 17:10:00+00:00,179.6699981689453,179.6750030517578,179.58999633789062,179.65499877929688,33441
2025-08-21 17:15:00+00:00,179.81500244140625,179.8300018310547,179.6300048828125,179.6699981689453,36239
2025-08-21 17:20:00+00:00,179.7100067138672,179.82249450683594,179.6999969482422,179.82249450683594,25897
2025-08-21 17:25:00+00:00,179.72999572753906,179.7550048828125,179.61000061035156,179.7050018310547,35441
2025-08-21 17:30:00+00:00,179.77499389648438,179.77999877929688,179.6699981689453,179.74989318847656,23814
2025-08-21 17:35:00+00:00,179.75999450683594,179.82000732421875,179.72000122070312,179.77499389648438,38763
2025-08-21 17:40:00+00:00,179.8699951171875,179.9149932861328,179.75999450683594,179.76499938964844,40453
2025-08-21 17:45:00+00:00,180.01980590820312,180.0399932861328,179.8699951171875,179.87640380859375,140327
2025-08-21 17:50:00+00:00,179.9073028564453,180.00999450683594,179.89010620117188,180.0,38104
2025-08-21 17:55:00+00:00,179.77999877929688,179.97000122070312,179.77999877929688,179.9149932861328,28675
2025-08-21 18:00:00+00:00,179.77000427246094,179.7895965576172,179.64500427246094,179.77000427246094,39096
2025-08-21 18:05:00+00:00,179.86000061035156,179.89999389648438,179.77000427246094,179.77999877929688,35913
2025-08-21 18:10:00+00:00,179.8800048828125,179.9600067138672,179.81500244140625,179.86000061035156,33037
2025-08-21 18:15:00+00:00,180.0,180.02999877929688,179.83999633789062,179.8863983154297,45047
2025-08-21 18:20:00+00:00,179.91000366210938,180.0800018310547,179.8798065185547,180.02999877929688,48712
2025-08-21 18:25:00+00:00,179.71499633789062,179.91000366210938,179.69000244140625,179.91000366210938,46348
2025-08-21 18:30:00+00:00,179.6300048828125,179.72500610351562,179.60000610351562,179.71499633789062,39687
2025-08-21 18:35:00+00:00,179.5850067138672,179.68499755859375,179.5850067138672,179.62860107421875,21300
2025-08-21 18:40:00+00:00,179.51499938964844,179.5850067138672,179.4499969482422,179.5850067138672,44624
2025-08-21 18:45:00+00:00,179.47500610351562,179.50999450683594,179.4199981689453,179.50999450683594,36602
2025-08-21 18:50:00+00:00,179.52999877929688,179.57000732421875,179.4499969482422,179.4770050048828,36554
2025-08-21 18:55:00+00:00,179.47500610351562,179.61000061035156,179.45750427246094,179.5399932861328,29189
2025-08-21 19:00:00+00:00,179.49000549316406,179.5500030517578,179.43499755859375,179.47500610351562,38444
2025-08-21 19:05:00+00:00,179.44000244140625,179.54339599609375,179.39999389648438,179.49000549316406,51945
2025-08-21 19:10:00+00:00,179.4093017578125,179.44000244140625,179.35000610351562,179.4199981689453,33491
2025-08-21 19:15:00+00:00,179.3800048828125,179.47999572753906,179.35000610351562,179.40499877929688,45883
2025-08-21 19:20:00+00:00,179.4499969482422,179.4550018310547,179.3699951171875,179.38499450683594,48340
2025-08-21 19:25:00+00:00,179.3800048828125,179.4499969482422,179.35000610351562,179.44000244140625,86708
2025-08-21 19:30:00+00:00,179.3800048828125,179.4499969482422,179.3699951171875,179.38999938964844,78412
2025-08-21 19:35:00+00:00,179.36500549316406,179.38999938964844,179.33999633789062,179.3800048828125,122359
2025-08-21 19:40:00+00:00,179.4199981689453,179.44000244140625,179.35000610351562,179.3654022216797,81348
2025-08-21 19:45:00+00:00,179.22500610351562,179.42999267578125,179.19000244140625,179.4199981689453,119823
2025-08-21 19:50:00+00:00,179.17999267578125,179.4149932861328,179.10000610351562,179.22500610351562,226208
2025-08-21 19:55:00+00:00,179.02000427246094,179.3800048828125,178.88999938964844,179.1699981689453,607993
2025-08-22 13:30:00+00:00,180.77999877929688,181.1300048828125,179.8000030517578,180.03500366210938,443555
2025-08-22 13:35:00+00:00,180.5749969482422,180.7700042724609,180.00999450683594,180.7700042724609,147408
2025-08-22 13:40:00+00:00,180.73719787597656,180.73719787597656,180.41000366210935,180.5399932861328,100673
2025-08-22 13:45:00+00:00,180.33999633789065,180.7100067138672,180.2100067138672,180.6699981689453,105377
2025-08-22 13:50:00+00:00,180.58999633789065,180.6999969482422,180.2400054931641,180.3350067138672,164636
2025-08-22 13:55:00+00:00,180.4250030517578,180.6999969482422,180.4250030517578,180.55999755859372,73137
2025-08-22 14:00:00+00:00,180.2899932861328,181.16000366210935,180.2899932861328,180.47000122070312,258382
2025-08-22 14:05:00+00:00,179.27999877929688,180.5,179.10499572753906,180.2949981689453,315582
2025-08-22 14:10:00+00:00,179.4199981689453,179.52999877929688,179.1699981689453,179.27999877929688,171469
2025-08-22 14:15:00+00:00,179.6699981689453,179.72999572753906,179.0500030517578,179.4600067138672,203772
2025-08-22 14:20:00+00:00,179.7050018310547,180.0,179.6300048828125,179.69000244140625,104121
2025-08-22 14:25:00+00:00,179.63250732421875,179.84500122070312,179.52000427246094,179.72000122070312,84855
2025-08-22 14:30:00+00:00,179.15199279785156,179.7050018310547,179.13999938964844,179.6699981689453,154534
2025-08-22 14:35:00+00:00,178.47000122070312,179.1699981689453,178.4449005126953,179.14999389648438,151705
2025-08-22 14:40:00+00:00,177.85000610351562,178.50999450683594,177.8000030517578,178.4600067138672,168404
2025-08-22 14:45:00+00:00,177.77059936523438,178.08999633789062,177.52000427246094,177.85000610351562,146005
2025-08-22 14:50:00+00:00,177.5500030517578,177.75999450683594,177.50999450683594,177.75999450683594,120715
2025-08-22 14:55:00+00:00,177.97999572753906,178.02999877929688,177.47019958496094,177.5500030517578,170797
2025-08-22 15:00:00+00:00,177.83999633789062,178.0500030517578,177.72000122070312,178.0,164445
2025-08-22 15:05:00+00:00,177.98500061035156,178.13250732421875,177.82000732421875,177.83999633789062,136774
2025-08-22 15:10:00+00:00,177.7100067138672,178.02810668945312,177.63999938964844,177.98500061035156,123721
2025-08-22 15:15:00+00:00,177.73500061035156,177.8300018310547,177.52499389648438,177.7100067138672,100914
2025-08-22 15:20:00+00:00,178.33999633789062,178.36000061035156,177.7550048828125,177.7550048828125,148125
2025-08-22 15:25:00+00:00,178.38499450683594,178.39999389648438,178.10169982910156,178.33999633789062,140261
2025-08-22 15:30:00+00:00,178.32000732421875,178.44000244140625,178.1999969482422,178.375,58421
2025-08-22 15:35:00+00:00,178.5800018310547,178.66000366210938,178.28500366210938,178.32000732421875,82838
2025-08-22 15:40:00+00:00,178.69500732421875,178.77499389648438,178.55999755859375,178.5850067138672,63902
2025-08-22 15:45:00+00:00,179.02099609375,179.0399932861328,178.67999267578125,178.7050018310547,106529
2025-08-22 15:50:00+00:00,178.87820434570312,179.07000732421875,178.7803955078125,179.03500366210938,80518
2025-08-22 15:55:00+00:00,179.0,179.00999450683594,178.82229614257812,178.87429809570312,63214
2025-08-22 16:00:00+00:00,178.97999572753906,179.05999755859375,178.7550048828125,178.97999572753906,76759
2025-08-22 16:05:00+00:00,179.0800018310547,179.11000061035156,178.92999267578125,178.97000122070312,36084
2025-08-22 16:10:00+00:00,179.22999572753906,179.23849487304688,179.0800018310547,179.0850067138672,44087
2025-08-22 16:15:00+00:00,179.1999969482422,179.3300018310547,179.16000366210938,179.22999572753906,42204
2025-08-22 16:20:00+00:00,179.11000061035156,179.2949981689453,179.10000610351562,179.21499633789062,34819
2025-08-22 16:25:00+00:00,179.06700134277344,179.17999267578125,179.06100463867188,179.1300048828125,28833
2025-08-22 16:30:00+00:00,179.10000610351562,179.1999969482422,179.05999755859375,179.05999755859375,42483
2025-08-22 16:35:00+00:00,178.9499969482422,179.14999389648438,178.9199981689453,179.11000061035156,36182
2025-08-22 16:40:00+00:00,179.0,179.10000610351562,178.9499969482422,178.95770263671875,45420
2025-08-22 16:45:00+00:00,179.16000366210938,179.21240234375,179.00999450683594,179.00999450683594,26381
2025-08-22 16:50:00+00:00,179.3043975830078,179.3043975830078,179.14999389648438,179.1699981689453,31302
2025-08-22 16:55:00+00:00,179.35000610351562,179.375,179.25999450683594,179.30999755859375,43775
2025-08-22 17:00:00+00:00,179.2899932861328,179.47999572753906,179.27000427246094,179.36000061035156,63261
2025-08-22 17:05:00+00:00,179.30999755859375,179.3699951171875,179.24000549316406,179.30999755859375,45064
2025-08-22 17:10:00+00:00,179.18499755859375,179.31500244140625,179.0800018310547,179.30999755859375,64521
2025-08-22 17:15:00+00:00,179.03500366210938,179.2100067138672,179.00999450683594,179.1999969482422,43148
2025-08-22 17:20:00+00:00,179.0800018310547,179.1199951171875,178.9499969482422,179.02499389648438,55339
2025-08-22 17:25:00+00:00,179.10000610351562,179.17999267578125,179.0500030517578,179.10000610351562,57722
2025-08-22 17:30:00+00:00,179.125,179.2100067138672,179.10499572753906,179.10499572753906,32517
2025-08-22 17:35:00+00:00,179.30999755859375,179.30999755859375,179.1199951171875,179.1300048828125,76398
2025-08-22 17:40:00+00:00,179.22000122070312,179.3350067138672,179.14280700683594,179.3300018310547,45210
2025-08-22 17:45:00+00:00,179.25,179.3000030517578,179.22000122070312,179.22500610351562,33366
2025-08-22 17:50:00+00:00,179.3350067138672,179.33999633789062,179.22000122070312,179.24000549316406,32955
2025-08-22 17:55:00+00:00,179.3300018310547,179.35000610351562,179.26040649414062,179.32000732421875,52397
2025-08-22 18:00:00+00:00,179.22950744628906,179.36500549316406,179.1699981689453,179.32000732421875,71013
2025-08-22 18:05:00+00:00,179.36000061035156,179.38999938964844,179.22500610351562,179.24000549316406,47533
2025-08-22 18:10:00+00:00,179.41200256347656,179.4199981689453,179.35499572753906,179.36000061035156,29958
2025-08-22 18:15:00+00:00,179.30999755859375,179.43499755859375,179.25999450683594,179.4250030517578,42601
2025-08-22 18:20:00+00:00,179.3350067138672,179.41000366210938,179.30999755859375,179.3300018310547,33892
2025-08-22 18:25:00+00:00,179.3699951171875,179.41000366210938,179.3350067138672,179.3350067138672,38353
2025-08-22 18:30:00+00:00,179.38999938964844,179.4600067138672,179.36000061035156,179.38999938964844,47569
2025-08-22 18:35:00+00:00,179.36000061035156,179.43499755859375,179.27000427246094,179.38999938964844,62901
2025-08-22 18:40:00+00:00,179.23500061035156,179.3699951171875,179.19000244140625,179.3699951171875,41473
2025-08-22 18:45:00+00:00,179.35400390625,179.36000061035156,179.23500061035156,179.23500061035156,48600
2025-08-22 18:50:00+00:00,179.47999572753906,179.47999572753906,179.35000610351562,179.35000610351562,43031
2025-08-22 18:55:00+00:00,179.5,179.50999450683594,179.39999389648438,179.48500061035156,38935
2025-08-22 19:00:00+00:00,179.36000061035156,179.5402069091797,179.35000610351562,179.5095977783203,63189
2025-08-22 19:05:00+00:00,179.2949981689453,179.4199981689453,179.25999450683594,179.3596954345703,68166
2025-08-22 19:10:00+00:00,179.25,179.31500244140625,179.22000122070312,179.2899932861328,52719
2025-08-22 19:15:00+00:00,179.32000732421875,179.32000732421875,179.25,179.25,57567
2025-08-22 19:20:00+00:00,179.2794952392578,179.36000061035156,179.25999450683594,179.32000732421875,81216
2025-08-22 19:25:00+00:00,179.17999267578125,179.3000030517578,179.14999389648438,179.2899932861328,78918
2025-08-22 19:30:00+00:00,179.3300018310547,179.4199981689453,179.1699981689453,179.17999267578125,90904
2025-08-22 19:35:00+00:00,179.38999938964844,179.50999450683594,179.33999633789062,179.33999633789062,117759
2025-08-22 19:40:00+00:00,179.3350067138672,179.4250030517578,179.27999877929688,179.38999938964844,151457
2025-08-22 19:45:00+00:00,179.14999389648438,179.36000061035156,179.1215057373047,179.32000732421875,100200
2025-08-22 19:50:00+00:00,179.3125,179.39500427246094,179.16000366210938,179.16000366210938,135064
2025-08-22 19:55:00+00:00,179.27999877929688,179.3699951171875,179.02999877929688,179.32000732421875,406014
2025-08-25 13:30:00+00:00,180.0850067138672,180.25999450683597,179.24000549316406,179.52000427246094,321524
2025-08-25 13:35:00+00:00,179.38999938964844,180.16000366210935,179.38999938964844,180.03500366210938,63550
2025-08-25 13:40:00+00:00,179.4550018310547,179.77000427246094,179.43499755859375,179.44000244140625,35926
2025-08-25 13:45:00+00:00,179.15499877929688,179.57000732421875,178.92999267578125,179.47999572753906,60114
2025-08-25 13:50:00+00:00,179.1699981689453,179.27999877929688,179.1199951171875,179.15499877929688,33693
2025-08-25 13:55:00+00:00,179.14999389648438,179.24000549316406,179.07000732421875,179.13999938964844,50312
2025-08-25 14:00:00+00:00,178.80999755859375,179.1199951171875,178.77000427246094,179.1199951171875,65984
2025-08-25 14:05:00+00:00,178.6199951171875,178.89500427246094,178.5800018310547,178.81640625,109314
2025-08-25 14:10:00+00:00,178.74000549316406,178.8300018310547,178.6300048828125,178.64840698242188,70371
2025-08-25 14:15:00+00:00,178.96499633789062,178.97000122070312,178.7100067138672,178.77000427246094,211993
2025-08-25 14:20:00+00:00,178.85499572753906,179.03500366210938,178.75,178.97999572753906,112911
2025-08-25 14:25:00+00:00,178.75,179.02000427246094,178.6999969482422,178.85000610351562,214379
2025-08-25 14:30:00+00:00,178.4250030517578,178.80999755859375,178.35000610351562,178.75,54353
2025-08-25 14:35:00+00:00,178.30999755859375,178.47999572753906,178.30059814453125,178.4499969482422,36046
2025-08-25 14:40:00+00:00,178.5850067138672,178.67999267578125,178.2899932861328,178.30999755859375,71374
2025-08-25 14:45:00+00:00,178.72999572753906,178.72999572753906,178.52499389648438,178.61000061035156,38684
2025-08-25 14:50:00+00:00,178.80499267578125,178.85000610351562,178.60000610351562,178.72999572753906,113215
2025-08-25 14:55:00+00:00,178.7899932861328,178.875,178.75,178.80999755859375,57172
2025-08-25 15:00:00+00:00,178.77000427246094,178.7899932861328,178.66000366210938,178.77999877929688,65268
2025-08-25 15:05:00+00:00,178.77999877929688,178.77999877929688,178.58999633789062,178.75,33717
2025-08-25 15:10:00+00:00,178.83999633789062,178.85000610351562,178.7100067138672,178.77000427246094,38704
2025-08-25 15:15:00+00:00,179.06500244140625,179.0800018310547,178.77000427246094,178.85000610351562,50064
2025-08-25 15:20:00+00:00,179.02999877929688,179.13499450683594,178.97999572753906,179.05999755859375,54778
2025-08-25 15:25:00+00:00,178.89999389648438,179.14999389648438,178.89999389648438,179.03970336914062,66950
2025-08-25 15:30:00+00:00,178.7270050048828,178.9199981689453,178.7100067138672,178.9199981689453,39122
2025-08-25 15:35:00+00:00,178.72999572753906,178.75999450683594,178.64100646972656,178.72500610351562,38795
2025-08-25 15:40:00+00:00,178.77999877929688,178.80499267578125,178.69000244140625,178.7299041748047,45259
2025-08-25 15:45:00+00:00,178.74000549316406,178.93499755859375,178.74000549316406,178.7899932861328,30673
2025-08-25 15:50:00+00:00,178.71499633789062,178.72999572753906,178.64500427246094,178.7238006591797,25247
2025-08-25 15:55:00+00:00,178.83999633789062,178.87429809570312,178.72000122070312,178.72999572753906,23460
2025-08-25 16:00:00+00:00,178.88999938964844,178.88999938964844,178.69500732421875,178.81700134277344,41747
2025-08-25 16:05:00+00:00,178.6300048828125,178.89500427246094,178.5653076171875,178.88499450683594,60402
2025-08-25 16:10:00+00:00,178.60499572753906,178.64500427246094,178.52999877929688,178.6199951171875,45325
2025-08-25 16:15:00+00:00,178.6699981689453,178.72500610351562,178.61000061035156,178.61000061035156,31395
2025-08-25 16:20:00+00:00,178.76499938964844,178.77000427246094,178.67999267578125,178.67999267578125,24226
2025-08-25 16:25:00+00:00,178.82000732421875,178.86509704589844,178.76499938964844,178.76499938964844,24653
2025-08-25 16:30:00+00:00,178.76820373535156,178.84500122070312,178.74000549316406,178.80999755859375,28080
2025-08-25 16:35:00+00:00,178.72000122070312,178.77000427246094,178.69000244140625,178.76499938964844,31980
2025-08-25 16:40:00+00:00,178.74000549316406,178.7949981689453,178.7050018310547,178.7100067138672,20544
2025-08-25 16:45:00+00:00,178.8300018310547,178.83999633789062,178.72369384765625,178.75,22446
2025-08-25 16:50:00+00:00,178.7899932861328,178.85000610351562,178.77000427246094,178.83999633789062,31042
2025-08-25 16:55:00+00:00,178.85299682617188,178.8551025390625,178.8000030517578,178.8000030517578,21839
2025-08-25 17:00:00+00:00,178.875,178.91000366210938,178.7899932861328,178.8551025390625,42336
2025-08-25 17:05:00+00:00,178.80999755859375,178.8800048828125,178.80999755859375,178.86500549316406,33794
2025-08-25 17:10:00+00:00,178.8000030517578,178.875,178.78500366210938,178.81430053710938,49577
2025-08-25 17:15:00+00:00,178.80999755859375,178.89500427246094,178.77000427246094,178.80999755859375,43203
2025-08-25 17:20:00+00:00,178.69000244140625,178.85000610351562,178.67999267578125,178.8000030517578,61982
2025-08-25 17:25:00+00:00,178.7949981689453,178.7949981689453,178.63999938964844,178.69000244140625,38079
2025-08-25 17:30:00+00:00,178.75999450683594,178.77499389648438,178.72000122070312,178.77000427246094,33810
2025-08-25 17:35:00+00:00,178.67999267578125,178.77000427246094,178.67999267578125,178.76499938964844,37514
2025-08-25 17:40:00+00:00,178.71499633789062,178.72999572753906,178.64999389648438,178.6699981689453,42476
2025-08-25 17:45:00+00:00,178.73500061035156,178.77499389648438,178.7100067138672,178.71499633789062,44507
2025-08-25 17:50:00+00:00,178.71499633789062,178.80999755859375,178.6999969482422,178.735107421875,31913
2025-08-25 17:55:00+00:00,178.69020080566406,178.72549438476562,178.66000366210938,178.72000122070312,40320
2025-08-25 18:00:00+00:00,178.63999938964844,178.70419311523438,178.531005859375,178.6999969482422,35648
2025-08-25 18:05:00+00:00,178.64999389648438,178.6741943359375,178.60000610351562,178.63999938964844,31958
2025-08-25 18:10:00+00:00,178.62469482421875,178.6999969482422,178.62469482421875,178.65499877929688,57712
2025-08-25 18:15:00+00:00,178.63999938964844,178.74000549316406,178.60499572753906,178.6199951171875,63059
2025-08-25 18:20:00+00:00,178.6300048828125,178.66000366210938,178.55999755859375,178.6300048828125,62138
2025-08-25 18:25:00+00:00,178.55999755859375,178.6199951171875,178.5500030517578,178.6199951171875,48888
2025-08-25 18:30:00+00:00,178.58999633789062,178.60000610351562,178.52999877929688,178.55999755859375,41158
2025-08-25 18:35:00+00:00,178.63999938964844,178.69509887695312,178.58999633789062,178.58999633789062,41121
2025-08-25 18:40:00+00:00,178.66200256347656,178.68150329589844,178.63999938964844,178.63999938964844,33335
2025-08-25 18:45:00+00:00,178.6699981689453,178.6750030517578,178.58999633789062,178.6649932861328,41829
2025-08-25 18:50:00+00:00,178.66000366210938,178.69000244140625,178.64999389648438,178.6699981689453,35977
2025-08-25 18:55:00+00:00,178.61000061035156,178.6699981689453,178.60000610351562,178.65499877929688,39810
2025-08-25 19:00:00+00:00,178.6699981689453,178.6699981689453,178.5800018310547,178.61500549316406,52009
2025-08-25 19:05:00+00:00,178.56509399414062,178.7100067138672,178.5449981689453,178.6699981689453,62359
2025-08-25 19:10:00+00:00,178.6750030517578,178.71499633789062,178.5449981689453,178.55999755859375,80754
2025-08-25 19:15:00+00:00,178.57000732421875,178.6699981689453,178.5399932861328,178.6699981689453,71650
2025-08-25 19:20:00+00:00,178.60459899902344,178.61000061035156,178.52999877929688,178.5800018310547,78493
2025-08-25 19:25:00+00:00,178.6699981689453,178.75,178.60499572753906,178.60499572753906,89495
2025-08-25 19:30:00+00:00,178.73500061035156,178.7449951171875,178.57009887695312,178.66000366210938,95891
2025-08-25 19:35:00+00:00,178.6999969482422,178.7449951171875,178.6300048828125,178.72999572753906,97959
2025-08-25 19:40:00+00:00,178.64500427246094,178.69500732421875,178.58999633789062,178.69000244140625,112841
2025-08-25 19:45:00+00:00,178.44000244140625,178.64999389648438,178.4250030517578,178.63999938964844,120271
2025-08-25 19:50:00+00:00,178.4600067138672,178.55999755859375,178.3699951171875,178.4600067138672,135928
2025-08-25 19:55:00+00:00,178.41000366210938,178.6199951171875,178.3800048828125,178.4600067138672,371709
2025-08-26 13:30:00+00:00,176.69000244140625,177.16000366210938,175.77000427246094,176.7449951171875,281479
2025-08-26 13:35:00+00:00,176.63999938964844,176.94500732421875,176.50999450683594,176.77999877929688,74146
2025-08-26 13:40:00+00:00,176.6970977783203,176.72000122070312,176.39059448242188,176.61000061035156,50890
2025-08-26 13:45:00+00:00,176.72000122070312,176.8000030517578,176.61000061035156,176.66000366210938,59366
2025-08-26 13:50:00+00:00,176.30999755859375,176.72999572753906,176.2899932861328,176.72000122070312,68075
2025-08-26 13:55:00+00:00,176.55999755859375,176.6300048828125,176.1999969482422,176.30999755859375,66229
2025-08-26 14:00:00+00:00,176.2899932861328,176.6121063232422,176.2100067138672,176.5850067138672,49608
2025-08-26 14:05:00+00:00,176.31500244140625,176.47000122070312,176.27499389648438,176.32000732421875,34875
2025-08-26 14:10:00+00:00,176.32000732421875,176.375,176.2050018310547,176.3000030517578,38197
2025-08-26 14:15:00+00:00,176.0800018310547,176.40989685058594,176.0800018310547,176.36000061035156,58640
2025-08-26 14:20:00+00:00,176.10000610351562,176.15499877929688,175.97999572753906,176.06500244140625,41462
2025-08-26 14:25:00+00:00,176.11000061035156,176.13999938964844,176.05999755859375,176.1199951171875,28503
2025-08-26 14:30:00+00:00,176.08999633789062,176.17999267578125,175.96499633789062,176.10040283203125,62539
2025-08-26 14:35:00+00:00,176.2899932861328,176.3000030517578,176.02999877929688,176.0800018310547,45419
2025-08-26 14:40:00+00:00,176.27999877929688,176.3699951171875,176.22000122070312,176.27999877929688,33190
2025-08-26 14:45:00+00:00,176.19000244140625,176.28500366210938,176.0500030517578,176.27000427246094,28138
2025-08-26 14:50:00+00:00,176.39410400390625,176.4199981689453,176.19000244140625,176.1999969482422,33576
2025-08-26 14:55:00+00:00,176.57000732421875,176.58999633789062,176.375,176.38999938964844,34642
2025-08-26 15:00:00+00:00,176.5399932861328,176.5800018310547,176.47999572753906,176.5500030517578,108028
2025-08-26 15:05:00+00:00,176.52999877929688,176.60000610351562,176.46080017089844,176.50999450683594,27682
2025-08-26 15:10:00+00:00,176.39999389648438,176.52999877929688,176.30999755859375,176.50999450683594,43203
2025-08-26 15:15:00+00:00,176.31500244140625,176.39999389648438,176.2740020751953,176.39999389648438,23487
2025-08-26 15:20:00+00:00,176.50999450683594,176.50999450683594,176.3300018310547,176.3300018310547,30240
2025-08-26 15:25:00+00:00,176.52000427246094,176.5399932861328,176.3800048828125,176.51499938964844,47495
2025-08-26 15:30:00+00:00,176.50999450683594,176.523193359375,176.44000244140625,176.52000427246094,27713
2025-08-26 15:35:00+00:00,176.4250030517578,176.4897003173828,176.39999389648438,176.47999572753906,26631
2025-08-26 15:40:00+00:00,176.25,176.41000366210938,176.16000366210938,176.41000366210938,37520
2025-08-26 15:45:00+00:00,176.43299865722656,176.44000244140625,176.25,176.25999450683594,58153
2025-08-26 15:50:00+00:00,176.57000732421875,176.58999633789062,176.38999938964844,176.4199981689453,31919
2025-08-26 15:55:00+00:00,176.61500549316406,176.66000366210938,176.55999755859375,176.57000732421875,27101
2025-08-26 16:00:00+00:00,176.77999877929688,176.7899932861328,176.61000061035156,176.6300048828125,35437
2025-08-26 16:05:00+00:00,176.7899932861328,176.8000030517578,176.63999938964844,176.77999877929688,29857
2025-08-26 16:10:00+00:00,176.7783966064453,176.8300018310547,176.72500610351562,176.7899932861328,43804
2025-08-26 16:15:00+00:00,176.82000732421875,176.8699951171875,176.77000427246094,176.77000427246094,40256
2025-08-26 16:20:00+00:00,176.85499572753906,176.875,176.77000427246094,176.82000732421875,31882
2025-08-26 16:25:00+00:00,176.72999572753906,176.88999938964844,176.72999572753906,176.83999633789062,36288
2025-08-26 16:30:00+00:00,176.73019409179688,176.8000030517578,176.64999389648438,176.72999572753906,40918
2025-08-26 16:35:00+00:00,176.64999389648438,176.75999450683594,176.64100646972656,176.74000549316406,53377
2025-08-26 16:40:00+00:00,176.6300048828125,176.6999969482422,176.6199951171875,176.63999938964844,32370
2025-08-26 16:45:00+00:00,176.6649932861328,176.77000427246094,176.63999938964844,176.63999938964844,30841
2025-08-26 16:50:00+00:00,176.5850067138672,176.67999267578125,176.5399932861328,176.6699981689453,25164
2025-08-26 16:55:00+00:00,176.4949951171875,176.61990356445312,176.4384002685547,176.58999633789062,35680
2025-08-26 17:00:00+00:00,176.5800018310547,176.58999633789062,176.4571990966797,176.48500061035156,20327
2025-08-26 17:05:00+00:00,176.64500427246094,176.67059326171875,176.5800018310547,176.5800018310547,24735
2025-08-26 17:10:00+00:00,176.7550048828125,176.7550048828125,176.64500427246094,176.66000366210938,24688
2025-08-26 17:15:00+00:00,176.68499755859375,176.7530059814453,176.67999267578125,176.7530059814453,30311
2025-08-26 17:20:00+00:00,176.69000244140625,176.69000244140625,176.6175994873047,176.69000244140625,25045
2025-08-26 17:25:00+00:00,176.80999755859375,176.8699951171875,176.6999969482422,176.6999969482422,35938
2025-08-26 17:30:00+00:00,176.77000427246094,176.8699951171875,176.75999450683594,176.8300018310547,35861
2025-08-26 17:35:00+00:00,176.77999877929688,176.7899932861328,176.69000244140625,176.7899932861328,20397
2025-08-26 17:40:00+00:00,176.72999572753906,176.77000427246094,176.68499755859375,176.77000427246094,16658
2025-08-26 17:45:00+00:00,176.6699981689453,176.75999450683594,176.6699981689453,176.75,14102
2025-08-26 17:50:00+00:00,176.66000366210938,176.7198944091797,176.6136016845703,176.64999389648438,14348
2025-08-26 17:55:00+00:00,176.5800018310547,176.6699981689453,176.55999755859375,176.65447998046875,24684
2025-08-26 18:00:00+00:00,176.5,176.58999633789062,176.4600067138672,176.58999633789062,27052
2025-08-26 18:05:00+00:00,176.50439453125,176.52000427246094,176.44000244140625,176.4949951171875,21234
2025-08-26 18:10:00+00:00,176.50999450683594,176.55999755859375,176.47500610351562,176.47999572753906,21313
2025-08-26 18:15:00+00:00,176.44000244140625,176.52000427246094,176.4199981689453,176.50999450683594,16267
2025-08-26 18:20:00+00:00,176.52000427246094,176.5399932861328,176.44700622558594,176.4499969482422,31401
2025-08-26 18:25:00+00:00,176.5749969482422,176.5800018310547,176.47999572753906,176.52000427246094,24314
2025-08-26 18:30:00+00:00,176.6009979248047,176.63999938964844,176.56500244140625,176.5749969482422,21223
2025-08-26 18:35:00+00:00,176.56500244140625,176.6199951171875,176.52499389648438,176.61000061035156,22242
2025-08-26 18:40:00+00:00,176.6199951171875,176.6300048828125,176.52000427246094,176.55999755859375,28702
2025-08-26 18:45:00+00:00,176.5800018310547,176.6300048828125,176.55999755859375,176.6199951171875,236716
2025-08-26 18:50:00+00:00,176.47000122070312,176.57000732421875,176.4600067138672,176.57000732421875,36307
2025-08-26 18:55:00+00:00,176.57000732421875,176.5749969482422,176.4499969482422,176.46090698242188,25166
2025-08-26 19:00:00+00:00,176.52999877929688,176.59500122070312,176.52999877929688,176.5749969482422,26848
2025-08-26 19:05:00+00:00,176.52999877929688,176.5449981689453,176.4949951171875,176.52999877929688,30526
2025-08-26 19:10:00+00:00,176.57000732421875,176.60000610351562,176.5050048828125,176.5299072265625,32634
2025-08-26 19:15:00+00:00,176.4499969482422,176.57000732421875,176.4499969482422,176.57000732421875,34780
2025-08-26 19:20:00+00:00,176.60000610351562,176.6199951171875,176.42999267578125,176.44000244140625,35687
2025-08-26 19:25:00+00:00,176.57420349121094,176.6199951171875,176.52999877929688,176.60989379882812,36181
2025-08-26 19:30:00+00:00,176.5749969482422,176.5800018310547,176.4600067138672,176.57000732421875,62194
2025-08-26 19:35:00+00:00,176.49000549316406,176.58999633789062,176.47000122070312,176.57000732421875,52579
2025-08-26 19:40:00+00:00,176.42999267578125,176.50999450683594,176.36000061035156,176.49000549316406,132700
2025-08-26 19:45:00+00:00,176.3300018310547,176.47000122070312,176.3300018310547,176.44000244140625,82946
2025-08-26 19:50:00+00:00,176.47000122070312,176.47000122070312,176.1300048828125,176.33999633789062,178577
2025-08-26 19:55:00+00:00,176.49000549316406,176.74000549316406,176.47999572753906,176.47999572753906,392663
2025-08-27 13:30:00+00:00,176.9011993408203,177.16000366210938,176.60000610351562,176.97000122070312,1240702
2025-08-27 13:35:00+00:00,177.08009338378906,177.17999267578125,176.9501953125,177.00999450683594,49062
2025-08-27 13:40:00+00:00,177.47999572753906,177.4958038330078,177.1750030517578,177.2100067138672,54692
2025-08-27 13:45:00+00:00,177.5850067138672,177.63999938964844,177.3699951171875,177.4199981689453,74990
2025-08-27 13:50:00+00:00,177.4199981689453,177.69000244140625,177.4199981689453,177.58360290527344,54162
2025-08-27 13:55:00+00:00,177.2899932861328,177.55999755859375,177.25,177.43499755859375,39450
2025-08-27 14:00:00+00:00,177.5,177.51499938964844,177.25,177.2899932861328,57939
2025-08-27 14:05:00+00:00,177.4691925048828,177.52000427246094,177.38999938964844,177.5,41010
2025-08-27 14:10:00+00:00,177.42999267578125,177.55999755859375,177.38999938964844,177.48500061035156,63452
2025-08-27 14:15:00+00:00,177.0800018310547,177.39999389648438,176.97999572753906,177.38999938964844,38013
2025-08-27 14:20:00+00:00,177.0500030517578,177.22999572753906,177.0,177.0800018310547,40664
2025-08-27 14:25:00+00:00,176.88999938964844,177.08380126953125,176.8699951171875,177.05999755859375,33203
2025-08-27 14:30:00+00:00,176.7100067138672,176.8699951171875,176.60000610351562,176.8699951171875,64118
2025-08-27 14:35:00+00:00,176.33999633789062,176.72999572753906,176.32000732421875,176.72999572753906,109032
2025-08-27 14:40:00+00:00,176.2263946533203,176.3114013671875,176.16000366210938,176.27999877929688,44529
2025-08-27 14:45:00+00:00,176.47999572753906,176.47999572753906,176.22500610351562,176.24000549316406,47136
2025-08-27 14:50:00+00:00,176.32000732421875,176.63999938964844,176.32000732421875,176.48500061035156,38257
2025-08-27 14:55:00+00:00,176.48500061035156,176.52000427246094,176.35000610351562,176.36000061035156,30639
2025-08-27 15:00:00+00:00,176.7100067138672,176.72999572753906,176.4499969482422,176.49000549316406,40676
2025-08-27 15:05:00+00:00,176.8699951171875,176.8874969482422,176.67999267578125,176.7100067138672,30326
2025-08-27 15:10:00+00:00,176.94500732421875,176.99000549316406,176.8000030517578,176.80999755859375,26914
2025-08-27 15:15:00+00:00,177.0500030517578,177.06500244140625,176.9600067138672,176.9600067138672,33679
2025-08-27 15:20:00+00:00,176.96499633789062,177.10000610351562,176.89999389648438,177.0594024658203,32606
2025-08-27 15:25:00+00:00,176.94509887695312,177.02000427246094,176.92999267578125,176.97000122070312,40892
2025-08-27 15:30:00+00:00,176.89999389648438,176.97500610351562,176.84500122070312,176.9600067138672,40902
2025-08-27 15:35:00+00:00,176.86500549316406,176.93499755859375,176.7949981689453,176.91000366210938,41818
2025-08-27 15:40:00+00:00,176.77000427246094,176.9600067138672,176.75999450683594,176.8699951171875,34485
2025-08-27 15:45:00+00:00,176.7100067138672,176.78500366210938,176.69000244140625,176.77999877929688,27413
2025-08-27 15:50:00+00:00,176.71499633789062,176.75999450683594,176.69000244140625,176.7198944091797,19139
2025-08-27 15:55:00+00:00,176.6999969482422,176.71499633789062,176.64999389648438,176.6999969482422,20326
2025-08-27 16:00:00+00:00,176.80999755859375,176.8300018310547,176.71249389648438,176.77000427246094,25837
2025-08-27 16:05:00+00:00,176.86000061035156,176.86500549316406,176.8000946044922,176.80999755859375,34760
2025-08-27 16:10:00+00:00,176.98300170898438,176.98500061035156,176.8350067138672,176.83999633789062,19359
2025-08-27 16:15:00+00:00,177.08999633789062,177.08999633789062,176.97999572753906,176.99400329589844,17645
2025-08-27 16:20:00+00:00,177.16000366210938,177.17999267578125,177.08999633789062,177.08999633789062,24405
2025-08-27 16:25:00+00:00,177.2899932861328,177.3000030517578,177.16000366210938,177.17999267578125,37628
2025-08-27 16:30:00+00:00,177.0200958251953,177.25999450683594,177.02000427246094,177.25999450683594,23789
2025-08-27 16:35:00+00:00,177.1750030517578,177.1750030517578,177.0050048828125,177.00999450683594,47140
2025-08-27 16:40:00+00:00,176.98500061035156,177.2008056640625,176.98500061035156,177.1699981689453,14203
2025-08-27 16:45:00+00:00,176.97500610351562,177.00999450683594,176.89999389648438,176.97000122070312,18452
2025-08-27 16:50:00+00:00,177.0050048828125,177.0399932861328,176.92039489746094,176.99000549316406,21863
2025-08-27 16:55:00+00:00,176.97500610351562,177.02000427246094,176.91000366210938,177.0198974609375,19018
2025-08-27 17:00:00+00:00,177.10000610351562,177.10000610351562,176.85000610351562,176.9600067138672,21586
2025-08-27 17:05:00+00:00,177.14999389648438,177.1750030517578,177.05999755859375,177.09500122070312,20682
2025-08-27 17:10:00+00:00,177.1699981689453,177.2050018310547,177.11000061035156,177.14999389648438,53398
2025-08-27 17:15:00+00:00,177.24000549316406,177.27000427246094,177.14999389648438,177.19000244140625,27528
2025-08-27 17:20:00+00:00,177.1199951171875,177.30499267578125,177.1199951171875,177.2550048828125,23730
2025-08-27 17:25:00+00:00,177.11500549316406,177.1699981689453,177.10000610351562,177.11500549316406,19976
2025-08-27 17:30:00+00:00,177.14999389648438,177.19000244140625,177.10499572753906,177.1199951171875,21725
2025-08-27 17:35:00+00:00,177.10740661621094,177.1999969482422,177.08999633789062,177.14500427246094,25825
2025-08-27 17:40:00+00:00,177.02999877929688,177.11000061035156,177.0,177.08999633789062,23559
2025-08-27 17:45:00+00:00,177.00999450683594,177.00999450683594,176.9600067138672,177.00999450683594,24062
2025-08-27 17:50:00+00:00,176.9600067138672,177.00509643554688,176.94000244140625,176.97999572753906,18034
2025-08-27 17:55:00+00:00,176.85000610351562,176.97999572753906,176.82000732421875,176.97000122070312,51426
2025-08-27 18:00:00+00:00,176.82000732421875,176.89999389648438,176.80999755859375,176.83999633789062,40051
2025-08-27 18:05:00+00:00,176.82009887695312,176.8800048828125,176.80499267578125,176.8300018310547,18062
2025-08-27 18:10:00+00:00,176.85000610351562,176.8800048828125,176.7949981689453,176.80999755859375,21249
2025-08-27 18:15:00+00:00,176.75999450683594,176.8350067138672,176.75,176.82000732421875,25918
2025-08-27 18:20:00+00:00,176.94500732421875,176.9550018310547,176.71499633789062,176.7550048828125,36882
2025-08-27 18:25:00+00:00,177.0,177.04139709472656,176.94000244140625,176.94000244140625,30375
2025-08-27 18:30:00+00:00,176.91000366210938,177.0,176.89999389648438,177.0,35694
2025-08-27 18:35:00+00:00,176.89999389648438,176.92999267578125,176.89999389648438,176.91000366210938,25872
2025-08-27 18:40:00+00:00,176.99000549316406,176.9907989501953,176.89999389648438,176.89999389648438,20847
2025-08-27 18:45:00+00:00,176.8800048828125,177.02999877929688,176.87969970703125,176.99000549316406,21408
2025-08-27 18:50:00+00:00,176.875,176.88999938964844,176.81370544433594,176.8800048828125,21513
2025-08-27 18:55:00+00:00,176.8300018310547,176.8699951171875,176.77000427246094,176.8699951171875,31070
2025-08-27 19:00:00+00:00,176.89999389648438,176.91079711914062,176.8350067138672,176.8350067138672,30218
2025-08-27 19:05:00+00:00,176.9199981689453,176.9550018310547,176.86000061035156,176.90499877929688,32405
2025-08-27 19:10:00+00:00,176.90499877929688,176.92990112304688,176.82000732421875,176.9250030517578,51404
2025-08-27 19:15:00+00:00,176.86000061035156,176.99000549316406,176.86000061035156,176.89999389648438,51780
2025-08-27 19:20:00+00:00,176.8350067138672,176.86380004882812,176.77000427246094,176.83999633789062,51580
2025-08-27 19:25:00+00:00,176.88499450683594,176.89999389648438,176.82000732421875,176.835693359375,44314
2025-08-27 19:30:00+00:00,176.82000732421875,176.9199981689453,176.82000732421875,176.8800048828125,42923
2025-08-27 19:35:00+00:00,176.80999755859375,176.85499572753906,176.7899932861328,176.83999633789062,55642
2025-08-27 19:40:00+00:00,176.86500549316406,176.88999938964844,176.80999755859375,176.82000732421875,73107
2025-08-27 19:45:00+00:00,176.82000732421875,176.90499877929688,176.78500366210938,176.86500549316406,78094
2025-08-27 19:50:00+00:00,176.88999938964844,177.0500030517578,176.8249969482422,176.8300018310547,100262
2025-08-27 19:55:00+00:00,176.67999267578125,176.89999389648438,176.5800018310547,176.89999389648438,373895
2025-08-28 13:30:00+00:00,175.35499572753906,176.49000549316406,175.23080444335938,176.3699951171875,1226631
2025-08-28 13:35:00+00:00,174.88999938964844,175.3300018310547,174.75999450683594,175.27999877929688,91349
2025-08-28 13:40:00+00:00,174.85009765625,175.0615997314453,174.6300048828125,174.9154052734375,68276
2025-08-28 13:45:00+00:00,175.2550048828125,175.25999450683594,174.85000610351562,174.88999938964844,71465
2025-08-28 13:50:00+00:00,175.60000610351562,175.6699981689453,175.1999969482422,175.2550048828125,62726
2025-08-28 13:55:00+00:00,175.67999267578125,175.83999633789062,175.52499389648438,175.5800018310547,31792
2025-08-28 14:00:00+00:00,175.19500732421875,175.74000549316406,175.16079711914062,175.67999267578125,57070
2025-08-28 14:05:00+00:00,175.2100067138672,175.22500610351562,175.00999450683594,175.19500732421875,100911
2025-08-28 14:10:00+00:00,174.85000610351562,175.27499389648438,174.83999633789062,175.17999267578125,53584
2025-08-28 14:15:00+00:00,175.18490600585938,175.18490600585938,174.85000610351562,174.85000610351562,44470
2025-08-28 14:20:00+00:00,175.0500030517578,175.1999969482422,175.0,175.16000366210938,0
2025-08-28 14:25:00+00:00,175.46499633789062,175.47999572753906,175.05999755859375,175.08099365234375,32806
2025-08-28 14:30:00+00:00,175.39999389648438,175.5,175.33999633789062,175.46499633789062,30555
2025-08-28 14:35:00+00:00,175.3262939453125,175.41680908203125,175.1699981689453,175.41680908203125,43707
2025-08-28 14:40:00+00:00,175.50999450683594,175.53500366210938,175.25010681152344,175.30999755859375,29886
2025-08-28 14:45:00+00:00,175.5,175.5399932861328,175.44000244140625,175.50999450683594,28371
2025-08-28 14:50:00+00:00,175.6199951171875,175.6436004638672,175.3800048828125,175.49000549316406,24521
2025-08-28 14:55:00+00:00,175.52499389648438,175.6699981689453,175.52499389648438,175.6199951171875,28504
2025-08-28 15:00:00+00:00,175.47000122070312,175.6300048828125,175.47000122070312,175.52000427246094,24774
2025-08-28 15:05:00+00:00,175.44000244140625,175.625,175.43499755859375,175.5,21951
2025-08-28 15:10:00+00:00,175.52000427246094,175.55999755859375,175.40159606933594,175.4499969482422,27307
2025-08-28 15:15:00+00:00,175.49000549316406,175.5500030517578,175.40460205078125,175.52000427246094,26542
2025-08-28 15:20:00+00:00,175.39999389648438,175.5399932861328,175.35000610351562,175.5,22720
2025-08-28 15:25:00+00:00,175.5500030517578,175.6300048828125,175.4149932861328,175.4149932861328,29450
2025-08-28 15:30:00+00:00,175.3699951171875,175.5500030517578,175.2949981689453,175.54010009765625,23208
2025-08-28 15:35:00+00:00,175.38999938964844,175.4499969482422,175.3311004638672,175.36000061035156,20666
2025-08-28 15:40:00+00:00,175.47999572753906,175.50999450683594,175.30999755859375,175.41000366210938,18123
2025-08-28 15:45:00+00:00,175.4499969482422,175.5500030517578,175.4149932861328,175.5198974609375,12694
2025-08-28 15:50:00+00:00,175.52999877929688,175.56480407714844,175.3699951171875,175.44000244140625,23042
2025-08-28 15:55:00+00:00,175.5399932861328,175.55999755859375,175.4600067138672,175.52000427246094,19438
2025-08-28 16:00:00+00:00,175.61000061035156,175.6300048828125,175.52999877929688,175.5449981689453,25198
2025-08-28 16:05:00+00:00,175.6199951171875,175.67999267578125,175.56500244140625,175.60499572753906,18460
2025-08-28 16:10:00+00:00,175.60000610351562,175.64999389648438,175.5449981689453,175.6300048828125,17365
2025-08-28 16:15:00+00:00,175.41000366210938,175.61000061035156,175.39500427246094,175.59869384765625,19319
2025-08-28 16:20:00+00:00,175.3699951171875,175.47000122070312,175.3699951171875,175.41000366210938,18801
2025-08-28 16:25:00+00:00,175.47000122070312,175.49000549316406,175.35650634765625,175.3699951171875,24102
2025-08-28 16:30:00+00:00,175.52000427246094,175.57969665527344,175.47999572753906,175.49000549316406,15235
2025-08-28 16:35:00+00:00,175.5215301513672,175.55999755859375,175.4550018310547,175.52000427246094,14918
2025-08-28 16:40:00+00:00,175.47000122070312,175.5399932861328,175.4550018310547,175.50999450683594,10589
2025-08-28 16:45:00+00:00,175.47999572753906,175.52310180664062,175.4302978515625,175.4600067138672,22505
2025-08-28 16:50:00+00:00,175.47650146484375,175.5399932861328,175.47000122070312,175.48680114746094,17476
2025-08-28 16:55:00+00:00,175.37539672851562,175.47000122070312,175.36000061035156,175.47000122070312,26386
2025-08-28 17:00:00+00:00,175.51589965820312,175.51759338378906,175.36000061035156,175.38999938964844,25256
2025-08-28 17:05:00+00:00,175.6199951171875,175.66419982910156,175.52499389648438,175.52999877929688,21741
2025-08-28 17:10:00+00:00,175.5800018310547,175.64999389648438,175.55999755859375,175.6300048828125,16777
2025-08-28 17:15:00+00:00,175.5399932861328,175.57000732421875,175.52000427246094,175.5500030517578,12440
2025-08-28 17:20:00+00:00,175.56500244140625,175.58990478515625,175.49000549316406,175.52999877929688,12918
2025-08-28 17:25:00+00:00,175.52999877929688,175.60000610351562,175.52499389648438,175.55999755859375,18282
2025-08-28 17:30:00+00:00,175.50999450683594,175.6300048828125,175.49000549316406,175.52499389648438,30135
2025-08-28 17:35:00+00:00,175.6300048828125,175.6300048828125,175.49000549316406,175.5,28870
2025-08-28 17:40:00+00:00,175.67999267578125,175.72000122070312,175.63999938964844,175.63999938964844,17613
2025-08-28 17:45:00+00:00,175.75,175.7899932861328,175.6649932861328,175.68499755859375,16079
2025-08-28 17:50:00+00:00,175.64999389648438,175.7480010986328,175.6199951171875,175.74000549316406,22663
2025-08-28 17:55:00+00:00,175.7100067138672,175.75999450683594,175.625,175.63999938964844,21844
2025-08-28 18:00:00+00:00,175.52000427246094,175.7196044921875,175.5,175.7104949951172,32397
2025-08-28 18:05:00+00:00,175.52999877929688,175.5500030517578,175.4199981689453,175.52000427246094,43925
2025-08-28 18:10:00+00:00,175.49000549316406,175.55999755859375,175.4199981689453,175.52969360351562,40081
2025-08-28 18:15:00+00:00,175.61000061035156,175.64500427246094,175.49000549316406,175.49000549316406,24135
2025-08-28 18:20:00+00:00,175.60000610351562,175.67999267578125,175.60000610351562,175.61000061035156,22401
2025-08-28 18:25:00+00:00,175.57000732421875,175.6999969482422,175.57000732421875,175.60000610351562,33640
2025-08-28 18:30:00+00:00,175.57000732421875,175.5850067138672,175.5,175.5800018310547,27794
2025-08-28 18:35:00+00:00,175.71499633789062,175.72000122070312,175.55999755859375,175.55999755859375,29778
2025-08-28 18:40:00+00:00,175.6699981689453,175.7449951171875,175.66000366210938,175.74000549316406,45319
2025-08-28 18:45:00+00:00,175.64999389648438,175.70899963378906,175.6199951171875,175.66000366210938,30623
2025-08-28 18:50:00+00:00,175.71499633789062,175.77000427246094,175.6199951171875,175.65499877929688,36282
2025-08-28 18:55:00+00:00,175.6699981689453,175.7100067138672,175.6300048828125,175.7100067138672,36451
2025-08-28 19:00:00+00:00,175.75,175.76499938964844,175.65350341796875,175.6699981689453,26346
2025-08-28 19:05:00+00:00,175.72999572753906,175.77000427246094,175.66000366210938,175.74000549316406,57210
2025-08-28 19:10:00+00:00,175.8699951171875,175.8769073486328,175.69000244140625,175.72000122070312,34050
2025-08-28 19:15:00+00:00,175.91000366210938,175.91000366210938,175.85000610351562,175.86500549316406,38185
2025-08-28 19:20:00+00:00,175.99000549316406,176.02000427246094,175.89999389648438,175.9149932861328,51393
2025-08-28 19:25:00+00:00,175.97000122070312,176.0050048828125,175.90499877929688,175.99000549316406,50818
2025-08-28 19:30:00+00:00,175.82009887695312,175.9600067138672,175.77499389648438,175.9600067138672,59649
2025-08-28 19:35:00+00:00,175.72999572753906,175.83999633789062,175.7100067138672,175.83999633789062,65404
2025-08-28 19:40:00+00:00,175.61000061035156,175.75,175.61000061035156,175.7100067138672,71795
2025-08-28 19:45:00+00:00,175.52000427246094,175.72999572753906,175.44000244140625,175.61500549316406,80814
2025-08-28 19:50:00+00:00,175.4600067138672,175.61500549316406,175.35000610351562,175.5,164749
2025-08-28 19:55:00+00:00,175.42999267578125,175.77000427246094,175.27000427246094,175.46499633789062,566982
2025-08-29 13:30:00+00:00,175.6649932861328,175.94000244140625,175.55999755859375,175.8300018310547,401027
2025-08-29 13:35:00+00:00,176.0399932861328,176.0399932861328,175.6011962890625,175.6699981689453,32706
2025-08-29 13:40:00+00:00,175.99000549316406,176.24000549316406,175.86000061035156,175.97500610351562,35179
2025-08-29 13:45:00+00:00,176.09500122070312,176.27999877929688,175.9499969482422,175.99000549316406,42509
2025-08-29 13:50:00+00:00,175.94000244140625,176.09500122070312,175.8699951171875,176.09500122070312,42963
2025-08-29 13:55:00+00:00,176.08999633789062,176.08999633789062,175.9499969482422,175.98500061035156,70874
2025-08-29 14:00:00+00:00,176.33999633789062,176.4550018310547,176.25999450683594,176.25999450683594,35250
2025-08-29 14:05:00+00:00,176.23500061035156,176.41000366210938,176.1199951171875,176.30999755859375,46383
2025-08-29 14:10:00+00:00,176.44500732421875,176.5,176.11000061035156,176.22000122070312,55052
2025-08-29 14:15:00+00:00,176.13999938964844,176.4600067138672,176.13999938964844,176.43499755859375,34773
2025-08-29 14:20:00+00:00,175.99000549316406,176.24000549316406,175.9499969482422,176.1186065673828,41201
2025-08-29 14:25:00+00:00,176.01499938964844,176.2550048828125,175.97000122070312,175.97500610351562,58022
2025-08-29 14:30:00+00:00,176.3350067138672,176.3350067138672,176.02000427246094,176.02000427246094,37536
2025-08-29 14:35:00+00:00,176.1649932861328,176.38499450683594,176.13499450683594,176.34500122070312,44711
2025-08-29 14:40:00+00:00,176.1699981689453,176.2550048828125,176.0800018310547,176.1649932861328,30016
2025-08-29 14:45:00+00:00,176.22000122070312,176.27499389648438,176.1199951171875,176.17999267578125,31344
2025-08-29 14:50:00+00:00,176.4499969482422,176.47999572753906,176.22999572753906,176.24000549316406,29284
2025-08-29 14:55:00+00:00,176.5399932861328,176.64999389648438,176.41000366210938,176.44500732421875,122657
2025-08-29 15:00:00+00:00,176.51499938964844,176.67999267578125,176.51499938964844,176.5500030517578,51981
2025-08-29 15:05:00+00:00,176.5,176.5500030517578,176.4550018310547,176.51260375976562,27264
2025-08-29 15:10:00+00:00,176.41510009765625,176.5800018310547,176.3800048828125,176.47000122070312,37717
2025-08-29 15:15:00+00:00,176.1999969482422,176.36000061035156,176.1999969482422,176.36000061035156,39920
2025-08-29 15:20:00+00:00,176.22999572753906,176.22999572753906,176.1199951171875,176.2100067138672,24628
2025-08-29 15:25:00+00:00,176.1824951171875,176.26739501953125,176.15499877929688,176.22999572753906,28429
2025-08-29 15:30:00+00:00,176.25,176.30999755859375,176.1300048828125,176.17999267578125,27257
2025-08-29 15:35:00+00:00,176.3699951171875,176.3800048828125,176.25,176.25,23586
2025-08-29 15:40:00+00:00,176.30999755859375,176.3800048828125,176.2899932861328,176.36000061035156,26979
2025-08-29 15:45:00+00:00,176.2100067138672,176.39999389648438,176.1999969482422,176.32000732421875,25567
2025-08-29 15:50:00+00:00,176.1199951171875,176.19000244140625,176.0500030517578,176.19000244140625,31561
2025-08-29 15:55:00+00:00,176.17999267578125,176.24000549316406,176.10000610351562,176.10000610351562,60336
2025-08-29 16:00:00+00:00,176.17990112304688,176.22999572753906,176.0399932861328,176.15499877929688,31925
2025-08-29 16:05:00+00:00,176.07000732421875,176.19000244140625,176.07000732421875,176.19000244140625,34310
2025-08-29 16:10:00+00:00,175.96710205078125,176.10000610351562,175.89999389648438,176.0850067138672,28028
2025-08-29 16:15:00+00:00,175.94500732421875,175.96640014648438,175.90499877929688,175.96640014648438,24751
2025-08-29 16:20:00+00:00,175.97999572753906,176.02000427246094,175.95860290527344,175.97500610351562,29378
2025-08-29 16:25:00+00:00,176.0399932861328,176.0500030517578,175.97999572753906,176.0,27486
2025-08-29 16:30:00+00:00,176.11000061035156,176.14500427246094,175.97000122070312,176.03500366210938,105444
2025-08-29 16:35:00+00:00,176.30999755859375,176.36000061035156,176.11000061035156,176.11000061035156,49077
2025-08-29 16:40:00+00:00,176.25,176.3350067138672,176.2100067138672,176.3350067138672,66982
2025-08-29 16:45:00+00:00,176.22000122070312,176.27000427246094,176.19000244140625,176.24000549316406,51602
2025-08-29 16:50:00+00:00,176.1750030517578,176.25999450683594,176.16000366210938,176.22000122070312,33801
2025-08-29 16:55:00+00:00,176.19500732421875,176.22500610351562,176.13999938964844,176.17999267578125,26842
2025-08-29 17:00:00+00:00,176.38999938964844,176.39999389648438,176.1999969482422,176.1999969482422,27816
2025-08-29 17:05:00+00:00,176.5399932861328,176.5500030517578,176.40499877929688,176.41000366210938,165094
2025-08-29 17:10:00+00:00,176.6699981689453,176.6999969482422,176.55999755859375,176.55999755859375,56346
2025-08-29 17:15:00+00:00,176.61500549316406,176.69000244140625,176.60000610351562,176.67999267578125,18421
2025-08-29 17:20:00+00:00,176.5,176.625,176.5,176.6199951171875,18874
2025-08-29 17:25:00+00:00,176.5749969482422,176.63499450683594,176.44000244140625,176.52000427246094,45211
2025-08-29 17:30:00+00:00,176.6999969482422,176.6999969482422,176.52000427246094,176.57000732421875,25566
2025-08-29 17:35:00+00:00,176.79010009765625,176.8249969482422,176.6750030517578,176.71499633789062,39412
2025-08-29 17:40:00+00:00,176.89999389648438,176.93499755859375,176.8000030517578,176.80499267578125,40151
2025-08-29 17:45:00+00:00,176.85000610351562,176.9600067138672,176.8300018310547,176.9149932861328,55975
2025-08-29 17:50:00+00:00,176.80499267578125,176.97999572753906,176.8000030517578,176.86000061035156,52266
2025-08-29 17:55:00+00:00,176.8800048828125,176.9199981689453,176.7949981689453,176.8000030517578,32966
2025-08-29 18:00:00+00:00,176.85000610351562,176.8800048828125,176.7803955078125,176.8699951171875,22916
2025-08-29 18:05:00+00:00,176.8699951171875,176.88999938964844,176.8209991455078,176.85000610351562,27813
2025-08-29 18:10:00+00:00,176.91000366210938,176.9499969482422,176.86000061035156,176.86500549316406,34045
2025-08-29 18:15:00+00:00,176.97999572753906,177.02499389648438,176.92999267578125,176.92999267578125,42358
2025-08-29 18:20:00+00:00,176.9250030517578,177.0399932861328,176.8979949951172,176.9600067138672,26247
2025-08-29 18:25:00+00:00,176.99000549316406,176.9949951171875,176.88009643554688,176.94000244140625,39762
2025-08-29 18:30:00+00:00,177.08999633789062,177.10000610351562,176.97000122070312,176.99000549316406,31412
2025-08-29 18:35:00+00:00,177.14999389648438,177.16000366210938,177.0399932861328,177.0800018310547,34409
2025-08-29 18:40:00+00:00,177.16000366210938,177.18499755859375,177.11000061035156,177.14999389648438,27064
2025-08-29 18:45:00+00:00,177.20989990234375,177.22000122070312,177.11000061035156,177.1699981689453,58730
2025-08-29 18:50:00+00:00,177.1300048828125,177.2100067138672,177.1300048828125,177.19000244140625,28137
2025-08-29 18:55:00+00:00,177.1199951171875,177.14999389648438,177.07000732421875,177.13510131835938,37692
2025-08-29 19:00:00+00:00,177.30999755859375,177.30999755859375,177.10000610351562,177.1300048828125,56389
2025-08-29 19:05:00+00:00,177.39999389648438,177.39999389648438,177.2899932861328,177.32000732421875,62362
2025-08-29 19:10:00+00:00,177.33999633789062,177.40499877929688,177.25999450683594,177.38499450683594,66838
2025-08-29 19:15:00+00:00,177.3000030517578,177.33999633789062,177.25,177.3300018310547,56176
2025-08-29 19:20:00+00:00,177.32240295410156,177.36000061035156,177.22000122070312,177.30499267578125,58416
2025-08-29 19:25:00+00:00,177.28500366210938,177.36500549316406,177.24000549316406,177.3300018310547,52040
2025-08-29 19:30:00+00:00,177.22999572753906,177.32000732421875,177.2100067138672,177.28500366210938,79053
2025-08-29 19:35:00+00:00,177.14999389648438,177.25999450683594,177.0800018310547,177.22000122070312,64634
2025-08-29 19:40:00+00:00,177.10000610351562,177.15499877929688,177.05999755859375,177.14999389648438,51653
2025-08-29 19:45:00+00:00,177.0,177.1300048828125,176.97000122070312,177.10000610351562,80487
2025-08-29 19:50:00+00:00,176.94500732421875,177.14500427246094,176.8000030517578,177.02000427246094,143344
2025-08-29 19:55:00+00:00,177.19000244140625,177.2100067138672,176.9199981689453,176.94500732421875,528171
2025-09-02 13:30:00+00:00,177.97500610351562,179.1999969482422,176.88999938964844,177.47000122070312,688686
2025-09-02 13:35:00+00:00,177.72500610351562,178.0399932861328,177.45919799804688,177.99000549316406,95675
2025-09-02 13:40:00+00:00,177.36000061035156,177.52999877929688,177.25,177.52999877929688,63442
2025-09-02 13:45:00+00:00,177.38999938964844,177.4199981689453,177.04080200195312,177.25,72779
2025-09-02 13:50:00+00:00,177.85000610351562,177.8699951171875,177.32000732421875,177.4199981689453,74761
2025-09-02 13:55:00+00:00,178.13999938964844,178.24000549316406,177.8800048828125,177.8800048828125,49776
2025-09-02 14:00:00+00:00,178.03500366210938,178.44000244140625,177.91000366210938,178.0800018310547,86755
2025-09-02 14:05:00+00:00,178.08999633789062,178.14500427246094,177.92999267578125,178.00999450683594,46964
2025-09-02 14:10:00+00:00,177.98440551757812,178.1300048828125,177.97000122070312,178.11000061035156,35476
2025-09-02 14:15:00+00:00,178.03500366210938,178.22999572753906,177.9949951171875,177.9949951171875,36454
2025-09-02 14:20:00+00:00,177.91000366210938,178.01499938964844,177.85000610351562,177.9499969482422,33987
2025-09-02 14:25:00+00:00,177.97000122070312,178.08999633789062,177.88999938964844,177.9199981689453,38704
2025-09-02 14:30:00+00:00,178.25,178.27499389648438,177.9600067138672,177.97000122070312,35862
2025-09-02 14:35:00+00:00,178.0500030517578,178.25,178.0500030517578,178.25,40624
2025-09-02 14:40:00+00:00,178.11000061035156,178.22500610351562,177.9550018310547,178.02999877929688,44104
2025-09-02 14:45:00+00:00,178.1999969482422,178.2100067138672,178.03500366210938,178.10499572753906,31888
2025-09-02 14:50:00+00:00,178.0800018310547,178.22500610351562,178.05999755859375,178.19000244140625,32926
2025-09-02 14:55:00+00:00,178.13999938964844,178.22000122070312,178.07220458984375,178.08999633789062,34924
2025-09-02 15:00:00+00:00,178.14999389648438,178.2050018310547,177.9149932861328,178.10000610351562,33911
2025-09-02 15:05:00+00:00,177.96499633789062,178.16000366210938,177.96499633789062,178.14500427246094,38979
2025-09-02 15:10:00+00:00,177.7949981689453,177.97000122070312,177.77999877929688,177.97000122070312,22811
2025-09-02 15:15:00+00:00,177.82000732421875,177.8699951171875,177.7449951171875,177.80499267578125,41505
2025-09-02 15:20:00+00:00,177.66000366210938,177.8000030517578,177.66000366210938,177.8000030517578,28064
2025-09-02 15:25:00+00:00,177.73500061035156,177.7899932861328,177.59500122070312,177.66000366210938,47514
2025-09-02 15:30:00+00:00,177.9600067138672,177.97500610351562,177.67999267578125,177.7449951171875,53227
2025-09-02 15:35:00+00:00,177.91000366210938,178.02999877929688,177.83999633789062,177.9499969482422,25257
2025-09-02 15:40:00+00:00,177.86500549316406,177.99000549316406,177.82000732421875,177.9199981689453,30131
2025-09-02 15:45:00+00:00,177.85000610351562,177.9499969482422,177.7899932861328,177.86000061035156,30161
2025-09-02 15:50:00+00:00,177.8300018310547,177.9199981689453,177.7801055908203,177.85000610351562,28103
2025-09-02 15:55:00+00:00,177.73500061035156,177.85000610351562,177.72999572753906,177.85000610351562,29787
2025-09-02 16:00:00+00:00,177.73500061035156,177.82000732421875,177.6999969482422,177.75,25108
2025-09-02 16:05:00+00:00,177.86000061035156,177.86000061035156,177.6300048828125,177.7100067138672,40501
2025-09-02 16:10:00+00:00,177.82000732421875,177.86500549316406,177.7100067138672,177.84500122070312,31828
2025-09-02 16:15:00+00:00,177.7550048828125,177.88999938964844,177.7530059814453,177.81500244140625,40397
2025-09-02 16:20:00+00:00,177.77000427246094,177.8300018310547,177.72500610351562,177.7550048828125,22959
2025-09-02 16:25:00+00:00,177.76499938964844,177.82000732421875,177.72000122070312,177.77499389648438,21924
2025-09-02 16:30:00+00:00,177.8000030517578,177.80499267578125,177.6999969482422,177.75,25364
2025-09-02 16:35:00+00:00,177.89999389648438,177.92250061035156,177.77000427246094,177.8000030517578,60995
2025-09-02 16:40:00+00:00,177.97500610351562,177.97500610351562,177.89999389648438,177.91000366210938,25996
2025-09-02 16:45:00+00:00,177.875,178.0,177.8350067138672,177.98500061035156,22499
2025-09-02 16:50:00+00:00,177.88999938964844,178.0531005859375,177.875,177.875,31768
2025-09-02 16:55:00+00:00,177.88999938964844,177.89999389648438,177.82859802246094,177.86500549316406,15654
2025-09-02 17:00:00+00:00,177.77000427246094,177.9246063232422,177.72999572753906,177.91000366210938,24569
2025-09-02 17:05:00+00:00,177.90499877929688,177.9199981689453,177.77499389648438,177.7899932861328,19503
2025-09-02 17:10:00+00:00,177.8800048828125,177.92999267578125,177.86500549316406,177.89500427246094,24665
2025-09-02 17:15:00+00:00,177.85000610351562,177.9250030517578,177.85000610351562,177.88499450683594,24976
2025-09-02 17:20:00+00:00,177.82000732421875,177.83999633789062,177.77000427246094,177.83999633789062,22063
2025-09-02 17:25:00+00:00,177.8000030517578,177.9149932861328,177.8000030517578,177.80999755859375,31683
2025-09-02 17:30:00+00:00,177.81500244140625,177.8699951171875,177.74000549316406,177.8011016845703,31452
2025-09-02 17:35:00+00:00,178.05999755859375,178.05999755859375,177.7801055908203,177.7899932861328,72751
2025-09-02 17:40:00+00:00,178.02999877929688,178.10000610351562,178.02999877929688,178.0500030517578,32344
2025-09-02 17:45:00+00:00,178.10000610351562,178.1649932861328,178.02000427246094,178.02999877929688,27052
2025-09-02 17:50:00+00:00,178.25999450683594,178.25999450683594,178.1199951171875,178.1199951171875,67369
2025-09-02 17:55:00+00:00,178.1999969482422,178.27999877929688,178.19000244140625,178.26300048828125,30923
2025-09-02 18:00:00+00:00,178.26499938964844,178.33999633789062,178.1999969482422,178.1999969482422,27140
2025-09-02 18:05:00+00:00,178.3000030517578,178.36000061035156,178.27000427246094,178.27999877929688,36241
2025-09-02 18:10:00+00:00,178.17999267578125,178.25999450683594,178.1699981689453,178.25999450683594,45472
2025-09-02 18:15:00+00:00,178.17999267578125,178.25,178.14999389648438,178.18499755859375,19802
2025-09-02 18:20:00+00:00,178.05499267578125,178.22000122070312,178.05299377441406,178.19000244140625,26216
2025-09-02 18:25:00+00:00,178.0800018310547,178.1199951171875,178.02999877929688,178.07000732421875,31051
2025-09-02 18:30:00+00:00,178.0500030517578,178.13999938964844,178.03500366210938,178.08529663085938,25799
2025-09-02 18:35:00+00:00,178.0500030517578,178.0800018310547,177.99000549316406,178.0449981689453,35350
2025-09-02 18:40:00+00:00,177.8699951171875,178.0500030517578,177.8000030517578,178.0399932861328,30868
2025-09-02 18:45:00+00:00,177.89999389648438,177.9499969482422,177.77859497070312,177.8699951171875,24258
2025-09-02 18:50:00+00:00,177.99000549316406,178.02999877929688,177.88999938964844,177.89999389648438,28269
2025-09-02 18:55:00+00:00,177.97999572753906,178.02000427246094,177.90499877929688,177.97999572753906,24589
2025-09-02 19:00:00+00:00,178.17999267578125,178.2100067138672,177.99000549316406,177.99000549316406,68847
2025-09-02 19:05:00+00:00,178.1649932861328,178.22999572753906,178.11000061035156,178.1699981689453,55239
2025-09-02 19:10:00+00:00,177.99000549316406,178.17999267578125,177.99000549316406,178.1649932861328,52933
2025-09-02 19:15:00+00:00,178.02999877929688,178.0399932861328,177.9250030517578,177.9949951171875,35173
2025-09-02 19:20:00+00:00,178.02000427246094,178.09429931640625,177.97999572753906,178.02000427246094,86117
2025-09-02 19:25:00+00:00,178.0,178.02999877929688,177.9600067138672,178.00999450683594,49659
2025-09-02 19:30:00+00:00,177.97500610351562,178.02999877929688,177.9600067138672,177.99000549316406,61079
2025-09-02 19:35:00+00:00,177.96499633789062,178.02000427246094,177.9149932861328,177.97000122070312,85126
2025-09-02 19:40:00+00:00,178.08999633789062,178.09500122070312,177.9600067138672,177.97000122070312,113762
2025-09-02 19:45:00+00:00,178.2100067138672,178.25999450683594,178.02499389648438,178.07000732421875,194193
2025-09-02 19:50:00+00:00,177.86000061035156,178.3800048828125,177.82000732421875,178.22000122070312,159337
2025-09-02 19:55:00+00:00,178.0800018310547,178.08999633789062,177.67999267578125,177.8699951171875,498032
2025-09-03 13:30:00+00:00,178.02670288085938,178.17999267578125,177.0800018310547,177.6699981689453,183289
2025-09-03 13:35:00+00:00,177.8699951171875,178.2899932861328,177.82000732421875,178.0,53010
2025-09-03 13:40:00+00:00,177.63499450683594,177.84500122070312,177.5500030517578,177.8300018310547,60597
2025-09-03 13:45:00+00:00,176.9250030517578,177.6300048828125,176.91000366210938,177.6300048828125,114108
2025-09-03 13:50:00+00:00,177.05999755859375,177.05999755859375,176.85499572753906,176.91000366210938,59421
2025-09-03 13:55:00+00:00,176.94000244140625,177.17999267578125,176.7899932861328,177.05999755859375,60771
2025-09-03 14:00:00+00:00,176.97500610351562,176.97999572753906,176.8000030517578,176.94000244140625,49509
2025-09-03 14:05:00+00:00,176.8699951171875,177.11000061035156,176.85499572753906,177.0399932861328,110834
2025-09-03 14:10:00+00:00,176.83999633789062,176.9600067138672,176.8000030517578,176.91000366210938,95804
2025-09-03 14:15:00+00:00,176.8800048828125,177.0449981689453,176.72999572753906,176.85000610351562,61581
2025-09-03 14:20:00+00:00,177.0500030517578,177.1199951171875,176.86000061035156,176.89999389648438,32900
2025-09-03 14:25:00+00:00,176.88999938964844,177.0800018310547,176.77000427246094,177.04200744628906,60823
2025-09-03 14:30:00+00:00,177.0399932861328,177.13499450683594,176.8800048828125,176.8800048828125,40490
2025-09-03 14:35:00+00:00,177.2050018310547,177.23500061035156,177.06080627441406,177.0850067138672,32118
2025-09-03 14:40:00+00:00,177.05999755859375,177.21499633789062,177.0,177.1999969482422,56571
2025-09-03 14:45:00+00:00,177.27999877929688,177.5,177.08999633789062,177.08999633789062,39535
2025-09-03 14:50:00+00:00,177.46499633789062,177.5050048828125,177.29930114746094,177.3000030517578,53168
2025-09-03 14:55:00+00:00,177.49000549316406,177.57000732421875,177.39999389648438,177.47000122070312,33994
2025-09-03 15:00:00+00:00,177.6649932861328,177.75,177.44500732421875,177.47999572753906,50367
2025-09-03 15:05:00+00:00,177.6999969482422,177.7949981689453,177.65499877929688,177.6699981689453,26894
2025-09-03 15:10:00+00:00,177.7550048828125,177.7993927001953,177.6699981689453,177.68499755859375,30757
2025-09-03 15:15:00+00:00,177.92999267578125,177.92999267578125,177.75,177.7899932861328,32330
2025-09-03 15:20:00+00:00,177.83999633789062,177.99000549316406,177.83999633789062,177.90499877929688,38569
2025-09-03 15:25:00+00:00,177.60000610351562,177.84500122070312,177.52999877929688,177.84500122070312,74663
2025-09-03 15:30:00+00:00,177.5050048828125,177.6199951171875,177.47000122070312,177.61000061035156,41497
2025-09-03 15:35:00+00:00,177.42324829101562,177.5800018310547,177.4199981689453,177.5050048828125,40679
2025-09-03 15:40:00+00:00,177.1999969482422,177.4510040283203,177.1999969482422,177.41009521484375,36082
2025-09-03 15:45:00+00:00,177.1649932861328,177.2100067138672,177.05999755859375,177.1999969482422,47498
2025-09-03 15:50:00+00:00,177.16000366210938,177.3300018310547,177.11500549316406,177.16619873046875,73198
2025-09-03 15:55:00+00:00,177.06500244140625,177.1999969482422,177.06500244140625,177.16000366210938,15144
2025-09-03 16:00:00+00:00,176.93499755859375,177.05999755859375,176.89999389648438,177.05999755859375,36327
2025-09-03 16:05:00+00:00,176.9199981689453,176.97000122070312,176.74000549316406,176.93299865722656,35655
2025-09-03 16:10:00+00:00,176.85499572753906,177.10000610351562,176.8249969482422,176.92999267578125,75446
2025-09-03 16:15:00+00:00,176.80499267578125,176.86990356445312,176.72000122070312,176.83999633789062,66207
2025-09-03 16:20:00+00:00,176.6999969482422,176.8699951171875,176.69000244140625,176.8249969482422,31974
2025-09-03 16:25:00+00:00,176.82000732421875,176.9199981689453,176.72000122070312,176.72000122070312,37657
2025-09-03 16:30:00+00:00,176.9550018310547,176.9550018310547,176.8000030517578,176.8350067138672,28636
2025-09-03 16:35:00+00:00,176.97999572753906,176.97999572753906,176.8800048828125,176.9149932861328,36810
2025-09-03 16:40:00+00:00,176.88999938964844,177.02999877929688,176.88999938964844,176.97000122070312,29005
2025-09-03 16:45:00+00:00,176.97000122070312,177.13999938964844,176.85000610351562,176.88999938964844,62205
2025-09-03 16:50:00+00:00,176.875,176.9600067138672,176.80999755859375,176.94000244140625,36937
2025-09-03 16:55:00+00:00,176.6125030517578,176.8699951171875,176.5926055908203,176.8699951171875,92951
2025-09-03 17:00:00+00:00,176.60000610351562,176.6699981689453,176.55999755859375,176.63499450683594,29161
2025-09-03 17:05:00+00:00,176.59500122070312,176.6699981689453,176.5500030517578,176.61500549316406,36905
2025-09-03 17:10:00+00:00,176.72500610351562,176.72999572753906,176.52999877929688,176.5800018310547,35332
2025-09-03 17:15:00+00:00,176.75999450683594,176.85000610351562,176.6999969482422,176.6999969482422,22777
2025-09-03 17:20:00+00:00,176.8000030517578,176.83999633789062,176.72000122070312,176.76499938964844,27507
2025-09-03 17:25:00+00:00,176.94000244140625,176.9600067138672,176.8000030517578,176.80999755859375,15906
2025-09-03 17:30:00+00:00,177.0749969482422,177.0800018310547,176.9199981689453,176.94000244140625,36476
2025-09-03 17:35:00+00:00,176.98939514160156,177.11500549316406,176.9199981689453,177.0500030517578,33488
2025-09-03 17:40:00+00:00,177.07000732421875,177.08999633789062,176.96499633789062,177.0,27232
2025-09-03 17:45:00+00:00,177.02000427246094,177.1300048828125,177.00999450683594,177.0749969482422,29382
2025-09-03 17:50:00+00:00,176.81500244140625,177.02999877929688,176.80499267578125,177.00999450683594,62858
2025-09-03 17:55:00+00:00,176.9149932861328,176.9499969482422,176.8000030517578,176.81500244140625,72159
2025-09-03 18:00:00+00:00,177.21499633789062,177.22999572753906,176.9149932861328,176.9149932861328,36690
2025-09-03 18:05:00+00:00,177.3000030517578,177.42999267578125,177.18499755859375,177.21499633789062,38345
2025-09-03 18:10:00+00:00,177.26499938964844,177.32000732421875,177.2216033935547,177.2899932861328,18080
2025-09-03 18:15:00+00:00,177.32000732421875,177.4199981689453,177.26499938964844,177.26499938964844,36836
2025-09-03 18:20:00+00:00,177.47000122070312,177.47000122070312,177.2550048828125,177.32000732421875,30334
2025-09-03 18:25:00+00:00,177.42999267578125,177.50999450683594,177.41000366210938,177.4600067138672,27658
2025-09-03 18:30:00+00:00,177.52000427246094,177.5299072265625,177.39500427246094,177.39500427246094,13356
2025-09-03 18:35:00+00:00,177.47000122070312,177.61000061035156,177.4499969482422,177.52499389648438,27020
2025-09-03 18:40:00+00:00,177.32000732421875,177.49000549316406,177.30999755859375,177.47000122070312,49154
2025-09-03 18:45:00+00:00,177.19000244140625,177.33999633789062,177.15499877929688,177.3300018310547,61127
2025-09-03 18:50:00+00:00,177.2447967529297,177.35000610351562,177.1551971435547,177.19000244140625,29811
2025-09-03 18:55:00+00:00,177.16000366210938,177.27000427246094,177.02999877929688,177.27000427246094,70607
2025-09-03 19:00:00+00:00,177.11000061035156,177.18499755859375,177.0,177.1699981689453,71270
2025-09-03 19:05:00+00:00,177.1649932861328,177.1699981689453,176.99000549316406,177.11000061035156,42988
2025-09-03 19:10:00+00:00,177.22999572753906,177.2449951171875,177.16000366210938,177.17999267578125,86289
2025-09-03 19:15:00+00:00,177.47000122070312,177.49000549316406,177.21499633789062,177.22000122070312,102102
2025-09-03 19:20:00+00:00,177.44000244140625,177.52999877929688,177.3699951171875,177.47760009765625,63927
2025-09-03 19:25:00+00:00,177.35000610351562,177.47999572753906,177.3300018310547,177.4499969482422,48274
2025-09-03 19:30:00+00:00,177.38999938964844,177.5,177.33999633789062,177.33999633789062,118890
2025-09-03 19:35:00+00:00,177.42999267578125,177.49000549316406,177.3350067138672,177.39500427246094,89593
2025-09-03 19:40:00+00:00,177.7100067138672,177.7100067138672,177.44000244140625,177.44000244140625,92801
2025-09-03 19:45:00+00:00,177.75999450683594,177.7899932861328,177.65499877929688,177.7100067138672,99214
2025-09-03 19:50:00+00:00,177.75,177.8551025390625,177.64999389648438,177.77000427246094,132291
2025-09-03 19:55:00+00:00,177.92999267578125,178.0,177.63999938964844,177.75999450683594,489433
2025-09-04 13:30:00+00:00,177.9600067138672,178.11000061035156,177.5500030517578,178.0,421138
2025-09-04 13:35:00+00:00,178.3300018310547,178.36000061035156,177.77999877929688,177.92999267578125,74668
2025-09-04 13:40:00+00:00,178.52000427246094,178.6699981689453,178.3000030517578,178.3000030517578,83559
2025-09-04 13:45:00+00:00,178.35000610351562,178.60000610351562,178.1999969482422,178.50999450683594,49680
2025-09-04 13:50:00+00:00,178.4199981689453,178.4199981689453,178.26499938964844,178.38999938964844,40639
2025-09-04 13:55:00+00:00,178.47000122070312,178.60159301757812,178.33999633789062,178.4199981689453,37375
2025-09-04 14:00:00+00:00,178.60000610351562,178.64999389648438,178.42999267578125,178.44000244140625,50853
2025-09-04 14:05:00+00:00,178.30499267578125,178.6750030517578,178.3000030517578,178.58999633789062,42225
2025-09-04 14:10:00+00:00,178.25,178.3000030517578,178.0500030517578,178.3000030517578,42009
2025-09-04 14:15:00+00:00,178.1300048828125,178.22999572753906,178.0800018310547,178.22999572753906,24905
2025-09-04 14:20:00+00:00,178.12899780273438,178.17950439453125,178.02999877929688,178.15499877929688,31364
2025-09-04 14:25:00+00:00,178.10989379882812,178.13999938964844,178.02000427246094,178.11500549316406,32806
2025-09-04 14:30:00+00:00,177.94000244140625,178.17950439453125,177.8800048828125,178.07000732421875,41601
2025-09-04 14:35:00+00:00,178.2100067138672,178.27999877929688,177.93499755859375,177.93499755859375,54432
2025-09-04 14:40:00+00:00,178.3000030517578,178.35499572753906,178.14999389648438,178.22000122070312,34469
2025-09-04 14:45:00+00:00,178.3699951171875,178.50999450683594,178.25999450683594,178.32000732421875,34943
2025-09-04 14:50:00+00:00,178.4149932861328,178.47999572753906,178.23300170898438,178.3800048828125,35465
2025-09-04 14:55:00+00:00,178.32000732421875,178.5500030517578,178.2624969482422,178.44000244140625,36052
2025-09-04 15:00:00+00:00,178.22500610351562,178.3300018310547,178.17999267578125,178.32000732421875,41885
2025-09-04 15:05:00+00:00,178.34759521484375,178.35000610351562,178.21009826660156,178.22500610351562,32670
2025-09-04 15:10:00+00:00,178.4199981689453,178.47129821777344,178.31500244140625,178.35499572753906,32248
2025-09-04 15:15:00+00:00,178.23500061035156,178.43499755859375,178.22999572753906,178.43499755859375,35391
2025-09-04 15:20:00+00:00,178.17999267578125,178.22999572753906,178.06500244140625,178.21499633789062,56985
2025-09-04 15:25:00+00:00,178.31500244140625,178.4199981689453,178.0399932861328,178.17999267578125,108526
2025-09-04 15:30:00+00:00,178.25,178.41000366210938,178.2100067138672,178.31500244140625,52349
2025-09-04 15:35:00+00:00,178.21499633789062,178.3000030517578,178.13999938964844,178.22999572753906,45597
2025-09-04 15:40:00+00:00,178.13999938964844,178.35000610351562,178.1300048828125,178.22999572753906,66638
2025-09-04 15:45:00+00:00,178.2299041748047,178.25,178.10000610351562,178.14500427246094,32988
2025-09-04 15:50:00+00:00,178.1750030517578,178.27999877929688,178.10000610351562,178.19180297851562,44811
2025-09-04 15:55:00+00:00,178.0399932861328,178.17999267578125,178.02000427246094,178.16000366210938,32591
2025-09-04 16:00:00+00:00,178.0399932861328,178.1699981689453,178.0,178.0500030517578,57383
2025-09-04 16:05:00+00:00,177.9550018310547,178.05999755859375,177.9199981689453,178.0500030517578,47894
2025-09-04 16:10:00+00:00,177.96499633789062,177.98899841308594,177.85499572753906,177.9550018310547,53808
2025-09-04 16:15:00+00:00,177.9949951171875,178.0800018310547,177.9550018310547,177.9600067138672,53749
2025-09-04 16:20:00+00:00,177.84500122070312,178.0449981689453,177.83999633789062,178.00450134277344,98220
2025-09-04 16:25:00+00:00,177.94500732421875,177.9600067138672,177.72500610351562,177.83999633789062,43747
2025-09-04 16:30:00+00:00,177.89999389648438,178.02999877929688,177.8800048828125,177.94500732421875,24858
2025-09-04 16:35:00+00:00,177.86500549316406,177.91000366210938,177.8300018310547,177.8800048828125,29946
2025-09-04 16:40:00+00:00,178.0,178.02000427246094,177.85000610351562,177.86000061035156,24588
2025-09-04 16:45:00+00:00,177.89999389648438,178.02000427246094,177.8800048828125,178.0,38946
2025-09-04 16:50:00+00:00,177.72999572753906,177.91000366210938,177.7100067138672,177.86500549316406,49214
2025-09-04 16:55:00+00:00,177.8000030517578,177.85000610351562,177.73500061035156,177.73500061035156,48054
2025-09-04 17:00:00+00:00,177.7899932861328,177.8300018310547,177.72999572753906,177.80999755859375,37207
2025-09-04 17:05:00+00:00,177.88999938964844,177.9499969482422,177.8000030517578,177.8000030517578,59155
2025-09-04 17:10:00+00:00,177.75999450683594,177.89999389648438,177.75999450683594,177.88999938964844,84089
2025-09-04 17:15:00+00:00,177.7899932861328,177.83999633789062,177.7550048828125,177.7550048828125,43086
2025-09-04 17:20:00+00:00,177.75,177.80999755859375,177.74000549316406,177.8000030517578,61353
2025-09-04 17:25:00+00:00,177.75999450683594,177.81170654296875,177.7100067138672,177.75,80531
2025-09-04 17:30:00+00:00,177.6699981689453,177.8000030517578,177.66000366210938,177.76499938964844,109070
2025-09-04 17:35:00+00:00,177.75900268554688,177.77000427246094,177.57000732421875,177.66000366210938,76434
2025-09-04 17:40:00+00:00,177.72999572753906,177.75999450683594,177.69000244140625,177.75999450683594,41464
2025-09-04 17:45:00+00:00,177.69500732421875,177.77000427246094,177.63499450683594,177.73500061035156,77185
2025-09-04 17:50:00+00:00,177.86500549316406,177.9149932861328,177.69000244140625,177.69000244140625,144021
2025-09-04 17:55:00+00:00,177.9499969482422,177.97999572753906,177.85000610351562,177.88999938964844,42479
2025-09-04 18:00:00+00:00,177.86000061035156,177.99000549316406,177.8350067138672,177.94000244140625,73527
2025-09-04 18:05:00+00:00,177.8300018310547,177.94000244140625,177.8300018310547,177.85000610351562,67307
2025-09-04 18:10:00+00:00,177.8800048828125,177.89999389648438,177.8000030517578,177.8249969482422,36600
2025-09-04 18:15:00+00:00,177.80499267578125,177.91000366210938,177.78500366210938,177.8699951171875,57109
2025-09-04 18:20:00+00:00,177.79989624023438,177.8300018310547,177.76600646972656,177.80499267578125,31513
2025-09-04 18:25:00+00:00,177.82000732421875,177.84500122070312,177.7429962158203,177.7899932861328,49645
2025-09-04 18:30:00+00:00,177.7949981689453,177.86000061035156,177.77999877929688,177.82000732421875,131687
2025-09-04 18:35:00+00:00,177.86500549316406,177.94000244140625,177.77000427246094,177.80990600585938,172187
2025-09-04 18:40:00+00:00,177.90499877929688,177.9149932861328,177.83999633789062,177.86500549316406,43192
2025-09-04 18:45:00+00:00,177.8800048828125,177.9199981689453,177.8699951171875,177.91000366210938,101231
2025-09-04 18:50:00+00:00,178.02000427246094,178.0500030517578,177.85000610351562,177.88999938964844,316850
2025-09-04 18:55:00+00:00,178.0500030517578,178.10020446777344,177.9499969482422,178.02999877929688,44640
2025-09-04 19:00:00+00:00,178.1750030517578,178.24000549316406,178.0399932861328,178.0399932861328,97663
2025-09-04 19:05:00+00:00,178.21499633789062,178.26499938964844,178.14999389648438,178.1699981689453,51723
2025-09-04 19:10:00+00:00,178.5,178.5,178.19000244140625,178.22000122070312,217986
2025-09-04 19:15:00+00:00,178.52499389648438,178.55999755859375,178.4499969482422,178.5,60432
2025-09-04 19:20:00+00:00,178.52999877929688,178.5399932861328,178.4600067138672,178.52999877929688,54326
2025-09-04 19:25:00+00:00,178.53500366210938,178.63999938964844,178.52499389648438,178.52499389648438,54012
2025-09-04 19:30:00+00:00,178.6925048828125,178.72999572753906,178.4550018310547,178.52999877929688,117399
2025-09-04 19:35:00+00:00,178.8300018310547,178.89999389648438,178.69500732421875,178.69500732421875,143662
2025-09-04 19:40:00+00:00,178.7899932861328,178.86500549316406,178.77000427246094,178.82000732421875,130662
2025-09-04 19:45:00+00:00,178.50999450683594,178.8000030517578,178.50010681152344,178.8000030517578,120664
2025-09-04 19:50:00+00:00,178.60000610351562,178.6300048828125,178.3800048828125,178.49000549316406,212735
2025-09-04 19:55:00+00:00,178.6999969482422,178.72999572753906,178.5399932861328,178.61000061035156,415963
2025-09-05 13:30:00+00:00,177.91000366210938,178.47999572753906,177.00079345703125,178.0,171057
2025-09-05 13:35:00+00:00,178.06500244140625,178.17979431152344,177.7899932861328,177.97000122070312,34091
2025-09-05 13:40:00+00:00,177.9600067138672,178.1699981689453,177.8300018310547,177.9875030517578,43073
2025-09-05 13:45:00+00:00,177.77000427246094,178.13690185546875,177.6699981689453,178.1074981689453,45867
2025-09-05 13:50:00+00:00,177.625,177.75,177.55999755859375,177.7100067138672,34481
2025-09-05 13:55:00+00:00,177.52999877929688,177.6938018798828,177.39999389648438,177.625,40013
2025-09-05 14:00:00+00:00,178.0050048828125,178.02999877929688,177.43600463867188,177.4600067138672,59091
2025-09-05 14:05:00+00:00,178.22500610351562,178.33999633789062,177.9949951171875,178.0050048828125,44550
2025-09-05 14:10:00+00:00,178.1199951171875,178.3699951171875,178.02000427246094,178.22500610351562,37398
2025-09-05 14:15:00+00:00,178.55499267578125,178.55999755859375,178.0800018310547,178.1300048828125,51680
2025-09-05 14:20:00+00:00,178.5399932861328,178.63499450683594,178.2100067138672,178.52000427246094,83578
2025-09-05 14:25:00+00:00,178.41000366210938,178.60150146484375,178.3800048828125,178.52999877929688,53443
2025-09-05 14:30:00+00:00,178.3350067138672,178.4499969482422,178.15499877929688,178.41000366210938,52784
2025-09-05 14:35:00+00:00,178.32000732421875,178.4499969482422,178.16000366210938,178.3350067138672,51636
2025-09-05 14:40:00+00:00,178.55499267578125,178.57000732421875,178.32640075683594,178.32640075683594,34079
2025-09-05 14:45:00+00:00,178.86500549316406,178.94500732421875,178.5,178.55499267578125,47992
2025-09-05 14:50:00+00:00,178.60000610351562,178.99000549316406,178.59500122070312,178.86500549316406,30453
2025-09-05 14:55:00+00:00,178.75999450683594,178.8800048828125,178.51010131835938,178.61990356445312,46183
2025-09-05 15:00:00+00:00,179.47219848632812,179.5,178.77999877929688,178.80740356445312,87532
2025-09-05 15:05:00+00:00,179.22500610351562,179.5050048828125,179.16009521484375,179.49000549316406,73579
2025-09-05 15:10:00+00:00,178.910400390625,179.3000030517578,178.910400390625,179.1999969482422,70930
2025-09-05 15:15:00+00:00,178.99000549316406,179.11849975585938,178.77000427246094,178.94000244140625,35539
2025-09-05 15:20:00+00:00,179.16000366210938,179.16000366210938,178.9774932861328,179.00999450683594,41893
2025-09-05 15:25:00+00:00,179.1300048828125,179.18409729003906,179.05979919433594,179.1699981689453,57223
2025-09-05 15:30:00+00:00,179.22999572753906,179.25999450683594,179.1300048828125,179.17999267578125,24986
2025-09-05 15:35:00+00:00,178.97000122070312,179.32000732421875,178.9600067138672,179.22000122070312,41290
2025-09-05 15:40:00+00:00,178.94000244140625,179.0500030517578,178.92999267578125,178.97000122070312,46597
2025-09-05 15:45:00+00:00,178.94000244140625,179.02000427246094,178.86000061035156,178.97279357910156,25983
2025-09-05 15:50:00+00:00,179.00999450683594,179.0399932861328,178.8800048828125,178.94000244140625,67470
2025-09-05 15:55:00+00:00,179.01499938964844,179.0850067138672,178.9600067138672,179.0,16718
2025-09-05 16:00:00+00:00,179.00999450683594,179.03160095214844,178.8699951171875,179.01919555664062,19980
2025-09-05 16:05:00+00:00,179.0500030517578,179.07000732421875,178.97000122070312,179.0189971923828,18886
2025-09-05 16:10:00+00:00,179.11000061035156,179.11000061035156,179.0399932861328,179.05999755859375,21462
2025-09-05 16:15:00+00:00,179.01499938964844,179.11000061035156,178.88999938964844,179.11000061035156,18286
2025-09-05 16:20:00+00:00,178.94000244140625,179.0749969482422,178.88999938964844,179.0449981689453,17148
2025-09-05 16:25:00+00:00,178.91000366210938,179.01499938964844,178.86000061035156,178.94000244140625,12005
2025-09-05 16:30:00+00:00,178.96499633789062,178.97000122070312,178.91000366210938,178.9199981689453,23017
2025-09-05 16:35:00+00:00,178.8800048828125,179.02999877929688,178.860107421875,178.97999572753906,21251
2025-09-05 16:40:00+00:00,178.88499450683594,178.9199981689453,178.79190063476562,178.90499877929688,16665
2025-09-05 16:45:00+00:00,178.87319946289062,178.94000244140625,178.8408966064453,178.89739990234375,12617
2025-09-05 16:50:00+00:00,179.0399932861328,179.0399932861328,178.86500549316406,178.8800048828125,22562
2025-09-05 16:55:00+00:00,178.90499877929688,179.0399932861328,178.89999389648438,179.0399932861328,23559
2025-09-05 17:00:00+00:00,178.72500610351562,178.93699645996094,178.69000244140625,178.9199981689453,23826
2025-09-05 17:05:00+00:00,178.58999633789062,178.68499755859375,178.55999755859375,178.68499755859375,21467
2025-09-05 17:10:00+00:00,178.6300048828125,178.64500427246094,178.54080200195312,178.5883026123047,14467
2025-09-05 17:15:00+00:00,178.6649932861328,178.72999572753906,178.625,178.625,21160
2025-09-05 17:20:00+00:00,178.78500366210938,178.8350067138672,178.66000366210938,178.6649932861328,21498
2025-09-05 17:25:00+00:00,178.7949981689453,178.875,178.77000427246094,178.77499389648438,24990
2025-09-05 17:30:00+00:00,178.63999938964844,178.86500549316406,177.3000030517578,178.82000732421875,691586
2025-09-05 17:35:00+00:00,177.9199981689453,178.6999969482422,177.59500122070312,178.60009765625,411455
2025-09-05 17:40:00+00:00,178.05499267578125,178.4499969482422,177.77499389648438,177.8667755126953,373085
2025-09-05 17:45:00+00:00,178.14999389648438,178.52999877929688,177.99000549316406,178.05499267578125,174786
2025-09-05 17:50:00+00:00,177.77000427246094,178.17999267578125,177.5399932861328,178.10000610351562,269167
2025-09-05 17:55:00+00:00,177.5800018310547,177.8975067138672,177.47000122070312,177.8300018310547,123447
2025-09-05 18:00:00+00:00,177.08999633789062,177.59500122070312,177.0399932861328,177.5500030517578,192039
2025-09-05 18:05:00+00:00,176.97000122070312,177.10000610351562,176.55999755859375,177.08999633789062,294597
2025-09-05 18:10:00+00:00,176.9080047607422,177.3000030517578,176.85000610351562,177.02000427246094,211101
2025-09-05 18:15:00+00:00,177.24000549316406,177.29190063476562,176.89500427246094,176.89500427246094,79204
2025-09-05 18:20:00+00:00,177.14999389648438,177.3000030517578,177.05999755859375,177.23500061035156,72567
2025-09-05 18:25:00+00:00,177.05999755859375,177.17999267578125,176.8459014892578,177.1300048828125,68125
2025-09-05 18:30:00+00:00,177.27999877929688,177.3000030517578,177.02999877929688,177.05999755859375,76651
2025-09-05 18:35:00+00:00,177.27499389648438,177.35000610351562,177.1699981689453,177.25999450683594,53187
2025-09-05 18:40:00+00:00,177.28500366210938,177.44000244140625,177.25,177.2899932861328,75044
2025-09-05 18:45:00+00:00,177.38999938964844,177.41000366210938,177.19000244140625,177.2899932861328,38039
2025-09-05 18:50:00+00:00,177.4600067138672,177.61000061035156,177.39500427246094,177.39500427246094,66769
2025-09-05 18:55:00+00:00,177.36000061035156,177.47000122070312,177.32000732421875,177.4600067138672,59496
2025-09-05 19:00:00+00:00,177.6999969482422,177.97999572753906,177.32000732421875,177.35000610351562,309632
2025-09-05 19:05:00+00:00,177.9199981689453,177.94000244140625,177.6199951171875,177.69500732421875,199480
2025-09-05 19:10:00+00:00,177.77999877929688,177.9199981689453,177.6199951171875,177.89999389648438,147456
2025-09-05 19:15:00+00:00,177.62730407714844,177.8946990966797,177.58999633789062,177.77999877929688,108489
2025-09-05 19:20:00+00:00,177.64999389648438,177.77999877929688,177.61000061035156,177.6300048828125,103216
2025-09-05 19:25:00+00:00,177.72999572753906,177.72999572753906,177.55999755859375,177.65499877929688,99718
2025-09-05 19:30:00+00:00,177.8350067138672,177.83999633789062,177.72000122070312,177.72999572753906,95817
2025-09-05 19:35:00+00:00,177.90679931640625,177.94000244140625,177.82000732421875,177.82000732421875,127859
2025-09-05 19:40:00+00:00,177.9199981689453,178.0,177.86000061035156,177.9149932861328,107754
2025-09-05 19:45:00+00:00,177.85000610351562,177.99000549316406,177.72000122070312,177.9199981689453,174417
2025-09-05 19:50:00+00:00,178.0850067138672,178.1199951171875,177.77000427246094,177.88999938964844,159949
2025-09-05 19:55:00+00:00,178.3800048828125,178.39999389648438,178.0800018310547,178.0800018310547,425477
2025-09-08 13:30:00+00:00,177.5850067138672,177.83999633789062,176.8000030517578,177.36000061035156,278641
2025-09-08 13:35:00+00:00,176.9250030517578,177.64500427246094,176.6999969482422,177.5850067138672,158208
2025-09-08 13:40:00+00:00,177.30999755859375,177.72000122070312,176.9550018310547,176.9550018310547,93401
2025-09-08 13:45:00+00:00,177.16009521484375,177.6300048828125,177.10000610351562,177.3000030517578,88511
2025-09-08 13:50:00+00:00,177.72000122070312,177.74000549316406,177.07000732421875,177.1999969482422,85144
2025-09-08 13:55:00+00:00,177.7949981689453,177.9600067138672,177.64999389648438,177.74000549316406,86046
2025-09-08 14:00:00+00:00,177.93499755859375,178.0749969482422,177.7449951171875,177.7949981689453,109146
2025-09-08 14:05:00+00:00,178.0,178.10499572753906,177.88999938964844,177.90499877929688,75636
2025-09-08 14:10:00+00:00,177.94500732421875,178.07000732421875,177.89999389648438,177.9600067138672,64166
2025-09-08 14:15:00+00:00,178.14999389648438,178.14999389648438,177.9600067138672,177.9600067138672,40719
2025-09-08 14:20:00+00:00,177.98500061035156,178.15499877929688,177.97999572753906,178.14999389648438,52121
2025-09-08 14:25:00+00:00,177.99000549316406,178.0399932861328,177.88999938964844,178.0,50745
2025-09-08 14:30:00+00:00,178.11000061035156,178.1750030517578,177.99000549316406,177.99000549316406,73757
2025-09-08 14:35:00+00:00,178.10000610351562,178.3300018310547,178.0749969482422,178.11129760742188,89602
2025-09-08 14:40:00+00:00,178.33999633789062,178.33999633789062,177.99000549316406,178.1199951171875,106879
2025-09-08 14:45:00+00:00,178.5399932861328,178.6199951171875,178.2899932861328,178.2899932861328,115618
2025-09-08 14:50:00+00:00,178.5,178.50999450683594,178.31500244140625,178.42999267578125,82655
2025-09-08 14:55:00+00:00,178.69500732421875,178.6999969482422,178.42999267578125,178.50999450683594,76381
2025-09-08 15:00:00+00:00,178.6699981689453,178.7899932861328,178.66000366210938,178.6999969482422,66923
2025-09-08 15:05:00+00:00,178.85499572753906,179.0,178.64500427246094,178.66000366210938,74942
2025-09-08 15:10:00+00:00,179.08999633789062,179.10000610351562,178.84010314941406,178.84010314941406,65839
2025-09-08 15:15:00+00:00,179.27000427246094,179.35000610351562,179.0500030517578,179.07000732421875,80000
2025-09-08 15:20:00+00:00,179.375,179.39999389648438,179.22999572753906,179.27000427246094,127809
2025-09-08 15:25:00+00:00,178.68499755859375,179.44500732421875,178.67999267578125,179.375,97799
2025-09-08 15:30:00+00:00,178.47000122070312,178.75,178.44000244140625,178.7100067138672,65572
2025-09-08 15:35:00+00:00,178.24000549316406,178.52000427246094,178.24000549316406,178.49000549316406,43793
2025-09-08 15:40:00+00:00,178.2899932861328,178.477294921875,178.24000549316406,178.24000549316406,27540
2025-09-08 15:45:00+00:00,178.41000366210938,178.4149932861328,178.26010131835938,178.3000030517578,56994
2025-09-08 15:50:00+00:00,178.42999267578125,178.4595947265625,178.28500366210938,178.41000366210938,25530
2025-09-08 15:55:00+00:00,178.4949951171875,178.55499267578125,178.33999633789062,178.42999267578125,44294
2025-09-08 16:00:00+00:00,178.4600067138672,178.52999877929688,178.4176025390625,178.5146026611328,56969
2025-09-08 16:05:00+00:00,178.51499938964844,178.5399932861328,178.39999389648438,178.47999572753906,38511
2025-09-08 16:10:00+00:00,178.5850067138672,178.6300048828125,178.51499938964844,178.52000427246094,38446
2025-09-08 16:15:00+00:00,178.44000244140625,178.625,178.42999267578125,178.5946044921875,25685
2025-09-08 16:20:00+00:00,178.34500122070312,178.4698944091797,178.3300018310547,178.44000244140625,45241
2025-09-08 16:25:00+00:00,178.27000427246094,178.39999389648438,178.25999450683594,178.34500122070312,26085
2025-09-08 16:30:00+00:00,178.15499877929688,178.30999755859375,178.14500427246094,178.27000427246094,45851
2025-09-08 16:35:00+00:00,178.05999755859375,178.16000366210938,178.03500366210938,178.13999938964844,23547
2025-09-08 16:40:00+00:00,178.16000366210938,178.2449951171875,178.0399932861328,178.0399932861328,29620
2025-09-08 16:45:00+00:00,178.27000427246094,178.35000610351562,178.05999755859375,178.14999389648438,37373
2025-09-08 16:50:00+00:00,178.42999267578125,178.44000244140625,178.25999450683594,178.25999450683594,21988
2025-09-08 16:55:00+00:00,178.47999572753906,178.50999450683594,178.36000061035156,178.42999267578125,30432
2025-09-08 17:00:00+00:00,178.47999572753906,178.63999938964844,178.44000244140625,178.47999572753906,35764
2025-09-08 17:05:00+00:00,178.4149932861328,178.52000427246094,178.3699951171875,178.47999572753906,27553
2025-09-08 17:10:00+00:00,178.4499969482422,178.5399932861328,178.3699951171875,178.4199981689453,37239
2025-09-08 17:15:00+00:00,178.53500366210938,178.55999755859375,178.39999389648438,178.39999389648438,24363
2025-09-08 17:20:00+00:00,178.39999389648438,178.60000610351562,178.39999389648438,178.5325927734375,40376
2025-09-08 17:25:00+00:00,178.3300018310547,178.39999389648438,178.31500244140625,178.39999389648438,32979
2025-09-08 17:30:00+00:00,178.25999450683594,178.375,178.25,178.3397979736328,51595
2025-09-08 17:35:00+00:00,178.0749969482422,178.25999450683594,178.07000732421875,178.2550048828125,27585
2025-09-08 17:40:00+00:00,178.0500030517578,178.1300048828125,178.0399932861328,178.0749969482422,37092
2025-09-08 17:45:00+00:00,178.0050048828125,178.10000610351562,177.99000549316406,178.02000427246094,31208
2025-09-08 17:50:00+00:00,177.97500610351562,178.0399932861328,177.83999633789062,178.0,131900
2025-09-08 17:55:00+00:00,177.94000244140625,178.0500030517578,177.88999938964844,177.9499969482422,24442
2025-09-08 18:00:00+00:00,177.9250030517578,178.07000732421875,177.77000427246094,177.94000244140625,105690
2025-09-08 18:05:00+00:00,177.86000061035156,178.07000732421875,177.67999267578125,177.92999267578125,90801
2025-09-08 18:10:00+00:00,177.89500427246094,177.89500427246094,177.802001953125,177.8800048828125,27520
2025-09-08 18:15:00+00:00,177.80999755859375,177.9600067138672,177.8000030517578,177.89999389648438,42048
2025-09-08 18:20:00+00:00,177.6999969482422,177.85000610351562,177.67999267578125,177.80999755859375,83320
2025-09-08 18:25:00+00:00,177.77999877929688,177.78500366210938,177.6699981689453,177.7100067138672,55487
2025-09-08 18:30:00+00:00,177.7100067138672,177.8249969482422,177.67999267578125,177.7899932861328,39685
2025-09-08 18:35:00+00:00,177.80990600585938,177.80990600585938,177.69500732421875,177.7100067138672,37385
2025-09-08 18:40:00+00:00,177.6699981689453,177.8000030517578,177.60000610351562,177.7899932861328,90183
2025-09-08 18:45:00+00:00,177.7100067138672,177.75999450683594,177.66000366210938,177.67999267578125,37072
2025-09-08 18:50:00+00:00,177.74000549316406,177.75999450683594,177.6750030517578,177.75,26979
2025-09-08 18:55:00+00:00,177.63999938964844,177.75,177.62010192871094,177.74000549316406,53265
2025-09-08 19:00:00+00:00,177.61000061035156,177.69000244140625,177.55999755859375,177.6300048828125,44076
2025-09-08 19:05:00+00:00,177.60499572753906,177.6300048828125,177.5500030517578,177.60499572753906,75856
2025-09-08 19:10:00+00:00,177.52999877929688,177.5449981689453,177.48460388183594,177.50999450683594,61862
2025-09-08 19:15:00+00:00,177.54429626464844,177.61000061035156,177.4600067138672,177.52000427246094,71575
2025-09-08 19:20:00+00:00,177.55499267578125,177.6199951171875,177.49000549316406,177.5399932861328,53664
2025-09-08 19:25:00+00:00,177.66000366210938,177.6699981689453,177.5449981689453,177.57000732421875,104279
2025-09-08 19:30:00+00:00,177.69000244140625,177.74000549316406,177.65499877929688,177.6649932861328,72744
2025-09-08 19:35:00+00:00,177.74000549316406,177.75,177.66000366210938,177.69000244140625,118160
2025-09-08 19:40:00+00:00,177.8800048828125,177.91000366210938,177.74000549316406,177.75,228363
2025-09-08 19:45:00+00:00,177.78500366210938,178.00999450683594,177.6999969482422,177.8800048828125,212666
2025-09-08 19:50:00+00:00,178.19000244140625,178.19500732421875,177.78500366210938,177.7899932861328,146204
2025-09-08 19:55:00+00:00,178.16000366210938,178.52999877929688,178.08999633789062,178.1999969482422,742226
2025-09-09 13:30:00+00:00,177.58999633789062,178.08999633789062,177.4499969482422,177.8300018310547,272786
2025-09-09 13:35:00+00:00,177.02999877929688,177.6199951171875,177.00999450683594,177.5850067138672,79926
2025-09-09 13:40:00+00:00,177.1678009033203,177.2899932861328,176.89999389648438,177.02499389648438,56541
2025-09-09 13:45:00+00:00,177.0500030517578,177.15499877929688,176.8000030517578,177.0,62539
2025-09-09 13:50:00+00:00,176.96499633789062,177.08999633789062,176.8699951171875,177.0500030517578,53269
2025-09-09 13:55:00+00:00,176.7899932861328,177.0800018310547,176.77499389648438,176.97000122070312,60356
2025-09-09 14:00:00+00:00,176.5800018310547,176.9600067138672,176.57000732421875,176.80999755859375,101728
2025-09-09 14:05:00+00:00,176.5800018310547,176.8000030517578,176.4499969482422,176.60000610351562,159031
2025-09-09 14:10:00+00:00,176.9250030517578,176.94000244140625,176.52999877929688,176.59500122070312,111249
2025-09-09 14:15:00+00:00,177.41000366210938,177.41000366210938,176.94500732421875,176.94500732421875,58996
2025-09-09 14:20:00+00:00,177.52000427246094,177.52999877929688,177.3800048828125,177.4250030517578,47206
2025-09-09 14:25:00+00:00,177.47999572753906,177.63499450683594,177.33999633789062,177.52999877929688,114819
2025-09-09 14:30:00+00:00,177.64500427246094,177.64500427246094,177.38999938964844,177.50999450683594,43440
2025-09-09 14:35:00+00:00,177.6999969482422,177.7100067138672,177.47500610351562,177.64500427246094,81987
2025-09-09 14:40:00+00:00,177.5399932861328,177.6999969482422,177.5399932861328,177.69500732421875,65663
2025-09-09 14:45:00+00:00,177.52000427246094,177.67999267578125,177.47000122070312,177.5399932861328,132687
2025-09-09 14:50:00+00:00,177.1300048828125,177.55499267578125,177.1300048828125,177.52000427246094,75845
2025-09-09 14:55:00+00:00,177.09500122070312,177.19000244140625,177.02999877929688,177.1300048828125,50854
2025-09-09 15:00:00+00:00,176.72999572753906,177.16000366210938,176.726806640625,177.09500122070312,56015
2025-09-09 15:05:00+00:00,176.9250030517578,176.9499969482422,176.73800659179688,176.7550048828125,59903
2025-09-09 15:10:00+00:00,176.72999572753906,176.8385009765625,176.6300048828125,176.80499267578125,42602
2025-09-09 15:15:00+00:00,176.85000610351562,176.8968048095703,176.625,176.75999450683594,50669
2025-09-09 15:20:00+00:00,176.8300018310547,176.8990936279297,176.66000366210938,176.86000061035156,72116
2025-09-09 15:25:00+00:00,176.89999389648438,177.0,176.8300018310547,176.8300018310547,42729
2025-09-09 15:30:00+00:00,176.83999633789062,176.97000122070312,176.80999755859375,176.89500427246094,44008
2025-09-09 15:35:00+00:00,176.8300018310547,176.89999389648438,176.7899932861328,176.83999633789062,27338
2025-09-09 15:40:00+00:00,176.60000610351562,176.82000732421875,176.60000610351562,176.82000732421875,38921
2025-09-09 15:45:00+00:00,176.7100067138672,176.74000549316406,176.57000732421875,176.60000610351562,37239
2025-09-09 15:50:00+00:00,176.625,176.8000030517578,176.5,176.69000244140625,69570
2025-09-09 15:55:00+00:00,176.63999938964844,176.72000122070312,176.5500030517578,176.625,31630
2025-09-09 16:00:00+00:00,176.61000061035156,176.6699981689453,176.52999877929688,176.63999938964844,32595
2025-09-09 16:05:00+00:00,176.8699951171875,176.91000366210938,176.6300048828125,176.6300048828125,20929
2025-09-09 16:10:00+00:00,176.82000732421875,176.92990112304688,176.7949981689453,176.8699951171875,21391
2025-09-09 16:15:00+00:00,176.6750030517578,176.82000732421875,176.6300048828125,176.80499267578125,19306
2025-09-09 16:20:00+00:00,176.6199951171875,176.74560546875,176.61000061035156,176.6750030517578,33802
2025-09-09 16:25:00+00:00,176.8000030517578,176.8000030517578,176.6199951171875,176.6199951171875,17491
2025-09-09 16:30:00+00:00,176.76499938964844,176.85000610351562,176.75999450683594,176.82000732421875,24769
2025-09-09 16:35:00+00:00,176.86000061035156,176.89999389648438,176.70350646972656,176.77999877929688,20222
2025-09-09 16:40:00+00:00,176.8000030517578,176.89999389648438,176.75,176.85000610351562,17325
2025-09-09 16:45:00+00:00,176.8800048828125,176.8800048828125,176.77499389648438,176.82000732421875,21252
2025-09-09 16:50:00+00:00,176.88999938964844,176.92999267578125,176.8300018310547,176.85499572753906,39748
2025-09-09 16:55:00+00:00,176.8300018310547,176.9250030517578,176.7899932861328,176.89500427246094,23658
2025-09-09 17:00:00+00:00,176.8695068359375,176.91000366210938,176.74000549316406,176.7899932861328,34477
2025-09-09 17:05:00+00:00,176.8800048828125,176.94500732421875,176.82000732421875,176.85870361328125,20681
2025-09-09 17:10:00+00:00,176.89999389648438,176.89999389648438,176.82000732421875,176.86000061035156,23171
2025-09-09 17:15:00+00:00,176.83999633789062,176.92999267578125,176.83999633789062,176.88499450683594,31793
2025-09-09 17:20:00+00:00,176.7100067138672,176.85000610351562,176.64999389648438,176.8249969482422,20759
2025-09-09 17:25:00+00:00,176.72000122070312,176.74000549316406,176.6699981689453,176.6999969482422,18243
2025-09-09 17:30:00+00:00,176.99000549316406,176.99000549316406,176.72000122070312,176.72000122070312,37125
2025-09-09 17:35:00+00:00,176.91000366210938,177.01499938964844,176.86500549316406,176.9949951171875,28780
2025-09-09 17:40:00+00:00,176.9927215576172,177.00999450683594,176.860107421875,176.9250030517578,27177
2025-09-09 17:45:00+00:00,177.0500030517578,177.11959838867188,176.99000549316406,177.00999450683594,34372
2025-09-09 17:50:00+00:00,177.05999755859375,177.10000610351562,177.0399932861328,177.07000732421875,19085
2025-09-09 17:55:00+00:00,177.22999572753906,177.22999572753906,177.02999877929688,177.05999755859375,29663
2025-09-09 18:00:00+00:00,177.25999450683594,177.33999633789062,177.22000122070312,177.24000549316406,25072
2025-09-09 18:05:00+00:00,177.27000427246094,177.32000732421875,177.22999572753906,177.26499938964844,27073
2025-09-09 18:10:00+00:00,177.0749969482422,177.3699951171875,177.0749969482422,177.27999877929688,32698
2025-09-09 18:15:00+00:00,177.1699981689453,177.1999969482422,177.0749969482422,177.0800018310547,29185
2025-09-09 18:20:00+00:00,177.08999633789062,177.13999938964844,177.06500244140625,177.125,21673
2025-09-09 18:25:00+00:00,177.10000610351562,177.11000061035156,177.02999877929688,177.08999633789062,25469
2025-09-09 18:30:00+00:00,177.08999633789062,177.15260314941406,177.0749969482422,177.10000610351562,23384
2025-09-09 18:35:00+00:00,177.05999755859375,177.08999633789062,177.02999877929688,177.08999633789062,25377
2025-09-09 18:40:00+00:00,176.99000549316406,177.0749969482422,176.97999572753906,177.06500244140625,29395
2025-09-09 18:45:00+00:00,177.0449981689453,177.05999755859375,176.98500061035156,176.98500061035156,25750
2025-09-09 18:50:00+00:00,176.97999572753906,177.0800018310547,176.97999572753906,177.0500030517578,37206
2025-09-09 18:55:00+00:00,177.02000427246094,177.0449981689453,176.92999267578125,176.9600067138672,29920
2025-09-09 19:00:00+00:00,177.11500549316406,177.16000366210938,177.02999877929688,177.02999877929688,55382
2025-09-09 19:05:00+00:00,177.09500122070312,177.17999267578125,177.05819702148438,177.1300048828125,33150
2025-09-09 19:10:00+00:00,177.16000366210938,177.19000244140625,177.08999633789062,177.10499572753906,51790
2025-09-09 19:15:00+00:00,177.17999267578125,177.27999877929688,177.17300415039062,177.1750030517578,38814
2025-09-09 19:20:00+00:00,177.13609313964844,177.22500610351562,177.11000061035156,177.19000244140625,34826
2025-09-09 19:25:00+00:00,177.08999633789062,177.14999389648438,177.0388946533203,177.125,36938
2025-09-09 19:30:00+00:00,177.0,177.08999633789062,177.0,177.07000732421875,35314
2025-09-09 19:35:00+00:00,177.0050048828125,177.0500030517578,176.97999572753906,177.02000427246094,42216
2025-09-09 19:40:00+00:00,177.0717010498047,177.1300048828125,176.94180297851562,177.0050048828125,81940
2025-09-09 19:45:00+00:00,177.0850067138672,177.10000610351562,177.0,177.07000732421875,131496
2025-09-09 19:50:00+00:00,177.22999572753906,177.23989868164062,177.00999450683594,177.05999755859375,94884
2025-09-09 19:55:00+00:00,176.97999572753906,177.36000061035156,176.92999267578125,177.24000549316406,433392
2025-09-10 13:30:00+00:00,175.7550048828125,176.3699951171875,175.4499969482422,175.6199951171875,431460
2025-09-10 13:35:00+00:00,175.88999938964844,176.0449981689453,175.3000030517578,175.7899932861328,86543
2025-09-10 13:40:00+00:00,175.96499633789062,176.0800018310547,175.7100067138672,175.88999938964844,75405
2025-09-10 13:45:00+00:00,176.55999755859375,176.60499572753906,176.0,176.0,59307
2025-09-10 13:50:00+00:00,176.1649932861328,176.59500122070312,176.07000732421875,176.55999755859375,54596
2025-09-10 13:55:00+00:00,175.92999267578125,176.24000549316406,175.83999633789062,176.17999267578125,44308
2025-09-10 14:00:00+00:00,175.77999877929688,175.92999267578125,175.7100067138672,175.92999267578125,62850
2025-09-10 14:05:00+00:00,175.91000366210938,175.9799041748047,175.65499877929688,175.77999877929688,35489
2025-09-10 14:10:00+00:00,175.8000030517578,175.97999572753906,175.57000732421875,175.91000366210938,53607
2025-09-10 14:15:00+00:00,175.74000549316406,175.8798065185547,175.71499633789062,175.85989379882812,45978
2025-09-10 14:20:00+00:00,175.6199951171875,175.73500061035156,175.5800018310547,175.72999572753906,45314
2025-09-10 14:25:00+00:00,175.51370239257812,175.6649932861328,175.39999389648438,175.63209533691406,71427
2025-09-10 14:30:00+00:00,175.5800018310547,175.6060028076172,175.39999389648438,175.49000549316406,52502
2025-09-10 14:35:00+00:00,175.43499755859375,175.6699981689453,175.40499877929688,175.61000061035156,55706
2025-09-10 14:40:00+00:00,175.52000427246094,175.56500244140625,175.35000610351562,175.47000122070312,63038
2025-09-10 14:45:00+00:00,175.2899932861328,175.50999450683594,175.18679809570312,175.5,68407
2025-09-10 14:50:00+00:00,174.8000030517578,175.2899932861328,174.8000030517578,175.27999877929688,93005
2025-09-10 14:55:00+00:00,174.88999938964844,175.1300048828125,174.74000549316406,174.77000427246094,115685
2025-09-10 15:00:00+00:00,174.8800048828125,174.94000244140625,174.75,174.8699951171875,64915
2025-09-10 15:05:00+00:00,174.69000244140625,174.99000549316406,174.69000244140625,174.88999938964844,78158
2025-09-10 15:10:00+00:00,174.6750030517578,174.75999450683594,174.57000732421875,174.69000244140625,70986
2025-09-10 15:15:00+00:00,174.50999450683594,174.6699981689453,174.3300018310547,174.6699981689453,89351
2025-09-10 15:20:00+00:00,174.91000366210938,175.00999450683594,174.52999877929688,174.52999877929688,91923
2025-09-10 15:25:00+00:00,174.6699981689453,175.00999450683594,174.66000366210938,174.94000244140625,52548
2025-09-10 15:30:00+00:00,174.9199981689453,174.94000244140625,174.63999938964844,174.69000244140625,35770
2025-09-10 15:35:00+00:00,175.01499938964844,175.1699981689453,174.91549682617188,174.93499755859375,60109
2025-09-10 15:40:00+00:00,175.27000427246094,175.30999755859375,175.02999877929688,175.02999877929688,49965
2025-09-10 15:45:00+00:00,175.125,175.3699951171875,175.125,175.27720642089844,35997
2025-09-10 15:50:00+00:00,175.13999938964844,175.19000244140625,174.94000244140625,175.12249755859375,95798
2025-09-10 15:55:00+00:00,175.10499572753906,175.1649932861328,175.0,175.1199951171875,64598
2025-09-10 16:00:00+00:00,175.25840759277344,175.44000244140625,175.1199951171875,175.1199951171875,89112
2025-09-10 16:05:00+00:00,175.30999755859375,175.3300018310547,175.2100067138672,175.25,46004
2025-09-10 16:10:00+00:00,175.3350067138672,175.3350067138672,175.14999389648438,175.32000732421875,76832
2025-09-10 16:15:00+00:00,175.44000244140625,175.4600067138672,175.3300018310547,175.35000610351562,24730
2025-09-10 16:20:00+00:00,175.18499755859375,175.47000122070312,175.14999389648438,175.44500732421875,65304
2025-09-10 16:25:00+00:00,174.9149932861328,175.23500061035156,174.64999389648438,175.18499755859375,180719
2025-09-10 16:30:00+00:00,174.91000366210938,174.9499053955078,174.75999450683594,174.8800048828125,48172
2025-09-10 16:35:00+00:00,174.8300018310547,174.9199981689453,174.77000427246094,174.90499877929688,25964
2025-09-10 16:40:00+00:00,174.9499969482422,174.98599243164062,174.83999633789062,174.85499572753906,42972
2025-09-10 16:45:00+00:00,174.9550018310547,174.97999572753906,174.8300018310547,174.9591064453125,39216
2025-09-10 16:50:00+00:00,175.16000366210938,175.16000366210938,174.9600067138672,174.9600067138672,33779
2025-09-10 16:55:00+00:00,175.28500366210938,175.3000030517578,175.1300048828125,175.1699981689453,58046
2025-09-10 17:00:00+00:00,175.23500061035156,175.4199981689453,175.21499633789062,175.27000427246094,36474
2025-09-10 17:05:00+00:00,175.16000366210938,175.27000427246094,175.0800018310547,175.22999572753906,67145
2025-09-10 17:10:00+00:00,175.17999267578125,175.22000122070312,175.1300048828125,175.1750030517578,28093
2025-09-10 17:15:00+00:00,175.13999938964844,175.3350067138672,175.07000732421875,175.1750030517578,43736
2025-09-10 17:20:00+00:00,175.13499450683594,175.2899932861328,175.13499450683594,175.14500427246094,28269
2025-09-10 17:25:00+00:00,175.14999389648438,175.2095947265625,175.08999633789062,175.1199951171875,51661
2025-09-10 17:30:00+00:00,175.36500549316406,175.38999938964844,175.14999389648438,175.14999389648438,46217
2025-09-10 17:35:00+00:00,175.19000244140625,175.35000610351562,175.1573944091797,175.35000610351562,26284
2025-09-10 17:40:00+00:00,175.1165008544922,175.1938018798828,175.07000732421875,175.18499755859375,33192
2025-09-10 17:45:00+00:00,175.1300048828125,175.19000244140625,175.10499572753906,175.11099243164062,24818
2025-09-10 17:50:00+00:00,175.1300048828125,175.14999389648438,175.05999755859375,175.10000610351562,30553
2025-09-10 17:55:00+00:00,175.1750030517578,175.17999267578125,175.0800018310547,175.0959930419922,23050
2025-09-10 18:00:00+00:00,175.16000366210938,175.17999267578125,175.0850067138672,175.1302947998047,30447
2025-09-10 18:05:00+00:00,175.36500549316406,175.36500549316406,175.12930297851562,175.13999938964844,37508
2025-09-10 18:10:00+00:00,175.2637939453125,175.3800048828125,175.2637939453125,175.3800048828125,27062
2025-09-10 18:15:00+00:00,175.4199981689453,175.4499969482422,175.22999572753906,175.25,49012
2025-09-10 18:20:00+00:00,175.5500030517578,175.60000610351562,175.36000061035156,175.42999267578125,61287
2025-09-10 18:25:00+00:00,175.61000061035156,175.63999938964844,175.52000427246094,175.5399932861328,47073
2025-09-10 18:30:00+00:00,175.69000244140625,175.72000122070312,175.55999755859375,175.60000610351562,34853
2025-09-10 18:35:00+00:00,175.6649932861328,175.83299255371094,175.6649932861328,175.69000244140625,52092
2025-09-10 18:40:00+00:00,175.6934051513672,175.7050018310547,175.58999633789062,175.6699981689453,21954
2025-09-10 18:45:00+00:00,175.63999938964844,175.69500732421875,175.6300048828125,175.69500732421875,19636
2025-09-10 18:50:00+00:00,175.6199951171875,175.6999969482422,175.58999633789062,175.6699981689453,38752
2025-09-10 18:55:00+00:00,175.55999755859375,175.6999969482422,175.55999755859375,175.61500549316406,45678
2025-09-10 19:00:00+00:00,175.6699981689453,175.69000244140625,175.5399932861328,175.5399932861328,31169
2025-09-10 19:05:00+00:00,175.5800018310547,175.67999267578125,175.56869506835938,175.66000366210938,47949
2025-09-10 19:10:00+00:00,175.5500030517578,175.66000366210938,175.5399932861328,175.57000732421875,56351
2025-09-10 19:15:00+00:00,175.4149932861328,175.58999633789062,175.41310119628906,175.5500030517578,48649
2025-09-10 19:20:00+00:00,175.4499053955078,175.4770050048828,175.33999633789062,175.42999267578125,93664
2025-09-10 19:25:00+00:00,175.4720001220703,175.5,175.3800048828125,175.44000244140625,87956
2025-09-10 19:30:00+00:00,175.63999938964844,175.65499877929688,175.41000366210938,175.47999572753906,119842
2025-09-10 19:35:00+00:00,175.61000061035156,175.66700744628906,175.52999877929688,175.6300048828125,139194
2025-09-10 19:40:00+00:00,175.57000732421875,175.67999267578125,175.55999755859375,175.61000061035156,109632
2025-09-10 19:45:00+00:00,175.5800018310547,175.64999389648438,175.43919372558594,175.57000732421875,135617
2025-09-10 19:50:00+00:00,175.69000244140625,175.7100067138672,175.52999877929688,175.5399932861328,129061
2025-09-10 19:55:00+00:00,175.74000549316406,175.8800048828125,175.64999389648438,175.6999969482422,425736
2025-09-11 13:30:00+00:00,176.1750030517578,176.35000610351562,175.625,175.75,145298
2025-09-11 13:35:00+00:00,176.4600067138672,176.52000427246094,176.10009765625,176.20249938964844,50036
2025-09-11 13:40:00+00:00,176.3000030517578,176.5800018310547,176.17999267578125,176.406005859375,40038
2025-09-11 13:45:00+00:00,176.4199981689453,176.47000122070312,176.25,176.4250030517578,27651
2025-09-11 13:50:00+00:00,176.41000366210938,176.49400329589844,176.14999389648438,176.4149932861328,29361
2025-09-11 13:55:00+00:00,177.0500030517578,177.0800018310547,176.3800048828125,176.39999389648438,64492
2025-09-11 14:00:00+00:00,177.28500366210938,177.36000061035156,176.97999572753906,177.0,106063
2025-09-11 14:05:00+00:00,177.16009521484375,177.35000610351562,177.02999877929688,177.32000732421875,51145
2025-09-11 14:10:00+00:00,177.27000427246094,177.4600067138672,177.1750030517578,177.1750030517578,98836
2025-09-11 14:15:00+00:00,177.13999938964844,177.33999633789062,177.10499572753906,177.27000427246094,82627
2025-09-11 14:20:00+00:00,177.16000366210938,177.31500244140625,177.11500549316406,177.1199951171875,38709
2025-09-11 14:25:00+00:00,177.24000549316406,177.3428955078125,177.11000061035156,177.1468048095703,34939
2025-09-11 14:30:00+00:00,177.38499450683594,177.41000366210938,177.13999938964844,177.24000549316406,44602
2025-09-11 14:35:00+00:00,177.55499267578125,177.6699981689453,177.39500427246094,177.39999389648438,84942
2025-09-11 14:40:00+00:00,177.36000061035156,177.55999755859375,177.36000061035156,177.55999755859375,49822
2025-09-11 14:45:00+00:00,177.25999450683594,177.35000610351562,177.19500732421875,177.33999633789062,36052
2025-09-11 14:50:00+00:00,177.52999877929688,177.5449981689453,177.20050048828125,177.27999877929688,72001
2025-09-11 14:55:00+00:00,177.4149932861328,177.60299682617188,177.38499450683594,177.52000427246094,33670
2025-09-11 15:00:00+00:00,177.60000610351562,177.61000061035156,177.35000610351562,177.4199981689453,42299
2025-09-11 15:05:00+00:00,177.52000427246094,177.60000610351562,177.3800048828125,177.5800018310547,54730
2025-09-11 15:10:00+00:00,177.64999389648438,177.6717071533203,177.42999267578125,177.51499938964844,33413
2025-09-11 15:15:00+00:00,177.57000732421875,177.77999877929688,177.55499267578125,177.6699981689453,79716
2025-09-11 15:20:00+00:00,177.55499267578125,177.6199951171875,177.3800048828125,177.58999633789062,58814
2025-09-11 15:25:00+00:00,177.51499938964844,177.61000061035156,177.39999389648438,177.52999877929688,64461
2025-09-11 15:30:00+00:00,177.61000061035156,177.61000061035156,177.4499969482422,177.53250122070312,34390
2025-09-11 15:35:00+00:00,177.3249969482422,177.60000610351562,177.3000030517578,177.60000610351562,37260
2025-09-11 15:40:00+00:00,177.2899932861328,177.4199981689453,177.27999877929688,177.32000732421875,30792
2025-09-11 15:45:00+00:00,177.35000610351562,177.39990234375,177.3000030517578,177.30999755859375,21701
2025-09-11 15:50:00+00:00,177.5500030517578,177.5800018310547,177.34500122070312,177.34500122070312,27589
2025-09-11 15:55:00+00:00,177.66000366210938,177.66000366210938,177.39999389648438,177.52999877929688,55902
2025-09-11 16:00:00+00:00,177.5800018310547,177.6699981689453,177.47999572753906,177.64999389648438,59062
2025-09-11 16:05:00+00:00,177.63499450683594,177.75999450683594,177.57000732421875,177.5800018310547,39588
2025-09-11 16:10:00+00:00,177.75,177.8000030517578,177.63499450683594,177.63499450683594,19969
2025-09-11 16:15:00+00:00,177.72999572753906,177.8000030517578,177.66000366210938,177.77000427246094,30406
2025-09-11 16:20:00+00:00,177.72999572753906,177.77999877929688,177.65960693359375,177.72500610351562,30944
2025-09-11 16:25:00+00:00,177.77999877929688,177.7899932861328,177.64999389648438,177.72999572753906,23611
2025-09-11 16:30:00+00:00,177.67999267578125,177.77499389648438,177.60000610351562,177.77000427246094,25391
2025-09-11 16:35:00+00:00,177.8699951171875,177.89999389648438,177.59100341796875,177.67999267578125,29778
2025-09-11 16:40:00+00:00,177.63999938964844,177.88999938964844,177.6199951171875,177.8699951171875,22311
2025-09-11 16:45:00+00:00,177.5800018310547,177.67999267578125,177.5576934814453,177.6300048828125,24523
2025-09-11 16:50:00+00:00,177.6199951171875,177.63009643554688,177.55499267578125,177.5850067138672,20590
2025-09-11 16:55:00+00:00,177.60499572753906,177.62899780273438,177.50999450683594,177.6175994873047,23718
2025-09-11 17:00:00+00:00,177.44000244140625,177.58999633789062,177.42999267578125,177.58999633789062,32019
2025-09-11 17:05:00+00:00,177.38999938964844,177.5500030517578,177.3708953857422,177.44000244140625,49221
2025-09-11 17:10:00+00:00,177.27999877929688,177.47000122070312,177.27999877929688,177.38999938964844,33127
2025-09-11 17:15:00+00:00,177.2550048828125,177.33999633789062,177.2550048828125,177.3000030517578,24639
2025-09-11 17:20:00+00:00,177.4199981689453,177.47000122070312,177.22999572753906,177.2550048828125,33777
2025-09-11 17:25:00+00:00,177.4149932861328,177.4615020751953,177.3155059814453,177.43499755859375,25075
2025-09-11 17:30:00+00:00,177.44500732421875,177.47000122070312,177.3699951171875,177.42999267578125,36990
2025-09-11 17:35:00+00:00,177.41000366210938,177.47000122070312,177.3524932861328,177.44500732421875,56617
2025-09-11 17:40:00+00:00,177.48500061035156,177.5198974609375,177.4199981689453,177.4199981689453,34553
2025-09-11 17:45:00+00:00,177.5800018310547,177.61500549316406,177.49000549316406,177.5,38439
2025-09-11 17:50:00+00:00,177.625,177.65499877929688,177.57000732421875,177.57000732421875,35062
2025-09-11 17:55:00+00:00,177.69000244140625,177.71119689941406,177.61000061035156,177.625,32006
2025-09-11 18:00:00+00:00,177.8350067138672,177.86000061035156,177.7100067138672,177.7100067138672,92438
2025-09-11 18:05:00+00:00,177.8800048828125,177.9499969482422,177.83299255371094,177.83299255371094,37673
2025-09-11 18:10:00+00:00,177.86000061035156,177.97500610351562,177.85499572753906,177.89669799804688,37375
2025-09-11 18:15:00+00:00,177.8300018310547,177.91000366210938,177.74749755859375,177.8699951171875,42525
2025-09-11 18:20:00+00:00,177.8699951171875,177.87600708007812,177.81500244140625,177.83999633789062,24960
2025-09-11 18:25:00+00:00,177.97999572753906,178.02000427246094,177.8800048828125,177.88499450683594,58888
2025-09-11 18:30:00+00:00,177.9149932861328,178.0500030517578,177.91000366210938,177.97500610351562,32870
2025-09-11 18:35:00+00:00,178.08999633789062,178.10000610351562,177.9199981689453,177.9199981689453,40712
2025-09-11 18:40:00+00:00,178.14999389648438,178.16000366210938,177.97999572753906,178.0800018310547,37509
2025-09-11 18:45:00+00:00,178.24000549316406,178.25999450683594,178.14999389648438,178.1699981689453,53502
2025-09-11 18:50:00+00:00,178.25,178.2899932861328,178.17999267578125,178.24000549316406,50256
2025-09-11 18:55:00+00:00,178.2100067138672,178.24000549316406,178.13999938964844,178.23500061035156,42450
2025-09-11 19:00:00+00:00,178.23500061035156,178.27999877929688,178.14999389648438,178.22000122070312,61077
2025-09-11 19:05:00+00:00,178.22000122070312,178.23500061035156,178.07000732421875,178.23500061035156,46325
2025-09-11 19:10:00+00:00,178.1999969482422,178.2895965576172,178.19000244140625,178.22000122070312,39449
2025-09-11 19:15:00+00:00,178.1300048828125,178.22000122070312,178.08999633789062,178.20989990234375,61673
2025-09-11 19:20:00+00:00,178.1300048828125,178.22999572753906,178.1199951171875,178.1199951171875,45524
2025-09-11 19:25:00+00:00,178.11000061035156,178.2050018310547,178.05999755859375,178.1300048828125,65004
2025-09-11 19:30:00+00:00,178.4958038330078,178.5,178.1199951171875,178.1300048828125,125504
2025-09-11 19:35:00+00:00,178.52999877929688,178.60000610351562,178.4499969482422,178.49000549316406,86792
2025-09-11 19:40:00+00:00,178.44000244140625,178.5399932861328,178.41000366210938,178.52999877929688,78070
2025-09-11 19:45:00+00:00,178.4600067138672,178.52000427246094,178.38999938964844,178.42999267578125,121464
2025-09-11 19:50:00+00:00,178.50999450683594,178.84500122070312,178.36000061035156,178.47000122070312,248350
2025-09-11 19:55:00+00:00,178.5,178.5399932861328,178.32000732421875,178.50999450683594,491000
2025-09-12 13:30:00+00:00,177.75,177.75,176.72000122070312,177.7050018310547,176351
2025-09-12 13:35:00+00:00,177.76499938964844,177.9499969482422,177.60000610351562,177.72999572753906,51049
2025-09-12 13:40:00+00:00,177.7050018310547,177.82000732421875,177.56539916992188,177.77000427246094,37399
2025-09-12 13:45:00+00:00,177.66000366210938,177.7050018310547,177.3350067138672,177.7050018310547,57034
2025-09-12 13:50:00+00:00,178.09869384765625,178.22999572753906,177.58999633789062,177.68499755859375,35909
2025-09-12 13:55:00+00:00,178.2100067138672,178.2449951171875,178.10000610351562,178.17999267578125,28156
2025-09-12 14:00:00+00:00,178.42999267578125,178.49000549316406,178.1199951171875,178.13999938964844,42912
2025-09-12 14:05:00+00:00,178.75999450683594,178.8000030517578,178.3300018310547,178.47000122070312,172063
2025-09-12 14:10:00+00:00,178.61000061035156,178.77999877929688,178.58999633789062,178.6999969482422,39297
2025-09-12 14:15:00+00:00,178.5,178.6999969482422,178.5,178.5800018310547,33871
2025-09-12 14:20:00+00:00,178.64500427246094,178.7313995361328,178.52999877929688,178.52999877929688,38008
2025-09-12 14:25:00+00:00,178.55599975585938,178.6699981689453,178.5323028564453,178.64500427246094,35602
2025-09-12 14:30:00+00:00,178.75,178.75,178.55999755859375,178.58999633789062,47135
2025-09-12 14:35:00+00:00,178.43499755859375,178.77000427246094,178.39500427246094,178.75999450683594,32063
2025-09-12 14:40:00+00:00,178.2899932861328,178.44000244140625,178.2899932861328,178.38999938964844,28285
2025-09-12 14:45:00+00:00,178.5749969482422,178.5749969482422,178.26699829101562,178.2899932861328,22571
2025-09-12 14:50:00+00:00,178.42999267578125,178.59500122070312,178.42999267578125,178.59500122070312,26849
2025-09-12 14:55:00+00:00,178.4149932861328,178.5399932861328,178.38999938964844,178.4199981689453,30217
2025-09-12 15:00:00+00:00,178.4499969482422,178.49000549316406,178.33799743652344,178.44000244140625,22358
2025-09-12 15:05:00+00:00,178.25999450683594,178.47300720214844,178.25999450683594,178.46499633789062,26328
2025-09-12 15:10:00+00:00,178.3000030517578,178.32000732421875,178.1699981689453,178.26499938964844,23226
2025-09-12 15:15:00+00:00,178.19000244140625,178.29100036621094,178.13999938964844,178.29100036621094,25309
2025-09-12 15:20:00+00:00,178.0,178.22000122070312,178.0,178.17999267578125,32244
2025-09-12 15:25:00+00:00,177.8699951171875,178.0399932861328,177.84500122070312,178.0,41187
2025-09-12 15:30:00+00:00,178.0,178.05999755859375,177.75999450683594,177.8699951171875,55975
2025-09-12 15:35:00+00:00,177.72999572753906,178.02000427246094,177.44000244140625,177.99000549316406,147872
2025-09-12 15:40:00+00:00,177.89999389648438,178.0,177.60000610351562,177.72500610351562,28689
2025-09-12 15:45:00+00:00,177.89169311523438,177.99000549316406,177.8300018310547,177.91000366210938,29837
2025-09-12 15:50:00+00:00,177.8249969482422,177.9499969482422,177.8000030517578,177.8800048828125,31049
2025-09-12 15:55:00+00:00,177.8699951171875,177.88999938964844,177.7563934326172,177.83999633789062,34650
2025-09-12 16:00:00+00:00,177.97000122070312,178.00999450683594,177.82000732421875,177.89999389648438,49007
2025-09-12 16:05:00+00:00,177.77000427246094,177.94000244140625,177.72500610351562,177.94000244140625,30315
2025-09-12 16:10:00+00:00,177.64280700683594,177.8000030517578,177.64280700683594,177.75,24469
2025-09-12 16:15:00+00:00,177.90499877929688,177.9499969482422,177.610107421875,177.6699981689453,37332
2025-09-12 16:20:00+00:00,177.8800048828125,177.9949951171875,177.875,177.9199981689453,16570
2025-09-12 16:25:00+00:00,177.92999267578125,177.95989990234375,177.8800048828125,177.88999938964844,13981
2025-09-12 16:30:00+00:00,177.80499267578125,177.97000122070312,177.80499267578125,177.9499969482422,25606
2025-09-12 16:35:00+00:00,177.8249969482422,177.83999633789062,177.77999877929688,177.8249969482422,14573
2025-09-12 16:40:00+00:00,177.97000122070312,177.97000122070312,177.75,177.83999633789062,13589
2025-09-12 16:45:00+00:00,177.97500610351562,178.10000610351562,177.97000122070312,177.97000122070312,29159
2025-09-12 16:50:00+00:00,177.9199981689453,178.0,177.8800048828125,177.9897003173828,12925
2025-09-12 16:55:00+00:00,177.9550018310547,178.00999450683594,177.9199981689453,177.9199981689453,14340
2025-09-12 17:00:00+00:00,177.97979736328125,177.99440002441406,177.91000366210938,177.9600067138672,18596
2025-09-12 17:05:00+00:00,178.05499267578125,178.07000732421875,177.9600067138672,177.97500610351562,28581
2025-09-12 17:10:00+00:00,178.1699981689453,178.2100067138672,178.02499389648438,178.04100036621094,35155
2025-09-12 17:15:00+00:00,178.1999969482422,178.2100067138672,178.13999938964844,178.14999389648438,16320
2025-09-12 17:20:00+00:00,178.1300048828125,178.22000122070312,178.1199951171875,178.2100067138672,14433
2025-09-12 17:25:00+00:00,178.1999969482422,178.2050018310547,178.1300048828125,178.13999938964844,13951
2025-09-12 17:30:00+00:00,178.17909240722656,178.2100067138672,178.0863037109375,178.2100067138672,19394
2025-09-12 17:35:00+00:00,178.22999572753906,178.25999450683594,178.11000061035156,178.1649932861328,24781
2025-09-12 17:40:00+00:00,178.02000427246094,178.22349548339844,178.0,178.21499633789062,31569
2025-09-12 17:45:00+00:00,177.98500061035156,178.08999633789062,177.97999572753906,178.00999450683594,72810
2025-09-12 17:50:00+00:00,178.19000244140625,178.19000244140625,177.97999572753906,177.97999572753906,23363
2025-09-12 17:55:00+00:00,178.2050018310547,178.24000549316406,178.19000244140625,178.1999969482422,25187
2025-09-12 18:00:00+00:00,178.34500122070312,178.35000610351562,178.2100067138672,178.22000122070312,48289
2025-09-12 18:05:00+00:00,178.3249969482422,178.4199981689453,178.23500061035156,178.35000610351562,58656
2025-09-12 18:10:00+00:00,178.3000030517578,178.35000610351562,178.25999450683594,178.33999633789062,23891
2025-09-12 18:15:00+00:00,178.36000061035156,178.38999938964844,178.27000427246094,178.30999755859375,25883
2025-09-12 18:20:00+00:00,178.39999389648438,178.39999389648438,178.3249969482422,178.3699951171875,30969
2025-09-12 18:25:00+00:00,178.44000244140625,178.4600067138672,178.38999938964844,178.38999938964844,27344
2025-09-12 18:30:00+00:00,178.5,178.52499389648438,178.4499969482422,178.4499969482422,43531
2025-09-12 18:35:00+00:00,178.39999389648438,178.5,178.39999389648438,178.5,29570
2025-09-12 18:40:00+00:00,178.4600067138672,178.46499633789062,178.41000366210938,178.41000366210938,23338
2025-09-12 18:45:00+00:00,178.4949951171875,178.5,178.42999267578125,178.4600067138672,37522
2025-09-12 18:50:00+00:00,178.4499969482422,178.5,178.39999389648438,178.4949951171875,28782
2025-09-12 18:55:00+00:00,178.41000366210938,178.47000122070312,178.3800048828125,178.4499969482422,25450
2025-09-12 19:00:00+00:00,178.4949951171875,178.5,178.3699951171875,178.4199981689453,29566
2025-09-12 19:05:00+00:00,178.43499755859375,178.47999572753906,178.40499877929688,178.47999572753906,33639
2025-09-12 19:10:00+00:00,178.42999267578125,178.4550018310547,178.3029022216797,178.42999267578125,38856
2025-09-12 19:15:00+00:00,178.38999938964844,178.4600067138672,178.33999633789062,178.42999267578125,50132
2025-09-12 19:20:00+00:00,178.3350067138672,178.38999938964844,178.25999450683594,178.38999938964844,37337
2025-09-12 19:25:00+00:00,178.38900756835938,178.38900756835938,178.30999755859375,178.3300018310547,37142
2025-09-12 19:30:00+00:00,178.24000549316406,178.38999938964844,178.24000549316406,178.38499450683594,59722
2025-09-12 19:35:00+00:00,178.14190673828125,178.3000030517578,178.10000610351562,178.25,47710
2025-09-12 19:40:00+00:00,178.30999755859375,178.30999755859375,178.05999755859375,178.1490020751953,101626
2025-09-12 19:45:00+00:00,178.27499389648438,178.3800048828125,178.17999267578125,178.32000732421875,93044
2025-09-12 19:50:00+00:00,178.25,178.39500427246094,178.2100067138672,178.27000427246094,121824
2025-09-12 19:55:00+00:00,178.0800018310547,178.24000549316406,177.9499969482422,178.24000549316406,403317
2025-09-15 13:30:00+00:00,178.1199951171875,178.4199981689453,177.74000549316406,177.75999450683594,149826
2025-09-15 13:35:00+00:00,178.3000030517578,178.3300018310547,177.97999572753906,178.0800018310547,82619
2025-09-15 13:40:00+00:00,178.5399932861328,178.54800415039062,177.8800048828125,178.3300018310547,69931
2025-09-15 13:45:00+00:00,178.6699981689453,178.72000122070312,178.5399932861328,178.57000732421875,78819
2025-09-15 13:50:00+00:00,178.85000610351562,178.85499572753906,178.3300018310547,178.66000366210938,73538
2025-09-15 13:55:00+00:00,178.52999877929688,178.99000549316406,178.52999877929688,178.8800048828125,63107
2025-09-15 14:00:00+00:00,178.16000366210938,178.63999938964844,178.14999389648438,178.5500030517578,121484
2025-09-15 14:05:00+00:00,177.9499969482422,178.22500610351562,177.86000061035156,178.14999389648438,34369
2025-09-15 14:10:00+00:00,177.82000732421875,178.09188842773438,177.80999755859375,177.94000244140625,32935
2025-09-15 14:15:00+00:00,177.8300018310547,177.8300018310547,177.57000732421875,177.8000030517578,61255
2025-09-15 14:20:00+00:00,177.91000366210938,177.97000122070312,177.85000610351562,177.9250030517578,35049
2025-09-15 14:25:00+00:00,177.69000244140625,177.9199981689453,177.64999389648438,177.91000366210938,45934
2025-09-15 14:30:00+00:00,177.6999969482422,177.77999877929688,177.60000610351562,177.71499633789062,34622
2025-09-15 14:35:00+00:00,177.72000122070312,177.83999633789062,177.64999389648438,177.7050018310547,44956
2025-09-15 14:40:00+00:00,177.8000030517578,177.82989501953125,177.66000366210938,177.71499633789062,25626
2025-09-15 14:45:00+00:00,177.83999633789062,177.91900634765625,177.7801055908203,177.8000030517578,30542
2025-09-15 14:50:00+00:00,177.86000061035156,177.89999389648438,177.8000030517578,177.84500122070312,20187
2025-09-15 14:55:00+00:00,177.66000366210938,177.8699951171875,177.62249755859375,177.86500549316406,46168
2025-09-15 15:00:00+00:00,177.30099487304688,177.69000244140625,177.27999877929688,177.6699981689453,66274
2025-09-15 15:05:00+00:00,177.13999938964844,177.3000030517578,176.92999267578125,177.3000030517578,72862
2025-09-15 15:10:00+00:00,177.14999389648438,177.22999572753906,177.07000732421875,177.1300048828125,63746
2025-09-15 15:15:00+00:00,177.61000061035156,177.61000061035156,177.1199951171875,177.1300048828125,70057
2025-09-15 15:20:00+00:00,177.5500030517578,177.75999450683594,177.49000549316406,177.61000061035156,64293
2025-09-15 15:25:00+00:00,177.33999633789062,177.5399932861328,177.3300018310547,177.5399932861328,36905
2025-09-15 15:30:00+00:00,177.5449981689453,177.55999755859375,177.3300018310547,177.3300018310547,46428
2025-09-15 15:35:00+00:00,177.41000366210938,177.60000610351562,177.36000061035156,177.5800018310547,37969
2025-09-15 15:40:00+00:00,177.1199951171875,177.4199981689453,177.1199951171875,177.39500427246094,33268
2025-09-15 15:45:00+00:00,177.2100067138672,177.24000549316406,177.02000427246094,177.11000061035156,80631
2025-09-15 15:50:00+00:00,177.33999633789062,177.39999389648438,177.21499633789062,177.22000122070312,41661
2025-09-15 15:55:00+00:00,177.44000244140625,177.4600067138672,177.35870361328125,177.3800048828125,27582
2025-09-15 16:00:00+00:00,177.25439453125,177.4499969482422,177.25,177.44000244140625,35423
2025-09-15 16:05:00+00:00,177.1649932861328,177.2899932861328,177.07000732421875,177.25439453125,29782
2025-09-15 16:10:00+00:00,177.16600036621094,177.2100067138672,177.0800018310547,177.14999389648438,30040
2025-09-15 16:15:00+00:00,177.35000610351562,177.38999938964844,177.1699981689453,177.1699981689453,24540
2025-09-15 16:20:00+00:00,177.22000122070312,177.36000061035156,177.19500732421875,177.35499572753906,20135
2025-09-15 16:25:00+00:00,177.375,177.42999267578125,177.2200927734375,177.2200927734375,28482
2025-09-15 16:30:00+00:00,177.3300018310547,177.410400390625,177.32000732421875,177.38999938964844,33397
2025-09-15 16:35:00+00:00,177.39999389648438,177.46499633789062,177.30999755859375,177.33999633789062,22228
2025-09-15 16:40:00+00:00,177.43499755859375,177.55999755859375,177.42999267578125,177.42999267578125,37891
2025-09-15 16:45:00+00:00,177.5113067626953,177.52999877929688,177.4199981689453,177.42999267578125,25449
2025-09-15 16:50:00+00:00,177.5500030517578,177.59019470214844,177.5,177.5240020751953,35074
2025-09-15 16:55:00+00:00,177.33999633789062,177.52999877929688,177.32000732421875,177.52999877929688,34371
2025-09-15 17:00:00+00:00,177.3800048828125,177.3800048828125,177.3000030517578,177.33999633789062,21427
2025-09-15 17:05:00+00:00,177.32000732421875,177.36000061035156,177.30999755859375,177.36000061035156,19007
2025-09-15 17:10:00+00:00,177.27499389648438,177.36000061035156,177.1999969482422,177.30999755859375,30592
2025-09-15 17:15:00+00:00,177.25,177.3249969482422,177.25,177.2899932861328,23121
2025-09-15 17:20:00+00:00,177.1199951171875,177.24000549316406,177.00999450683594,177.24000549316406,39573
2025-09-15 17:25:00+00:00,177.1699981689453,177.19000244140625,177.1199951171875,177.1300048828125,16334
2025-09-15 17:30:00+00:00,177.2100067138672,177.2100067138672,177.0800018310547,177.1750030517578,28215
2025-09-15 17:35:00+00:00,177.2449951171875,177.25979614257812,177.17999267578125,177.1999969482422,19139
2025-09-15 17:40:00+00:00,177.3699951171875,177.3699951171875,177.22999572753906,177.22999572753906,28090
2025-09-15 17:45:00+00:00,177.22999572753906,177.36000061035156,177.22500610351562,177.36000061035156,27868
2025-09-15 17:50:00+00:00,177.29010009765625,177.3000030517578,177.1649932861328,177.22999572753906,25479
2025-09-15 17:55:00+00:00,177.34500122070312,177.41000366210938,177.2949981689453,177.2949981689453,25087
2025-09-15 18:00:00+00:00,177.3800048828125,177.3800048828125,177.32000732421875,177.36000061035156,21071
2025-09-15 18:05:00+00:00,177.4989013671875,177.5050048828125,177.3300018310547,177.3699951171875,33324
2025-09-15 18:10:00+00:00,177.46499633789062,177.52999877929688,177.42999267578125,177.49989318847656,37652
2025-09-15 18:15:00+00:00,177.3699951171875,177.46499633789062,177.30999755859375,177.46499633789062,40518
2025-09-15 18:20:00+00:00,177.44000244140625,177.4600067138672,177.36000061035156,177.3675994873047,31654
2025-09-15 18:25:00+00:00,177.4499969482422,177.49000549316406,177.3800048828125,177.44000244140625,27910
2025-09-15 18:30:00+00:00,177.2100067138672,177.44500732421875,177.11000061035156,177.44500732421875,68889
2025-09-15 18:35:00+00:00,177.25999450683594,177.27000427246094,177.15750122070312,177.21499633789062,31369
2025-09-15 18:40:00+00:00,177.33999633789062,177.3717041015625,177.25999450683594,177.2698974609375,32098
2025-09-15 18:45:00+00:00,177.35499572753906,177.47999572753906,177.25999450683594,177.3300018310547,64051
2025-09-15 18:50:00+00:00,177.3000030517578,177.55999755859375,177.27999877929688,177.36000061035156,41623
2025-09-15 18:55:00+00:00,177.22000122070312,177.2949981689453,177.14999389648438,177.27999877929688,33737
2025-09-15 19:00:00+00:00,177.1300048828125,177.21499633789062,177.10000610351562,177.21499633789062,34061
2025-09-15 19:05:00+00:00,177.1199951171875,177.1999969482422,177.08999633789062,177.1461944580078,29864
2025-09-15 19:10:00+00:00,177.23179626464844,177.25999450683594,177.05999755859375,177.1199951171875,45157
2025-09-15 19:15:00+00:00,177.42538452148438,177.42538452148438,177.2050018310547,177.21029663085938,40725
2025-09-15 19:20:00+00:00,177.52000427246094,177.5800018310547,177.39999389648438,177.4199981689453,42235
2025-09-15 19:25:00+00:00,177.69000244140625,177.7050018310547,177.4550018310547,177.5449981689453,92658
2025-09-15 19:30:00+00:00,177.74000549316406,177.75970458984375,177.67999267578125,177.68499755859375,59983
2025-09-15 19:35:00+00:00,177.47000122070312,177.76499938964844,177.4149932861328,177.73500061035156,85854
2025-09-15 19:40:00+00:00,177.6300048828125,177.64999389648438,177.49000549316406,177.49000549316406,53513
2025-09-15 19:45:00+00:00,177.55999755859375,177.6199951171875,177.47999572753906,177.6199951171875,57353
2025-09-15 19:50:00+00:00,177.4199981689453,177.69000244140625,177.34500122070312,177.5500030517578,102558
2025-09-15 19:55:00+00:00,177.4499969482422,177.5500030517578,177.25,177.41000366210938,412803
2025-09-16 13:30:00+00:00,177.07139587402344,177.61500549316406,176.8000030517578,177.57000732421875,177094
2025-09-16 13:35:00+00:00,176.80499267578125,177.125,176.69000244140625,177.07000732421875,59506
2025-09-16 13:40:00+00:00,176.24000549316406,176.80499267578125,175.97000122070312,176.80499267578125,71548
2025-09-16 13:45:00+00:00,175.85000610351562,176.25,175.64999389648438,176.2449951171875,75353
2025-09-16 13:50:00+00:00,176.41000366210938,176.4199981689453,175.75,175.85499572753906,78814
2025-09-16 13:55:00+00:00,176.69000244140625,176.72999572753906,176.24000549316406,176.4149932861328,45392
2025-09-16 14:00:00+00:00,176.49000549316406,176.77000427246094,176.3300018310547,176.69000244140625,61113
2025-09-16 14:05:00+00:00,176.50999450683594,176.7100067138672,176.4700927734375,176.49000549316406,51232
2025-09-16 14:10:00+00:00,176.63999938964844,176.77999877929688,176.46499633789062,176.50999450683594,87781
2025-09-16 14:15:00+00:00,176.74000549316406,176.8699951171875,176.58999633789062,176.6649932861328,48090
2025-09-16 14:20:00+00:00,176.9199981689453,176.9499969482422,176.69000244140625,176.69000244140625,32935
2025-09-16 14:25:00+00:00,176.88499450683594,176.92999267578125,176.75,176.9199981689453,33446
2025-09-16 14:30:00+00:00,176.72000122070312,176.9499969482422,176.55999755859375,176.88499450683594,38317
2025-09-16 14:35:00+00:00,177.10000610351562,177.1699981689453,176.6999969482422,176.6999969482422,50748
2025-09-16 14:40:00+00:00,177.07000732421875,177.1416015625,176.98500061035156,177.0800018310547,35388
2025-09-16 14:45:00+00:00,177.13499450683594,177.28500366210938,177.0850067138672,177.08999633789062,55758
2025-09-16 14:50:00+00:00,176.99000549316406,177.1300048828125,176.91000366210938,177.1300048828125,53554
2025-09-16 14:55:00+00:00,176.97999572753906,177.15499877929688,176.94500732421875,176.96499633789062,44328
2025-09-16 15:00:00+00:00,177.17999267578125,177.19000244140625,176.89500427246094,177.00999450683594,40310
2025-09-16 15:05:00+00:00,177.08999633789062,177.17999267578125,176.89500427246094,177.17999267578125,40187
2025-09-16 15:10:00+00:00,176.92999267578125,177.08999633789062,176.8800048828125,177.0800018310547,66794
2025-09-16 15:15:00+00:00,176.83050537109375,176.9600067138672,176.6699981689453,176.9425048828125,44570
2025-09-16 15:20:00+00:00,176.97500610351562,177.0330047607422,176.83999633789062,176.85499572753906,35427
2025-09-16 15:25:00+00:00,176.8300018310547,177.02000427246094,176.82000732421875,176.97500610351562,28240
2025-09-16 15:30:00+00:00,176.72999572753906,176.8249969482422,176.69000244140625,176.7899932861328,40459
2025-09-16 15:35:00+00:00,176.74000549316406,176.77999877929688,176.6199951171875,176.72999572753906,30022
2025-09-16 15:40:00+00:00,176.9499969482422,177.00320434570312,176.72999572753906,176.72999572753906,38228
2025-09-16 15:45:00+00:00,177.06500244140625,177.17999267578125,176.9499969482422,176.9499969482422,35659
2025-09-16 15:50:00+00:00,177.0388946533203,177.07460021972656,176.89999389648438,177.0500030517578,53034
2025-09-16 15:55:00+00:00,177.0800018310547,177.1197052001953,176.9499969482422,177.02999877929688,76398
2025-09-16 16:00:00+00:00,177.1999969482422,177.2899932861328,177.02000427246094,177.10000610351562,282362
2025-09-16 16:05:00+00:00,176.97500610351562,177.17999267578125,176.9600067138672,177.17999267578125,51291
2025-09-16 16:10:00+00:00,177.01499938964844,177.0198974609375,176.86000061035156,176.97500610351562,69669
2025-09-16 16:15:00+00:00,177.15499877929688,177.17999267578125,176.9199981689453,177.02000427246094,54140
2025-09-16 16:20:00+00:00,176.9499969482422,177.16000366210938,176.9499969482422,177.13999938964844,42519
2025-09-16 16:25:00+00:00,176.9803924560547,177.11000061035156,176.89999389648438,176.94500732421875,64324
2025-09-16 16:30:00+00:00,177.027099609375,177.19000244140625,176.98500061035156,176.99000549316406,84862
2025-09-16 16:35:00+00:00,177.00999450683594,177.25,177.00999450683594,177.0500030517578,109720
2025-09-16 16:40:00+00:00,177.0500030517578,177.27000427246094,176.99000549316406,177.02000427246094,205167
2025-09-16 16:45:00+00:00,176.98989868164062,177.10009765625,176.93350219726562,177.05099487304688,141112
2025-09-16 16:50:00+00:00,176.8800048828125,177.02000427246094,176.8699951171875,176.97999572753906,54280
2025-09-16 16:55:00+00:00,176.89999389648438,176.89999389648438,176.72000122070312,176.88499450683594,63097
2025-09-16 17:00:00+00:00,176.97999572753906,177.0,176.8699951171875,176.91000366210938,35809
2025-09-16 17:05:00+00:00,176.97999572753906,177.1699981689453,176.9600067138672,176.97999572753906,44405
2025-09-16 17:10:00+00:00,176.90499877929688,176.9600067138672,176.85000610351562,176.9600067138672,26008
2025-09-16 17:15:00+00:00,176.91000366210938,176.9199981689453,176.8300018310547,176.91000366210938,38615
2025-09-16 17:20:00+00:00,176.9149932861328,176.94000244140625,176.86000061035156,176.88999938964844,26398
2025-09-16 17:25:00+00:00,176.61000061035156,176.9149932861328,176.61000061035156,176.9149932861328,49173
2025-09-16 17:30:00+00:00,176.6699981689453,176.77999877929688,176.50999450683594,176.60000610351562,55062
2025-09-16 17:35:00+00:00,176.63999938964844,176.69500732421875,176.55999755859375,176.6699981689453,32132
2025-09-16 17:40:00+00:00,176.47500610351562,176.66000366210938,176.4600067138672,176.65499877929688,26063
2025-09-16 17:45:00+00:00,176.36900329589844,176.50999450683594,176.35000610351562,176.50999450683594,33970
2025-09-16 17:50:00+00:00,176.48300170898438,176.5449981689453,176.36000061035156,176.3800048828125,33800
2025-09-16 17:55:00+00:00,176.4499969482422,176.5399932861328,176.44000244140625,176.47999572753906,28288
2025-09-16 18:00:00+00:00,176.5,176.52000427246094,176.360107421875,176.47000122070312,45641
2025-09-16 18:05:00+00:00,176.34500122070312,176.47999572753906,176.25,176.47999572753906,51186
2025-09-16 18:10:00+00:00,176.36000061035156,176.47000122070312,176.3300018310547,176.3300018310547,31557
2025-09-16 18:15:00+00:00,176.22500610351562,176.38999938964844,176.22000122070312,176.36000061035156,31796
2025-09-16 18:20:00+00:00,176.1699981689453,176.2100067138672,176.1300048828125,176.2100067138672,28426
2025-09-16 18:25:00+00:00,176.2949981689453,176.3000030517578,176.1199951171875,176.1699981689453,44074
2025-09-16 18:30:00+00:00,176.25999450683594,176.39999389648438,176.25999450683594,176.3000030517578,46024
2025-09-16 18:35:00+00:00,176.27499389648438,176.30999755859375,176.2100067138672,176.25999450683594,55888
2025-09-16 18:40:00+00:00,176.1750030517578,176.30999755859375,176.13999938964844,176.3000030517578,46931
2025-09-16 18:45:00+00:00,176.40989685058594,176.4199981689453,176.10000610351562,176.1750030517578,46122
2025-09-16 18:50:00+00:00,176.5449981689453,176.5449981689453,176.38999938964844,176.39500427246094,38017
2025-09-16 18:55:00+00:00,176.41000366210938,176.5449981689453,176.3300018310547,176.52999877929688,44461
2025-09-16 19:00:00+00:00,176.60000610351562,176.60000610351562,176.36000061035156,176.41000366210938,34424
2025-09-16 19:05:00+00:00,176.56500244140625,176.60000610351562,176.50999450683594,176.5850067138672,44948
2025-09-16 19:10:00+00:00,176.5500030517578,176.61000061035156,176.5,176.56500244140625,50630
2025-09-16 19:15:00+00:00,176.4949951171875,176.63999938964844,176.47500610351562,176.5500030517578,46988
2025-09-16 19:20:00+00:00,176.4949951171875,176.6199951171875,176.47000122070312,176.4949951171875,59406
2025-09-16 19:25:00+00:00,176.6300048828125,176.6699981689453,176.47000122070312,176.49000549316406,45690
2025-09-16 19:30:00+00:00,176.5500030517578,176.64500427246094,176.4550018310547,176.64500427246094,80675
2025-09-16 19:35:00+00:00,176.6300048828125,176.6999969482422,176.52000427246094,176.5500030517578,78946
2025-09-16 19:40:00+00:00,176.4949951171875,176.63999938964844,176.47000122070312,176.6199951171875,113401
2025-09-16 19:45:00+00:00,176.38999938964844,176.5500030517578,176.32000732421875,176.52000427246094,96818
2025-09-16 19:50:00+00:00,176.42999267578125,176.47000122070312,176.24000549316406,176.3800048828125,200183
2025-09-16 19:55:00+00:00,176.49000549316406,176.54580688476562,176.34280395507812,176.44000244140625,567263
2025-09-17 13:30:00+00:00,177.47999572753906,177.50999450683594,176.6300048828125,176.7100067138672,177714
2025-09-17 13:35:00+00:00,177.86000061035156,178.13999938964844,177.5050048828125,177.5399932861328,67182
2025-09-17 13:40:00+00:00,178.39999389648438,178.41000366210938,177.74000549316406,177.75,51123
2025-09-17 13:45:00+00:00,178.3800048828125,178.5,178.05999755859375,178.4199981689453,118372
2025-09-17 13:50:00+00:00,178.4600067138672,178.5,178.24000549316406,178.39999389648438,61824
2025-09-17 13:55:00+00:00,177.83999633789062,178.50999450683594,177.74000549316406,178.4499969482422,53387
2025-09-17 14:00:00+00:00,177.41000366210938,177.9600067138672,177.2949981689453,177.8300018310547,67528
2025-09-17 14:05:00+00:00,177.56500244140625,177.67999267578125,177.2899932861328,177.41000366210938,90200
2025-09-17 14:10:00+00:00,177.43499755859375,177.74000549316406,177.4250030517578,177.5449981689453,43915
2025-09-17 14:15:00+00:00,177.0,177.47000122070312,177.0,177.39999389648438,37395
2025-09-17 14:20:00+00:00,177.1750030517578,177.2100067138672,176.7899932861328,176.98129272460938,60629
2025-09-17 14:25:00+00:00,177.3000030517578,177.4600067138672,177.1750030517578,177.1750030517578,45239
2025-09-17 14:30:00+00:00,177.14999389648438,177.33990478515625,177.14999389648438,177.2899932861328,43431
2025-09-17 14:35:00+00:00,177.16000366210938,177.29550170898438,177.0800018310547,177.17999267578125,55171
2025-09-17 14:40:00+00:00,176.9600067138672,177.3300018310547,176.5850067138672,177.17999267578125,91508
2025-09-17 14:45:00+00:00,177.00999450683594,177.25999450683594,176.93499755859375,176.93499755859375,69334
2025-09-17 14:50:00+00:00,177.23500061035156,177.33770751953125,177.0050048828125,177.0050048828125,40094
2025-09-17 14:55:00+00:00,177.3699951171875,177.375,177.17999267578125,177.25999450683594,43473
2025-09-17 15:00:00+00:00,177.39259338378906,177.41000366210938,177.2899932861328,177.3800048828125,40965
2025-09-17 15:05:00+00:00,177.5050048828125,177.55999755859375,177.3300018310547,177.36000061035156,32409
2025-09-17 15:10:00+00:00,177.52000427246094,177.5800018310547,177.4199981689453,177.49000549316406,30352
2025-09-17 15:15:00+00:00,177.4071044921875,177.50999450683594,177.3800048828125,177.50999450683594,30018
2025-09-17 15:20:00+00:00,177.53250122070312,177.60000610351562,177.3800048828125,177.41009521484375,35380
2025-09-17 15:25:00+00:00,177.5,177.60000610351562,177.47999572753906,177.5449981689453,51946
2025-09-17 15:30:00+00:00,177.5,177.52000427246094,177.3699951171875,177.5,26957
2025-09-17 15:35:00+00:00,177.32260131835938,177.50999450683594,177.3072967529297,177.50999450683594,25736
2025-09-17 15:40:00+00:00,177.27499389648438,177.3300018310547,177.22000122070312,177.30999755859375,24117
2025-09-17 15:45:00+00:00,177.22500610351562,177.2899932861328,177.16090393066406,177.27999877929688,31885
2025-09-17 15:50:00+00:00,177.24000549316406,177.25,177.11000061035156,177.2100067138672,25013
2025-09-17 15:55:00+00:00,177.4499969482422,177.4499969482422,177.19000244140625,177.24000549316406,101661
2025-09-17 16:00:00+00:00,177.44000244140625,177.47999572753906,177.3000030517578,177.44500732421875,28609
2025-09-17 16:05:00+00:00,177.08999633789062,177.47000122070312,177.0800018310547,177.47000122070312,19722
2025-09-17 16:10:00+00:00,177.1024932861328,177.17999267578125,177.0800018310547,177.11599731445312,29959
2025-09-17 16:15:00+00:00,177.16000366210938,177.1999969482422,177.0449981689453,177.08990478515625,23863
2025-09-17 16:20:00+00:00,177.02000427246094,177.13999938964844,177.01499938964844,177.1300048828125,28872
2025-09-17 16:25:00+00:00,177.0500030517578,177.08349609375,176.97000122070312,177.00999450683594,30722
2025-09-17 16:30:00+00:00,176.94000244140625,177.05999755859375,176.89999389648438,177.03500366210938,38124
2025-09-17 16:35:00+00:00,176.85000610351562,176.97999572753906,176.8300018310547,176.92999267578125,30888
2025-09-17 16:40:00+00:00,176.72500610351562,176.8699951171875,176.72500610351562,176.8699951171875,34019
2025-09-17 16:45:00+00:00,176.80999755859375,176.8300018310547,176.72999572753906,176.74000549316406,38688
2025-09-17 16:50:00+00:00,176.75259399414062,176.9199981689453,176.75259399414062,176.8300018310547,23069
2025-09-17 16:55:00+00:00,176.81480407714844,176.89999389648438,176.75010681152344,176.75010681152344,24640
2025-09-17 17:00:00+00:00,176.89990234375,176.89999389648438,176.75,176.80999755859375,44245
2025-09-17 17:05:00+00:00,176.91000366210938,177.02999877929688,176.8699951171875,176.893798828125,25877
2025-09-17 17:10:00+00:00,177.02000427246094,177.0800018310547,176.89999389648438,176.89999389648438,54940
2025-09-17 17:15:00+00:00,177.14999389648438,177.14999389648438,177.02000427246094,177.0399932861328,19657
2025-09-17 17:20:00+00:00,177.0500030517578,177.14999389648438,177.0399932861328,177.14500427246094,22738
2025-09-17 17:25:00+00:00,177.0299072265625,177.10000610351562,176.97999572753906,177.06520080566406,36462
2025-09-17 17:30:00+00:00,177.14500427246094,177.1699981689453,177.0050048828125,177.0050048828125,25660
2025-09-17 17:35:00+00:00,177.15499877929688,177.17999267578125,177.0800018310547,177.16000366210938,26821
2025-09-17 17:40:00+00:00,177.0500030517578,177.1999969482422,177.02000427246094,177.15499877929688,30102
2025-09-17 17:45:00+00:00,177.14500427246094,177.16000366210938,177.0,177.0500030517578,43952
2025-09-17 17:50:00+00:00,177.1699981689453,177.24000549316406,177.14500427246094,177.14999389648438,24844
2025-09-17 17:55:00+00:00,177.26499938964844,177.30999755859375,177.14010620117188,177.1699981689453,19723
2025-09-17 18:00:00+00:00,177.10989379882812,177.50999450683594,177.10989379882812,177.26499938964844,49872
2025-09-17 18:05:00+00:00,177.22000122070312,177.25999450683594,177.08999633789062,177.14999389648438,58973
2025-09-17 18:10:00+00:00,177.52999877929688,177.64999389648438,177.19000244140625,177.2100067138672,62531
2025-09-17 18:15:00+00:00,177.11000061035156,177.52000427246094,176.97000122070312,177.52000427246094,48747
2025-09-17 18:20:00+00:00,177.0500030517578,177.1699981689453,176.98500061035156,177.1199951171875,33635
2025-09-17 18:25:00+00:00,177.27999877929688,177.27999877929688,177.00999450683594,177.00999450683594,58723
2025-09-17 18:30:00+00:00,177.1300048828125,177.3000030517578,177.1199951171875,177.27999877929688,42930
2025-09-17 18:35:00+00:00,177.09500122070312,177.22999572753906,177.07000732421875,177.14999389648438,37718
2025-09-17 18:40:00+00:00,177.13999938964844,177.21080017089844,177.00999450683594,177.0500030517578,47331
2025-09-17 18:45:00+00:00,177.26499938964844,177.35000610351562,177.07000732421875,177.14999389648438,48464
2025-09-17 18:50:00+00:00,177.08999633789062,177.32000732421875,177.05999755859375,177.2899932861328,51434
2025-09-17 18:55:00+00:00,177.1750030517578,177.31500244140625,176.99000549316406,177.06109619140625,78709
2025-09-17 19:00:00+00:00,177.1999969482422,177.30999755859375,177.13499450683594,177.1750030517578,52979
2025-09-17 19:05:00+00:00,177.00999450683594,177.2550048828125,176.9949951171875,177.22000122070312,45312
2025-09-17 19:10:00+00:00,177.0800018310547,177.125,177.02000427246094,177.02999877929688,43200
2025-09-17 19:15:00+00:00,177.14010620117188,177.2899932861328,177.0800018310547,177.08999633789062,45209
2025-09-17 19:20:00+00:00,177.25999450683594,177.3090057373047,177.11000061035156,177.14990234375,45670
2025-09-17 19:25:00+00:00,177.08999633789062,177.27499389648438,177.02999877929688,177.2550048828125,54491
2025-09-17 19:30:00+00:00,177.125,177.1750030517578,177.05099487304688,177.08999633789062,69702
2025-09-17 19:35:00+00:00,176.9199981689453,177.14999389648438,176.9199981689453,177.1300048828125,88545
2025-09-17 19:40:00+00:00,177.00999450683594,177.10000610351562,176.91000366210938,176.9199981689453,71942
2025-09-17 19:45:00+00:00,176.91000366210938,177.00999450683594,176.8300018310547,177.0,106623
2025-09-17 19:50:00+00:00,176.86000061035156,176.94000244140625,176.74000549316406,176.91000366210938,170040
2025-09-17 19:55:00+00:00,177.1999969482422,177.1999969482422,176.75999450683594,176.8699951171875,539629
2025-09-18 13:30:00+00:00,176.11000061035156,176.87989807128906,176.10000610351562,176.60000610351562,891564
2025-09-18 13:35:00+00:00,176.69500732421875,176.69500732421875,176.02999877929688,176.02999877929688,46979
2025-09-18 13:40:00+00:00,176.41000366210938,176.8699951171875,176.41000366210938,176.6864013671875,48328
2025-09-18 13:45:00+00:00,176.3800048828125,176.54930114746094,176.11000061035156,176.41000366210938,52521
2025-09-18 13:50:00+00:00,176.30999755859375,176.47000122070312,176.27999877929688,176.4250030517578,31609
2025-09-18 13:55:00+00:00,176.16000366210938,176.41000366210938,176.1199951171875,176.2899932861328,60665
2025-09-18 14:00:00+00:00,176.80499267578125,176.82000732421875,176.24000549316406,176.26499938964844,47959
2025-09-18 14:05:00+00:00,176.90499877929688,177.02000427246094,176.8300018310547,176.8300018310547,57849
2025-09-18 14:10:00+00:00,176.8300018310547,176.99000549316406,176.7550048828125,176.9199981689453,59447
2025-09-18 14:15:00+00:00,176.47999572753906,176.87989807128906,176.4600067138672,176.84500122070312,70310
2025-09-18 14:20:00+00:00,176.33999633789062,176.5,176.19500732421875,176.48179626464844,38403
2025-09-18 14:25:00+00:00,176.1199951171875,176.42999267578125,176.1199951171875,176.35000610351562,41459
2025-09-18 14:30:00+00:00,176.44000244140625,176.44000244140625,176.13999938964844,176.13999938964844,44806
2025-09-18 14:35:00+00:00,176.05099487304688,176.45989990234375,176.02999877929688,176.4199981689453,51081
2025-09-18 14:40:00+00:00,176.15499877929688,176.17990112304688,175.86000061035156,176.0500030517578,79674
2025-09-18 14:45:00+00:00,175.8699951171875,176.15499877929688,175.8699951171875,176.15499877929688,57440
2025-09-18 14:50:00+00:00,175.77999877929688,175.90499877929688,175.75,175.8800048828125,46711
2025-09-18 14:55:00+00:00,175.86000061035156,175.86000061035156,175.72999572753906,175.77499389648438,41403
2025-09-18 15:00:00+00:00,175.75509643554688,175.875,175.68690490722656,175.86000061035156,41103
2025-09-18 15:05:00+00:00,175.4949951171875,175.90499877929688,175.49000549316406,175.7550048828125,58961
2025-09-18 15:10:00+00:00,175.44000244140625,175.5749969482422,175.39999389648438,175.4949951171875,58822
2025-09-18 15:15:00+00:00,175.52000427246094,175.5500030517578,175.3699951171875,175.4250030517578,70379
2025-09-18 15:20:00+00:00,175.66000366210938,175.72999572753906,175.5399932861328,175.5399932861328,40280
2025-09-18 15:25:00+00:00,175.6300048828125,175.83999633789062,175.61749267578125,175.6699981689453,68234
2025-09-18 15:30:00+00:00,175.66000366210938,175.72999572753906,175.58999633789062,175.6199951171875,53938
2025-09-18 15:35:00+00:00,175.77999877929688,175.9199981689453,175.67999267578125,175.67999267578125,50419
2025-09-18 15:40:00+00:00,175.77000427246094,175.89999389648438,175.74000549316406,175.75,36903
2025-09-18 15:45:00+00:00,175.7050018310547,175.80999755859375,175.69000244140625,175.75999450683594,26583
2025-09-18 15:50:00+00:00,175.59300231933594,175.72999572753906,175.58999633789062,175.7050018310547,35737
2025-09-18 15:55:00+00:00,175.44500732421875,175.6199951171875,175.44000244140625,175.6199951171875,30824
2025-09-18 16:00:00+00:00,175.66000366210938,175.69000244140625,175.41000366210938,175.44000244140625,37875
2025-09-18 16:05:00+00:00,175.6199951171875,175.69000244140625,175.58999633789062,175.67999267578125,20658
2025-09-18 16:10:00+00:00,175.5050048828125,175.66000366210938,175.47999572753906,175.625,41160
2025-09-18 16:15:00+00:00,175.4499969482422,175.5500030517578,175.41000366210938,175.47999572753906,33358
2025-09-18 16:20:00+00:00,175.40499877929688,175.5,175.3800048828125,175.4550018310547,35094
2025-09-18 16:25:00+00:00,175.52000427246094,175.57000732421875,175.4199981689453,175.4199981689453,26028
2025-09-18 16:30:00+00:00,175.46499633789062,175.55999755859375,175.43499755859375,175.50999450683594,34379
2025-09-18 16:35:00+00:00,175.60000610351562,175.60699462890625,175.46499633789062,175.47000122070312,40394
2025-09-18 16:40:00+00:00,175.49000549316406,175.59759521484375,175.4669952392578,175.59759521484375,34441
2025-09-18 16:45:00+00:00,175.4499969482422,175.52999877929688,175.42999267578125,175.48500061035156,24812
2025-09-18 16:50:00+00:00,175.55499267578125,175.6300048828125,175.42999267578125,175.43499755859375,32068
2025-09-18 16:55:00+00:00,175.4949951171875,175.5655975341797,175.47999572753906,175.5500030517578,29347
2025-09-18 17:00:00+00:00,175.42999267578125,175.57000732421875,175.4199981689453,175.47999572753906,29533
2025-09-18 17:05:00+00:00,175.42999267578125,175.57000732421875,175.42999267578125,175.4499969482422,31177
2025-09-18 17:10:00+00:00,175.45840454101562,175.52999877929688,175.414794921875,175.42999267578125,33655
2025-09-18 17:15:00+00:00,175.39999389648438,175.49000549316406,175.38999938964844,175.4499969482422,36904
2025-09-18 17:20:00+00:00,175.2949981689453,175.44000244140625,175.27999877929688,175.41000366210938,36650
2025-09-18 17:25:00+00:00,175.33999633789062,175.39999389648438,175.2949981689453,175.2949981689453,34846
2025-09-18 17:30:00+00:00,175.4199981689453,175.42999267578125,175.3424072265625,175.3424072265625,28028
2025-09-18 17:35:00+00:00,175.38999938964844,175.4149932861328,175.33999633789062,175.41000366210938,62400
2025-09-18 17:40:00+00:00,175.30999755859375,175.4539031982422,175.27000427246094,175.39500427246094,45386
2025-09-18 17:45:00+00:00,175.3000030517578,175.30499267578125,175.2100067138672,175.2949981689453,39530
2025-09-18 17:50:00+00:00,175.38999938964844,175.4199981689453,175.27999877929688,175.3000030517578,98551
2025-09-18 17:55:00+00:00,175.3800048828125,175.42999267578125,175.30999755859375,175.3800048828125,34606
2025-09-18 18:00:00+00:00,175.31500244140625,175.4600067138672,175.2899932861328,175.3800048828125,106404
2025-09-18 18:05:00+00:00,175.38999938964844,175.39999389648438,175.30999755859375,175.30999755859375,40948
2025-09-18 18:10:00+00:00,175.2899932861328,175.49000549316406,175.2899932861328,175.3800048828125,44234
2025-09-18 18:15:00+00:00,175.25,175.33999633789062,175.22500610351562,175.2949981689453,42024
2025-09-18 18:20:00+00:00,175.36000061035156,175.38499450683594,175.2449951171875,175.25999450683594,41808
2025-09-18 18:25:00+00:00,175.32000732421875,175.3800048828125,175.30999755859375,175.34500122070312,38526
2025-09-18 18:30:00+00:00,175.36500549316406,175.41000366210938,175.27999877929688,175.32000732421875,51140
2025-09-18 18:35:00+00:00,175.19500732421875,175.35000610351562,175.16000366210938,175.35000610351562,46906
2025-09-18 18:40:00+00:00,175.1199951171875,175.22999572753906,175.09500122070312,175.2100067138672,52917
2025-09-18 18:45:00+00:00,175.07000732421875,175.15699768066406,175.0399932861328,175.08999633789062,78477
2025-09-18 18:50:00+00:00,174.99000549316406,175.08990478515625,174.91000366210938,175.08990478515625,79385
2025-09-18 18:55:00+00:00,174.8800048828125,175.0,174.83999633789062,174.97000122070312,51595
2025-09-18 19:00:00+00:00,174.5850067138672,174.97999572753906,174.57000732421875,174.8800048828125,106047
2025-09-18 19:05:00+00:00,174.60499572753906,174.73500061035156,174.55999755859375,174.61500549316406,75749
2025-09-18 19:10:00+00:00,174.6199951171875,174.64999389648438,174.4600067138672,174.58999633789062,82774
2025-09-18 19:15:00+00:00,174.39999389648438,174.60499572753906,174.39999389648438,174.60499572753906,83223
2025-09-18 19:20:00+00:00,174.5,174.58999633789062,174.39500427246094,174.39500427246094,88742
2025-09-18 19:25:00+00:00,174.6699981689453,174.74000549316406,174.44000244140625,174.47999572753906,139554
2025-09-18 19:30:00+00:00,174.41000366210938,174.72999572753906,174.39100646972656,174.64999389648438,117600
2025-09-18 19:35:00+00:00,174.0500030517578,174.43629455566406,174.00999450683594,174.39999389648438,112653
2025-09-18 19:40:00+00:00,174.02999877929688,174.10000610351562,173.8699951171875,174.0500030517578,163345
2025-09-18 19:45:00+00:00,173.9600067138672,174.08999633789062,173.89999389648438,174.0290069580078,151170
2025-09-18 19:50:00+00:00,174.4199981689453,174.42999267578125,173.92999267578125,173.9600067138672,238834
2025-09-18 19:55:00+00:00,174.13999938964844,174.47999572753906,174.13999938964844,174.4199981689453,716371
2025-09-19 13:30:00+00:00,173.56500244140625,174.8000030517578,173.3300018310547,174.69000244140625,1928651
2025-09-19 13:35:00+00:00,175.05499267578125,175.0850067138672,173.56500244140625,173.56500244140625,71453
2025-09-19 13:40:00+00:00,175.1649932861328,175.34500122070312,174.91000366210938,174.97000122070312,127064
2025-09-19 13:45:00+00:00,175.24000549316406,175.50050354003906,175.02099609375,175.125,93865
2025-09-19 13:50:00+00:00,175.7050018310547,175.7050018310547,175.2449951171875,175.2449951171875,601367
2025-09-19 13:55:00+00:00,175.94000244140625,175.9499969482422,175.6300048828125,175.75999450683594,91734
2025-09-19 14:00:00+00:00,175.7899932861328,176.2899932861328,175.4600067138672,175.89999389648438,129688
2025-09-19 14:05:00+00:00,176.1699981689453,176.17999267578125,175.80499267578125,175.81500244140625,253037
2025-09-19 14:10:00+00:00,176.14999389648438,176.2299041748047,176.05999755859375,176.1699981689453,124102
2025-09-19 14:15:00+00:00,176.01829528808594,176.39500427246094,175.97000122070312,176.1699981689453,104094
2025-09-19 14:20:00+00:00,176.02000427246094,176.10000610351562,175.4499969482422,176.02499389648438,108573
2025-09-19 14:25:00+00:00,176.0,176.15499877929688,175.88999938964844,175.98150634765625,73752
2025-09-19 14:30:00+00:00,175.61000061035156,176.07000732421875,175.61000061035156,176.01499938964844,46651
2025-09-19 14:35:00+00:00,175.62750244140625,175.84519958496094,175.5500030517578,175.61000061035156,52350
2025-09-19 14:40:00+00:00,175.4149932861328,175.69000244140625,175.41000366210938,175.63699340820312,58499
2025-09-19 14:45:00+00:00,175.2899932861328,175.42999267578125,175.22000122070312,175.4199981689453,44765
2025-09-19 14:50:00+00:00,175.44000244140625,175.50999450683594,175.19000244140625,175.21499633789062,61509
2025-09-19 14:55:00+00:00,175.39999389648438,175.44000244140625,175.25,175.44000244140625,72112
2025-09-19 15:00:00+00:00,175.36000061035156,175.49740600585938,175.2899932861328,175.39999389648438,47091
2025-09-19 15:05:00+00:00,175.47000122070312,175.49000549316406,175.2899932861328,175.34500122070312,50289
2025-09-19 15:10:00+00:00,175.33999633789062,175.61000061035156,175.3300018310547,175.47500610351562,74461
2025-09-19 15:15:00+00:00,175.38499450683594,175.55999755859375,175.34120178222656,175.35000610351562,46287
2025-09-19 15:20:00+00:00,175.52000427246094,175.52000427246094,175.35000610351562,175.40939331054688,71121
2025-09-19 15:25:00+00:00,175.47000122070312,175.6300048828125,175.41000366210938,175.5399932861328,49172
2025-09-19 15:30:00+00:00,175.4149932861328,175.52000427246094,175.27000427246094,175.5,50930
2025-09-19 15:35:00+00:00,175.5,175.5800018310547,175.41050720214844,175.42999267578125,62999
2025-09-19 15:40:00+00:00,175.4499969482422,175.5399932861328,175.3300018310547,175.52000427246094,40713
2025-09-19 15:45:00+00:00,175.57310485839844,175.57310485839844,175.32000732421875,175.44000244140625,67914
2025-09-19 15:50:00+00:00,175.72000122070312,175.72999572753906,175.42999267578125,175.56500244140625,42196
2025-09-19 15:55:00+00:00,175.92999267578125,175.92999267578125,175.70899963378906,175.72500610351562,47077
2025-09-19 16:00:00+00:00,176.10000610351562,176.10499572753906,175.8800048828125,175.92999267578125,152925
2025-09-19 16:05:00+00:00,176.14999389648438,176.1999969482422,176.0500030517578,176.0800018310547,55648
2025-09-19 16:10:00+00:00,176.1750030517578,176.19000244140625,176.07000732421875,176.14500427246094,32613
2025-09-19 16:15:00+00:00,176.05999755859375,176.2550048828125,176.0399932861328,176.1750030517578,44199
2025-09-19 16:20:00+00:00,176.02999877929688,176.11000061035156,175.97999572753906,176.05999755859375,37445
2025-09-19 16:25:00+00:00,176.16000366210938,176.16000366210938,176.01429748535156,176.02999877929688,41934
2025-09-19 16:30:00+00:00,176.23500061035156,176.3000030517578,176.05099487304688,176.15499877929688,44879
2025-09-19 16:35:00+00:00,176.3000030517578,176.3000030517578,176.2100067138672,176.22999572753906,32806
2025-09-19 16:40:00+00:00,176.6649932861328,176.6649932861328,176.27000427246094,176.28500366210938,85972
2025-09-19 16:45:00+00:00,176.49000549316406,176.67999267578125,176.33999633789062,176.6746063232422,82898
2025-09-19 16:50:00+00:00,176.55999755859375,176.57000732421875,176.48500061035156,176.5050048828125,42814
2025-09-19 16:55:00+00:00,176.49000549316406,176.60000610351562,176.4499969482422,176.55999755859375,45497
2025-09-19 17:00:00+00:00,176.44000244140625,176.5800018310547,176.38999938964844,176.49000549316406,44806
2025-09-19 17:05:00+00:00,176.44000244140625,176.52000427246094,176.4149932861328,176.43499755859375,52688
2025-09-19 17:10:00+00:00,176.58999633789062,176.58999633789062,176.44000244140625,176.44000244140625,51326
2025-09-19 17:15:00+00:00,176.74000549316406,176.7550048828125,176.5399932861328,176.5800018310547,49829
2025-09-19 17:20:00+00:00,176.81500244140625,176.83999633789062,176.74000549316406,176.76499938964844,47390
2025-09-19 17:25:00+00:00,176.86000061035156,176.90499877929688,176.75999450683594,176.81500244140625,90571
2025-09-19 17:30:00+00:00,176.86000061035156,176.94000244140625,176.83999633789062,176.8563995361328,73263
2025-09-19 17:35:00+00:00,176.5500030517578,176.8800048828125,176.5399932861328,176.8699951171875,62435
2025-09-19 17:40:00+00:00,175.97000122070312,176.55999755859375,175.9199981689453,176.55999755859375,66251
2025-09-19 17:45:00+00:00,176.2008056640625,176.22999572753906,175.92999267578125,175.96499633789062,53218
2025-09-19 17:50:00+00:00,176.5500030517578,176.58999633789062,176.19000244140625,176.19000244140625,59872
2025-09-19 17:55:00+00:00,176.6999969482422,176.81500244140625,176.55499267578125,176.55499267578125,51528
2025-09-19 18:00:00+00:00,176.82000732421875,176.8300018310547,176.67999267578125,176.72999572753906,65206
2025-09-19 18:05:00+00:00,176.8101043701172,176.8800048828125,176.77999877929688,176.80999755859375,70738
2025-09-19 18:10:00+00:00,176.78500366210938,176.8302001953125,176.6999969482422,176.82000732421875,53370
2025-09-19 18:15:00+00:00,176.7899932861328,176.8000030517578,176.67999267578125,176.8000030517578,54399
2025-09-19 18:20:00+00:00,176.88299560546875,176.92999267578125,176.78500366210938,176.80999755859375,50543
2025-09-19 18:25:00+00:00,176.92999267578125,177.00999450683594,176.8300018310547,176.88999938964844,97325
2025-09-19 18:30:00+00:00,176.98500061035156,176.98500061035156,176.8350067138672,176.94000244140625,93988
2025-09-19 18:35:00+00:00,176.96499633789062,177.13650512695312,176.9499969482422,176.99000549316406,60958
2025-09-19 18:40:00+00:00,176.86500549316406,176.99000549316406,176.85000610351562,176.97500610351562,85332
2025-09-19 18:45:00+00:00,176.8350067138672,176.94000244140625,176.7899932861328,176.87289428710938,509672
2025-09-19 18:50:00+00:00,176.5449981689453,176.89999389648438,176.53329467773438,176.8300018310547,147187
2025-09-19 18:55:00+00:00,176.57000732421875,176.593994140625,176.4199981689453,176.5500030517578,68541
2025-09-19 19:00:00+00:00,176.5800018310547,176.64999389648438,176.44000244140625,176.56500244140625,71271
2025-09-19 19:05:00+00:00,176.88999938964844,176.9600067138672,176.57000732421875,176.58999633789062,100333
2025-09-19 19:10:00+00:00,176.86000061035156,176.94000244140625,176.8000030517578,176.875,91081
2025-09-19 19:15:00+00:00,177.09500122070312,177.11000061035156,176.80999755859375,176.86639404296875,139568
2025-09-19 19:20:00+00:00,176.93499755859375,177.16000366210938,176.9199981689453,177.10800170898438,136728
2025-09-19 19:25:00+00:00,176.57000732421875,176.97999572753906,176.42999267578125,176.94000244140625,168308
2025-09-19 19:30:00+00:00,176.22999572753906,176.57000732421875,176.09500122070312,176.55499267578125,250333
2025-09-19 19:35:00+00:00,176.0399932861328,176.4644012451172,175.97500610351562,176.23500061035156,298990
2025-09-19 19:40:00+00:00,176.25999450683594,176.32000732421875,176.0050048828125,176.02999877929688,218587
2025-09-19 19:45:00+00:00,176.38999938964844,176.50999450683594,176.21499633789062,176.25,265703
2025-09-19 19:50:00+00:00,176.13499450683594,176.61000061035156,175.91000366210938,176.38999938964844,377676
2025-09-19 19:55:00+00:00,176.1999969482422,176.35000610351562,175.5500030517578,176.13499450683594,901048
2025-09-22 13:30:00+00:00,175.3300018310547,176.6300048828125,175.22999572753906,176.08999633789062,556330
2025-09-22 13:35:00+00:00,175.52499389648438,175.61000061035156,175.13999938964844,175.38999938964844,58537
2025-09-22 13:40:00+00:00,175.5,175.80499267578125,175.35000610351562,175.4915008544922,57730
2025-09-22 13:45:00+00:00,175.22999572753906,175.5373992919922,175.17999267578125,175.33999633789062,51918
2025-09-22 13:50:00+00:00,175.5,175.60000610351562,175.19000244140625,175.22500610351562,29783
2025-09-22 13:55:00+00:00,175.77999877929688,175.8000030517578,175.52760314941406,175.52760314941406,39947
2025-09-22 14:00:00+00:00,175.29150390625,175.82000732421875,175.25,175.82000732421875,68885
2025-09-22 14:05:00+00:00,175.61000061035156,175.6199951171875,175.2050018310547,175.27999877929688,37517
2025-09-22 14:10:00+00:00,175.50999450683594,175.8000030517578,175.39039611816406,175.64999389648438,47345
2025-09-22 14:15:00+00:00,175.697998046875,175.72000122070312,175.36000061035156,175.47999572753906,43961
2025-09-22 14:20:00+00:00,175.8699951171875,175.9398956298828,175.66000366210938,175.6699981689453,29351
2025-09-22 14:25:00+00:00,176.02000427246094,176.05999755859375,175.80499267578125,175.83999633789062,27974
2025-09-22 14:30:00+00:00,176.26499938964844,176.37989807128906,176.0050048828125,176.0050048828125,35797
2025-09-22 14:35:00+00:00,176.0749969482422,176.3249969482422,176.0399932861328,176.27000427246094,40617
2025-09-22 14:40:00+00:00,175.8699951171875,176.08999633789062,175.8350067138672,176.07000732421875,41702
2025-09-22 14:45:00+00:00,176.11000061035156,176.11000061035156,175.84854125976562,175.84854125976562,40820
2025-09-22 14:50:00+00:00,176.36000061035156,176.4199981689453,176.07000732421875,176.07000732421875,53704
2025-09-22 14:55:00+00:00,176.24000549316406,176.36480712890625,176.17010498046875,176.36480712890625,27885
2025-09-22 15:00:00+00:00,176.16000366210938,176.2550048828125,176.0800018310547,176.22999572753906,28262
2025-09-22 15:05:00+00:00,176.36000061035156,176.3800048828125,176.10350036621094,176.14999389648438,35999
2025-09-22 15:10:00+00:00,176.44000244140625,176.5,176.30999755859375,176.36000061035156,50347
2025-09-22 15:15:00+00:00,176.3800048828125,176.44000244140625,176.33999633789062,176.41000366210938,35396
2025-09-22 15:20:00+00:00,176.34500122070312,176.63999938964844,176.3000030517578,176.39500427246094,55305
2025-09-22 15:25:00+00:00,176.07000732421875,176.3300018310547,176.0500030517578,176.32000732421875,41873
2025-09-22 15:30:00+00:00,176.00999450683594,176.05999755859375,175.91000366210938,176.0399932861328,37837
2025-09-22 15:35:00+00:00,176.0449981689453,176.08999633789062,175.88999938964844,176.0,30640
2025-09-22 15:40:00+00:00,175.85000610351562,176.03500366210938,175.85000610351562,176.02999877929688,28071
2025-09-22 15:45:00+00:00,175.6999969482422,175.85000610351562,175.59500122070312,175.85000610351562,95417
2025-09-22 15:50:00+00:00,175.64500427246094,175.73599243164062,175.60000610351562,175.7100067138672,45930
2025-09-22 15:55:00+00:00,175.72000122070312,175.77000427246094,175.51499938964844,175.64999389648438,56970
2025-09-22 16:00:00+00:00,175.3000030517578,175.7220001220703,175.17999267578125,175.72000122070312,67291
2025-09-22 16:05:00+00:00,175.24000549316406,175.35499572753906,175.1999969482422,175.2949981689453,26280
2025-09-22 16:10:00+00:00,175.0220947265625,175.3000030517578,174.91000366210938,175.22999572753906,61102
2025-09-22 16:15:00+00:00,174.90499877929688,175.0500030517578,174.9001007080078,174.97000122070312,32388
2025-09-22 16:20:00+00:00,175.02000427246094,175.08970642089844,174.8101043701172,174.91000366210938,49427
2025-09-22 16:25:00+00:00,174.82000732421875,175.08999633789062,174.80999755859375,175.0399932861328,35392
2025-09-22 16:30:00+00:00,174.6199951171875,174.88999938964844,174.6199951171875,174.8699951171875,55010
2025-09-22 16:35:00+00:00,174.72999572753906,174.75,174.61000061035156,174.6199951171875,28271
2025-09-22 16:40:00+00:00,174.64999389648438,174.75,174.60000610351562,174.7449951171875,39951
2025-09-22 16:45:00+00:00,175.1750030517578,175.19410705566406,174.63999938964844,174.64999389648438,125747
2025-09-22 16:50:00+00:00,175.0399932861328,175.2075958251953,174.92999267578125,175.1699981689453,35183
2025-09-22 16:55:00+00:00,175.3699951171875,175.3699951171875,174.97000122070312,175.02999877929688,66547
2025-09-22 17:00:00+00:00,175.34320068359375,175.43499755859375,175.3300018310547,175.36000061035156,19129
2025-09-22 17:05:00+00:00,175.22999572753906,175.3800048828125,175.15499877929688,175.3300018310547,61876
2025-09-22 17:10:00+00:00,175.35000610351562,175.47999572753906,175.25010681152344,175.2550048828125,31216
2025-09-22 17:15:00+00:00,175.4250030517578,175.52999877929688,175.35000610351562,175.35000610351562,20783
2025-09-22 17:20:00+00:00,175.55239868164062,175.58999633789062,175.27000427246094,175.375,32675
2025-09-22 17:25:00+00:00,175.4600067138672,175.58999633789062,175.42999267578125,175.55999755859375,58523
2025-09-22 17:30:00+00:00,175.22000122070312,175.49000549316406,175.21499633789062,175.49000549316406,24565
2025-09-22 17:35:00+00:00,175.3699951171875,175.3800048828125,175.21009826660156,175.21009826660156,16155
2025-09-22 17:40:00+00:00,175.40499877929688,175.4499969482422,175.33999633789062,175.38999938964844,35528
2025-09-22 17:45:00+00:00,175.27000427246094,175.4149932861328,175.21499633789062,175.4149932861328,24826
2025-09-22 17:50:00+00:00,175.22500610351562,175.25999450683594,175.18809509277344,175.25230407714844,19229
2025-09-22 17:55:00+00:00,175.24000549316406,175.2624969482422,175.1999969482422,175.22000122070312,19283
2025-09-22 18:00:00+00:00,174.9199981689453,175.1999969482422,174.9199981689453,175.1649932861328,37930
2025-09-22 18:05:00+00:00,174.99000549316406,175.00999450683594,174.8800048828125,174.94000244140625,25222
2025-09-22 18:10:00+00:00,174.9600067138672,175.02999877929688,174.85000610351562,175.02999877929688,33227
2025-09-22 18:15:00+00:00,174.8699951171875,174.97000122070312,174.82000732421875,174.9499969482422,28339
2025-09-22 18:20:00+00:00,174.97500610351562,174.97500610351562,174.77999877929688,174.86000061035156,26952
2025-09-22 18:25:00+00:00,175.07000732421875,175.0850067138672,174.8800048828125,174.8865966796875,41932
2025-09-22 18:30:00+00:00,174.9499969482422,175.10000610351562,174.94000244140625,175.07000732421875,28073
2025-09-22 18:35:00+00:00,174.8701934814453,174.9499969482422,174.82000732421875,174.93960571289062,21529
2025-09-22 18:40:00+00:00,174.75999450683594,174.88999938964844,174.73500061035156,174.8699951171875,33796
2025-09-22 18:45:00+00:00,174.81500244140625,174.81500244140625,174.6699981689453,174.75999450683594,23926
2025-09-22 18:50:00+00:00,174.9149932861328,174.9322052001953,174.8300018310547,174.8300018310547,33135
2025-09-22 18:55:00+00:00,175.01499938964844,175.02000427246094,174.8300018310547,174.89999389648438,41293
2025-09-22 19:00:00+00:00,174.89999389648438,175.0399932861328,174.88999938964844,175.02999877929688,51417
2025-09-22 19:05:00+00:00,174.82000732421875,174.92999267578125,174.82000732421875,174.91000366210938,56679
2025-09-22 19:10:00+00:00,174.80999755859375,175.02000427246094,174.7899932861328,174.82009887695312,73556
2025-09-22 19:15:00+00:00,174.71499633789062,174.82000732421875,174.61000061035156,174.80499267578125,51391
2025-09-22 19:20:00+00:00,174.58999633789062,174.72999572753906,174.5200958251953,174.72999572753906,74588
2025-09-22 19:25:00+00:00,174.55999755859375,174.6199951171875,174.50999450683594,174.57000732421875,56317
2025-09-22 19:30:00+00:00,174.32000732421875,174.55999755859375,174.30999755859375,174.55999755859375,75805
2025-09-22 19:35:00+00:00,174.44000244140625,174.44000244140625,174.22000122070312,174.3000030517578,101300
2025-09-22 19:40:00+00:00,174.27000427246094,174.4499969482422,174.2550048828125,174.44500732421875,80450
2025-09-22 19:45:00+00:00,174.35000610351562,174.38499450683594,174.2100067138672,174.26499938964844,102998
2025-09-22 19:50:00+00:00,174.2949981689453,174.3699951171875,174.19000244140625,174.3300018310547,156909
2025-09-22 19:55:00+00:00,174.2100067138672,174.48500061035156,174.1199951171875,174.3000030517578,451395
2025-09-23 13:30:00+00:00,176.1717071533203,176.60000610351562,174.8300018310547,174.88999938964844,371417
2025-09-23 13:35:00+00:00,176.58999633789062,176.58999633789062,175.91000366210938,176.27749633789062,82871
2025-09-23 13:40:00+00:00,176.8000030517578,176.8300018310547,176.22450256347656,176.55999755859375,61133
2025-09-23 13:45:00+00:00,176.3000030517578,176.83889770507812,176.07000732421875,176.77999877929688,89593
2025-09-23 13:50:00+00:00,176.25999450683594,176.4705047607422,175.91009521484375,176.27999877929688,52686
2025-09-23 13:55:00+00:00,176.3350067138672,176.42999267578125,176.2899932861328,176.35000610351562,28271
2025-09-23 14:00:00+00:00,176.25,176.55999755859375,176.08999633789062,176.3350067138672,92584
2025-09-23 14:05:00+00:00,176.19000244140625,176.35499572753906,176.0800018310547,176.25,56154
2025-09-23 14:10:00+00:00,175.6300048828125,176.16000366210938,175.5930938720703,176.16000366210938,65585
2025-09-23 14:15:00+00:00,175.61000061035156,175.69000244140625,175.52999877929688,175.61000061035156,42612
2025-09-23 14:20:00+00:00,175.72999572753906,175.77999877929688,175.5500030517578,175.625,111399
2025-09-23 14:25:00+00:00,175.22999572753906,175.75,175.1999969482422,175.72000122070312,128397
2025-09-23 14:30:00+00:00,175.43499755859375,175.5399932861328,175.22000122070312,175.22999572753906,92785
2025-09-23 14:35:00+00:00,175.41000366210938,175.61000061035156,175.39999389648438,175.4499969482422,87644
2025-09-23 14:40:00+00:00,175.6300048828125,175.63499450683594,175.3699951171875,175.39999389648438,59352
2025-09-23 14:45:00+00:00,176.0399932861328,176.1199951171875,175.6199951171875,175.63999938964844,42373
2025-09-23 14:50:00+00:00,175.8800048828125,176.05999755859375,175.83999633789062,176.02000427246094,44961
2025-09-23 14:55:00+00:00,175.81500244140625,175.94000244140625,175.7550048828125,175.9149932861328,51974
2025-09-23 15:00:00+00:00,176.05499267578125,176.27000427246094,175.77999877929688,175.8000030517578,69728
2025-09-23 15:05:00+00:00,176.3800048828125,176.3800048828125,175.9709014892578,176.05999755859375,43047
2025-09-23 15:10:00+00:00,176.52000427246094,176.55499267578125,176.32000732421875,176.36500549316406,64337
2025-09-23 15:15:00+00:00,176.66000366210938,176.67999267578125,176.4199981689453,176.53500366210938,46715
2025-09-23 15:20:00+00:00,176.50999450683594,176.6199951171875,176.3300018310547,176.6199951171875,49156
2025-09-23 15:25:00+00:00,176.8699951171875,176.9550018310547,176.52239990234375,176.52239990234375,93928
2025-09-23 15:30:00+00:00,176.7100067138672,176.9344940185547,176.69009399414062,176.88999938964844,71340
2025-09-23 15:35:00+00:00,176.9600067138672,176.9600067138672,176.67999267578125,176.7100067138672,36348
2025-09-23 15:40:00+00:00,176.77999877929688,176.97000122070312,176.75950622558594,176.9600067138672,51902
2025-09-23 15:45:00+00:00,176.78500366210938,176.9600067138672,176.7449951171875,176.80999755859375,57302
2025-09-23 15:50:00+00:00,176.8502960205078,176.97000122070312,176.77000427246094,176.7899932861328,28855
2025-09-23 15:55:00+00:00,176.6387939453125,176.94000244140625,176.6387939453125,176.86500549316406,32054
2025-09-23 16:00:00+00:00,176.5,176.6199951171875,176.42999267578125,176.6199951171875,59846
2025-09-23 16:05:00+00:00,176.4425048828125,176.52999877929688,176.43930053710938,176.47999572753906,45637
2025-09-23 16:10:00+00:00,176.46409606933594,176.51210021972656,176.38999938964844,176.4600067138672,45746
2025-09-23 16:15:00+00:00,176.3699951171875,176.50999450683594,176.32000732421875,176.49000549316406,44376
2025-09-23 16:20:00+00:00,176.47000122070312,176.47999572753906,176.35000610351562,176.375,44783
2025-09-23 16:25:00+00:00,176.39430236816406,176.5198974609375,176.3459930419922,176.4600067138672,69014
2025-09-23 16:30:00+00:00,176.33680725097656,176.3896942138672,176.25,176.375,15308
2025-09-23 16:35:00+00:00,176.3623046875,176.38999938964844,176.22999572753906,176.3350067138672,21736
2025-09-23 16:40:00+00:00,176.27999877929688,176.3699951171875,176.27000427246094,176.34500122070312,25464
2025-09-23 16:45:00+00:00,176.14999389648438,176.3300018310547,176.14999389648438,176.26499938964844,40210
2025-09-23 16:50:00+00:00,176.1300048828125,176.19000244140625,175.94000244140625,176.13999938964844,38337
2025-09-23 16:55:00+00:00,176.02000427246094,176.1425018310547,176.0,176.1300048828125,22516
2025-09-23 17:00:00+00:00,176.2949981689453,176.33999633789062,176.10000610351562,176.10000610351562,28572
2025-09-23 17:05:00+00:00,176.3699951171875,176.3699951171875,176.25,176.30999755859375,27333
2025-09-23 17:10:00+00:00,176.3300018310547,176.44000244140625,176.2949981689453,176.375,29015
2025-09-23 17:15:00+00:00,176.36000061035156,176.38999938964844,176.30999755859375,176.33999633789062,29767
2025-09-23 17:20:00+00:00,176.13400268554688,176.35000610351562,176.1300048828125,176.3300018310547,59341
2025-09-23 17:25:00+00:00,176.1300048828125,176.1750030517578,176.06500244140625,176.13999938964844,40582
2025-09-23 17:30:00+00:00,176.02499389648438,176.17999267578125,175.9199981689453,176.125,140557
2025-09-23 17:35:00+00:00,176.15499877929688,176.16000366210938,175.91009521484375,176.00999450683594,36606
2025-09-23 17:40:00+00:00,176.56500244140625,176.6199951171875,176.1199951171875,176.1300048828125,57297
2025-09-23 17:45:00+00:00,176.7899932861328,176.8000030517578,176.5301055908203,176.55499267578125,43801
2025-09-23 17:50:00+00:00,176.72000122070312,176.82000732421875,176.65899658203125,176.80999755859375,24150
2025-09-23 17:55:00+00:00,176.67410278320312,176.73959350585938,176.63499450683594,176.72000122070312,25789
2025-09-23 18:00:00+00:00,176.7050018310547,176.7259979248047,176.60060119628906,176.6699981689453,31721
2025-09-23 18:05:00+00:00,176.375,176.75999450683594,176.3000030517578,176.72500610351562,154968
2025-09-23 18:10:00+00:00,176.39999389648438,176.6199951171875,176.37010192871094,176.3800048828125,46339
2025-09-23 18:15:00+00:00,176.40499877929688,176.49000549316406,176.33999633789062,176.36000061035156,43145
2025-09-23 18:20:00+00:00,176.3800048828125,176.49000549316406,176.36000061035156,176.40499877929688,39310
2025-09-23 18:25:00+00:00,176.52000427246094,176.57249450683594,176.35000610351562,176.3800048828125,59551
2025-09-23 18:30:00+00:00,176.6199951171875,176.71499633789062,176.52499389648438,176.5500030517578,27007
2025-09-23 18:35:00+00:00,176.72999572753906,176.77999877929688,176.6199951171875,176.6199951171875,35341
2025-09-23 18:40:00+00:00,176.55999755859375,176.73500061035156,176.543701171875,176.73500061035156,28253
2025-09-23 18:45:00+00:00,176.33999633789062,176.60000610351562,176.30999755859375,176.55999755859375,159206
2025-09-23 18:50:00+00:00,176.30999755859375,176.47000122070312,176.3000030517578,176.33999633789062,48392
2025-09-23 18:55:00+00:00,176.25,176.4199981689453,176.25,176.30999755859375,63684
2025-09-23 19:00:00+00:00,176.4499969482422,176.52999877929688,176.25999450683594,176.25999450683594,75931
2025-09-23 19:05:00+00:00,176.35000610351562,176.47509765625,176.3300018310547,176.44500732421875,50976
2025-09-23 19:10:00+00:00,176.25999450683594,176.33999633789062,176.1699981689453,176.33999633789062,58506
2025-09-23 19:15:00+00:00,176.19500732421875,176.2899932861328,176.1199951171875,176.25999450683594,57965
2025-09-23 19:20:00+00:00,176.0800018310547,176.20860290527344,175.99000549316406,176.20860290527344,66670
2025-09-23 19:25:00+00:00,176.0749969482422,176.17999267578125,176.0749969482422,176.10000610351562,75732
2025-09-23 19:30:00+00:00,176.0749969482422,176.0800018310547,175.9600067138672,176.07000732421875,88314
2025-09-23 19:35:00+00:00,176.07000732421875,176.0800018310547,175.89999389648438,176.0749969482422,78393
2025-09-23 19:40:00+00:00,175.9600067138672,176.0872039794922,175.9499969482422,176.05999755859375,79401
2025-09-23 19:45:00+00:00,176.1199951171875,176.14999389648438,175.9600067138672,175.9600067138672,85262
2025-09-23 19:50:00+00:00,176.27499389648438,176.375,176.05999755859375,176.1300048828125,158969
2025-09-23 19:55:00+00:00,176.5800018310547,176.60000610351562,176.16000366210938,176.2899932861328,540001
2025-09-24 13:30:00+00:00,176.4250030517578,176.44000244140625,175.7449951171875,176.13999938964844,179831
2025-09-24 13:35:00+00:00,176.3800048828125,176.4698028564453,176.125,176.35000610351562,51077
2025-09-24 13:40:00+00:00,176.25,176.4600067138672,175.9801025390625,176.39999389648438,39714
2025-09-24 13:45:00+00:00,176.0800018310547,176.22000122070312,175.8699951171875,176.2100067138672,49428
2025-09-24 13:50:00+00:00,175.89999389648438,176.1199951171875,175.8300018310547,176.0800018310547,33291
2025-09-24 13:55:00+00:00,175.96499633789062,176.05999755859375,175.83999633789062,175.88499450683594,38094
2025-09-24 14:00:00+00:00,175.8249969482422,175.98500061035156,175.7899932861328,175.88999938964844,31266
2025-09-24 14:05:00+00:00,175.9149932861328,175.93499755859375,175.74000549316406,175.8300018310547,31610
2025-09-24 14:10:00+00:00,176.35000610351562,176.389892578125,175.8699951171875,175.93150329589844,37587
2025-09-24 14:15:00+00:00,176.5301055908203,176.5800018310547,176.2100067138672,176.32000732421875,36541
2025-09-24 14:20:00+00:00,176.4250030517578,176.58999633789062,176.41000366210938,176.5500030517578,38124
2025-09-24 14:25:00+00:00,176.47999572753906,176.5500030517578,176.36000061035156,176.4250030517578,43642
2025-09-24 14:30:00+00:00,176.39500427246094,176.57510375976562,176.3699951171875,176.4949951171875,27919
2025-09-24 14:35:00+00:00,176.39999389648438,176.47999572753906,176.3800048828125,176.40499877929688,29738
2025-09-24 14:40:00+00:00,176.59860229492188,176.59860229492188,176.3699951171875,176.42999267578125,28153
2025-09-24 14:45:00+00:00,176.5800018310547,176.69000244140625,176.5800018310547,176.59280395507812,23606
2025-09-24 14:50:00+00:00,176.60000610351562,176.64999389648438,176.5500030517578,176.60499572753906,17103
2025-09-24 14:55:00+00:00,176.69000244140625,176.77000427246094,176.5399932861328,176.58920288085938,37803
2025-09-24 15:00:00+00:00,176.68499755859375,176.7100067138672,176.56500244140625,176.6909942626953,20457
2025-09-24 15:05:00+00:00,176.625,176.7050018310547,176.61000061035156,176.6999969482422,37547
2025-09-24 15:10:00+00:00,176.3699951171875,176.6300048828125,176.36000061035156,176.625,19349
2025-09-24 15:15:00+00:00,176.39999389648438,176.52999877929688,176.38999938964844,176.39999389648438,24390
2025-09-24 15:20:00+00:00,176.3300018310547,176.52000427246094,176.32000732421875,176.42999267578125,24140
2025-09-24 15:25:00+00:00,176.27000427246094,176.33999633789062,176.16000366210938,176.3300018310547,39222
2025-09-24 15:30:00+00:00,176.3699951171875,176.4949951171875,176.2899932861328,176.3000030517578,40340
2025-09-24 15:35:00+00:00,176.43499755859375,176.5,176.3800048828125,176.38999938964844,20158
2025-09-24 15:40:00+00:00,176.4250030517578,176.47999572753906,176.3800048828125,176.43499755859375,19593
2025-09-24 15:45:00+00:00,176.3925018310547,176.52000427246094,176.3925018310547,176.43499755859375,22585
2025-09-24 15:50:00+00:00,176.41920471191406,176.42999267578125,176.33999633789062,176.38999938964844,15740
2025-09-24 15:55:00+00:00,176.43499755859375,176.60000610351562,176.4199981689453,176.46009826660156,17251
2025-09-24 16:00:00+00:00,176.625,176.625,176.44000244140625,176.47000122070312,17102
2025-09-24 16:05:00+00:00,176.6199951171875,176.63999938964844,176.47999572753906,176.625,41838
2025-09-24 16:10:00+00:00,176.44000244140625,176.7100067138672,176.42999267578125,176.5850067138672,28038
2025-09-24 16:15:00+00:00,176.47999572753906,176.50999450683594,176.38999938964844,176.38999938964844,23285
2025-09-24 16:20:00+00:00,176.47000122070312,176.55599975585938,176.4499969482422,176.49000549316406,15844
2025-09-24 16:25:00+00:00,176.468994140625,176.5,176.39999389648438,176.4600067138672,26041
2025-09-24 16:30:00+00:00,176.53500366210938,176.57000732421875,176.42999267578125,176.42999267578125,47652
2025-09-24 16:35:00+00:00,176.41000366210938,176.53500366210938,176.3800048828125,176.53500366210938,34172
2025-09-24 16:40:00+00:00,176.48500061035156,176.55999755859375,176.38999938964844,176.4149932861328,33000
2025-09-24 16:45:00+00:00,176.52999877929688,176.58749389648438,176.46009826660156,176.49420166015625,26680
2025-09-24 16:50:00+00:00,176.69500732421875,176.72999572753906,176.52679443359375,176.52679443359375,25155
2025-09-24 16:55:00+00:00,176.822998046875,176.8300018310547,176.68899536132812,176.68899536132812,19317
2025-09-24 17:00:00+00:00,176.80999755859375,176.82640075683594,176.72000122070312,176.80999755859375,25867
2025-09-24 17:05:00+00:00,176.80999755859375,176.86000061035156,176.72000122070312,176.80999755859375,25058
2025-09-24 17:10:00+00:00,176.75999450683594,176.9499969482422,176.75,176.8699951171875,46092
2025-09-24 17:15:00+00:00,176.789794921875,176.88999938964844,176.72030639648438,176.76919555664062,22230
2025-09-24 17:20:00+00:00,176.8455047607422,176.8455047607422,176.72000122070312,176.78500366210938,17804
2025-09-24 17:25:00+00:00,176.86000061035156,176.86000061035156,176.7729949951172,176.7899932861328,24949
2025-09-24 17:30:00+00:00,176.86000061035156,176.872802734375,176.77059936523438,176.872802734375,34268
2025-09-24 17:35:00+00:00,176.69000244140625,176.8699951171875,176.63999938964844,176.8699951171875,22560
2025-09-24 17:40:00+00:00,176.78460693359375,176.8000030517578,176.63999938964844,176.7050018310547,29209
2025-09-24 17:45:00+00:00,176.6699981689453,176.78500366210938,176.58999633789062,176.78500366210938,19641
2025-09-24 17:50:00+00:00,176.60499572753906,176.7100067138672,176.60000610351562,176.67999267578125,20897
2025-09-24 17:55:00+00:00,176.4199981689453,176.63999938964844,176.4199981689453,176.6199951171875,17729
2025-09-24 18:00:00+00:00,176.50999450683594,176.5500030517578,176.3300018310547,176.40679931640625,28143
2025-09-24 18:05:00+00:00,176.52999877929688,176.5399932861328,176.4499969482422,176.50999450683594,19713
2025-09-24 18:10:00+00:00,176.5,176.5612030029297,176.4600067138672,176.50999450683594,32015
2025-09-24 18:15:00+00:00,176.6199951171875,176.6300048828125,176.4499969482422,176.50999450683594,23686
2025-09-24 18:20:00+00:00,176.6199951171875,176.63999938964844,176.5449981689453,176.61000061035156,32300
2025-09-24 18:25:00+00:00,176.6385955810547,176.6999969482422,176.56500244140625,176.6199951171875,24059
2025-09-24 18:30:00+00:00,176.72000122070312,176.74000549316406,176.59719848632812,176.6300048828125,30446
2025-09-24 18:35:00+00:00,176.7100067138672,176.75999450683594,176.69000244140625,176.72000122070312,21416
2025-09-24 18:40:00+00:00,176.6999969482422,176.6999969482422,176.6199951171875,176.69760131835938,18047
2025-09-24 18:45:00+00:00,176.55999755859375,176.74000549316406,176.5500030517578,176.70010375976562,41358
2025-09-24 18:50:00+00:00,176.6295928955078,176.66000366210938,176.57000732421875,176.58999633789062,26529
2025-09-24 18:55:00+00:00,176.6300048828125,176.6699981689453,176.5800018310547,176.6300048828125,34837
2025-09-24 19:00:00+00:00,176.61500549316406,176.6750030517578,176.56649780273438,176.6199951171875,28036
2025-09-24 19:05:00+00:00,176.47999572753906,176.6300048828125,176.4250030517578,176.6300048828125,26321
2025-09-24 19:10:00+00:00,176.4499969482422,176.50999450683594,176.4199981689453,176.47500610351562,30095
2025-09-24 19:15:00+00:00,176.4199981689453,176.47439575195312,176.32000732421875,176.4600067138672,46324
2025-09-24 19:20:00+00:00,176.43499755859375,176.52999877929688,176.39999389648438,176.39999389648438,35698
2025-09-24 19:25:00+00:00,176.4844512939453,176.52999877929688,176.42739868164062,176.42739868164062,28420
2025-09-24 19:30:00+00:00,176.47999572753906,176.5399932861328,176.4499969482422,176.5050048828125,60039
2025-09-24 19:35:00+00:00,176.5500030517578,176.5500030517578,176.4095001220703,176.47000122070312,48435
2025-09-24 19:40:00+00:00,176.5800018310547,176.60000610351562,176.47000122070312,176.55499267578125,48164
2025-09-24 19:45:00+00:00,176.61000061035156,176.6199951171875,176.5500030517578,176.5800018310547,53428
2025-09-24 19:50:00+00:00,176.5050048828125,176.75,176.49000549316406,176.60000610351562,100330
2025-09-24 19:55:00+00:00,176.65499877929688,176.7050018310547,176.44000244140625,176.4949951171875,382299
2025-09-25 13:30:00+00:00,177.7899932861328,178.3699951171875,177.0,177.1999969482422,302194
2025-09-25 13:35:00+00:00,178.07290649414062,178.08999633789062,177.60000610351562,177.72999572753906,114532
2025-09-25 13:40:00+00:00,178.39999389648438,178.39999389648438,177.83999633789062,178.08999633789062,141025
2025-09-25 13:45:00+00:00,177.75,178.33999633789062,177.64999389648438,178.33999633789062,105555
2025-09-25 13:50:00+00:00,177.66000366210938,177.9199981689453,177.6199951171875,177.66000366210938,71825
2025-09-25 13:55:00+00:00,177.7899932861328,177.7899932861328,177.41000366210938,177.65499877929688,76522
2025-09-25 14:00:00+00:00,177.47000122070312,177.94000244140625,177.47000122070312,177.7899932861328,87198
2025-09-25 14:05:00+00:00,177.59500122070312,177.64999389648438,177.3699951171875,177.4499969482422,47074
2025-09-25 14:10:00+00:00,176.9600067138672,177.625,176.85000610351562,177.58999633789062,115166
2025-09-25 14:15:00+00:00,177.33999633789062,177.44500732421875,176.99000549316406,177.0,90046
2025-09-25 14:20:00+00:00,177.09500122070312,177.33999633789062,177.0500030517578,177.33999633789062,83047
2025-09-25 14:25:00+00:00,177.16000366210938,177.3300018310547,177.05999755859375,177.08999633789062,83280
2025-09-25 14:30:00+00:00,177.125,177.19000244140625,176.9600067138672,177.1649932861328,65082
2025-09-25 14:35:00+00:00,176.91000366210938,177.1956024169922,176.8300018310547,177.10000610351562,98554
2025-09-25 14:40:00+00:00,176.90280151367188,177.17999267578125,176.89259338378906,176.9058074951172,67750
2025-09-25 14:45:00+00:00,176.6824951171875,176.9199981689453,176.66000366210938,176.91000366210938,53776
2025-09-25 14:50:00+00:00,176.71249389648438,176.74609375,176.44000244140625,176.66000366210938,59170
2025-09-25 14:55:00+00:00,176.69960021972656,176.72000122070312,176.41000366210938,176.72000122070312,47607
2025-09-25 15:00:00+00:00,176.47039794921875,176.7550048828125,176.41000366210938,176.6999969482422,36237
2025-09-25 15:05:00+00:00,176.39999389648438,176.50999450683594,176.30999755859375,176.46499633789062,51496
2025-09-25 15:10:00+00:00,176.5500030517578,176.5500030517578,176.25999450683594,176.39999389648438,45384
2025-09-25 15:15:00+00:00,176.6011962890625,176.69000244140625,176.5399932861328,176.5500030517578,34356
2025-09-25 15:20:00+00:00,176.41000366210938,176.6699981689453,176.39999389648438,176.58999633789062,50841
2025-09-25 15:25:00+00:00,176.13999938964844,176.48500061035156,176.09500122070312,176.41000366210938,91790
2025-09-25 15:30:00+00:00,176.11000061035156,176.19500732421875,176.04100036621094,176.08999633789062,42149
2025-09-25 15:35:00+00:00,176.1300048828125,176.16000366210938,175.97999572753906,176.1199951171875,48837
2025-09-25 15:40:00+00:00,176.05999755859375,176.1699981689453,175.94000244140625,176.1199951171875,62669
2025-09-25 15:45:00+00:00,176.08999633789062,176.1199951171875,175.91000366210938,176.0500030517578,33760
2025-09-25 15:50:00+00:00,176.125,176.24000549316406,176.02999877929688,176.09500122070312,54205
2025-09-25 15:55:00+00:00,176.0500030517578,176.16700744628906,176.02000427246094,176.13999938964844,29709
2025-09-25 16:00:00+00:00,176.02000427246094,176.22999572753906,175.92999267578125,176.0500030517578,79000
2025-09-25 16:05:00+00:00,176.27999877929688,176.32000732421875,176.0,176.02000427246094,47090
2025-09-25 16:10:00+00:00,176.55499267578125,176.57000732421875,176.22999572753906,176.27999877929688,61300
2025-09-25 16:15:00+00:00,176.42999267578125,176.61549377441406,176.23500061035156,176.53509521484375,86294
2025-09-25 16:20:00+00:00,176.5399932861328,176.6300048828125,176.4499969482422,176.4600067138672,46171
2025-09-25 16:25:00+00:00,176.5800018310547,176.74000549316406,176.55499267578125,176.55999755859375,92580
2025-09-25 16:30:00+00:00,176.64999389648438,176.74000549316406,176.57000732421875,176.5749969482422,59612
2025-09-25 16:35:00+00:00,176.8699951171875,176.8699951171875,176.6199951171875,176.64500427246094,34598
2025-09-25 16:40:00+00:00,176.88999938964844,177.02999877929688,176.86000061035156,176.8699951171875,44322
2025-09-25 16:45:00+00:00,176.7550048828125,176.89559936523438,176.61000061035156,176.89559936523438,66029
2025-09-25 16:50:00+00:00,176.77000427246094,176.80999755859375,176.69000244140625,176.77000427246094,37934
2025-09-25 16:55:00+00:00,176.82000732421875,176.8300018310547,176.64999389648438,176.75,55844
2025-09-25 17:00:00+00:00,176.8000030517578,176.8699951171875,176.7100067138672,176.8000030517578,57538
2025-09-25 17:05:00+00:00,176.7449951171875,176.86000061035156,176.72000122070312,176.80499267578125,45172
2025-09-25 17:10:00+00:00,176.64999389648438,176.8000030517578,176.61000061035156,176.72999572753906,60961
2025-09-25 17:15:00+00:00,176.81500244140625,176.85499572753906,176.57000732421875,176.66000366210938,94230
2025-09-25 17:20:00+00:00,176.75,176.89500427246094,176.6999969482422,176.77000427246094,44383
2025-09-25 17:25:00+00:00,176.8470001220703,176.8699951171875,176.6999969482422,176.77000427246094,97804
2025-09-25 17:30:00+00:00,176.83999633789062,177.0,176.75999450683594,176.8300018310547,98809
2025-09-25 17:35:00+00:00,176.97500610351562,177.02000427246094,176.7899932861328,176.8300018310547,80804
2025-09-25 17:40:00+00:00,176.94000244140625,177.0,176.875,176.98500061035156,39698
2025-09-25 17:45:00+00:00,176.8300018310547,176.9499969482422,176.7949981689453,176.93499755859375,45094
2025-09-25 17:50:00+00:00,176.82000732421875,176.89999389648438,176.77999877929688,176.8300018310547,55099
2025-09-25 17:55:00+00:00,176.85000610351562,176.91000366210938,176.8000030517578,176.8300018310547,77507
2025-09-25 18:00:00+00:00,176.97000122070312,177.13499450683594,176.85000610351562,176.86000061035156,238887
2025-09-25 18:05:00+00:00,177.0,177.089599609375,176.89500427246094,176.99000549316406,67571
2025-09-25 18:10:00+00:00,176.9550018310547,177.05499267578125,176.8800048828125,177.0,92011
2025-09-25 18:15:00+00:00,177.0800018310547,177.17999267578125,176.89500427246094,176.9600067138672,42826
2025-09-25 18:20:00+00:00,177.10000610351562,177.14999389648438,177.02000427246094,177.07000732421875,41401
2025-09-25 18:25:00+00:00,177.19410705566406,177.19500732421875,177.0500030517578,177.125,40002
2025-09-25 18:30:00+00:00,177.19000244140625,177.1999969482422,177.13499450683594,177.18499755859375,43386
2025-09-25 18:35:00+00:00,177.11500549316406,177.17999267578125,177.0500030517578,177.17999267578125,40777
2025-09-25 18:40:00+00:00,177.1649932861328,177.17999267578125,177.11000061035156,177.11500549316406,38805
2025-09-25 18:45:00+00:00,177.05999755859375,177.17999267578125,177.05999755859375,177.16000366210938,38586
2025-09-25 18:50:00+00:00,176.94000244140625,177.10000610351562,176.94000244140625,177.0399932861328,53936
2025-09-25 18:55:00+00:00,177.12060546875,177.12060546875,176.9499969482422,176.9600067138672,48635
2025-09-25 19:00:00+00:00,177.13999938964844,177.24000549316406,177.11000061035156,177.1300048828125,72105
2025-09-25 19:05:00+00:00,177.2100067138672,177.2100067138672,177.11000061035156,177.14999389648438,40574
2025-09-25 19:10:00+00:00,177.27999877929688,177.30999755859375,177.21499633789062,177.22000122070312,79897
2025-09-25 19:15:00+00:00,177.3699951171875,177.47999572753906,177.25999450683594,177.27999877929688,125702
2025-09-25 19:20:00+00:00,177.3000030517578,177.38999938964844,177.25999450683594,177.3800048828125,60639
2025-09-25 19:25:00+00:00,177.26499938964844,177.3800048828125,177.1699981689453,177.30999755859375,102350
2025-09-25 19:30:00+00:00,177.28500366210938,177.39500427246094,177.23199462890625,177.27999877929688,109234
2025-09-25 19:35:00+00:00,177.32000732421875,177.331298828125,177.22999572753906,177.3000030517578,89208
2025-09-25 19:40:00+00:00,177.5050048828125,177.52999877929688,177.24000549316406,177.32000732421875,123750
2025-09-25 19:45:00+00:00,177.55999755859375,177.5800018310547,177.44000244140625,177.5050048828125,145415
2025-09-25 19:50:00+00:00,177.64500427246094,177.75999450683594,177.44000244140625,177.55999755859375,241659
2025-09-25 19:55:00+00:00,177.7449951171875,177.81500244140625,177.5175018310547,177.63999938964844,549682
2025-09-26 13:30:00+00:00,177.9600067138672,178.60000610351562,177.32000732421875,178.60000610351562,354296
2025-09-26 13:35:00+00:00,178.1999969482422,178.35499572753906,177.7100067138672,177.89999389648438,139077
2025-09-26 13:40:00+00:00,178.5,178.58999633789062,178.0500030517578,178.14500427246094,87003
2025-09-26 13:45:00+00:00,178.2899932861328,178.5,178.24000549316406,178.4250030517578,58922
2025-09-26 13:50:00+00:00,178.38999938964844,178.47740173339844,178.2100067138672,178.27999877929688,117447
2025-09-26 13:55:00+00:00,178.5500030517578,178.6199951171875,178.375,178.44000244140625,76303
2025-09-26 14:00:00+00:00,178.59500122070312,178.74000549316406,178.27000427246094,178.55999755859375,97102
2025-09-26 14:05:00+00:00,178.55499267578125,178.8300018310547,178.49000549316406,178.58999633789062,70747
2025-09-26 14:10:00+00:00,178.6300048828125,178.67999267578125,178.47999572753906,178.58999633789062,52063
2025-09-26 14:15:00+00:00,178.6300048828125,178.64999389648438,178.39500427246094,178.6199951171875,55953
2025-09-26 14:20:00+00:00,178.5399932861328,178.66000366210938,178.47000122070312,178.66000366210938,60476
2025-09-26 14:25:00+00:00,178.77999877929688,178.86000061035156,178.47000122070312,178.54200744628906,70609
2025-09-26 14:30:00+00:00,178.8800048828125,178.8800048828125,178.69009399414062,178.80999755859375,42427
2025-09-26 14:35:00+00:00,179.0023956298828,179.05999755859375,178.72999572753906,178.8699951171875,161431
2025-09-26 14:40:00+00:00,178.89999389648438,179.22500610351562,178.8300018310547,178.97999572753906,138126
2025-09-26 14:45:00+00:00,179.0850067138672,179.2100067138672,178.8300018310547,178.92100524902344,265202
2025-09-26 14:50:00+00:00,179.19500732421875,179.22000122070312,178.8350067138672,179.11000061035156,210354
2025-09-26 14:55:00+00:00,179.15249633789062,179.19500732421875,178.9499969482422,179.19500732421875,110267
2025-09-26 15:00:00+00:00,179.27000427246094,179.3249969482422,178.97999572753906,179.14100646972656,123036
2025-09-26 15:05:00+00:00,179.49000549316406,179.5749969482422,179.22000122070312,179.27999877929688,101790
2025-09-26 15:10:00+00:00,179.19000244140625,179.58999633789062,179.1313934326172,179.50999450683594,125065
2025-09-26 15:15:00+00:00,179.2100067138672,179.53500366210938,179.07000732421875,179.18099975585938,127712
2025-09-26 15:20:00+00:00,179.13999938964844,179.36500549316406,179.0399932861328,179.1999969482422,97777
2025-09-26 15:25:00+00:00,179.0800018310547,179.19000244140625,179.02000427246094,179.1199951171875,46550
2025-09-26 15:30:00+00:00,179.13999938964844,179.27999877929688,179.00999450683594,179.0991973876953,97060
2025-09-26 15:35:00+00:00,178.97999572753906,179.3000030517578,178.91000366210938,179.14999389648438,83141
2025-09-26 15:40:00+00:00,179.0050048828125,179.1699981689453,178.88999938964844,178.97999572753906,111786
2025-09-26 15:45:00+00:00,178.85000610351562,179.02740478515625,178.82000732421875,179.02740478515625,35421
2025-09-26 15:50:00+00:00,178.8699951171875,178.9199981689453,178.58999633789062,178.83949279785156,105646
2025-09-26 15:55:00+00:00,178.9499969482422,178.9499969482422,178.77999877929688,178.88999938964844,52533
2025-09-26 16:00:00+00:00,179.08999633789062,179.22500610351562,178.9199981689453,178.94000244140625,120246
2025-09-26 16:05:00+00:00,179.13999938964844,179.14500427246094,178.9149932861328,179.0800018310547,34688
2025-09-26 16:10:00+00:00,179.02499389648438,179.17999267578125,178.99000549316406,179.13999938964844,20700
2025-09-26 16:15:00+00:00,178.94000244140625,179.0749969482422,178.94000244140625,179.04739379882812,29029
2025-09-26 16:20:00+00:00,178.94839477539062,179.0,178.8800048828125,178.92750549316406,22995
2025-09-26 16:25:00+00:00,179.1300048828125,179.14500427246094,178.9199981689453,178.9217071533203,45782
2025-09-26 16:30:00+00:00,179.1300048828125,179.2100067138672,179.0399932861328,179.13180541992188,85139
2025-09-26 16:35:00+00:00,178.97999572753906,179.1649932861328,178.9600067138672,179.13999938964844,46911
2025-09-26 16:40:00+00:00,179.09500122070312,179.1699981689453,178.96519470214844,178.96519470214844,30282
2025-09-26 16:45:00+00:00,179.0800018310547,179.1199951171875,178.9499969482422,179.1199951171875,32197
2025-09-26 16:50:00+00:00,179.22999572753906,179.27000427246094,179.02000427246094,179.08999633789062,41154
2025-09-26 16:55:00+00:00,179.44000244140625,179.4499969482422,179.2100067138672,179.2100067138672,34179
2025-09-26 17:00:00+00:00,179.33999633789062,179.44000244140625,179.33999633789062,179.43280029296875,23456
2025-09-26 17:05:00+00:00,179.5738067626953,179.61000061035156,179.3000030517578,179.36000061035156,74009
2025-09-26 17:10:00+00:00,179.52699279785156,179.5800018310547,179.43020629882812,179.55999755859375,40579
2025-09-26 17:15:00+00:00,179.4949951171875,179.55999755859375,179.4600067138672,179.4949951171875,25358
2025-09-26 17:20:00+00:00,179.54010009765625,179.56500244140625,179.35000610351562,179.4949951171875,42793
2025-09-26 17:25:00+00:00,179.5800018310547,179.60000610351562,179.47279357910156,179.5200958251953,36464
2025-09-26 17:30:00+00:00,179.55499267578125,179.6300048828125,179.52999877929688,179.5800018310547,31911
2025-09-26 17:35:00+00:00,179.5399932861328,179.55999755859375,179.42999267578125,179.55499267578125,39865
2025-09-26 17:40:00+00:00,179.5,179.6199951171875,179.49000549316406,179.5135040283203,27311
2025-09-26 17:45:00+00:00,179.4488067626953,179.5800018310547,179.43499755859375,179.50999450683594,24816
2025-09-26 17:50:00+00:00,179.34500122070312,179.5449981689453,179.3300018310547,179.4550018310547,42973
2025-09-26 17:55:00+00:00,179.52000427246094,179.52000427246094,179.25,179.34500122070312,59086
2025-09-26 18:00:00+00:00,179.5,179.5850067138672,179.39999389648438,179.51499938964844,31842
2025-09-26 18:05:00+00:00,179.35000610351562,179.52000427246094,179.3000030517578,179.4949951171875,47743
2025-09-26 18:10:00+00:00,179.3300018310547,179.3699951171875,179.25,179.35000610351562,39010
2025-09-26 18:15:00+00:00,179.22500610351562,179.39999389648438,179.22000122070312,179.3699951171875,41394
2025-09-26 18:20:00+00:00,179.4199981689453,179.45159912109375,179.1999969482422,179.1999969482422,37694
2025-09-26 18:25:00+00:00,179.4499969482422,179.5399932861328,179.3800048828125,179.4250030517578,46264
2025-09-26 18:30:00+00:00,179.47999572753906,179.51499938964844,179.3300018310547,179.42999267578125,37494
2025-09-26 18:35:00+00:00,179.50999450683594,179.52999877929688,179.4499969482422,179.4759063720703,21300
2025-09-26 18:40:00+00:00,179.56500244140625,179.58999633789062,179.47999572753906,179.50100708007812,35988
2025-09-26 18:45:00+00:00,179.59410095214844,179.6009979248047,179.52999877929688,179.58999633789062,35706
2025-09-26 18:50:00+00:00,179.60499572753906,179.63999938964844,179.57000732421875,179.60000610351562,34212
2025-09-26 18:55:00+00:00,179.50999450683594,179.64100646972656,179.4600067138672,179.60000610351562,57404
2025-09-26 19:00:00+00:00,179.57000732421875,179.60000610351562,179.50999450683594,179.52000427246094,32466
2025-09-26 19:05:00+00:00,179.50999450683594,179.60000610351562,179.50999450683594,179.5800018310547,43228
2025-09-26 19:10:00+00:00,179.72999572753906,179.74000549316406,179.50999450683594,179.50999450683594,109325
2025-09-26 19:15:00+00:00,179.61000061035156,179.7449951171875,179.57000732421875,179.73500061035156,90171
2025-09-26 19:20:00+00:00,179.50999450683594,179.64999389648438,179.50999450683594,179.63499450683594,68066
2025-09-26 19:25:00+00:00,179.52999877929688,179.57000732421875,179.41000366210938,179.5,96948
2025-09-26 19:30:00+00:00,179.65499877929688,179.67999267578125,179.47000122070312,179.52000427246094,90171
2025-09-26 19:35:00+00:00,179.72999572753906,179.7550048828125,179.63499450683594,179.66000366210938,48657
2025-09-26 19:40:00+00:00,179.77000427246094,179.77499389648438,179.6300048828125,179.74000549316406,180635
2025-09-26 19:45:00+00:00,179.85000610351562,179.85000610351562,179.72000122070312,179.77000427246094,123745
2025-09-26 19:50:00+00:00,179.83999633789062,179.8800048828125,179.57000732421875,179.8300018310547,217611
2025-09-26 19:55:00+00:00,179.69000244140625,179.91000366210938,179.61000061035156,179.86000061035156,799837
2025-09-29 13:30:00+00:00,180.2100067138672,180.75,179.8000030517578,179.8249969482422,489219
2025-09-29 13:35:00+00:00,180.5200042724609,180.63999938964844,180.13999938964844,180.2100067138672,97568
2025-09-29 13:40:00+00:00,180.1750030517578,180.639892578125,179.89999389648438,180.4626007080078,93013
2025-09-29 13:45:00+00:00,180.2899932861328,180.6649932861328,180.1300048828125,180.1999969482422,93730
2025-09-29 13:50:00+00:00,179.94500732421875,180.33999633789065,179.83999633789062,180.2899932861328,85872
2025-09-29 13:55:00+00:00,180.10499572753906,180.3000030517578,179.9499969482422,179.9550018310547,85512
2025-09-29 14:00:00+00:00,180.3300018310547,180.75,180.1699981689453,180.1699981689453,106881
2025-09-29 14:05:00+00:00,180.47999572753903,180.50999450683597,180.28140258789065,180.3300018310547,76572
2025-09-29 14:10:00+00:00,180.33990478515625,180.50999450683597,180.1811065673828,180.45050048828125,64880
2025-09-29 14:15:00+00:00,180.0749969482422,180.30999755859372,179.99000549316406,180.30999755859372,70590
2025-09-29 14:20:00+00:00,180.05999755859375,180.16000366210935,179.97999572753906,180.0800018310547,61931
2025-09-29 14:25:00+00:00,180.27999877929688,180.35240173339844,180.0050048828125,180.0500030517578,73550
2025-09-29 14:30:00+00:00,180.2100067138672,180.3699951171875,180.17999267578125,180.2949981689453,52093
2025-09-29 14:35:00+00:00,180.6499938964844,180.6499938964844,180.16000366210935,180.2050018310547,61640
2025-09-29 14:40:00+00:00,180.8000030517578,180.88999938964844,180.6199951171875,180.6432037353516,97726
2025-09-29 14:45:00+00:00,180.83999633789065,180.8500061035156,180.67999267578125,180.83839416503903,87815
2025-09-29 14:50:00+00:00,180.8000030517578,180.83999633789065,180.6708068847656,180.8300018310547,39176
2025-09-29 14:55:00+00:00,180.72999572753903,180.92999267578125,180.5709991455078,180.8000030517578,68432
2025-09-29 15:00:00+00:00,180.6875,180.7700042724609,180.5399932861328,180.72999572753903,72975
2025-09-29 15:05:00+00:00,180.7550048828125,180.75999450683597,180.5500030517578,180.6649932861328,42569
2025-09-29 15:10:00+00:00,180.6300048828125,180.8500061035156,180.6000061035156,180.7550048828125,97217
2025-09-29 15:15:00+00:00,180.4750061035156,180.66000366210935,180.4750061035156,180.63720703125,49898
2025-09-29 15:20:00+00:00,180.52960205078125,180.52999877929688,180.34500122070312,180.41000366210935,72548
2025-09-29 15:25:00+00:00,180.52999877929688,180.67999267578125,180.47999572753903,180.5500030517578,55711
2025-09-29 15:30:00+00:00,180.5,180.6199951171875,180.47999572753903,180.5200042724609,54791
2025-09-29 15:35:00+00:00,180.5399932861328,180.69000244140625,180.38999938964844,180.5200042724609,66127
2025-09-29 15:40:00+00:00,180.5749969482422,180.6000061035156,180.4700927734375,180.5399932861328,32999
2025-09-29 15:45:00+00:00,180.5749969482422,180.6725006103516,180.4550018310547,180.58999633789065,72386
2025-09-29 15:50:00+00:00,180.6150054931641,180.6699981689453,180.50999450683597,180.57000732421875,89321
2025-09-29 15:55:00+00:00,180.63999938964844,180.66940307617188,180.5200958251953,180.6150054931641,80515
2025-09-29 16:00:00+00:00,180.65499877929688,180.7100067138672,180.4425048828125,180.63999938964844,97374
2025-09-29 16:05:00+00:00,180.76536560058597,180.78500366210935,180.58999633789065,180.6499938964844,74902
2025-09-29 16:10:00+00:00,180.60240173339844,180.75999450683597,180.4779052734375,180.7550048828125,41575
2025-09-29 16:15:00+00:00,180.7530059814453,180.8699951171875,180.59500122070312,180.59500122070312,84254
2025-09-29 16:20:00+00:00,180.78500366210935,180.80999755859372,180.6999969482422,180.7350006103516,27139
2025-09-29 16:25:00+00:00,181.0,181.0399932861328,180.7884063720703,180.7884063720703,137793
2025-09-29 16:30:00+00:00,181.0449981689453,181.1300048828125,180.9900054931641,181.03460693359372,50837
2025-09-29 16:35:00+00:00,181.1999053955078,181.1999969482422,180.97999572753903,181.02999877929688,44903
2025-09-29 16:40:00+00:00,181.08999633789065,181.25,181.03500366210935,181.19500732421875,45476
2025-09-29 16:45:00+00:00,181.00999450683597,181.1100006103516,180.9709014892578,181.1009979248047,44271
2025-09-29 16:50:00+00:00,180.625,181.02999877929688,180.5800018310547,181.0,65110
2025-09-29 16:55:00+00:00,181.02999877929688,181.16000366210935,180.50999450683597,180.6199951171875,82839
2025-09-29 17:00:00+00:00,181.03500366210935,181.1100006103516,180.97000122070312,181.05999755859372,47038
2025-09-29 17:05:00+00:00,180.875,181.0800018310547,180.84100341796875,181.0800018310547,40714
2025-09-29 17:10:00+00:00,180.9900054931641,181.00999450683597,180.81500244140625,180.88499450683597,30550
2025-09-29 17:15:00+00:00,181.0399932861328,181.05999755859372,180.92999267578125,180.9900054931641,48661
2025-09-29 17:20:00+00:00,181.05999755859372,181.1999969482422,181.02999877929688,181.07000732421875,60194
2025-09-29 17:25:00+00:00,181.0449981689453,181.08999633789065,180.9550018310547,181.0612030029297,36553
2025-09-29 17:30:00+00:00,181.0500030517578,181.05999755859372,180.9600067138672,181.0576019287109,49482
2025-09-29 17:35:00+00:00,180.9900054931641,181.0800018310547,180.9600067138672,181.0399932861328,51348
2025-09-29 17:40:00+00:00,180.97300720214844,181.0200042724609,180.9199981689453,180.9900054931641,41471
2025-09-29 17:45:00+00:00,181.05499267578125,181.1100006103516,180.9573974609375,180.96499633789065,37342
2025-09-29 17:50:00+00:00,181.16000366210935,181.18499755859372,181.0399932861328,181.07000732421875,55540
2025-09-29 17:55:00+00:00,181.10499572753903,181.1699981689453,181.0200042724609,181.15499877929688,24579
2025-09-29 18:00:00+00:00,181.1000061035156,181.1100006103516,181.00999450683597,181.1100006103516,69740
2025-09-29 18:05:00+00:00,181.0500030517578,181.1699981689453,181.0500030517578,181.08999633789065,38726
2025-09-29 18:10:00+00:00,181.19000244140625,181.22999572753903,181.0399932861328,181.0500030517578,38225
2025-09-29 18:15:00+00:00,181.24020385742188,181.2899932861328,181.13999938964844,181.2100067138672,39175
2025-09-29 18:20:00+00:00,181.32000732421875,181.3699951171875,181.2050018310547,181.2100067138672,52199
2025-09-29 18:25:00+00:00,181.3650054931641,181.38999938964844,181.2700042724609,181.30999755859372,71107
2025-09-29 18:30:00+00:00,181.4125061035156,181.4600067138672,181.3500061035156,181.3737030029297,85380
2025-09-29 18:35:00+00:00,181.4600067138672,181.5200042724609,181.4199981689453,181.4199981689453,80056
2025-09-29 18:40:00+00:00,181.4900054931641,181.52999877929688,181.4499969482422,181.47000122070312,63823
2025-09-29 18:45:00+00:00,181.47000122070312,181.5500030517578,181.4499969482422,181.49639892578125,57825
2025-09-29 18:50:00+00:00,181.50999450683597,181.5449981689453,181.4499969482422,181.4499969482422,63204
2025-09-29 18:55:00+00:00,181.4600067138672,181.5200042724609,181.44000244140625,181.50999450683597,59159
2025-09-29 19:00:00+00:00,181.4600067138672,181.5496063232422,181.4499969482422,181.47000122070312,75169
2025-09-29 19:05:00+00:00,181.32000732421875,181.52999877929688,181.32000732421875,181.4600067138672,53227
2025-09-29 19:10:00+00:00,181.3800048828125,181.4550018310547,181.17999267578125,181.31900024414065,83410
2025-09-29 19:15:00+00:00,181.28500366210935,181.41000366210935,181.27999877929688,181.38999938964844,109487
2025-09-29 19:20:00+00:00,181.3000030517578,181.4149932861328,181.26499938964844,181.28500366210935,79280
2025-09-29 19:25:00+00:00,181.3800048828125,181.38999938964844,181.25999450683597,181.32000732421875,65536
2025-09-29 19:30:00+00:00,181.52999877929688,181.56809997558597,181.3600006103516,181.375,96051
2025-09-29 19:35:00+00:00,181.63499450683597,181.6699981689453,181.52999877929688,181.52999877929688,67835
2025-09-29 19:40:00+00:00,181.72000122070312,181.8650054931641,181.6199951171875,181.63999938964844,95734
2025-09-29 19:45:00+00:00,181.71499633789065,181.72999572753903,181.52999877929688,181.72000122070312,142529
2025-09-29 19:50:00+00:00,181.6699981689453,181.75,181.6199951171875,181.7001037597656,186198
2025-09-29 19:55:00+00:00,181.66000366210935,181.7400054931641,181.55999755859372,181.67999267578125,418067
2025-09-30 13:30:00+00:00,181.8000030517578,182.32000732421875,181.07000732421875,181.6999969482422,563839
2025-09-30 13:35:00+00:00,182.0050048828125,182.31500244140625,181.57009887695312,181.82000732421875,74706
2025-09-30 13:40:00+00:00,182.33999633789065,182.5500030517578,182.00999450683597,182.00999450683597,109070
2025-09-30 13:45:00+00:00,182.1000061035156,182.4199066162109,182.00010681152344,182.33999633789065,68386
2025-09-30 13:50:00+00:00,182.5850067138672,182.6300048828125,182.02999877929688,182.0399932861328,96307
2025-09-30 13:55:00+00:00,183.2400054931641,183.31500244140625,182.4900054931641,182.5850067138672,275483
2025-09-30 14:00:00+00:00,183.07000732421875,183.30999755859372,182.8500061035156,183.22000122070312,112783
2025-09-30 14:05:00+00:00,183.4499969482422,183.4600067138672,183.0200042724609,183.0249938964844,103968
2025-09-30 14:10:00+00:00,183.9499969482422,183.97999572753903,183.43060302734372,183.4499969482422,169762
2025-09-30 14:15:00+00:00,184.0800018310547,184.0800018310547,183.7100067138672,183.93499755859372,150881
2025-09-30 14:20:00+00:00,184.00999450683597,184.0800018310547,183.8600006103516,184.07000732421875,70718
2025-09-30 14:25:00+00:00,183.65499877929688,184.00999450683597,183.5901031494141,183.9499969482422,92197
2025-09-30 14:30:00+00:00,183.4550018310547,184.0399932861328,183.4550018310547,183.63499450683597,74131
2025-09-30 14:35:00+00:00,183.02999877929688,183.5200042724609,182.94009399414065,183.4499969482422,54838
2025-09-30 14:40:00+00:00,182.62730407714844,183.0305938720703,182.5,183.0305938720703,48928
2025-09-30 14:45:00+00:00,182.57000732421875,182.63999938964844,182.4149932861328,182.63999938964844,54476
2025-09-30 14:50:00+00:00,182.4250030517578,182.66000366210935,182.35499572753903,182.6199951171875,74004
2025-09-30 14:55:00+00:00,182.6000061035156,182.63999938964844,182.38999938964844,182.38999938964844,60385
2025-09-30 15:00:00+00:00,182.54510498046875,182.6999969482422,182.47000122070312,182.58999633789065,62885
2025-09-30 15:05:00+00:00,182.47579956054688,182.6300048828125,182.3800048828125,182.5449981689453,56228
2025-09-30 15:10:00+00:00,182.50999450683597,182.5800018310547,182.3946075439453,182.46499633789065,71639
2025-09-30 15:15:00+00:00,182.8979949951172,182.9499969482422,182.4900054931641,182.5,47376
2025-09-30 15:20:00+00:00,182.7550048828125,182.94000244140625,182.6499938964844,182.91000366210935,75557
2025-09-30 15:25:00+00:00,182.60499572753903,182.82000732421875,182.58999633789065,182.7550048828125,46077
2025-09-30 15:30:00+00:00,182.9499969482422,182.97999572753903,182.625,182.625,66542
2025-09-30 15:35:00+00:00,183.25999450683597,183.30990600585935,182.9600067138672,182.9604034423828,90245
2025-09-30 15:40:00+00:00,183.38999938964844,183.41000366210935,183.27749633789065,183.2899932861328,37553
2025-09-30 15:45:00+00:00,183.17010498046875,183.3950042724609,183.1499938964844,183.3950042724609,42031
2025-09-30 15:50:00+00:00,183.0200042724609,183.1999969482422,182.9900054931641,183.19000244140625,38095
2025-09-30 15:55:00+00:00,183.17999267578125,183.17999267578125,183.0,183.01499938964844,34187
2025-09-30 16:00:00+00:00,183.47509765625,183.58999633789065,183.19000244140625,183.19000244140625,79978
2025-09-30 16:05:00+00:00,183.6450042724609,183.6699981689453,183.4750061035156,183.4750061035156,60201
2025-09-30 16:10:00+00:00,183.76499938964844,183.77999877929688,183.6100006103516,183.6450042724609,49111
2025-09-30 16:15:00+00:00,183.77999877929688,183.9199981689453,183.75,183.77999877929688,37632
2025-09-30 16:20:00+00:00,183.7902984619141,183.88999938964844,183.76499938964844,183.76499938964844,32261
2025-09-30 16:25:00+00:00,183.8800048828125,184.0200042724609,183.82000732421875,183.82310485839844,137269
2025-09-30 16:30:00+00:00,183.9199981689453,184.0,183.7700042724609,183.8999938964844,60737
2025-09-30 16:35:00+00:00,184.1000061035156,184.1000061035156,183.8999938964844,183.94000244140625,44983
2025-09-30 16:40:00+00:00,184.1750030517578,184.25999450683597,184.0399932861328,184.1000061035156,73314
2025-09-30 16:45:00+00:00,184.2400054931641,184.3000030517578,184.1410980224609,184.20919799804688,66132
2025-09-30 16:50:00+00:00,184.1100006103516,184.2350006103516,184.08999633789065,184.22000122070312,64243
2025-09-30 16:55:00+00:00,184.22000122070312,184.22999572753903,184.1150054931641,184.1150054931641,47600
2025-09-30 17:00:00+00:00,184.42010498046875,184.4900054931641,184.1699981689453,184.2209930419922,77860
2025-09-30 17:05:00+00:00,184.5,184.64959716796875,184.3600006103516,184.41000366210935,95671
2025-09-30 17:10:00+00:00,184.50999450683597,184.6150054931641,184.38499450683597,184.50250244140625,97726
2025-09-30 17:15:00+00:00,184.6199951171875,184.6999969482422,184.3300018310547,184.49740600585935,64802
2025-09-30 17:20:00+00:00,184.6300048828125,184.6699981689453,184.5399932861328,184.6000061035156,55749
2025-09-30 17:25:00+00:00,184.67999267578125,184.6999969482422,184.5704040527344,184.6300048828125,81522
2025-09-30 17:30:00+00:00,184.50999450683597,184.68460083007807,184.3699951171875,184.68460083007807,87669
2025-09-30 17:35:00+00:00,184.63499450683597,184.6499938964844,184.44009399414065,184.50999450683597,47994
2025-09-30 17:40:00+00:00,184.6819000244141,184.7700042724609,184.4750061035156,184.63999938964844,71745
2025-09-30 17:45:00+00:00,184.75999450683597,184.7700042724609,184.6300048828125,184.72740173339844,31551
2025-09-30 17:50:00+00:00,184.7400054931641,184.82000732421875,184.70120239257807,184.75999450683597,48680
2025-09-30 17:55:00+00:00,184.81100463867188,184.82000732421875,184.68499755859372,184.75999450683597,45619
2025-09-30 18:00:00+00:00,185.1000061035156,185.1300048828125,184.7899932861328,184.7899932861328,439821
2025-09-30 18:05:00+00:00,185.13999938964844,185.1699981689453,185.0200042724609,185.10499572753903,50356
2025-09-30 18:10:00+00:00,185.28500366210935,185.3600006103516,185.1100006103516,185.1199951171875,61054
2025-09-30 18:15:00+00:00,185.3809967041016,185.4199981689453,185.28500366210935,185.30990600585935,80988
2025-09-30 18:20:00+00:00,185.4010009765625,185.47999572753903,185.30999755859372,185.3800048828125,80615
2025-09-30 18:25:00+00:00,185.5800018310547,185.63999938964844,185.3699951171875,185.4069976806641,87260
2025-09-30 18:30:00+00:00,185.57000732421875,185.6499938964844,185.4499969482422,185.58920288085935,70913
2025-09-30 18:35:00+00:00,185.4499969482422,185.57000732421875,185.3699951171875,185.57000732421875,70796
2025-09-30 18:40:00+00:00,185.44000244140625,185.51499938964844,185.3999938964844,185.44000244140625,77300
2025-09-30 18:45:00+00:00,185.50999450683597,185.5399932861328,185.36294555664065,185.45460510253903,61583
2025-09-30 18:50:00+00:00,185.5800018310547,185.69500732421875,185.47999572753903,185.5200042724609,179873
2025-09-30 18:55:00+00:00,185.75999450683597,185.8500061035156,185.5601043701172,185.5800018310547,118122
2025-09-30 19:00:00+00:00,185.5200042724609,185.77999877929688,185.33999633789065,185.77999877929688,110920
2025-09-30 19:05:00+00:00,185.6000061035156,185.69000244140625,185.5050048828125,185.53500366210935,96472
2025-09-30 19:10:00+00:00,185.8600006103516,185.8600006103516,185.5204925537109,185.5850067138672,118006
2025-09-30 19:15:00+00:00,185.88499450683597,185.9900054931641,185.8500061035156,185.8697967529297,148494
2025-09-30 19:20:00+00:00,185.85499572753903,185.9900054931641,185.75,185.88499450683597,140384
2025-09-30 19:25:00+00:00,185.92999267578125,185.96499633789065,185.70249938964844,185.8650054931641,176363
2025-09-30 19:30:00+00:00,185.8800048828125,185.9600067138672,185.77999877929688,185.94000244140625,157880
2025-09-30 19:35:00+00:00,185.9750061035156,185.97999572753903,185.80999755859372,185.88999938964844,175644
2025-09-30 19:40:00+00:00,185.7700042724609,185.9900054931641,185.7550048828125,185.9750061035156,201240
2025-09-30 19:45:00+00:00,185.4900054931641,185.88499450683597,185.42999267578125,185.7700042724609,267762
2025-09-30 19:50:00+00:00,185.3999938964844,185.5200042724609,185.0399932861328,185.4900054931641,380197
2025-09-30 19:55:00+00:00,185.3999938964844,185.6150054931641,185.25999450683597,185.3800048828125,932094
2025-10-01 13:30:00+00:00,186.3000030517578,186.3999938964844,185.5200042724609,186.0,609857
2025-10-01 13:35:00+00:00,186.44000244140625,186.47999572753903,185.8650054931641,186.26499938964844,133801
2025-10-01 13:40:00+00:00,185.97000122070312,186.55999755859372,185.83999633789065,186.4647979736328,177027
2025-10-01 13:45:00+00:00,185.94500732421875,185.9900054931641,185.57000732421875,185.97000122070312,88760
2025-10-01 13:50:00+00:00,185.9394073486328,185.97999572753903,185.82000732421875,185.8800048828125,116092
2025-10-01 13:55:00+00:00,185.6000061035156,185.9900054931641,185.47999572753903,185.94500732421875,145456
2025-10-01 14:00:00+00:00,185.21499633789065,185.6885986328125,185.1302032470703,185.6499938964844,169750
2025-10-01 14:05:00+00:00,185.0,185.3000030517578,184.7899932861328,185.21499633789065,198645
2025-10-01 14:10:00+00:00,184.72000122070312,185.0832977294922,184.6499938964844,185.01499938964844,142670
2025-10-01 14:15:00+00:00,184.9149932861328,185.0749969482422,184.58999633789065,184.7050018310547,160953
2025-10-01 14:20:00+00:00,185.1199951171875,185.1300048828125,184.8500061035156,184.9199981689453,192386
2025-10-01 14:25:00+00:00,184.9850006103516,185.13999938964844,184.8999938964844,185.1000061035156,162489
2025-10-01 14:30:00+00:00,184.9850006103516,185.08999633789065,184.8600006103516,185.0,145278
2025-10-01 14:35:00+00:00,185.1450042724609,185.19000244140625,184.9499969482422,184.9900054931641,83576
2025-10-01 14:40:00+00:00,185.03500366210935,185.17999267578125,184.8699951171875,185.1699981689453,100885
2025-10-01 14:45:00+00:00,185.02999877929688,185.25,184.9600067138672,185.0500030517578,107447
2025-10-01 14:50:00+00:00,185.01499938964844,185.2050018310547,184.9900054931641,185.0695953369141,86643
2025-10-01 14:55:00+00:00,185.01499938964844,185.1100006103516,184.92999267578125,185.04440307617188,76236
2025-10-01 15:00:00+00:00,185.0731964111328,185.3699951171875,185.0,185.0,69958
2025-10-01 15:05:00+00:00,185.25,185.27999877929688,185.05999755859372,185.07530212402344,70154
2025-10-01 15:10:00+00:00,185.3300018310547,185.33999633789065,185.19500732421875,185.25999450683597,90109
2025-10-01 15:15:00+00:00,185.08999633789065,185.33999633789065,185.0249938964844,185.30999755859372,95255
2025-10-01 15:20:00+00:00,184.88999938964844,185.1999969482422,184.88999938964844,185.1100006103516,116852
2025-10-01 15:25:00+00:00,184.6100006103516,184.9850006103516,184.19329833984372,184.8999938964844,283439
2025-10-01 15:30:00+00:00,184.4949951171875,184.83999633789065,184.4900054931641,184.63499450683597,106329
2025-10-01 15:35:00+00:00,184.22999572753903,184.63999938964844,184.17999267578125,184.4900054931641,270603
2025-10-01 15:40:00+00:00,184.4499969482422,184.55589294433597,184.17999267578125,184.19000244140625,77233
2025-10-01 15:45:00+00:00,184.4850006103516,184.5500030517578,184.44500732421875,184.46499633789065,113122
2025-10-01 15:50:00+00:00,184.30999755859372,184.5500030517578,184.25999450683597,184.4900054931641,115911
2025-10-01 15:55:00+00:00,184.3300018310547,184.4499969482422,184.2700042724609,184.3000030517578,84637
2025-10-01 16:00:00+00:00,184.2700042724609,184.5,184.25,184.3249969482422,113758
2025-10-01 16:05:00+00:00,184.2899932861328,184.3999938964844,184.1100006103516,184.2749938964844,122397
2025-10-01 16:10:00+00:00,184.43499755859372,184.45950317382807,184.1999969482422,184.2899932861328,59700
2025-10-01 16:15:00+00:00,184.33999633789065,184.4499969482422,184.22999572753903,184.43499755859372,60335
2025-10-01 16:20:00+00:00,184.3699951171875,184.4250030517578,184.32000732421875,184.3699951171875,50434
2025-10-01 16:25:00+00:00,184.25,184.3892059326172,184.19500732421875,184.3800048828125,53450
2025-10-01 16:30:00+00:00,184.25,184.30999755859372,184.1699981689453,184.2400054931641,64352
2025-10-01 16:35:00+00:00,184.26499938964844,184.3000030517578,184.16000366210935,184.2550048828125,58126
2025-10-01 16:40:00+00:00,184.2350006103516,184.3000030517578,184.1750030517578,184.2700042724609,49512
2025-10-01 16:45:00+00:00,184.1450042724609,184.3999938964844,184.1450042724609,184.2350006103516,70143
2025-10-01 16:50:00+00:00,184.07000732421875,184.1999969482422,184.05999755859372,184.1699981689453,63158
2025-10-01 16:55:00+00:00,184.1999969482422,184.21499633789065,183.91000366210935,184.07000732421875,155439
2025-10-01 17:00:00+00:00,184.47000122070312,184.53500366210935,184.16000366210935,184.17999267578125,66082
2025-10-01 17:05:00+00:00,184.4199981689453,184.52999877929688,184.3600006103516,184.4900054931641,42080
2025-10-01 17:10:00+00:00,184.4199981689453,184.52999877929688,184.3800048828125,184.4149932861328,47194
2025-10-01 17:15:00+00:00,184.3999938964844,184.49969482421875,184.3699951171875,184.42999267578125,44109
2025-10-01 17:20:00+00:00,184.50999450683597,184.5399932861328,184.3999938964844,184.4250030517578,71428
2025-10-01 17:25:00+00:00,184.75,184.75999450683597,184.5059051513672,184.50999450683597,151367
2025-10-01 17:30:00+00:00,184.78500366210935,184.8950042724609,184.7400054931641,184.77999877929688,60253
2025-10-01 17:35:00+00:00,184.9750061035156,185.0399932861328,184.7700042724609,184.78500366210935,80331
2025-10-01 17:40:00+00:00,185.19000244140625,185.21099853515625,184.97999572753903,184.97999572753903,87547
2025-10-01 17:45:00+00:00,185.375,185.375,185.1699981689453,185.22999572753903,113792
2025-10-01 17:50:00+00:00,185.49749755859372,185.5200042724609,185.3350067138672,185.3600006103516,101746
2025-10-01 17:55:00+00:00,185.3600006103516,185.6699981689453,185.34500122070312,185.50999450683597,112082
2025-10-01 18:00:00+00:00,185.5850067138672,185.6300048828125,185.3600006103516,185.3600006103516,131484
2025-10-01 18:05:00+00:00,185.9250030517578,186.0500030517578,185.5850067138672,185.5850067138672,156075
2025-10-01 18:10:00+00:00,185.7749938964844,185.9499969482422,185.75,185.9199981689453,109021
2025-10-01 18:15:00+00:00,186.05999755859372,186.05999755859372,185.7700042724609,185.7700042724609,106238
2025-10-01 18:20:00+00:00,186.0449981689453,186.1150054931641,185.9600067138672,186.06300354003903,77713
2025-10-01 18:25:00+00:00,186.0200042724609,186.1100006103516,185.93930053710935,186.05999755859372,51511
2025-10-01 18:30:00+00:00,185.860107421875,186.03500366210935,185.8600006103516,186.0249938964844,66101
2025-10-01 18:35:00+00:00,185.83999633789065,185.99969482421875,185.77999877929688,185.8650054931641,70214
2025-10-01 18:40:00+00:00,185.80499267578125,186.00999450683597,185.75999450683597,185.8300018310547,69882
2025-10-01 18:45:00+00:00,185.92999267578125,185.97999572753903,185.80499267578125,185.80499267578125,59223
2025-10-01 18:50:00+00:00,185.75,185.94000244140625,185.66000366210935,185.9149932861328,100355
2025-10-01 18:55:00+00:00,185.7200927734375,185.75999450683597,185.66000366210935,185.75,79107
2025-10-01 19:00:00+00:00,185.97999572753903,185.9900054931641,185.6999969482422,185.72000122070312,178424
2025-10-01 19:05:00+00:00,186.01499938964844,186.1199951171875,185.97000122070312,185.9850006103516,152693
2025-10-01 19:10:00+00:00,186.05999755859372,186.1150054931641,185.9949951171875,186.0200042724609,95648
2025-10-01 19:15:00+00:00,186.07000732421875,186.1199951171875,186.0,186.07000732421875,105801
2025-10-01 19:20:00+00:00,186.125,186.13999938964844,185.96499633789065,186.07000732421875,111322
2025-10-01 19:25:00+00:00,186.218994140625,186.26499938964844,186.1100006103516,186.13999938964844,148935
2025-10-01 19:30:00+00:00,186.25,186.32000732421875,186.1000061035156,186.19000244140625,111624
2025-10-01 19:35:00+00:00,186.2100067138672,186.2700042724609,186.125,186.25,106284
2025-10-01 19:40:00+00:00,186.19000244140625,186.27999877929688,186.13999938964844,186.2250061035156,142305
2025-10-01 19:45:00+00:00,185.91000366210935,186.1999969482422,185.8999938964844,186.19000244140625,173707
2025-10-01 19:50:00+00:00,186.13999938964844,186.1699981689453,185.81500244140625,185.91000366210935,334763
2025-10-01 19:55:00+00:00,186.03500366210935,186.30999755859372,185.8650054931641,186.1499938964844,1063292
2025-10-02 13:30:00+00:00,186.5050048828125,186.58999633789065,184.08999633789065,184.19000244140625,722614
2025-10-02 13:35:00+00:00,186.2700042724609,186.49989318847656,185.91000366210935,186.42999267578125,105267
2025-10-02 13:40:00+00:00,185.7400054931641,186.48989868164065,185.67999267578125,186.17999267578125,198667
2025-10-02 13:45:00+00:00,185.72000122070312,186.1291961669922,185.58999633789065,185.8600006103516,78969
2025-10-02 13:50:00+00:00,185.22000122070312,185.78500366210935,185.06500244140625,185.71499633789065,93350
2025-10-02 13:55:00+00:00,185.3350067138672,185.4149932861328,184.8813018798828,185.1999969482422,77509
2025-10-02 14:00:00+00:00,185.21499633789065,185.47000122070312,185.0,185.3800048828125,83102
2025-10-02 14:05:00+00:00,184.8600006103516,185.375,184.7001037597656,185.27999877929688,71893
2025-10-02 14:10:00+00:00,185.49989318847656,185.49989318847656,184.80499267578125,184.8800048828125,97483
2025-10-02 14:15:00+00:00,185.47999572753903,185.7299041748047,185.25,185.4499969482422,77909
2025-10-02 14:20:00+00:00,185.2899932861328,185.6100006103516,185.2700042724609,185.4600067138672,77590
2025-10-02 14:25:00+00:00,185.3500061035156,185.50999450683597,185.22000122070312,185.2949981689453,72862
2025-10-02 14:30:00+00:00,185.8000030517578,185.9499969482422,185.3600006103516,185.3999938964844,124392
2025-10-02 14:35:00+00:00,185.9199981689453,186.1699981689453,185.77999877929688,185.80499267578125,95279
2025-10-02 14:40:00+00:00,185.84500122070312,185.94000244140625,185.5800018310547,185.94000244140625,83158
2025-10-02 14:45:00+00:00,185.8350067138672,185.9499969482422,185.71499633789065,185.82000732421875,65066
2025-10-02 14:50:00+00:00,185.40499877929688,185.8500061035156,185.40499877929688,185.80999755859372,62756
2025-10-02 14:55:00+00:00,185.4499969482422,185.5850067138672,185.30999755859372,185.3999938964844,82317
2025-10-02 15:00:00+00:00,185.82000732421875,185.8600006103516,185.4499969482422,185.4499969482422,58962
2025-10-02 15:05:00+00:00,185.8300018310547,185.956298828125,185.80999755859372,185.82000732421875,53207
2025-10-02 15:10:00+00:00,185.16000366210935,185.91000366210935,185.16000366210935,185.8000030517578,114615
2025-10-02 15:15:00+00:00,185.4149932861328,185.4250030517578,185.0249938964844,185.1300048828125,71156
2025-10-02 15:20:00+00:00,185.52999877929688,185.8300018310547,185.44000244140625,185.44000244140625,69677
2025-10-02 15:25:00+00:00,185.6000061035156,185.67999267578125,185.47000122070312,185.5449981689453,87119
2025-10-02 15:30:00+00:00,185.5399932861328,185.66000366210935,185.42999267578125,185.6298065185547,65702
2025-10-02 15:35:00+00:00,185.94500732421875,185.97000122070312,185.5399932861328,185.5749969482422,80281
2025-10-02 15:40:00+00:00,185.83999633789065,185.92999267578125,185.6649932861328,185.9199981689453,44220
2025-10-02 15:45:00+00:00,185.9550018310547,185.9550018310547,185.7899932861328,185.84500122070312,38093
2025-10-02 15:50:00+00:00,185.94000244140625,186.05499267578125,185.9199981689453,185.9499969482422,49774
2025-10-02 15:55:00+00:00,186.0800018310547,186.1699981689453,185.8800048828125,185.92999267578125,58870
2025-10-02 16:00:00+00:00,186.0249938964844,186.0800018310547,185.96499633789065,186.05999755859372,40165
2025-10-02 16:05:00+00:00,185.80999755859372,186.0,185.7700042724609,186.0,38364
2025-10-02 16:10:00+00:00,186.08999633789065,186.13499450683597,185.77999877929688,185.81500244140625,44038
2025-10-02 16:15:00+00:00,186.1199951171875,186.25,186.07000732421875,186.1199951171875,76801
2025-10-02 16:20:00+00:00,186.25999450683597,186.41510009765625,186.08999633789065,186.09967041015625,41974
2025-10-02 16:25:00+00:00,186.2100067138672,186.3000030517578,186.1699981689453,186.26499938964844,79602
2025-10-02 16:30:00+00:00,186.2100067138672,186.31430053710935,186.1199951171875,186.21499633789065,42393
2025-10-02 16:35:00+00:00,186.25,186.375,186.22000122070312,186.2250061035156,49816
2025-10-02 16:40:00+00:00,186.2949981689453,186.30999755859372,186.125,186.25999450683597,36156
2025-10-02 16:45:00+00:00,186.3500061035156,186.4199981689453,186.2899932861328,186.31500244140625,28859
2025-10-02 16:50:00+00:00,186.22999572753903,186.38999938964844,186.2100067138672,186.3300018310547,22085
2025-10-02 16:55:00+00:00,185.96499633789065,186.2042999267578,185.9600067138672,186.2042999267578,34822
2025-10-02 17:00:00+00:00,185.82000732421875,186.0,185.7975006103516,185.97999572753903,30036
2025-10-02 17:05:00+00:00,185.63999938964844,185.88499450683597,185.63999938964844,185.80999755859372,34139
2025-10-02 17:10:00+00:00,185.66000366210935,185.70260620117188,185.63499450683597,185.66000366210935,29164
2025-10-02 17:15:00+00:00,185.625,185.72000122070312,185.595703125,185.65499877929688,37116
2025-10-02 17:20:00+00:00,185.8300018310547,185.8300018310547,185.6450042724609,185.7100067138672,25214
2025-10-02 17:25:00+00:00,185.75999450683597,185.8699951171875,185.75,185.8300018310547,30616
2025-10-02 17:30:00+00:00,185.9250030517578,185.97999572753903,185.77999877929688,185.77999877929688,24663
2025-10-02 17:35:00+00:00,185.9600067138672,185.97000122070312,185.8699951171875,185.9250030517578,21905
2025-10-02 17:40:00+00:00,186.0,186.0200042724609,185.91000366210935,185.96859741210935,29517
2025-10-02 17:45:00+00:00,186.0,186.1100006103516,185.97999572753903,186.0200042724609,51577
2025-10-02 17:50:00+00:00,185.8999938964844,186.03500366210935,185.8800048828125,186.0,23358
2025-10-02 17:55:00+00:00,185.94000244140625,186.0,185.8999938964844,185.8999938964844,49883
2025-10-02 18:00:00+00:00,185.9600067138672,186.07000732421875,185.9600067138672,185.97000122070312,72496
2025-10-02 18:05:00+00:00,185.94500732421875,185.97999572753903,185.8600006103516,185.9600067138672,47319
2025-10-02 18:10:00+00:00,185.9850006103516,186.0399932861328,185.88999938964844,185.94000244140625,34522
2025-10-02 18:15:00+00:00,186.1150054931641,186.1230926513672,185.97000122070312,185.9900054931641,43861
2025-10-02 18:20:00+00:00,186.0399932861328,186.19000244140625,186.03140258789065,186.1150054931641,55730
2025-10-02 18:25:00+00:00,186.0500030517578,186.1100006103516,186.00999450683597,186.0399932861328,49763
2025-10-02 18:30:00+00:00,186.07000732421875,186.0850067138672,185.97000122070312,186.0449981689453,27712
2025-10-02 18:35:00+00:00,186.02999877929688,186.1000061035156,186.01010131835935,186.0800018310547,37746
2025-10-02 18:40:00+00:00,186.0249938964844,186.0399932861328,185.8999938964844,186.02696228027344,35435
2025-10-02 18:45:00+00:00,185.8500061035156,186.0283050537109,185.77999877929688,186.0249938964844,32892
2025-10-02 18:50:00+00:00,185.9199981689453,185.9199981689453,185.7749938964844,185.8300018310547,38781
2025-10-02 18:55:00+00:00,185.8800048828125,185.97000122070312,185.8500061035156,185.92999267578125,35088
2025-10-02 19:00:00+00:00,185.85499572753903,185.9199981689453,185.7899932861328,185.8800048828125,39319
2025-10-02 19:05:00+00:00,185.8800048828125,185.9199981689453,185.8350067138672,185.8500061035156,32941
2025-10-02 19:10:00+00:00,185.9069976806641,185.9199981689453,185.8000030517578,185.8699951171875,38285
2025-10-02 19:15:00+00:00,185.84500122070312,186.0,185.80999755859372,185.88999938964844,70740
2025-10-02 19:20:00+00:00,185.8000030517578,185.88999938964844,185.75999450683597,185.84500122070312,69365
2025-10-02 19:25:00+00:00,185.58999633789065,185.8500061035156,185.5500030517578,185.7949981689453,62420
2025-10-02 19:30:00+00:00,185.44000244140625,185.6999969482422,185.4320068359375,185.58999633789065,98130
2025-10-02 19:35:00+00:00,185.3999938964844,185.47000122070312,185.31500244140625,185.42999267578125,123313
2025-10-02 19:40:00+00:00,185.56500244140625,185.63999938964844,185.33999633789065,185.38999938964844,154786
2025-10-02 19:45:00+00:00,185.8500061035156,186.0500030517578,185.5399932861328,185.58999633789065,169864
2025-10-02 19:50:00+00:00,185.88999938964844,185.92999267578125,185.75999450683597,185.8500061035156,231563
2025-10-02 19:55:00+00:00,186.0050048828125,186.1000061035156,185.88999938964844,185.91000366210935,617382
2025-10-03 13:30:00+00:00,187.6699981689453,187.8500061035156,187.0,187.05999755859372,403942
2025-10-03 13:35:00+00:00,187.07000732421875,187.9499969482422,187.0,187.6199951171875,99694
2025-10-03 13:40:00+00:00,187.3999938964844,187.4550018310547,186.91000366210935,187.08999633789065,77677
2025-10-03 13:45:00+00:00,187.41000366210935,187.58999633789065,187.25,187.44000244140625,81112
2025-10-03 13:50:00+00:00,187.4550018310547,187.4900054931641,187.2700042724609,187.3999938964844,48896
2025-10-03 13:55:00+00:00,187.4850006103516,187.5,187.27999877929688,187.47000122070312,67700
2025-10-03 14:00:00+00:00,187.47000122070312,187.5500030517578,186.94000244140625,187.47000122070312,156512
2025-10-03 14:05:00+00:00,188.03500366210935,188.1499938964844,187.44000244140625,187.44009399414065,311066
2025-10-03 14:10:00+00:00,188.83999633789065,188.83999633789065,187.9900054931641,188.03509521484372,145972
2025-10-03 14:15:00+00:00,189.07000732421875,189.07000732421875,188.72999572753903,188.8600006103516,155076
2025-10-03 14:20:00+00:00,189.1100006103516,189.2991943359375,189.0186004638672,189.09500122070312,163977
2025-10-03 14:25:00+00:00,189.1699981689453,189.5200042724609,189.0399932861328,189.1100006103516,106254
2025-10-03 14:30:00+00:00,189.3650054931641,189.44000244140625,189.18499755859372,189.2100067138672,102025
2025-10-03 14:35:00+00:00,189.6699981689453,189.78250122070312,189.33999633789065,189.3665008544922,128218
2025-10-03 14:40:00+00:00,189.44000244140625,189.72999572753903,189.38999938964844,189.6499938964844,110294
2025-10-03 14:45:00+00:00,189.6000061035156,189.6699981689453,189.3950042724609,189.3950042724609,100951
2025-10-03 14:50:00+00:00,188.93499755859372,189.6199951171875,188.88999938964844,189.6199951171875,110970
2025-10-03 14:55:00+00:00,188.9900054931641,189.0500030517578,188.8500061035156,188.93499755859372,81837
2025-10-03 15:00:00+00:00,188.9550018310547,189.06239318847656,188.77999877929688,188.9949951171875,101815
2025-10-03 15:05:00+00:00,188.6300048828125,189.06500244140625,188.5500030517578,188.9600067138672,149406
2025-10-03 15:10:00+00:00,188.7371063232422,188.85499572753903,188.6000061035156,188.6300048828125,108350
2025-10-03 15:15:00+00:00,188.5,188.75999450683597,188.4600067138672,188.7350006103516,66339
2025-10-03 15:20:00+00:00,188.80999755859372,188.8600006103516,188.50999450683597,188.50999450683597,67720
2025-10-03 15:25:00+00:00,189.1000061035156,189.10499572753903,188.7100067138672,188.82000732421875,81653
2025-10-03 15:30:00+00:00,188.9149932861328,189.1000061035156,188.8574981689453,189.1000061035156,46712
2025-10-03 15:35:00+00:00,189.27999877929688,189.3249969482422,188.9149932861328,188.9149932861328,94388
2025-10-03 15:40:00+00:00,189.08999633789065,189.38499450683597,189.08999633789065,189.2899932861328,79763
2025-10-03 15:45:00+00:00,189.1999969482422,189.33999633789065,189.05999755859372,189.1000061035156,43851
2025-10-03 15:50:00+00:00,189.32009887695312,189.32009887695312,189.13999938964844,189.2100067138672,41964
2025-10-03 15:55:00+00:00,189.3500061035156,189.4900054931641,189.2700042724609,189.32000732421875,43292
2025-10-03 16:00:00+00:00,189.31500244140625,189.3800048828125,189.26210021972656,189.34120178222656,51409
2025-10-03 16:05:00+00:00,189.2899932861328,189.4199981689453,189.22999572753903,189.3300018310547,49712
2025-10-03 16:10:00+00:00,189.1999969482422,189.27999877929688,189.00999450683597,189.27999877929688,151463
2025-10-03 16:15:00+00:00,189.0500030517578,189.2100067138672,189.0200042724609,189.17999267578125,52841
2025-10-03 16:20:00+00:00,189.1100006103516,189.13499450683597,189.04510498046875,189.05499267578125,37518
2025-10-03 16:25:00+00:00,189.0399932861328,189.11599731445312,188.9900054931641,189.1100006103516,53285
2025-10-03 16:30:00+00:00,189.1000061035156,189.1999969482422,189.0200042724609,189.02999877929688,37863
2025-10-03 16:35:00+00:00,189.0800018310547,189.1450042724609,189.00929260253903,189.1100006103516,33871
2025-10-03 16:40:00+00:00,189.0500030517578,189.1396026611328,189.02999877929688,189.0850067138672,47872
2025-10-03 16:45:00+00:00,188.9199981689453,189.0500030517578,188.9199981689453,189.0399932861328,56129
2025-10-03 16:50:00+00:00,188.8800048828125,188.9199981689453,188.80999755859372,188.9199981689453,34862
2025-10-03 16:55:00+00:00,188.8800048828125,188.8999938964844,188.8000030517578,188.8500061035156,28608
2025-10-03 17:00:00+00:00,189.0050048828125,189.0605010986328,188.88999938964844,188.88999938964844,44813
2025-10-03 17:05:00+00:00,189.0200042724609,189.0399932861328,188.88999938964844,189.0050048828125,40251
2025-10-03 17:10:00+00:00,189.1201019287109,189.16000366210935,189.0,189.0249938964844,45283
2025-10-03 17:15:00+00:00,188.94000244140625,189.1327972412109,188.94000244140625,189.1199951171875,38027
2025-10-03 17:20:00+00:00,188.92999267578125,189.0146942138672,188.8800048828125,188.9499969482422,64254
2025-10-03 17:25:00+00:00,188.8600006103516,189.07000732421875,188.8600006103516,188.96099853515625,34258
2025-10-03 17:30:00+00:00,188.7700042724609,188.8600006103516,188.6750030517578,188.84500122070312,87417
2025-10-03 17:35:00+00:00,189.07000732421875,189.07000732421875,188.7400054931641,188.7700042724609,39223
2025-10-03 17:40:00+00:00,189.07009887695312,189.1699981689453,189.02999877929688,189.05999755859372,35005
2025-10-03 17:45:00+00:00,189.0200042724609,189.1300048828125,189.0200042724609,189.07000732421875,36666
2025-10-03 17:50:00+00:00,189.0249938964844,189.05999755859372,188.88999938964844,189.0399932861328,51882
2025-10-03 17:55:00+00:00,189.19000244140625,189.23989868164065,188.9600067138672,189.00999450683597,83899
2025-10-03 18:00:00+00:00,189.27999877929688,189.30999755859372,189.1100006103516,189.17999267578125,50972
2025-10-03 18:05:00+00:00,189.1999969482422,189.3179931640625,189.1804962158203,189.2700042724609,54682
2025-10-03 18:10:00+00:00,189.09500122070312,189.21139526367188,189.09500122070312,189.2050018310547,62482
2025-10-03 18:15:00+00:00,189.0449981689453,189.1199951171875,189.00999450683597,189.0800018310547,50129
2025-10-03 18:20:00+00:00,189.08999633789065,189.13999938964844,188.94000244140625,189.02999877929688,53659
2025-10-03 18:25:00+00:00,189.07000732421875,189.13999938964844,189.02999877929688,189.07000732421875,46945
2025-10-03 18:30:00+00:00,189.1499938964844,189.19000244140625,189.08999633789065,189.08999633789065,38801
2025-10-03 18:35:00+00:00,189.1100006103516,189.19500732421875,189.10499572753903,189.1598052978516,51503
2025-10-03 18:40:00+00:00,189.0749969482422,189.16000366210935,189.02999877929688,189.1100006103516,34170
2025-10-03 18:45:00+00:00,189.01499938964844,189.1000061035156,188.9900054931641,189.07699584960935,36156
2025-10-03 18:50:00+00:00,189.1000061035156,189.1000061035156,189.0,189.0249938964844,42767
2025-10-03 18:55:00+00:00,189.02999877929688,189.1000061035156,188.97000122070312,189.09500122070312,59998
2025-10-03 19:00:00+00:00,189.1100006103516,189.1199951171875,188.97999572753903,189.0399932861328,50395
2025-10-03 19:05:00+00:00,189.0,189.1699981689453,188.9900054931641,189.1100006103516,45969
2025-10-03 19:10:00+00:00,188.94000244140625,189.05499267578125,188.94000244140625,188.9900054931641,58610
2025-10-03 19:15:00+00:00,188.96499633789065,188.99989318847656,188.91000366210935,188.9499969482422,55410
2025-10-03 19:20:00+00:00,188.8300018310547,188.9600067138672,188.75,188.9600067138672,67361
2025-10-03 19:25:00+00:00,188.7050018310547,188.8300018310547,188.6000061035156,188.8300018310547,100615
2025-10-03 19:30:00+00:00,188.7115936279297,188.82000732421875,188.6000061035156,188.67999267578125,108684
2025-10-03 19:35:00+00:00,188.97000122070312,188.97000122070312,188.72000122070312,188.72000122070312,90972
2025-10-03 19:40:00+00:00,188.91000366210935,189.1000061035156,188.8800048828125,188.9550018310547,100553
2025-10-03 19:45:00+00:00,188.85220336914065,188.97999572753903,188.75999450683597,188.9199981689453,127194
2025-10-03 19:50:00+00:00,188.6300048828125,188.8800048828125,188.6000061035156,188.8699951171875,199514
2025-10-03 19:55:00+00:00,188.6499938964844,188.6999969482422,188.46499633789065,188.6300048828125,558175
