Date,Close,High,Low,Open,Volume
2020-10-05,201.71771240234372,201.74647599676425,198.4576969397012,198.68782032558104,21331600
2020-10-06,197.43174743652344,201.52592148106075,196.386631231085,200.22193294397317,28554300
2020-10-07,201.19032287597656,201.458792800773,198.2083754829393,198.5343725872616,25681100
2020-10-08,201.90945434570312,202.4943384245125,199.7425142102119,201.84232954510333,19925800
2020-10-09,206.9241180419922,206.9720622405995,202.5326957249404,202.5326957249404,26458000
2020-10-12,212.28392028808597,214.64263701595948,207.88291557454943,209.7813856142197,40461400
2020-10-13,213.683837890625,215.93708352416328,211.3538844663157,213.54960291440452,28950800
2020-10-14,211.7661590576172,214.9878126921325,210.10739536389897,213.81804464069756,23421700
2020-10-15,210.61558532714844,211.286760163365,207.1158639310317,208.1609947086912,22733100
2020-10-16,210.61558532714844,213.13728611397025,210.2895882110596,211.08540039724292,26057900
2020-10-19,205.39956665039065,213.14687719644527,204.92015397771775,211.34428086543105,27625800
2020-10-20,205.81187438964844,208.4198807511348,204.3161090474314,206.9145324215244,22753500
2020-10-21,205.9556884765625,207.9883935404544,204.34485427779788,204.34485427779788,22724900
2020-10-22,206.04202270507807,207.1638468475484,202.9833668470655,205.12154373584983,22351500
2020-10-23,207.32681274414065,207.374756940382,204.38322636550816,206.17622518692104,18879600
2020-10-26,201.43003845214844,207.4322800897711,199.5315682881296,205.04481424683485,37111600
2020-10-27,204.46951293945312,205.8310432277493,201.6697445765535,202.87785929223529,36700300
2020-10-28,194.3347320556641,200.24110024392863,193.77862617846768,199.1192762411455,51195600
2020-10-29,196.29074096679688,198.82203948797712,194.9963207988178,195.66751029659352,31432600
2020-10-30,194.1333770751953,195.87843166985988,191.4007188728708,195.12096605234095,36953700
2020-11-02,193.9991455078125,196.8276775200225,191.88013493015848,195.87843510424747,30842200
2020-11-03,197.9302978515625,199.55071493466912,194.75658847838343,195.49488804919503,27512000
2020-11-04,207.4802398681641,209.33078060637555,203.6737016368608,205.2078282188854,42311800
2020-11-05,214.0960998535156,214.89192662696345,212.04421424829945,212.8975682002232,36080100
2020-11-06,214.5084228515625,215.1220705314765,209.05270390346763,213.1085313092977,25231900
2020-11-09,209.3978729248047,218.72723972094147,208.9088772508579,215.1987693658837,44395000
2020-11-10,202.32171630859372,207.5856723430771,201.08483813944852,205.66802179025424,44045100
2020-11-11,207.63363647460935,209.06227691014425,203.46274026943212,203.6449194303292,29440800
2020-11-12,206.5693817138672,210.08826977578244,205.62973675830685,208.26650705758135,21593900
2020-11-13,207.5953063964844,208.4678411239819,205.34207522093908,207.45148842184904,18621100
2020-11-16,208.28565979003903,208.7746701597939,205.6872508716212,206.0228310191519,24953300
2020-11-17,205.62969970703125,208.71710400471292,205.26534137683592,207.20217276240635,24154100
2020-11-18,202.9187469482422,206.850606549854,202.77453778794847,205.3893721380284,28372800
2020-11-19,204.20692443847656,204.7933397930536,201.81319330215703,203.20714178040055,24792700
2020-11-20,202.25543212890625,205.04329999527928,201.88051176523788,203.99544752615736,22843100
2020-11-23,201.98622131347656,204.08192585772957,200.11161984755836,202.793739688208,25683500
2020-11-24,205.5912322998047,205.9661525975937,200.7845542928597,201.48632517460484,33979700
2020-11-25,205.60086059570312,206.9659555236733,204.24538841273625,206.79292213943785,21012900
2020-11-27,206.9082794189453,207.90807676542292,205.76428758442705,206.54298182630276,14512200
2020-11-30,205.7931060791016,206.4564152798646,202.6879817235007,205.8219449717949,33064800
2020-12-01,207.85037231445312,208.91745539556217,205.1009519674669,206.21609009254752,30904500
2020-12-02,207.04286193847656,207.13900137457543,204.5722368539739,206.5718168405199,23724500
2020-12-03,205.95654296875,208.01380055345115,205.389343819908,206.31223244455936,25120900
2020-12-04,206.0719146728516,207.0524811628778,204.93753095520975,205.9373282658925,24666000
2020-12-07,206.00462341308597,207.2062930539194,204.75489872167415,206.08153203035755,24620000
2020-12-08,207.6580810546875,208.5617387933713,204.65871891677196,205.696963041931,23284100
2020-12-09,203.61087036132807,206.9082442233962,203.04368591308923,206.84095836336223,32440600
2020-12-10,202.38040161132807,204.84141872855037,202.22658437429692,203.58207127159827,26733300
2020-12-11,205.0144500732422,205.0721425381676,201.02491270847503,201.9285706309938,30979400
2020-12-14,205.9180908203125,207.8503848416224,204.6491354053555,204.860630419318,28798400
2020-12-15,205.8507843017578,207.0909006966543,204.0338607141369,206.85056681115515,27000600
2020-12-16,210.8017120361328,211.59962250655173,206.418023156238,206.44686205659363,35023300
2020-12-17,210.93624877929688,212.3494132391624,209.49424542586812,211.36884685156215,32515800
2020-12-18,210.13836669921875,211.1958418345156,207.667741583216,210.13836669921875,63354900
2020-12-21,213.98370361328125,215.3391904307052,208.87901354427856,209.1385782828704,37181900
2020-12-22,215.28152465820312,216.9061843808769,213.27233651295927,214.07985500164784,22612200
2020-12-23,212.4744110107422,214.91619712516564,212.26291599270337,214.4835990132928,18699600
2020-12-24,214.13751220703125,214.9642614379952,212.64743904242195,212.85893405514415,10550600
2020-12-28,216.26206970214844,217.2906911980974,214.39707623360107,215.7717791429796,17933500
2020-12-29,215.48336791992188,218.39621360154015,214.93541425812904,217.5598563272588,17403200
2020-12-30,213.1088714599609,216.90615886299983,212.90699919594755,216.5216158168502,20272300
2020-12-31,213.82025146484372,214.37782784460788,211.1861867746787,213.12808869471013,20942100
2021-01-04,209.27316284179688,214.377852865714,206.50451143811924,213.9260239305633,37130100
2021-01-05,209.4750061035156,210.07104410686517,207.36007087144,208.8597519511152,23823000
2021-01-06,204.0435028076172,208.1195714660329,203.7454910869233,203.96659419117705,35930700
2021-01-07,209.84994506835935,210.8593503984707,205.44704085761092,205.76426870218955,27694500
2021-01-08,211.12852478027344,212.0514134324191,208.6386690377971,210.2248669478522,22956200
2021-01-11,209.0808563232422,210.44595092824397,208.3502319791461,210.02296097509677,23031300
2021-01-12,206.619873046875,208.70598440512012,205.0721366662714,208.12917712293333,23249300
2021-01-13,207.9753875732422,208.37914685698567,205.6585647288094,205.74509610082765,20087100
2021-01-14,204.7837677001953,209.05210123842156,204.51459483461537,207.5620277311476,29480800
2021-01-15,204.42803955078125,206.216124616622,203.83201608510743,205.26441162063568,31746500
2021-01-19,208.0714874267578,208.59060221597767,204.40880100018785,205.48549221860983,30480900
2021-01-20,215.66604614257807,217.05997996557417,208.88862656387892,209.28277771906545,37777300
2021-01-21,216.27169799804688,217.5502762652912,213.82028897946032,216.01213324650223,30709400
2021-01-22,217.2137908935547,221.17450381399632,217.06959641111916,218.30010489062968,30172700
2021-01-25,220.6553497314453,220.8956836212473,215.5506602590629,220.2611986316542,33152100
2021-01-26,223.34713745117188,225.12559979449424,221.1841320050196,222.8953084733589,49169600
2021-01-27,223.8950958251953,231.14357577336744,221.24181437058223,228.7979141385493,69870600
2021-01-28,229.69192504882807,233.2584868459005,226.0003995892036,226.5002982458668,49111200
2021-01-29,222.9914093017578,228.8171006142389,222.4049940067065,226.86559054537324,42503100
2021-02-01,230.38406372070312,233.12387596555695,223.44321972463564,225.97153697036592,33314200
2021-02-02,230.24951171875,232.9412546533433,229.46122406057864,231.9703108623903,25916300
2021-02-03,233.6045837402344,235.6137719070309,230.00918280847807,230.30720920830876,27158100
2021-02-04,232.65284729003903,233.8353007616422,231.0762573300535,233.27772429583015,25296100
2021-02-05,232.8355407714844,233.87378525346736,231.1243641258516,232.8643796735821,18054800
2021-02-08,233.09506225585935,234.258270207897,231.4992415150819,233.7487634737288,22211900
2021-02-09,234.34478759765625,235.2965004709885,232.04719605846225,232.51824112301904,23565000
2021-02-10,233.43150329589844,236.41163467412477,231.5761180724798,235.52720773594567,22186700
2021-02-11,235.03695678710935,235.6714271635908,232.7874202327592,235.3157376694766,15751100
2021-02-12,235.51760864257807,235.8156203248836,233.3449808472629,234.4985806076265,16561100
2021-02-16,234.2774810791016,236.6135341978641,233.5276404900709,235.5560591780429,26728500
2021-02-17,235.29884338378903,235.4048344432104,232.1576765267781,232.52383013252492,21653500
2021-02-18,234.90377807617188,235.0386744478953,232.08058447417395,232.98632355686053,16925600
2021-02-19,232.1865997314453,234.97125810430992,231.4253871453351,234.8652670367225,25262600
2021-02-22,225.9620361328125,229.25737436114903,223.9289456662029,228.76596930430472,36446900
2021-02-23,224.7672882080078,226.270423692357,220.3927634496021,221.93444916322449,30228700
2021-02-24,226.00059509277344,226.62689654449295,220.65289108022145,221.62607102742007,26339700
2021-02-25,220.64328002929688,226.0391502353063,219.57373913394196,223.6206454640999,39542200
2021-02-26,223.90969848632807,226.79070286617392,221.17320598719547,223.09067530726543,37819200
2021-03-01,228.303466796875,228.8141469583708,224.65160522398835,227.30136688188597,25324000
2021-03-02,225.3453521728516,228.6503351211093,224.9406630837467,228.3708974888649,22812500
2021-03-03,219.2653961181641,225.0659701891596,218.97632822975632,223.69773120014003,34029500
2021-03-04,218.4656982421875,224.01575592772312,216.08572844768173,218.4753431523349,44727800
2021-03-05,223.15814208984372,224.7672685097658,218.20549664982508,221.15395671882015,41872800
2021-03-08,219.10157775878903,224.86360116532185,218.85106011593197,222.93650165921431,35267400
2021-03-09,225.25865173339844,226.8003371621138,223.2255612417985,224.39146286887225,33080500
2021-03-10,223.94827270507807,228.3613331436434,223.58211902727157,228.3613331436434,29746800
2021-03-11,228.4865875244141,230.4522228085341,225.7693698082376,226.39568605118396,29907600
2021-03-12,227.1568603515625,227.2243158933277,224.72871079226343,225.48027844351745,22653700
2021-03-15,226.25112915039065,226.6172827840217,223.3604797125114,226.3956704438466,26034900
2021-03-16,229.04542541503903,231.30975858381365,227.33993818218457,227.6675415798213,28092200
2021-03-17,228.3998260498047,229.85479558056207,224.7287038582741,227.54226736123877,29562100
2021-03-18,222.3101959228516,225.6537146778169,221.93441211449596,224.08312390572945,34833000
2021-03-19,221.9537048339844,223.99642572837092,220.99015502303172,222.59928144301023,46430700
2021-03-22,227.3881072998047,228.26492638484757,221.7513354679177,221.8766016383248,30127000
2021-03-23,228.920166015625,232.26368503825157,228.42876090462173,228.8334500612015,31638400
2021-03-24,226.87747192382807,229.32488226541363,226.7425755223645,229.18035565763293,25620100
2021-03-25,223.8711700439453,228.3035052631716,223.12924724060235,226.72328408722728,34061900
2021-03-26,227.8602752685547,228.08190233048975,223.10998133895845,223.10998133895845,25479900
2021-03-29,226.6654357910156,228.1685709644326,223.4279082241939,227.9662190591181,25227500
2021-03-30,223.3990478515625,225.3261476313384,222.6763854341465,225.0178046093241,24792000
2021-03-31,227.1761474609375,230.38477015809212,223.919344331778,224.4203943599418,43623500
2021-04-01,233.5162811279297,233.98841108228743,229.3730143806768,229.77770349981284,30338000
2021-04-05,239.9913482666016,240.8489069737812,233.85352623404805,233.9113368678305,36910600
2021-04-06,238.8254547119141,240.30931493909185,237.88118002189185,238.58456726121224,22931900
2021-04-07,240.7910919189453,241.7835470481952,238.17988016425605,238.7772763423201,22719800
2021-04-08,244.0189666748047,244.87652533779865,242.8145295243861,243.5564669257725,23625200
2021-04-09,246.5242156982422,246.6591120785743,243.2385074384209,243.6528267842257,24326800
2021-04-12,246.58204650878903,248.277903660416,245.3390589644621,245.42578962524595,27148700
2021-04-13,249.0679931640625,249.74248982614807,247.4684968725748,247.88284565910575,23837500
2021-04-14,246.2736968994141,249.39558893106727,245.85937753080964,248.0948201880165,23070900
2021-04-15,250.04116821289065,250.45548756154315,248.33569568609872,248.52838799920875,25627500
2021-04-16,251.2359771728516,251.48650954221523,248.21044595029304,250.01227945558983,24878600
2021-04-19,249.30886840820312,251.9490148829156,248.42241904999537,250.70602739466509,23209300
2021-04-20,248.846435546875,250.71572492285813,247.47818159133195,248.42247118911308,19722900
2021-04-21,251.0818328857422,251.17819376172795,247.87322449241307,249.5016262593768,24030400
2021-04-22,247.7960968017578,252.2380469389633,246.32185218965756,250.7252668068392,25606200
2021-04-23,251.6309814453125,251.97787460481857,247.8924041545096,248.48018472290556,21462600
2021-04-26,252.0163726806641,252.8739458934352,250.68669900392905,252.12237842171604,19763300
2021-04-27,252.42117309570312,253.59670517141063,250.63859986706004,252.04537451332973,31014200
2021-04-28,245.2812042236328,247.18904317617995,243.72988865050584,246.74578915157036,46903100
2021-04-29,243.30593872070312,246.765093449427,239.92388443782957,246.1484222060443,40589000
2021-04-30,242.9879913330078,243.8551950096388,240.50204568676875,240.63694207611977,30945100
2021-05-03,242.6796417236328,245.07888590495,241.96660961246243,244.1635018762169,19626600
2021-05-04,238.7579803466797,242.0533333507918,236.8019755773851,241.82207612341145,32756100
2021-05-05,237.4861297607422,240.40568459382968,236.85982824705025,239.9817203126705,21901300
2021-05-06,240.62730407714844,240.75257026464385,235.77101921847165,237.46686169080556,26491100
2021-05-07,243.2577667236328,245.0306946648185,242.01477936188505,242.9590539627728,27032900
2021-05-10,238.17025756835935,242.55441256020532,238.11244692669277,241.72575905690567,29299900
2021-05-11,237.2548828125,237.6114062658361,233.72830142602373,235.6361260715082,33641600
2021-05-12,230.28839111328125,235.4722934925469,229.3922968996712,233.3428420679192,36684400
2021-05-13,234.1715087890625,236.6478388542154,232.62019300923683,232.9863466413085,29624300
2021-05-14,239.1048583984375,240.09731343906537,236.54182730369283,236.62854325032583,23901100
2021-05-17,236.24313354492188,237.6017422952167,234.64365204657955,237.563206772258,24970200
2021-05-18,234.2196807861328,237.4283032972884,234.04623418149052,237.2934069170568,20168000
2021-05-19,234.7991485595703,234.9053843697476,230.43385737322748,231.11954918173777,25739800
2021-05-20,238.04412841796875,239.46381831338093,235.51380358455043,235.6103869428777,21800700
2021-05-21,236.77899169921875,239.8308434203437,236.36371563375428,239.09685992167127,21863100
2021-05-24,242.19696044921875,242.56395952418904,239.03887328397,239.3092890013529,21411500
2021-05-25,243.1048126220703,244.09955940034632,242.23562127253584,243.1531043051673,17704300
2021-05-26,242.8826904296875,244.28306083094176,242.1680118293989,242.82473156759428,17771600
2021-05-27,240.77728271484372,242.8730119985924,240.7193385919879,242.5736242061357,24426200
2021-05-28,241.13462829589844,243.45249649735703,241.01874004361903,242.4094580171836,18270200
2021-06-01,238.9326629638672,242.6895260844274,238.5077344602041,242.63158195831664,23213300
2021-06-02,238.8361053466797,240.7386828366705,237.42606768789705,239.63770018013477,19406700
2021-06-03,237.30050659179688,237.9089346282766,234.68325068647783,236.8272716864884,25307700
2021-06-04,242.2066650390625,243.0372319888656,239.03892475064,239.28036846004144,25281100
2021-06-07,245.12326049804688,245.3936762199527,241.26016191476185,241.42434183616524,23079200
2021-06-08,243.92572021484372,247.24798750204263,243.867761354814,246.42707312197177,22455000
2021-06-09,244.91079711914065,246.78440235278245,244.5438127622633,245.1232687272785,17937600
2021-06-10,248.4359130859375,248.64838473195024,244.9881045330119,245.58688022456343,24563600
2021-06-11,249.06362915039065,249.64307033984085,247.82740935129087,249.16018303323085,18999700
2021-06-14,250.9951934814453,251.05313760387736,248.0109238106756,249.0732818437695,19150500
2021-06-15,249.517578125,251.09179585898025,248.8608582952137,250.87932421133056,18038900
2021-06-16,248.5711212158203,251.6615828730093,245.71242134126197,250.52197568954165,27220000
2021-06-17,251.9706573486328,252.79157188164797,247.2480335667178,247.3059777009909,27565500
2021-06-18,250.5509033203125,253.32267177206157,249.89418365035087,250.74407003411417,37202200
2021-06-21,253.6414337158203,254.50095793901875,249.09264278087616,250.92760895761077,26696100
2021-06-22,256.4228210449219,256.6932367514326,253.4192467414013,253.72830168401404,24694100
2021-06-23,256.1910705566406,257.6976768866212,255.37982326150552,256.8864295914861,19518700
2021-06-24,257.5625305175781,258.68283302568653,256.38428386880145,257.05067095959964,21446900
2021-06-25,255.9495849609375,258.1032730224805,255.69850359577825,257.1181934981562,25611100
2021-06-28,259.52294921875,259.69678157154965,256.8091249764496,257.0795406829496,19590000
2021-06-29,262.1112976074219,262.35274132840755,258.8083640092798,259.66788832997133,19937800
2021-06-30,261.6283264160156,262.0725744679508,260.3728312580289,261.425522007778,21656500
2021-07-01,262.3044738769531,262.53625042610145,260.3729240390862,260.38256174655965,16725300
2021-07-02,268.1473083496094,268.485335349886,263.1735751181436,263.48263005971666,26458000
2021-07-06,268.156982421875,269.8084487566481,264.9119643981238,268.5143143127748,31565600
2021-07-07,270.34930419921875,271.0833024012596,267.66445171709097,269.83744478808626,23260000
2021-07-08,267.9252624511719,269.1904251024168,265.46251898624683,267.4230406840095,24618600
2021-07-09,268.4273681640625,268.53358921248014,265.8970436777281,266.283347584945,23916700
2021-07-12,267.82867431640625,270.19480488995174,267.1139809234751,269.60569640968833,18931700
2021-07-13,271.3633728027344,273.16936668942884,267.8962453327776,268.0217712803497,26120100
2021-07-14,272.841064453125,273.95169964474775,270.948124511582,272.6865369391352,23113700
2021-07-15,271.4117126464844,272.8410700755124,270.25277100423347,272.34851545658927,22604200
2021-07-16,271.1412658691406,274.3766172336164,269.8954081670849,272.4160956352856,26186800
2021-07-19,267.529296875,270.77428617836256,265.05691565154973,269.3835680560332,32935600
2021-07-20,269.76025390625,271.3537766070522,266.8049850507663,268.51439602462887,26259700
2021-07-21,271.7689514160156,271.8848396458678,267.7996321780763,269.3545150504272,24364300
2021-07-22,276.3468322753906,276.6172480569608,273.71992348023304,274.1255324160335,23384100
2021-07-23,279.75592041015625,280.064945859468,276.6944021891491,277.5346213125616,22768100
2021-07-26,279.1571655273437,279.7752754830576,276.8296744343283,279.10888858153703,23176100
2021-07-27,276.7331848144531,279.6691196793427,273.26605600022003,279.52425931974534,33604100
2021-07-28,276.42401123046875,280.21949839039,274.1157957556486,279.09919630124614,33566900
2021-07-29,276.69439697265625,278.7418342171071,276.2887587105013,276.4432861687937,18168300
2021-07-30,275.1589050292969,276.8490109491029,274.1931302179792,275.4100159116341,20944800
2021-08-02,275.0719909667969,276.9552341796098,274.02893765754214,276.559262967125,16267400
2021-08-03,277.2932434082031,277.399493957448,274.2800308832114,275.6514440057943,17879000
2021-08-04,276.70416259765625,277.7471864708533,274.9078060448436,276.424079637782,16191300
2021-08-05,279.6111145019531,279.7173650578754,276.3081811316384,277.0614843102284,13900200
2021-08-06,279.5531311035156,279.5917703432516,277.7761092260167,278.6356628397924,16589300
2021-08-09,278.4618530273437,281.5716492622996,277.9596607093601,279.8332662997247,16117600
2021-08-10,276.63653564453125,279.3503604705102,275.43898432576697,278.91575002193525,18616600
2021-08-11,277.1290588378906,278.7805253038503,276.0763384903963,277.3801402153559,13955900
2021-08-12,279.8912048339844,280.0457323456055,276.5399649505444,276.8200479074269,14561300
2021-08-13,282.8271789550781,282.87545590974054,279.3986604538494,279.5725223314767,18249000
2021-08-16,284.51715087890625,284.7296224308666,280.0938875171222,283.1554054058555,22507600
2021-08-17,283.0491943359375,283.38722132567307,281.1176452209921,282.3828370065338,20075300
2021-08-18,281.3172302246094,285.2748073508947,280.87210209094656,282.584814824955,21813000
2021-08-19,287.16162109375,287.8389693688387,279.29486668933555,279.34323605347345,29850500
2021-08-20,294.5059509277344,295.93804471105017,288.40993310312365,290.01619207467786,40817600
2021-08-23,294.7864990234375,295.5122166623576,292.0771649832797,293.4318320033586,22830200
2021-08-24,292.8221740722656,295.75407164779244,292.2222523187188,295.1444642112783,18175800
2021-08-25,292.23193359375,294.72838881139063,290.6934160307416,294.44776977526334,20006100
2021-08-26,289.40655517578125,292.6384146370942,289.27110321955627,291.2450342127576,17666100
2021-08-27,290.01617431640625,291.1289356569484,287.2197276707217,289.3097983902033,22605700
2021-08-30,293.7608337402344,294.37044130921845,291.31274730875384,291.3708023601306,16348100
2021-08-31,292.1062316894531,294.6414009234125,291.7385299783542,294.5640040245376,26285300
2021-09-01,292.0578918457031,295.3091233169485,291.7289032822828,293.0642289117477,18983800
2021-09-02,291.3998413085937,293.5382811968724,290.4612452351726,292.4158638065708,16285600
2021-09-03,291.3902893066406,292.80301199969455,290.5387755093349,291.2451220910922,14747900
2021-09-07,290.4613342285156,291.3418755180699,288.54545781192616,291.26447859932944,17180400
2021-09-08,290.4902648925781,290.87730841628627,287.83898574917305,290.0741938428301,15046800
2021-09-09,287.6260986328125,292.3577919400871,287.3841927466621,291.08052177412657,19927000
2021-09-10,286.1360168457031,290.2097341799101,285.8167139945007,288.7582985244674,19633400
2021-09-13,287.37451171875,288.8743459549039,284.5587236147856,287.9163785501458,23652900
2021-09-14,290.0838928222656,291.6320965175788,288.4486065448419,289.8613287594078,21853400
2021-09-15,294.95098876953125,295.43480049724343,292.04811840325823,293.44149854143126,28356300
2021-09-16,295.3381042480469,295.4251868367225,291.0225108529968,293.9253819269781,19550800
2021-09-17,290.1612243652344,294.64132543399546,289.83223595262746,294.3220227048402,41372500
2021-09-20,284.7716064453125,289.0485156418267,280.14636693580707,286.73588112231,38278700
2021-09-21,285.25543212890625,287.90674093489395,284.5490857833115,286.1166313271891,22364100
2021-09-22,288.9130554199219,290.4999723745813,284.9748496205517,287.1229752972674,26626300
2021-09-23,289.8613586425781,291.157970881337,287.8970836759425,289.1743540709704,18604600
2021-09-24,289.6581420898437,290.0935550094492,287.3164798916889,288.5744083394524,14999000
2021-09-27,284.6458740234375,286.8713966997441,283.4556862535076,286.55209387487736,23571700
2021-09-28,274.3406982421875,281.3656567125782,273.5956385221148,280.41737472650163,43186200
2021-09-29,274.8050842285156,277.48539079265004,273.8471463773085,275.8694760240385,26353700
2021-09-30,272.79248046875,278.5111104233901,272.5021756474461,276.4597529494466,32343600
2021-10-01,279.739990234375,280.591503731874,272.1828522383653,272.9859668378756,30086300
2021-10-04,273.9439392089844,278.43372747696765,271.1765495236149,278.0950532665713,31350700
2021-10-05,279.4110107421875,280.99789815078844,274.8534821527337,274.8534821527337,24993000
2021-10-06,283.6201477050781,284.1233308910271,276.26623174874106,276.5274794979248,28002600
2021-10-07,285.3038024902344,287.0358568696972,284.4039196983198,285.62310526075913,20430500
2021-10-08,285.3038024902344,287.0358568696972,284.2490963906474,286.6294419958664,17685700
2021-10-11,284.7039489746094,288.32285238042994,283.27185518199826,283.436364213869,19298600
2021-10-12,283.3976745605469,285.87478922488333,282.88483510729446,285.77802093512065,17974100
2021-10-13,286.7165832519531,287.65517944527,283.98787726360524,285.36191594446814,23416300
2021-10-14,292.94805908203125,293.45121274775926,288.18733774656533,289.5226631039349,27262900
2021-10-15,294.3608093261719,294.5930591035775,290.7902753674663,292.55135765925456,25384800
2021-10-18,297.34112548828125,298.23132284689746,292.8900501065955,293.7415637745136,22729300
2021-10-19,298.25067138671875,299.2860063300216,297.27336197502046,298.36678150899326,17682100
2021-10-20,297.45721435546875,299.673080965234,296.1992857888648,299.1989252574953,16537100
2021-10-21,300.6986999511719,300.9502619908337,296.44113276271713,297.2249349952262,16918100
2021-10-22,299.1505432128906,301.0180498454364,297.83455964059056,300.35038713771274,17449300
2021-10-25,298.15386962890625,299.382740991033,296.5379251966183,299.344027778111,17554500
2021-10-26,300.0696716308594,302.2855374351402,298.6085804098941,300.9308706116033,28107300
2021-10-27,312.7069396972656,315.5420698297333,305.769065317171,305.769065317171,52588700
2021-10-28,313.8487854003906,314.3519391457011,310.95557015863426,313.82941402549045,26297900
2021-10-29,320.8833312988281,321.25103298902206,313.4132759770589,313.63584003415747,34766000
2021-11-01,318.7061767578125,320.7575340415981,315.8033059910529,320.631738250314,27073200
2021-11-02,322.3444519042969,322.6540985408013,319.31578533683205,319.615746287968,26487100
2021-11-03,323.1862487792969,324.05710402279703,319.9447041506054,323.08948052345784,21500100
2021-11-04,325.5473022460937,325.64407051672566,318.8416774576779,322.1122501101373,23992200
2021-11-05,325.1795654296875,327.82118833215054,323.592678174856,327.5502549213487,22570100
2021-11-08,326.0794982910156,326.7181334708356,323.61206968994304,326.3794592729646,20897000
2021-11-09,325.0731506347656,327.7534572970053,323.6991121703383,326.19556799164343,21307400
2021-11-10,320.0898742675781,323.79588918284475,319.23839030651203,323.7378341293523,25500900
2021-11-11,321.6671142578125,322.9637263705038,319.80929343616174,320.52532546851364,16849800
2021-11-12,325.8182067871094,326.3117042528894,322.9830768391955,323.1088726269063,23831000
2021-11-15,325.1892395019531,326.9406356895089,323.2152792768723,326.6116472402498,16723000
2021-11-16,328.51788330078125,329.6403301704933,324.64738907261324,324.811868540775,20886800
2021-11-17,328.7408752441406,331.7169218037687,327.65515874144324,328.56639143125483,19053400
2021-11-18,330.8250732421875,331.968980623258,326.8020941377926,327.8296493909569,22463500
2021-11-19,332.6086730957031,334.5377867618701,331.72655082273826,332.1530864365154,21963400
2021-11-22,329.4291076660156,338.96796943364063,329.1576785642412,334.07251261265543,31031100
2021-11-23,327.34490966796875,329.060755723805,323.35101172103555,326.7341868063017,30427600
2021-11-24,327.5679626464844,327.810311170571,323.69038626109824,325.9878455360699,21661300
2021-11-26,319.5897827148437,327.5872826116313,318.07753055559016,324.1168653701531,24217200
2021-11-29,326.3270263671875,328.6535654759392,324.4948579595325,324.68874854507425,28563500
2021-11-30,320.471923828125,327.4418682918144,318.9208876812045,325.057167596262,42885600
2021-12-01,319.9775085449219,328.8959437859032,319.30865400622315,324.8729652307251,33337600
2021-12-02,319.40557861328125,323.2831541157853,317.76730059678897,320.1907852858541,30766000
2021-12-03,313.1239624023437,322.5173925388993,308.29636967858346,321.82910150534224,41779300
2021-12-06,316.2065734863281,317.4280191700264,309.45960076174345,314.0351407895772,30032600
2021-12-07,324.6693420410156,325.5223836232418,319.99685743619625,321.4897319762996,31021900
2021-12-08,324.7178649902344,325.2316425566837,320.6754795458663,325.0474553551685,24761000
2021-12-09,322.90509033203125,326.1913200286441,321.95507372960486,324.1749938812404,22214200
2021-12-10,332.0561828613281,332.502095755915,324.5433804062018,324.72756760726975,38095700
2021-12-13,329.01226806640625,333.26792128473744,328.70205493313443,330.253091015941,28899400
2021-12-14,318.29083251953125,324.39803266364254,314.190285119209,323.0214801231553,44438700
2021-12-15,324.4076843261719,324.93116535043464,314.56834150251177,318.55253649678184,35381100
2021-12-16,314.9560241699219,326.45304945434475,313.13355918243616,325.43516826441515,35034800
2021-12-17,313.8897399902344,314.97548603264545,307.5402216369825,311.05912630586664,47750300
2021-12-20,310.1188049316406,312.9203379086466,307.850426764206,310.25450469368167,28326500
2021-12-21,317.2728881835937,317.6994237995554,310.0121088915762,313.3953131901604,24740600
2021-12-22,323.0020446777344,323.3994701251989,315.78004861655177,318.2519911161229,24831500
2021-12-23,324.4464416503906,326.09442308787044,322.5464379196948,322.5658151473103,19617800
2021-12-27,331.96893310546875,331.9980137373936,325.1637693995328,325.1928500314576,19947000
2021-12-28,330.8056640625,333.287310047464,329.9041348473056,332.6475065317783,15661500
2021-12-29,331.4842224121094,333.762274179864,329.28367954819765,330.8540927739974,15042000
2021-12-30,328.9347839355469,332.62817276225854,328.4500869285395,331.4455108818182,15994500
2021-12-31,326.02655029296875,328.97348632899786,325.5709339951503,328.14952521434043,18000800
2022-01-03,324.50457763671875,327.6551075166869,319.68668922154853,325.0862198389616,28865100
2022-01-04,318.94024658203125,324.9407962504497,316.1386844494537,324.5820957134117,32674300
2022-01-05,306.69683837890625,316.09026737820085,306.3090867462832,315.8866733646423,40054300
2022-01-06,304.2733459472656,308.9458313978056,301.9564804488897,303.56567778767305,39646100
2022-01-07,304.42840576171875,306.81310597977955,300.599288814176,304.53502486859134,32720000
2022-01-10,304.6513977050781,305.08763677546057,295.36461754386573,300.0176962380316,44289500
2022-01-11,305.3396911621094,306.9197783166064,300.4054799245104,303.78865505675424,29386800
2022-01-12,308.5289001464844,313.5115976076362,307.37531935944094,309.8860748960973,34372200
2022-01-13,295.4711608886719,311.0590267250478,294.69565783305563,310.6615717943923,45366000
2022-01-14,300.7059326171875,301.3069519679138,294.4533315218236,294.9380283638348,39846400
2022-01-18,293.3869934082031,300.31815235246546,292.50484160314465,294.76354546028995,42333200
2022-01-19,294.0462341308594,304.3024380013182,293.4355408334725,296.91566133072115,45933900
2022-01-20,292.3692321777344,302.1116299063916,291.923319227443,299.61060643856285,35380700
2022-01-21,286.9696350097656,294.80232361257026,286.5624766117885,293.4258010333453,57984400
2022-01-24,287.2992553710937,288.0165973652918,267.6011649113128,283.2568995161282,85731500
2022-01-25,279.66046142578125,285.9615223318833,276.4420958772445,282.5977240186681,72848600
2022-01-26,287.6288146972656,299.0579754289828,284.06145275492327,298.5635751438715,90428900
2022-01-27,290.6630554199219,297.8947254313369,288.81150957189453,293.3967532426776,53481300
2022-01-28,298.82537841796875,299.03864626312003,285.438050786546,291.0411464452791,49743700
2022-01-31,301.462158203125,302.819303892865,296.9932364584316,299.4942895571127,46444500
2022-02-01,299.31005859375,301.1228203841136,295.7911541378428,300.90955255092064,40950400
2022-02-02,303.8662109375,305.4754084003278,299.42639978521,300.1534452277407,36636000
2022-02-03,292.0299072265625,301.7044688280811,290.77938083421395,300.0177033550017,43730000
2022-02-04,296.57635498046875,299.34880717402064,290.78907254882864,291.02171760463654,35096500
2022-02-07,291.7391357421875,298.4182450097808,290.72125429341827,296.7993735987438,28533300
2022-02-08,295.2385559082031,296.20794965089715,290.76966495448744,292.0298649865699,32421200
2022-02-09,301.6849975585937,302.38296218850303,297.98193620057947,300.3860135830635,31284700
2022-02-10,293.12530517578125,299.6590099923369,291.49673067406343,294.734502451366,45386200
2022-02-11,286.00994873046875,294.97684118279875,285.21503873193984,293.91050210959537,39175600
2022-02-14,285.9712219238281,287.6773647823829,282.4329398404649,284.7788566874214,36359500
2022-02-15,291.2737731933594,291.59366014918345,287.9293525556165,290.8278603028446,27058300
2022-02-16,290.9338073730469,292.2646183764721,285.2802618312306,289.83612248855013,29982100
2022-02-17,282.4146728515625,288.31103872121673,281.7055413340337,287.8836210455456,32461600
2022-02-18,279.6947021484375,285.4550868856492,278.1210416639117,284.6682566433863,34264000
2022-02-22,279.4907531738281,283.20150223418443,276.3628490914678,276.8485482990099,41736100
2022-02-23,272.2537536621094,283.35685724372496,272.08863257472035,281.88031305688963,37811200
2022-02-24,286.1641845703125,286.71788864432006,263.754021577561,264.7157259283951,56989700
2022-02-25,288.8064270019531,289.11728157354844,283.30830905134627,286.69850928615546,32546700
2022-02-28,290.2440795898437,290.58407489243245,284.61967565103026,285.89220493509373,34627500
2022-03-01,286.5139465332031,291.3903554307586,283.7940134485525,287.92245631130913,31217800
2022-03-02,291.60406494140625,292.8474536090081,285.2996993116975,286.9121944404564,31873000
2022-03-03,287.45623779296875,294.4600122054836,285.63969781880644,294.22688606750665,27314500
2022-03-04,281.5694580078125,287.2035851542529,278.9564242158944,285.87277441074184,32356500
2022-03-07,270.9327392578125,281.40441313154366,270.5636031118159,280.27758739708514,43157200
2022-03-08,267.960205078125,275.83823041762696,262.27751955874135,269.8544138214388,48159500
2022-03-09,280.2484130859375,281.3169571583642,272.74921692953006,275.3331399974986,35204500
2022-03-10,277.42156982421875,278.4026913561717,272.5548560322905,274.9250696824527,30628000
2022-03-11,272.0595092773437,281.2295109362962,271.43780018093685,279.7238258935915,27209300
2022-03-14,268.5333251953125,277.2370449099139,267.93106304456427,272.32177230866523,30660700
2022-03-15,278.9370422363281,279.58789220242016,270.7578843795946,272.33154503092817,34245100
2022-03-16,285.969970703125,286.1448152890781,275.10002093883594,280.8409590240361,37826300
2022-03-17,286.7762145996094,287.1550445309803,281.09352847125103,284.9014229476991,30816600
2022-03-18,291.8371887207031,292.3908928751007,284.35743948050003,286.9219156173707,43390600
2022-03-21,290.603515625,291.5554966200923,286.4653494285398,290.3412487591332,28351200
2022-03-22,295.36334228515625,296.27645898935685,290.2246373680648,291.2251763552564,27599700
2022-03-23,290.92401123046875,294.55706032967873,289.20464724341764,291.91485627785227,25715400
2022-03-24,295.4022827148437,295.4994284914666,289.7876007048996,290.58415457058635,24484500
2022-03-25,294.99420166015625,296.7621535192593,290.7297789282767,296.4998866743369,22566500
2022-03-28,301.81353759765625,301.91065373566624,295.6257040093676,295.6257040093676,29578200
2022-03-29,306.3887023925781,306.7869792022904,300.2105945750793,304.9316051278978,30393400
2022-03-30,304.8830261230469,306.9132744570612,302.66823940338827,304.785910018409,28163600
2022-03-31,299.4917907714844,306.1264573909098,299.0838201093192,304.9219034077855,33422100
2022-04-01,300.5700378417969,301.25972224894343,296.8010081609625,300.52145014597426,27110500
2022-04-04,305.9613037109375,306.0972840487811,300.8517395010584,301.22087557405337,24289600
2022-04-05,301.9883117675781,305.8641815434495,301.0071899868292,304.3099383163862,23156700
2022-04-06,290.9338073730469,298.21929503681264,288.2235976616029,296.4610663855352,40110400
2022-04-07,292.75030517578125,294.96509214612985,287.87389631112285,288.17502741691453,31411200
2022-04-08,288.4761047363281,292.507401059244,287.8058376529957,291.84685744355124,24361900
2022-04-11,277.1011047363281,284.2408589427509,276.8485316772578,283.444334820197,34569300
2022-04-12,273.9926147460937,282.42434526371244,272.46751223011626,280.96724774660083,30966700
2022-04-13,279.3935852050781,280.32611930894404,273.25434059478465,274.6434627479795,21907200
2022-04-14,271.8263854980469,280.0638541254558,271.3309925011288,279.85014530403384,28221600
2022-04-18,272.4966735839844,274.38118888675035,270.37903214717795,270.9327363602511,20778000
2022-04-19,277.139892578125,277.985033907518,270.44697444425884,271.38923187716625,22297700
2022-04-20,278.1695861816406,281.4140823953161,277.20791140895244,281.1226451360591,22906700
2022-04-21,272.77838134765625,284.9111378335429,272.0498325502864,280.3261362163063,29454600
2022-04-22,266.1922912597656,275.1000272597843,265.5608882550552,273.6234827807658,29405800
2022-04-25,272.6909484863281,273.0697784310283,263.0255229577328,265.4734657946964,35678900
2022-04-26,262.49127197265625,270.3984393869639,262.2775631428249,269.56305100790337,46518400
2022-04-27,275.1194152832031,282.6477517681087,271.1755407349465,274.0314539795078,63477700
2022-04-28,281.3460998535156,282.6574935130097,273.4097625442166,277.03308894590896,33646600
2022-04-29,269.5824279785156,281.5889255994555,268.5916124491754,280.3552308662172,37073900
2022-05-02,276.3336181640625,276.79017645597764,268.3195838543962,269.7669575343173,35151100
2022-05-03,273.7205505371094,276.0033419602284,272.1371669192712,275.83819124250624,25978600
2022-05-04,281.68609619140625,282.5603487525896,268.81506842007445,274.5074483596638,33599300
2022-05-05,269.4173278808594,278.15991269271166,266.49340947413936,277.3730824312229,43260400
2022-05-06,266.872314453125,271.26302490026774,263.5112543760467,266.95001328766097,37780300
2022-05-09,257.0125427246094,264.5700201232837,255.78860105571707,262.3358159472055,47726000
2022-05-10,261.7918701171875,265.92031333795944,257.48858229827016,263.9192349954693,39336400
2022-05-11,253.09780883789065,263.59862182505924,251.88356099344725,258.081086734642,48975900
2022-05-12,248.04656982421875,252.4470030791801,242.86901493975185,250.31963836207385,51033800
2022-05-13,253.65151977539065,255.516617558176,248.04656224715404,249.9893588503905,34925100
2022-05-16,254.02066040039065,258.21710825290523,248.46426083031776,252.52469868871452,32550900
2022-05-17,259.1884765625,260.6552676958452,254.95316496707787,258.4987624917142,28828800
2022-05-18,247.38771057128903,256.65696452524253,246.1122174410191,256.0727621668994,31356000
2022-05-19,246.47250366210935,250.88320092166384,245.2456963560766,247.21248054968524,32692300
2022-05-20,245.9077911376953,251.7302939364053,239.9489912660256,250.4645169555872,39199300
2022-05-23,253.78468322753903,254.61230085567476,246.7548510172752,248.76060475810127,33175400
2022-05-24,252.7818145751953,254.44676623936743,246.8230151760362,251.0974003917929,29043900
2022-05-25,255.60543823242188,257.6111772266234,250.3574216489595,251.3408286258208,28547900
2022-05-26,258.8963928222656,260.0745140342106,254.5441279914447,255.36199947266203,25002100
2022-05-27,266.0430603027344,266.1404323228601,260.5126742393116,261.40845522519186,26910800
2022-05-31,264.70916748046875,267.5327779701292,261.84660223740195,265.35178719970526,37827700
2022-06-01,265.2446594238281,270.37584058599896,262.9273422171167,267.95143496551884,25292200
2022-06-02,267.3477478027344,267.4159111845352,254.7096506560201,257.48458965470934,44008200
2022-06-03,262.9078674316406,266.2475464172639,261.34028787235826,263.19023737158795,28059000
2022-06-06,261.6712951660156,266.95826527285715,260.18159558580714,264.89410948472664,22400300
2022-06-07,265.32257080078125,265.9359818654596,258.9353582624585,259.6169327151611,22860700
2022-06-08,263.28759765625,265.8093753438602,262.5086512555536,264.5533447009521,17372300
2022-06-09,257.815673828125,265.52705139070684,257.65988452101186,260.72691036326086,26439700
2022-06-10,246.32644653320312,253.71651344444265,245.87855603655117,253.71651344444265,31422800
2022-06-13,235.87905883789065,242.46101532020856,235.16829061749948,238.653998046273,46135800
2022-06-14,238.05032348632807,239.2673994308343,235.14880373766889,237.4369124560941,28651500
2022-06-15,245.12884521484372,248.57561287293493,239.92949994824272,241.76971832268623,33111700
2022-06-16,238.5177001953125,240.90316631225872,236.61906450455476,239.50109230773435,33169200
2022-06-17,241.12710571289065,243.9020451029237,237.60245815862064,238.2548091511196,43084800
2022-06-21,247.0566864013672,248.04007841973456,242.93809069276983,243.6683362622097,29928300
2022-06-22,246.4627685546875,250.39636659426804,243.7754551783502,245.2554237872834,25939900
2022-06-23,252.04180908203125,252.53838557608867,246.94958234402384,248.8384865881136,25861400
2022-06-24,260.6490173339844,260.9216411791488,254.8265148455369,254.9141407550072,33923200
2022-06-27,257.9130249023437,261.2331820993187,256.3454155551136,261.14555619252,24615100
2022-06-28,249.7245330810547,259.87980811002035,249.56874378715275,257.0269890927544,27295500
2022-06-29,253.4049835205078,255.06993526197783,249.0234948180276,250.80529596472903,20069800
2022-06-30,250.0653076171875,252.69420384590512,246.2388275378218,250.2795141966665,31730900
2022-07-01,252.74285888671875,252.9278568169159,247.90377835039504,249.63690825299287,22837700
2022-07-05,255.92677307128903,256.0533537422768,248.0303825914804,249.41297928429609,22941000
2022-07-06,259.19830322265625,260.93141872598625,255.48865695028252,256.8031053278917,23824400
2022-07-07,261.33056640625,261.97318613341645,258.0395879764146,258.1369600042467,20859900
2022-07-08,260.61004638671875,261.0384595044661,256.35515355768905,257.81564471898173,19658800
2022-07-11,257.5429992675781,259.50978316936533,255.27435321446737,258.65295700580936,19455200
2022-07-12,246.988525390625,258.93534718140467,245.40145358358677,258.8769299123895,35868500
2022-07-13,246.06353759765625,246.87167777562135,241.5749610978492,243.60017717210815,29497400
2022-07-14,247.38771057128903,248.41978852839657,239.46211312739496,243.97016688856613,25102800
2022-07-15,249.95819091796875,253.5120467410003,248.0595554117343,248.98453016021935,29774100
2022-07-18,247.55325317382807,253.9696741447168,246.6282784047325,252.90838746077424,20975000
2022-07-19,252.69418334960935,252.87918127659825,246.99826179190453,250.7955329257847,25012600
2022-07-20,255.3619842529297,257.8935080470183,252.09049852304292,253.0544131195691,22788300
2022-07-21,257.8643493652344,257.91305023853096,250.26006010817883,252.94737370240864,22404700
2022-07-22,253.5023193359375,258.3414148476746,252.24631825964892,258.2537889386617,21881300
2022-07-25,252.01258850097656,254.6122756707931,250.04580456368785,254.12544531578203,21056000
2022-07-26,245.26515197753903,253.03497593453565,242.99653536539577,253.0154837015324,39348000
2022-07-27,261.66162109375,262.9371144972868,252.0321302315407,254.2812845363284,45994000
2022-07-28,269.12957763671875,270.5219054098013,260.8145063214332,262.6449933275576,33459300
2022-07-29,273.34552001953125,274.5723421203902,269.3437884448539,270.38561261895575,32152800
2022-08-01,270.6874389648437,273.87129897154,268.5745820293401,270.50244104227005,21539600
2022-08-02,267.5814819335937,270.5706278744579,265.2057470824451,268.7303946053114,22754200
2022-08-03,275.02996826171875,276.0328377004394,269.3243005039463,269.4703733954384,23518900
2022-08-04,276.17889404296875,276.3249372276528,272.7905733032149,274.3776155284762,18098700
2022-08-05,275.4583435058594,276.1788428927064,271.33974817793603,271.79736988103866,16774600
2022-08-08,272.9366149902344,278.389121660764,271.9629541459888,276.5683509224571,18739200
2022-08-09,274.86444091796875,275.62389517818417,270.2979692399521,272.2745292536275,23405200
2022-08-10,281.5438232421875,282.1766969604841,279.3822945958902,280.57990834376307,24687800
2022-08-11,279.4600830078125,283.53972371193976,278.96353625690085,283.1892201230609,20065900
2022-08-12,284.2213439941406,284.2213439941406,279.382248352061,280.8816943899118,22619700
2022-08-15,285.740234375,286.43152521881507,282.4687186563289,283.335291025511,18085700
2022-08-16,285.000244140625,286.29522964293864,282.77058230494487,284.29920717683063,18102900
2022-08-17,284.2489013671875,286.22962671486226,282.44379979769025,282.7072354649564,18253400
2022-08-18,283.1268920898437,284.8246485930256,282.0633227973531,283.14639592226945,17186200
2022-08-19,279.2044372558594,282.22919866799805,278.62876156472737,281.8876880642846,20570000
2022-08-22,271.0082702636719,275.6039377243286,270.4911359615329,275.23315656867504,25061100
2022-08-23,269.7301330566406,272.0913771117212,268.71536804172104,269.7301330566406,17527400
2022-08-24,269.095947265625,270.5009975177334,268.4324298077406,268.72516598009,18137000
2022-08-25,272.08160400390625,272.24746099453296,267.8566874918669,270.5984792302735,16583400
2022-08-26,261.5827941894531,273.5354566259213,261.47547845229536,272.306030389581,27549300
2022-08-29,258.7922058105469,260.9095177308766,257.44569714689953,259.3971520734982,20338500
2022-08-30,256.5870666503906,260.5680218228097,254.33313846551115,260.1972703784425,22767100
2022-08-31,255.1234588623047,260.6265462248156,254.9868427257154,258.9483235878994,24791800
2022-09-01,254.07940673828125,254.5575334082657,249.21053658429875,252.58654502067083,23263400
2022-09-02,249.84478759765625,258.314095365784,248.2933844065724,255.3479051299607,22855400
2022-09-06,247.1029815673828,251.5718002743736,245.82478096491684,249.98138951217095,21328200
2022-09-07,251.82554626464844,252.54757519892,247.0737573611904,248.5178301181559,24126700
2022-09-08,252.24505615234372,254.10869920307312,248.6055968388462,251.2595916507078,20319900
2022-09-09,258.0408935546875,258.7922228079521,253.9721264405236,254.1770208837589,22084700
2022-09-12,260.1777038574219,260.9583036393322,258.7238795678171,259.32882578827446,18747700
2022-09-13,245.8735809326172,254.07943798746075,245.4832809950445,252.55730545197807,33353300
2022-09-14,246.0979766845703,248.0591834837352,243.79525932523745,247.3761772518185,23913000
2022-09-15,239.42401123046875,245.29787987720312,238.0970212764105,243.7074542260417,31530900
2022-09-16,238.799560546875,239.34596558037185,236.184603030028,238.33120061380296,39791800
2022-09-19,238.5848693847656,239.1898156119404,235.00395159284344,236.58462522561285,26826900
2022-09-20,236.56512451171875,237.5993932582116,233.8233326754901,236.1943581935016,26660300
2022-09-21,233.15008544921875,241.64867860903064,233.10129609605303,238.3409629469102,28625600
2022-09-22,235.13079833984372,237.9408981793507,231.8035790277941,232.09628535405983,31061200
2022-09-23,232.1450653076172,235.27715686765256,229.49108554182823,233.72573895914636,34176000
2022-09-26,231.6864776611328,235.58938742131505,231.1498245914239,231.29619264048225,27694200
2022-09-27,230.6717529296875,235.9309238118012,228.8081097419373,234.15509253004865,27018700
2022-09-28,235.21864318847656,236.44805451845707,229.03251932295336,231.06203437528512,29029700
2022-09-29,231.7352600097656,234.1257891879721,228.72026588433275,233.0915205149176,27484200
2022-09-30,227.2469024658203,234.70145910659903,227.08103059664865,232.5060724859564,35694800
2022-10-03,234.89663696289065,235.74551509921383,228.96421214667737,229.696007750658,28880400
2022-10-04,242.83905029296875,244.28312273696628,239.03370433981988,239.1410349538722,34888400
2022-10-05,243.1512908935547,244.49779961267384,238.17508955877648,240.01921394484737,20347100
2022-10-06,240.7997894287109,244.2636251213658,240.10703122323224,241.91211821206613,20239900
2022-10-07,228.55441284179688,235.4625652643888,227.5103772800304,235.0527466163769,37769600
2022-10-10,223.685546875,228.8666579231961,221.2267092138756,227.39331464276057,29743600
2022-10-11,219.938720703125,223.50011982084277,218.6702720829725,222.09506995780728,30474000
2022-10-12,220.27047729492188,222.32926286096716,218.523931667054,219.92896672359288,21903900
2022-10-13,228.55441284179688,230.3692665705153,213.81116985788705,214.51369484245024,42551800
2022-10-14,223.01226806640625,231.48159024439008,222.79760683202375,229.82284163535837,30198600
2022-10-17,231.7645568847656,233.1598549818508,229.43256870498456,230.0960711612796,28142300
2022-10-18,232.71099853515625,238.00919148115057,229.65696682991847,237.33595204197528,26329600
2022-10-19,230.74005126953125,233.79408332375263,228.6032055120039,231.2864563258372,19985700
2022-10-20,230.4180603027344,235.45281815032263,229.1691302009418,230.04729394929117,21811000
2022-10-21,236.24313354492188,237.10177849471148,228.80809488481412,229.04227484068943,26299700
2022-10-24,241.2486267089844,241.824302366333,235.44305100550176,237.84333234120828,24911200
2022-10-25,244.57583618164065,244.9466024733429,239.863071004387,241.25835405434768,34775500
2022-10-26,225.70530700683597,232.51588122743283,224.475880748936,225.5589389393416,82543200
2022-10-27,221.24620056152344,228.0177514856638,220.2997437384998,225.4320647952228,40424600
2022-10-28,230.14483642578125,230.8571282073368,220.5632002940726,220.7485908978084,40647700
2022-10-31,226.49560546875,229.21787835594276,225.53938189986465,228.08603100200816,28357300
2022-11-01,222.6317443847656,230.0180087890297,221.81213684879617,228.90568002209392,30592300
2022-11-02,214.7576141357422,225.685758416669,214.6990579834419,223.89042351168925,38407000
2022-11-03,209.04962158203125,215.06010669058617,208.78617098234167,214.74786673711404,36633900
2022-11-04,216.01629638671875,216.21143889616823,208.24949944790723,212.26950660697912,36789100
2022-11-07,222.33901977539065,222.86592096080787,215.9089791492148,216.60175222236109,33498000
2022-11-08,223.31475830078125,226.02727968287536,220.35830503261087,223.1488864048599,28192500
2022-11-09,219.06056213378903,223.08056930959876,218.88493834107905,221.8511432069516,27852900
2022-11-10,237.08226013183597,237.42377070694712,229.29595897044808,229.7155146425482,46268000
2022-11-11,241.11203002929688,241.9706750181947,236.05775369249452,237.09203737840352,34620200
2022-11-14,235.6869659423828,237.98968329468505,233.40376730762412,236.11628839782517,31123300
2022-11-15,236.09678649902344,241.0046946772889,234.20387274977523,239.69722338869775,31390100
2022-11-16,236.52731323242188,238.55276840729704,235.2455103599953,237.5644967801753,24093300
2022-11-17,236.47837829589844,238.01459476890207,232.51555731599112,232.6623229336254,23123500
2022-11-18,236.02828979492188,238.49405671182296,233.8854221708608,238.26899618839067,27613500
2022-11-21,236.8404083251953,239.40401380150684,235.9989173392521,236.23374231089764,26394700
2022-11-22,239.7563018798828,240.03027434117135,235.52928752687384,238.34729211875336,19665700
2022-11-23,242.2513732910156,242.93630430627147,239.0126163307244,239.8345335490314,19508500
2022-11-25,242.1633453369141,243.3472944746052,241.4196930550139,241.9872116642194,9200800
2022-11-28,236.55667114257807,241.34142463276635,235.61734127784248,240.7837003250256,24778200
2022-11-29,235.15745544433597,237.56450128373825,233.0830883095049,236.20441840998745,17956300
2022-11-30,249.64866638183597,249.83457943435548,234.6975363093542,235.39226167449928,47594200
2022-12-01,249.2083740234375,250.60758932902792,245.519510598115,248.4060155091771,26041500
2022-12-02,249.53131103515625,250.54892096303948,244.31602469510156,244.4432315349796,21528500
2022-12-05,244.81500244140625,248.3571002025663,242.7210617451969,246.58604385679735,23435300
2022-12-06,239.8443298339844,246.4392716289712,238.533173950974,245.42166189613357,22463700
2022-12-07,239.11045837402344,240.86194084822995,236.9969590593763,239.5605644361657,20481500
2022-12-08,242.0752716064453,243.38644250064408,237.82868382073408,239.570372173959,22611800
2022-12-09,240.1378631591797,242.96566155841103,238.90498731075107,239.4333584085415,20609700
2022-12-12,247.07525634765625,247.1046094673194,241.85019202235424,242.12416442612752,30665100
2022-12-13,251.390380859375,258.23972140913565,247.62323758485567,256.05770645555435,42196900
2022-12-14,251.68394470214844,256.9383632843385,248.83657203555336,251.5958853241002,35410900
2022-12-15,243.6505889892578,248.72888777083384,242.01653394548188,248.25922292079903,35560400
2022-12-16,239.423583984375,244.4627354980917,238.26897314614723,243.20050650303637,86102000
2022-12-19,235.27484130859372,239.9324023668118,233.57230052478496,239.5899293723979,29696400
2022-12-20,236.59580993652344,237.68192031750613,233.288551943366,234.24745549988003,25150800
2022-12-21,239.16915893554688,240.33354911502823,234.9421454762472,236.488141141154,23690600
2022-12-22,233.06350708007807,236.7817237519787,228.836478039085,236.06742458351349,28651700
2022-12-23,233.5918731689453,233.72885938875743,228.9049736414497,231.0282675137272,21207000
2022-12-27,231.85997009277344,233.78755649246543,230.75428604943204,233.5625109109422,16688600
2022-12-28,229.4822540283203,234.5605530300066,229.1300016429323,231.7914607924466,17457100
2022-12-29,235.82278442382807,236.71320225846452,230.57814603846575,230.57814603846575,19770700
2022-12-30,234.65841674804688,234.7954029631969,231.56642511422905,233.0830678086328,21938500
2023-01-03,234.4235992431641,240.4608025449148,232.29051091152192,237.8482698796125,25740000
2023-01-04,224.16912841796875,227.85797664505387,221.09671066302377,227.28067869083657,50623400
2023-01-05,217.5252990722656,222.65252580322,216.98713353927943,222.31005275576163,39585600
2023-01-06,220.08888244628903,220.9010203619672,214.62899248610293,218.20042850518,43613600
2023-01-09,222.2317657470703,226.2631024872684,221.5370552058609,221.576187729577,27369800
2023-01-10,223.92454528808597,226.33159118408557,222.4372555504016,222.85799364012647,27033900
2023-01-11,230.69558715820312,230.87170589795403,226.1358795554185,226.31199829516945,28669300
2023-01-12,233.3766021728516,234.73668494527053,228.53314279943885,230.1965511287431,27269500
2023-01-13,234.08111572265625,234.21810194476328,229.86388103095567,231.89911556681625,21333300
2023-01-17,235.1770172119141,235.72496209284452,231.9871717644744,232.84823653758127,29831300
2023-01-18,230.73471069335935,237.1633131907161,230.4509588691296,236.37074903194667,30028700
2023-01-19,226.938232421875,230.4509772666671,225.71513580011168,228.74842139423623,28623000
2023-01-20,235.04981994628903,235.5586323265744,229.46270795242356,229.8051809821188,35389800
2023-01-23,237.35899353027344,239.89324581557503,234.49204766030977,235.91085150015493,31934000
2023-01-24,236.8306579589844,238.6995533339181,235.26510311269504,237.28076412215023,40234400
2023-01-25,235.431396484375,238.06350250540547,225.93037643234288,229.43332655230375,66526600
2023-01-26,242.66238403320312,242.9657096243839,236.7915199033676,238.4060015669205,33454500
2023-01-27,242.8189239501953,244.4529792064736,241.51754738385625,243.6310618794315,26498900
2023-01-30,237.48622131347656,240.3140199853912,236.9871883576,239.24746842953172,25867400
2023-01-31,242.47645568847656,242.61344191233735,237.7210554453397,238.21029409203948,26541100
2023-02-01,247.3101348876953,249.6878275342772,240.18682141552847,242.66236776319855,31259900
2023-02-02,258.9051208496094,258.9931802305622,251.71330613086133,253.24952278481183,39940400
2023-02-03,252.78961181640625,258.5137098891533,251.5665152137149,253.95400217102895,29077300
2023-02-06,251.2436065673828,252.74067564788885,249.2964462881041,251.8991994997157,22518000
2023-02-07,261.8014221191406,262.9853714635193,254.4824000995704,254.92272689298787,50841400
2023-02-08,260.9892272949219,270.803352152855,260.4804000537077,267.31997580328925,54686000
2023-02-09,257.9461669921875,268.0832067953903,257.1438084833281,267.9070581968134,42375100
2023-02-10,257.4373474121094,258.40603024749146,255.04986074687704,255.9011311004859,25818500
2023-02-13,265.4804382324219,268.6898422196811,261.4001752133106,261.8796493414977,44630900
2023-02-14,266.3121643066406,269.0518886421272,263.4843507418386,266.8014029280315,37047900
2023-02-15,264.1835327148437,265.5666447691535,261.1034044657681,263.2026047275784,28922400
2023-02-16,257.1502380371094,261.6526934189856,256.90500606684026,258.98456838503563,29603600
2023-02-17,253.1382598876953,255.12954239341835,251.11755074141652,254.44291080193668,30000100
2023-02-21,247.85107421875,250.6172983438043,246.79167019007645,249.62655149140517,28397400
2023-02-22,246.7131805419922,249.4892084054105,245.5654966495298,249.243976420668,22491100
2023-02-23,249.91102600097656,251.94153913914087,245.70283657900748,250.6859525204274,29219100
2023-02-24,244.4669189453125,246.21296988492296,243.368284188104,245.19281117719729,24990900
2023-02-27,245.3889617919922,247.9982339676097,244.63364301109783,247.6450992749113,21190000
2023-02-28,244.6630706787109,246.6935989121677,243.98622793422533,244.3197548443397,22491000
2023-03-01,241.5731506347656,246.14426388843705,241.10229440260224,245.9775079191277,27565300
2023-03-02,246.32086181640625,246.6053243865452,240.92575713440505,241.8478319658093,24808200
2023-03-03,250.42111206054688,250.744820108994,246.5954987021246,247.38024412553207,30760100
2023-03-06,251.9709930419922,255.15900932631092,251.0979676428436,251.53938228865584,24109800
2023-03-07,249.3028717041016,252.7753655750459,248.5573717332823,251.41186114109584,21473200
2023-03-08,248.8614501953125,249.68542618790528,246.02656865087877,249.19496214929893,17340200
2023-03-09,247.5077972412109,254.6097074462763,246.7819050240152,250.9410457557892,26653400
2023-03-10,243.8488922119141,247.9687868907418,242.87778305422765,246.29140836322503,28333900
2023-03-13,249.0772399902344,252.9911481619017,241.04343714552317,242.6815851358712,33339700
2023-03-14,255.81622314453125,256.09088178887293,250.9802402902376,251.85326561713225,33620300
2023-03-15,260.3775329589844,261.39770646973017,254.2663406895164,255.02167441477647,46028000
2023-03-16,270.9323425292969,271.2854622623328,258.25873880453594,260.15192277848104,54768800
2023-03-17,274.1007385253906,277.926352222168,271.05006642858564,272.95306938413273,69527400
2023-03-20,267.0380859375,272.1879588192312,264.70347210809354,271.6974947352568,43466600
2023-03-21,268.5585021972656,269.7552357131241,264.3797387846606,269.6375291272283,34558700
2023-03-22,267.0968933105469,275.680013304396,266.98897566413984,268.1857090207041,34873300
2023-03-23,272.3644714355469,275.6996206406408,269.9513969431412,272.63913007748295,36610900
2023-03-24,275.218994140625,275.2778474296296,270.02987629936445,271.9524869231275,28172000
2023-03-27,271.1088562011719,276.09195673229823,270.2652426456383,275.15027433577507,26840200
2023-03-28,269.9808654785156,270.87351368720647,266.86149121075977,270.5301828476252,21878600
2023-03-29,275.1601257324219,275.778115168562,273.1001709238038,273.63966935521813,25087000
2023-03-30,278.63262939453125,279.03481352881886,276.1116667967819,278.80921921277934,25053400
2023-03-31,282.80157470703125,283.75307621343984,277.6026674672018,278.31875579612426,32766000
2023-04-03,281.7519836425781,282.77212729380244,278.5345407324913,281.0555031510767,24883300
2023-04-04,281.702880859375,284.91053440736965,280.22170001439565,281.75194521809124,25824300
2023-04-05,278.9171142578125,281.67352004035706,277.5242130103723,280.3983253844693,22064800
2023-04-06,286.0385437011719,286.50936987199685,276.6510577583309,277.8085453423288,29770300
2023-04-10,283.87078857421875,284.0767750869852,279.280022455151,283.69419877058414,23103000
2023-04-11,277.4358215332031,280.52576833041724,276.2685448865865,280.30014413926625,27276600
2023-04-12,278.083251953125,281.5361374584624,276.582433403308,279.3584762356353,27403400
2023-04-13,284.3121337890625,284.370987067152,277.76936157858967,278.1813345252159,24222700
2023-04-14,280.6827697753906,282.9781378461247,278.27948405144895,281.52635353888274,20987900
2023-04-17,283.2919921875,286.0386085271272,280.702357854445,284.40044560842966,23836200
2023-04-18,282.8702087402344,286.1955691018291,281.53616100019883,286.0091903829201,20161800
2023-04-19,282.9486694335937,283.5372022349438,279.11323768855965,280.5355652058813,17150300
2023-04-20,280.6533203125,283.51764349522205,279.642965581356,279.8097365276155,23244400
2023-04-21,280.31005859375,280.8103116313212,277.66154041733506,279.57436242647407,21676400
2023-04-24,276.3961181640625,279.5154924785271,273.4042992362368,276.71002236126867,26611000
2023-04-25,270.167236328125,276.22936493295845,270.11817196073184,274.1792287517983,45772200
2023-04-26,289.7366638183594,293.8565728984229,287.14702977545284,291.0413146657816,64599200
2023-04-27,299.0162658691406,299.3792343711165,289.6189889013241,290.3252582511895,46462600
2023-04-28,301.39996337890625,303.038096464785,297.525285592319,298.2119472041732,36469600
2023-05-01,299.7323608398437,302.7143903771624,299.33017676280843,301.1154729285125,21294100
2023-05-02,299.5852355957031,303.2833235211519,298.11384353910654,301.8904224714807,26404400
2023-05-03,298.594482421875,302.7241809919645,298.29039713141395,300.7721438172862,22360800
2023-05-04,299.5852355957031,301.8904224714807,297.6135606604884,300.3993926953788,22519900
2023-05-05,304.7252502441406,306.02008227407686,298.4669253683265,299.889282816664,28197100
2023-05-08,302.7634582519531,304.2839147992888,300.2522846595883,304.2152426463564,21318600
2023-05-09,301.1448974609375,304.1269269773573,300.4680547428102,302.12582546569627,21340800
2023-05-10,306.3536682128906,307.0305110314142,301.80217716217044,302.7340409435867,30078000
2023-05-11,304.195556640625,305.1863034639446,300.419007926499,304.1857677171531,31680200
2023-05-12,303.077392578125,304.72534479909945,300.75259749218725,304.6272459902323,19774700
2023-05-15,303.5580139160156,303.9896246925928,301.7236830833384,303.2048941545713,16336500
2023-05-16,305.79443359375,307.72686262542794,303.92085783730755,303.92085783730755,26730300
2023-05-17,308.68475341796875,309.10746737687026,305.4799275878983,307.0037079063203,24315000
2023-05-18,313.1282043457031,313.6394211850269,308.4094689120249,309.20575514144576,27276000
2023-05-19,312.9512939453125,313.35435726772096,311.0146399332966,311.3783719556919,27546700
2023-05-22,315.7431640625,317.129299649294,312.6268415738599,313.2068506490171,24115700
2023-05-23,309.9234313964844,317.2571435018196,309.91359107162907,314.612676200923,30797200
2023-05-24,308.53729248046875,311.14242845628706,307.3182622495086,309.4024010311534,23384900
2023-05-25,320.4029846191406,321.3663764150408,314.5831825416838,317.7683276646015,43301700
2023-05-26,327.2550048828125,327.75635143562505,318.3975124375742,318.5351269811533,36630600
2023-05-30,325.6033935546875,330.0567102220312,324.9250712145435,329.5553637104811,29503100
2023-05-31,322.8311767578125,330.2533617664541,321.78909235828155,326.6651533185743,45950600
2023-06-01,326.9502258300781,327.8841566682848,319.2232906882485,320.41279996560337,26773900
2023-06-02,329.72247314453125,331.7869311608408,326.9207108367532,328.5919458978105,25873800
2023-06-05,330.2533874511719,332.82903267433227,328.99505581539154,329.5455740309834,21307100
2023-06-06,328.0315856933594,329.6929804213879,326.54716679509426,329.6536491257751,20396200
2023-06-07,317.90594482421875,328.8278643518396,317.04083634658787,326.03594244738656,40717100
2023-06-08,319.7541198730469,321.1107645064962,317.87644809786565,318.45645718009644,23277700
2023-06-09,321.2582397460937,324.40405344263496,318.91852262119164,319.4886914158621,22529000
2023-06-12,326.23260498046875,326.4783730978262,319.6558477599043,323.0179388047992,24260300
2023-06-13,328.6313171386719,331.27578458558565,324.79734035721447,328.80826298989484,22951300
2023-06-14,331.629638671875,333.3008737465053,327.1763219152769,328.6804214820488,26003800
2023-06-15,342.20751953125,343.9180559623726,331.4920360241556,331.7672951050373,38899100
2023-06-16,336.53515625,345.52045224652784,336.16161394464854,345.3729973890222,46552000
2023-06-20,332.3276062011719,336.28938669423195,330.17467528796925,333.5662870008195,26375400
2023-06-21,327.91363525390625,332.0130604612283,326.4488669428893,330.67606636446294,25117800
2023-06-22,333.9595031738281,334.36256644173795,327.69733703781395,328.4641322789384,23556800
2023-06-23,329.34893798828125,332.2391735369446,327.8055369647912,328.70010653848016,23146900
2023-06-26,323.0376281738281,330.4204822178402,322.9294745987564,328.07095455300293,21520600
2023-06-27,328.90655517578125,330.45979643869066,323.72574418918015,326.242407248698,24354100
2023-06-28,330.1648864746094,332.2588355814836,328.1594102876184,328.99502786561385,20259500
2023-06-29,329.37841796875,330.4204723833769,326.9895590748973,329.0441769301896,16997000
2023-06-30,334.7755126953125,336.9284438391697,331.4920541930487,332.032732059811,26832800
2023-07-03,332.26861572265625,335.1293598763114,330.87266977887174,333.4483145492519,12508700
2023-07-05,332.4259338378906,335.8666873183972,329.06384295177827,329.417734623584,18172400
2023-07-06,335.4931335449219,337.18401940600376,329.8208161509684,331.5903346098022,28161200
2023-07-07,331.5116577148437,336.00430553625574,331.29538059868645,333.5761156416205,21214800
2023-07-10,326.2129211425781,329.5553915067683,322.04470351324625,328.9360510569214,32791400
2023-07-11,326.8420715332031,327.22545415637865,321.4646644778311,325.45593589359305,26698200
2023-07-12,331.4920349121094,335.8666892186245,329.9879352964464,330.9021854547732,29995300
2023-07-13,336.8595886230469,337.92129360338816,333.2811907244009,333.81205821506575,20567200
2023-07-14,339.3959655761719,345.4811872044476,338.4817152833212,341.7061921234242,28352700
2023-07-17,339.87762451171875,341.116275309023,336.40738021266617,339.82845289215857,20363900
2023-07-18,353.4046936035156,360.57129992405726,336.3779021410324,339.97592078654986,64738600
2023-07-19,349.0693664550781,356.3244462294896,346.47407068269024,355.62647316205454,39732900
2023-07-20,340.998291015625,351.9103997734986,339.5236825348579,347.5848875634458,33778400
2023-07-21,337.9507751464844,344.3702364714845,334.0774676394136,343.23970925517426,69405400
2023-07-24,339.2680969238281,341.0474855444036,336.515506241867,339.9955908905516,26678100
2023-07-25,345.03875732421875,345.93335679685634,339.22879591466364,341.23424198421435,41637700
2023-07-26,332.0523681640625,338.83559201935464,327.47124698104943,335.66025722913804,58383700
2023-07-27,325.1216735839844,335.55205632911367,323.479929635845,334.7164688714893,39635300
2023-07-28,332.64215087890625,334.25440376184946,327.5301932033696,328.02172932607414,28484900
2023-07-31,330.2336730957031,331.9835406579094,327.71698030864405,331.2167454340434,25446000
2023-08-01,330.6465759277344,332.8093472638062,328.0512803254377,329.5160486388289,18311900
2023-08-02,321.9561767578125,327.9824147290401,320.8354599405336,327.9824147290401,27761300
2023-08-03,321.1304626464844,324.2959572590303,320.4324895800292,320.4816312040504,18253700
2023-08-04,322.2314758300781,329.46690442388586,321.70060832431494,326.2620787423008,23741500
2023-08-07,324.5220031738281,325.5050755362961,321.9758493551546,322.8114668634499,17741500
2023-08-08,320.5307312011719,323.1850385754183,317.5323725014756,321.4253306495144,22327600
2023-08-09,316.77545166015625,321.5728200955336,315.6154033490083,320.9436693175295,22373300
2023-08-10,317.4635925292969,322.70338571036314,315.743215668904,320.50128292838593,20113700
2023-08-11,315.5760498046875,316.9523450296426,313.8065016574717,314.8387455769273,24355500
2023-08-14,318.5548095703125,318.57446021923187,314.6618210129477,315.9496735414383,18836100
2023-08-15,316.4117126464844,319.5870477442435,315.467971410383,317.5324297401616,16966300
2023-08-16,315.6432189941406,319.6035558525521,315.0521207995789,316.0372744356808,20698900
2023-08-17,312.175537109375,317.0914448901851,311.51547084312125,315.78120358070635,21257200
2023-08-18,311.78155517578125,313.6533418014964,306.92472300654623,309.82107823146384,24755000
2023-08-21,317.101318359375,317.9780896310704,312.33317744873216,313.2099487204276,24040000
2023-08-22,317.67266845703125,321.23892020655586,316.6875147112175,320.66754426236673,16084600
2023-08-23,322.1452941894531,324.31264458594995,318.6578413021839,319.012512305478,21166400
2023-08-24,315.2196655273437,328.0365262054767,315.20980436860924,327.9084513999614,23281400
2023-08-25,318.1849670410156,320.52960769740787,314.0670015423209,316.697375267024,21684100
2023-08-28,318.894287109375,321.30789580516176,316.943671823176,320.8251800789058,14808500
2023-08-29,323.53436279296875,324.09590767397725,317.1013096869728,317.1013096869728,19284600
2023-08-30,323.9087219238281,324.913567962967,321.6034656708571,323.79050827975385,15222100
2023-08-31,322.8939819335937,325.99721003341494,321.9285204975252,324.31260564742706,26411000
2023-09-01,323.7806091308594,327.0611576270318,321.9285154189886,326.3912603462074,14942000
2023-09-05,328.5980529785156,329.8787710157391,323.7806663099435,324.11561500950705,18553900
2023-09-06,327.93798828125,329.4945179929177,325.2780611047277,328.43056516101285,17535800
2023-09-07,325.0120544433594,328.1349747754007,324.145114393927,326.3715713331962,18381000
2023-09-08,329.30731201171875,331.1692669104406,324.568725184115,325.18937681702226,19530100
2023-09-11,332.92291259765625,333.39579729462235,330.45016667890303,332.2332928393112,16583300
2023-09-12,326.84442138671875,331.7899120379959,326.55874846963604,330.83431177810604,17565500
2023-09-13,331.0707702636719,331.8490501523294,326.2533840096043,326.39128990249543,16544400
2023-09-14,333.6716003417969,335.7995060691533,331.5732179610208,334.1149015081179,20267000
2023-09-15,325.3174743652344,332.39087111470906,324.7559295090808,331.91801655332216,37679800
2023-09-18,324.1747131347656,325.4948156439136,321.5147857988126,322.93340970271976,16834200
2023-09-19,323.77081298828125,324.4998472951053,319.6922916047418,321.32765063479235,16505900
2023-09-20,316.0077819824219,324.6968459443136,315.7516624314958,324.6180468666076,21436500
2023-09-21,314.7861633300781,320.5197651300431,310.3234182323644,314.520182651958,35560400
2023-09-22,312.3035888671875,316.6776737677098,311.4563410385971,316.5495989744166,21447900
2023-09-25,312.82574462890625,312.9538194326375,310.3234455703718,311.88983649741465,17836000
2023-09-26,307.5059509277344,311.19041687093375,305.4173994181049,310.45155145037705,26297600
2023-09-27,308.1462707519531,309.6338325713444,305.0922879071992,307.6635249378913,19410100
2023-09-28,308.983642578125,310.7963219055671,304.85584588034675,306.3729610383482,19683600
2023-09-29,311.06231689453125,314.72709028665287,310.30375928067184,313.0326245233169,24147300
2023-10-02,317.0224304199219,317.11112070459063,310.50071811094256,311.58439313158186,20570000
2023-10-03,308.73736572265625,316.6185961714055,306.5897075763458,316.0668823806455,21033500
2023-10-04,314.2246398925781,315.2886228065035,309.3382855829603,309.36783899365224,20720100
2023-10-05,314.61871337890625,315.2295340089772,310.2249357059366,314.3527326674706,16965600
2023-10-06,322.40142822265625,324.30276775869294,311.60412139660474,311.8504098359206,25673600
2023-10-09,324.9234313964844,325.3962859760922,318.3819957765028,319.9286944478217,19891200
2023-10-10,323.5146484375,326.18440663278744,322.8053365479783,326.0464706793637,20557100
2023-10-11,327.48486328125,327.87891881705485,324.25355978443383,326.29280544996425,20063200
2023-10-12,326.2435607910156,328.67689206438564,323.8397829313096,325.66232361261683,19313100
2023-10-13,322.8644714355469,328.87388567074674,321.51478545137195,327.4454306740634,21072400
2023-10-16,327.7015991210937,331.1496376805438,325.69187679980854,326.1351780044602,22158000
2023-10-17,327.13018798828125,328.5093973778692,322.54922855719866,324.69685675416497,18338500
2023-10-18,325.2090759277344,330.6077290676557,323.4259501224521,327.55374656173126,23153600
2023-10-19,326.4011535644531,331.87860610828534,325.99723691191247,327.2188179633477,25052100
2023-10-20,321.8202514648437,326.9923096603971,320.61836245301083,326.7952668461901,25027700
2023-10-23,324.430908203125,327.7902868028739,319.57410641256814,320.63805945731093,24374700
2023-10-24,325.62286376953125,326.9134127609565,322.73637053310733,326.38142132445483,31153600
2023-10-25,335.6123962402344,341.06029616794285,332.60765877162135,339.89779170340944,55053800
2023-10-26,323.0220947265625,336.5580983520132,322.086186588402,335.48428431504954,37828500
2023-10-27,324.9135437011719,331.7209594661993,323.52447335800804,325.524334192952,29856500
2023-10-30,332.3022155761719,334.41045907381,326.9035620962308,328.46012188812404,22828100
2023-10-31,333.0903625488281,333.9671639293421,329.7211531293836,333.8193968608595,20265300
2023-11-01,340.9321594238281,342.26212297561244,334.6074592327571,334.7453951862708,28158800
2023-11-02,343.1488037109375,343.65121174149834,339.6514894286655,342.0848206936706,24348100
2023-11-03,347.5622253417969,349.12864623567805,342.1734332140444,344.43930484102884,23637700
2023-11-06,351.23687744140625,352.2318923839863,348.10409562346064,348.2026170147718,23828300
2023-11-07,355.17755126953125,357.0788911715452,352.32061083645385,354.064322499224,25833900
2023-11-08,357.807861328125,358.4678975179717,355.1971797857397,356.31040835628005,26767800
2023-11-09,355.33514404296875,359.3742808349746,355.01002643681795,356.9212273081889,24847300
2023-11-10,364.1818542480469,364.60546320817616,355.7095247229065,356.12327252342453,28042100
2023-11-13,361.2362060546875,362.999639862064,360.4677872552205,362.75335139986936,19986500
2023-11-14,364.77288818359375,366.4279694233388,361.8962559120404,365.5019224424188,27683900
2023-11-15,364.9209899902344,368.33653212587393,362.3938497137021,366.5102924140752,26860100
2023-11-16,371.3374938964844,371.5151742717362,365.4244247654556,366.1944031837435,27182300
2023-11-17,365.0986633300781,369.5605855145444,362.2852703283084,368.8103393472648,40157000
2023-11-20,372.5911254882813,374.00274740716367,366.2338561414442,366.4510310616974,52465100
2023-11-21,368.2773132324219,371.3868403080938,366.35235211982354,370.8439180073763,28423100
2023-11-22,372.9958801269531,374.9109599374389,370.1528738051793,373.1439470967272,23345300
2023-11-24,372.581298828125,373.114370096836,370.32073924284447,372.4825774634703,10176600
2023-11-27,373.74609375,375.7500438550152,371.3670808246685,371.9396164792958,22179200
2023-11-28,377.7835998535156,378.0797338088983,373.3019152003715,373.4894767472904,20453100
2023-11-29,373.9830627441406,379.363030571208,372.5911728680929,378.8299894382341,28963400
2023-11-30,374.0422668457031,375.2071005292818,370.6464570262143,373.6276491974568,30554400
2023-12-01,369.6987915039063,373.3018950187399,366.5398888981319,371.91988642578656,33040500
2023-12-04,364.3977966308594,364.7728895928064,358.23793933360014,364.3583020623017,32063300
2023-12-05,367.7343444824219,368.2871479324232,360.92299258913255,361.742346716279,23065000
2023-12-06,364.0621337890625,369.3730234915096,363.3020365748813,368.74126102951465,21182100
2023-12-07,366.18450927734375,366.6780859011841,361.6139849204982,363.49945123863137,23118900
2023-12-08,369.4224243164063,369.6494503159704,363.4995039710911,364.4570439652716,20154400
2023-12-11,366.5300598144531,366.8262239214433,361.3968800074771,363.7463100121513,27708800
2023-12-12,369.5704650878906,369.6099596558735,365.7008108148424,366.085815070236,24838300
2023-12-13,369.560546875,372.7885571910575,366.0067892509358,371.1893436660844,30955500
2023-12-14,361.22900390625,368.9584312025777,359.45213999645404,368.51420016236455,43277500
2023-12-15,365.9673461914063,367.6158752980434,361.574502046974,362.1371866464728,78502300
2023-12-18,367.8626708984375,368.2081805782412,363.943671095841,364.7037984165146,21802900
2023-12-19,368.46484375,368.46484375,365.0887662696819,366.7175631601881,20603700
2023-12-20,365.8587951660156,371.19929877548014,365.76995497340914,370.1825319593863,26316700
2023-12-21,368.74127197265625,369.6000905698164,365.2862352366139,367.77385084137376,17708000
2023-12-22,369.7678833007813,370.3601813274184,367.9219113827599,368.8794513235901,17107500
2023-12-26,369.8468933105469,372.0976018383653,368.70179176123145,370.1825218486259,12673100
2023-12-27,369.2644653320313,370.241737520185,368.0206424558139,368.8893422344082,14905400
2023-12-28,370.4588623046875,371.6236958839342,369.3532555090956,370.5477024801698,14327000
2023-12-29,371.2091674804688,372.3147744520304,368.6820572238906,371.16967290990425,18730800
2024-01-02,366.10552978515625,371.0709095466851,362.0581953380122,369.0571084332548,25258600
2024-01-03,365.8390197753906,368.4648511739828,363.77587298911,364.2694496401492,23083500
2024-01-04,363.2132263183594,368.3069415042415,362.4531290415486,365.9081659597394,20901500
2024-01-05,363.025634765625,367.2802631804361,361.7916931110851,364.22996302547705,21004600
2024-01-08,369.87646484375,370.3799226566514,364.26944144422686,364.5556942050089,23134000
2024-01-09,370.96234130859375,371.1597538902258,366.421430173672,367.2309030972876,20830000
2024-01-10,377.8526611328125,379.2346998654404,371.4855403668981,371.5348859821227,25514200
2024-01-11,379.6888122558594,385.66107820004805,375.4934103589662,381.0412075766554,27850800
2024-01-12,383.4794616699219,383.6867554375117,379.7085286566561,380.5377338525445,21661200
2024-01-16,385.2563171386719,388.9680232792621,382.6403668536405,388.6027813692521,27202300
2024-01-17,384.4666137695313,385.09837624388496,379.8664755752944,382.99576492837696,22234100
2024-01-18,388.8100891113281,388.928542694452,385.1082640110595,386.68771541228006,23392100
2024-01-19,393.5484008789063,393.5484008789063,388.4448053024204,390.67578129578703,29331100
2024-01-22,391.4161376953125,395.473323018941,388.53363700238464,394.8810250545832,27016900
2024-01-23,393.7754211425781,394.2492655426447,388.8692683381001,390.66589446380215,20525900
2024-01-24,397.3884582519531,400.4190263282457,395.3055791013252,396.38157265965583,24867000
2024-01-25,399.6687622070313,401.7812847845524,397.3588270396622,399.12583992803854,21021200
2024-01-26,398.7408447265625,400.9520887119918,397.2601147041947,399.1751946098328,17803300
2024-01-29,404.4564514160156,404.71312091427023,399.13568066698633,400.8434667217464,24510200
2024-01-30,403.3409729003906,407.7436682887795,401.2284804530268,406.9638388534664,33477600
2024-01-31,392.472412109375,409.9845328662981,392.1071701932433,401.7319152692152,47871100
2024-02-01,398.5927429199219,402.7585308905264,396.6381686159988,396.6677820088373,30657700
2024-02-02,405.9371948242188,407.3488168603616,398.375596677948,398.6223850112119,28256700
2024-02-05,400.438720703125,405.8779448983845,398.800042648597,404.63412212946537,25352300
2024-02-06,400.2807922363281,402.72894332826615,397.7339499122829,400.6657964934495,18382600
2024-02-07,408.7308349609375,408.977623299913,402.1662711692964,402.2057657386807,22340500
2024-02-08,408.7900390625,410.22142339932105,407.23035010197816,408.7308122744756,21225300
2024-02-09,415.1473083496094,415.4138590210017,409.757459765656,409.9154079087516,22032800
2024-02-12,409.9252624511719,415.3348429045064,409.4218046606071,415.1571625521398,21202900
2024-02-13,401.1001281738281,404.8019529758041,398.2077762920108,399.7378518266166,27824900
2024-02-14,404.9768981933594,405.3230467916911,400.1111396506927,403.5725652715375,20401200
2024-02-15,402.0792236328125,404.6209064246705,399.8342525934749,403.6418270582009,21825500
2024-02-16,399.6067504882813,403.79014145741866,398.9935884935407,403.4637615690979,22296500
2024-02-20,398.3507995605469,400.0320454973026,393.62348186339256,398.7958219344355,24307900
2024-02-21,397.74749755859375,397.8563009238514,392.8421710254568,395.7596706387702,18518900
2024-02-22,407.1131286621094,408.2801164360882,404.0670871504759,405.6692280234365,27009900
2024-02-23,405.8175659179688,411.27671814639945,404.46266976176094,411.0888399370884,16295900
2024-02-26,403.0484313964844,407.61750865515694,402.8703922735096,406.9252114178632,16193500
2024-02-27,402.9890747070313,403.819813241038,399.3990769906631,403.4934333497847,14835800
2024-02-28,403.2264404296875,404.7890136651283,400.8528973289445,403.6813622301974,13183100
2024-02-29,409.0812377929688,409.6350635504339,401.4463196436388,404.13634340042967,31947300
2024-03-01,410.9206848144531,411.2866021355908,406.3516076606767,406.7372936922519,17823400
2024-03-04,410.3471374511719,412.7503489287205,407.77578628129385,408.8834378175513,17596000
2024-03-05,398.2123107910156,409.6844709938999,396.22448391124544,409.39765868898735,26919200
2024-03-06,397.6585083007813,400.6946806605517,393.99930460815386,398.5288145311868,22344100
2024-03-07,404.63079833984375,405.26372907387855,397.8068205149772,401.644063065413,18718500
2024-03-08,401.7429809570313,405.8967041096042,399.8737964840018,403.4637944607813,18002200
2024-03-11,400.0617065429688,401.2089256106621,396.8376560715736,399.3101031533509,16120800
2024-03-12,410.7030944824219,410.98990677094014,402.306674544951,403.1275136284859,22457000
2024-03-13,410.5251159667969,413.571157465626,406.9153492946695,413.492052439434,17115900
2024-03-14,420.5335693359375,423.10492026926096,413.3832416992079,415.608444013985,34157300
2024-03-15,411.83056640625,417.9424481650146,408.2405685225254,414.6689307417327,45079900
2024-03-18,412.72064208984375,416.09306343618266,409.2196486698743,409.6844699154105,20106000
2024-03-19,416.76556396484375,417.0227081134529,410.970132443708,413.2250029233721,19837900
2024-03-20,420.54345703125,421.2653922238799,416.02381676802577,417.3490447100486,17860100
2024-03-21,424.6378479003906,426.0718793185735,422.4522130725389,425.092769724827,21296200
2024-03-22,424.0147705078125,425.1224219595106,421.374213954432,424.9642119074724,17648500
2024-03-25,418.1995544433594,422.6994260228323,416.9633309623895,420.5533287801241,18060500
2024-03-26,417.0028991699219,421.2950634803322,416.7062176065533,420.9192467125738,16725600
2024-03-27,416.7853698730469,419.7721054619498,414.3920578406214,419.7622060149696,16705000
2024-03-28,416.0831604003906,417.2204799799258,414.5007882900106,416.3205056535144,21871200
2024-04-01,419.8907470703125,423.1741640135649,417.56664079478026,419.27758502766966,16316000
2024-04-02,416.7952270507813,417.72486953541625,413.2348973416725,415.4798683479255,17912000
2024-04-03,415.8161315917969,418.5951594920779,414.4711047843508,415.1040656775575,16502300
2024-04-04,413.27447509765625,423.9455650411732,412.96789407723793,420.3061000373157,19370900
2024-04-05,420.8302612304688,421.809370796235,413.7096317572202,415.3810083958257,16554800
2024-04-08,419.9104919433594,422.5708472466926,418.63470088049553,420.4841165309204,14272400
2024-04-09,421.5818786621094,423.0257792491063,416.9732338650976,421.74011889073387,12496900
2024-04-10,418.59521484375,419.3567177241752,415.07445240813047,417.5370001874357,16216600
2024-04-11,423.2136840820313,424.6378159464607,417.7050650079003,421.1269533333631,17966400
2024-04-12,417.2501525878906,420.4940018672189,415.1436229002308,419.3764509864425,19253800
2024-04-15,409.0812377929688,422.1159721682041,408.8735304979892,421.8983956076828,20273500
2024-04-16,410.0108337402344,413.7887401482267,409.1702258721835,410.00096447508815,16765600
2024-04-17,407.3010559082031,414.2634756329666,405.80768815023976,412.6514352391037,15855500
2024-04-18,399.8144836425781,407.3505281111276,399.4980333365914,406.1044050559459,21029900
2024-04-19,394.72119140625,401.0111119112168,393.38606406583966,399.5770806601768,30565800
2024-04-22,396.5409240722656,398.41010845767454,391.3883530675929,395.6706179149051,20286900
2024-04-23,403.0780944824219,403.70115595190015,398.61779046162303,399.78477819553336,15734500
2024-04-24,404.5516662597656,407.9240875957352,402.2967957988556,405.04615566067775,15065300
2024-04-25,394.64208984375,395.4827278196125,383.75342412085615,389.6872966357871,40586500
2024-04-26,401.84185791015625,408.4482287983126,401.2880322178101,407.6273897054112,29694700
2024-04-29,397.8166809082031,401.8418314488937,394.790408509578,400.7836169995011,19582100
2024-04-30,385.0390930175781,397.72770759660574,384.880882973138,397.0650785379098,28781400
2024-05-01,390.5873107910156,397.29258621007074,386.0083338706027,388.2829731610127,23562500
2024-05-02,393.4553527832031,395.5223150142754,390.3005077512401,393.2773438288502,17709400
2024-05-03,402.1781005859375,402.6626905136215,397.4309844950286,397.8463688482122,17446700
2024-05-06,408.9822998046875,409.36798584093685,401.89130855665024,404.25498236640857,16996600
2024-05-07,404.8285827636719,410.0998567263718,404.5813380609886,410.08995728026827,20018200
2024-05-08,406.0153198242188,407.6866962247388,402.2275145402059,403.6714451580267,11792300
2024-05-09,407.7757873535156,408.17137287732766,404.5912740877817,406.0450742782524,14689700
2024-05-10,410.1690368652344,410.8019977518393,407.2614369275202,408.3888871888216,13402300
2024-05-13,409.1603088378906,413.739285494042,406.29227636469005,413.4030363250276,15440200
2024-05-14,411.9690246582031,412.8887677392151,407.01423099397886,407.47905225770086,15109300
2024-05-15,419.1719055175781,419.89517323503054,413.4155761591053,414.03976155098223,22239500
2024-05-16,417.1011657714844,421.49026736821406,416.4670933867512,417.9036811134131,17530100
2024-05-17,416.328369140625,419.0133577205119,414.1685137971008,418.63686307177926,15352200
2024-05-20,421.4110107421875,422.8277941720161,416.1104241550555,416.328393162389,16272100
2024-05-21,425.0768127441406,428.9705026738853,420.9255148518448,422.8872055338078,21453300
2024-05-22,426.5431518554688,428.4157078941431,423.1844819845772,426.1171311459015,18073700
2024-05-23,423.0556640625,429.5947037930371,421.4902723328989,428.9705184673677,17211700
2024-05-24,426.18646240234375,427.07814273445496,420.4895772016025,423.2438961414034,11855300
2024-05-28,426.3450317382813,426.8404131108432,422.6593931169931,425.66140302529135,15718000
2024-05-29,425.2055969238281,426.959235835121,421.7577322025146,421.7577322025146,15517100
2024-05-30,410.8395690917969,420.38058819244,410.4135181651845,420.38058819244,28394500
2024-05-31,411.2952880859375,412.9003186801716,400.7733939809139,412.9003186801716,47995300
2024-06-03,409.7001647949219,412.5832877674383,405.14268074171713,411.6916074194493,17484700
2024-06-04,412.22662353515625,412.5932008783865,405.89563568095855,408.62023297171766,14348900
2024-06-05,420.0932922363281,420.1626226445845,412.4544902290408,413.95055154632206,16988000
2024-06-06,420.5985412597656,421.3812522043053,416.69493407447,420.09327287817626,14861300
2024-06-07,419.9347534179688,422.3422993904052,419.09259912200673,422.2630516824485,13621700
2024-06-10,423.9176025390625,424.12565422580445,419.9743866143219,420.7769019274312,13982900
2024-06-11,428.6831665039063,428.82188778491104,421.3218074365333,421.54969372575147,14551100
2024-06-12,436.9857482910156,439.30412913800126,429.2478948330182,431.2987806638545,22366200
2024-06-13,437.5010070800781,439.294315495877,435.31142984234975,436.7777696147528,15960600
2024-06-14,438.4818420410156,439.0465840193784,432.6858743754039,434.2314617214768,13582000
2024-06-17,444.228271484375,446.7745389058636,436.6489427993387,438.5016642294944,20790000
2024-06-18,442.2170104980469,445.9819268194956,440.7804227549636,445.55587588842855,17112500
2024-06-20,441.5828857421875,442.4052053645125,437.19378461575593,442.1773190905314,19877400
2024-06-21,445.6252136230469,446.4178116311954,442.3854307142529,443.2473893629253,34187100
2024-06-24,443.5347595214844,448.5678208280709,442.2863888206815,445.64505871404725,15913700
2024-06-25,446.784423828125,447.2500834775452,442.62320865306464,444.1093526104896,16413400
2024-06-26,447.9832458496094,449.4099464920984,444.0499168986336,444.8524322305741,16507000
2024-06-27,448.6669006347656,451.95624009852935,447.5968599727324,448.0030763133488,14806300
2024-06-28,442.8213806152344,451.17350253784576,442.2863603157035,448.8848432243285,28362300
2024-07-01,452.5110168457031,453.1450891922846,441.5432675183624,444.5155553424217,17662800
2024-07-02,455.0374755859375,455.3446095932429,448.92445663899935,449.0136518862479,13979800
2024-07-03,456.5137023925781,456.76139305889615,453.65041401249385,453.957548019874,9932800
2024-07-05,463.2409973144531,464.0237082994549,454.7303495018304,455.36442189594607,16000300
2024-07-08,461.9331665039063,463.3797017370924,460.1696102030399,462.24030050538414,12962300
2024-07-09,455.2950744628906,463.0130936996793,453.7692915232205,462.6861553304454,17207200
2024-07-10,461.9430847167969,462.1511364069266,454.6213342335764,456.9595498058476,18196100
2024-07-11,450.4997863769531,460.4866605260143,447.3788598594248,458.7032998608637,23111200
2024-07-12,449.3603820800781,452.1444226722039,446.4871764788712,450.1331757277914,16324300
2024-07-15,449.7666015625,453.0361364302562,447.2599732817251,449.1126945889487,14429400
2024-07-16,445.36761474609375,450.1034589951911,442.53404808528967,450.0242112870306,17175700
2024-07-17,439.4230346679688,440.7407659095282,435.12312844393387,438.5016326704633,21778000
2024-07-18,436.3021545410156,440.5426175824252,430.3873001592767,440.23548357189634,20794800
2024-07-19,433.0722351074219,437.0650374995757,428.00945262308335,429.09929755421246,20940400
2024-07-22,438.8484497070313,440.4931194808367,434.8556770812407,437.7090786051596,15808800
2024-07-23,440.7407836914063,444.2480920401895,439.00694900358457,439.7995470523178,13107100
2024-07-24,424.9381103515625,437.4019218843712,423.6402136506165,436.3814375263218,26805800
2024-07-25,414.53509521484375,425.8297836093588,413.65333216081086,424.83902093903856,29943800
2024-07-26,421.3416137695313,424.9579215661057,413.4155127108273,414.33694493801545,23583800
2024-07-29,422.78814697265625,428.15806348242296,420.77690004799786,427.5933215281127,15125800
2024-07-30,419.0133361816406,425.0866855808969,413.5046682551027,423.7689846137446,32687600
2024-07-31,414.4855651855469,417.8838738554688,408.4022679352166,416.61569885909415,42891400
2024-08-01,413.2569885253906,423.5113878535516,409.2741336141255,416.9030180044247,30296400
2024-08-02,404.7166748046875,411.1665501217745,400.6050153506058,408.6797258901986,29437900
2024-08-05,391.4998779296875,397.3354847916009,382.0182715597293,385.57513628803423,40709200
2024-08-06,395.9186706542969,401.9227204728591,394.8189385631437,396.3050826229799,24946500
2024-08-07,394.7495727539063,406.29195208719375,393.7984490340414,404.86528162523547,20650900
2024-08-08,398.97021484375,402.11091551932753,396.2456175501284,398.7225241806935,20203000
2024-08-09,402.2694091796875,404.28065599432585,398.5441624638447,400.2978013339752,19276700
2024-08-12,403.0521545410156,404.98415381866863,400.5058872530212,403.29984520555183,16762900
2024-08-13,410.18560791015625,411.1169271144517,405.7866198238976,405.8064241898094,19414300
2024-08-14,413.0093078613281,413.8613794713292,408.6400711388976,410.9683392009438,18267000
2024-08-15,417.8926696777344,417.9720602254848,414.5477862717882,416.6718241885771,20752100
2024-08-16,415.3517456054688,418.2003547729735,414.1904506066069,417.4658786225156,22775600
2024-08-19,418.388916015625,418.6072778701042,413.3566884761521,415.8380594178836,15234000
2024-08-20,421.6345520019531,422.6866508922164,418.4981256850532,418.5576761663757,16387600
2024-08-21,420.9794921875,423.2226309703042,418.57751173597626,420.9199114166435,16067300
2024-08-22,412.4534912109375,423.60975624910697,411.5204932561933,421.19784052472494,19361900
2024-08-23,413.6842346191406,416.1358302513444,409.0192452654988,413.8728212285541,18493800
2024-08-26,410.4088134765625,414.1705802586453,408.2748405512739,413.2673576122786,13152800
2024-08-27,410.7562255859375,411.27233984867695,407.19298047026894,409.7835172509794,13492900
2024-08-28,407.5403747558594,411.9075816112939,404.2748820734033,411.7884806509906,14882700
2024-08-29,410.0416259765625,418.9050766930969,407.5404146945572,411.8480714919877,17045200
2024-08-30,414.0316467285156,414.3790144301796,409.05896964037805,412.50311373853776,24308300
2024-09-03,406.3890380859375,416.7512462836699,403.99699269665393,414.79592463376775,20313600
2024-09-04,405.8530578613281,408.1756176150405,401.356814564364,402.8853476688359,15135800
2024-09-05,405.3468627929688,410.021757358501,403.1036936763924,404.5825811257243,14195500
2024-09-06,398.7066955566406,407.5899853655918,397.813377784307,406.01183707940055,19609500
2024-09-09,402.69671630859375,405.6048756938726,399.15331144234347,404.2053788906434,15295100
2024-09-10,411.1135559082031,413.2276585385216,404.6619913629379,405.1582655587275,19594300
2024-09-11,419.8876953125,420.83059814465895,406.527971667463,412.4038716868024,19266900
2024-09-12,423.8181762695313,424.18541433930886,416.6222002087488,420.1556701684846,17395700
2024-09-13,427.3813781738281,428.6121283997888,422.28960043746287,422.6568384700369,15874600
2024-09-16,428.1258544921875,430.29953807017074,425.0291081044239,427.3913783153956,13834700
2024-09-17,431.907470703125,438.5575577227914,429.04892619664366,436.9496340104397,18874200
2024-09-18,427.5997924804688,432.7808965666544,427.2027791611413,431.7585728815533,18898000
2024-09-19,435.4210815429688,438.2101402616237,433.64441133789575,437.9421630848395,21706600
2024-09-20,432.0265197753906,435.9669380311288,430.9843560989312,433.962001220441,55167100
2024-09-23,430.2796936035156,433.2076933933247,427.182947247431,431.04394501505726,15128900
2024-09-24,425.9720153808594,430.1208604741096,422.9248844858402,429.7734624718136,17015800
2024-09-25,428.89007568359375,429.89255926301774,425.3764761475162,426.6270665374025,13396400
2024-09-26,428.0960388183594,432.05629715674354,425.9322906223112,431.847870478453,14492000
2024-09-27,424.8305358886719,428.6320130497984,424.2846464096371,428.30445513024,14896100
2024-09-30,427.0935668945313,427.2126981469716,422.20031052363777,425.01914436125503,16807300
2024-10-01,417.5552062988281,425.28716713975047,415.6892103822864,425.257391898111,19092900
2024-10-02,414.021728515625,419.66933146547984,413.6048448503053,419.4310992466512,16582300
2024-10-03,413.4361572265625,416.4237075893507,411.2029231201695,414.5180314477273,13686400
2024-10-04,412.9596862792969,416.6221923109141,411.87781215445386,415.12343452898295,19169700
2024-10-07,406.48828125,414.0018496365578,405.95229663138974,412.9001354490418,20919800
2024-10-08,411.6197509765625,412.5626841012525,405.1285060524599,407.8381438809941,19229300
2024-10-09,414.3492431640625,417.247497795826,411.2127866111198,412.7611596791307,14974300
2024-10-10,412.7413330078125,414.2400908209317,410.0713753239967,412.13589300844654,13848400
2024-10-11,413.2177429199219,414.0217046730069,410.1706121672714,413.039091483719,14144900
2024-10-14,416.0167541503906,420.8802352901763,414.40880028614094,414.65693738807056,16653100
2024-10-15,415.6196899414063,419.3318413994773,412.1656410395698,419.03405871782695,18900200
2024-10-16,413.0192260742188,413.25742799200697,407.4212689749873,412.0763232895253,15508900
2024-10-17,413.6147766113281,419.3517052370469,412.49319205621896,419.2127339196968,14820000
2024-10-18,415.0440673828125,416.52295489433874,413.1582313681452,414.0316788587722,17145300
2024-10-21,415.659423828125,415.8380752730999,410.6669065146117,413.01924141063614,14206100
2024-10-22,424.3244018554688,427.3715026073368,414.9249667270413,415.3715953599656,25482200
2024-10-23,421.4360656738281,427.86776005710016,419.3814831724278,427.6493981928425,19654400
2024-10-24,421.5651245117188,422.8058101049405,419.2524696034551,422.1606293643247,13581600
2024-10-25,424.9595947265625,429.2970264220679,423.3913815699701,423.5799681906594,16899100
2024-10-28,423.4112243652344,428.72136443906953,423.12337684387694,428.44345209470936,14882400
2024-10-29,428.7312927246094,429.94220298203743,422.6270958434546,424.8107144355948,17644100
2024-10-30,429.3069458007813,435.2324607886903,428.8801572707895,434.1803619383898,29749100
2024-10-31,403.3220520019531,413.05894946974416,403.2724064074055,412.2648925685448,53971000
2024-11-01,407.3121032714844,412.4038816750557,404.46349406157685,405.9622519164769,24230400
2024-11-04,405.4163208007813,407.3617375208185,402.5478716062057,406.7463320541696,19672300
2024-11-05,408.3939514160156,411.8083202953773,405.039133016745,405.3269805306338,17626000
2024-11-06,417.0489501953125,417.3169576302285,407.4609296888858,409.34679574877146,26681800
2024-11-07,422.2598571777344,423.66928922885575,416.75122569160607,418.1407873890808,19901800
2024-11-08,419.3913879394531,423.3218709209174,418.6370415012291,422.1506711385383,16891400
2024-11-11,414.8951721191406,421.6444892164841,412.90014011467326,419.3715448677772,24503300
2024-11-12,419.8777465820313,421.27724345465793,414.09120276331856,415.1333664626366,19401200
2024-11-13,422.0316162109375,426.1308158963339,415.09368189625457,418.4981461257373,21502200
2024-11-14,423.7090148925781,424.9794756745813,416.8703416533151,421.83308381585454,30246900
2024-11-15,411.9075927734375,419.64945830467593,410.5577414665236,416.691683409749,28247600
2024-11-18,412.6619567871094,415.282268966584,409.0292257942814,411.7785741197853,24727000
2024-11-19,414.6767883300781,414.825664526232,408.4832659585283,410.0316389788728,18133500
2024-11-20,412.3939208984375,414.18052617467214,407.52050466835993,413.7636425231655,19191700
2024-11-21,410.61370849609375,417.48594978990576,408.047821251109,417.2074811714516,20780200
2024-11-22,414.7211608886719,415.1189688817136,408.81361962204943,409.1219230929671,24814600
2024-11-25,416.5013732910156,418.778836873561,412.582902472389,416.09361024787086,27691100
2024-11-26,425.6510925292969,426.69537265560376,416.5610569682543,417.2970032728636,23458900
2024-11-27,420.6784057617188,424.8952553598379,419.7137054696712,422.7868153853765,18332400
2024-11-29,421.1458435058594,422.5580967644444,415.5167709497141,417.7942649272981,16271900
2024-12-02,428.624755859375,430.6337058704028,419.0075879189551,419.2661767617578,20207200
2024-12-03,428.8435363769531,430.1065849956101,425.4024231657053,427.4909528928622,18302000
2024-12-04,435.0295715332031,437.2672755840065,430.2657397446012,430.6635477279166,26009400
2024-12-05,440.2011413574219,442.2300015529848,433.7864078777922,435.5268443828614,21697800
2024-12-06,441.1459655761719,443.66213830194334,439.3557840883586,439.8828865059849,18821000
2024-12-09,443.5825500488281,445.8799237829371,438.09272702914495,440.1812568830996,19144400
2024-12-10,440.9072570800781,447.16289170564096,439.1867306857862,441.9614922675205,18469500
2024-12-11,446.5363464355469,447.8889300799693,441.62334015579273,441.62334015579273,19200200
2024-12-12,447.1032409667969,453.66717934055725,446.6556879875928,446.6556879875928,20834800
2024-12-13,444.8257141113281,448.9629838704377,443.14494732322726,445.98933356109154,20177800
2024-12-16,449.12213134765625,449.7089034526842,442.8466168869823,444.82573215231423,23598800
2024-12-17,451.9764099121094,452.801891035832,447.11314908926647,448.545282051395,22733500
2024-12-18,434.9997253417969,450.1763104473289,434.6317218572595,448.85359210839096,24444500
2024-12-19,434.6416931152344,440.7580781855559,433.9355816606558,439.2066057877418,22963700
2024-12-20,434.2140808105469,441.3150464611244,426.2876339353125,430.7431322726768,64263700
2024-12-23,432.8714294433594,435.2583077630068,430.4646409959487,434.353277123108,19152500
2024-12-24,436.9291076660156,437.1976515770788,431.817212852652,432.2746905166953,7164500
2024-12-26,435.7157897949219,438.5303413291557,434.24389716434194,436.6804901261448,8194200
2024-12-27,428.17718505859375,432.84155699312345,424.0200357250834,432.2249501021284,18117700
2024-12-30,422.5083618164063,425.2134986857935,419.59438106008827,423.7316509986102,13158700
2024-12-31,419.1965637207031,424.3979934566231,418.361157840794,423.7714314589903,13246500
2025-01-02,416.2925109863281,423.74159992080814,412.5829142901712,423.2045424399656,16896500
2025-01-03,421.0364685058594,421.712745134401,417.2472919522773,418.7788542550092,16662900
2025-01-06,425.5118713378906,431.9465149926899,423.15482788109534,425.66104554069966,20573600
2025-01-07,420.0617980957031,428.2965477599085,418.50037065706186,426.655570865203,18139100
2025-01-08,422.2398071289063,424.6366402910522,419.2363221421035,421.1458124811298,15054600
2025-01-10,416.6605224609375,422.3890244132644,412.7519761682606,422.3094749538564,20201100
2025-01-13,414.9101257324219,416.212964363656,410.0369095197108,412.970770030549,17604800
2025-01-14,413.3984375,417.4461724776856,408.4754763868852,415.5267269300622,16935900
2025-01-15,423.9802551269531,425.8101960648602,415.984184442192,416.8395004087413,19637800
2025-01-16,422.25970458984375,427.1428756329152,422.07077084126166,426.3572147468436,15300000
2025-01-17,426.6853942871094,432.1056227420966,425.8301086663914,431.717739483304,26197500
2025-01-21,426.1583251953125,428.54520356031776,423.2741792396476,427.8490471438773,26085700
2025-01-22,443.7615966796875,444.8257262250376,433.6173259954359,435.168798403502,27803800
2025-01-23,444.2687683105469,444.3085582129765,439.08724891108926,439.58451646365,18389300
2025-01-24,441.6332702636719,444.20911262497947,438.98780315862,442.727264983927,15549500
2025-01-27,432.1852111816406,432.82172827375285,421.18565437157145,421.69287703242304,35647800
2025-01-28,444.7561340332031,445.9296782334323,429.02258057650255,432.2249849937885,23491700
2025-01-29,439.9127197265625,444.4378728714111,437.9932741704639,444.2489087647689,23581400
2025-01-30,412.7221374511719,420.5491243253889,410.9021514578089,416.4814791520961,54586300
2025-01-31,412.791748046875,418.3909856769975,412.6425738477464,416.6903391053237,34161900
2025-02-03,408.6744079589844,413.1398611878705,406.4267487485119,409.350684594608,25679100
2025-02-04,410.116455078125,411.6580027715914,407.5008227766752,410.43471361041793,20532100
2025-02-05,411.0314636230469,411.5684907814938,408.1572423104593,410.0965981017129,16316700
2025-02-06,413.5475769042969,415.9145752087822,411.737515806655,411.737515806655,16309800
2025-02-07,407.5107727050781,416.3621293611533,405.86979579790295,414.2040051086223,22886800
2025-02-10,409.96728515625,413.1895693646485,408.6744015876666,411.44913283343,20817900
2025-02-11,409.1915588378906,410.23580864154656,407.0632389741584,407.4014076456789,18140600
2025-02-12,406.8046569824219,408.5053035519359,402.1601645834243,404.98464070295296,19121700
2025-02-13,408.2964477539063,408.7539254008991,404.1392679764064,404.775785007703,23891700
2025-02-14,406.1979675292969,406.6753553081934,403.6619151401408,405.5614808415711,22758500
2025-02-18,407.4013977050781,408.3561429609082,404.2785427328027,405.7703454735141,21423100
2025-02-19,412.5033264160156,413.21939292620334,405.4222411212721,405.65099512827777,24114200
2025-02-20,414.6857604980469,417.8547165109783,411.1082238049584,413.8486794990648,23508700
2025-02-21,406.793212890625,416.5990574532586,406.4743466307379,415.8915301727366,27524800
2025-02-24,402.5978393554688,407.9491968592537,397.93408950529806,407.09219625426255,26443700
2025-02-25,396.5190124511719,400.5250798023072,395.3231955078189,399.7079184567694,29387400
2025-02-26,398.3426818847656,402.1992455439655,392.88169018272754,396.6286502127144,19619000
2025-02-27,391.1676330566406,404.33177619538384,390.8088971171108,399.8772891429284,21127400
2025-02-28,395.6121520996094,396.2499454411849,385.2283339547379,391.2971936660098,32845700
2025-03-03,387.14166259765625,397.4358274187669,384.8197626823639,397.4358274187669,23007700
2025-03-04,387.26123046875,391.2174529428098,379.6776572148895,382.069321414226,29342900
2025-03-05,399.628173828125,400.2759422103805,387.4605594414927,387.9887187604894,23433100
2025-03-06,395.5125427246094,400.7542663515353,391.3171323240562,392.91158534383527,23304600
2025-03-07,391.9449462890625,393.42976525122566,384.2019243838628,390.9583919892802,22034100
2025-03-10,378.840576171875,385.05890917094194,375.9107776446238,384.50085520495696,32840100
2025-03-11,379.1296081542969,384.6603339518935,375.6018856955347,377.6846284139058,30380200
2025-03-12,381.9397888183594,383.883033194115,377.634805186652,381.6209225427357,24253600
2025-03-13,377.4553833007813,383.9826683121219,376.139987768004,381.8301614244045,20473000
2025-03-14,387.21142578125,388.8756431080204,378.19284770158055,378.4618996667495,19952800
2025-03-17,387.3509521484375,391.3470139725856,384.2318105649253,385.35789354291256,22474300
2025-03-18,382.1889343261719,386.02557849597406,379.7773502731509,385.72663184862864,19486900
2025-03-19,386.4739990234375,388.3275289171194,382.6672498124423,384.1919384194473,19185500
2025-03-20,385.4974060058594,390.4302384005767,381.9497639905121,384.40121765018193,18470500
2025-03-21,389.9020690917969,390.38038369901005,381.47140919973,381.8899648927027,39675900
2025-03-24,391.7157287597656,394.0276840634663,388.45708885622673,394.0276840634663,21004500
2025-03-25,393.7885437011719,394.98436068056907,391.2773006739415,392.552857032296,15775000
2025-03-26,388.6165466308594,393.9380096391845,387.2214116418782,393.6290879777552,16108400
2025-03-27,389.2243957519531,390.878638018693,386.055439916328,388.7759758195498,13766800
2025-03-28,377.48529052734375,387.77945533191945,375.6217855831935,386.7330813092454,21632000
2025-03-31,374.087158203125,375.761320171641,365.96541986866765,371.2470435423123,35184700
2025-04-01,380.863525390625,381.52123836039385,371.9346316172352,373.3496861547736,19689500
2025-04-02,380.813720703125,383.74348886180815,375.3128595122782,376.6581801475031,16092600
2025-04-03,371.8150329589844,376.16989155085776,368.0681034665444,373.4892252977989,30198000
2025-04-04,358.5910949707031,373.28990195338014,358.2323590249941,362.86621412703136,49209900
2025-04-07,356.61798095703125,369.7123913004176,343.5933653790687,349.66222551139305,50425000
2025-04-08,353.3294372558594,372.35317854006513,349.0343982710952,366.98190125867967,35868900
2025-04-09,389.1347351074219,391.8652461990382,351.8745186247924,352.3129939705509,50199700
2025-04-10,380.0264587402344,382.56759631800514,366.5234683324548,380.7339860356081,38024400
2025-04-11,387.101806640625,388.6962291414208,377.57498926356885,379.3189154840166,23839200
2025-04-14,386.4640197753906,393.2802764387861,382.8765082652718,391.8552468593249,19251200
2025-04-15,384.3912658691406,390.5298901348079,382.8267075366503,387.1616161645613,17199900
2025-04-16,370.32025146484375,380.2855448116978,366.7227951642272,379.3488352158224,21967800
2025-04-17,366.5035400390625,373.02085009277744,365.61664478749583,372.4528211002609,21120200
2025-04-21,357.87359619140625,363.2150090361753,354.43558836453434,361.5607667541322,20807300
2025-04-22,365.5469055175781,366.4935901583944,358.611039306251,362.1188421014038,19485000
2025-04-23,373.0906372070313,379.069813295219,371.7253664544321,374.75482418771264,20545500
2025-04-24,385.9557800292969,387.101813036712,373.8878249819962,374.3960646492269,22232300
2025-04-25,390.4900207519531,390.7989424087168,383.2651831703409,385.6568474598527,18973200
2025-04-28,389.8024291992188,391.3769322112989,385.2981274275963,390.59964052478745,16579400
2025-04-29,392.6724243164063,393.7287429695286,389.0251233321368,389.9419132819562,14974000
2025-04-30,393.88818359375,395.2833185411371,383.10572919383554,388.9453763349202,36461100
2025-05-01,423.9235534667969,435.47332427714,423.4252888222868,429.6137271918364,58938100
2025-05-02,433.769287109375,437.9148527865164,428.497638419409,430.2415647531947,30757400
2025-05-05,434.65618896484375,437.97461808249534,430.6102521137275,431.367624097433,20136100
2025-05-06,431.8061218261719,436.2107948487266,429.6735648726689,430.6999888667604,15104200
2025-05-07,431.8459777832031,436.5994115910065,429.6137314736212,432.3342674079582,23295300
2025-05-08,436.6492614746094,442.1301726837614,434.147963172883,436.4100737600986,23491300
2025-05-09,437.2073059082031,439.2103090991504,434.3671913522403,438.4728871570268,15324200
2025-05-12,447.7007751464844,447.8103787748487,438.2536661790282,444.39229048229146,22821900
2025-05-13,447.5812072753906,449.1058959658508,443.8142971336702,446.2259115440581,23618800
2025-05-14,451.3679809570313,452.3246405642177,446.5846525094385,446.5846525094385,19902800
2025-05-15,452.3863220214844,455.44129747226026,449.6907411096269,450.0301794411029,21992300
2025-05-16,453.5244445800781,453.6142932166669,447.9935587223261,451.308086808409,23849800
2025-05-19,458.1168823242188,458.83570185482216,450.0601197660991,450.140005529217,21336500
2025-05-20,457.4180603027344,457.5877642352693,453.5743728670407,454.8422775622727,15441800
2025-05-21,451.8272399902344,457.02868069868646,451.06847756848606,453.8239575485261,19216900
2025-05-22,454.1134643554688,459.49463285512667,453.1550484484722,454.2033434579146,18025600
2025-05-23,449.441162109375,452.9454112846908,448.17325738802526,449.24150862772166,16883500
2025-05-27,459.9338989257813,460.1934819526082,455.3713920868909,455.7308170830738,20974300
2025-05-28,456.609375,461.7609101640183,456.1800880198718,460.4630558858422,17086300
2025-05-29,457.9272155761719,460.9622349154345,454.56275123248776,460.7925005105856,13974800
2025-05-30,459.60443115234375,460.9222720478794,454.79236501090486,458.9654973792759,34770500
2025-06-02,461.2118225097656,461.3515769006255,456.1401731404802,456.3897628439735,16626500
2025-06-03,462.2101745605469,463.3782677615003,460.1036216507913,460.7126363614999,15743800
2025-06-04,463.1086730957031,464.9256933509807,462.2600620562611,463.2384646092932,14162700
2025-06-05,466.9124145507813,468.8791825139859,463.2684111938008,464.1968775224098,20131700
2025-06-06,469.6080017089844,472.5631351284868,468.0106215882427,469.31846913564885,15285600
2025-06-09,471.97412109375,472.6529977632414,467.8508943889836,468.92913895111,16469900
2025-06-10,470.1471252441406,472.0240141385288,466.19360257943936,470.4166711436691,15375900
2025-06-11,471.8443298339844,474.68965849935887,468.8891963253199,469.2485908678973,16399200
2025-06-12,478.0840759277344,479.6315503555016,472.7428502291372,474.2403884361742,18950600
2025-06-13,474.1804809570313,478.3935562569989,471.9841099060599,475.62811338522215,16814500
2025-06-16,478.3536376953125,479.90108160832807,474.2204177457221,474.4300645574067,15626100
2025-06-17,477.2554321289063,477.9542649832925,473.30190948641297,474.6197503672441,15414100
2025-06-18,479.4518127441406,480.2105751696819,473.68130019053103,477.21549881727225,17526500
2025-06-20,476.6164855957031,482.666537493529,476.0873566497709,481.4385756672578,37576200
2025-06-23,485.2023620605469,486.9494899074728,471.7345120072702,477.425138713905,24864000
2025-06-24,489.30560302734375,491.0427680081874,486.0010379300524,488.1475336634371,22305600
2025-06-25,491.4620666503906,493.7483167920849,488.5868189509033,491.2324636297239,17495100
2025-06-26,496.6335754394531,497.2226034494893,492.0011761864687,492.1709105807123,21578900
2025-06-27,495.1260681152344,498.4805390751374,492.2208403370186,496.73341116664807,34539200
2025-06-30,496.5936584472656,499.9381665482639,494.5170550643952,496.2242705630272,28369000
2025-07-01,491.242431640625,497.2325843953567,490.1742108879921,495.655190908974,19945400
2025-07-02,490.2840270996094,492.6900755013178,487.8979653734086,489.1858263089447,16319600
2025-07-03,498.0213012695313,499.3091926553608,492.6301698307581,492.99955771280014,13984800
2025-07-07,496.9031372070313,497.9314455400232,494.41723357438383,496.56369887519327,13981600
2025-07-08,495.804931640625,497.3823555722493,493.2990413573122,496.4239092084173,11846600
2025-07-09,502.68365478515625,505.94827712953634,498.919822567675,499.4789010645568,18659500
2025-07-10,500.656982421875,503.6121159415126,496.93309312638246,502.22438258392543,16492100
2025-07-11,502.4939575195313,504.2011425332065,496.9829974553982,497.6519112557523,16459500
2025-07-14,502.1944274902344,503.14288052756655,500.2077032480772,500.6968893054946,12058800
2025-07-15,504.9898376464844,507.465747883617,501.9648118083004,502.1944148249749,14927200
2025-07-16,504.7901611328125,505.88836188358,501.066302385086,504.3508808325056,15154400
2025-07-17,510.8601989746094,512.5274410723513,504.7901605415637,504.85005963085433,17503100
2025-07-18,509.212890625,513.7953843002441,506.59719545986655,513.6356127696338,21209700
2025-07-21,509.2228698730469,511.2495674173143,504.7202620876888,505.8783619126309,14066800
2025-07-22,504.4407348632813,510.3610256433726,504.4407348632813,510.1313921533716,13868600
2025-07-23,505.0397644042969,505.9582679116736,499.8782664381748,505.9183250285286,16396600
2025-07-24,510.0415344238281,512.826933461713,506.4673929575042,507.93498157135946,16107000
2025-07-25,512.866943359375,517.4393829887753,509.5224046731241,511.6289272082179,19125700
2025-07-28,511.6588745117188,514.1547714605564,509.2827757416266,513.2362984451797,14308000
2025-07-29,511.728759765625,516.7704593446111,510.7204076628311,514.6839236482208,16469200
2025-07-30,512.3976440429688,515.1032182392812,508.6038929137552,514.3244691518986,26380400
2025-07-31,532.6243896484375,554.5383762548963,531.0270400328567,554.3187056451394,51617300
2025-08-01,523.2498168945312,534.9206337229102,520.0051507892547,534.1219588686084,28977600
2025-08-04,534.7609252929688,537.3666271513684,527.2632409127965,527.4030257699867,25349000
2025-08-05,526.8838500976562,536.4181643311854,526.374677366439,536.2983661514853,19171600
2025-08-06,524.0784912109375,530.8274067099719,523.1700114791388,530.0287318260303,21355700
2025-08-07,519.9852294921875,527.2233308658066,516.7005900083886,525.9354090023164,16079100
2025-08-08,521.1832275390625,523.7989228282858,518.5575389118288,521.7423060527517,15531000
2025-08-11,520.9136962890625,526.7241518809952,518.8670119786243,521.4427947726738,20194400
2025-08-12,528.3713989257812,530.1085334795151,521.8421543429575,522.8904188907295,18667000
2025-08-13,519.7256469726562,531.825750889051,518.5176108745642,531.236692379076,19619200
2025-08-14,521.6224975585938,525.0868343553949,519.2863720398742,521.7023833261101,20269100
2025-08-15,519.3162841796875,525.2365445998882,518.2281072023833,521.9120536418995,25213300
2025-08-18,516.2512817382812,521.9619254356152,513.176380682391,520.7339636806648,23760600
2025-08-19,508.933349609375,514.314487646487,507.7153506663982,514.1547770514178,21481000
2025-08-20,504.8900146484375,510.161347905157,503.6121166003689,509.0331975839143,27723000
2025-08-21,504.239990234375,507.6300048828125,502.7200012207031,503.6900024414063,18443300
2025-08-22,507.2300109863281,510.7300109863281,502.4100036621094,504.25,24324200
2025-08-25,504.260009765625,508.1900024414063,504.1199951171875,506.6300048828125,21638600
2025-08-26,502.0400085449219,504.9800109863281,498.510009765625,504.3599853515625,30835700
2025-08-27,506.739990234375,507.2900085449219,499.8999938964844,502.0,17277900
2025-08-28,509.6400146484375,511.0899963378906,505.5,507.0899963378906,18015600
2025-08-29,506.6900024414063,509.6000061035156,504.489990234375,508.6600036621094,20961600
2025-09-02,505.1199951171875,506.0,496.80999755859375,500.4700012207031,18128000
2025-09-03,505.3500061035156,507.7900085449219,502.3200073242188,503.7900085449219,16345100
2025-09-04,507.9700012207031,508.1499938964844,503.1499938964844,504.2999877929688,15509500
2025-09-05,495.0,511.9700012207031,492.3699951171875,509.0700073242188,31994800
2025-09-08,498.2000122070313,501.2000122070313,495.0299987792969,498.1099853515625,16771000
2025-09-09,498.4100036621094,502.25,497.7000122070313,501.4299926757813,14410500
2025-09-10,500.3699951171875,503.2300109863281,496.7200012207031,502.9800109863281,21611800
2025-09-11,501.010009765625,503.1700134277344,497.8800048828125,502.25,18881600
2025-09-12,509.8999938964844,512.5499877929688,503.8500061035156,506.6499938964844,23624900
2025-09-15,515.3599853515625,515.469970703125,507.0,508.7900085449219,17143800
2025-09-16,509.0400085449219,517.22998046875,508.6000061035156,516.8800048828125,19711900
2025-09-17,510.0199890136719,511.2900085449219,505.9299926757813,510.6199951171875,15816600
2025-09-18,508.4500122070313,513.0700073242188,507.6600036621094,511.489990234375,18913700
2025-09-19,517.9299926757812,519.2999877929688,510.30999755859375,510.55999755859375,52474100
2025-09-22,514.4500122070312,517.739990234375,512.5399780273438,515.5900268554688,20009300
2025-09-23,509.2300109863281,514.5900268554688,507.30999755859375,513.7999877929688,19799600
2025-09-24,510.1499938964844,512.47998046875,506.9200134277344,510.3800048828125,13533700
2025-09-25,507.0299987792969,510.010009765625,505.0400085449219,508.2999877929688,15786500
2025-09-26,511.4599914550781,513.9400024414062,506.6199951171875,510.05999755859375,16213100
2025-09-29,514.5999755859375,516.8499755859375,508.8800048828125,511.5,17617800
2025-09-30,517.9500122070312,518.1599731445312,509.6600036621094,513.239990234375,19728200
2025-10-01,519.7100219726562,520.510009765625,511.6900024414063,514.7999877929688,22632300
2025-10-02,515.739990234375,521.5999755859375,510.6799926757813,517.6400146484375,21222900
2025-10-03,517.3499755859375,520.489990234375,515.0,517.0999755859375,15104200
