Date,Close,High,Low,Open,Volume
2015-10-05,29.04398727416992,29.099893465032974,28.70155219131505,28.7504711080256,6488900
2015-10-06,28.99506950378418,29.14182625971788,28.876264511446568,28.96711507430696,5352300
2015-10-07,29.204729080200195,29.407394741493327,29.03700513081373,29.20472908020019,4870400
2015-10-08,29.28159523010254,29.32352420770536,28.92518292519213,29.04398791545596,5017900
2015-10-09,29.057973861694336,29.42137088422903,28.897237179646226,29.37245195173852,4307300
2015-10-12,29.092905044555664,29.218697301392307,28.94614563432564,29.12085680594532,3788000
2015-10-13,28.9531307220459,29.078922957801964,28.88324733146163,28.988072417338035,4328700
2015-10-14,28.30321311950684,28.9112073215532,28.219352493747632,28.88325555688762,10003800
2015-10-15,28.659629821777344,29.099902880506697,28.429012377792752,28.80638928527505,12242600
2015-10-16,28.491905212402344,29.03001607356941,28.4290090684768,28.78541877346716,12933500
2015-10-19,28.46395874023437,28.72952060730144,28.39407530116098,28.401062578715397,7749200
2015-10-20,28.82733917236328,29.009037591734987,28.47791687936494,28.540812998739863,6848700
2015-10-21,28.7225284576416,29.16979149735621,28.701563960706363,28.99508024721026,8864500
2015-10-22,29.23967170715332,29.547162513789303,28.90422646376448,28.90422646376448,7961800
2015-10-23,29.78475570678711,29.82668734194273,29.239657779166816,29.456300561983355,9879400
2015-10-26,29.71487808227539,29.896576538126297,29.5122124718363,29.728855296707167,5262000
2015-10-27,29.421363830566406,29.6729483749908,29.281597008891733,29.53317888743489,5796000
2015-10-28,30.09225845336914,30.211060791347585,29.4143781351491,29.491251490726388,9443400
2015-10-29,30.050338745117188,30.204085517360635,29.917559138286677,30.03636152346938,5574500
2015-10-30,29.47727394104004,30.04333918998192,29.40040058633272,30.03634924907324,9148400
2015-11-02,29.76380157470703,29.938512783136662,29.51920694925814,29.51920694925814,5523800
2015-11-03,29.840673446655277,29.95947578284701,29.5122155380853,29.77078736723541,3559200
2015-11-04,29.78475570678711,29.994408550804103,29.69390782943743,29.861629038298805,4060800
2015-11-05,29.7917594909668,29.924539065179893,29.603071043896534,29.78476954891876,6377500
2015-11-06,30.553491592407227,30.91689116172853,30.399744903034097,30.553491592407227,12058000
2015-11-09,30.28792953491211,30.651329100380902,30.07128671726312,30.567468482466868,6781300
2015-11-10,30.30190658569336,30.420708904941712,30.106230922987383,30.18310160056404,6170200
2015-11-11,30.28093719482422,30.56746336848516,30.190086652186203,30.48360009872059,4852700
2015-11-12,29.85465812683105,30.09925280125101,29.82670368807392,30.07828830512416,6991800
2015-11-13,29.61703109741211,29.917534450156698,29.519193292496244,29.693904420097503,6646000
2015-11-16,30.1271915435791,30.14116875567547,29.53317202594629,29.610045359535995,6042600
2015-11-17,30.06431198120117,30.39276998167556,29.931532391972976,30.1761270736781,6457700
2015-11-18,30.67230033874512,30.735196482493063,30.00839719160157,30.12720220351728,8560200
2015-11-19,30.85399436950684,30.93785498651156,30.56746815101652,30.686270469616456,6414200
2015-11-20,30.777118682861328,31.035690454033443,30.707232619111604,31.021713241283496,6977400
2015-11-23,30.595415115356445,30.874954016047973,30.53251899599488,30.79109341219273,6032900
2015-11-24,30.65132713317871,30.742177685185364,30.322869290764437,30.448661542502634,5955300
2015-11-25,30.58843231201172,30.70723462934245,30.49758175612997,30.679282867893463,4284600
2015-11-27,30.67928123474121,30.742177359944893,30.44866122036745,30.658314082419466,2093500
2015-11-30,30.67230033874512,30.833034335905083,30.567475209752917,30.700254772829,7461700
2015-12-01,30.96581077575684,31.049671396449043,30.67229460451253,30.847005786051906,4913800
2015-12-02,30.58843231201172,31.0636469130965,30.5325234573519,31.00075078454466,6301200
2015-12-03,30.190095901489254,30.728206717543188,30.08526811510785,30.728206717543188,5560600
2015-12-04,30.98678398132324,31.04269018888461,30.308903553174588,30.371799702857267,8421400
2015-12-07,30.8260440826416,31.007742554872284,30.58843674764375,30.84700857323864,5728900
2015-12-08,30.434688568115234,30.763146456274296,30.30190902429066,30.63036691244972,6751100
2015-12-09,30.057321548461918,30.61639966761628,29.854658529444603,30.218058240542124,6713400
2015-12-10,30.17611694335937,30.462643188260405,29.90356791356098,30.09225631862476,6256600
2015-12-11,29.505224227905277,29.889588281563583,29.30954589817228,29.70788716580301,6531700
2015-12-14,29.651987075805664,29.742837652375744,29.239668509380262,29.561136499235584,7422800
2015-12-15,30.518556594848636,30.637361618356096,29.994422901103405,30.04334449846424,6971200
2015-12-16,31.000757217407227,31.091607792141065,30.33685409290264,30.700253725956536,10016800
2015-12-17,30.63036346435547,31.15449697196554,30.63036346435547,31.11256533163962,6896700
2015-12-18,29.60305595397949,30.45564716927736,29.59606601549452,30.427692747098316,14632800
2015-12-21,29.76380157470703,30.036350633316214,29.46329808293755,29.81272049979681,5610500
2015-12-22,29.840673446655277,29.99441748961627,29.470283890433382,29.98743021461496,5041000
2015-12-23,30.38577079772949,30.392760738442156,29.959475054220743,30.113221759323903,4846400
2015-12-24,30.34383583068848,30.462640816871804,30.294916914577986,30.315884068540328,2170100
2015-12-28,30.085262298583984,30.29491516493228,29.868622158572443,30.21804449111321,5828500
2015-12-29,30.594951629638672,30.658222546139672,30.327807461993736,30.334839053697443,4912000
2015-12-30,30.23641967773437,30.58792422153479,30.20830135237314,30.48950337835337,4750500
2015-12-31,29.99740219116211,30.32781738339968,29.983344366688787,30.081765228606184,4483800
2016-01-04,29.16082191467285,29.399845155029485,28.900709256033,29.35063472452377,9258100
2016-01-05,29.30141258239746,29.32953358338015,28.956937024775165,29.15378134988773,7654400
2016-01-06,28.8585205078125,29.22408552981856,28.68979984028149,28.85149159740148,6779600
2016-01-07,28.31016540527344,28.59136732324113,28.043021303703185,28.338286401599948,9959800
2016-01-08,27.90945816040039,28.61949607866713,27.853216152499456,28.570285662637087,8475200
2016-01-11,28.02193832397461,28.197690568674133,27.754794161136736,28.127388061734468,6668800
2016-01-12,28.55622100830078,28.58434200816217,27.90242251123729,28.40156087259544,9915500
2016-01-13,27.42437171936035,28.851481386735827,27.3821929082882,28.76711840106009,11910700
2016-01-14,28.071157455444336,28.26799917247172,27.49469012834934,27.839163133147263,13490300
2016-01-15,27.45249366760254,27.726666676152348,26.69324554252352,26.721363856959183,14534000
2016-01-19,27.508737564086918,28.02896262099365,27.241593445213567,27.74776068481233,11311300
2016-01-20,27.32594871520996,27.649334770702083,26.897112958771583,26.92523395173012,13476300
2016-01-21,27.079906463623047,27.733705035170708,27.058817052207463,27.37516895050705,12508900
2016-01-22,27.677459716796875,27.86024353307917,27.43843658288119,27.62824930820536,8942900
2016-01-25,26.91820335388184,27.663390848125903,26.876021867093083,27.621212043102474,10258700
2016-01-26,27.431411743164062,27.6071639947104,26.91821549046075,27.02366523232863,7659000
2016-01-27,27.54388999938965,28.113328196212095,27.29783794742292,27.50170849829554,7619400
2016-01-28,27.5720157623291,27.979759616265667,27.417352913370387,27.77588634841404,8983600
2016-01-29,28.162540435791016,28.17660093706896,27.55795228967131,27.635283705816818,11718800
2016-02-01,27.97975349426269,28.134416309381,27.804001270452293,28.043024402105083,6241800
2016-02-02,27.241600036621094,27.607165055698715,27.12911869857926,27.607165055698715,6987700
2016-02-03,27.614187240600582,27.656368737755432,26.700276256373453,27.36813521161228,10534100
2016-02-04,28.19768524169922,28.26095614510886,27.536855210139414,27.61418661228075,9291000
2016-02-05,28.18362617492676,28.507009616888386,28.0781737699642,28.26095758099716,10218300
2016-02-08,27.789941787719727,28.14847783920274,27.39625850830774,27.888362607572724,13886300
2016-02-09,27.69855308532715,27.916484138639188,27.079904472221777,27.30486711666623,12758700
2016-02-10,27.445466995239254,28.324228084878584,27.43140649599311,28.078173370719963,9332000
2016-02-11,26.32768440246582,26.770580769799636,26.06054026387776,26.714338769353223,12474900
2016-02-12,27.48764419555664,27.522796782488847,26.714335554833596,26.883058854104256,12455600
2016-02-16,28.25393867492676,28.48593299729124,27.614200412634613,27.874315746516107,11233000
2016-02-17,28.204729080200195,28.61950462616346,28.16957915564751,28.549204777058097,7865000
2016-02-18,27.7618350982666,28.21878947925148,27.63529322494345,28.18363955483223,7672200
2016-02-19,27.74073600769043,27.930548769843405,27.45953400143046,27.614194166255118,10983400
2016-02-22,28.282054901123047,28.39453624639201,27.740737588964027,27.740737588964027,8157300
2016-02-23,27.32594871520996,28.176591320729823,27.290798814894544,28.085199434497344,9226400
2016-02-24,27.02365493774414,27.093957420641065,26.348767192526747,26.90414473946764,9220400
2016-02-25,27.515775680541992,27.515775680541992,27.04476087189208,27.150210627585235,6335600
2016-02-26,27.621217727661133,27.958661646122525,27.48061542452741,27.761820030794848,7200000
2016-02-29,27.079906463623047,27.635284206209374,27.07287487197355,27.593102701611752,7400600
2016-03-01,28.0500545501709,28.0500545501709,27.19941179253673,27.19941179253673,6569500
2016-03-02,28.492942810058597,28.492942810058597,28.007867754495532,28.113320136114467,7465500
2016-03-03,28.66168212890625,28.66871104012503,28.27502764946612,28.45780884059105,5694800
2016-03-04,28.84445571899414,28.970997541721857,28.549193253806973,28.760095397764413,6128000
2016-03-07,28.66168212890625,28.774163480775503,28.4648404335768,28.57732178544605,4287500
2016-03-08,28.01490974426269,28.387506366684484,27.937581000965142,28.27502502525465,6094400
2016-03-09,27.95163345336914,28.218777593616583,27.853212633742768,28.218777593616583,5476200
2016-03-10,27.775880813598636,28.253927086242467,27.47358944996454,28.078174858998885,7442900
2016-03-11,28.443750381469727,28.464842480176507,27.84619365953176,28.07115637944491,7774800
2016-03-14,28.464841842651367,28.53514168538704,28.09927676053824,28.45078133775081,6349500
2016-03-15,28.67574119567871,28.710891113544584,28.169573796756293,28.21878421812188,7049600
2016-03-16,28.499982833862305,28.90772662114795,28.3804699205392,28.570282654570303,6001700
2016-03-17,28.60543441772461,28.668705333166425,28.15550909981233,28.387503350354468,6841300
2016-03-18,29.0483341217041,29.118633954941853,28.724950597983664,28.82337143722321,10078900
2016-03-21,29.090505599975582,29.167836998932422,28.86554299306432,28.985053204713385,5207100
2016-03-22,29.0483341217041,29.20299697294724,28.689800681364787,28.83743194022411,5769700
2016-03-23,28.956937789916992,29.195960941053148,28.865548556957823,28.963969381231596,6761800
2016-03-24,28.668703079223636,28.710884580124,28.44374043795413,28.63355316935644,6331000
2016-03-28,28.60543441772461,28.795247164050057,28.485924178426973,28.71088683738311,4147000
2016-03-29,28.573591232299805,28.6301879060541,28.149126973854344,28.516997257223448,5840700
2016-03-30,28.99806022644043,29.153695692841737,28.67971066090437,28.729231404579075,6293200
2016-03-31,28.715085983276367,29.02635965538712,28.630193654278614,28.906095747530177,6579000
2016-04-01,28.79291343688965,28.849507439762483,28.297703093025845,28.51701126352133,5211800
2016-04-04,28.778764724731445,28.899028669446555,28.594828140405703,28.778764724731445,4685300
2016-04-05,28.33307456970215,28.587754328317235,28.184512276736427,28.47456362434156,6223900
2016-04-06,28.361364364624023,28.389662706751025,27.993494013008306,28.22695128753842,5286600
2016-04-07,27.660993576049805,28.163279673219723,27.4699865248767,28.12083216258221,8354600
2016-04-08,27.859086990356445,28.19158313723341,27.7883411196642,27.929830162369665,4990500
2016-04-11,27.96519660949707,28.32599373702995,27.8803042789452,28.000570887682336,7321300
2016-04-12,28.48162651062012,28.54529642713216,27.979343112957466,28.113758880415265,7661500
2016-04-13,29.07588768005371,29.30226907980532,28.771687168135145,28.842433042231995,10469400
2016-04-14,29.203224182128903,29.464979838038897,28.94854446215099,29.00514115489224,9317500
2016-04-15,29.07588768005371,29.40131330354091,28.96977291692717,29.32349419137395,7052600
2016-04-18,29.153697967529297,29.21736788560429,28.89194505930025,29.026358131379308,7566400
2016-04-19,29.64891242980957,29.66306160239249,29.281042038689822,29.3447119659736,11362100
2016-04-20,30.2290153503418,30.37757761610561,29.564020423580818,29.68428434386236,9576200
2016-04-21,30.10875129699707,30.278535971782876,29.995560614246955,30.172421224711435,10082300
2016-04-22,30.63224983215332,30.72421808312604,30.144115636088443,30.207785548503697,9262200
2016-04-25,30.45539283752441,30.54736109928779,30.25023390692857,30.441243666585557,8605600
2016-04-26,30.681781768798828,30.766676815443144,30.35635885269953,30.476625486106105,7899800
2016-04-27,30.79497528076172,31.08502663661374,30.603965456369508,30.68886051077449,9686600
2016-04-28,30.511999130249023,30.81619965453859,30.370510074980505,30.448329190312155,6641400
2016-04-29,30.200719833374023,30.47662467964857,30.045084316002622,30.2997640518382,10576000
2016-05-02,30.39880752563477,30.53322063988617,30.15120101157689,30.434179113734697,8866500
2016-05-03,30.066295623779297,30.10874313030166,29.712574498793657,29.946031736649623,6581800
2016-05-04,29.514497756958008,29.910663773339028,29.28104046986612,29.740879108798183,8835600
2016-05-05,29.4649715423584,29.71257525669294,29.387152461088093,29.585235432555724,5947600
2016-05-06,29.55693244934082,29.578157549146933,29.259808038831867,29.295179606938504,5306400
2016-05-09,29.38716506958008,29.71258800480685,29.34471754376297,29.43668583369375,4297100
2016-05-10,29.75502586364746,29.82576901834664,29.47204784749401,29.528644530196047,6413000
2016-05-11,29.620609283447266,29.98140637913341,29.620609283447266,29.64183438822064,5832800
2016-05-12,29.670135498046875,29.93189114862401,29.500350820639923,29.797475355441485,7285100
2016-05-13,29.309335708618164,29.790396704986776,29.167846704037107,29.56401537712841,6980600
2016-05-16,29.49326515197754,29.684274875035616,29.090023302858675,29.17491831222531,16492400
2016-05-17,28.807058334350582,29.30934184197829,28.70094088403877,29.273970258100643,14339300
2016-05-18,29.443758010864254,29.54987547224303,28.792912163866603,28.828283751433148,12622500
2016-05-19,29.373010635375977,29.500350491349185,29.026362649964742,29.28811829762009,9545400
2016-05-20,29.528644561767575,29.85406739161713,29.457898708314392,29.528644561767575,5781200
2016-05-23,29.472043991088867,29.62060621572485,29.302256663877728,29.53571390145829,6422300
2016-05-24,29.910669326782227,30.05215837262192,29.61354475933005,29.719659519700503,5611200
2016-05-25,30.3917236328125,30.582733396964294,30.080449960867995,30.12289747468344,7808000
2016-05-26,30.18657684326172,30.455405808235295,30.129982834081765,30.356364268160707,4372000
2016-05-27,30.3846492767334,30.3846492767334,30.158267942084265,30.264382674694456,3905000
2016-05-31,30.292688369750977,30.561517281909488,30.172424437196327,30.533218933539324,6605800
2016-06-01,30.420040130615234,30.46248766976418,29.94605475417907,30.03094713379687,5170800
2016-06-02,30.462474822998047,30.490770471817623,30.20779509286918,30.33513495793361,4216500
2016-06-03,29.974328994750977,30.073370483308317,29.54986470131149,29.91065908086724,11485600
2016-06-06,30.335128784179688,30.52613854290236,29.93188685976908,30.030928357178222,7748500
2016-06-07,30.179492950439453,30.42002347657346,30.179492950439453,30.37757596066324,7264000
2016-06-08,30.285614013671875,30.42710035294012,30.158274149387317,30.16534738687915,5017300
2016-06-09,30.0946044921875,30.122902839771253,29.73380730719204,30.038007797019997,5936900
2016-06-10,29.684288024902344,29.86822459466769,29.62061808901112,29.73380878629784,7329300
2016-06-13,29.486196517944336,29.797470171489767,29.47912058338744,29.50741892425838,6665600
2016-06-14,29.139554977416992,29.549872913967285,28.969770292325013,29.380085530196396,8446000
2016-06-15,29.019289016723636,29.44375339838645,28.990990671631785,29.18200045298367,7863900
2016-06-16,29.047584533691406,29.06173370485974,28.53822516634517,28.75753327143668,6458800
2016-06-17,29.08296203613281,29.23152431564305,28.85658064868512,29.047590450346423,8413000
2016-06-20,29.160764694213867,29.71256867750502,29.11831719600782,29.535708149662728,5766200
2016-06-21,29.26689338684082,29.36593489800474,29.06881036451298,29.34471248809212,4447800
2016-06-22,29.252742767333984,29.62061314680635,29.231520358470902,29.252742767333984,4486900
2016-06-23,29.87529563903809,29.88237157510596,29.627691850240453,29.655987498475252,7393700
2016-06-24,28.198657989501957,29.09003433652173,28.17743557844972,28.45333771684444,13335700
2016-06-27,27.37095260620117,27.77419466322757,27.229466248330308,27.7529722492828,12952100
2016-06-28,27.830278396606445,27.929977009879664,27.402995132685334,27.837398561875904,10100600
2016-06-29,28.257553100585938,28.30740239691425,27.87299905755362,28.19346076008055,6242200
2016-06-30,28.72045135498047,28.7275715209658,28.193469424802515,28.46408191416869,8765100
2016-07-01,28.528173446655277,28.6705984948995,28.42135194388844,28.59226580499864,4684400
2016-07-05,27.8160400390625,28.328776238994504,27.70209835945717,28.25044082490636,5955900
2016-07-06,27.915735244750977,28.00119081482625,27.509817891163955,27.581030413462745,6255700
2016-07-07,27.937088012695312,28.21482054903591,27.78754014183231,27.887238722407645,5510600
2016-07-08,28.549530029296875,28.67059183550184,28.37149604376037,28.37149604376037,6015200
2016-07-11,28.699079513549805,28.86287046331861,28.65635309326944,28.770294741655707,4417200
2016-07-12,28.962570190429688,29.09787777079204,28.862871583794234,28.88423751134704,6378100
2016-07-13,28.934083938598636,29.126360967961663,28.820142297114945,29.01953949056564,6239600
2016-07-14,29.375608444213867,29.560762599111133,29.31863626327126,29.46818687995405,12183400
2016-07-15,29.83138084411621,30.26578430049433,29.51091905526484,30.19457177700898,9964700
2016-07-18,29.824262619018555,29.97381055801883,29.71744111025618,29.71744111025618,8616200
2016-07-19,29.88835334777832,29.938202658054507,29.62486103165141,29.703196438252185,6774600
2016-07-20,29.88835334777832,30.0236582304446,29.83850403750213,29.98092908595772,4924300
2016-07-21,29.824262619018555,30.03790291995949,29.788656354959038,29.888354980959217,5118000
2016-07-22,30.045015335083008,30.0877444708814,29.788648670042,29.895467434663303,5021500
2016-07-25,29.88835334777832,30.03790127860689,29.760168630901354,29.98092908595772,4752800
2016-07-26,29.88835334777832,30.016538064655283,29.745925582739066,29.78153184485296,4879500
2016-07-27,29.91683006286621,30.05213763197332,29.817131464523957,29.88122380868441,5483500
2016-07-28,29.96667861938477,30.059254326254248,29.703186392373247,29.824250902515814,3934900
2016-07-29,30.03077888488769,30.15184343794528,29.85274485483761,29.85274485483761,5802700
2016-08-01,29.681825637817383,30.06637969015874,29.63197634028235,30.016530392623707,5488900
2016-08-02,29.5037899017334,29.681823872795476,29.290149679775475,29.5607593598502,5858300
2016-08-03,30.002294540405277,30.08775011143932,29.53228482484258,29.58925430000407,6723200
2016-08-04,29.93107795715332,30.094868926192703,29.881228649905832,29.93107795715332,4167700
2016-08-05,30.60049057006836,30.60049057006836,30.173207259399994,30.358364175664747,7568900
2016-08-08,30.579124450683597,30.728675102618805,30.52215497289512,30.614733430458102,4461200
2016-08-09,30.500791549682617,30.657459649967176,30.429576307204425,30.57912424153303,3698200
2016-08-10,30.265771865844727,30.61471960735901,30.223042739358533,30.579110643662588,3746800
2016-08-11,30.493667602539062,30.564880125947333,30.20881207573872,30.379725935135653,6211600
2016-08-12,30.4295711517334,30.458057243898477,30.18744480149679,30.251537150576578,4349200
2016-08-15,30.607608795166016,30.65033793849836,30.45806086837821,30.45806086837821,5279100
2016-08-16,30.63610076904297,30.71443618855779,30.42246044455608,30.436703495066418,4833000
2016-08-17,30.77851676940918,30.892458413268216,30.63608903543961,30.678818170605407,6347800
2016-08-18,30.77851676940918,30.828366068811064,30.65033208049488,30.700181379896765,4651800
2016-08-19,30.87109375,30.913822886913383,30.628967407323863,30.735788891315728,3977100
2016-08-22,30.88534164428711,30.906707574389603,30.7429138821328,30.76427981223529,3386600
2016-08-23,30.935190200805664,31.09186100702148,30.92807003533383,30.94231308286104,4160100
2016-08-24,30.79275894165039,31.091854729583908,30.74290692707848,30.97791308895452,8589800
2016-08-25,30.90669822692871,31.013516978800336,30.799876758474294,30.82123996553206,5771900
2016-08-26,30.90669822692871,31.070489153064766,30.75714762777597,30.942304477552582,6590700
2016-08-29,31.22004508972168,31.412322152593216,30.98503888512864,30.98503888512864,7241300
2016-08-30,31.390949249267575,31.405189575528432,31.177306323197637,31.205792408884648,5560600
2016-08-31,31.44080352783203,31.497772991659478,31.155948058945583,31.405194556783915,6994700
2016-09-01,31.355348587036133,31.519139548235746,31.09185901611357,31.51201938321984,5195500
2016-09-02,31.44791984558105,31.49064897566259,31.284128921809295,31.47640593230208,4264200
2016-09-06,31.23427963256836,31.462162893201903,31.05624566541198,31.419433763114583,6601800
2016-09-07,31.09185218811035,31.248522949887985,31.027759850708843,31.14882436205959,7524200
2016-09-08,31.22004508972168,31.291257609340697,31.03489090876214,31.07049716857165,6421700
2016-09-09,30.913820266723636,31.305494480524363,30.913820266723636,31.22003893052381,6671200
2016-09-12,31.19154930114746,31.26988467833245,30.50077938246179,30.757146003363577,9276000
2016-09-13,30.78563499450684,30.94942592745083,30.593357973246608,30.842607171139303,7898600
2016-09-14,30.56487846374512,30.93518954181357,30.529272203977342,30.735792313847284,6161400
2016-09-15,30.643205642700195,30.700177816308084,30.037891239321542,30.22304537038167,10474900
2016-09-16,30.336986541748047,30.472294093727005,30.20168170635181,30.429564964167955,9204900
2016-09-19,30.52215576171875,30.71443284781865,30.322758509430184,30.436700184535624,5492600
2016-09-20,30.63610076904297,30.799891775035725,30.49367298052367,30.750042456541586,7091700
2016-09-21,30.80699348449707,30.92805798300912,30.600476167288846,30.79987332179989,7157000
2016-09-22,30.742904663085938,31.00639689486078,30.714421292463435,30.885332382529647,4788200
2016-09-23,30.593358993530277,30.81412211046915,30.408204846465697,30.443811099757,5960300
2016-09-26,30.244421005249023,30.4651814574088,30.1945716956269,30.40108909981127,8526200
2016-09-27,30.550636291503903,30.56487662128581,30.03077460721465,30.137596096662207,6747800
2016-09-28,30.68683242797852,30.8015226486871,30.37860194711847,30.672495808586124,4482600
2016-09-29,30.45027732849121,30.99505783856287,30.35709068489972,30.579304147485544,7683900
2016-09-30,30.744176864624023,30.93771712914124,30.52196609510585,30.60798307896996,7613600
2016-10-03,30.579301834106445,30.6939920273771,30.428771468144312,30.600805390835347,5421900
2016-10-04,30.71550178527832,30.93054833370285,30.47178473357025,30.636654483210503,8364700
2016-10-05,31.28895378112793,31.403643990879623,30.83735988391736,30.86603311996286,6858500
2016-10-06,31.46098518371582,31.539835209247748,31.145587816018168,31.3606316001043,12170200
2016-10-07,31.32479858398437,31.5111691769366,31.102585073468035,31.460992373663665,6560300
2016-10-10,31.396472930908203,31.532669428906548,31.30328628508252,31.482489900823357,4797400
2016-10-11,31.030900955200195,31.425148390860095,30.866033945176248,31.389308212060172,6334700
2016-10-12,31.10974884033203,31.31045601529218,31.023729135837527,31.08107560550053,4025200
2016-10-13,30.737010955810547,30.83019488545145,30.37143397683843,30.83019488545145,6522000
2016-10-14,30.71550178527832,31.1384224710532,30.62231786435351,31.05240549234166,5785400
2016-10-17,30.622323989868164,30.87320803397492,30.47896050705102,30.737014229235683,6288100
2016-10-18,30.8302001953125,30.96639674343513,30.70117606017023,30.923386875433582,6297900
2016-10-19,31.23878669738769,31.6760413780875,30.715509547376765,31.6760413780875,10319300
2016-10-20,31.50399398803711,31.604347568315827,31.195763571792497,31.24594036193185,8553000
2016-10-21,31.432315826416016,31.460989063678344,31.18143183644665,31.24594525307169,6422300
2016-10-24,31.554174423217773,31.647361073282635,31.49682795104546,31.597184277347008,4919500
2016-10-25,31.425153732299805,31.66170114013036,31.38214386977114,31.51117072292629,5589600
2016-10-26,31.704708099365234,31.805061701644934,31.3247972523262,31.33913387185624,6012500
2016-10-27,32.04161071777344,32.35700813327087,31.812230282060675,31.84807046243508,12715600
2016-10-28,31.99860382080078,32.192144094043215,31.819400167920463,32.10612710630127,8548400
2016-10-31,32.084617614746094,32.227981069665674,32.034440815688804,32.12762747155111,7262200
2016-11-01,31.869577407836918,32.25665795961569,31.611523706651067,32.170640970697335,9440300
2016-11-02,31.539844512939453,31.77639465931332,31.482498028570923,31.711881231614164,7794000
2016-11-03,31.57568359375,31.883914100369925,31.48966660463747,31.547010352568897,5532800
2016-11-04,31.48965835571289,31.82656201525977,31.41797800596805,31.64735840646761,6284100
2016-11-07,32.199310302734375,32.206479979967305,32.00577276833612,32.01293971113837,6908800
2016-11-08,32.2423095703125,32.321159587386155,31.962752407545736,32.098946151490374,4516300
2016-11-09,33.45372772216797,33.64010100294568,32.34983559177619,32.57921598778721,14953300
2016-11-10,34.12754440307617,34.76550897563561,33.67595042806132,33.72612723257066,17493900
2016-11-11,34.335418701171875,34.378425824966044,33.99851498115456,34.0988685825817,9661100
2016-11-14,34.93037033081055,34.94470694897253,34.270902301941106,34.45727286918628,15228100
2016-11-15,34.90887451171875,34.93037807651492,34.43577694518655,34.59347431107667,13446700
2016-11-16,34.31391525268555,34.68665918494362,34.11320803317381,34.11320803317381,10900900
2016-11-17,34.894535064697266,34.959048488292545,34.39276429611515,34.47878128276529,9369800
2016-11-18,35.28877639770508,35.41063628077866,34.88019236430173,34.93753883502582,9090500
2016-11-21,35.324615478515625,35.4034655060993,35.131075247473014,35.3532887129879,5184100
2016-11-22,35.145416259765625,35.53249677025662,34.95904568124986,35.317452953682896,10580100
2016-11-23,35.37479782104492,35.48232109996857,35.181260294071265,35.33895763954723,7053400
2016-11-25,35.42497253417969,35.48231900874061,35.20992872343704,35.381965412689404,2631500
2016-11-28,35.05223083496094,35.44647827084897,34.9662111244749,35.224264787072265,5887300
2016-11-29,35.195594787597656,35.37479843261482,35.13108136601426,35.20993140733071,5726600
2016-11-30,35.56833267211914,35.675855934687334,35.432138909372235,35.53249249607313,6887100
2016-12-01,36.12028884887695,36.285155886013534,35.57551093200958,35.70453778445226,10571300
2016-12-02,35.840721130371094,36.1417818753398,35.72603093213111,36.09160508451168,5864800
2016-12-05,36.098777770996094,36.292318009374775,35.976917887084966,36.13461794822987,7209600
2016-12-06,36.3640022277832,36.392675466389065,36.00559494850157,36.22063876918444,9259100
2016-12-07,36.81559371948242,36.84426695618338,36.19196586060351,36.37116948833897,9559000
2016-12-08,37.20266342163086,37.48222056230835,36.95894644921953,36.95894644921953,10423500
2016-12-09,37.30303192138672,37.33170516125124,36.98046480898741,37.202678316291525,8612900
2016-12-12,36.97330093383789,37.34604214527973,36.88011426376199,37.19551172514773,6113400
2016-12-13,37.059303283691406,37.217000584861296,36.69372642560664,37.08080683966234,7358600
2016-12-14,37.08080291748047,37.489386844289584,36.69372254436777,36.77974222801249,9356800
2016-12-15,37.260013580322266,37.496563653714205,36.90160636688966,37.25284663920283,7602000
2016-12-16,37.087982177734375,37.43921973956414,36.99479553024823,37.43921973956414,11033300
2016-12-19,37.181182861328125,37.26003292673317,36.82994514107292,36.98047559261087,5439400
2016-12-20,37.66144561767578,37.761799239827965,37.31737488411208,37.367551695188176,6144300
2016-12-21,37.39621353149414,37.63276364406921,37.39621353149414,37.61126008271893,3871600
2016-12-22,37.38188171386719,37.475065641157904,37.252854869770125,37.26719148960654,5141200
2016-12-23,37.41771697998047,37.51090362945816,37.32453033050278,37.48223039355267,3773200
2016-12-27,37.49656295776367,37.55390668894496,37.41771293476318,37.51089957416649,3135800
2016-12-28,37.31639862060547,37.66232088167282,37.31639862060547,37.56142723250473,8111900
2016-12-29,36.9704704284668,37.38125321940512,36.783096931378125,37.29477335529845,4625700
2016-12-30,37.02092361450195,37.19388612161925,36.90561619280569,37.11461175373823,5184600
2017-01-03,37.08577728271485,37.64790326397112,36.833543203984334,37.20108468286955,7859000
2017-01-04,37.35963439941406,37.460528033634965,37.04974523765252,37.10019205476297,6199000
2017-01-05,36.7326545715332,37.301983390884246,36.60293338506192,37.21550351628527,6574900
2017-01-06,36.9704704284668,37.11460536807479,36.797510700253454,36.797510700253454,5078200
2017-01-09,36.804725646972656,36.96327439610841,36.6461768978369,36.79031187440159,4337900
2017-01-10,36.912818908691406,37.1722612558258,36.64616830238919,36.77588947595638,5231600
2017-01-11,37.3236083984375,37.33081390975146,36.93444480798277,37.12181834275031,7233100
2017-01-12,37.06415939331055,37.25153289465447,36.7686839975193,37.21549984622049,4539000
2017-01-13,37.25154113769531,37.57584414365383,37.107408912065736,37.19388879727268,7876400
2017-01-17,36.25700378417969,36.90560683584626,36.14890190099605,36.89840132656838,9415100
2017-01-18,36.43716430664063,36.51643588906936,36.02638163316514,36.33626795336451,6525400
2017-01-19,36.559696197509766,36.73986422691745,36.34349511204973,36.48763008540507,7151600
2017-01-20,36.89841079711914,37.22271378076237,36.675001464132514,36.71103451806047,8865700
2017-01-23,36.7326545715332,37.03533550720244,36.60293338506192,36.75427385289653,4858800
2017-01-24,37.30918884277344,37.47494306875703,36.76147659686247,36.82633718521652,6531700
2017-01-25,37.79925155639648,37.93617826339126,37.57584221947737,37.57584221947737,8731500
2017-01-26,38.15959548950195,38.181214776879735,37.792051109201246,37.79925937109145,6494700
2017-01-27,38.18840789794922,38.29650704112571,38.06589223670814,38.0803060056274,6893400
2017-01-30,38.087520599365234,38.12355640483057,37.74159831023661,37.9217663409794,7540800
2017-01-31,37.9433708190918,38.15236354870926,37.73437534032962,37.92174879598711,6736800
2017-02-01,38.21723937988281,38.65684978690363,38.174000814697685,38.31092751969359,8413800
2017-02-02,38.28931427001953,38.35417487716256,37.93618368687502,37.96501123430441,8700600
2017-02-03,38.67127227783203,38.94512849871795,38.519931767268666,38.77216595154094,9104100
2017-02-06,38.48390197753906,38.75775547256535,38.33255870495998,38.46227993908682,4904000
2017-02-07,38.33974838256836,38.67846233046885,38.24606025908105,38.64963754174957,4749000
2017-02-08,38.116336822509766,38.210024940429015,37.856894495438105,38.116336822509766,6398000
2017-02-09,38.58478164672852,38.65684775100551,38.137963002945085,38.23885939773679,5054000
2017-02-10,38.63523864746094,38.8081984429478,38.54875874971752,38.77937364313091,3892400
2017-02-13,39.00997924804688,39.22618031549994,38.83701674459699,38.83701674459699,5709800
2017-02-14,39.31265640258789,39.34868945216523,38.800979950811474,38.84422125979156,7728300
2017-02-15,39.73786163330078,39.90361589674434,39.29104567318569,39.4207668792104,8029400
2017-02-16,39.6441650390625,39.69461460767659,39.3126565827986,39.66578706822439,6204100
2017-02-17,39.55048751831055,39.55048751831055,39.27663133738988,39.47841865535984,6011600
2017-02-21,39.78110504150391,39.86037942147752,39.58652322224491,39.63697005511062,5639400
2017-02-22,39.8603744506836,39.93244056032012,39.5576907420893,39.60813756866404,4851700
2017-02-23,39.925235748291016,40.00450737062126,39.68020712243104,39.85316688824637,7268000
2017-02-24,39.70903396606445,39.90361577450545,39.52886593037606,39.63696785144752,7596100
2017-02-27,39.84596252441406,39.88920109254025,39.64417245962324,39.773893662293766,6378800
2017-02-28,39.63695907592773,39.773885763043126,39.50723789902034,39.665786615050585,6846600
2017-03-01,40.653114318847656,40.79724929317185,40.22791765662159,40.26395071291613,8689700
2017-03-02,39.98287582397461,40.76120277885951,39.91801524440087,40.75399452049295,6431200
2017-03-03,40.03333282470703,40.14864024561295,39.91081989274576,39.96847222862584,7278200
2017-03-06,39.84596252441406,39.96126995466054,39.66579449283231,39.83875426362904,6118700
2017-03-07,39.65858459472656,39.92523524984388,39.60093225655652,39.80271956387048,6678800
2017-03-08,39.54328155517578,40.22071516054588,39.50724849617967,40.00451130827685,7809600
2017-03-09,39.59373092651367,39.83875959220414,39.50004551694552,39.72345214653488,5236200
2017-03-10,39.59373092651367,39.8747954026572,39.36311603517516,39.8459678539533,6721900
2017-03-13,39.57930374145508,39.78829927502462,39.500032133098586,39.55047895166428,4690300
2017-03-14,39.63695907592773,39.67299212525858,39.32706990322066,39.49282412945891,6130500
2017-03-15,39.6081428527832,40.06937261393964,39.52886847211953,39.74507232816456,8487200
2017-03-16,39.65858459472656,39.90361321752747,39.5432771692406,39.68741213838452,6326200
2017-03-17,39.41355514526367,39.72344436022242,39.37752209101992,39.69461956631491,7085800
2017-03-20,39.08925247192383,39.52886010493505,39.053216670779975,39.204559887805495,7706000
2017-03-21,37.972206115722656,39.31265645530261,37.88572624679198,39.31265645530261,14211700
2017-03-22,37.90735626220703,38.11635185802763,37.29478599765287,37.79204882126226,8299600
2017-03-23,37.8929328918457,38.3181267081175,37.640696056921264,37.79203650838871,9022900
2017-03-24,37.8857307434082,38.18120618404099,37.63349661694575,38.0154519367734,5948800
2017-03-27,37.61907577514648,37.770416222579904,36.790301945428695,37.17946545238202,7300800
2017-03-28,37.98662185668945,38.318130329081626,37.474945377673855,37.525392199596766,7736000
2017-03-29,37.49394989013672,38.00111498247893,37.44323365728524,37.950398749627446,7380700
2017-03-30,37.76201629638672,37.95763720765014,37.41424670874965,37.50118841470216,9350100
2017-03-31,37.31282043457031,37.72579706099237,37.298329687208266,37.61711783769079,8197600
2017-04-03,37.34904861450195,37.39976485201279,36.83463948327627,37.39976485201279,7447400
2017-04-04,37.28383255004883,37.36353026496752,37.10994913915983,37.23311632488729,4158300
2017-04-05,36.97954177856445,37.70406256843996,36.92157878873722,37.60987409188445,6138700
2017-04-06,37.20414733886719,37.32007057302884,36.754945151969245,36.96505687758348,5855000
2017-04-07,37.05923080444336,37.21137947126708,36.85636315151823,37.00851458216879,6827500
2017-04-10,36.79116821289063,37.2693518676827,36.754942722827,37.1316938999098,6484800
2017-04-11,36.8708610534668,36.9433147878011,36.47961917954365,36.6969776187192,7344900
2017-04-12,36.73320388793945,37.00852255663097,36.58105518833128,36.7042223935872,7671500
2017-04-13,36.2115478515625,36.87086164350504,36.19705710446375,36.53033599625285,5888000
2017-04-17,36.617286682128906,36.67524691651548,36.16083774458773,36.31298646915883,4943600
2017-04-18,36.08113479614258,36.52309292033959,35.99419307519762,36.37818820954635,9699100
2017-04-19,36.00143814086914,36.4796217660709,35.900005669436574,36.320229066888686,7268600
2017-04-20,36.718711853027344,36.87810730254725,36.0521513254392,36.07388882735476,9535400
2017-04-21,36.59554672241211,36.957807145481766,36.55932123287069,36.62452821957633,9044700
2017-04-24,37.35627746582031,37.68230947531548,37.2548422755887,37.4577098922256,8060600
2017-04-25,37.76926803588867,38.02284919664788,37.624363330957394,37.76926803588867,9010900
2017-04-26,37.76201629638672,38.12427662898705,37.6750745904342,37.6750745904342,7652600
2017-04-27,37.61711883544922,37.88519352301621,37.312821424257535,37.8344772878176,5826700
2017-04-28,37.15342712402344,37.67508300388671,37.0809761468547,37.53742504173506,7707200
2017-05-01,37.45771789550781,37.66058279166285,37.26209698971821,37.34903869323794,4660200
2017-05-02,37.36354446411133,37.58814694934379,37.218639724084845,37.45773295970275,4368900
2017-05-03,37.82723236083984,37.86345785004343,37.13893701066097,37.26210699054637,6169300
2017-05-04,37.899681091308594,38.26194146309535,37.78375788288992,38.08081127720197,5629600
2017-05-05,37.50843811035156,37.97213093022851,37.27659170041309,37.877942462495,5373700
2017-05-08,37.67508316040039,37.67508316040039,37.39252047890981,37.48670896068255,4759000
2017-05-09,37.37077713012695,37.805488422465366,37.22587244473848,37.69680921746727,5731300
2017-05-10,37.653350830078125,37.71131106299835,37.23312739513832,37.31282513375296,5281600
2017-05-11,37.41426086425781,37.5446748544416,37.03750964415219,37.49395860979547,6575500
2017-05-12,37.24760437011719,37.254848360117954,36.94330704120296,37.21862288246056,6285500
2017-05-15,37.50843811035156,37.57364508588597,37.26210095431353,37.31281718374837,3975700
2017-05-16,37.646087646484375,37.79099231129667,37.46495750642566,37.6171061607566,4389300
2017-05-17,36.55932235717773,37.646103659808425,36.29849440233393,37.646103659808425,7012200
2017-05-18,36.76218032836914,37.02300545019989,36.40716398092892,36.523087178573824,5950500
2017-05-19,37.02301406860352,37.254860517863705,36.798414375535785,36.84913061357222,8110100
2017-05-22,37.269344329833984,37.29832582155438,36.85636774621343,37.146177135763054,4724800
2017-05-23,37.646087646484375,37.82721778654309,37.13892270155466,37.25484588063917,5061400
2017-05-24,37.52293395996094,37.76927114950339,37.35629450289216,37.69681740915114,3506700
2017-05-25,37.50843811035156,37.77651000362532,37.47945661815245,37.64609605255653,3825100
2017-05-26,37.269344329833984,37.53741898250689,37.22587485608056,37.39251428773208,6721800
2017-05-30,37.02301406860352,37.12444930850408,36.80565836790056,37.1027118037544,5923200
2017-05-31,36.8708610534668,37.13168896941556,36.537582167011095,37.10270747568184,6926200
2017-06-01,37.33455276489258,37.414250488328015,36.68972974993645,37.066480865559335,6171100
2017-06-02,37.16790771484375,37.43597957370157,36.90707984619209,37.02300303627874,5589500
2017-06-05,37.18965148925781,37.56639984774947,37.11719775583455,37.21863021879979,5388500
2017-06-06,36.86362838745117,37.02302112430167,36.776683879538304,36.91434463515291,5475200
2017-06-07,37.0519905090332,37.20413920237796,36.88535106910886,37.01576502449788,5235400
2017-06-08,37.51568603515625,37.80549545988062,36.96505144477296,37.05199316665927,7334300
2017-06-09,38.31989669799805,38.41408515627548,37.72578998669784,37.7475247217515,8279900
2017-06-12,38.290924072265625,38.7328822128405,38.290924072265625,38.42133804042961,9095600
2017-06-13,38.35612106323242,38.59521419718343,38.240197873269565,38.42132803032571,7565500
2017-06-14,38.2836799621582,38.34164019014819,37.65334762719388,38.066324270497496,7405300
2017-06-15,37.95039749145508,38.32714861145234,37.89243450507367,38.0953021935813,7117200
2017-06-16,37.870704650878906,38.09530710633052,37.68232768467363,38.07356960172058,9778900
2017-06-19,38.08805847167969,38.28367942055512,38.01560749676028,38.01560749676028,4749500
2017-06-20,37.92142105102539,38.19673974536676,37.85621406457159,37.93591179955153,5059000
2017-06-21,37.67508316040039,38.06632507192318,37.631610915621984,38.06632507192318,4503000
2017-06-22,37.16790771484375,37.55914951782124,37.07371925920246,37.55914951782124,6361400
2017-06-23,36.78392028808594,37.26934788346583,36.64626233502913,37.24761314451671,8689900
2017-06-26,36.95779800415039,37.16790966087934,36.78391459182968,36.899837787985824,5767800
2017-06-27,37.25485610961914,37.566400257166215,37.00852170477736,37.102707413513095,5204000
2017-06-28,37.86678695678711,38.01976869327953,37.560823483802274,37.560823483802274,5272000
2017-06-29,37.72108840942383,38.60256054946368,37.611816932828965,38.50785637991366,10086700
2017-06-30,37.82308197021485,38.01249033804791,37.72838056525848,37.87407866844696,6849700
2017-07-03,38.30387115478516,38.59526446512661,37.96148116670091,37.99062133142278,3582800
2017-07-05,38.36216354370117,38.52243173270387,38.121764039157256,38.39858737421266,5896900
2017-07-06,38.01249313354492,38.4787248748673,37.99063938909556,38.33302676096396,5161900
2017-07-07,38.21645736694336,38.282021359593365,37.96148782828199,38.16546345921108,4599400
2017-07-10,38.10719299316406,38.22375091524668,37.94692480819042,38.08533647223853,3343700
2017-07-11,37.71379470825195,38.12174867081502,37.66280081030145,38.12174867081502,6059400
2017-07-12,37.80849838256836,37.96148007451814,37.560812547476765,37.6555139116596,4519700
2017-07-13,38.041629791259766,38.04891344574864,37.757520023871606,37.88864525739219,6451400
2017-07-14,37.939640045166016,38.056197963842536,37.44426819605082,37.67738403340386,5587600
2017-07-17,37.90321350097656,37.9687775040266,37.677384096328645,37.910499934071005,4758000
2017-07-18,37.61182403564453,37.79394597665526,37.49526610455607,37.64824786805462,5034800
2017-07-19,37.939640045166016,38.44957920252579,37.72109151605756,37.93235361208375,6201500
2017-07-20,38.23103332519531,38.49328933608504,38.0780515784963,38.16546932247288,8650400
2017-07-21,37.9687728881836,38.23102886850143,37.79393742061147,38.10718731055115,6528000
2017-07-24,38.45686721801758,38.58070879591217,37.90321499730265,37.95420891513691,8016200
2017-07-25,38.73368835449219,39.12707236603036,38.71183461350449,38.89395653229513,7446100
2017-07-26,38.19460678100586,38.97408832519294,38.099902610705065,38.87210050131198,6309000
2017-07-27,38.19460678100586,38.23831703936618,37.82307653234262,38.18003669488576,6963400
2017-07-28,38.29659652709961,38.40587078900529,37.99791669404532,38.17275495730243,5283300
2017-07-31,38.4495849609375,38.74826484596294,38.37673729296462,38.37673729296462,5333100
2017-08-01,38.57342529296875,38.74097713493359,38.28202909366288,38.58070894741935,9790900
2017-08-02,38.6025619506836,38.63169934479068,38.34030595100079,38.44229377777524,3853500
2017-08-03,38.376731872558594,38.50785987955732,38.26745760707299,38.47143605071545,3934200
2017-08-04,38.6972541809082,38.95222646642484,38.44228467435077,38.63169019651355,5571700
2017-08-07,38.6972541809082,38.78467467940721,38.5224187418286,38.71911069501255,3720900
2017-08-08,38.74825286865234,39.08335926304129,38.53699358524831,38.60984123070356,3678100
2017-08-09,38.77739334106445,38.78467977304257,38.44228972301966,38.49328363102824,3804000
2017-08-10,38.15817260742188,38.63168777259808,38.136316094688894,38.53698640693825,5639700
2017-08-11,37.91777801513672,38.31844562868218,37.78665002830953,38.172750335727166,4448700
2017-08-14,38.45686721801758,38.58799522929427,38.0853369264136,38.0853369264136,4156500
2017-08-15,38.59527969360352,38.83568197897544,38.522432032014535,38.71912405305697,3430700
2017-08-16,38.50057220458984,38.76282821012831,38.35487689392174,38.68998055479425,3173400
2017-08-17,37.67738723754883,38.449582472339465,37.648247060661575,38.36944837537963,5465500
2017-08-18,37.64824676513672,37.84493878914138,37.42970099811827,37.56082901412138,5299700
2017-08-21,37.64095306396485,37.77936748688832,37.47340124896876,37.655523149480985,5131100
2017-08-22,37.837646484375,37.92506700078584,37.64095449089027,37.684664749095695,3115300
2017-08-23,37.74294662475586,37.93235219341143,37.582678450459696,37.63367236428849,3440000
2017-08-24,37.7720832824707,37.961491626392245,37.69195197584526,37.8886411945148,2457400
2017-08-25,37.93235397338867,38.180039900305474,37.86678996982364,37.946924060732016,3130500
2017-08-28,37.85221099853516,38.09261321483769,37.69922928577501,37.99790905881312,2397400
2017-08-29,37.5171127319336,37.61181690140449,37.27671048149819,37.41512490894637,5577500
2017-08-30,37.58267974853516,37.72837784120398,37.5025456586193,37.53896948704652,3370400
2017-08-31,37.33498001098633,37.786641430083904,37.2912697656702,37.75021761513327,5196900
2017-09-01,37.64824676513672,37.84493878914138,37.32771315877368,37.42970099811827,3656500
2017-09-05,37.05816650390625,37.47340424798907,36.890614675500885,37.43698042076354,6496200
2017-09-06,37.08730316162109,37.31313531534771,36.963461605001726,37.18929097976872,4281400
2017-09-07,36.3223991394043,37.14559106322296,36.08928328505993,37.07274062189023,6565400
2017-09-08,36.40980911254883,36.68663517256006,36.20583347830876,36.24225730171455,6052000
2017-09-11,37.06546401977539,37.19659206016418,36.72307382776458,36.81777803003664,4654200
2017-09-12,37.56810760498047,37.83764725533982,37.22571752279438,37.25485769552508,5050800
2017-09-13,37.91050720214844,37.95421469325459,37.39328151168177,37.42970534725708,6755700
2017-09-14,37.61910629272461,38.005203904053786,37.54625863061124,37.888645977296285,4444600
2017-09-15,37.74294662475586,37.75023027860573,37.41512662231365,37.50983079612137,6146000
2017-09-18,38.15817260742188,38.23102023930775,37.772072377341495,37.88134660412933,4373100
2017-09-19,38.72640228271485,38.8138200201679,38.11447256262392,38.172752906899134,5464700
2017-09-20,38.98866271972656,39.127074384722974,38.44229693516586,38.77740061607934,5409900
2017-09-21,39.148921966552734,39.22176960960947,38.901236089616624,39.04693137573008,5870200
2017-09-22,39.097930908203125,39.12707108120313,38.64626934254247,38.95951925489288,6241000
2017-09-25,39.054229736328125,39.19264141199684,38.80654378373759,38.97409563711349,4482000
2017-09-26,39.04693222045898,39.163490119247,38.87209676175672,39.05421865229796,5163900
2017-09-27,39.44760894775391,39.5933042604536,39.2363468537954,39.45489260180491,7605600
2017-09-28,39.17656707763672,39.46958665025986,38.89819876308891,39.33772812202362,7642800
2017-09-29,39.25713348388672,39.594103915127455,39.015392004230925,39.17655299066812,7211900
2017-10-02,39.14726638793945,39.22784691389246,38.76634204353367,39.03738613891051,8323200
2017-10-03,39.16923522949219,39.29376670725516,38.76633269686799,39.1033059781938,6814400
2017-10-04,38.9348258972168,39.12528665153182,38.89819635707328,38.99342813145159,6523300
2017-10-05,39.38167190551758,39.55748417585329,38.78831143132216,38.978772162614725,5721500
2017-10-06,39.6893310546875,39.73328480800735,39.31573113756984,39.53549710972866,4492800
2017-10-09,39.44760894775391,39.740628524698906,39.36703121881373,39.740628524698906,2858900
2017-10-10,39.72597122192383,39.75527373404818,39.42562745875265,39.454929970877,3263600
2017-10-11,39.74795150756836,39.81388077058711,39.38167844511791,39.63807126549825,4969400
2017-10-12,39.55015563964844,39.8065455950992,39.47689937063327,39.64538459770676,4233900
2017-10-13,39.65272903442383,39.87981658198886,39.24250213111985,39.41098743217984,6315700
2017-10-16,39.74795150756836,39.86515877577484,39.550166512953815,39.64539549719291,5105300
2017-10-17,39.46958923339844,39.85051358496192,39.374357446897086,39.81388404015544,5299600
2017-10-18,39.02272415161133,39.49155312523321,38.34145617605419,39.49155312523321,10619900
2017-10-19,39.25713348388672,39.49154793991861,38.80295582463004,38.80295582463004,6171100
2017-10-20,39.62340927124024,39.72596525382694,39.42562153577689,39.66736303282352,7021600
2017-10-23,39.65272903442383,39.73330956850516,39.491567966261165,39.62342651395022,4965400
2017-10-24,39.71133041381836,40.01167425600929,39.57214763627108,39.87249147846202,6643300
2017-10-25,39.6600456237793,39.95306518315839,39.35970183291447,39.8798088960928,5246900
2017-10-26,39.77724456787109,40.03363732730488,39.71864234491891,39.90177883261117,5726500
2017-10-27,39.87979888916016,39.89445014289687,39.52817718280173,39.7113136628493,4862900
2017-10-30,39.74795150756836,39.887137059742216,39.58679326031052,39.71865178634801,4243800
2017-10-31,39.83586120605469,40.15818051242025,39.56481711320448,39.64539763840633,5882000
2017-11-01,39.90910339355469,40.099566907221245,39.74794238882776,39.98235966590377,4642600
2017-11-02,40.202125549316406,40.348635309250106,39.60143804858534,39.8285255217634,4803800
2017-11-03,40.03364181518555,40.136197812679455,39.80655153899093,39.99701227798799,5218600
2017-11-06,40.18014144897461,40.26072194498838,39.78456878722466,39.95305400868944,5501700
2017-11-07,39.15458679199219,40.246078837719125,39.10330879223006,40.14352283819487,7539300
2017-11-08,38.59052276611328,39.14725648592029,38.55389602570144,39.07400300509661,6242100
2017-11-09,38.1729736328125,38.50261990142185,37.93123210435188,38.39273688040497,6012100
2017-11-10,37.80669784545898,38.35610732131176,37.78472236064603,38.25355133292981,5514800
2017-11-13,37.85798645019531,37.953218235144135,37.462410846046566,37.68217413909302,5844000
2017-11-14,37.96786117553711,37.97518540610917,37.60158816922604,37.63821491096889,5472700
2017-11-15,38.0997200012207,38.22425428665544,37.61623970514773,37.660193475496726,5389500
2017-11-16,37.953216552734375,38.27553584861844,37.93123826829468,38.22425784232875,4449100
2017-11-17,38.004493713378906,38.12170098149618,37.74077666150461,37.78473043496423,3297600
2017-11-20,38.04111099243164,38.11436446885681,37.90192826944742,38.11436446885681,3273200
2017-11-21,38.01182174682617,38.20228532309205,37.82868519742389,38.20228532309205,5194500
2017-11-22,38.02646255493164,38.129018547299744,37.97518455874759,37.99716004441469,4513100
2017-11-24,37.96786117553711,38.14367065367931,37.87262941145268,38.09239265635106,1466900
2017-11-27,37.88728713989258,38.08507493242457,37.86530885553897,38.01914566824723,3727900
2017-11-28,38.83958435058594,38.883538111034206,37.87262397625109,37.916574942258485,5608900
2017-11-29,40.11422348022461,40.25340902861718,39.09598484138581,39.10331186732312,10938000
2017-11-30,40.3999137878418,40.96397175948506,40.13619677570448,40.34863579041968,8662900
2017-12-01,40.21678161621094,40.5757276368288,39.33772574588144,40.45852037374764,7258900
2017-12-04,40.75153732299805,41.33757360093241,40.75153732299805,40.85409332233139,6470200
2017-12-05,40.15817642211914,40.876071254840895,40.04096915952052,40.75153976089805,6004100
2017-12-06,39.989688873291016,40.31200812842173,39.872481617385176,40.09957189827086,3822100
2017-12-07,40.21678161621094,40.34864013648244,39.72597428087999,40.18015207601429,4404400
2017-12-08,40.55375671386719,40.55375671386719,39.93109078816406,40.36329314339164,4371900
2017-12-11,40.48781967163086,40.71490994837794,40.37793664865358,40.407239160706375,3892000
2017-12-12,40.65629959106445,40.8833898380223,40.03363666104977,40.03363666104977,6037300
2017-12-13,39.99702453613281,40.744222054011445,39.97504904263239,40.612363504124495,5046600
2017-12-14,39.66736602783203,40.18014597948204,39.61608803266703,40.150846263988576,4467600
2017-12-15,39.92376327514648,40.23143130217341,39.7259754887256,39.9677170480539,13109900
2017-12-18,40.128868103027344,40.407236359347365,40.03363913711986,40.24607534867138,5325300
2017-12-19,39.967716217041016,40.385267270433886,39.95306495970984,40.35596475577154,5964900
2017-12-20,39.74795150756836,40.42189539558687,39.6087687498362,40.33399064304243,5688800
2017-12-21,39.94572830200195,40.15084306073898,39.7479405673846,40.04096005447125,3926400
2017-12-22,39.89445495605469,40.18014745228638,39.6673674818404,40.15084773571893,3800800
2017-12-26,39.5648193359375,40.04829971986848,39.43296358981269,39.91644397374368,2807000
2017-12-27,39.608768463134766,39.725975730492856,39.48423696413503,39.62341972085974,3754200
2017-12-28,39.74136734008789,39.78556353993708,39.564574110591984,39.71926643013025,3216000
2017-12-29,39.46881103515625,39.88869176446363,39.46881103515625,39.86659085605655,3949800
2018-01-02,39.80029296875,40.02865028424979,39.62350256516476,39.8150259707209,5367700
2018-01-03,40.19070816040039,40.34540045705644,39.74136146151436,39.77819255928495,5043800
2018-01-04,40.50009536743164,40.89787799310367,40.22017394825138,40.28647105253005,7583600
2018-01-05,40.75054931640625,40.88314352019328,40.47799581308079,40.83157941983529,6863200
2018-01-08,40.80948257446289,40.90524287233239,40.6179563586583,40.64005445662313,6817400
2018-01-09,41.089393615722656,41.45034507286682,40.868404246669954,40.91996833911451,6392100
2018-01-10,41.39878845214844,41.76710507038813,41.13360003741061,41.24409614689564,7121800
2018-01-11,41.75236892700195,41.796567929476986,41.41351833812446,41.60504172878444,6146900
2018-01-12,41.97335815429688,42.076486349633925,41.68607166442007,41.95862515352978,5339800
2018-01-16,42.11332702636719,42.49637670334894,41.93653659701143,42.3858833875099,8840200
2018-01-17,41.50191116333008,42.01755492263245,40.78737611929541,42.01755492263245,9782100
2018-01-18,41.3619499206543,41.84812765697577,41.31775092279515,41.634503382371655,9218100
2018-01-19,41.590309143066406,41.63450814598258,41.25145855080689,41.6124100495408,10529300
2018-01-22,42.17961120605469,42.17961120605469,41.64923727058647,41.64923727058647,7687200
2018-01-23,42.12067794799805,42.34166730059391,41.83339150862021,41.88495559722484,5449700
2018-01-24,42.54056930541992,42.68052860840604,42.21645169375233,42.21645169375233,5612700
2018-01-25,42.70998764038086,42.84258182578995,42.48899826804315,42.680521641393874,5859400
2018-01-26,42.80575180053711,42.80575180053711,42.35640513988274,42.695255706594025,6057600
2018-01-29,42.71736526489258,43.09304700234467,42.67316625635522,42.75419636699055,6004000
2018-01-30,42.282745361328125,42.79102124037403,42.275377455961234,42.45953574967776,5069000
2018-01-31,42.091217041015625,42.46690151488258,42.00282185129557,42.216446135648745,7893000
2018-02-01,42.32694625854492,42.32694625854492,41.774471315981145,41.93653153167703,5357600
2018-02-02,41.91443634033203,42.57740463137172,41.82603832016696,42.164891777400285,7111300
2018-02-05,40.234901428222656,41.929157092773714,40.131773237950426,41.52400942669035,11580900
2018-02-06,40.234901428222656,40.7358121895727,39.05628952506516,39.373042000919824,17726400
2018-02-07,40.36750793457031,41.01574608409839,40.07285627389994,40.14651848655921,11005300
2018-02-08,38.783729553222656,40.36012376341829,38.754263558071045,40.36012376341829,10887500
2018-02-09,39.59403610229492,39.837126416948,38.20916484344269,39.277283588673946,12512500
2018-02-12,39.75609970092773,40.19807855247559,39.42461415725034,39.82239680966322,7598600
2018-02-13,39.88132095336914,40.04338115639663,39.46880816025576,39.55720335734682,5558100
2018-02-14,40.74317932128906,40.80947641521035,39.69715881831229,39.8002870066271,7157700
2018-02-15,40.5884895324707,41.28092656169193,40.44116513564578,40.95680614459851,7054600
2018-02-16,40.96417617797852,41.19253069093664,40.41906632730409,40.44116723600186,6223500
2018-02-20,40.448524475097656,41.29565368644666,40.32329819361133,40.883138127958325,6040000
2018-02-21,40.5884895324707,41.118866353145215,40.36750012720057,40.47062832899112,6667500
2018-02-22,39.977088928222656,40.94944464482677,39.90342391330841,40.85368153045474,6397900
2018-02-23,40.87578582763672,40.89051602180738,40.080220460826176,40.10231856211539,5526600
2018-02-26,41.13359069824219,41.14095579252034,40.38959253473335,41.008361615256256,5353900
2018-02-27,40.52219009399414,41.325120374549336,40.52219009399414,41.13359698369761,5147400
2018-02-28,40.04337692260742,40.98626641864068,40.03600901777647,40.77264213906054,4705800
2018-03-01,39.166778564453125,40.2054338796824,39.01208629581426,40.0654717994578,8239900
2018-03-02,39.34357833862305,39.41724053318523,38.52591505283291,38.87949864479004,5658900
2018-03-05,39.75609970092773,39.88132601185419,38.879504284310514,39.019466408325975,5205900
2018-03-06,39.90341567993164,39.95498258474817,39.395139827045696,39.8002874903634,5006500
2018-03-07,39.527740478515625,39.75609779991471,39.01946454253646,39.46881127914246,6123500
2018-03-08,39.73398971557617,39.81501980885934,39.3435750588835,39.6676926219838,4951500
2018-03-09,40.7210807800293,40.78737787779839,39.903417510887984,40.02128151583975,6075500
2018-03-12,40.52219009399414,40.89050668489042,40.4190618981484,40.66951729235917,3647700
2018-03-13,39.8886833190918,40.80947469016933,39.82238622797292,40.735809694463775,6132800
2018-03-14,39.24044418334961,40.139137432706285,39.129948098253166,40.065472439297935,6281400
2018-03-15,39.3067512512207,39.461443561601776,39.10049483737927,39.40987945814142,5587300
2018-03-16,39.23307800292969,39.77082264332704,39.21097990895226,39.306742999574944,10911500
2018-03-19,38.89422607421875,39.26991051875487,38.57010853052847,39.1962455247124,8712100
2018-03-20,38.74691390991211,39.29938893416009,38.717450710910846,39.07839948646755,4444500
2018-03-21,38.71006393432617,39.19624160627465,38.55537167734982,38.88685709232195,6881500
2018-03-22,37.31047439575195,38.44488743956392,37.222076384520285,38.3343941405735,9422900
2018-03-23,36.27919387817383,37.494640076278266,36.205531664363455,37.34731283862419,10526500
2018-03-26,37.78191757202149,37.88504577060628,36.69906586681587,37.00108536697104,9001800
2018-03-27,36.72854232788086,37.8776886508014,36.44862084484717,37.82612453682591,8622100
2018-03-28,37.10647964477539,37.41773978361677,36.58771463140102,36.82486386716498,7721000
2018-03-29,37.42515563964844,37.66971741962053,36.980501455934906,37.210238225801874,5399300
2018-04-02,36.81747055053711,37.52150889388766,36.335759361128005,37.388112036114165,8787100
2018-04-03,37.25470733642578,37.32140575127288,36.64701192428228,36.92862776775252,6682800
2018-04-04,37.55855178833008,37.706770789264056,36.65441842697087,36.69147247044378,6786500
2018-04-05,37.85499572753906,38.11437689957427,37.69195451823537,37.8920497768237,6911200
2018-04-06,37.262115478515625,37.743826546664735,36.943445601501736,37.45480103659224,7811300
2018-04-09,37.49184799194336,38.18847352107781,37.351041516162255,37.43997177312706,5628500
2018-04-10,37.85499572753906,38.08473252932946,37.55114517309391,37.8772275917013,6220000
2018-04-11,37.462215423583984,37.72159942636054,37.33623108881123,37.53632635025277,4345100
2018-04-12,37.97356414794922,38.173656546648765,37.64748178286967,37.76605641734161,5496100
2018-04-13,37.7586555480957,38.44787165519926,37.53632840997522,38.410817603353,7670500
2018-04-16,38.099552154541016,38.18848243225746,37.847580678475616,38.04767592361954,8190400
2018-04-17,37.81053924560547,38.45528892146828,37.66973268999325,38.32930455492738,7813900
2018-04-18,37.05461502075195,37.87722792653949,36.91380850140849,37.84017387692729,12921300
2018-04-19,37.57337951660156,37.640077935513794,37.03979216530373,37.05461435028897,10690900
2018-04-20,37.37327575683594,37.85498676460968,37.150948686725776,37.677123412296304,7927200
2018-04-23,37.45479965209961,37.6326601930886,37.31399032785414,37.4103331033312,7893500
2018-04-24,37.36585998535156,38.01061210745057,37.12130107772649,37.54372332211311,6946600
2018-04-25,37.64007568359375,37.914279021808966,37.05461213339588,37.31399328751263,7252700
2018-04-26,37.63267135620117,37.87723320640919,37.48445513709189,37.56597292678473,5678900
2018-04-27,37.98096466064453,38.121771121651456,37.51407591324448,37.5437202714696,5177900
2018-04-30,37.38810729980469,38.2477742593077,37.38810729980469,38.106964912249374,7772200
2018-05-01,37.58819961547852,37.6252536623638,36.99532355714376,37.23988535526323,4410400
2018-05-02,36.95085906982422,37.50667824277093,36.884160655988914,37.45480201279264,6130900
2018-05-03,37.03979110717773,37.15836575662959,36.42468599659703,36.86934022528085,8468400
2018-05-04,37.30658721923828,37.5956127695217,36.63960300547437,36.78782203376,6072200
2018-05-07,37.32140350341797,37.45480032507771,37.0916639045501,37.43256563677284,5572700
2018-05-08,37.29917526245117,37.61784233729918,37.10648968933268,37.29917526245117,5832400
2018-05-09,37.66972732543945,37.8772322888,37.29918113255672,37.373289240316026,4784500
2018-05-10,37.921688079833984,37.99579899911365,37.47703387232602,37.72900534379187,5660000
2018-05-11,38.16625213623047,38.43304580737367,38.00321093118903,38.14402027264943,5037500
2018-05-14,37.92911148071289,38.31447989053968,37.832768671495366,38.299657702425954,4730100
2018-05-15,37.88463592529297,38.069908992179045,37.75865159679091,37.83275969272828,6915600
2018-05-16,37.78829574584961,37.99580067489956,37.625254543286005,37.81052760909278,5486100
2018-05-17,37.9068717956543,37.94392584477638,37.50668128023321,37.66230998277161,4636100
2018-05-18,37.462215423583984,37.877228131800805,37.40292950929175,37.877228131800805,4532000
2018-05-21,37.57337951660156,37.87722724119222,37.56596701058758,37.64748761448505,4675800
2018-05-22,37.840179443359375,38.21813532827096,37.61043977869975,37.684547888825726,6224400
2018-05-23,37.75122833251953,37.81051705400728,37.291752049156855,37.66971058103664,5295500
2018-05-24,37.5511360168457,37.6845328233779,37.23987868629862,37.51408197659611,5957600
2018-05-25,37.45479965209961,37.5437299225941,37.31399032785414,37.35845687662255,4346000
2018-05-29,36.20976257324219,37.09907371059288,35.93555927179847,37.06201684179488,11606400
2018-05-30,36.93603515625,37.02496542818496,36.36539382616945,36.56548905830489,9303100
2018-05-31,37.04720687866211,37.1213149809611,36.49879730970373,36.81005473181097,13759800
2018-06-01,37.61783981323242,37.88463346454596,37.42515708008512,37.42515708008512,10247200
2018-06-04,37.72900390625,37.8920450954106,37.5733752222562,37.77347045612355,4431600
2018-06-05,37.95873641967773,38.09954289409132,37.50666980834743,37.66229846328485,7965800
2018-06-06,38.3663444519043,38.470096910061805,37.92168742503182,38.084728617589306,7219400
2018-06-07,38.41081619262695,38.677607052347255,38.2107209275546,38.49233397287761,6164000
2018-06-08,38.573848724365234,38.59608341291533,38.23294698838287,38.28482321659573,4811300
2018-06-11,38.12921142578125,38.70726269743613,38.10697672737968,38.68503082607823,5942000
2018-06-12,37.96615219116211,38.3070539168099,37.81793318917192,38.12919337605554,5159200
2018-06-13,37.85499572753906,38.314472158162594,37.70677670335777,37.96615787539297,7445800
2018-06-14,37.74382781982422,38.06249770758735,37.60302131266662,38.01062147721126,10199500
2018-06-15,38.07732772827149,38.10696927527084,37.491864062626746,37.6326705987638,17352600
2018-06-18,38.003204345703125,38.077315256535215,37.469619922923,37.66971514160636,7007400
2018-06-19,38.27741241455078,38.38857454586769,37.57337427470771,37.61783799641755,13592000
2018-06-20,37.99580001831055,38.58867325323853,37.97356815545155,38.55902888473149,7444900
2018-06-21,37.78829574584961,37.94392444263708,37.4844480310082,37.884635704598445,6484000
2018-06-22,37.61783981323242,38.09214120836897,37.58078576767053,38.06249684110247,7145200
2018-06-25,37.48444366455078,37.56596142929418,37.07684070562228,37.521497707987294,6741200
2018-06-26,37.20283889770508,37.54374072186127,36.9805117439964,37.44739791867169,6671600
2018-06-27,36.92862701416016,37.30658280588582,36.90639232496983,37.0694335195006,6961200
2018-06-28,36.99573516845703,37.234320904421175,36.71241638460356,37.010647132475576,5795400
2018-06-29,37.29396438598633,37.81587168875157,37.27159786466522,37.39834527770618,9521800
2018-07-02,37.584739685058594,37.60710620587104,36.97336346674706,36.99572998755951,5063800
2018-07-03,37.25667953491211,37.756217386814974,37.11501733964703,37.60710063377223,4506600
2018-07-05,37.22685623168945,37.5549108184814,37.13738731604902,37.48035386280863,5334300
2018-07-06,37.43563079833984,37.53255714922793,37.107576099244106,37.15231199446165,4085100
2018-07-09,38.30049133300781,38.5017985241214,37.502719970538514,37.56236780975684,6686500
2018-07-10,38.28557968139648,38.44960839640178,38.03953945305408,38.38250599882375,6618900
2018-07-11,38.21848678588867,38.50180840656624,37.89043211848104,38.12156328852935,6216200
2018-07-12,38.29304122924805,38.65837433237477,38.12901249648414,38.56145084861959,6453800
2018-07-13,37.9575309753418,38.248307128500585,37.73385723015549,38.06191186681767,6975600
2018-07-16,38.24829864501953,38.34522495596284,38.03953690837118,38.06190342467912,6932600
2018-07-17,38.24829864501953,38.53162017630326,38.15882973562243,38.32285843965491,9600900
2018-07-18,37.81587219238281,38.3228675396308,37.62947692778182,38.0246339786028,11592600
2018-07-19,38.29304122924805,38.48689104092425,37.771133952044025,37.771133952044025,12128400
2018-07-20,38.069374084472656,38.33778090614077,37.90534532331463,38.19612151324652,9167100
2018-07-23,38.67328643798828,38.69565580246314,38.04699827184344,38.09918871534168,7739700
2018-07-24,38.50926208496094,38.94915501496966,38.41233575281231,38.59127361075412,5939900
2018-07-25,38.48689270019531,38.58381903229509,38.28558547698777,38.42724769563343,7672600
2018-07-26,39.03861618041992,39.172820969270255,38.67328028984613,38.69564965076479,9397000
2018-07-27,39.21757125854492,39.31449761406572,38.97898549431423,39.03863335745523,7241600
2018-07-30,39.50088882446289,39.74693196815844,39.23247915649189,39.23247915649189,7139600
2018-07-31,39.523250579833984,39.77674825297868,39.43378164936115,39.53816254227379,9379300
2018-08-01,39.22501754760742,39.89603875278415,39.0535342559234,39.74692482552211,5685600
2018-08-02,39.18027877807617,39.24738117806967,38.87459069903152,38.94169309902501,4438100
2018-08-03,39.44868087768555,39.4561354344161,39.06097851189972,39.11316894150886,5313500
2018-08-06,39.46360397338867,39.657453788910566,39.366677643544776,39.38158960537967,5387700
2018-08-07,39.73946380615234,39.80656620497992,39.5083355334306,39.53815660966962,4620100
2018-08-08,39.90349960327149,40.104806835467016,39.5754449531192,39.73201629677146,4539700
2018-08-09,39.8736686706543,40.037697388989045,39.79165431148692,39.91094714913976,3829000
2018-08-10,39.59035110473633,39.75437983960253,39.32939888487272,39.46360369627855,5492000
2018-08-13,39.04607772827149,39.582896979778255,39.04607772827149,39.44123760803771,5338400
2018-08-14,39.64253616333008,39.67236008273892,39.09080787509394,39.09080787509394,4297300
2018-08-15,39.21010208129883,39.52324471355824,39.03861880494264,39.31448295871864,6182000
2018-08-16,39.63508605957031,39.79911479058626,39.36667644305906,39.37413384583205,4969900
2018-08-17,39.73200607299805,39.81402042547385,39.55306540903582,39.597801286067714,4457100
2018-08-20,40.12716293334961,40.14952944972777,39.69472749976799,39.70963661457653,5189900
2018-08-21,40.40303039550781,40.641616070432775,40.14953276037934,40.19426864098987,5228600
2018-08-22,40.21663284301758,40.34338307536469,40.11970937352527,40.32101655843038,3238300
2018-08-23,40.112266540527344,40.35085228836569,39.978061701847466,40.29866183378645,4214600
2018-08-24,40.268836975097656,40.3583087615974,40.067532565889216,40.17936803276431,4568300
2018-08-27,40.60433197021485,40.76090326442554,40.35083437018388,40.358291771335935,6070300
2018-08-28,40.41048431396485,40.79818671333607,40.36574843721093,40.63415800940372,4276700
2018-08-29,40.507423400878906,40.641625385137225,40.32848268159074,40.42540902304543,4476500
2018-08-30,40.29119491577149,40.53723514844392,40.20172315464915,40.42539971328939,6298700
2018-08-31,40.34339141845703,40.36575794001679,40.104805707932925,40.16445071348095,5159400
2018-09-04,40.44031524658203,40.5148722099392,40.14208170482168,40.41794588224221,4367600
2018-09-05,40.507423400878906,40.72363976297071,40.38067313218183,40.403039655530506,5325300
2018-09-06,40.507423400878906,40.63417082540975,40.321028121863264,40.52233252033386,3696400
2018-09-07,40.40303039550781,40.72363042946928,40.1719021227674,40.71617587145032,4938100
2018-09-10,40.35829544067383,40.55960262760389,40.328471521684456,40.47758827246585,2995700
2018-09-11,40.41048431396485,40.54468910006124,40.216631692196565,40.29864604416273,3383700
2018-09-12,39.92586135864258,40.44031406088735,39.88112831960617,40.41794469720338,5354900
2018-09-13,40.27629089355469,40.48505268898671,40.06007169447658,40.19427651844464,6687600
2018-09-14,40.36574935913086,40.44776371297017,40.23900197168132,40.27628044774498,5271400
2018-09-17,40.35829544067383,40.51486674911983,40.239002608881805,40.49250023196053,4507400
2018-09-18,40.37320709228516,40.544690358918125,40.23900230202188,40.38811620750069,4314500
2018-09-19,40.94730758666992,41.12624827999016,40.43285771514373,40.47013619670375,6814300
2018-09-20,41.26790618896485,41.35737795454549,41.08151094358711,41.16352530661983,5321200
2018-09-21,41.1113395690918,41.42448509612029,40.93240170578928,41.32010135766676,12672900
2018-09-24,40.57451629638672,41.23808576962437,40.51487129587981,41.00695463776637,5254100
2018-09-25,40.455223083496094,40.87274945991254,40.39557808353132,40.83547097941384,5569200
2018-09-26,39.97059631347656,40.64907488337256,39.90349391231473,40.64907488337256,5414700
2018-09-27,39.73785781860352,40.120745418678425,39.66278271707716,40.1132390540984,5812100
2018-09-28,39.64776611328125,39.70031925579632,39.40001312948322,39.58770374244604,8150300
2018-10-01,39.66278839111328,39.9330605136314,39.51263530264858,39.75287909861933,4724200
2018-10-02,39.59521484375,39.835458610592205,39.36998380639527,39.647767988751006,5825400
2018-10-03,40.11324691772461,40.21835322603872,39.6327593003275,39.835465550904175,7735300
2018-10-04,40.30094146728516,40.60875405592551,40.06069763536743,40.06069763536743,5731500
2018-10-05,40.15077972412109,40.59372973097451,40.00813587456658,40.45108588142,5202600
2018-10-08,40.48862457275391,40.5862245062082,40.07570574281449,40.12825889222868,5797800
2018-10-09,40.503639221191406,40.71385181393719,40.10573313129602,40.32345495317232,5517300
2018-10-10,40.03816986083984,41.03668260535826,40.02315426553248,40.661301314469895,9193300
2018-10-11,38.90450286865234,40.0306463392554,38.77687465000418,40.0306463392554,13404800
2018-10-12,38.1312370300293,39.36248736136508,37.54564019483539,39.309934203120186,12666900
2018-10-15,37.9210205078125,38.35646422313365,37.9210205078125,38.13123599904062,6879900
2018-10-16,38.266357421875,38.333926147095134,37.71079202962824,38.13872633471206,9207100
2018-10-17,39.71533584594727,39.83545772670305,37.92852036376493,38.14624216761339,11626400
2018-10-18,39.13724136352539,40.09821623680235,39.05465704836608,40.0456631024157,11322800
2018-10-19,39.415035247802734,39.61023225747132,38.89701010127568,38.98710080851257,7664000
2018-10-22,38.61171722412109,39.52764842900835,38.50661092794029,39.49761724040476,8914600
2018-10-23,38.566673278808594,38.86697945907642,37.98107937761152,38.086185681525656,9206400
2018-10-24,37.74834442138672,38.51412265377381,37.67326930336006,38.43153830558518,9430100
2018-10-25,38.49159622192383,38.87448386169452,37.921015081015085,38.063661798208194,7672900
2018-10-26,38.22132110595703,38.4465492969922,37.755849129293445,38.10119921314282,10408800
2018-10-29,38.70931625366211,39.4075256208112,38.39399450853105,38.679285065757874,9949100
2018-10-30,39.279884338378906,39.3474530617105,38.69429064545905,39.00210308198499,10213900
2018-10-31,39.24235916137695,39.70032477894793,39.19731237698359,39.53515610010414,13027000
2018-11-01,39.13724136352539,39.51262253139058,39.0471478212074,39.33243831068564,9812100
2018-11-02,39.09220123291016,39.61773552997949,38.6567604934629,39.36247617791333,8273600
2018-11-05,39.29490280151367,39.670283988817424,38.91952161420993,39.08469025308155,5448300
2018-11-06,39.5201416015625,39.53515719677681,39.00211645436265,39.204822693857885,4635600
2018-11-07,39.47509765625,39.73786341251341,38.88950089896991,39.61774151480272,6715900
2018-11-08,39.73785781860352,39.97810158020572,39.24235470230752,39.27238588849068,5463800
2018-11-09,39.90303039550781,40.11324299156104,39.60272423206163,39.6477710157581,5530100
2018-11-12,39.7303466796875,40.12074348950203,39.64025598940151,39.90302455997183,7060100
2018-11-13,40.30843734741211,40.51865279359971,39.75287470461229,39.76789029819224,8138100
2018-11-14,40.54117202758789,40.94658443520731,39.98560655819111,40.533665663268174,13371700
2018-11-15,41.03667449951172,41.13427441776504,39.85797770806113,40.008130767543605,9758900
2018-11-16,41.23186874389648,41.449590522543495,40.79642805053368,40.84147482457723,9335200
2018-11-19,41.291934967041016,41.52467235877968,41.01415366098174,41.26941300988071,8109600
2018-11-20,40.62376022338867,41.55470413998606,40.43606959427594,41.24689162279845,9495600
2018-11-21,40.30094146728516,40.961613437025086,40.27841950302174,40.70635400762096,5830500
2018-11-23,40.18081665039063,40.51115117944522,39.8805104502085,40.01564795389724,2243300
2018-11-26,40.66129302978516,41.00664305969416,40.51864919932658,40.54117115573283,6429300
2018-11-27,40.33095932006836,40.56369384428402,40.14326870947821,40.38351246191908,7409500
2018-11-28,40.75889205932617,40.79642960716247,39.96308287111248,40.55618586429255,7105400
2018-11-29,40.57120513916016,40.78141771727105,40.38351451900926,40.54117395259243,5369300
2018-11-30,40.88652038574219,41.20184208891773,40.57120154649797,40.57870791050941,10299300
2018-12-03,40.84148406982422,41.32197164599808,40.466102792946906,41.20184975195461,6851100
2018-12-04,39.49010848999024,40.78893020548832,39.34746463829168,40.55619278688685,9814800
2018-12-06,39.29490280151367,39.37748712094949,38.42401856152623,38.82192170361022,13575600
2018-12-07,38.85946273803711,39.69280950689143,38.58168143639615,39.242353187261145,9561900
2018-12-10,37.97356796264648,38.93454302943447,37.545630710290126,38.81442114608598,11217900
2018-12-11,37.62820816040039,38.64173905072845,37.50808629902052,38.31140178398549,7983200
2018-12-12,37.63571548461914,38.19127799143445,37.44802490670811,38.00358741352342,8372000
2018-12-13,36.93000411987305,37.86095082393666,36.764838327293695,37.71079776019331,11919500
2018-12-14,36.59967803955078,37.16275000939002,36.381956190535895,36.55463125094807,11037700
2018-12-17,35.99155807495117,36.81739865473224,35.7813454630475,36.41949252857338,10081800
2018-12-18,35.48102951049805,36.35942300146965,35.25580136489267,36.20926994975565,10182000
2018-12-19,34.70024871826172,35.73629905706336,34.46000491240058,35.41347090595019,13879300
2018-12-20,34.362403869628906,34.86541342704536,34.10714447609357,34.4600038076097,13596600
2018-12-21,33.49151611328125,34.72276617453852,33.26628793250302,34.13717233172877,22650900
2018-12-24,32.85337448120117,33.514046458887705,32.770792989931216,33.033558789272924,6830500
2018-12-26,34.077110290527344,34.077110290527344,32.387894622214894,32.97348847077172,10866400
2018-12-27,34.27231216430664,34.27231216430664,33.12364349484691,33.664193456945604,9209900
2018-12-28,34.219322204589844,34.65075338372488,34.0755127739894,34.423684797969656,8372200
2018-12-31,34.590213775634766,34.68104066048042,34.10579987334512,34.317730233763186,7388200
2019-01-02,35.08219146728516,35.112468054633496,34.09822547713854,34.226899529701825,8155500
2019-01-03,34.590213775634766,35.15031626740669,34.54479888954463,34.96866249771538,8141100
2019-01-04,35.44550323486328,35.67257185566002,34.93081282114579,35.15031085175994,7725300
2019-01-07,35.27899169921875,35.64986984429908,35.1654559232682,35.31683599542403,5927000
2019-01-08,35.506046295166016,35.69527058855047,34.99892657481579,35.58173485758636,6654400
2019-01-09,35.884490966796875,35.95261182047637,35.339524137360904,35.589301563296814,7765100
2019-01-10,35.808815002441406,36.02074533847416,35.46821061429287,35.808815002441406,8050800
2019-01-11,35.90719985961914,35.99045900833147,35.39250956515522,35.64985471238718,5196100
2019-01-14,36.172119140625,36.25537829749782,35.48334278013227,35.68770537772907,8209600
2019-01-15,36.30836486816406,36.47488031290128,35.78610387660733,36.03588137471431,7676600
2019-01-16,37.17122268676758,37.45884443689119,36.45216975512542,36.52785832168407,9913500
2019-01-17,37.6556396484375,37.844863968278894,37.06526069447923,37.06526069447923,11787200
2019-01-18,38.01138305664063,38.14762480064776,37.53453695261567,37.92812389226582,10014100
2019-01-22,37.95083236694336,38.147627293294455,37.754040327926496,37.807022911020816,10614800
2019-01-23,38.24601364135742,38.35197878475002,37.837291357890784,38.0416510559573,7785100
2019-01-24,38.51850509643555,38.6169025588996,38.064367848243954,38.10221213770421,5654800
2019-01-25,38.881813049316406,39.07860796198013,38.65474443937167,38.86667475700889,6622400
2019-01-28,38.80612564086914,38.8364022263937,38.46552127205309,38.533642145816295,5207000
2019-01-29,38.63960647583008,38.98021083731224,38.49579702868608,38.73800393299916,5105100
2019-01-30,38.63203811645508,38.927227595609445,38.457952087398255,38.6017615320972,5451200
2019-01-31,38.72286987304688,38.851543929152925,38.22331771738238,38.382265474336,9033500
2019-02-01,38.821266174316406,39.06347309782438,38.60933295074622,38.79855729019521,4597100
2019-02-04,39.033203125,39.033203125,38.59420408450072,38.76071956804573,4013400
2019-02-05,38.96506881713867,39.09374284687033,38.63960277922975,39.0634662648942,5483200
2019-02-06,38.9348030090332,39.199718843630016,38.76828753675461,38.89695871475782,4898700
2019-02-07,38.56392288208008,39.35866456996832,38.25359506538717,39.01806016449209,10708100
2019-02-08,38.28387069702149,38.60176620929519,37.7994539506028,38.45795674717152,8918000
2019-02-11,38.26115798950195,38.52607377726222,38.14005453683082,38.46552060725962,4797500
2019-02-12,38.76071166992188,38.93479770976208,38.548781340957134,38.60933162608956,7526100
2019-02-13,38.53364562988281,38.9499386128158,38.510939632353455,38.7682848579122,5075300
2019-02-14,38.19303894042969,38.37469557177655,37.93569373029992,38.230883229821146,5507900
2019-02-15,38.836402893066406,38.87424718195469,38.42010705329274,38.563919393336064,7757300
2019-02-19,38.836402893066406,39.02562722484202,38.48822792822532,38.63960797111264,7179300
2019-02-20,39.05589294433594,39.09374011282612,38.639600076946095,38.83639495869418,7722900
2019-02-21,38.63960647583008,39.01805512473602,38.54120901866099,39.0029168322997,6145700
2019-02-22,38.81368637084961,38.85910124097784,38.56391180347831,38.7607037993668,4959500
2019-02-25,39.0634765625,39.5024755675442,38.99535567876311,39.0331999725426,6154400
2019-02-26,38.82882308959961,39.2148422517345,38.70771966149197,38.91208223779864,4823300
2019-02-27,39.01049041748047,39.04076700467781,38.7304363169065,38.84397207522938,3838000
2019-02-28,39.1240234375,39.14673232165164,38.93479909779725,39.06347315020895,5808800
2019-03-01,39.146728515625,39.65384831080337,38.96507189674477,39.44948569731336,5734600
2019-03-04,39.10888671875,39.60087117672297,38.677455437840834,39.290543362607,4610900
2019-03-05,39.01049041748047,39.13916158206775,38.66231832671389,39.10888499487041,4415900
2019-03-06,38.67744445800781,39.07103133518705,38.58661760553063,38.90451592020114,4345700
2019-03-07,38.35955810546875,38.64717990824561,38.12491888644891,38.601765027596336,4048500
2019-03-08,38.50336456298828,38.53364114772863,38.03408904884905,38.0643656335894,4024500
2019-03-11,38.94993209838867,38.97264097945431,38.60176005361036,38.65474263054037,5558300
2019-03-12,38.63960647583008,39.07860829448131,38.55634731109732,39.063470002044994,6531500
2019-03-13,39.04076385498047,39.13915842443222,38.55634716090723,38.7531420744788,5111800
2019-03-14,39.139156341552734,39.411639815176216,38.9726409089314,39.15429463312447,3595500
2019-03-15,39.4116439819336,39.45705886145025,39.07861019414738,39.31324651998128,9076500
2019-03-18,39.69926452636719,39.85064456598425,39.49490190598427,39.55545218943063,7244600
2019-03-19,39.3056640625,40.08526710054953,39.22240492497372,39.94902540047618,5645500
2019-03-20,38.124908447265625,39.29053074542334,38.09463475578978,39.24511587720936,6540200
2019-03-21,37.587520599365234,37.9811075501894,37.3528813919506,37.86000409511536,8488700
2019-03-22,36.54300308227539,37.375591898496246,36.399193625419485,37.29990043120294,8290500
2019-03-25,36.40675354003906,36.93658214840976,36.19482325162424,36.63382500600766,6279900
2019-03-26,36.71709060668945,36.98957412526493,36.42947168137922,36.56571344066696,7669900
2019-03-27,36.429473876953125,36.65654252700647,36.300799813277685,36.59598934708049,7039100
2019-03-28,36.64303970336914,36.83372995630961,36.28454109673631,36.62015489441869,5147300
2019-03-29,36.75745391845703,37.00916646138448,36.51337061545602,36.94814418078298,8608300
2019-04-01,37.42868423461914,37.4820772749776,36.8413578809736,37.03204814216881,10065200
2019-04-02,37.48207473754883,37.6346275181181,37.230365122856455,37.42868170080492,7568000
2019-04-03,37.695648193359375,38.10753984228707,37.55835388675251,37.74904414165952,5042500
2019-04-04,37.97786331176758,38.24482844462728,37.62699402009434,37.66513148054548,5130700
2019-04-05,37.909210205078125,38.214312762059215,37.67275332291415,37.985485116898055,5756500
2019-04-08,38.04652404785156,38.092287851118776,37.863460105674775,37.901597578298336,4920100
2019-04-09,37.54309844970703,37.82531921324885,37.459194271699424,37.82531921324885,4551100
2019-04-10,37.60411834716797,37.74141556589223,37.31426833989427,37.61937391699316,5430200
2019-04-11,37.84057235717773,38.12279310262845,37.604115407923125,37.779550082646665,4651500
2019-04-12,38.30586242675781,38.71775119920805,37.87871517381753,38.28297761572536,11394900
2019-04-15,38.05415344238281,38.35925906734182,37.88634505768507,38.3134923506871,4587500
2019-04-16,38.35163116455078,38.42790902830348,37.665147848994486,38.00076172039736,7570500
2019-04-17,38.64909362792969,38.80927562922152,37.39053988153518,37.64224946693331,7825600
2019-04-18,39.06099319458008,39.26693902999873,38.46604049872787,38.60333772234031,8816300
2019-04-22,39.05337142944336,39.434752004126,38.8092880944227,38.98472280961237,8049600
2019-04-23,39.42711639404297,39.51864981216633,38.6567290379036,38.95420537254853,7165000
2019-04-24,39.41948699951172,39.663570276127096,39.19065929139757,39.26693422420156,5567500
2019-04-25,39.5415267944336,39.70933513042193,39.091497728584734,39.16777265783286,5146300
2019-04-26,39.92290115356445,39.93052748144194,39.43473469776033,39.594913770502,5082900
2019-04-29,40.42634963989258,40.678062270157135,39.92292728906696,40.00683149915515,5613100
2019-04-30,40.67041015625,40.7161768568436,40.31191160918812,40.52548663558973,5947500
2019-05-01,40.51024627685547,40.9831573883862,40.3348115566054,40.63228794788608,5558900
2019-05-02,40.56362915039063,40.83059432951773,40.27377916326533,40.5865110486866,4589300
2019-05-03,40.79246520996094,41.02129296885316,40.57889302295524,40.64754164159319,4205600
2019-05-06,40.685672760009766,40.92975605265463,40.04495338939141,40.151739466210735,4557000
2019-05-07,40.09071731567383,40.51023526393696,39.89239783559893,40.26615198823106,6097500
2019-05-08,39.83138275146485,40.30429378524725,39.80849794148817,39.98393263289612,5453200
2019-05-09,39.75509262084961,39.80848564479815,39.25929983994151,39.51100939431297,5560100
2019-05-10,39.793235778808594,39.92290664818541,39.12963459347426,39.602545548908914,4759400
2019-05-13,38.755889892578125,39.45000232980206,38.6643564718413,39.25168282790809,5612100
2019-05-14,38.93894958496094,39.38135237430766,38.68723996078625,38.77877046869501,6210900
2019-05-15,38.74063491821289,38.97708898449636,38.40501818975501,38.54994465329911,4071000
2019-05-16,39.28218460083008,39.518641516793735,38.91605973429724,38.95419719565866,4460200
2019-05-17,39.32796096801758,39.61018174311069,38.977088672015256,38.977088672015256,5278400
2019-05-20,39.44999694824219,39.7322176827588,39.06098723743353,39.27456228031553,4573000
2019-05-21,39.5872917175293,39.76272637467218,39.4499945232954,39.57203615042532,3369000
2019-05-22,39.549163818359375,39.640697249852046,39.26694301218072,39.46526253737867,3540200
2019-05-23,39.03047561645508,39.34321039287195,38.702491091590105,39.32032558624264,5142700
2019-05-24,39.152530670166016,39.29745423911498,39.03811533540964,39.251687523271855,5636700
2019-05-28,38.64909362792969,39.18302684293127,38.603329835876536,39.053358885844766,6431700
2019-05-29,38.59570693969727,38.748259727580745,38.1914445250531,38.519432000606734,4865900
2019-05-30,38.44315719604492,38.931323791218425,38.1304252891555,38.6109626445718,4688600
2019-05-31,38.29059982299805,38.38975956005203,37.94735681758202,38.038887315792266,5678500
2019-06-03,38.69486618041992,38.74063288909502,38.02363566836373,38.183817693875376,6045400
2019-06-04,39.82374572753906,39.89239432464593,39.09912229356699,39.25167505488247,6856500
2019-06-05,40.052581787109375,40.121230398566304,39.58729998690411,39.84663886244111,5021600
2019-06-06,40.25090408325195,40.39582764651275,39.961054047027645,40.1288624221632,4327200
2019-06-07,40.17462158203125,40.34242993776695,40.00681613599794,40.105975883451066,4139700
2019-06-10,40.35005187988281,40.7848253504738,40.34242264161877,40.42632680431209,4866300
2019-06-11,40.56362915039063,40.9144985028726,40.38819447414964,40.624648515747296,3820200
2019-06-12,40.18987655639648,40.77720288307063,40.090719720114265,40.53311959272583,4153400
2019-06-13,40.18987655639648,40.487355794350144,40.04495301203624,40.25089883383385,4313900
2019-06-14,40.13648223876953,40.289035017796586,39.648315673644746,40.15936704693005,5665600
2019-06-17,39.28981399536133,40.250894391000905,39.20591273769935,40.136479088286,5059900
2019-06-18,39.80849075317383,39.983925412903126,39.16777147387025,39.32795347597261,5293000
2019-06-19,39.75509262084961,40.38818549009884,39.69407326906624,39.95341206097411,5664000
2019-06-20,39.78561019897461,40.1364795302678,39.144890898059984,39.93816296770706,4533500
2019-06-21,39.86188888549805,40.13648331315674,39.7551028102313,39.80086951807519,9004800
2019-06-24,39.89240264892578,40.15937076436112,39.57967073233768,39.81612770720284,4681500
2019-06-25,39.69408798217773,39.86189344405739,39.3508449083515,39.83138521170823,4671900
2019-06-26,39.64832305908203,40.05258552556026,39.57204811021162,39.82375776924622,5012800
2019-06-27,39.93256759643555,40.13998990550955,39.70209934098539,39.83269694453409,3738700
2019-06-28,40.25521469116211,40.52409376190728,40.00938156060593,40.247530757391054,10087100
2019-07-01,40.72383880615234,40.88516920580162,40.52410045355392,40.66238197864612,3882300
2019-07-02,40.66238021850586,40.86211856245827,40.43191199684925,40.62396933665684,3175200
2019-07-03,40.90821075439453,40.9850325131638,40.639331668139846,40.76992924416005,2102700
2019-07-05,41.23855209350586,41.36146867332975,40.985034999177735,41.1386814565982,3195300
2019-07-08,40.79298400878906,41.238558511598384,40.64702146333232,40.96967936718784,4123900
2019-07-09,40.97735595703125,40.98503696151694,40.49337061868072,40.554830376816525,3676100
2019-07-10,40.85443878173828,41.10795295398354,40.67774637549158,41.03881219235984,3817500
2019-07-11,41.07722091674805,41.12331279841172,40.79297397053199,40.93893941063271,6137300
2019-07-12,41.177093505859375,41.37683478533822,41.01576603974666,41.37683478533822,4257700
2019-07-15,40.8083381652832,41.25391255033757,40.63932971798854,41.2231826760796,4484500
2019-07-16,40.74689102172852,40.9543133263743,40.67775025351325,40.93126444992734,5441300
2019-07-17,41.65339660644531,42.129697986451696,40.5701933320629,40.754566736327504,8805200
2019-07-18,42.39857864379883,42.53686016735026,41.71485496099589,41.80704166650934,7893700
2019-07-19,42.25261688232422,42.66746146050387,42.22957093816843,42.30639270572944,7237700
2019-07-22,42.50613021850586,42.59063298309958,42.12201555366006,42.22956719092692,5568400
2019-07-23,43.04388427734375,43.1053440244956,42.50612614257535,42.52148814880127,7422200
2019-07-24,43.47410583496094,43.60470343822212,42.91329867339383,42.91329867339383,7947800
2019-07-25,43.451053619384766,43.750662600638144,43.33581804325849,43.65079196336621,5304400
2019-07-26,44.08100128173828,44.15782304513753,43.44336950938724,43.44336950938724,6396300
2019-07-29,43.83516693115234,44.303784364055005,43.80443705440263,43.91966969637056,4603200
2019-07-30,43.896629333496094,44.0118649206732,43.52019855243465,43.62006626872123,5468000
2019-07-31,43.9043197631836,44.41135114674904,43.79676516497977,44.04260131602537,6685100
2019-08-01,42.78269958496094,43.93504382916897,42.62137209410693,43.673845683259295,8786800
2019-08-02,42.58295440673828,42.77501175010962,41.96068755921265,42.5138136459021,7249400
2019-08-05,40.75457000732422,41.86850324867677,40.416550118667736,41.80704348861415,7480400
2019-08-06,41.14636993408203,41.184780820037325,40.33204567124105,40.96967751423745,4668300
2019-08-07,40.41655349731445,40.54715110252094,39.43322069861134,40.39350755064576,6955700
2019-08-08,40.685428619384766,40.90053484574668,40.478006328194326,40.78529926267556,5181300
2019-08-09,40.55482864379883,40.82370774774666,40.10925420804249,40.57787458683366,5491200
2019-08-12,40.13230514526367,40.431914142372285,39.932563860149536,40.1015752659288,3045000
2019-08-13,40.58555603027344,40.88516499358497,39.84037265855644,40.18607643567063,4671500
2019-08-14,39.10288238525391,40.11694508207013,39.04910655516236,39.817336048542096,9297700
2019-08-15,39.39480209350586,39.6867300816119,39.05678221766271,39.37175614963731,6654000
2019-08-16,40.16302490234375,40.301306404027095,39.58685295551719,39.67904257701413,6192300
2019-08-19,40.46263122558594,40.877475703772085,40.332033666098745,40.80833495740773,3563000
2019-08-20,39.66367721557617,40.3243548430893,39.61758240532106,40.2014382796377,4399100
2019-08-21,39.840370178222656,40.10924924892622,39.64062892807537,40.02474356083022,3236600
2019-08-22,39.98633575439453,40.28594472206167,39.73282160120014,40.13998220540808,3522700
2019-08-23,39.14129257202149,40.1707201919156,38.87241049582176,39.84806228658851,6039900
2019-08-26,39.40248107910156,39.440891957578486,39.02604743667846,39.42552702007528,3968900
2019-08-27,39.210426330566406,39.64831682119042,39.03373393352184,39.57149212863036,4696400
2019-08-28,39.625267028808594,39.786594471666966,39.01836520407994,39.0260462073085,3545600
2019-08-29,40.247535705566406,40.3704522859563,39.96329166289525,40.04011342667801,3652400
2019-08-30,40.478004455566406,40.7007916762304,40.2936310478574,40.5471452160979,4975600
2019-09-03,39.96329116821289,40.26290014604441,39.74818788783383,40.25521914198619,4508900
2019-09-04,40.301307678222656,40.40885930947412,40.08620441571974,40.33971855644644,3031200
2019-09-05,40.9235725402832,41.538155354788266,40.785291040699306,40.81602091406506,4774500
2019-09-06,41.031131744384766,41.315375799108935,40.969674916865046,41.01576680486419,4991900
2019-09-09,42.1834716796875,42.29870724946362,41.23854997143512,41.422923366402166,5060800
2019-09-10,42.91329574584961,42.91329574584961,42.24493697294216,42.36785356256379,6414000
2019-09-11,42.98243713378906,42.99780207403485,42.36017024136704,42.88256648747283,5438100
2019-09-12,42.81343078613281,43.02085310814321,41.9146036546508,42.63673834824908,7144000
2019-09-13,43.08230972290039,43.36655380385858,42.7826977704407,43.12072060996563,5680800
2019-09-16,42.91329574584961,42.95170663062587,42.59832180178402,42.74428433615887,3880500
2019-09-17,42.94403076171875,42.96707670922812,42.28335291452876,42.48309129759031,5358400
2019-09-18,42.95170211791992,43.14375945218545,42.552222510980144,42.79805566439503,3850100
2019-09-19,42.86720657348633,43.19754550109674,42.744289967670575,43.03621800544413,3543800
2019-09-20,42.59062957763672,43.05156889693327,42.52148882627034,42.83646270903671,18203300
2019-09-23,42.77500915527344,42.84414991191537,42.29102385877989,42.314072731368746,3541800
2019-09-24,42.50613021850586,43.02084246272931,42.337118828193766,42.99011258620669,5249000
2019-09-25,42.821102142333984,42.95938071915398,42.513809252470885,42.69818557250118,3826000
2019-09-26,42.69049835205078,42.90560160005858,42.54453585241148,42.80573390951894,5115500
2019-09-27,42.90724563598633,43.17817239800426,42.628576421979176,42.984652438597095,4532500
2019-09-30,42.83758163452149,43.0930264651316,42.54343044674216,42.57439435132535,4403900
2019-10-01,41.63002014160156,43.1007732763499,41.57583477954165,43.04658791428998,5620300
2019-10-02,40.93334197998047,41.42875259560647,40.69337617115154,41.3977886939098,5346800
2019-10-03,41.064937591552734,41.08041954370504,40.3140821058891,40.8094927632409,4134700
2019-10-04,41.8699836730957,41.939650985146,41.02623642843346,41.09590374048376,3657800
2019-10-07,41.746131896972656,42.03254065137272,41.66872508320421,41.72291044341825,3610900
2019-10-08,40.54629898071289,41.34360019498419,40.437928285904746,41.34360019498419,7799500
2019-10-09,40.72434616088867,40.910123693080926,40.48438031618632,40.8172349269848,3316600
2019-10-10,41.04171752929688,41.366829676861016,40.824976097587445,40.9178648607657,4432800
2019-10-11,41.39005279541016,41.893202953788816,41.359088891019965,41.80031419349868,5432200
2019-10-14,41.22749710083008,41.4442414961721,41.134608333043886,41.196536146821806,3708000
2019-10-15,41.61453628540039,41.80805627044814,41.11912559613906,41.28168462776844,8012800
2019-10-16,42.24155044555664,42.930481255976176,42.017066509859134,42.45829192670943,7941300
2019-10-17,42.34990310668945,42.70597908882398,42.14090121642442,42.41957040344447,4881300
2019-10-18,42.62857818603516,42.775652298233936,42.24928070351396,42.41957626688088,6217700
2019-10-21,43.49555206298828,43.61166523860406,43.04658721989407,43.12399403505078,4782100
2019-10-22,43.85162734985352,44.16125753695101,43.36395618789638,43.42588104416369,7135600
2019-10-23,43.79743957519531,44.00643853732889,43.6039196116136,43.73551176946662,4677900
2019-10-24,43.58844757080078,43.90582026511998,43.40266706425446,43.78196757838276,4934900
2019-10-25,43.921295166015625,44.16125804703379,43.54199471280554,43.54199471280554,3877000
2019-10-28,44.138031005859375,44.3779968093727,43.975474954872986,44.138031005859375,4661200
2019-10-29,44.38574600219727,44.672154766899375,43.92129919711921,44.04515187533208,4269800
2019-10-30,44.21543884277344,44.41670125118485,44.11481059144792,44.29284859711636,4745900
2019-10-31,44.138031005859375,44.21543780550619,43.627138450702056,43.975474954872986,4906800
2019-11-01,44.571510314941406,44.850176525094206,44.41669378515894,44.54828591610223,5870200
2019-11-04,45.0050048828125,45.08241464448794,44.82696686027971,44.896634169347365,6791000
2019-11-05,45.35334396362305,45.57782785571085,45.09015666497407,45.20626983753828,5910200
2019-11-06,45.48493576049805,45.54686357278853,45.14434165154227,45.283676276315234,4777800
2019-11-07,45.74811935424805,46.22030854966312,45.65523059621111,45.84875056463496,5205500
2019-11-08,45.59330368041992,45.70941388449637,45.32237396514774,45.67844998225721,3214700
2019-11-11,45.39203643798828,45.6242597743075,45.198516498908944,45.28366574456464,1790900
2019-11-12,45.26819610595703,45.55460486687806,45.19078929042618,45.3610848751702,3254300
2019-11-13,45.36881637573242,45.5236329222998,44.84244188913136,45.05918328259767,4090800
2019-11-14,45.33785629272461,45.42300554814917,45.03596562558681,45.2836709397963,3304600
2019-11-15,45.74037170410156,45.918409688980496,45.42299913055565,45.51588787204035,5069900
2019-11-18,46.10419845581055,46.181605262221815,45.67845216190742,45.67845216190742,4845500
2019-11-19,45.99583435058594,46.26676413508447,45.77909288529192,46.158393402437454,4974700
2019-11-20,45.7558708190918,46.01131569222825,45.46171958234232,45.78683472882984,4287600
2019-11-21,46.05001068115234,46.22030623688541,45.73263806693316,45.964861426845694,5880400
2019-11-22,46.48350524902344,46.48350524902344,46.05776182275068,46.07324377770909,6548900
2019-11-25,46.305458068847656,46.83957212166669,46.18160540647453,46.47575658694085,8473300
2019-11-26,46.38286590576172,46.630574188890485,46.2125703367663,46.26675569320309,7285600
2019-11-27,46.59186935424805,46.70798252348123,46.42157377968809,46.56864790155364,4246500
2019-11-29,46.468021392822266,46.67702334688796,46.38287212047541,46.62283798319103,3394800
2019-12-02,46.25901412963867,46.80861311001466,46.19708927232676,46.638314584866,5085600
2019-12-03,45.61652755737305,45.79456557539907,45.39204368351746,45.79456557539907,8044600
2019-12-04,45.910682678222656,46.21257338481963,45.63975292528848,45.72490219184263,5926800
2019-12-05,46.13515853881836,46.35190290787752,45.8023039623264,45.980344928907954,4925400
2019-12-06,46.55316925048828,46.89376632952549,46.529947796146935,46.63831852024758,5894300
2019-12-09,46.44479370117188,46.762166340014666,46.375126392504896,46.43705420148908,4357900
2019-12-10,46.40609359741211,46.568649678235936,46.22031311012726,46.31320483021002,5719400
2019-12-11,45.864234924316406,46.79313141209386,45.817789066419344,46.4912407179643,8940500
2019-12-12,46.870548248291016,46.98666144143077,45.82554132155792,45.84102327750196,7120600
2019-12-13,46.65380096435547,47.07180486417686,46.47576292247912,46.81635705221464,5424800
2019-12-16,46.9556770324707,47.30401350695311,46.86278829023536,47.17241841531314,6758000
2019-12-17,46.97115707397461,47.19564089873276,46.81634054128348,46.91697173046468,7301600
2019-12-18,46.514461517333984,47.07953949251786,46.14290351801639,47.025354135505744,12497800
2019-12-19,46.45254135131836,46.69250722391528,46.344170619462005,46.46028380524009,8029200
2019-12-20,46.26675796508789,47.156948116604525,46.22805455900118,46.9789100863012,14484000
2019-12-23,46.11968231201172,46.42931250332221,46.026790597026114,46.266756431418166,4971300
2019-12-24,46.18934631347656,46.2899775274963,46.073236099958855,46.18934631347656,2246200
2019-12-26,46.56090545654297,46.60734835899419,46.1661230684254,46.336421585094186,4155100
2019-12-27,46.23578643798828,46.723457542363285,46.1738615890328,46.723457542363285,3661800
2019-12-30,46.126651763916016,46.532024094059686,46.04869680472307,46.43068324186707,4020100
2019-12-31,46.22019958496094,46.29815454128913,45.8927822260424,46.072081004630014,4732000
2020-01-02,46.15003967285156,46.36831593309429,46.0019210901517,46.36052162685319,5002100
2020-01-03,45.61214447021485,45.84601531162362,45.23016098032424,45.60435016327048,5161800
2020-01-06,44.98849487304688,45.050861222437554,44.29468559192723,44.48957597308628,6869200
2020-01-07,44.55972671508789,44.97289327960579,44.54413513120922,44.848163582366965,4006800
2020-01-08,44.466190338134766,44.83258223467131,44.45839305751988,44.59092006385191,5627500
2020-01-09,44.48177337646485,44.87155406614151,44.32586050583605,44.707843916396406,5775400
2020-01-10,44.17774963378906,44.55194177797746,44.10759195226881,44.51296132318909,5285000
2020-01-13,44.20893096923828,44.2635000351228,43.80355864138824,44.06081535809331,6235800
2020-01-14,44.11538696289063,44.590919970501474,44.02184041224641,44.19334192612893,6866500
2020-01-15,42.85248947143555,43.51511544658819,42.47830037059504,43.24227015653489,10158500
2020-01-16,43.02399826049805,43.08636460812952,42.40814693348854,42.680992269898375,12176100
2020-01-17,43.14872741699219,43.2578685239182,42.9616343241298,43.12534152383216,9546400
2020-01-21,42.42373275756836,42.868085520751926,42.37696097371078,42.79012759133773,9490600
2020-01-22,42.82910537719727,42.89147172117719,42.44712192858858,42.52507688477253,6804900
2020-01-23,42.7823371887207,42.88367804551902,42.36916755960552,42.71217653274199,7107800
2020-01-24,41.971588134765625,42.766741162053854,41.70653712566955,42.766741162053854,6179500
2020-01-27,41.73772048950195,41.870244507765634,41.21541277484938,41.31675659538631,6296200
2020-01-28,41.987186431884766,42.40815039134817,41.83906783107836,41.9715948437056,5965200
2020-01-29,41.78449630737305,42.37696472824904,41.72992723884384,42.08073051781104,5026600
2020-01-30,42.29121017456055,42.34577924010832,41.4570796311407,41.464873937451365,6190800
2020-01-31,41.48826217651367,42.0261585175457,41.35573518090836,41.90922310811696,6355100
2020-02-03,41.85465621948242,42.29121173375047,41.7455180843632,41.76110967135039,6336900
2020-02-04,42.26782989501953,42.75115724282477,42.24444102539941,42.39255962909157,5512200
2020-02-05,43.03179168701172,43.17990728868483,42.72776320401429,42.87587880568741,6071600
2020-02-06,42.71996688842773,43.34361545400803,42.6653978248014,43.28125208434547,4608800
2020-02-07,42.57964706420898,42.67319658262935,42.33018762933676,42.59523865061238,3626700
2020-02-10,42.5952377319336,42.5952377319336,42.17427382949426,42.43932484505336,5602700
2020-02-11,42.821319580078125,43.11755382526528,42.64202076619399,42.6498150738448,5309400
2020-02-12,42.72776794433594,43.41377994020534,42.71217635709465,43.07856824899568,4112400
2020-02-13,43.01620101928711,43.1643166241204,42.47050740990463,42.61082870871129,4928100
2020-02-14,42.96163558959961,43.13314007460118,42.75115362358618,43.03959055162331,4351500
2020-02-18,42.42373275756836,42.95383478242113,41.9404054903641,42.78233328529178,5591200
2020-02-19,42.68099212646485,42.78233595412984,42.57185399226768,42.64201464622173,4219800
2020-02-20,42.71996688842773,43.05517855001294,42.501690633922365,42.540668111685335,4906200
2020-02-21,42.52507400512695,42.63421212591042,42.13529330301985,42.50168811461357,5666000
2020-02-24,41.37911987304688,41.78448917758292,41.27777606001752,41.35573100924582,7773800
2020-02-25,39.539363861083984,41.57402003865951,39.40683684754743,41.34014918815871,10564600
2020-02-26,38.71302795410156,40.10844389638108,38.70523364676773,39.9057562202042,12018000
2020-02-27,37.04476165771485,38.65065936716369,37.03696437764,37.96464443633813,13413900
2020-02-28,36.20282745361328,36.41330937165522,35.01009955849945,35.86761584048617,24626100
2020-03-02,37.54368209838867,37.54368209838867,35.477842913109086,36.23401852732234,12673900
2020-03-03,35.937774658203125,38.229686778181545,35.610360340372125,37.403350731508944,13197700
2020-03-04,36.37433624267578,36.48347436718274,35.329723806437805,36.30417559495118,12095400
2020-03-05,34.12919998168945,35.3141337651917,33.62248681377933,35.3141337651917,12815800
2020-03-06,33.09239196777344,33.31066827374419,32.28164715446543,32.49212915256222,14127500
2020-03-09,28.31366539001465,30.441867322923468,27.9706594981264,29.6389201578856,17811700
2020-03-10,30.12225151062012,30.34832502650545,28.18114532278032,29.96633863849953,16815700
2020-03-11,28.22792053222656,29.350490968845502,27.69781848688785,28.843774816339337,18947700
2020-03-12,24.641942977905277,26.816920584397756,24.182001508866986,26.216657787599207,20621100
2020-03-13,28.921730041503903,28.96071049497211,25.694345954064545,26.988417906366102,20211400
2020-03-16,25.39031791687012,27.67443335874903,23.38684509190059,23.42582257229553,14280000
2020-03-17,26.286813735961918,26.74675512249261,24.353500159148343,26.013965437021767,16232200
2020-03-18,25.72552490234375,26.473903094884008,24.096241539577026,24.47043063584715,18092700
2020-03-19,25.889236450195312,26.450521676364676,24.220975332182043,25.203224477978424,16042700
2020-03-20,25.39031791687012,26.45052203684286,24.20538407535889,26.41154455644792,20375900
2020-03-23,22.552711486816406,25.140855090820917,22.287660492488683,24.758870184147515,13417600
2020-03-24,24.32231712341309,24.556184956815063,23.19974825191368,24.07285621771678,14752200
2020-03-25,24.96935272216797,26.30240508472073,23.379048109948897,24.478229654438763,17018600
2020-03-26,28.20453643798828,28.62550037856512,25.12526779485149,25.242203214053248,16014300
2020-03-27,27.884918212890625,28.991894234606058,26.63761789437877,26.86369146741917,11470300
2020-03-30,28.29509735107422,28.47652639016166,26.827885198576126,27.608821766852543,9825600
2020-03-31,27.174972534179688,28.68951234118294,26.75689399670897,27.95590618181477,11034500
2020-04-01,25.1871337890625,26.031174666300608,24.658622000806663,25.660426670255227,11203900
2020-04-02,25.770862579345703,26.094283106601598,24.808499945140813,24.926823170508253,8497600
2020-04-03,24.60340690612793,25.9365191247568,24.27998937151405,25.57365800540805,7148800
2020-04-06,27.11186408996582,27.38006421257272,26.03117668819227,26.16527524493423,9205000
2020-04-07,27.174972534179688,29.09970095786043,27.08820146019288,28.965602395606712,8122100
2020-04-08,28.121562957763672,28.3187688606677,27.11975660991642,27.57727273990966,7236600
2020-04-09,30.014728546142575,30.590569243602847,28.736835532725568,28.9577051128138,10116700
2020-04-13,29.02081871032715,30.046288708790097,28.65796060472261,29.975294469943734,7678300
2020-04-14,28.23988342285156,29.7307595002365,27.80603105781664,29.7307595002365,7781800
2020-04-15,26.29149055480957,28.003236226231103,25.88130194476719,27.711372353188224,11726400
2020-04-16,25.068817138671875,26.53602816309898,24.76906329715972,26.04695832314387,10664600
2020-04-17,27.656158447265625,27.837587526949925,26.09428797034895,26.09428797034895,10757200
2020-04-20,27.0172061920166,27.790252898605814,26.37825804258536,26.82000030740334,10342000
2020-04-21,25.818199157714844,26.472924268474003,25.557888903296043,26.03118191630673,11434400
2020-04-22,26.228384017944336,26.646459552153065,25.975960713238333,26.433476824596784,7240400
2020-04-23,26.32303810119629,27.1513021350007,26.181049637215796,26.512357056211183,7311800
2020-04-24,26.82000541687012,27.056651921664844,25.928633806048957,26.55969215520942,7682200
2020-04-27,28.30299568176269,28.52386535861398,27.01721218625631,27.143423860046138,8306800
2020-04-28,28.910388946533203,29.95952287150344,28.847281608035747,29.3757950360196,6988800
2020-04-29,30.338153839111328,30.71678879235416,29.32057070963945,29.96740880669281,7844200
2020-04-30,28.79205894470215,29.54144190262173,28.54752256627109,29.49411140737357,7796400
2020-05-01,27.561500549316406,28.255666287025296,27.33274395034738,28.16889519367121,6554300
2020-05-04,27.19074821472168,27.37217726667927,26.68590163377481,27.080313401279923,5988300
2020-05-05,26.45713996887207,27.79814047288387,26.386145736038426,27.577267854555448,7305200
2020-05-06,26.19683265686035,26.898885222896972,26.054844159333456,26.70167931067889,9640400
2020-05-07,26.97776222229004,27.585156631564825,26.575460583191976,26.59123741307059,6983600
2020-05-08,27.41162109375,27.94013148053087,27.143420939662043,27.60882700089928,5617700
2020-05-11,26.307268142700195,26.946216397515183,26.05484480949209,26.86733523430896,7158300
2020-05-12,24.966264724731445,26.44925231701223,24.934712565522837,26.44925231701223,11626300
2020-05-13,23.230857849121094,24.824280530426268,22.915327175219783,24.769063113862067,15304800
2020-05-14,24.587629318237305,24.66651197159764,22.37103563572452,22.76544739796473,14770900
2020-05-15,24.20110511779785,24.556074788551243,23.759364380953865,24.287876183888454,12087500
2020-05-18,25.999624252319336,26.16527648051349,25.116142692827395,25.3370123304196,9197800
2020-05-19,25.23446655273437,25.91285381943,25.092478065302718,25.69198417636884,7533600
2020-05-20,26.07851219177246,26.236274521972025,25.69198726088697,25.7156510085922,10122500
2020-05-21,25.96807289123535,26.307267298560436,25.818197482303287,25.91285547693809,5890500
2020-05-22,25.975963592529297,26.039067921138987,25.40800958942468,25.9522998454411,5534000
2020-05-26,28.2635498046875,28.618518001970063,27.15130568824205,27.2065261062368,11156600
2020-05-27,29.67554473876953,30.488035140868288,28.949828428368917,29.967411654543326,9938900
2020-05-28,28.799951553344727,30.10151184348121,28.70529355324572,30.046294425996496,9030100
2020-05-29,28.05056381225586,28.784169883636512,27.94012599825821,28.287210252576735,18241700
2020-06-01,28.94193649291992,29.22591346735956,28.09000857872421,28.231997065944025,6594300
2020-06-02,28.886720657348636,29.5966631321589,28.6658510025736,29.423120969622307,6596500
2020-06-03,30.511695861816406,30.66157125650537,29.60454755464469,29.69920854940697,9656100
2020-06-04,31.608163833618164,31.623940667922035,30.014739678408475,30.511699427048374,9142500
2020-06-05,33.42245101928711,34.91332696026976,32.9254943783748,34.31382242129114,12586800
2020-06-08,34.32171630859375,34.66091072496191,33.46189839416899,33.879976982438734,10445800
2020-06-09,33.209468841552734,33.56444002580822,32.60996429301685,33.03592971412343,7580400
2020-06-10,31.016550064086918,32.94127895902596,30.90611521892734,32.7756266912866,11590200
2020-06-11,28.50808334350586,29.730759275402782,28.44497902263845,28.910385049387703,16095900
2020-06-12,29.588768005371094,30.188275547326924,28.863051833566782,30.10150448132362,9329300
2020-06-15,30.5905818939209,30.779900904517067,28.129452810912277,28.26355440365197,11284100
2020-06-16,31.032325744628903,31.947361153601683,30.275055683918414,31.884253810647277,9409400
2020-06-17,30.377593994140625,31.25318862785043,30.330266506344252,31.079649490725277,7153000
2020-06-18,30.424924850463867,30.99287878371408,29.88852458219936,30.01473623301906,5425900
2020-06-19,30.661571502685547,31.04809637826051,29.896414681513853,31.04809637826051,42484600
2020-06-22,30.14883804321289,30.535359910415387,29.888524818705665,30.33815401637893,8321200
2020-06-23,30.44858932495117,31.119091180925352,30.24349651587117,30.685238808896877,6545800
2020-06-24,29.083925247192383,30.085731578831748,28.918273013622617,30.03840408873937,7351300
2020-06-25,30.014728546142575,30.10938650773434,28.83938341310468,28.9577051128138,6023400
2020-06-26,28.444982528686523,29.383681609573685,28.358211443815943,29.194362605390285,13960100
2020-06-29,29.01163673400879,29.394736695687644,28.628539816913595,28.915863265880905,5352100
2020-06-30,29.386764526367188,29.61821994971503,28.57268213860168,28.66845564169622,7709300
2020-07-01,28.71633529663086,29.634173813277023,28.57267356281522,29.46656642743621,6902400
2020-07-02,28.64450454711914,29.70600480193137,28.55671092669601,29.52243770676659,5768200
2020-07-06,29.394739151000977,30.04919681961109,29.05154756324397,29.31492538374126,6069500
2020-07-07,28.397092819213867,29.019625045033887,28.30929918847838,28.99568243468211,6683600
2020-07-08,28.34122085571289,28.676432614115978,27.84638764001553,28.357183610359147,5969900
2020-07-09,27.31164932250977,28.357183882923827,27.144041919405137,28.181599669295608,6103500
2020-07-10,29.083471298217773,29.123379705885927,27.33559082062788,27.471269664030658,8974900
2020-07-13,29.394739151000977,29.745910593191997,28.612579454775315,29.3308881371932,6708000
2020-07-14,28.96375846862793,29.594273627902524,28.52479333613229,29.16328835108817,7961500
2020-07-15,30.04121780395508,30.61586482417274,29.61821543884169,30.464220169068465,7798200
2020-07-16,29.97736358642578,30.70365206598008,29.54637841097589,29.66609448554508,6105600
2020-07-17,28.75623893737793,29.985343455586555,28.740276185177127,29.94543809737639,9154500
2020-07-20,28.38909912109375,28.83604696002276,28.32525116957993,28.604591666046144,7234100
2020-07-21,29.21117210388184,29.5064785071583,28.54873451064422,28.588639876210596,9232100
2020-07-22,28.93981170654297,29.3548342115512,28.748264731667955,29.059530849278055,6305500
2020-07-23,29.346851348876957,29.45858758020133,28.73229903200891,28.80412990137229,5988200
2020-07-24,29.4665641784668,29.91351209895692,29.354827959490173,29.45858432479002,7385800
2020-07-27,28.86000061035156,29.227134844717224,28.405072745032324,29.211172089581645,6452300
2020-07-28,28.987693786621094,29.13933536308574,28.66844483717765,28.72431599122633,7658800
2020-07-29,30.097082138061523,30.192858659099933,28.740278535856625,28.94779128685592,6527700
2020-07-30,29.45858764648437,29.562344023483597,28.74826185039488,29.259057791646477,6202100
2020-07-31,29.402727127075195,29.4266697415746,28.796157551273872,29.25108549427105,7707300
2020-08-03,29.37080383300781,29.60225927262555,29.02761212449461,29.362823975765984,4683700
2020-08-04,28.915870666503903,29.330893194055644,28.860002542081983,29.23511970141584,4098900
2020-08-05,29.418684005737305,29.490514879465174,29.11539775615473,29.131360510825832,4585300
2020-08-06,29.362812042236328,29.650135499528822,29.16328220184807,29.243092920169875,3227200
2020-08-07,29.897554397583008,29.90553729719195,28.8121114391611,29.019624204815717,7818900
2020-08-10,29.90553474426269,30.320557195558795,29.721967648521247,30.113044447618808,7739300
2020-08-11,30.54403305053711,31.406000510990683,30.376428689418947,30.679711901561088,7527000
2020-08-12,30.176898956298828,31.2543590479424,29.849670087796508,31.214453682434165,4864100
2020-08-13,29.825719833374023,30.168911404072613,29.58628463266388,29.88957084400807,4084600
2020-08-14,30.152952194213867,30.296613940436146,29.41868375315256,29.538399845281717,3971800
2020-08-17,29.474550247192383,30.025251547635573,29.41069923257546,29.98534618579197,5522600
2020-08-18,28.99567985534668,29.554361011085035,28.94779159431884,29.450607679067318,4335500
2020-08-19,28.86000061035156,29.45061037203112,28.76422712412231,29.00366236198756,4218700
2020-08-20,28.42103576660156,28.684413617347104,28.21352299247791,28.524792153663387,4373400
2020-08-21,28.101789474487305,28.516812018386087,27.95812770757678,28.41305562126525,5999700
2020-08-24,29.330890655517575,29.33887051063674,28.19756246437825,28.25343058396489,5276300
2020-08-25,29.21916007995605,29.857655173695697,29.05155568870904,29.626199750782337,4890800
2020-08-26,28.907886505126957,29.275020709385263,28.88394085209516,29.10741636108264,4649000
2020-08-27,29.48252868652344,29.75388939645176,28.88393915385072,28.907884805474616,5600600
2020-08-28,29.69004821777344,29.809764324929414,29.26704278098571,29.809764324929414,4666600
2020-08-31,29.05154609680176,29.57830475579091,28.923847120216017,29.506473891174945,6037300
2020-09-01,29.28300094604492,29.450608341118205,28.692394269677813,28.859998620167072,5984200
2020-09-02,30.01727294921875,30.144971939212407,29.139339729001307,29.243096109803677,8346100
2020-09-03,29.897554397583008,31.07877083922328,29.74591279543859,30.30459702928329,9892300
2020-09-04,30.57596015930176,30.92713165494625,29.961407758485603,30.583940014950425,8406900
2020-09-08,29.306947708129883,30.288634284028465,29.075492332745043,30.017273544338963,9781700
2020-09-09,29.155309677124023,29.594277917836106,29.075498930404464,29.538406741630613,5718900
2020-09-10,28.556716918945312,29.67408552220386,28.524794450388832,29.322914011406507,7381700
2020-09-11,29.275026321411133,29.330894448221933,28.45296413155116,28.572680241323773,6330300
2020-09-14,30.22478675842285,30.520093186489763,29.47455547120809,29.54638635309133,5797000
2020-09-15,29.785823822021484,30.392396435077004,29.61821943338169,30.24075175952077,7353500
2020-09-16,30.45624351501465,30.90319158267431,29.66610377915973,29.78582293581747,5697300
2020-09-17,30.24075126647949,30.448264068199062,29.889579737257083,30.0731468805723,6422600
2020-09-18,30.02525329589844,30.368444907987342,29.84168618506225,29.969385177147604,7800000
2020-09-21,28.86000061035156,29.674082854760787,28.429015355443585,29.275023110123968,8109100
2020-09-22,28.405075073242188,29.05155300859245,28.189582428125437,28.93981371348472,7230500
2020-09-23,27.53512191772461,28.91586824564012,27.52714206258289,28.58065952717257,6665800
2020-09-24,27.718690872192383,28.189581516007145,27.271742839976618,27.67878550466592,6961400
2020-09-25,28.06187629699707,28.11774440807527,27.303662303613848,27.45530692904072,4565600
2020-09-28,28.81211853027344,29.09944209522748,28.46892683264332,28.636534275256437,5622700
2020-09-29,28.50525665283203,28.73136277118237,28.036899919921844,28.666760142961454,5202800
2020-09-30,28.949390411376957,29.2077947765452,28.53755941702225,28.626386495128155,9457500
2020-10-01,29.070520401000977,29.143196825220407,28.618311196921947,29.094744848933058,4618100
2020-10-02,29.692302703857425,29.83765553174779,28.4648805352403,28.561781393692964,5406100
2020-10-05,30.467514038085938,30.6209406454728,29.966856036761254,30.13643329972924,5471700
2020-10-06,30.217185974121094,31.33155665718356,30.09606066796783,30.806674169673748,6061100
2020-10-07,31.3234806060791,31.54150983791156,30.67746977866215,30.72591866545429,7673000
2020-10-08,31.896821975708008,32.0260241693547,31.323487433927248,31.49306473550917,6988400
2020-10-09,31.63032913208008,32.106762624209466,31.15389872037284,32.058313744603794,6504700
2020-10-12,32.09869384765625,32.27634798173072,31.323480848750133,31.517282558265347,7249500
2020-10-13,31.024703979492188,32.05024771019922,30.943953765909004,31.896821072221893,6460000
2020-10-14,30.887426376342773,31.904893183942047,30.863201929626108,31.04085300625336,7761200
2020-10-15,31.60611343383789,31.77569072020341,30.733999475084477,30.84705099932816,6006800
2020-10-16,31.60611343383789,32.058322611235624,31.19428244117547,31.694940511578785,5679000
2020-10-19,31.46883773803711,32.05832289133169,31.380010659520124,31.775690997830104,6117200
2020-10-20,31.66263008117676,32.163291087876814,31.614181202118253,31.74338334697779,5666300
2020-10-21,31.347713470458984,31.783772051262986,31.31541215030533,31.50114012055368,4911800
2020-10-22,32.68818664550781,32.74471241416933,31.30733758747935,31.30733758747935,6366100
2020-10-23,32.833526611328125,33.132305997009176,32.35709311936108,33.011180717614124,5760500
2020-10-26,32.26827621459961,32.51860679942054,31.79991944221386,32.445930376757886,6300100
2020-10-27,31.016632080078125,32.08255098252084,31.000481420292825,32.00180076401772,6944000
2020-10-28,30.120285034179688,30.709770147764683,30.02338417342645,30.4271413537249,8437800
2020-10-29,30.742067337036133,30.952022767659816,29.530795958648824,29.99107883600221,6634200
2020-10-30,31.452686309814453,31.460760098380533,30.491742208034687,30.67747322970696,6210100
2020-11-02,32.09061813354492,32.3974713352608,31.307328313516475,31.856438258217715,5915600
2020-11-03,32.962738037109375,33.180767297905575,32.623583462819525,32.73663498758281,6210400
2020-11-04,31.493064880371094,32.526682434299104,31.065083189527147,32.04217497600117,7494700
2020-11-05,32.67203140258789,32.825461107794574,31.460759820461494,31.460759820461494,5535900
2020-11-06,31.63032913208008,33.05155582200802,31.412303013010256,32.96272876883476,6210300
2020-11-09,35.65983963012695,36.33007813307968,34.311291915159394,34.69889849934929,16088500
2020-11-10,35.64368438720703,35.92631626962539,34.908846421595946,35.92631626962539,8062400
2020-11-11,35.328758239746094,35.65176526153593,34.56969574309021,35.554861306745025,7680500
2020-11-12,34.5696907043457,34.88462081045501,34.02058069559308,34.69081600954469,8025000
2020-11-13,34.97345352172852,35.199556592228966,34.73927358132544,34.92500154358272,5968700
2020-11-16,35.75674057006836,36.37045330645165,35.3691339851847,36.063596938260005,7642100
2020-11-17,35.55485534667969,35.805185900625034,34.916921360237765,35.19955014660933,7384500
2020-11-18,34.933067321777344,36.14433877382877,34.90076909084381,35.74865849119529,7324800
2020-11-19,34.91691970825195,34.97344546285192,34.190155605648606,34.70696426508983,7476300
2020-11-20,34.44855880737305,34.86038973174807,34.254754026217306,34.76348888138145,5242500
2020-11-23,34.79579544067383,35.0218984857783,34.577766184141815,34.94114827836184,5943400
2020-11-24,36.6611557006836,36.6853801474164,35.46603165481438,35.56293560259169,8718100
2020-11-25,36.07974624633789,36.25740041291438,35.82941565529131,36.25740041291438,5407800
2020-11-27,35.7002067565918,36.12819143379045,35.57100459074869,36.09589012222402,2871800
2020-11-30,34.8926887512207,35.99898545193001,34.779637253144664,35.7648055885312,14916400
2020-12-01,35.73250198364258,35.98283248502231,35.538697227667605,35.78095394274184,6850700
2020-12-02,36.07974624633789,36.200874647262445,35.49833485057716,35.68406280635112,5822700
2020-12-03,36.31392288208008,36.62077613050004,35.88593816330838,36.14434252009514,6192000
2020-12-04,36.63692474365234,36.84688019709121,36.37044661326948,36.65307540010324,6634900
2020-12-07,36.176639556884766,36.37044434176874,35.84555882137583,36.233165310721226,7054500
2020-12-08,36.32199096679688,36.35429227642858,35.65175573426235,35.732505927919185,5289500
2020-12-09,37.0245246887207,37.26678141208282,36.53194361625916,36.6449951109363,9415200
2020-12-10,37.2425537109375,37.36368207203132,36.62076741280546,36.77419708091392,7318300
2020-12-11,37.01645278930664,37.12143050275404,36.596545015939405,36.79842357541852,5266800
2020-12-14,36.184715270996094,37.74321804661411,36.09588820910764,37.54941326790998,5518000
2020-12-15,36.49156951904297,36.556172140603074,35.93438576998852,36.44312063329544,5787400
2020-12-16,36.62077331542969,36.73382790820335,36.33814453455224,36.53194932745584,5711600
2020-12-17,36.56425094604492,36.77420641450632,36.17664440475808,36.77420641450632,6017900
2020-12-18,36.225093841552734,36.65307545668244,35.91016374133105,36.49157197234696,14375000
2020-12-21,36.6046257019043,36.74190165806782,35.700207443185995,36.402747121365465,10715700
2020-12-22,36.81459045410156,37.161821975865145,36.53196157844456,36.82266424465303,8468900
2020-12-23,37.735145568847656,37.92087350148356,37.0164582833018,37.11335914371556,6693000
2020-12-24,37.54134750366211,37.73514924336137,37.16181473281831,37.69477413762595,1980900
2020-12-28,37.678619384765625,38.1550529736857,37.58171852544607,37.84012287058007,4330800
2020-12-29,37.25064086914063,37.83204915391899,37.21833955320209,37.80782470717661,4083400
2020-12-30,37.60921096801758,37.7151501655779,37.34028121560992,37.397326355443006,3157400
2020-12-31,37.96778106689453,38.02482620703472,37.389178583343,37.5929121149085,3778500
2021-01-04,37.584754943847656,38.22040557328789,37.16098889379633,38.04926707186562,6738800
2021-01-05,37.70700454711914,37.98408229021005,37.1284020305469,37.57661520382501,5334600
2021-01-06,39.93992614746094,40.4451876197681,38.32635670862707,38.73382383283948,12378300
2021-01-07,40.73855972290039,41.50459670845471,40.38813778801147,40.46148198621443,7778600
2021-01-08,40.19255447387695,40.93414447113256,39.77693939993849,40.77930809235691,6574400
2021-01-11,40.20885467529297,40.29849793719287,39.53245777821362,39.76064147452082,5631500
2021-01-12,40.46147918701172,40.8281970439292,40.30663971889139,40.61631554640517,5901900
2021-01-13,40.347389221191406,40.64891710112192,40.05401553254136,40.25774907419473,5536300
2021-01-14,40.15994644165039,40.5755645216725,40.15179846950701,40.428876153279575,6949400
2021-01-15,39.44281768798828,39.77694059550373,39.133141812401874,39.54060892443181,8547300
2021-01-19,39.17388153076172,39.662840742184144,39.1412834210064,39.41021316339753,12398000
2021-01-20,37.14471054077149,38.66863696126334,36.82688352117,38.30191586843697,12256200
2021-01-21,37.21804428100586,37.55217029509748,36.82687622902285,37.234343338429404,12365900
2021-01-22,37.37287521362305,37.64995290891667,36.90836306397296,36.96540819752812,9036800
2021-01-25,37.29137802124024,37.52770962447692,36.59868537310674,37.128393710192206,9576900
2021-01-26,36.82686996459961,37.64180404478861,36.81872199163751,37.60920904421343,7909200
2021-01-27,34.8873291015625,36.46830009841936,34.8221328829407,36.3460587428669,11801800
2021-01-28,35.6696662902832,35.93859292946117,34.822134071629335,35.571875067739114,8597200
2021-01-29,34.919921875,35.85709725119226,34.89547484893943,35.62891671802264,7339300
2021-02-01,34.838436126708984,35.31924741631558,34.61025555154897,35.26220227252557,6666900
2021-02-02,36.060829162597656,36.280861713586106,35.27849327601192,35.27849327601192,6487400
2021-02-03,36.45200729370117,36.54165055531266,35.848957711686765,35.86525366040945,5850300
2021-02-04,37.73959732055664,37.77219232022312,36.46015109902758,36.65573353193331,6633800
2021-02-05,37.772193908691406,38.21225906432584,37.59291052244271,38.17966095456177,4146600
2021-02-08,38.62788009643555,38.6604750999236,37.84554094690788,37.861840003015445,5986200
2021-02-09,38.79901123046875,38.99459366466973,38.26930284611485,38.49748649765164,4940300
2021-02-10,38.58713150024414,39.04349575215236,38.55453649625058,39.019048721975416,5625500
2021-02-11,38.50564193725586,38.807166728543095,38.1796670054072,38.51378991162477,4413300
2021-02-12,38.823463439941406,39.26352863872615,38.35895121079989,38.39969729763689,4141600
2021-02-16,39.64654541015625,39.89917299285606,39.12498497217271,39.34501755333915,5603600
2021-02-17,40.17625045776367,40.24959465102057,39.23907810917758,39.51615582717845,6928600
2021-02-18,39.98067474365234,40.33924468840743,39.40206907336761,39.833986332450856,7617300
2021-02-19,40.76300430297852,40.885242553485874,40.15180372426104,40.20070088970012,5374200
2021-02-22,41.51274490356445,41.66758438322271,40.58372046052331,40.58372046052331,7017900
2021-02-23,42.05875015258789,42.94702846186545,41.7653733739308,42.24618462590171,9904100
2021-02-24,43.03667831420898,43.2241128162775,42.00171145682662,42.10765066969529,6814400
2021-02-25,42.07505416870117,43.63157838678229,42.03430807991181,43.59898027225988,6254500
2021-02-26,40.74671173095703,41.83057575518964,40.6244703522732,41.7979776397103,9499600
2021-03-01,41.69202423095703,42.00984800053829,41.46384370074004,41.57793396584854,8921300
2021-03-02,41.27642440795898,41.89577312116511,41.2356752051185,41.71648657659567,7360600
2021-03-03,41.69202423095703,42.52325730225309,41.32530330116074,41.48829072648427,7442800
2021-03-04,41.577938079833984,41.99355310224232,40.77930303632591,41.64313119117807,10901400
2021-03-05,42.75959777832031,42.93888118549075,41.0726842602584,42.16469619497392,10621000
2021-03-08,44.04719543457031,44.32427320293694,42.80849500591525,43.19151509684991,9847600
2021-03-09,43.11001968383789,43.87605669955292,42.75959773515201,43.08556954432285,8899100
2021-03-10,43.82715606689453,44.144979876937,43.08556614055311,43.25670466872956,8455100
2021-03-11,43.47673416137695,44.04718866847207,43.11001629349085,43.46858618799754,6141300
2021-03-12,44.52799987792969,44.59319609980432,44.006442537840485,44.16127890170229,5415500
2021-03-15,43.99013900756836,44.61763859000929,43.444134694180775,44.52799534841392,6228000
2021-03-16,43.87604904174805,43.88419701434616,43.02851689011696,43.66416755820361,9928300
2021-03-17,44.40576171875,44.56874605632672,43.77011098903827,44.259073327949366,7768700
2021-03-18,45.85634613037109,46.46754675802336,44.764334217949965,44.821379361166,11182900
2021-03-19,44.99251174926758,45.595564362290695,44.69913497043076,45.47332300153304,28076700
2021-03-22,44.202030181884766,44.82137877530358,43.87605527457353,44.82137877530358,6976700
2021-03-23,43.66416931152344,44.45465325180263,43.30559632827448,43.74566147568358,10640100
2021-03-24,43.57453155517578,44.51170399598848,43.57453155517578,43.90050336160869,6880700
2021-03-25,44.73173522949219,44.76433334175677,43.46043993844451,43.582678196346045,8728200
2021-03-26,45.80744934082031,45.88079354109579,45.07401044679273,45.25329385178942,9628300
2021-03-29,45.31033706665039,45.71780413778475,44.65024240099803,45.27774206359219,11780100
2021-03-30,45.87692642211914,46.11505692003119,45.384245441684605,45.70448839220598,6624000
2021-03-31,45.417091369628906,46.02473103257746,45.400668252739855,45.63058562440804,6752700
2021-04-01,45.84407806396485,45.85228805532869,45.09684042190855,45.26928156443865,6219400
2021-04-05,46.2874870300293,46.59951993485577,46.09862591543107,46.34496636349881,4769200
2021-04-06,46.17252349853516,46.32032837828141,45.753745094179706,46.05756484370772,4513200
2021-04-07,46.64879989624024,46.698066117635165,46.188961991421,46.39424626693842,5068800
2021-04-08,46.6241569519043,46.85407743746238,45.926191768418754,46.492775159752114,6361400
2021-04-09,47.042930603027344,47.17431237293517,46.60772594514204,47.07577682860142,5990100
2021-04-12,47.36317825317383,47.461713807455695,47.05935846691128,47.29748579539339,5185600
2021-04-13,46.5009880065918,47.05114827907864,46.459931784111866,46.98545894958855,6099300
2021-04-14,47.28105545043945,47.48633963742666,46.18073208289251,46.41064936995399,6508900
2021-04-15,46.2546501159668,46.96082532617089,44.77660096524176,46.67342862041279,13346400
2021-04-16,47.51098251342773,48.0036634106165,46.43529202461946,46.730901815888224,7934200
2021-04-19,47.396026611328125,47.790171978551335,47.24000858328488,47.46992906345678,6586600
2021-04-20,46.16432571411133,47.02651898566504,46.115056363706536,46.84586783323672,10679900
2021-04-21,46.79659271240234,46.8787051483996,45.5156180370801,45.90155337752222,6051500
2021-04-22,46.11505508422852,46.72269785947134,46.11505508422852,46.47635424667153,6050400
2021-04-23,46.99366760253906,47.34675674410908,46.049361982842754,46.156107531772186,6229600
2021-04-26,47.45351409912109,47.847659534044645,47.11684801101621,47.256439815464574,5588600
2021-04-27,47.88870620727539,47.94618554262479,47.48635085982956,47.78195752774556,5627500
2021-04-28,48.42245101928711,48.60309903346671,48.01188250973205,48.03651561794084,5281900
2021-04-29,49.29285430908203,49.37496989051693,48.67700154407146,48.76732711745528,6111800
2021-04-30,48.73447799682617,49.16146959781624,48.51277377106324,48.906919141425846,6581800
2021-05-03,48.68521118164063,49.30106390254466,48.63594183630829,48.964397873746016,4870200
2021-05-04,49.76090621948242,49.81017557236285,48.29928320698004,48.44708813323189,7908000
2021-05-05,49.58846282958984,50.07293378391597,49.21074056211905,49.74448086400665,6789200
2021-05-06,50.45065307617188,50.483499305942495,49.55561367545027,49.88406970837868,5512900
2021-05-07,50.3931770324707,50.426023264387176,49.41602512587377,49.539196929366,6158800
2021-05-10,50.228946685791016,51.13219922744886,50.17146734878603,50.746263851224846,7013500
2021-05-11,49.39139175415039,50.55740478945147,49.30927617479809,49.91691893244885,6943500
2021-05-12,48.90692138671875,50.32748803648974,48.82480580638022,50.13041377606637,9206700
2021-05-13,50.17146682739258,50.58203530595516,48.70163405475408,48.74269027613256,5329700
2021-05-14,50.83658218383789,50.98438706721276,50.30284197916328,50.37674442085071,4087700
2021-05-17,51.08292388916016,51.25536187994591,50.467071237163694,50.54918680352969,4151300
2021-05-18,49.966190338134766,51.29643467032557,49.93334723537118,51.05830416405062,5832200
2021-05-19,49.3256950378418,49.52276927890665,48.55382745281445,49.43244371560146,8055000
2021-05-20,48.96439743041992,49.41602212851607,48.53740583857246,49.25179411128414,6338800
2021-05-21,49.57203674316406,49.94154899675969,48.980820269799935,49.10398893273923,5347800
2021-05-24,49.61308670043945,49.83479402460605,49.38316938606898,49.74447160280942,3504600
2021-05-25,48.9808235168457,50.171469666133774,48.90692106122742,49.70342182468102,5028200
2021-05-26,49.0465087890625,49.14504434426876,48.36496676133499,49.06293190366168,7436100
2021-05-27,49.87586975097656,50.2946483014392,49.48993430450292,49.68700545799492,12453000
2021-05-28,49.90870666503906,50.05651157802132,49.465295058481416,49.90049667315744,6127000
2021-06-01,50.08113861083984,50.71341123832044,49.87585439526111,50.5081270227417,4967000
2021-06-02,49.81837463378906,50.34390488536635,49.645936635128194,50.08114132577207,5573300
2021-06-03,49.79374313354492,50.319270269668536,49.51455645093065,49.670574472984654,4631500
2021-06-04,49.900489807128906,49.908699797880885,49.36674956897832,49.83479735155832,4581600
2021-06-07,49.71163177490234,50.04829779958173,49.6213062090927,50.0318746846719,4520800
2021-06-08,49.50635147094727,49.74448195747866,48.84944248429954,49.44065900608793,5617400
2021-06-09,48.6523666381836,49.15326070306697,48.611310415177705,49.09578136438091,6549800
2021-06-10,48.12683868408203,49.4570797086732,48.11862556018087,49.36675414009429,4873800
2021-06-11,48.56203079223633,48.635933230964525,48.10219618005053,48.26642103732354,5659300
2021-06-14,47.757320404052734,48.54561105028797,47.43707752479396,48.41422927591544,5035400
2021-06-15,48.04472351074219,48.27464399607209,47.5766756808902,47.73269371243353,5807800
2021-06-16,47.98725128173828,48.373186723398206,47.08400171932209,47.6998545479848,8635300
2021-06-17,45.75375747680664,48.41423976748546,45.59773943241233,48.35676042451574,8333100
2021-06-18,44.94904327392578,45.35139867230664,44.39066983208403,44.97367638293993,19017200
2021-06-21,45.967247009277344,46.08220568340634,45.21180250363592,45.21180250363592,5680700
2021-06-22,45.93439865112305,46.18895222660966,45.44992773802839,46.180742235576,4183300
2021-06-23,46.098628997802734,46.4106619234932,45.79480919595065,46.00009343846484,5655900
2021-06-24,46.70627975463867,46.91977402526508,45.99188821268874,46.22180873381275,5761900
2021-06-25,47.50276947021485,47.60130815572975,46.65699944673888,47.07578102920531,4931100
2021-06-28,47.24821472167969,47.43707581977775,46.77195384895446,47.34675026582031,5143200
2021-06-29,46.86771774291992,47.802426024816285,46.69401181556656,47.29784895976231,6974000
2021-06-30,47.1241455078125,47.33093919088287,46.718828500609234,46.84290597261994,4664100
2021-07-01,47.62872314453125,47.64526386259556,47.14896027971442,47.438470177158216,3660400
2021-07-02,47.62044906616211,47.761070411413314,47.29785142556741,47.65353681274136,3520900
2021-07-06,46.33004760742188,47.4219209741558,46.01572353370064,47.23166804082366,5008700
2021-07-07,46.31351089477539,46.71882471370379,45.87510617651572,46.0488120989136,5125700
2021-07-08,45.5276985168457,46.02400209943969,45.22164159067223,45.593870855328326,5977700
2021-07-09,47.1241455078125,47.18204748663851,46.19770753575395,46.38796050094934,4437300
2021-07-12,47.62872314453125,47.76934133602646,46.32178553796505,46.702285161868666,5403100
2021-07-13,47.08278274536133,47.63699143913489,46.76845862902161,47.47982938096503,4387500
2021-07-14,47.14068603515625,47.50464175557563,46.51203151620709,47.14895639350673,6398100
2021-07-15,48.65441131591797,49.40714010039818,46.627832848341775,46.84290001843372,10314800
2021-07-16,47.2895736694336,48.81984867953879,47.19031359402047,48.76194670592938,5779400
2021-07-19,45.089298248291016,46.59475933030564,44.83287607243206,46.20598615345943,8560800
2021-07-20,46.39622497558594,46.97524784583141,44.92385514859609,45.16373339241455,6271100
2021-07-21,47.314395904541016,47.57081805525974,46.72710259463662,46.79327493322101,5544800
2021-07-22,46.16461944580078,47.34747947574896,46.02399811115149,47.30611821793267,4042900
2021-07-23,46.09017181396485,46.90907293810269,45.94955048476269,46.56993146292444,3570500
2021-07-26,46.47067260742188,46.660922400392,45.92473745855341,46.0653556360188,3721700
2021-07-27,46.44585800170898,46.6195639214392,45.57732209221613,45.908193215396345,4332400
2021-07-28,46.35487365722656,46.83463337047527,45.88338430307644,46.735373284186096,4063600
2021-07-29,46.68574905395508,46.97526215497687,46.17290151228284,46.78501231137945,7566000
2021-07-30,45.94127655029297,46.78499499356087,45.60213510151651,46.39622193444374,6478400
2021-08-02,45.602142333984375,47.00006644837359,45.585598461246974,46.214249848162886,4741300
2021-08-03,46.23078918457031,46.33832276910131,44.956939507574674,45.93300581535878,5102700
2021-08-04,45.54424285888672,46.106721941171415,45.395351151492456,45.77585077909056,4101400
2021-08-05,46.16461944580078,46.2886937529868,45.79239021340084,45.941281906360814,3774500
2021-08-06,47.148963928222656,47.5625513311018,46.62784291707692,46.78500814964073,4756100
2021-08-09,47.18204498291016,47.60390268560241,46.6609240457083,47.0662410314033,3672300
2021-08-10,47.703163146972656,47.87687223104602,47.01660979092829,47.05796789459488,3759600
2021-08-11,48.62959671020508,48.66268445233538,47.521182592205776,47.89341180261986,5462200
2021-08-12,48.67923355102539,48.80331102767104,48.19947382919957,48.57997346296165,3758200
2021-08-13,48.15810775756836,48.943921128292565,48.04230381474251,48.81984682758807,3630500
2021-08-16,47.62044906616211,47.92650283346718,47.11587197480274,47.80242851692678,3219600
2021-08-17,46.95043182373047,47.579086325812106,46.42104055171701,47.22340097328665,3474500
2021-08-18,46.36314010620117,47.18204442643141,46.3217820033538,46.66919385377688,4656800
2021-08-19,45.77584457397461,46.31350935061787,45.34571338374417,45.90819238978237,5568800
2021-08-20,46.05708312988281,46.13979932977889,45.494604135411336,45.66003969062426,3650900
2021-08-23,46.46240234375,46.71882764199624,46.26388217868677,46.28869641046439,3674900
2021-08-24,46.99179458618164,47.07451079180102,46.4375859111847,46.586477605636354,3210400
2021-08-25,47.6783447265625,48.10847590882756,47.049693401972505,47.2151289575238,3983400
2021-08-26,47.34748458862305,47.95132178397972,47.26476521947888,47.86860241483554,3340500
2021-08-27,48.22428512573242,48.28218710319543,47.36402266710907,47.504644009105725,4432400
2021-08-30,47.21513748168945,48.33182216127929,47.11587423718535,48.15811621652911,4848600
2021-08-31,47.4715576171875,47.83551652067352,47.06624376338687,47.3309394266015,6869000
2021-09-01,46.46240234375,47.65353595581392,46.41277388019476,47.65353595581392,6533600
2021-09-02,46.68574905395508,46.950444762909896,46.346607479642856,46.528586962832456,5307500
2021-09-03,46.44585800170898,46.77672596946832,46.16461849363206,46.72709750978591,3921800
2021-09-07,46.1811637878418,47.107598543693946,46.09844442678831,46.55338986860904,4879100
2021-09-08,45.77584457397461,46.22251963560863,45.58559478596475,46.01572597619519,3501700
2021-09-09,46.172889709472656,46.70228099205819,45.65176878518086,45.75103201723135,4810100
2021-09-10,45.86683654785156,46.61956537897031,45.84201916181357,46.47894404282497,3856300
2021-09-13,46.768463134765625,46.78500700912807,46.18116979429528,46.27215637015661,5448400
2021-09-14,46.247337341308594,47.11587014504645,45.87510809530064,46.94216421538309,5432200
2021-09-15,47.81069564819336,47.95131698395132,46.43758581206416,46.51203165913109,7194300
2021-09-16,47.23167419433594,48.25737221259976,47.00006628764649,47.97613268786783,6056000
2021-09-17,47.15723037719727,47.56254738679178,47.03315605987575,47.04142641886204,10014300
2021-09-20,46.05708312988281,46.13979932977889,45.155462667164194,45.85855983254315,8945100
2021-09-21,47.23167419433594,47.529457591748695,46.22252320417401,46.4210433655018,10332300
2021-09-22,47.90996170043945,48.737136479704674,47.75279962833075,47.876877107389085,8715700
2021-09-23,49.04318618774414,49.32442569743797,48.38144709300011,48.46416329656027,8216800
2021-09-24,49.45677185058594,49.89517339444621,49.02664066463475,49.13417424997775,4770700
2021-09-27,50.540374755859375,50.73062772058659,49.9944395601139,50.02752730662482,5388200
2021-09-28,49.97789001464844,51.00358795212779,49.88690345520164,50.71407809156792,7223100
2021-09-29,50.22795104980469,50.5613605689104,49.70283534971212,50.01123708812616,4934700
2021-09-30,49.54446029663086,50.56135638407133,49.49445109864432,50.52801479899459,5648600
2021-10-01,50.64470672607422,50.94477462989444,49.67782302466936,49.802852377803966,6334000
2021-10-04,50.4530029296875,51.35320674011459,50.31130594821039,50.47801071084084,5305300
2021-10-05,51.08647537231445,51.41154787870831,50.41965956693876,50.78640746498825,5365100
2021-10-06,51.219844818115234,51.26152021488447,50.161273206106046,50.79474750403373,5037100
2021-10-07,51.5782585144043,52.12004502704824,51.35320755821228,51.68661390915573,5104900
2021-10-08,51.95334243774414,52.19506100412916,51.38654815449793,51.61993291361265,4554500
2021-10-11,51.55324935913086,52.51179934926259,51.53658174471242,52.32842379437123,3713300
2021-10-12,51.39487075805664,51.79496019202049,50.994781324092784,51.41987535404557,4108300
2021-10-13,51.22817993164063,51.37821390753804,50.16960829264397,51.24485072669912,5000800
2021-10-14,50.077919006347656,50.28629915564912,48.84430572440975,50.0112358323494,8490700
2021-10-15,50.20294189453125,50.56135598218589,49.20271660757941,50.21127888054845,9158100
2021-10-18,50.49467849731445,50.794743236621024,49.86953805940888,49.86953805940888,5212200
2021-10-19,51.13648986816406,51.15316066247911,50.55302796528184,50.73640034348958,3506800
2021-10-20,52.161720275878906,52.17005408277861,50.66138066363353,50.994790172938885,4806200
2021-10-21,51.82831573486328,52.336763854461125,51.49490619359711,52.15338828880183,4699000
2021-10-22,52.29507827758789,52.35342445900816,51.58658393521141,51.90332261979888,5251100
2021-10-25,52.11170959472656,52.52013291833234,51.98668022975322,52.386769746187554,3043600
2021-10-26,52.045021057128906,52.28674277537301,51.73661934949625,52.17005040922165,3825600
2021-10-27,50.2446174621582,51.7949661854331,50.15292969341829,51.753290794086375,7255000
2021-10-28,50.786415100097656,50.81975669028608,50.211286977678085,50.50301794275416,3979100
2021-10-29,50.319637298583984,51.011460916851,50.17794032402543,50.86976076266372,4008400
2021-11-01,50.661380767822266,50.91143949012992,50.26962825015585,50.78641012897609,2797500
2021-11-02,50.728065490722656,50.93644564592304,50.25295899123608,50.70306088957984,3588300
2021-11-03,51.53657913208008,51.89499005722633,50.42799523135093,50.49467840415961,4187500
2021-11-04,50.2446174621582,51.286518143968905,49.811186396969525,51.23650894620426,4260300
2021-11-05,50.58635711669922,51.03645894194772,50.36964318952123,50.778066446795066,3907500
2021-11-08,50.58635711669922,50.953108165255024,50.22794305358967,50.778066446795066,3563800
2021-11-09,50.06958770751953,50.37798947322304,49.66949815696736,50.10292929830616,4042900
2021-11-10,50.419654846191406,50.75306112784843,50.1279207726597,50.23627932452167,3580100
2021-11-11,50.661380767822266,50.936444090509184,50.36131284475608,50.41966221168894,2893700
2021-11-12,50.42799377441406,50.68638629213934,49.97789190984562,50.61136931471126,3686000
2021-11-15,50.3946533203125,50.6947212367612,50.30296554810555,50.644708857476864,3190100
2021-11-16,50.444671630859375,50.82809037823551,49.91121890761796,50.50301782373709,3910500
2021-11-17,49.4444465637207,50.40299661913276,49.42777576853808,50.32797963062548,4177300
2021-11-18,48.885986328125,49.51112680199039,48.66093537597799,49.51112680199039,3947000
2021-11-19,48.0024528503418,48.53590554081668,47.66070952177952,48.51090093958468,4302300
2021-11-22,49.16103744506836,49.836190177384005,48.602580250641616,48.72760641465158,5534300
2021-11-23,50.06958770751953,50.22795549431234,49.45278417611252,49.57781037211871,4686500
2021-11-24,49.877872467041016,50.51134671937955,49.61114613135861,49.96956024111224,2862800
2021-11-26,47.92743682861328,48.227504767933056,47.13559158421476,48.21083397356763,4654300
2021-11-29,47.844085693359375,48.502564578113045,47.34397140486942,47.844085693359375,4965300
2021-11-30,46.12703704833984,47.31897193945126,46.06869085196062,47.2939673351828,10030800
2021-12-01,45.71860885620117,47.56902581687807,45.69360425282849,47.16060245685513,6293100
2021-12-02,47.17726516723633,47.5773578573726,45.88530886004219,46.32707694467592,5410900
2021-12-03,46.33541488647461,47.360644944817054,46.027013124118525,47.19394017232247,6285700
2021-12-06,47.41064834594727,47.96910557140082,46.985551097662245,47.293955981203446,6425500
2021-12-07,48.08580017089844,48.32752189746075,47.51067212666303,47.73572306039739,8751700
2021-12-08,47.54401397705078,48.28584677406768,47.49400159828846,48.07746663200097,4190900
2021-12-09,47.68571853637695,48.07747428328948,47.01890261156881,47.3689829593613,5617000
2021-12-10,48.15248489379883,48.31085266132439,47.65237063173137,48.24417266749263,4034800
2021-12-13,47.36064147949219,48.135815912188654,47.2189444999985,48.04412813504387,4763100
2021-12-14,47.76906204223633,48.24416848323536,47.35230178314045,47.452323355027495,4585600
2021-12-15,47.29396438598633,48.05246807124608,47.02723484536237,47.9024340957328,6417600
2021-12-16,47.869083404541016,48.48588680471048,47.55234471871894,47.944100378034975,7989200
2021-12-17,46.45210266113281,47.66070816718055,46.26039330466891,47.56902039243069,14924000
2021-12-20,45.73527145385742,45.92698079781968,44.87674630923763,45.80195462373745,6655900
2021-12-21,46.54378890991211,46.85219063153602,46.260391787989725,46.260391787989725,4620100
2021-12-22,46.73549270629883,46.76049730302895,46.210373917568425,46.45209561805382,4896000
2021-12-23,46.935546875,47.44399177817509,46.80218370407019,47.11891924776048,4679500
2021-12-27,47.29396438598633,47.31896898869553,46.63548229119242,46.95222103723477,3709200
2021-12-28,47.30229187011719,47.58568898824224,46.86886079653601,47.03556554477933,3129000
2021-12-29,47.17726516723633,47.51067468247362,47.11891897901412,47.37731151230447,4269200
2021-12-30,47.185665130615234,47.60584023166904,47.15205035316735,47.21927670238152,4346700
2021-12-31,47.20246887207031,47.37894484917998,46.992381323508816,47.10162774635164,3282500
2022-01-03,48.126861572265625,48.23610800773655,47.12684587956371,47.12684587956371,5430900
2022-01-04,49.38738632202149,49.647896062770656,48.66468456857959,48.83275526565383,7552600
2022-01-05,49.12688064575195,49.82437297432794,49.07646167643564,49.74033601599712,6527200
2022-01-06,50.46303939819336,50.47984679038208,49.53024996865378,50.02605681833328,5783200
2022-01-07,51.261375427246094,51.40423345938135,50.15211313347176,50.33699125099496,7040100
2022-01-10,51.56389236450195,52.1017160169289,51.05968028609032,52.1017160169289,7635500
2022-01-11,52.20256423950195,52.26138850911944,51.25297062671561,51.81600383753501,6316800
2022-01-12,52.51348876953125,52.59752251263704,52.08490834491903,52.38743494919076,5649600
2022-01-13,53.10173416137695,53.42106817211652,52.60592735747157,52.74878857504532,6612600
2022-01-14,53.15215301513672,53.1773624966775,51.95885720553996,52.3370122513789,7236700
2022-01-18,52.26138305664063,53.4042599568553,52.068102875822255,53.19417238565943,7624500
2022-01-19,48.21089553833008,50.02605204774599,48.14366918166829,48.92519521266366,13764600
2022-01-20,47.84954452514648,49.017634125086126,46.63944125737892,47.54702111246607,13476700
2022-01-21,46.30330276489258,47.70668950913889,46.27809328034037,47.605848365247866,13354000
2022-01-24,47.74030685424805,47.95879654535057,45.11000923351611,45.647832970706034,15290400
2022-01-25,48.244510650634766,48.572246755105134,46.7150733593184,47.47979200497658,8466200
2022-01-26,48.37055969238281,49.17729513213672,47.631050603100896,48.740312634182935,7507100
2022-01-27,48.26972198486328,49.36217998256674,47.88316160095579,48.99242378432294,7130000
2022-01-28,48.80754852294922,48.84116009970536,47.47979346777776,48.19408996333875,6843800
2022-01-31,48.89997863769531,48.99241767573055,47.664665981781965,48.3285402259154,9476100
2022-02-01,49.807559967041016,49.84957683862809,48.5134198057956,48.85796328190049,6341700
2022-02-02,50.22773742675781,50.37900073604111,49.36217765027826,49.54705253498298,7702200
2022-02-03,49.70672607421875,50.49665427443229,49.56386484319582,50.36219834236015,4809300
2022-02-04,50.16891098022461,50.62270088833377,49.5638577694124,49.79915481553633,5307300
2022-02-07,50.06806945800781,50.3789981530677,49.6731038144981,50.177312682469896,5853100
2022-02-08,50.06806945800781,50.84119014965548,49.58066477404418,50.589085715669576,11056100
2022-02-09,50.210933685302734,50.40421388217099,49.94202182829628,50.1605115099832,5928600
2022-02-10,49.75713348388672,50.62269635081059,49.589062806428,50.143693798064696,6952800
2022-02-11,49.20250701904297,50.35378597618213,48.90838571069123,49.45461145558472,7330400
2022-02-14,48.63107299804688,49.4630212403542,48.11845878069089,49.16049460678789,7279600
2022-02-15,49.252925872802734,49.54704716135355,48.89157502933653,49.11846996865357,4244700
2022-02-16,49.24452590942383,49.65629896367699,48.77393179677104,48.77393179677104,3994100
2022-02-17,48.00921630859375,48.92519831670889,47.908371958680064,48.79074238917282,4721800
2022-02-18,47.98400115966797,48.53023014049177,47.81593366312097,47.84954523902116,6264900
2022-02-22,48.57223892211914,48.93358974971899,47.76550353264662,48.15206383939202,7458300
2022-02-23,47.60585021972656,49.00083171967532,47.429374203939965,48.96721693517479,8561100
2022-02-24,46.496578216552734,46.62262882344693,45.18563074735449,46.00077146913304,11719500
2022-02-25,48.18568801879883,48.27812706794729,46.87474035081376,46.87474035081376,10009500
2022-02-28,47.51340866088867,47.639459287598406,46.58061927709887,46.68146041960309,9501500
2022-03-01,45.26127243041992,47.17727029008105,45.00076265598015,46.87474363735933,13167700
2022-03-02,47.25289916992188,47.4966015375576,45.85791773562663,45.85791773562663,9063200
2022-03-03,47.32012939453125,47.841145714292416,47.00919745672991,47.47139271408807,8283000
2022-03-04,46.42934799194336,46.46296276890291,45.64782205888237,46.1520308905494,7772000
2022-03-07,44.622596740722656,46.18564870980446,44.614194648770095,46.10161496755176,10401800
2022-03-08,44.748653411865234,45.99237146942867,44.420917308236746,45.21084543507674,9850200
2022-03-09,45.80750274658203,46.66466061136345,45.53859085241719,46.23608328181406,7817800
2022-03-10,44.53015899658203,45.59740094127994,44.06796381697075,45.21084061440656,10672200
2022-03-11,44.24444580078125,45.555390253396816,44.21083101848801,44.824286369770284,7434500
2022-03-14,45.33689880371094,45.92514464806887,44.69823078788851,44.83268670611187,9175200
2022-03-15,45.71505355834961,45.94194529827876,44.925122294589926,45.81589468783831,7606400
2022-03-16,47.29491424560547,47.34533641806402,46.37053019030603,46.48817872036064,9093800
2022-03-17,47.60585021972656,47.62265440629453,46.227672906345774,46.64784809555543,6955700
2022-03-18,47.50499725341797,47.67306793976654,46.75708606513263,47.597436291193766,18475700
2022-03-21,47.19407653808594,47.82433931407837,46.76549926091128,47.20247863126565,8431200
2022-03-22,47.91677474975586,48.55543957070888,47.69828187539261,48.0596327628009,4754000
2022-03-23,46.93355941772461,47.832733914161686,46.89154254704359,47.53861261371283,6456400
2022-03-24,47.10162734985352,47.26969802842422,46.74868180996843,46.90834719148575,6459900
2022-03-25,48.00081253051758,48.05963680032293,47.14365476319091,47.30332338610454,4079600
2022-03-28,47.65625762939453,47.85794308178651,46.94196126329922,47.64785553814889,6882500
2022-03-29,47.79072570800781,48.67309297501059,47.50500644762114,48.48821806935968,6182800
2022-03-30,46.7486572265625,48.078765547933074,46.47755255162217,48.02793220944827,7908500
2022-03-31,45.028839111328125,46.89268305834243,45.02036527181427,46.61310775901942,9511300
2022-04-01,44.817039489746094,45.562575794466376,44.45274194528878,45.44396789288919,7514600
2022-04-04,44.613712310791016,45.04578444261399,43.986780634219,44.51204885009557,5616800
2022-04-05,44.90175628662109,45.49479899714857,44.21552073463352,44.266354075017965,7370000
2022-04-06,44.87635040283203,45.13051069304644,44.52052341107312,44.6137162715772,8299100
2022-04-07,44.545936584472656,45.172865012851936,44.05455727893257,45.06272771474415,8656100
2022-04-08,44.266357421875,44.56287718364639,43.32596156051,44.23246852572312,9974800
2022-04-11,43.81734085083008,44.80856682440957,43.80039640275739,44.00372331598359,8520700
2022-04-12,43.05485916137695,44.190111388695854,42.80916949884884,43.45304563293471,7387600
2022-04-13,42.8769416809082,43.06332736350168,42.17376168335847,42.54653304854542,10788100
2022-04-14,44.65607452392578,45.198283989602416,43.57165559257252,43.9952571416103,10824100
2022-04-18,44.681488037109375,45.537161652673774,44.36802059742492,44.57135074122503,8468000
2022-04-19,44.80009460449219,45.18133659285397,44.41037877648743,44.978006455120045,7707000
2022-04-20,44.94412612915039,45.52022452544085,44.82551820611827,45.28300867937661,7978800
2022-04-21,44.59675979614258,45.64729280607023,44.3764884658375,45.41007379825412,6745000
2022-04-22,43.06332778930664,44.56287417688464,43.00402060913094,44.54593296177478,6300900
2022-04-25,43.0718002319336,43.18193752577686,41.90265919835142,42.77528047753588,8400700
2022-04-26,42.38556671142578,43.26665864147935,42.300847700845786,42.41945560838702,6488100
2022-04-27,42.055152893066406,42.45333930401789,41.78404821423812,42.1822346251896,7795500
2022-04-28,42.394039154052734,42.58042161754922,41.85182974783934,42.47028755379043,8219200
2022-04-29,41.14017868041992,42.60583947679283,41.02156754615868,42.47028712660293,8803500
2022-05-02,41.385868072509766,41.72475058829115,40.53866501487949,41.56378317079774,8139900
2022-05-03,41.91113662719727,42.22460085609342,41.47906125456169,41.86030327988037,5843000
2022-05-04,42.80916976928711,42.87694756564987,41.385868363901146,41.74169533115924,8092600
2022-05-05,41.71627807617188,42.30931760399368,41.12323531652703,42.2669580994097,6861000
2022-05-06,41.75864028930664,41.92808155045592,40.80977051960004,41.580728419420375,7779100
2022-05-09,41.88571548461914,42.47875823562882,41.1910092777236,41.24184262157803,9513400
2022-05-10,41.81794738769531,43.13958221394217,41.03851882057993,42.20766005534126,9607800
2022-05-11,41.055458068847656,42.48723325828706,40.99615411527807,41.86030159392174,7711400
2022-05-12,41.16559219360352,41.41975243670796,40.39463762482043,40.86907244861881,7743600
2022-05-13,41.17406463623047,41.55530663378914,40.75046313490372,41.47058762625298,5588900
2022-05-16,40.89450073242188,41.33504680449998,40.42006575514763,41.14019044735802,5956500
2022-05-17,42.06362915039063,42.122933100304735,41.44516813244705,41.66544271654767,5589800
2022-05-18,41.5976676940918,41.919605752057095,41.40281138400896,41.85183118985672,6481700
2022-05-19,41.71627807617188,42.08904624106315,41.01309801915025,41.06393136374485,7078400
2022-05-20,41.69085693359375,42.25848459799012,40.70810162814388,41.902657673835726,8463600
2022-05-23,42.99555587768555,43.41915741342629,42.23307182062291,42.656673356363655,6472100
2022-05-24,43.241241455078125,43.39373825207026,42.14834882057545,42.8769439102439,7000300
2022-05-25,43.36832046508789,43.647899006740325,42.74986266207177,43.0718007074168,7374700
2022-05-26,44.17316436767578,44.39343895981426,43.68178830305372,43.77497791930292,5799100
2022-05-27,44.47815704345703,44.512045938746695,44.02914049224928,44.35954914176615,5645900
2022-05-31,44.961063385009766,45.21522364109602,43.74109221670196,43.99525247278821,10600500
2022-06-01,43.84275817871094,45.07967386569981,43.647901863513226,45.07967386569981,8293200
2022-06-02,44.2070541381836,44.29177314802171,43.33443605592338,43.81734152201137,7882500
2022-06-03,44.00373077392578,44.30025381771926,43.87665223957735,44.12234193053731,8820500
2022-06-06,44.266357421875,45.08814537853145,44.11386062101457,44.41885422273543,5009200
2022-06-07,44.52899169921875,44.62218131627839,43.84275609257434,43.98677905406716,5080000
2022-06-08,43.91900253295898,44.435796866915005,43.68178673317178,44.1477477249636,4409100
2022-06-09,42.63972854614258,43.758036247724405,42.63972854614258,43.69873229626347,5307600
2022-06-10,41.27573013305664,41.91113236672156,40.99615159896909,41.851828416792,8450500
2022-06-13,39.86936950683594,40.80129140105374,39.67451322829304,40.631850175244345,10676800
2022-06-14,38.73412322998047,40.56408162964284,38.70870494166114,40.038813428684,13689800
2022-06-15,39.27633285522461,39.87784622885529,38.71717898658624,39.259388406863074,11557100
2022-06-16,38.47148895263672,38.71717860371477,37.94622398591572,38.68328970732682,8390400
2022-06-17,38.47148895263672,39.132306273086456,38.361351655287415,38.47995956082219,19038700
2022-06-21,39.25091552734375,39.58132417171695,38.95439254590977,39.36952342718819,7722300
2022-06-22,39.39494323730469,39.54744005031754,38.71718141937163,38.88662268181072,5875900
2022-06-23,38.73412322998047,39.44577389828378,38.04788761817344,39.20855485430064,6328900
2022-06-24,40.259090423583984,40.42853168457727,38.869677900720845,38.945926306576666,6925000
2022-06-27,40.03034591674805,40.47936251930272,39.784656245536766,40.40311411209312,7078400
2022-06-28,39.72534942626953,40.83518655530066,39.564382014566135,40.42852949008438,6401600
2022-06-29,39.46011734008789,40.067593453745786,39.26333049847898,39.793799517765706,4975300
2022-06-30,39.37456130981445,39.71679803832474,38.34784459659868,38.7328637720349,6233200
2022-07-01,39.86224365234375,39.990584441208846,38.82697260348365,39.23765855847339,5398000
2022-07-05,39.751014709472656,39.76812703203888,38.68151902789725,39.05798359667055,4883600
2022-07-06,39.78524398803711,40.10181383277579,39.254774982072426,39.52856564733434,5701700
2022-07-07,40.00769805908203,40.41838732471234,39.92213969931701,40.11892653785033,3679900
2022-07-08,39.81090545654297,40.29859521704651,39.64834329098904,40.178812225181325,3546700
2022-07-11,39.65689849853516,39.78523928563845,39.323216368676746,39.4258903038961,4641300
2022-07-12,39.52857208251953,40.06759897043755,39.15210740861495,39.24622357709109,4137100
2022-07-13,38.77563095092773,39.211986969282165,38.19382510234946,39.16065000716945,5460300
2022-07-14,37.86014175415039,38.039816219831216,37.43234354223909,37.843029434012976,7298300
2022-07-15,39.84513473510742,40.22159607673011,38.44195678633671,38.92964660355965,8608200
2022-07-18,39.93925476074219,40.71784763778634,39.7938016225643,40.23015777325552,7435000
2022-07-19,40.60661315917969,40.82051230552662,40.17881486648582,40.4782756296767,5684000
2022-07-20,40.25581741333008,40.47827434622892,39.79379448854803,40.29004205898249,6130600
2022-07-21,40.73495101928711,40.78628472185509,39.99913748662332,40.18736976628384,6619400
2022-07-22,40.82051849365234,41.017305346462095,40.47828176592156,40.615177109782366,5009100
2022-07-25,41.11141586303711,41.496434984736055,40.77773371217869,41.282535835330194,4054100
2022-07-26,40.572391510009766,41.35098759352508,40.40127479136335,40.80340299679307,4995000
2022-07-27,41.248313903808594,41.40232156262772,40.42694189933472,40.820515576831504,5456900
2022-07-28,39.46011734008789,41.42798902001928,39.20343899293897,41.17131067287036,13267900
2022-07-29,40.384159088134766,40.71784123095805,39.44300089510709,39.57134168719693,7705100
2022-08-01,40.649391174316406,40.80339881639351,39.77668555433528,40.08469757464763,7322900
2022-08-02,40.15314483642578,40.58949762435872,39.90502106297289,40.52105160014098,6532800
2022-08-03,40.77773666381836,40.9231897931406,40.22159752957098,40.54672517407755,5691100
2022-08-04,40.27293395996094,41.01730212983973,40.26437942957156,40.72639913896815,6531300
2022-08-05,40.546722412109375,40.948853859137095,40.09325725786417,40.20448572990541,4061100
2022-08-08,40.17026519775391,40.98308270500025,39.97347835096245,40.948858054121125,5316000
2022-08-09,40.36704254150391,40.495383320166006,40.09325192661024,40.43548856330653,3947700
2022-08-10,40.95740509033203,41.08574587572316,40.58094379107543,40.82906756878266,6098100
2022-08-11,41.445098876953125,41.75311418072643,41.15419589714968,41.39376516888562,6171600
2022-08-12,41.72745132446289,41.84723433988584,41.342432157858845,41.54777680132846,6432000
2022-08-15,41.99268341064453,42.11246641447218,41.21408735808067,41.33387362575039,4947700
2022-08-16,42.18090438842773,42.506031953736496,41.65899003101778,41.71032699306909,4790100
2022-08-17,41.94989776611328,42.24935851666169,41.59910331146764,41.66755260205304,5553200
2022-08-18,41.93279266357422,41.958462783884606,41.50499431528137,41.7531181406134,5400400
2022-08-19,41.590553283691406,41.69322396684044,41.29965029490069,41.564886428864696,7197200
2022-08-22,40.72639465332031,40.96596390778486,40.51249551488094,40.95740611449586,5816700
2022-08-23,40.56382751464844,40.96595889008898,40.45259906240801,40.752059777848935,4411500
2022-08-24,40.37560272216797,40.50394351879554,40.05047836137099,40.29859889695983,4620800
2022-08-25,40.8632926940918,41.02585813899624,40.16170373437107,40.48683136033792,5296700
2022-08-26,39.77669143676758,41.11997797499473,39.75957911135701,41.00019169712077,5070200
2022-08-29,39.44300079345703,39.71679143629064,39.20343479693811,39.57989611487383,3650000
2022-08-30,39.28044509887695,39.68257659980474,39.04087906283952,39.656906478913264,5105500
2022-08-31,39.02375793457031,39.477223047311504,38.96386643907022,39.45155619605196,6239800
2022-09-01,39.246219635009766,39.27188975537019,38.51040595229702,38.97242895267605,4920600
2022-09-02,38.9724235534668,40.007694631605645,38.80986137830314,39.69112481098507,5980400
2022-09-06,38.77563095092773,39.22054149771356,38.33072040414192,39.22054149771356,5331500
2022-09-07,39.28044509887695,39.41734044287583,38.47618536086384,38.56174372692222,6431900
2022-09-08,40.25581741333008,40.272929736156286,38.86975190282578,39.09220557188278,7275500
2022-09-09,40.70928955078125,40.854739412411575,40.36704959048073,40.40127423927922,6730400
2022-09-12,40.69217300415039,41.11141348498375,40.555277687002906,40.93173899319802,7251000
2022-09-13,38.65584564208984,40.007686257905945,38.518950348540855,39.99057720207342,8109500
2022-09-14,38.58740234375,38.92108773334208,38.02270876236289,38.83552612171267,6664300
2022-09-15,39.246219635009766,39.45156427868124,38.630192231680105,38.73286292159465,12610800
2022-09-16,39.246219635009766,39.4258974221632,38.65585908819814,39.03232046044641,20653500
2022-09-19,39.48579025268555,39.69968943441441,38.63019352577008,38.76708887152286,9303700
2022-09-20,38.4932975769043,39.2034411519195,38.15105758596333,39.12643731714991,8930300
2022-09-21,37.58636093139648,38.86975590078946,37.57780313718224,38.553186055548345,7051600
2022-09-22,36.81631851196289,37.82592270234151,36.79065165988538,37.70613970752402,6923700
2022-09-23,36.0377311706543,36.69654100450645,35.55004132520465,36.46552950973941,8185500
2022-09-26,35.13079071044922,36.07194548111853,34.865554641262854,35.69548422561908,16533100
2022-09-27,35.04523849487305,35.55004065604527,34.780005618491835,35.51581600624052,9556400
2022-09-28,35.43880844116211,35.70404455343201,34.91689727393461,35.01101015521563,11278100
2022-09-29,35.25703048706055,35.568657116993684,34.89346828687788,35.07524938696921,7888900
2022-09-30,34.902122497558594,35.672530928991435,34.85884175574609,35.30031060560787,9457900
2022-10-03,35.98415756225586,36.13997087450628,34.94540324795605,35.35224948573313,8790300
2022-10-04,36.90172958374024,37.03157182717252,36.35638291541833,36.52085107794298,14653400
2022-10-05,36.52950668334961,36.70263296473318,36.217880037281006,36.365035230086086,6552600
2022-10-06,35.55999755859375,36.408312548273294,35.542684603444144,36.148621523137706,8528700
2022-10-07,34.79825210571289,35.43016025560561,34.5991580285228,35.33494063127354,8696600
2022-10-10,34.47796630859375,35.13584216397419,34.33946265260955,34.97137402565631,6396100
2022-10-11,33.57771301269531,34.2355888809157,33.44786748373034,34.226934053302216,8990600
2022-10-12,33.85471725463867,34.17499874346488,33.404590223313285,33.551745422843666,10853700
2022-10-13,35.81103515625,35.932222567272376,33.23146370041452,33.404589988493335,15853300
2022-10-14,37.014251708984375,37.47303679295466,36.070717059910216,36.48622140444033,19272100
2022-10-17,36.910377502441406,38.2174776355453,36.5900960660706,37.98375767859079,21456500
2022-10-18,37.04887771606445,37.79331832392938,36.633376672581214,37.58556615113338,16113000
2022-10-19,35.71581268310547,36.92769330085763,35.58597045398783,36.66800554051332,10203600
2022-10-20,34.63378143310547,36.06206922638,34.54721993743827,35.84566218510261,10508000
2022-10-21,35.06658935546875,35.23106079129668,34.25290021196693,34.503933128255696,12851600
2022-10-24,35.603275299072266,35.94086964080662,35.01464808195812,35.22239692205236,9553700
2022-10-25,36.365028381347656,36.43428020170234,35.10987050745012,35.196431980784936,13055400
2022-10-26,36.6939697265625,36.89306376670075,36.31309460222524,36.356375341019,10211800
2022-10-27,36.425628662109375,37.19603707147672,36.37368979215661,36.96231710985256,7810200
2022-10-28,37.10081481933594,37.16140851224541,36.33906129147724,36.49487458813263,7775500
2022-10-31,36.74591445922852,37.18738334875962,36.71994337012017,36.80650816363261,11723800
2022-11-01,37.11812973022461,37.360504514631366,36.62472203219155,37.04887790490338,8043500
2022-11-02,36.13997650146485,37.35185727385475,36.1226635416182,36.858449475608296,9264600
2022-11-03,35.92356872558594,36.18325651378275,35.11853427069924,35.64656797789475,12857000
2022-11-04,37.07484817504883,37.12678374078873,36.33906240668272,36.33906240668272,13759400
2022-11-07,37.68079376220703,37.74138747086901,37.01425966481585,37.39513817881622,12207000
2022-11-08,38.23479080200195,38.39926225095359,37.6288537862088,37.87122859252606,12794700
2022-11-09,37.42975997924805,37.98376142724835,37.36050814719346,37.90585476724149,9423000
2022-11-10,38.84074020385742,38.97058576738617,38.00973784318103,38.08764452087631,14064600
2022-11-11,38.884010314941406,38.99654288572501,38.468509248327656,38.468509248327656,10692700
2022-11-14,37.957794189453125,39.00520679181477,37.92317157202296,38.91864199296577,8209800
2022-11-15,37.88854217529297,38.54641807562221,37.499008871495136,38.51179546136951,11171700
2022-11-16,37.16141128540039,37.92316487010464,37.06619167454876,37.879880827274725,9896200
2022-11-17,37.022911071777344,37.07484994210145,36.64203592906048,36.73725223815805,6376600
2022-11-18,37.55094146728516,37.64616107030432,37.12678231804755,37.51631555671299,6159700
2022-11-21,37.559600830078125,37.94913411578886,37.44706825818192,37.542287872701095,9331900
2022-11-22,38.009727478027344,38.04435339247392,37.611539368218494,37.68944602466883,6999000
2022-11-23,38.182861328125,38.22614207872075,37.93182835171621,38.02704798429262,6225700
2022-11-25,38.31269454956055,38.42522711627311,38.139571587982864,38.30403972232519,2564600
2022-11-28,37.86257553100586,38.338670337958106,37.77601073749049,38.07898256163045,6790600
2022-11-29,38.59835815429688,38.62432594132379,37.827949652812215,37.914511144308086,7854200
2022-11-30,39.29085922241211,39.40339180083826,37.84526186969039,38.46851186088404,11688600
2022-12-01,39.256229400634766,39.42070083784508,38.823415390475134,39.29085531395366,8492700
2022-12-02,39.50726318359375,39.58516983921172,39.02251359495657,39.09176212100092,10786800
2022-12-05,38.009727478027344,39.5505443477018,37.75869455145305,39.50726360569805,13725400
2022-12-06,37.17006301879883,38.13956870121837,36.55546796623348,38.05300392487275,9642300
2022-12-07,37.706764221191406,38.00107793066391,36.76322938512744,37.014259044472986,10132800
2022-12-08,37.706764221191406,37.80198054598625,37.24797904629904,37.7586997979687,6989000
2022-12-09,37.31722259521485,37.91450471024013,37.24797077208275,37.533629589339625,9097600
2022-12-12,37.62020111083984,37.75004666282729,36.884418455203125,37.39513922978576,10695700
2022-12-13,38.30403518676758,38.90131725854797,38.00972156398266,38.53775511975341,15543000
2022-12-14,37.4730339050293,38.31269075220692,37.2046880578068,38.15688076265184,11240400
2022-12-15,37.0835075378418,37.25663381640441,36.71128719467037,36.91903938936732,10229200
2022-12-16,36.48622512817383,37.04888140253743,36.20922440495595,36.7891936372843,19310900
2022-12-19,36.3130989074707,36.9276940566905,36.01012709577695,36.442941139245946,11789100
2022-12-20,36.295780181884766,36.59874864332611,36.19190575254896,36.45159347694276,14209000
2022-12-21,36.970970153808594,37.22200305997497,36.49487542625391,36.52950133788555,9456300
2022-12-22,37.09215927124024,37.09215927124024,36.57278378099275,36.77187782899125,12427700
2022-12-23,37.39512634277344,37.47303298669601,36.98828016872131,37.07484494091773,6931000
2022-12-27,37.78466796875,37.87122945809627,37.32588282930912,37.52497689649287,7504200
2022-12-28,37.52497100830078,37.93181720902855,37.29125436331742,37.845255733264985,6379600
2022-12-29,38.13770294189453,38.190223358849,37.48996782819813,37.61251212867682,5956300
2022-12-30,38.17271041870117,38.33902003704113,37.88385318049463,37.98889399752313,5737900
2023-01-03,39.07429122924805,39.415665555832064,38.5841140789044,38.68915156268069,12795900
2023-01-04,40.29098510742188,40.61485596441931,39.48569217874809,39.48569217874809,16338400
2023-01-05,39.975868225097656,40.264725467077,39.441925757427725,40.14218118469108,8364000
2023-01-06,40.536075592041016,40.69363347934015,39.75703788747028,40.26472515523,8198300
2023-01-09,40.798675537109375,40.96498517500015,40.36976716485834,40.62361082722973,13170700
2023-01-10,40.84243774414063,41.05251604768381,40.22971297614448,40.92121669058415,13631800
2023-01-11,41.23633575439453,41.42890726969392,40.894961405695874,41.06127104403887,8704900
2023-01-12,41.65648651123047,42.041626179221545,41.40264286367477,41.53394222319156,8934000
2023-01-13,41.42890930175781,41.49018145252542,40.64111973605752,41.02625944646556,8150600
2023-01-17,41.525184631347656,41.78778333444284,40.97373536864269,41.64773225102997,10150000
2023-01-18,40.098419189453125,41.39389267266048,40.05465050859677,41.166307552901,8376700
2023-01-19,39.94086456298828,40.212211707691765,39.31938463813045,39.73954130305021,9136600
2023-01-20,40.66736602783203,40.676121097637456,39.695760302437805,40.0458896348778,8030400
2023-01-23,41.726505279541016,41.74401208127219,40.73739602483733,40.85994029787452,8136000
2023-01-24,40.851192474365234,41.840305243616,40.66737603220087,41.79653990106472,12459200
2023-01-25,43.02198791503906,43.48590653904744,41.03501071810813,41.06126925483873,12238500
2023-01-26,42.62808990478516,43.72224003920428,42.30422239993984,43.48590320948,8316100
2023-01-27,42.76815032958984,42.794408870045146,42.17293225933539,42.55807198870159,6568200
2023-01-30,42.71562194824219,43.18829562283219,42.488040182188485,42.5142987177497,5943200
2023-01-31,43.590946197509766,43.59970126957728,42.53180953489248,42.75063958943729,7714000
2023-02-01,43.083255767822266,43.70473222846056,42.89068428009953,43.100762570258986,7611100
2023-02-02,43.02198791503906,43.45964800231685,42.83816814068047,43.302090103770325,6819800
2023-02-03,43.15327835083008,43.43338050329724,42.63683938114105,42.73312512212933,6579400
2023-02-06,42.84692001342773,43.00447790021123,42.59307638037863,42.83816494245019,4997600
2023-02-07,43.477149963378906,43.59094251707744,42.57557128328172,42.59307808685698,5809100
2023-02-08,42.95196533203125,43.4771561577903,42.846927834695805,43.00448575023989,5810000
2023-02-09,42.68936920166016,43.328352586590775,42.50555274964213,43.232066824367486,5870500
2023-02-10,42.62808990478516,42.794399523147625,42.31297413181946,42.540555890582894,5357300
2023-02-13,42.96946334838867,42.9782150800923,42.558061837614055,42.601827174294485,4906200
2023-02-14,43.00448226928711,43.14453336742535,42.68936646370567,42.97822039276761,4889500
2023-02-15,42.96071243286133,42.986970967552224,42.59307625178272,42.75938586996041,4227900
2023-02-16,42.49678802490234,42.83816231227987,42.36549202003154,42.706866307409065,4900000
2023-02-17,42.54056167602539,42.60183382475927,42.19043558884346,42.38300376811494,5191900
2023-02-21,41.74401473999024,42.24294693432262,41.42890230600233,42.19042986486525,5793100
2023-02-22,41.61271667480469,41.90157055981679,41.43765199405863,41.75276775158533,4583300
2023-02-23,41.77028274536133,42.11165710327032,41.41140158203628,41.90157877735925,4319300
2023-02-24,41.70025253295898,41.76152467797992,41.16630669284954,41.32386459121237,4141500
2023-02-27,41.64773178100586,42.22544291094919,41.56019776793495,41.95409247905112,4260200
2023-02-28,41.77902603149414,42.059128183355696,41.647730026042126,41.752767498219946,6209100
2023-03-01,41.41140365600586,41.53394796097388,41.05252247470729,41.30636281824881,7123400
2023-03-02,40.536075592041016,41.29760315459936,40.17719447965548,41.29760315459936,6437000
2023-03-03,41.23633575439453,41.28010109721304,40.59735239981573,40.71989669534021,4566900
2023-03-06,41.245079040527344,41.63022199225066,41.14004157145777,41.2975994446026,5604200
2023-03-07,39.91459655761719,40.97373645169688,39.8008073449548,40.956229648422365,6072200
2023-03-08,39.81831359863281,40.28223219221962,39.59948356934376,39.870830668650186,4651200
2023-03-09,37.02604293823242,39.56447279531989,36.91225037991404,39.48569384557356,10961800
2023-03-10,35.555503845214844,36.81596700840684,34.68018368814548,35.78308895593847,23573700
2023-03-13,31.98419761657715,33.61229355521623,31.62531650508755,33.305929513307746,36746000
2023-03-14,32.833255767822266,34.73270213769099,32.299313306999174,34.242521675351696,28999400
2023-03-15,31.02134704589844,32.369340970919964,30.77625845556057,31.774122960886608,33125800
2023-03-16,31.826637268066406,31.98419514278602,28.64047284876928,30.811266152696103,51459200
2023-03-17,28.841800689697266,31.17015224227068,28.771773472317488,31.07386648791424,56442900
2023-03-20,30.15478134155273,30.968829388841083,29.59457695182345,30.22480522072812,43046500
2023-03-21,32.842010498046875,33.13086439424406,31.336458860045845,31.51152354757081,34821400
2023-03-22,30.452390670776367,32.8507661576641,30.43488386602254,32.824507620074144,28376900
2023-03-23,30.688722610473636,31.59030120684666,30.39111365549403,30.66246073800884,26061900
2023-03-24,30.548673629760746,30.58368389698061,29.769635915426047,30.058493158788565,18619300
2023-03-27,30.52241325378418,32.47437682329404,30.46114110929008,32.09798888478374,19966700
2023-03-28,31.12638664245605,31.178903715973245,30.18103925016889,30.43488290244024,15681700
2023-03-29,31.7040958404541,31.79162651689213,31.283942583205285,31.564044754704497,14776400
2023-03-30,31.44684410095215,32.39601512682079,31.189591255156564,32.09440915890474,13539900
2023-03-31,31.979093551635746,31.98796620786319,31.136370558151334,31.76619717715292,15541700
2023-04-03,31.615388870239254,32.325049010775345,31.535551892933544,32.11215266057776,12209800
2023-04-04,31.10088348388672,32.227470326849044,30.62186166708205,32.10327685351269,12238700
2023-04-05,31.14523696899414,31.27829633038252,30.58637817616964,30.896856787261555,12734700
2023-04-06,31.71296119689941,32.15649911573717,31.22507016296304,31.269423278061662,12008400
2023-04-10,31.588775634765625,32.147634439855615,31.473454811890427,31.757318849793798,10547700
2023-04-11,31.51780891418457,31.79280368992924,31.4468445944634,31.61538781473676,11927800
2023-04-12,31.40248680114746,31.961342156584504,31.021043910589945,31.73957319155924,11586300
2023-04-13,31.384750366210938,31.393619637435567,30.80814960274317,31.340397242234907,12799100
2023-04-14,31.02104949951172,32.20085884636557,30.932339867163687,32.112152597944004,16186300
2023-04-17,31.57103157043457,31.58877349459228,30.10735497472092,30.870240793872227,22419300
2023-04-18,31.216203689575195,31.588777374800102,30.71944328784391,31.579904719668363,19052200
2023-04-19,31.943601608276367,32.04118049851576,30.78153434723708,31.50006365913441,20970200
2023-04-20,30.83475875854492,31.446843334233424,30.27590334238528,31.446843334233424,21609500
2023-04-21,29.73478889465332,30.46219096763363,28.927549843715337,30.417837842974148,28303000
2023-04-24,29.08722305297852,29.63720922927657,28.874323322580917,29.513019129847308,16238100
2023-04-25,28.18240165710449,29.22027883243314,27.765474902608712,28.741260419780076,22540100
2023-04-26,27.960636138916016,28.43965799470481,27.72999617412473,28.10256816463939,17133300
2023-04-27,28.892061233520508,29.05173516314653,27.925148385863324,28.031598236268334,19428200
2023-04-28,30.40896415710449,30.621863885751782,28.342078839467653,28.56384783917565,25219300
2023-05-01,29.22028160095215,30.453320057252327,29.211412330068203,30.38235235447549,19095200
2023-05-02,27.17113494873047,29.2202798700601,26.975978853543904,29.2202798700601,28994600
2023-05-03,26.434864044189453,27.605805781938084,26.31067394598893,27.313070770491723,23759800
2023-05-04,25.707460403442383,26.346156164795985,24.19056135415374,25.281664357182034,48099600
2023-05-05,27.268712997436523,27.774345990361645,26.2840582057636,27.215488917118883,28236700
2023-05-08,26.381641387939453,28.031603373860424,26.3284172989636,27.951766394415007,22304300
2023-05-09,26.53244400024414,26.834049986691284,25.734075909280687,26.080035020573423,18209200
2023-05-10,26.124385833740234,27.188875894567392,25.636493075393496,27.144522776519054,14492700
2023-05-11,25.65423583984375,25.98245467682828,25.308276770236503,25.725201846223776,16413400
2023-05-12,25.84052276611328,26.026809603270937,25.494563672487427,25.93810166614649,16870700
2023-05-15,26.301803588867188,26.425995381891774,25.78729956623169,25.867136543189204,12671600
2023-05-16,25.44133949279785,26.3905105249997,25.432468529921938,26.1687415289913,14997200
2023-05-17,27.01146125793457,27.0558143752071,25.663105512508874,25.7252005534756,22429700
2023-05-18,27.04694938659668,27.10904444127691,26.514703401966575,26.82518036733108,13204600
2023-05-19,26.709857940673828,27.401776112929067,26.39051005073256,27.19774904633909,15001500
2023-05-22,27.41951942443848,27.570322414315815,26.674375438216707,27.091302247152235,11974600
2023-05-23,27.62354278564453,28.475134831369655,27.49935270196703,27.49935270196703,13952200
2023-05-24,27.330810546875,27.721124452921824,26.96710952940972,27.34855247259603,11120700
2023-05-25,27.06468772888184,27.348551765223483,26.75421080464699,27.10904085007405,11948300
2023-05-26,27.20661735534668,27.313067205598458,26.869529264814823,27.126780390648587,9267000
2023-05-30,27.1977481842041,27.579191109106432,26.612278199179208,27.38403501141916,12907300
2023-05-31,26.523571014404297,26.913884912743622,26.08003303191605,26.745340005648416,31032900
2023-06-01,27.07355690002441,27.144522904413925,26.017936104262837,26.70098495398874,12319400
2023-06-02,28.15579032897949,28.377559315526558,27.277585345288696,27.49935433183576,13744000
2023-06-05,27.694509506225582,28.271110205566867,27.517095338089295,28.271110205566867,10644900
2023-06-06,28.94529151916504,29.09609281848386,27.61467579540596,27.70338373591833,13876500
2023-06-07,29.504148483276367,29.62834197508649,28.75900445204884,29.04287190654534,13860500
2023-06-08,29.326732635498047,29.51301777609712,28.829968876640937,29.36221310233149,12063700
2023-06-09,29.149316787719727,29.592854770773464,28.9985121138398,29.27350688154657,10586200
2023-06-12,28.52836227416992,29.58398143118464,27.9606342104334,29.016253367448112,15560400
2023-06-13,29.007381439208984,29.54849825785665,28.16465869134422,28.45739535084576,20543600
2023-06-14,28.47513771057129,29.663819663559185,28.288852566219223,29.27350744911776,17832200
2023-06-15,29.53076171875,29.646079165707093,28.342079708509964,28.563848715017983,16315500
2023-06-16,29.67269325256348,29.814625279003863,29.27350837072288,29.70817710515518,30118200
2023-06-20,29.788015365600582,29.88559088854433,28.9807729120103,29.308993486742583,19540400
2023-06-21,29.65494728088379,30.00090633664277,29.45978950217832,29.858974329564063,13570700
2023-06-22,28.59045791625977,29.699302871361027,28.510620944135425,29.672691675295,13292400
2023-06-23,28.279979705810547,28.83883679333152,28.235626586406504,28.3775585988551,20701400
2023-06-26,28.6702938079834,28.847709670899174,28.27111065436749,28.27111065436749,11249000
2023-06-27,28.87432289123535,28.99851298880937,28.24449974843775,28.643684622015936,9776300
2023-06-28,28.6702938079834,28.89206279064659,28.34207666114119,28.89206279064659,11215400
2023-06-29,29.498706817626957,29.498706817626957,28.841379480119823,28.976448199924675,12479700
2023-06-30,29.750837326049805,30.16504306312793,29.57974980882237,29.903912015210647,15139600
2023-07-03,30.23708152770996,30.41716859440272,29.8408817371284,29.8588911307858,6483800
2023-07-05,30.19205474853516,30.381151654587068,29.73282725655866,30.0119676912521,10355100
2023-07-06,29.7058162689209,29.76884742889462,28.859391946518475,29.71481924822832,12008400
2023-07-07,30.201061248779297,30.435176484881417,29.57074624166373,29.588755634431656,9052900
2023-07-10,30.38115119934082,30.46219174788002,29.84988614445949,29.91291730055216,11720200
2023-07-11,31.443681716918945,31.67780041239529,30.678301336575768,31.07449771399776,15972800
2023-07-12,31.61476325988769,32.61426214637444,31.58775089050378,32.101006518439114,11534400
2023-07-13,32.24507522583008,32.32611576141345,31.74982560007624,31.81286018103205,10710800
2023-07-14,31.812862396240234,32.60525498274296,31.731821855013813,32.49720207275441,13063800
2023-07-17,31.749835968017575,31.920923507306743,31.524723677324214,31.731830007510155,13412200
2023-07-18,32.91141128540039,32.92041769924676,31.81286580703366,31.866890550350117,15103000
2023-07-19,35.03647232055664,35.36063452742966,32.08300054227449,32.75833732827977,32807000
2023-07-20,35.24357223510742,35.26158162675078,34.46918556914396,34.72131361721081,19108600
2023-07-21,34.59524917602539,35.32461410776492,34.55022741269488,35.297601736754686,16354800
2023-07-24,35.35162734985352,35.50470547087758,34.63126881399438,34.72131577781455,12796800
2023-07-25,34.09099578857422,35.405650353753245,34.01895822804608,35.288591035364995,14708700
2023-07-26,35.01846694946289,35.17154509137501,34.47819883258217,34.61326414433189,13001200
2023-07-27,34.95542526245117,35.49569321671705,34.88339113818767,35.198546872352786,16144800
2023-07-28,35.603759765625,35.61276274563727,34.89240412172531,35.28860050614167,11512000
2023-07-31,35.729820251464844,35.91891373643141,35.39665504915127,35.79285141312037,12237800
2023-08-01,34.85637664794922,35.58574150510606,34.64027083208498,35.5137039431913,11884300
2023-08-02,34.6042594909668,34.67629363342872,33.892903871348764,34.226069079484255,9943800
2023-08-03,35.5227165222168,35.666788236115416,34.262086449398474,34.5142145249265,14718800
2023-08-04,35.89189529418945,36.4231603061308,35.333617913231805,35.423661433246224,14108500
2023-08-07,36.126007080078125,36.24306639294407,35.89189188928603,35.95492303430466,8022300
2023-08-08,36.225059509277344,36.30610004918383,33.98294363009803,33.98294363009803,15354100
2023-08-09,35.70280456542969,36.31511016608086,35.648776388334454,35.918910403929885,10583700
2023-08-10,35.55873107910156,36.15302725759913,35.486693513252064,35.963930364714294,10206500
2023-08-11,35.53171920776367,35.93692197317215,35.24357578234889,35.28859754851859,8582900
2023-08-14,34.865386962890625,35.21656152917947,34.703305865381864,35.18954915790814,9536800
2023-08-15,33.89289474487305,34.46017849187171,33.79384482008631,34.21705688601514,11157200
2023-08-16,33.361629486083984,33.86588208290308,33.24457017281638,33.71280399094701,10647600
2023-08-17,33.14552307128906,33.70380039088384,33.037466737220605,33.59574749175511,9766800
2023-08-18,33.17253875732422,33.19955112607493,32.623264359792564,32.74932666054932,8280100
2023-08-21,33.10049819946289,33.262579267183824,32.78534247608317,33.22656392375454,8615800
2023-08-22,32.272090911865234,33.19955224286578,32.173040976527275,33.10050230752782,8279000
2023-08-23,32.64128112792969,32.65028410790135,31.8488849277303,32.25408772527208,8159200
2023-08-24,32.533226013183594,33.21756579821338,32.46118843847487,32.668291313351524,10346000
2023-08-25,31.974946975708008,32.8753961023507,31.70481292470336,32.785352563662755,11005900
2023-08-28,32.43417739868164,32.740330233897325,32.11901814878684,32.27209628386506,9638300
2023-08-29,32.8483772277832,32.89339898821839,32.281093428467486,32.58724620834293,7942600
2023-08-30,32.758331298828125,33.05547764380905,32.596250225224026,32.91140596004317,8461700
2023-08-31,32.89340591430664,33.01046526403844,32.69530943969229,32.87539651935245,10404400
2023-09-01,33.379642486572266,33.577742355850255,33.15453024782552,33.17253963911808,13758200
2023-09-05,32.8843994140625,33.79385143477763,32.84838062800989,33.40665807206333,14762500
2023-09-06,32.52421188354492,32.90240219117092,32.14602501085872,32.65027417444032,8711900
2023-09-07,32.0829963684082,32.67729252537974,31.97494002354787,32.317111579058775,7296900
2023-09-08,32.51521682739258,32.59625738198772,31.75883946281817,32.20906400280435,8361700
2023-09-11,32.59625625610352,33.04648078053881,32.515215704307536,32.86639028377659,7300200
2023-09-12,33.316612243652344,33.51471211833603,32.371141502104315,32.767337816531416,10376400
2023-09-13,31.650785446166992,33.649779999177376,31.524719693957586,33.54172707508127,15995500
2023-09-14,32.164039611816406,32.48820180375146,31.90290857554202,32.05598325787781,19880500
2023-09-15,31.650785446166992,32.155034715242515,31.44367914215037,31.80386013572477,46217300
2023-09-18,31.290605545043945,31.488705441920192,31.04748388113418,31.37164609968053,10954900
2023-09-19,31.146530151367188,31.506711114981552,30.777346209385566,31.119517781325197,10903700
2023-09-20,30.98444938659668,31.731823691715448,30.966439994732827,31.290602178401677,8388300
2023-09-21,30.120019912719727,30.948431348781632,30.04798234352807,30.87639721453033,11359600
2023-09-22,30.05699157714844,30.28210384958227,29.894910466200827,30.120022738634656,10259400
2023-09-25,30.24608039855957,30.32712094153933,29.73282477133447,29.90390883542945,8738000
2023-09-26,29.73282623291016,30.174044316979906,29.48070161344173,29.903910305415117,13742900
2023-09-27,29.282602310180664,29.86789210757105,29.048483643272203,29.84087973636637,12601100
2023-09-28,29.67559814453125,29.96805832294114,29.2826041260929,29.337438230544542,8619500
2023-09-29,30.214820861816406,30.635231913135044,29.748710077023865,29.75785141827871,10981300
2023-10-02,29.373994827270508,30.16912067077456,29.23690434492844,29.81268506804516,9649300
2023-10-03,28.642847061157227,29.182071185418724,28.51489616495966,29.14551279039072,10300600
2023-10-04,28.551448822021484,28.825631516768667,28.22243028560485,28.697678895273324,13407700
2023-10-05,29.12722969055176,29.17292593227956,27.993944069143502,28.33210218480885,10572000
2023-10-06,29.118093490600582,29.41969151030954,28.42349972746459,28.825633325743343,9414500
2023-10-09,29.25518226623535,29.383136639111257,28.74337872033244,28.871329606808168,7764800
2023-10-10,29.785266876220703,30.11428541579479,29.547644312306083,29.68473304619529,10108100
2023-10-11,29.71214866638184,30.25137269443317,29.52936369665581,29.785265443392102,7855000
2023-10-12,29.483665466308597,29.940634886648404,29.18206746181232,29.739570712450888,10285800
2023-10-13,29.401412963867188,30.059450092536228,29.13637158730892,29.730431528201706,10943200
2023-10-16,29.81268310546875,29.949775321986067,29.20034577419782,29.776128202610707,11409700
2023-10-17,31.887331008911133,33.093730204578925,29.629900573405223,29.666458969977118,36729900
2023-10-18,30.498136520385746,32.262038668293684,30.41588188962942,31.67711839909309,24960300
2023-10-19,29.93149948120117,30.900275986689188,29.913220284524005,30.452444384099365,15105700
2023-10-20,28.26812744140625,30.00461256078801,28.14017656687493,29.81268276259119,19087800
2023-10-23,28.56972885131836,29.02669827937553,28.021365189009742,28.514893008047505,14932300
2023-10-24,28.68854141235352,28.86219029083928,28.131039870688863,28.706820608657303,15076200
2023-10-25,28.59714698791504,28.853048746103106,28.03050414312721,28.405218926074006,13054500
2023-10-26,29.035837173461918,29.51108578549213,28.55144896390804,28.642843195944614,15956600
2023-10-27,28.003087997436523,28.89874946535465,27.84771831105074,28.606287546181296,10909400
2023-10-30,28.615427017211918,28.63370621392892,27.957391624201158,28.29554804746496,9653000
2023-10-31,29.13636779785156,29.145507394916624,28.2224290097443,28.743375583253357,12582400
2023-11-01,29.118093490600582,29.31001982008812,28.706820294270035,29.127233088652385,14876800
2023-11-02,31.38465690612793,31.38465690612793,29.6024756411424,29.6390340279851,15473500
2023-11-03,32.435691833496094,32.77384823715213,32.13409033475416,32.271182558982325,13100700
2023-11-06,32.234622955322266,32.7555678095564,32.015276102086865,32.581920686945004,7622700
2023-11-07,31.814212799072266,32.13409000377651,31.677120576256137,32.070114562835656,8439800
2023-11-08,31.540027618408203,31.90560454646485,31.421218080229767,31.85076696133636,6956900
2023-11-09,30.991670608520508,31.878192532943,30.90027810526893,31.75024163383058,7172800
2023-11-10,31.256710052490234,31.338964690249423,30.79974061747254,31.238430856721514,5936900
2023-11-13,31.07392120361328,31.30240591834573,30.71748560645467,31.101338253733157,5772800
2023-11-14,33.03889465332031,33.431888683304734,32.00614265686819,32.17065194785704,11843700
2023-11-15,33.980247497558594,34.10819838165524,33.09372567717448,33.09372567717448,12672600
2023-11-16,34.10820007324219,34.1630376633176,33.59639302507254,33.86143614750326,10218500
2023-11-17,34.400657653808594,34.537749875460655,34.1447558922181,34.418936849122204,8915900
2023-11-20,34.39152145385742,34.59258563917987,34.02594450279811,34.300125472892496,6272100
2023-11-21,33.82487106323242,34.336678010161705,33.806595356556016,34.00765950759285,6051200
2023-11-22,33.660369873046875,34.16303554855443,33.55983604066535,34.0625017161729,6742500
2023-11-24,33.99852752685547,34.15389546523896,33.514137542671214,33.63295057498813,2796800
2023-11-27,33.62381362915039,33.83401916191732,33.44102514827471,33.660372022605586,5972000
2023-11-28,33.852298736572266,33.94369123483026,33.3496330233526,33.514138822936935,9665900
2023-11-29,34.537750244140625,34.821069058525865,34.05336027915931,34.13561491574858,7772300
2023-11-30,34.83934783935547,34.985577915284765,34.42807466130431,34.7296761540085,10283300
2023-12-01,35.990909576416016,36.10971910577219,34.58344304022998,34.63828062128648,10124300
2023-12-04,36.09144592285156,36.511856947823965,35.835540679755354,35.835540679755354,10125700
2023-12-05,36.00919342041016,36.24681599620934,35.68931271920337,35.881239048087345,9212600
2023-12-06,35.716732025146484,36.93226888590647,35.69845282973054,36.283373137440606,8774300
2023-12-07,36.310791015625,36.46616243700458,35.744149890405616,35.936076217050875,8087100
2023-12-08,36.9505500793457,37.10591801918237,36.19197911736605,36.35648839860501,9485000
2023-12-11,37.04193878173828,37.160751802999584,36.55755232902664,36.822595420148055,10921000
2023-12-12,36.96882247924805,37.06935629778932,36.67636236334592,36.91398490011655,8818700
2023-12-13,38.8332633972168,38.90637669252733,36.8774313232595,37.032802741194445,15133000
2023-12-14,41.42885208129883,41.90409724207911,39.875155251362585,40.11277783175272,28236800
2023-12-15,41.13639450073242,41.56594696355533,40.60631167246654,40.87135482979985,25971700
2023-12-18,40.25900268554688,41.40142616406069,40.24986483173467,41.40142616406069,9678700
2023-12-19,40.40523147583008,40.73424998507958,40.04879591960968,40.33211818844112,8609500
2023-12-20,38.80584335327149,40.21331004145856,38.522524536548175,39.96654612965432,15460200
2023-12-21,39.58269500732422,39.710645895478265,39.061750113325466,39.18970100147951,8134200
2023-12-22,39.76547622680664,40.04879851399185,39.49129528013703,39.61924615615619,6898900
2023-12-26,40.277286529541016,40.4235166122169,39.68322485757013,39.86601333251503,5343600
2023-12-27,40.158477783203125,40.41438306999388,39.95741357706821,40.167619125445945,5083500
2023-12-28,40.3248405456543,40.43574904153876,39.9921115322834,40.13999070203519,5172000
2023-12-29,40.001346588134766,40.491199130947486,39.9551350154173,40.2231670731824,6441000
2024-01-02,40.58362579345703,40.68529337767641,39.64089482031002,39.85347089380631,9050500
2024-01-03,39.51150131225586,40.12150329674972,39.38210748610828,40.093777055637325,7133200
2024-01-04,39.9366569519043,40.29711222072745,39.566960777142086,39.68711018293804,7192600
2024-01-05,40.49120330810547,40.97181147052505,39.68710705185792,39.69635148278529,7616800
2024-01-08,40.62983322143555,40.71301546132875,39.91816373028632,40.3063486916936,6459200
2024-01-09,40.16771697998047,40.54665757316076,39.918170219732346,40.08453472656443,5132900
2024-01-10,40.11225891113281,40.1492260541693,39.650136128865,40.029076669295925,7885900
2024-01-11,39.5761947631836,40.01983221075882,38.86452525591176,40.01983221075882,10017300
2024-01-12,38.95695495605469,39.8442299201776,38.54104371483542,39.62240941628823,9494000
2024-01-16,38.24528884887695,38.61498502113779,37.85710381342782,38.51331742790784,14399000
2024-01-17,37.72770309448242,38.57801083443086,37.11770117209816,38.21755210808459,14567000
2024-01-18,37.10846328735352,37.89407065902194,36.09179098351038,37.7924030760659,15244000
2024-01-19,38.82755279541016,38.86452346243127,36.951335515549744,37.23785289638803,14397700
2024-01-22,38.61498260498047,39.14180234991996,38.21755668852192,38.91074093457045,10374300
2024-01-23,38.79058837890625,38.94770843620738,38.18058643307654,38.79058837890625,7420200
2024-01-24,39.2619514465332,39.72407423219256,39.04013448381826,39.16952829968815,11196400
2024-01-25,39.56695175170898,39.79801313037314,39.01240232748489,39.724071796856535,8173600
2024-01-26,39.40983200073242,39.75180188710088,39.09558835426171,39.391346665561535,7242500
2024-01-29,39.69635009765625,39.71483543314861,39.12331880026201,39.39134735060815,7475700
2024-01-30,40.05680465698242,40.11226066253404,39.44680269878339,39.62240809445439,8055300
2024-01-31,38.39316177368164,39.7333185535696,38.26376795816586,39.24346600462366,13026100
2024-02-01,37.79240798950195,38.531803881152086,36.94210359553373,38.43013981069584,16002800
2024-02-02,37.746192932128906,37.995739683657625,37.03452335015087,37.43194926639468,11269300
2024-02-05,37.06224822998047,37.42270698608931,36.89588373507401,37.37649188416853,8880300
2024-02-06,37.06224822998047,37.4411887959969,36.89588373507401,37.01603665377695,8728400
2024-02-07,36.88664245605469,37.26558301822831,35.92542616761328,37.191645202195936,12255300
2024-02-08,37.311798095703125,37.358009675775,36.40603772856763,36.69255516616136,7601600
2024-02-09,37.136192321777344,37.33028307163155,36.75725172770686,37.2471008180201,10684700
2024-02-12,37.958770751953125,38.30074067496852,37.09922196583851,37.18240422016307,10304800
2024-02-13,36.90512466430664,37.41345900575071,36.42451656081065,37.18239762093823,9106200
2024-02-14,37.43194580078125,37.616795620990246,37.05300525592548,37.394975131596034,5904900
2024-02-15,38.40239715576172,38.55952071323429,37.6814868440029,37.76466907426096,7064200
2024-02-16,38.34695053100586,38.65194973796313,37.727704161205104,38.03270689387945,7287500
2024-02-20,38.02346420288086,38.40240476565548,37.81088813358946,37.9957379625394,7328500
2024-02-21,37.72770309448242,37.94952357794805,37.27482474907735,37.8570969074553,8312200
2024-02-22,38.21755599975586,38.85528775108629,37.96801277830703,38.21755599975586,10999900
2024-02-23,38.226806640625,38.52256501293128,37.97725985291947,38.23604754725798,6424400
2024-02-26,37.746192932128906,38.2914980130878,37.57058752581643,37.995739683657625,6154100
2024-02-27,38.23604202270508,38.688923948080536,37.96801346045981,38.12513353054437,6489100
2024-02-28,38.09740447998047,38.40240369236393,37.75543107197971,37.98649247027999,6768200
2024-02-29,38.781349182128906,38.98468436675096,38.34695609550577,38.57801752322444,9000700
2024-03-01,38.28225326538086,38.72589428157342,37.82937486968878,38.45786219595798,8899400
2024-03-04,39.46528625488281,40.204682000320005,38.9384665659015,39.20649509969203,10499700
2024-03-05,39.9736213684082,40.45422949349592,39.28967808732108,39.28967808732108,9523700
2024-03-06,39.82574462890625,40.00135003063193,38.92922523302201,39.79801838803306,10526700
2024-03-07,40.05680465698242,40.44498611869218,39.79801701584258,40.15847223763512,7524400
2024-03-08,39.98286437988281,40.50044320164845,39.89968213220114,40.45423162531803,6678200
2024-03-11,40.22317123413086,40.46347355255032,39.77028931292983,39.89968314021088,8241900
2024-03-12,39.9366569519043,40.33408289591896,39.8257484520474,40.10302146454846,5941500
2024-03-13,40.17695999145508,40.73150597748593,39.9551394816123,39.9551394816123,5756800
2024-03-14,39.14180374145508,40.2508992797058,38.901501412264224,39.82574710652024,7461100
2024-03-15,38.89226150512695,39.53923068714192,38.75362323714225,38.75362323714225,32597000
2024-03-18,39.252716064453125,39.27120140156618,38.53180201991423,39.252716064453125,8168200
2024-03-19,39.02164840698242,39.41907427714646,38.90149549779593,39.18801288871234,6080300
2024-03-20,40.16771697998047,40.37105216071246,38.7166515237254,38.74437776629158,7998400
2024-03-21,41.08271789550781,41.350749967443846,40.38953369094598,40.435745266106665,8572300
2024-03-22,40.287872314453125,41.628029354798905,40.27863140828477,41.526361758358384,6700300
2024-03-25,40.25089645385742,40.944080675883846,40.16771420618556,40.43574628487459,6424600
2024-03-26,40.23241424560547,40.66681085340555,40.17696175999188,40.66681085340555,5267500
2024-03-27,41.12978363037109,41.14847941446946,40.438053882156304,40.47544545035304,6167200
2024-03-28,41.78413009643555,41.98043051961167,41.410221472032255,41.52239263301048,7595000
2024-04-01,41.08304977416992,41.83086337837742,41.02696241665815,41.67195454754557,4824900
2024-04-02,40.41001510620117,41.083049122236034,40.30719006865623,40.84000747606501,6462200
2024-04-03,40.2978401184082,40.91478671902599,40.20436119961391,40.41001125510522,5866400
2024-04-04,40.1202392578125,41.15783226721399,39.94263462856217,40.72783986006681,6491400
2024-04-05,40.22306442260742,40.4754522012468,39.87720127374168,39.96133053328813,4580700
2024-04-08,40.8680534362793,41.1391334152862,40.25110676933361,40.4661029568905,6159500
2024-04-09,41.07369995117188,41.148483094252974,40.57827410875742,40.961528802406754,5701800
2024-04-10,39.28829193115234,40.232409464623615,39.13872921650475,40.20436400410092,7584400
2024-04-11,39.18546676635742,39.44720419051551,38.52178244517446,39.44720419051551,6829700
2024-04-12,38.86765670776367,39.00786977386325,38.49374806645064,38.52178996649914,6742500
2024-04-15,38.736778259277344,40.045454670180206,38.41895704896415,39.31633689128491,10232800
2024-04-16,38.32548904418945,38.57787683896866,37.755279978116825,38.55918105055646,9549800
2024-04-17,36.94203186035156,37.3626781743479,36.25965164691615,36.92333607241206,14178500
2024-04-18,36.86724472045898,37.53093264001704,36.63355274528044,36.83920282451166,9878700
2024-04-19,37.81136322021485,37.820709330473285,36.83920372393149,36.88594140693698,12061800
2024-04-22,38.37222290039063,38.67134835340077,37.61506315752099,38.02635976394577,8630700
2024-04-23,38.29744338989258,38.56852338065081,38.14788066311482,38.447006116670345,7079900
2024-04-24,38.895694732666016,39.00786588754158,37.79266827312898,37.88614364121583,6550300
2024-04-25,38.316139221191406,39.01721517237855,37.74593021035546,38.6433065720694,6602200
2024-04-26,38.43765640258789,38.8396068990053,38.19461830900969,38.32548524907924,4512200
2024-04-29,38.5965690612793,38.80221558309893,38.40026864987373,38.53113559081078,4647200
2024-04-30,37.979618072509766,38.56851924018218,37.9328803940073,38.37221885095804,8861600
2024-05-01,38.37222290039063,39.08264852568223,37.88614314778497,37.94223050742063,6359400
2024-05-02,38.29744338989258,38.96112776710287,37.95157668696044,38.89569429700364,6760700
2024-05-03,38.708740234375,39.10134462323396,38.54983139626172,38.83960717537575,5091200
2024-05-06,39.09199142456055,39.20416256876016,38.71808285608668,39.03590406953256,6430200
2024-05-07,38.86765670776367,39.33504072647642,38.70874428715565,39.26025757187099,8732100
2024-05-08,38.97047424316406,39.0639531769378,38.38157300674474,38.54048184537502,8906000
2024-05-09,38.83026123046875,39.13873279759154,38.5685237814949,38.80221576737997,6414400
2024-05-10,39.12003326416016,39.17612061910931,38.89569097607627,38.97982022557182,4867500
2024-05-13,38.78351974487305,39.475245958409566,38.78351974487305,39.26024978037219,4846400
2024-05-14,39.2135124206543,39.531333635530366,38.91438699087168,38.93308277596515,5627900
2024-05-15,39.46589660644531,39.83045546820334,39.21350887926143,39.6902388755936,7752700
2024-05-16,38.93308639526367,39.50329184726795,38.87699903476929,39.32568722115416,9488700
2024-05-17,38.72743606567383,39.22286193313492,38.6152649112378,39.22286193313492,11360600
2024-05-20,38.22266006469727,38.9237360117852,38.18526849171364,38.72743560240618,9935500
2024-05-21,38.493743896484375,38.531135469736526,38.16657654516981,38.213314228806645,6315200
2024-05-22,38.11048889160156,38.54048128311756,37.9515764894329,38.15722657487823,5802000
2024-05-23,37.4094123840332,38.18526789919277,37.1663707292676,38.1385302166168,7452400
2024-05-24,37.88614273071289,37.89549240681091,37.428108445895695,37.530933487834105,6155900
2024-05-28,37.17572021484375,38.05440076668289,37.063549064064766,37.96092540200983,7657200
2024-05-29,36.49333953857422,36.60551068772487,36.11943095359668,36.60551068772487,6229500
2024-05-30,36.811161041259766,36.97006987325652,36.23160237362596,36.82985682723407,6229100
2024-05-31,37.90483474731445,37.951572425586455,36.95137113396915,37.0635458408495,9153500
2024-06-03,37.138328552246094,38.13852992841123,36.74572774254685,38.10113835629037,6361800
2024-06-04,36.41856002807617,37.269198756189645,36.36247623083462,36.78311897357382,9953400
2024-06-05,36.53073120117188,36.5494234211964,35.82030560111754,36.52138152530306,12487800
2024-06-06,36.47464370727539,36.792464934353184,36.22225594760862,36.53073106470907,6331800
2024-06-07,36.47464370727539,36.80181104433053,36.17551826600882,36.184864375986166,8218100
2024-06-10,36.22225570678711,36.53073082183668,35.80160944347247,36.12878034420897,10631400
2024-06-11,35.94182586669922,36.28768898547151,35.34357499124776,36.16616816206527,12501000
2024-06-12,36.717681884765625,37.49354095155617,36.57746883960858,37.02615700265292,10299900
2024-06-13,36.6989860534668,36.92333191763946,36.21290988516302,36.624206475980266,5935900
2024-06-14,36.29704284667969,36.54008095566087,35.960525798969655,36.23160580664104,5121900
2024-06-17,36.54008102416992,36.58681871069352,35.96987197735405,36.17552207708618,5697600
2024-06-18,36.727027893066406,36.83919903116196,36.32507745187981,36.45594437396732,6308900
2024-06-20,36.717681884765625,36.77376924234237,36.33442718929922,36.55877305374966,6710900
2024-06-21,37.11028671264648,37.25049975952854,36.19421458942873,36.50268614525451,15555300
2024-06-24,37.90483474731445,38.15722248901082,37.119629628433394,37.28788812289764,9549100
2024-06-25,37.4094123840332,37.94222981028378,37.08224147428821,37.74592940395075,6893100
2024-06-26,37.1196403503418,37.40007006683149,36.78312326421125,37.1196403503418,7854700
2024-06-27,37.091590881347656,37.11963277751857,36.33442759202376,36.66159849939627,6874500
2024-06-28,37.57428359985352,37.93393769625691,37.21462950345012,37.42285086617437,12212200
2024-07-01,37.138916015625,37.81089856510258,36.978016700565696,37.67839537060743,8068900
2024-07-02,37.82983016967773,37.91501131512842,36.95908917057718,37.03480734895178,9381300
2024-07-03,37.39445114135742,38.123222230192766,37.39445114135742,37.83928633322283,3715500
2024-07-05,36.94962310791016,37.44178039478836,36.80765334057256,37.40392130877285,5656000
2024-07-08,37.34713745117188,37.40392608745039,36.95909079603941,37.053738523170274,5295000
2024-07-09,37.73517990112305,37.91500875741087,36.97801622066208,37.08212690368319,8003000
2024-07-10,38.61538696289063,38.64378308540629,37.678397960028825,37.85822322056758,9598500
2024-07-11,39.68487930297852,39.85524158138085,38.96557110295952,39.02235973257403,9239000
2024-07-12,39.84577178955078,40.17703335324536,39.42933270396889,39.7321981499268,8322000
2024-07-15,40.0823860168457,40.6313318992645,40.05399350928644,40.31899987434878,10435600
2024-07-16,40.9720573425293,41.11402349392242,40.08238690785855,40.30007483878851,12869800
2024-07-17,42.836570739746094,43.21515435209161,41.45474669243449,41.62510895694588,21306500
2024-07-18,42.03208923339844,43.1867661158492,41.99423014633157,42.3917433396512,17219300
2024-07-19,42.36334609985352,42.56210449648259,41.8901183553445,42.34442016726138,11842300
2024-07-22,42.62834930419922,42.79871155393111,41.60617580580787,42.24030275990782,12327600
2024-07-23,43.11104202270508,43.234082233558745,42.28762684947986,42.43905956651485,8131500
2024-07-24,42.3728141784668,43.38552129877554,42.31602554735406,43.14890741813441,8059400
2024-07-25,42.67567825317383,43.27194622370074,42.21191347377708,42.37281278475026,9489900
2024-07-26,43.0258674621582,43.2151592899599,42.64728741699612,42.7703240361921,5681700
2024-07-29,42.9406852722168,43.24355074513166,42.71353797275126,43.15836960522178,5011200
2024-07-30,43.03533172607422,43.423378327511,42.79871785665079,43.1394424062911,8211000
2024-07-31,42.47692108154297,43.11104449218805,42.36334382943023,43.07318540815047,8859200
2024-08-01,41.15188217163086,42.51477670791242,41.00044944537736,42.51477670791242,11219500
2024-08-02,40.0823860168457,40.460969633027005,39.71326897681144,40.37578849990826,8485500
2024-08-05,38.61538696289063,39.18326247746405,38.24626986416074,38.92771903747224,10994200
2024-08-06,39.43879699707031,39.80791765654421,38.35037539228635,38.55859674730634,9184800
2024-08-07,39.17379379272461,40.4515109239576,39.11700877163069,40.12024932233068,6841000
2024-08-08,39.52397537231445,39.94041805327432,39.315757642275294,39.552371489024026,6364500
2024-08-09,39.8173828125,39.88363440902466,39.38201414664045,39.38201414664045,6486600
2024-08-12,39.24951553344727,40.36633344866709,39.1075457469336,39.97828679069693,7619900
2024-08-13,40.12971496582031,40.14864089878375,39.21165196812076,39.58076903840868,7457100
2024-08-14,40.07292175292969,40.21489150700864,39.798448820612165,40.16756584868844,8036100
2024-08-15,40.51776123046875,40.99098898018505,40.43258009110217,40.744908528485496,6512700
2024-08-16,40.87741470336914,41.00992151572872,40.5177641868604,40.5177641868604,5369500
2024-08-19,41.32224655151367,41.33170951782014,40.93419994500755,40.93419994500755,4575400
2024-08-20,41.39796447753906,41.59671926276337,41.066702891724056,41.15188402974036,6587400
2024-08-21,41.36010360717773,41.634576552326045,40.96259044343864,41.50206975745235,4262100
2024-08-22,41.82386779785156,41.86172688485768,41.3506400415989,41.3506400415989,4836900
2024-08-23,42.95961380004883,43.15836858499308,41.96583626488644,42.12673196400098,5094500
2024-08-26,43.17729949951172,43.37605790121103,42.988007674791135,43.30033972714629,5849800
2024-08-27,43.28141021728516,43.32873227089178,43.01640382873503,43.15836998955491,5458000
2024-08-28,43.65999221801758,43.90606905374268,43.129975850494354,43.129975850494354,6213900
2024-08-29,44.03857421875,44.26572513229112,43.07318915447248,43.88714147986968,7064700
2024-08-30,44.70109176635742,44.776809937564565,44.10482380464512,44.17107539923081,14262600
2024-09-03,43.90606689453125,44.77680776903805,43.7357046280069,44.74841165099003,7980300
2024-09-04,43.59374237060547,44.30358400766875,43.43284305544167,43.86821172633457,5999600
2024-09-05,43.1015853881836,44.04804091127709,42.98800812589464,44.04804091127709,5971200
2024-09-06,42.10780334472656,43.48016081929566,41.95637062151145,43.16783240723238,7635400
2024-09-09,42.836570739746094,43.00693300425748,42.372809605585786,42.52424232843581,7146200
2024-09-10,42.61888885498047,42.96907998001037,41.662970414473406,42.96907998001037,7000600
2024-09-11,42.3538818359375,42.40120388685034,41.246530680724696,42.24977115766463,8448600
2024-09-12,41.502071380615234,43.50855959902814,41.16135044036584,42.950150721050015,14746700
2024-09-13,42.23084259033203,42.34441984767464,41.74815188316997,41.79547393517548,8757300
2024-09-16,42.297096252441406,42.71353899550174,41.94690871795629,42.44852899252481,9524500
2024-09-17,42.28763198852539,42.85550384380759,42.14566221948424,42.57156791616649,6286600
2024-09-18,42.760860443115234,43.35712842830166,42.22138108856984,42.344421316404784,11035300
2024-09-19,43.98178482055664,44.1237509682534,43.158366000063545,43.80195597885678,9002000
2024-09-20,43.546417236328125,43.8871418039351,43.38552152964778,43.8114272391565,11026200
2024-09-23,43.40444946289063,43.82088857982384,43.309801747377726,43.669455845444375,5205600
2024-09-24,43.19622421264648,43.51801919555465,42.85549968833892,43.40444555759908,6197600
2024-09-25,42.3538818359375,43.23408570259227,42.30655978502466,43.23408570259227,6848400
2024-09-26,42.87443161010742,42.99747183081426,41.87119113332552,42.61888820268909,9679400
2024-09-27,43.04479217529297,43.489627379139264,42.79871535407558,43.08265125869285,6884700
2024-09-30,43.76253128051758,43.810379371437485,42.93953097462399,43.3223230031339,7028300
2024-10-01,42.54716491699219,43.46586127795285,42.413188820673945,43.42758500084395,6272800
2024-10-02,42.34619903564453,42.97780321422099,42.11652312953733,42.55673497869491,6114300
2024-10-03,42.08782196044922,42.21222991557545,41.57105382430206,42.14524185910177,4513200
2024-10-04,42.77684020996094,43.01608427864016,42.26964030197013,42.79598017352425,5438000
2024-10-07,42.55673599243164,42.76726828992239,42.1356640963006,42.6620039664644,5108400
2024-10-08,42.355770111083984,42.80555014748189,42.26007393977908,42.65243408304908,4588000
2024-10-09,43.159629821777344,43.20748155740577,42.250505254035325,42.42276128068799,6848300
2024-10-10,43.00651550292969,43.12135529240416,42.585447226581735,42.9682392236799,5310700
2024-10-11,44.26972198486328,44.57595775906785,43.389305542071625,43.44672543421777,8809000
2024-10-14,45.09272384643555,45.1692837054494,44.107039390369664,44.20273556356198,8166700
2024-10-15,44.97789001464844,46.01142626087815,44.92047011744394,45.40853011724415,8595500
2024-10-16,47.092803955078125,47.95408410557624,46.64302756588463,46.64302756588463,27957200
2024-10-17,47.820106506347656,48.298594652617055,46.98753450342501,47.724406686748864,16053100
2024-10-18,47.04495620727539,47.99236437963427,46.85356021128042,47.95408445032028,10983600
2024-10-21,45.858306884765625,47.04495921534952,45.80089063769841,46.92055126241184,6648300
2024-10-22,45.96356964111328,46.078409423329255,45.37981352519389,45.686049293861686,6854200
2024-10-23,46.44206237792969,46.44206237792969,45.72433009563863,45.75304186932138,6844500
2024-10-24,46.36550521850586,46.633457430234095,46.12626112929848,46.38464518371146,7804500
2024-10-25,45.68605041503906,46.843990868156034,45.63819867932067,46.74829104729416,6601300
2024-10-28,46.49948120117188,46.59517737637125,45.8774451106507,46.04970114646964,5781000
2024-10-29,46.14540100097656,46.60474921325472,45.99228493021717,46.33679335149448,7499700
2024-10-30,46.58560943603516,47.24592180936617,46.14540118714781,46.14540118714781,8434500
2024-10-31,46.23152542114258,46.71958171790223,46.154965566433326,46.57603381560979,6913200
2024-11-01,45.7817497253418,46.85356223848253,45.76260975985667,46.61431814578124,5480400
2024-11-04,45.15971374511719,45.81045797105471,45.11186565656372,45.80088981357408,7720400
2024-11-05,45.5616455078125,45.810457757475575,45.18842530803031,45.25541336180788,4379800
2024-11-06,49.05459976196289,49.53308787519168,47.84881132287916,48.11676349810341,17523400
2024-11-07,47.4277458190918,48.81535850662394,47.21720986900563,48.65267429106631,9625900
2024-11-08,48.04977798461914,48.19332588637691,47.22677780243414,47.62870973701102,8615300
2024-11-11,48.84407043457031,49.24599872176426,48.604826363457306,48.69095437508098,8192500
2024-11-12,48.57611846923828,49.05460664965092,48.21247008053875,48.74837450623284,7564600
2024-11-13,48.96847915649414,49.45653915007307,48.57611899036949,48.71966690626333,7130600
2024-11-14,48.14548110961914,49.08331748728267,48.07849305768425,49.08331748728267,10345100
2024-11-15,47.75312042236328,48.47085267129314,47.60000435528124,48.10720064300768,13570800
2024-11-18,48.43257141113281,48.60482743818903,47.69569921774232,47.81053535225482,7472000
2024-11-19,48.23160934448242,48.442141658411536,47.45645718927849,47.74354936323641,5066200
2024-11-20,48.55698013305664,48.76751244128248,48.12634005849818,48.42300038163571,8071200
2024-11-21,49.179012298583984,49.83932829303808,48.61439612608154,48.662244211769895,8218000
2024-11-22,50.231689453125,50.42308179975157,49.15987332902617,49.15987332902617,8301500
2024-11-25,51.3226432800293,51.60973545831183,50.87286322202244,50.96855939792491,10234400
2024-11-26,51.351348876953125,51.48532497685697,50.98769685537487,51.44704504814875,5767500
2024-11-27,51.17909240722656,51.65758056023044,50.930280173917495,51.437476447917646,4506200
2024-11-29,50.99726867675781,51.43747690529773,50.78673271938006,51.29392899789018,3287900
2024-12-02,50.499637603759766,51.19822983446007,50.269961695445765,51.19822983446007,5110200
2024-12-03,49.85846710205078,50.61447930571668,49.60008669628787,50.49007135624093,6520400
2024-12-04,49.7723388671875,50.16469902868441,49.37041054834559,49.98287483452856,4669900
2024-12-05,49.87760162353516,50.31781347734685,49.71491741169421,49.77233365089703,7020200
2024-12-06,49.93502426147461,50.32738440344444,49.5522322763736,49.99244415441224,4683500
2024-12-09,49.10245513916016,50.02115150862646,49.05460340382504,49.99244338788528,5414900
2024-12-10,49.35126495361328,49.58094086002046,48.59525283946739,49.33212499053146,6357600
2024-12-11,49.11202239990234,49.99244247584333,49.04503435234513,49.76276656237944,7842300
2024-12-12,48.9014892578125,49.58094523009315,48.87278113594677,49.29384940913583,7596700
2024-12-13,48.8344955444336,49.12159133210442,48.54740340733736,49.02589151935595,6426800
2024-12-16,49.15030670166016,49.15987485905927,48.46128255051956,48.95891069850164,8427100
2024-12-17,47.82967758178711,49.0354698282904,47.54258540662087,48.786653932724604,6774100
2024-12-18,45.5616455078125,48.08806253763819,45.52336557691814,47.96365458751907,8970100
2024-12-19,45.37024688720703,46.46119930075019,45.150142773121566,46.19324710109395,9802900
2024-12-20,45.858306884765625,46.4803429988788,45.18842633181325,45.24584257888048,20225000
2024-12-23,46.24109649658203,46.27937642635301,45.42766806711143,45.49465611892312,4600700
2024-12-24,46.72915267944336,46.72915267944336,46.154964731238586,46.355928870351626,2393800
2024-12-26,46.90141296386719,47.01625276323461,46.250672353661926,46.56647267548394,3448200
2024-12-27,46.403785705566406,47.140654296658376,46.16454161348911,46.643029797643706,4956900
2024-12-30,46.17410659790039,46.49947868678942,45.609490433374575,46.049698656408296,4868400
2024-12-31,46.25146865844727,46.71562677958282,46.048396483299776,46.37717561353757,4521400
2025-01-02,46.28047943115234,46.70595680544088,45.971040670069584,46.5899181922351,6227800
2025-01-03,47.24747085571289,47.27647958335985,46.25146519262784,46.43519328239287,6418900
2025-01-06,47.12176513671875,48.03074102288159,47.04440729199046,47.585923271491325,7261800
2025-01-07,47.09275436401367,47.82767045666931,46.87034549796262,47.68262312079294,6014300
2025-01-08,46.91869354248047,47.08308125716054,46.309484417017565,47.054072528405406,5955500
2025-01-10,45.81631851196289,46.50288549094281,45.49720773399148,46.30948535479051,8528500
2025-01-13,46.79298400878906,46.81232439134968,45.84532739612346,45.97103803836709,9164700
2025-01-14,47.44087600708008,47.7213023445808,47.07341609981584,47.199126747606414,8753200
2025-01-15,49.22014999389648,49.43288683077794,48.58193210565032,48.78500059536481,13935600
2025-01-16,46.44486999511719,47.5859268795848,45.642264312300846,46.30949098997717,19043000
2025-01-17,46.763973236083984,47.17011018570923,45.84532539299752,47.17011018570923,14835700
2025-01-21,47.692291259765625,47.77932113643238,46.73496630523208,47.05407339380967,11643900
2025-01-22,47.02506637573242,47.46988412208213,46.35783606740696,47.37318589506729,9541100
2025-01-23,46.831668853759766,47.33450777773948,46.560910851924966,47.13143927636337,8138800
2025-01-24,47.45054244995117,47.75031284763553,46.58024367525519,46.58024367525519,8259500
2025-01-27,47.905033111572266,48.079092869751165,47.40219422003334,47.62460309130617,5987300
2025-01-28,46.84133529663086,48.11777109451751,46.37717716001762,47.96305171564643,12309600
2025-01-29,46.08707809448242,47.55691401611236,45.980707831453806,46.75430471420616,15331400
2025-01-30,46.41585922241211,46.8606769879813,46.12576084003224,46.60925937359904,6683500
2025-01-31,46.2031135559082,46.75430152785532,46.09674330012882,46.41585406746697,11182500
2025-02-03,45.32314682006836,45.87433479627157,45.01370808566658,45.294138091468405,10881000
2025-02-04,45.88400650024414,46.25146637799229,45.42951674852408,45.59390814993799,10381200
2025-02-05,45.81631851196289,46.60925575026661,45.7292886351344,46.24179586045732,10811100
2025-02-06,46.16443634033203,46.48354341789712,45.82598519217437,46.34816443415431,9101100
2025-02-07,45.67127227783203,46.41586048239323,45.3424931185297,46.23213236261884,8115000
2025-02-10,45.332820892333984,45.75829824905354,44.94602061255196,45.71961748331516,8459800
2025-02-11,46.01939010620117,46.10641998891351,44.92668239854652,45.149091279077815,7744900
2025-02-12,45.92269134521485,46.048398305278944,45.4391928221348,45.59391220196837,6180100
2025-02-13,45.825984954833984,45.990376354813584,45.30380571555849,45.903346481601,6352200
2025-02-14,46.17410659790039,46.46420495918464,45.932357348696726,45.990378496473895,5398900
2025-02-18,46.35783767700195,46.41585882850596,45.99038145054636,46.29982021429898,5459800
2025-02-19,45.56489944458008,46.02905758064156,44.53021290795951,45.91301896882644,10999200
2025-02-20,45.21677780151367,45.68093960462589,44.62691273396011,45.5455569269177,6909100
2025-02-21,44.35615158081055,45.381169733947694,44.230444626113226,45.25545909044955,9327000
2025-02-24,44.104736328125,44.665592702603405,43.92100452659504,44.559226125003086,8069300
2025-02-25,44.394832611083984,44.67526262948276,43.87265334002437,44.47219414255986,12635700
2025-02-26,44.240116119384766,45.00404469287876,44.104737119282255,44.66559350382138,9056100
2025-02-27,44.75262069702149,45.22645085768991,44.307802955202725,44.307802955202725,6315400
2025-02-28,45.3521614074707,45.39083848452102,44.55922415152575,44.91701201364704,10100600
2025-03-03,44.71393966674805,45.80664354172328,44.25944992922704,45.55522596299285,9676000
2025-03-04,43.13774108886719,44.24011718927705,42.72193204203874,43.998367915018704,10798400
2025-03-05,43.19575881958008,43.51486963418871,42.431833911713234,43.10873262156086,8956600
2025-03-06,42.91532897949219,43.3408063422971,42.39314970095827,42.75093756715333,9879700
2025-03-07,43.24411010742188,43.311799607149865,42.14173403893626,42.91533095639976,10793200
2025-03-10,40.97166061401367,42.83796506249215,40.59453238566426,42.35446657716199,18143800
2025-03-11,40.18839645385742,41.30044078520573,40.03367708215675,41.00067407748613,17587400
2025-03-12,40.30443572998047,40.816942965602685,39.66621785001286,40.72991308702525,13661400
2025-03-13,39.56951522827149,40.584865023125424,39.46314865751228,40.54618425804892,9565400
2025-03-14,40.63321304321289,40.71057088248643,39.77258633179093,39.95631442776618,12739900
2025-03-17,40.787933349609375,41.097372091429015,40.304434854416094,40.59453321377191,9851300
2025-03-18,40.8846321105957,41.13605339712982,40.69123566101663,40.96199364146799,13725500
2025-03-19,41.27143096923828,41.50350817627916,40.7782604488752,40.884630705769226,12043400
2025-03-20,41.20374298095703,41.66790110078766,40.80727435638499,40.865291815863294,9203000
2025-03-21,41.42615509033203,41.590542823448686,40.72991601171769,40.95232489765258,69001600
2025-03-24,42.31578826904297,42.41249018500203,41.68724241491321,41.79361267806772,8235200
2025-03-25,42.25777053833008,42.57687763695426,42.054702049314606,42.33512838180226,7377800
2025-03-26,42.32545852661133,42.99268511908923,42.14173042721037,42.47050586125396,9585400
2025-03-27,41.80327987670898,42.45116978503055,41.706581652207646,42.29645041254792,8171600
2025-03-28,40.86529159545898,41.99668000359475,40.75892502405549,41.73559037094803,7154100
2025-03-31,41.3154411315918,41.43286909612979,40.27815020143104,40.503222022198734,10548400
2025-04-01,40.87508010864258,41.10993602915907,40.45429254033567,40.96315201207816,9514200
2025-04-02,42.0885124206543,42.1472282691446,40.38579387707996,40.38579387707996,10427100
2025-04-03,37.958927154541016,40.336864829009,37.88063935857401,40.26836487402165,16695400
2025-04-04,36.040924072265625,36.882495554036055,34.9742770240688,36.56935180896615,19859300
2025-04-07,36.01156234741211,37.5087847644668,34.426271756439554,35.03298726333587,21816400
2025-04-08,35.62013244628906,37.77299451752016,34.96448523760261,37.127135149557326,18709400
2025-04-09,38.45800018310547,38.99621573451026,34.729631489707266,35.052559327363056,22911600
2025-04-10,36.45191955566406,37.6555663843111,35.58098838368944,37.635994435922434,20954100
2025-04-11,37.04885482788086,37.15649868890021,35.6984201102189,36.20727962314903,18556300
2025-04-14,37.38156509399414,37.94913664294256,36.960777552702766,37.684920949599096,12809900
2025-04-15,37.80235290527344,38.53628414770243,37.42070925648514,37.42070925648514,11717300
2025-04-16,37.009708404541016,38.31121502384371,36.62806472909665,37.40113992102979,17381600
2025-04-17,37.38156509399414,37.85128063783786,36.99013360764072,37.12713350797422,12538500
2025-04-21,36.99992370605469,37.26413941552337,36.442136230387774,37.09777971713159,11261300
2025-04-22,38.16442489624024,38.232924847416605,37.342421749156365,37.44027775570337,8311400
2025-04-23,38.66349792480469,40.268364115176944,38.47757001233816,39.143001333647575,12753700
2025-04-24,39.19192886352539,39.33871660993379,38.418853700647055,38.45799759741829,9478300
2025-04-25,39.06471633911133,39.27021994789771,38.80050434618327,38.90814447187318,6432700
2025-04-28,39.31914520263672,39.52464506406249,38.92771369547262,39.19192940286326,5264900
2025-04-29,39.63228988647461,39.70078984196197,38.90814270036414,39.09407435065921,8390000
2025-04-30,39.47571563720703,39.60293143239887,38.43842479365704,38.8787842901154,10563200
2025-05-01,39.63228988647461,40.03350551131528,39.13321824892845,39.2995742171213,7192000
2025-05-02,40.58150863647461,40.7087207056092,39.8769334038689,39.95522119992179,9089500
2025-05-05,40.571720123291016,41.11972348767919,40.06286065628075,40.121576502347615,5230500
2025-05-06,40.10200500488281,40.5130084660404,40.0139331012753,40.10200500488281,5271100
2025-05-07,40.4151496887207,40.78700926095938,40.24879371846277,40.366221681760585,8325800
2025-05-08,41.23714828491211,41.44264813093778,40.61086090675736,40.88486070145825,8840400
2025-05-09,41.119720458984375,41.37414830726573,40.92400471947789,41.237148409501366,6997700
2025-05-12,43.06708526611328,43.40958876510796,42.78330134553395,42.969229256667646,12301800
2025-05-13,43.41937255859375,43.54658835632626,42.87137293691668,43.05730084670462,10139300
2025-05-14,43.282371520996094,43.39979947500272,43.057299720413646,43.27258741356527,5877300
2025-05-15,43.6248779296875,43.73251805050357,43.27259031111096,43.28237441919693,6533800
2025-05-16,43.95758819580078,44.03587598938407,43.35087272740016,43.6542323280842,7369200
2025-05-19,43.83037567138672,43.90865973118222,43.36066011371147,43.44873201408604,5717500
2025-05-20,43.45851516723633,43.76187475807895,43.3117274255134,43.71294302219308,6605400
2025-05-21,41.97108459472656,43.18451933674462,41.941728536868666,43.125803488061145,6298600
2025-05-22,42.1961555480957,42.52887121786272,41.71665585908794,41.971083732219135,6608900
2025-05-23,42.0200080871582,42.18636777406911,41.305648803287326,41.31543664350006,5798500
2025-05-27,42.80287170410156,42.8126558114957,42.10808062416268,42.61694006690683,6500400
2025-05-28,42.30379867553711,42.9300861059985,42.23529872114087,42.80287403810121,4800100
2025-05-29,42.82244110107422,42.84201304937016,42.2548695323618,42.61694124341804,6372800
2025-05-30,42.65608596801758,42.84201388098692,42.27444230125722,42.636514019341725,9784900
2025-06-02,42.68544006347656,42.70501201125323,41.86343692169308,42.38208420535651,6159500
2025-06-03,43.429161071777344,43.527017082030056,42.56801399627693,42.64630179085311,10105600
2025-06-04,42.95944595336914,43.77166129928641,42.92030205567089,43.52701753812364,6980500
2025-06-05,42.74415588378906,43.204087323874816,42.55822797946182,43.204087323874816,6079100
2025-06-06,43.8108024597168,43.86951830259566,43.3117271276648,43.45851486837828,7647700
2025-06-09,43.90866088867188,44.2805204481636,43.80101703726894,44.035876688781485,5605000
2025-06-10,44.27073669433594,44.43709266022175,43.859733234144,44.02609293299736,5792500
2025-06-11,43.25301742553711,44.14352056078489,43.18451747151555,44.11416450419495,13017700
2025-06-12,43.21387481689453,43.22365892506047,42.66587143541116,43.06708706363202,9552800
2025-06-13,42.06894302368164,42.87137426569472,41.93193938104856,42.7637304129668,9468800
2025-06-16,42.22551345825195,42.67565706996271,42.17658172104942,42.626729065727616,14247900
2025-06-17,41.775367736816406,42.24508331506617,41.69708367359191,42.04937129052112,10921100
2025-06-18,42.34294128417969,42.48972529643144,41.63836607987552,41.648153920472765,12696500
2025-06-20,42.36251449584961,42.61694236445462,42.254870643874106,42.4212266093144,22312700
2025-06-23,43.1453742980957,43.17473035517826,42.01022738430301,42.2548711479046,12500800
2025-06-24,43.585731506347656,43.98694710804554,43.478087658800135,43.56615955834198,10996900
2025-06-25,43.8597297668457,43.94780166328384,43.38023012299039,43.45851417928693,8481800
2025-06-26,44.6425895690918,44.701305411795175,43.977158283656095,44.03587412635947,13437100
2025-06-27,44.77959442138672,45.25909785740885,44.55452259891681,44.66216645596062,15796400
2025-06-30,44.76969909667969,45.21492337844931,44.6707620448227,44.91810844867176,13621100
2025-07-01,45.99654006958008,46.08558492815866,44.43330894657975,44.49267344370104,16514400
2025-07-02,46.98592376708984,47.00570815777227,46.07568705323009,46.2043082379051,15421800
2025-07-03,47.4212532043457,47.54987439209192,47.01560524995224,47.17390679863733,7036300
2025-07-07,47.27284240722656,47.87636822259255,46.95623931952744,47.59934146440745,14353700
2025-07-08,47.15411758422852,47.42125214935536,46.985923843707845,47.28273876911326,13523600
2025-07-09,46.79793930053711,47.59934301537954,46.63963775152946,47.47072182737126,9179400
2025-07-10,47.06507110595703,47.371781990348175,46.68910353383344,46.80783251926599,8606300
2025-07-11,46.6396369934082,46.886983395599984,46.26366940529886,46.50112361205386,11510200
2025-07-14,46.560489654541016,46.75836376350471,46.29335507839199,46.75836376350471,13464200
2025-07-15,45.20502853393555,46.58027774390112,45.15556000677574,46.36261169534991,15895100
2025-07-16,45.19513320922852,45.69971819005577,44.492670359254845,45.47215996150964,21086500
2025-07-17,44.73012161254883,45.11598138872798,43.45381329579739,43.68137530277092,25242800
2025-07-18,45.20502853393555,45.43258677823603,44.60150646385515,44.937893958224535,15539700
2025-07-21,45.294071197509766,46.00643003155083,45.26439083749356,45.294071197509766,10538100
2025-07-22,45.670040130615234,46.11526441506472,45.32375667282487,45.33364886838747,10511800
2025-07-23,45.79866027832031,46.15483969779292,45.630462763922,46.02621851315969,10145800
2025-07-24,45.571102142333984,46.2043083231226,45.56120617276798,45.749191852456605,9025600
2025-07-25,45.82834243774414,45.86791876906297,45.02693871246796,45.640360525289736,8082200
2025-07-28,45.60078430175781,45.8679188774813,45.35343789174051,45.75908585320062,6597600
2025-07-29,45.60078430175781,45.87781107323104,45.45237494606475,45.808554380362736,10034100
2025-07-30,45.39301300048828,46.08558368472361,45.16545476230647,45.79866095102222,11488700
2025-07-31,44.4827766418457,45.422693737218,44.35415922846497,45.22481585805436,11817100
2025-08-01,43.47360229492188,44.07712812020408,42.99869765557028,43.84956988306936,9632900
2025-08-04,43.94850540161133,44.02765805917951,43.52307307690492,43.60222196026665,6515800
2025-08-05,44.0870246887207,44.2354302675428,43.36477363734129,44.12659724521596,8020600
2025-08-06,43.96829605102539,44.284899150779154,43.938615689863056,44.225538428454485,5854700
2025-08-07,43.622013092041016,44.403628654767104,43.49339190184651,44.393732684794685,5412500
2025-08-08,44.38383865356445,44.46298753903713,43.68137578284079,44.02765923342103,6067000
2025-08-11,44.0870246887207,44.59160969544643,43.86935864406701,44.354159259648426,7201900
2025-08-12,45.2841796875,45.31386004796534,44.38383893605442,44.50256415212236,8836600
2025-08-13,46.115264892578125,46.20430975039006,45.13577145664682,45.32375714214239,10438100
2025-08-14,46.33293151855469,46.37250407591623,45.49195145665942,45.77887419921922,6181100
2025-08-15,45.442481994628906,46.59016916705544,45.442481994628906,46.461547979207474,8995400
2025-08-18,45.62057113647461,45.670039662193474,45.23471135197823,45.32375620795482,5892900
2025-08-19,45.71950912475586,46.075688555960745,45.422694190154,45.56120757468776,5597400
2025-08-20,45.91738510131836,46.03611031539325,45.47216083077939,45.808552082497,7720200
2025-08-21,45.679931640625,45.89759768180176,45.37322451810127,45.7294039403154,4976000
2025-08-22,47.76753616333008,47.84668882394854,45.89759795959473,46.00643098084181,12679300
2025-08-25,47.64881134033203,47.75764436247841,47.47072162667553,47.589446844377655,7520800
2025-08-26,48.05445861816406,48.10392714366051,47.43114462913044,47.43114462913044,9280600
2025-08-27,48.24243927001953,48.47989347011584,47.86647546665954,47.98520067960445,9492900
2025-08-28,48.15339660644531,48.46010750922381,47.86647764329852,48.4502153136146,10464800
2025-08-29,48.31170272827149,48.53926097311049,48.06435631768039,48.20286970373833,12069900
2025-09-02,48.00498962402344,48.034669984190245,47.441040135615,47.82689991460956,7053600
2025-09-03,48.02477645874024,48.420528422093845,47.51029550959476,47.965411965844304,8335500
2025-09-04,48.64808654785156,48.67777068134028,47.90604737214274,48.242438616098994,5564600
2025-09-05,48.28201675415039,48.96469523688038,47.84668844680007,48.82617808188993,8041000
2025-09-08,48.13360977172852,48.32159167241375,47.52018799731182,48.32159167241375,8543600
2025-09-09,48.84596633911133,49.45938813260753,48.04456641328957,48.14350346426299,17261800
2025-09-10,48.677772521972656,49.21204165449465,48.41063795571166,48.984479644037584,9988700
2025-09-11,48.7964973449707,49.01416338406958,48.52936278086022,48.77670918012476,8636500
2025-09-12,48.608516693115234,48.85586309875505,48.28201762605149,48.82617896361776,8103200
2025-09-15,48.76681900024414,49.04384577112332,48.48978845515828,48.638197810533086,7729900
2025-09-16,47.87636947631836,48.944907755939326,47.52019004977804,48.944907755939326,13158800
2025-09-17,49.08341979980469,49.637473315570766,48.05445787880124,48.08413823880113,12828100
2025-09-18,49.67705154418945,49.825460898275615,48.88554379554544,49.142782398527245,12345900
2025-09-19,49.87492752075195,49.98376053969917,49.49895993917243,49.904607880753375,20595300
2025-09-22,48.96469497680664,49.53853666189292,48.717348576947295,49.40991547718823,7669900
2025-09-23,48.82617950439453,49.68694772298336,48.57883309601522,48.9350125279545,9970900
2025-09-24,48.65798568725586,49.10320997652976,48.40074330936131,48.756922740780425,6621100
2025-09-25,48.50957489013672,48.80639359029668,48.29191262401439,48.51947085971888,7199000
2025-09-26,48.91522216796875,49.19225269938612,48.54915055676775,48.875649612800416,8309500
2025-09-29,48.470001220703125,48.98447840095741,48.00498879039685,48.89543354779677,9379500
2025-09-30,48.33000183105469,48.720001220703125,47.470001220703125,48.52000045776367,10181200
2025-10-01,47.880001068115234,48.34999847412109,47.81999969482422,48.18000030517578,9419800
2025-10-02,47.90999984741211,48.119998931884766,47.61000061035156,47.86000061035156,8468600
2025-10-03,48.06999969482422,48.45000076293945,47.84999847412109,48.02999877929688,9291100
