Date,Close,High,Low,Open,Volume
2025-09-24 13:30:00+00:00,49.29499816894531,49.380001068115234,49.244998931884766,49.27999877929688,96230
2025-09-24 13:31:00+00:00,49.31499862670898,49.36000061035156,49.2599983215332,49.27999877929688,42318
2025-09-24 13:32:00+00:00,49.45000076293945,49.522499084472656,49.32989883422852,49.32989883422852,44025
2025-09-24 13:33:00+00:00,49.4900016784668,49.51499938964844,49.43000030517578,49.45000076293945,14548
2025-09-24 13:34:00+00:00,49.5,49.52000045776367,49.45000076293945,49.4900016784668,24849
2025-09-24 13:35:00+00:00,49.46500015258789,49.525001525878906,49.45000076293945,49.505001068115234,21919
2025-09-24 13:36:00+00:00,49.540000915527344,49.560001373291016,49.470001220703125,49.470001220703125,14361
2025-09-24 13:37:00+00:00,49.59999847412109,49.625,49.540000915527344,49.540000915527344,29735
2025-09-24 13:38:00+00:00,49.55780029296875,49.59999847412109,49.54999923706055,49.59999847412109,25135
2025-09-24 13:39:00+00:00,49.53499984741211,49.560001373291016,49.5099983215332,49.560001373291016,14275
2025-09-24 13:40:00+00:00,49.54499816894531,49.56999969482422,49.52999877929688,49.5359992980957,13894
2025-09-24 13:41:00+00:00,49.54100036621094,49.56999969482422,49.540000915527344,49.54600143432617,8338
2025-09-24 13:42:00+00:00,49.52999877929688,49.540000915527344,49.47999954223633,49.540000915527344,19217
2025-09-24 13:43:00+00:00,49.5,49.54999923706055,49.4900016784668,49.51499938964844,12463
2025-09-24 13:44:00+00:00,49.52999877929688,49.540000915527344,49.49100112915039,49.49100112915039,6641
2025-09-24 13:45:00+00:00,49.43999862670898,49.5,49.41999816894531,49.5,23404
2025-09-24 13:46:00+00:00,49.480098724365234,49.4900016784668,49.43000030517578,49.440799713134766,8189
2025-09-24 13:47:00+00:00,49.5,49.5099983215332,49.470001220703125,49.4900016784668,9288
2025-09-24 13:48:00+00:00,49.47999954223633,49.5,49.47999954223633,49.5,5087
2025-09-24 13:49:00+00:00,49.43999862670898,49.47499847412109,49.43000030517578,49.470001220703125,12234
2025-09-24 13:50:00+00:00,49.459999084472656,49.4900016784668,49.45000076293945,49.45000076293945,10639
2025-09-24 13:51:00+00:00,49.46500015258789,49.47999954223633,49.43999862670898,49.459999084472656,6931
2025-09-24 13:52:00+00:00,49.47999954223633,49.494998931884766,49.470001220703125,49.47499847412109,8330
2025-09-24 13:53:00+00:00,49.47999954223633,49.505001068115234,49.47499847412109,49.4900016784668,6270
2025-09-24 13:54:00+00:00,49.5,49.5099983215332,49.46500015258789,49.46500015258789,8887
2025-09-24 13:55:00+00:00,49.49990081787109,49.52000045776367,49.47999954223633,49.5,5754
2025-09-24 13:56:00+00:00,49.470001220703125,49.47999954223633,49.459999084472656,49.47990036010742,4794
2025-09-24 13:57:00+00:00,49.42499923706055,49.46989822387695,49.40999984741211,49.46500015258789,5824
2025-09-24 13:58:00+00:00,49.40999984741211,49.43000030517578,49.40999984741211,49.42470169067383,6314
2025-09-24 13:59:00+00:00,49.45000076293945,49.45000076293945,49.40999984741211,49.40999984741211,12390
2025-09-24 14:00:00+00:00,49.45000076293945,49.47999954223633,49.44499969482422,49.45000076293945,16584
2025-09-24 14:01:00+00:00,49.47499847412109,49.47499847412109,49.44499969482422,49.459999084472656,6730
2025-09-24 14:02:00+00:00,49.459999084472656,49.48500061035156,49.459999084472656,49.47499847412109,12493
2025-09-24 14:03:00+00:00,49.42499923706055,49.47999954223633,49.42499923706055,49.46500015258789,29080
2025-09-24 14:04:00+00:00,49.47499847412109,49.47499847412109,49.41999816894531,49.43000030517578,9141
2025-09-24 14:05:00+00:00,49.505001068115234,49.505001068115234,49.46500015258789,49.471900939941406,9821
2025-09-24 14:06:00+00:00,49.47499847412109,49.505001068115234,49.459999084472656,49.505001068115234,6064
2025-09-24 14:07:00+00:00,49.45500183105469,49.4900016784668,49.45500183105469,49.47499847412109,10136
2025-09-24 14:08:00+00:00,49.5,49.5,49.459999084472656,49.459999084472656,7781
2025-09-24 14:09:00+00:00,49.505001068115234,49.505001068115234,49.47740173339844,49.494998931884766,9626
2025-09-24 14:10:00+00:00,49.494998931884766,49.494998931884766,49.4900016784668,49.4900016784668,8437
2025-09-24 14:11:00+00:00,49.53499984741211,49.53499984741211,49.5,49.5099983215332,15617
2025-09-24 14:12:00+00:00,49.51499938964844,49.525001525878906,49.514198303222656,49.525001525878906,15146
2025-09-24 14:13:00+00:00,49.52000045776367,49.52999877929688,49.52000045776367,49.52000045776367,4508
2025-09-24 14:14:00+00:00,49.53499984741211,49.54499816894531,49.52000045776367,49.52000045776367,12644
2025-09-24 14:15:00+00:00,49.51499938964844,49.54499816894531,49.5099983215332,49.54499816894531,5798
2025-09-24 14:16:00+00:00,49.494998931884766,49.52000045776367,49.494998931884766,49.52000045776367,10476
2025-09-24 14:17:00+00:00,49.470001220703125,49.494998931884766,49.45500183105469,49.494998931884766,5297
2025-09-24 14:18:00+00:00,49.45500183105469,49.459999084472656,49.43000030517578,49.459999084472656,7422
2025-09-24 14:19:00+00:00,49.48139953613281,49.48139953613281,49.45500183105469,49.45819854736328,6727
2025-09-24 14:20:00+00:00,49.46500015258789,49.48500061035156,49.46500015258789,49.48500061035156,6613
2025-09-24 14:21:00+00:00,49.47499847412109,49.47999954223633,49.46179962158203,49.46179962158203,4404
2025-09-24 14:22:00+00:00,49.51499938964844,49.51499938964844,49.47489929199219,49.47999954223633,6071
2025-09-24 14:23:00+00:00,49.48509979248047,49.525001525878906,49.48509979248047,49.51499938964844,7679
2025-09-24 14:24:00+00:00,49.48500061035156,49.491798400878906,49.47499847412109,49.47999954223633,5790
2025-09-24 14:25:00+00:00,49.494998931884766,49.505001068115234,49.459999084472656,49.48500061035156,8876
2025-09-24 14:26:00+00:00,49.491798400878906,49.5099983215332,49.4900016784668,49.4900016784668,2630
2025-09-24 14:27:00+00:00,49.470001220703125,49.494998931884766,49.459999084472656,49.494998931884766,4914
2025-09-24 14:28:00+00:00,49.505001068115234,49.505001068115234,49.47499847412109,49.47499847412109,4768
2025-09-24 14:29:00+00:00,49.47499847412109,49.5099983215332,49.47499847412109,49.494998931884766,11974
2025-09-24 14:30:00+00:00,49.46500015258789,49.47499847412109,49.43999862670898,49.470001220703125,25414
2025-09-24 14:31:00+00:00,49.52510070800781,49.52510070800781,49.47999954223633,49.47999954223633,156856
2025-09-24 14:32:00+00:00,49.54999923706055,49.54999923706055,49.525001525878906,49.525001525878906,4705
2025-09-24 14:33:00+00:00,49.52999877929688,49.55500030517578,49.525001525878906,49.54999923706055,9144
2025-09-24 14:34:00+00:00,49.53499984741211,49.5364990234375,49.52000045776367,49.525001525878906,3633
2025-09-24 14:35:00+00:00,49.54499816894531,49.56499862670898,49.52999877929688,49.52999877929688,6669
2025-09-24 14:36:00+00:00,49.540000915527344,49.54600143432617,49.52999877929688,49.54600143432617,4989
2025-09-24 14:37:00+00:00,49.55500030517578,49.56499862670898,49.525001525878906,49.53499984741211,16650
2025-09-24 14:38:00+00:00,49.54180145263672,49.56499862670898,49.54180145263672,49.55500030517578,8135
2025-09-24 14:39:00+00:00,49.53580093383789,49.560001373291016,49.53580093383789,49.54499816894531,5875
2025-09-24 14:40:00+00:00,49.54499816894531,49.55500030517578,49.540000915527344,49.540000915527344,4842
2025-09-24 14:41:00+00:00,49.53179931640625,49.538700103759766,49.52109909057617,49.52999877929688,3003
2025-09-24 14:42:00+00:00,49.53499984741211,49.54499816894531,49.525001525878906,49.525001525878906,7555
2025-09-24 14:43:00+00:00,49.52000045776367,49.540000915527344,49.5099983215332,49.53329849243164,5559
2025-09-24 14:44:00+00:00,49.52999877929688,49.54999923706055,49.525001525878906,49.52999877929688,10951
2025-09-24 14:45:00+00:00,49.5099983215332,49.52999877929688,49.5099983215332,49.52999877929688,2740
2025-09-24 14:46:00+00:00,49.4900016784668,49.52000045776367,49.480098724365234,49.52000045776367,6002
2025-09-24 14:47:00+00:00,49.4818000793457,49.49990081787109,49.4818000793457,49.4900016784668,2519
2025-09-24 14:48:00+00:00,49.47499847412109,49.47999954223633,49.470001220703125,49.47999954223633,6123
2025-09-24 14:49:00+00:00,49.48500061035156,49.494998931884766,49.47140121459961,49.47499847412109,5457
2025-09-24 14:50:00+00:00,49.47499847412109,49.494998931884766,49.474700927734375,49.494998931884766,5943
2025-09-24 14:51:00+00:00,49.52000045776367,49.525001525878906,49.4900016784668,49.4900016784668,7914
2025-09-24 14:52:00+00:00,49.53499984741211,49.540000915527344,49.51499938964844,49.51499938964844,5979
2025-09-24 14:53:00+00:00,49.54999923706055,49.55500030517578,49.540000915527344,49.540000915527344,2494
2025-09-24 14:54:00+00:00,49.54930114746094,49.55500030517578,49.54499816894531,49.55500030517578,5691
2025-09-24 14:55:00+00:00,49.525001525878906,49.54499816894531,49.525001525878906,49.54499816894531,7563
2025-09-24 14:56:00+00:00,49.55970001220703,49.55970001220703,49.5281982421875,49.5281982421875,8655
2025-09-24 14:57:00+00:00,49.53499984741211,49.55500030517578,49.52999877929688,49.55500030517578,7634
2025-09-24 14:58:00+00:00,49.56499862670898,49.56499862670898,49.54499816894531,49.54840087890625,9011
2025-09-24 14:59:00+00:00,49.55500030517578,49.55989837646485,49.54999923706055,49.55619812011719,6011
2025-09-24 15:00:00+00:00,49.56499862670898,49.58000183105469,49.56499862670898,49.56999969482422,10075
2025-09-24 15:01:00+00:00,49.55500030517578,49.56999969482422,49.55490112304688,49.561798095703125,6730
2025-09-24 15:02:00+00:00,49.54999923706055,49.56499862670898,49.54999923706055,49.55500030517578,4370
2025-09-24 15:03:00+00:00,49.52999877929688,49.540000915527344,49.52999877929688,49.540000915527344,3558
2025-09-24 15:04:00+00:00,49.5,49.52000045776367,49.494998931884766,49.52000045776367,5226
2025-09-24 15:05:00+00:00,49.47990036010742,49.5,49.47499847412109,49.5,5286
2025-09-24 15:06:00+00:00,49.470001220703125,49.47999954223633,49.45500183105469,49.47499847412109,8685
2025-09-24 15:07:00+00:00,49.470001220703125,49.47999954223633,49.459999084472656,49.47499847412109,9927
2025-09-24 15:08:00+00:00,49.470001220703125,49.4900016784668,49.459999084472656,49.459999084472656,9406
2025-09-24 15:09:00+00:00,49.46500015258789,49.47999954223633,49.46500015258789,49.47499847412109,9548
2025-09-24 15:10:00+00:00,49.46500015258789,49.47499847412109,49.459999084472656,49.46500015258789,4650
2025-09-24 15:11:00+00:00,49.435001373291016,49.46500015258789,49.435001373291016,49.46500015258789,6911
2025-09-24 15:12:00+00:00,49.39500045776367,49.42499923706055,49.39500045776367,49.42499923706055,15166
2025-09-24 15:13:00+00:00,49.36000061035156,49.39500045776367,49.36000061035156,49.3849983215332,5563
2025-09-24 15:14:00+00:00,49.334999084472656,49.36640167236328,49.334999084472656,49.3650016784668,2374
2025-09-24 15:15:00+00:00,49.345001220703125,49.36000061035156,49.33000183105469,49.334999084472656,5852
2025-09-24 15:16:00+00:00,49.3849983215332,49.3849983215332,49.34999847412109,49.34999847412109,11171
2025-09-24 15:17:00+00:00,49.375,49.3849983215332,49.3650016784668,49.380001068115234,6295
2025-09-24 15:18:00+00:00,49.36000061035156,49.380001068115234,49.36000061035156,49.375,5778
2025-09-24 15:19:00+00:00,49.334999084472656,49.34999847412109,49.334999084472656,49.34999847412109,5450
2025-09-24 15:20:00+00:00,49.33000183105469,49.34000015258789,49.32500076293945,49.33819961547852,7265
2025-09-24 15:21:00+00:00,49.31999969482422,49.334999084472656,49.31999969482422,49.33000183105469,4980
2025-09-24 15:22:00+00:00,49.290000915527344,49.31639862060547,49.27999877929688,49.31639862060547,14007
2025-09-24 15:23:00+00:00,49.275001525878906,49.29999923706055,49.275001525878906,49.28499984741211,12074
2025-09-24 15:24:00+00:00,49.27000045776367,49.27999877929688,49.2599983215332,49.275001525878906,13938
2025-09-24 15:25:00+00:00,49.26499938964844,49.27999877929688,49.2599983215332,49.275001525878906,22972
2025-09-24 15:26:00+00:00,49.255001068115234,49.26499938964844,49.25,49.2599983215332,12242
2025-09-24 15:27:00+00:00,49.2400016784668,49.25619888305664,49.2400016784668,49.25,10457
2025-09-24 15:28:00+00:00,49.22499847412109,49.25,49.220001220703125,49.2400016784668,7289
2025-09-24 15:29:00+00:00,49.25,49.27000045776367,49.220001220703125,49.220001220703125,12059
2025-09-24 15:30:00+00:00,49.275001525878906,49.275001525878906,49.255001068115234,49.255001068115234,8280
2025-09-24 15:31:00+00:00,49.30500030517578,49.310001373291016,49.27000045776367,49.27000045776367,19398
2025-09-24 15:32:00+00:00,49.3109016418457,49.31999969482422,49.290000915527344,49.310001373291016,22940
2025-09-24 15:33:00+00:00,49.29999923706055,49.32500076293945,49.290000915527344,49.310001373291016,13744
2025-09-24 15:34:00+00:00,49.27000045776367,49.30500030517578,49.2599983215332,49.29499816894531,9460
2025-09-24 15:35:00+00:00,49.310001373291016,49.31100082397461,49.27999877929688,49.27999877929688,16955
2025-09-24 15:36:00+00:00,49.27999877929688,49.310001373291016,49.27000045776367,49.310001373291016,12018
2025-09-24 15:37:00+00:00,49.2599983215332,49.28499984741211,49.25,49.27999877929688,8951
2025-09-24 15:38:00+00:00,49.251800537109375,49.275001525878906,49.25,49.26499938964844,8972
2025-09-24 15:39:00+00:00,49.30500030517578,49.30500030517578,49.2599983215332,49.2599983215332,10141
2025-09-24 15:40:00+00:00,49.29499816894531,49.29499816894531,49.290000915527344,49.29499816894531,1306
2025-09-24 15:41:00+00:00,49.28499984741211,49.29999923706055,49.28499984741211,49.29999923706055,2486
2025-09-24 15:42:00+00:00,49.29499816894531,49.30500030517578,49.27999877929688,49.28499984741211,7229
2025-09-24 15:43:00+00:00,49.275001525878906,49.290000915527344,49.27389526367188,49.290000915527344,7356
2025-09-24 15:44:00+00:00,49.290000915527344,49.290000915527344,49.275001525878906,49.27999877929688,3372
2025-09-24 15:45:00+00:00,49.290000915527344,49.290000915527344,49.28499984741211,49.28499984741211,1784
2025-09-24 15:46:00+00:00,49.27999877929688,49.290000915527344,49.26499938964844,49.28499984741211,5920
2025-09-24 15:47:00+00:00,49.2599983215332,49.27999877929688,49.2599983215332,49.27999877929688,10227
2025-09-24 15:48:00+00:00,49.2599983215332,49.26100158691406,49.25189971923828,49.2599983215332,3205
2025-09-24 15:49:00+00:00,49.2400016784668,49.2599983215332,49.2400016784668,49.2599983215332,5611
2025-09-24 15:50:00+00:00,49.22499847412109,49.244998931884766,49.22499847412109,49.23500061035156,2677
2025-09-24 15:51:00+00:00,49.20500183105469,49.22499847412109,49.18999862670898,49.22499847412109,18949
2025-09-24 15:52:00+00:00,49.17499923706055,49.20000076293945,49.17499923706055,49.20000076293945,9976
2025-09-24 15:53:00+00:00,49.209999084472656,49.22999954223633,49.18000030517578,49.185001373291016,9393
2025-09-24 15:54:00+00:00,49.209999084472656,49.21179962158203,49.20000076293945,49.20000076293945,2730
2025-09-24 15:55:00+00:00,49.17990112304688,49.220001220703125,49.1775016784668,49.220001220703125,5535
2025-09-24 15:56:00+00:00,49.20000076293945,49.20000076293945,49.18000030517578,49.185001373291016,7150
2025-09-24 15:57:00+00:00,49.1775016784668,49.20000076293945,49.1775016784668,49.19499969482422,3966
2025-09-24 15:58:00+00:00,49.130001068115234,49.185001373291016,49.119998931884766,49.185001373291016,14182
2025-09-24 15:59:00+00:00,49.15999984741211,49.15999984741211,49.130001068115234,49.130001068115234,5699
2025-09-24 16:00:00+00:00,49.15999984741211,49.15999984741211,49.150001525878906,49.15999984741211,3867
2025-09-24 16:01:00+00:00,49.150001525878906,49.185001373291016,49.150001525878906,49.15999984741211,8393
2025-09-24 16:02:00+00:00,49.165000915527344,49.17499923706055,49.150001525878906,49.150001525878906,13990
2025-09-24 16:03:00+00:00,49.15999984741211,49.18000030517578,49.150001525878906,49.1609992980957,12029
2025-09-24 16:04:00+00:00,49.18999862670898,49.18999862670898,49.15999984741211,49.16180038452149,14309
2025-09-24 16:05:00+00:00,49.15499877929688,49.208099365234375,49.15499877929688,49.18999862670898,7677
2025-09-24 16:06:00+00:00,49.119998931884766,49.150001525878906,49.119998931884766,49.150001525878906,11830
2025-09-24 16:07:00+00:00,49.15999984741211,49.15999984741211,49.125,49.125,7382
2025-09-24 16:08:00+00:00,49.18000030517578,49.18999862670898,49.16999816894531,49.16999816894531,14112
2025-09-24 16:09:00+00:00,49.16999816894531,49.18999862670898,49.15499877929688,49.18999862670898,6734
2025-09-24 16:10:00+00:00,49.1349983215332,49.1682014465332,49.1349983215332,49.1682014465332,6509
2025-09-24 16:11:00+00:00,49.13999938964844,49.14500045776367,49.130001068115234,49.13999938964844,6336
2025-09-24 16:12:00+00:00,49.130001068115234,49.14500045776367,49.125,49.14500045776367,9769
2025-09-24 16:13:00+00:00,49.13999938964844,49.14500045776367,49.1150016784668,49.119998931884766,9040
2025-09-24 16:14:00+00:00,49.14500045776367,49.150001525878906,49.119998931884766,49.130001068115234,7633
2025-09-24 16:15:00+00:00,49.130001068115234,49.14500045776367,49.119998931884766,49.14500045776367,7225
2025-09-24 16:16:00+00:00,49.10630035400391,49.119998931884766,49.09999847412109,49.119998931884766,21143
2025-09-24 16:17:00+00:00,49.14500045776367,49.150001525878906,49.10499954223633,49.10499954223633,11905
2025-09-24 16:18:00+00:00,49.17499923706055,49.178199768066406,49.14500045776367,49.14500045776367,17131
2025-09-24 16:19:00+00:00,49.150001525878906,49.18000030517578,49.150001525878906,49.16999816894531,11311
2025-09-24 16:20:00+00:00,49.165000915527344,49.16999816894531,49.14500045776367,49.14500045776367,6988
2025-09-24 16:21:00+00:00,49.18000030517578,49.18180084228516,49.165000915527344,49.165000915527344,3833
2025-09-24 16:22:00+00:00,49.209999084472656,49.21500015258789,49.185001373291016,49.18999862670898,4404
2025-09-24 16:23:00+00:00,49.2322998046875,49.23500061035156,49.21500015258789,49.21500015258789,6828
2025-09-24 16:24:00+00:00,49.244998931884766,49.25,49.22999954223633,49.23500061035156,6651
2025-09-24 16:25:00+00:00,49.22999954223633,49.25809860229492,49.22999954223633,49.244998931884766,8867
2025-09-24 16:26:00+00:00,49.220001220703125,49.23500061035156,49.209999084472656,49.22999954223633,7296
2025-09-24 16:27:00+00:00,49.25,49.25,49.220001220703125,49.220001220703125,2514
2025-09-24 16:28:00+00:00,49.2400016784668,49.255001068115234,49.22499847412109,49.255001068115234,5717
2025-09-24 16:29:00+00:00,49.227500915527344,49.244998931884766,49.220001220703125,49.2400016784668,11294
2025-09-24 16:30:00+00:00,49.22999954223633,49.2400016784668,49.22999954223633,49.22999954223633,24313
2025-09-24 16:31:00+00:00,49.209999084472656,49.22990036010742,49.209999084472656,49.22499847412109,5732
2025-09-24 16:32:00+00:00,49.20000076293945,49.220001220703125,49.20000076293945,49.21500015258789,7858
2025-09-24 16:33:00+00:00,49.20500183105469,49.20500183105469,49.18999862670898,49.20500183105469,8159
2025-09-24 16:34:00+00:00,49.209999084472656,49.209999084472656,49.18999862670898,49.20180130004883,5975
2025-09-24 16:35:00+00:00,49.220001220703125,49.227500915527344,49.209999084472656,49.209999084472656,5914
2025-09-24 16:36:00+00:00,49.23500061035156,49.23500061035156,49.209999084472656,49.209999084472656,2696
2025-09-24 16:37:00+00:00,49.244998931884766,49.25,49.220001220703125,49.220001220703125,6744
2025-09-24 16:38:00+00:00,49.25,49.2599983215332,49.23500061035156,49.2400016784668,8742
2025-09-24 16:39:00+00:00,49.25749969482422,49.25749969482422,49.2400016784668,49.2400016784668,3402
2025-09-24 16:40:00+00:00,49.23766708374024,49.255001068115234,49.23500061035156,49.25,5549
2025-09-24 16:41:00+00:00,49.244998931884766,49.25,49.22999954223633,49.23379898071289,16544
2025-09-24 16:42:00+00:00,49.2400016784668,49.25,49.22999954223633,49.244998931884766,10415
2025-09-24 16:43:00+00:00,49.22999954223633,49.23749923706055,49.220001220703125,49.23500061035156,4941
2025-09-24 16:44:00+00:00,49.255001068115234,49.2599983215332,49.2400016784668,49.2400016784668,6211
2025-09-24 16:45:00+00:00,49.2400016784668,49.25749969482422,49.2400016784668,49.255001068115234,5090
2025-09-24 16:46:00+00:00,49.22999954223633,49.24150085449219,49.22999954223633,49.23500061035156,5783
2025-09-24 16:47:00+00:00,49.23500061035156,49.2400016784668,49.22819900512695,49.22819900512695,2572
2025-09-24 16:48:00+00:00,49.220001220703125,49.23500061035156,49.212398529052734,49.23500061035156,4848
2025-09-24 16:49:00+00:00,49.209999084472656,49.22499847412109,49.209999084472656,49.22499847412109,2581
2025-09-24 16:50:00+00:00,49.20500183105469,49.21820068359375,49.19499969482422,49.21500015258789,9578
2025-09-24 16:51:00+00:00,49.220001220703125,49.220001220703125,49.20000076293945,49.209999084472656,3326
2025-09-24 16:52:00+00:00,49.20500183105469,49.22010040283203,49.20500183105469,49.21500015258789,3752
2025-09-24 16:53:00+00:00,49.20500183105469,49.21530151367188,49.195899963378906,49.20500183105469,3518
2025-09-24 16:54:00+00:00,49.209999084472656,49.209999084472656,49.19499969482422,49.20009994506836,4224
2025-09-24 16:55:00+00:00,49.185001373291016,49.21500015258789,49.185001373291016,49.21500015258789,5367
2025-09-24 16:56:00+00:00,49.16999816894531,49.185001373291016,49.16350173950195,49.184200286865234,2842
2025-09-24 16:57:00+00:00,49.15499877929688,49.16540145874024,49.154598236083984,49.16540145874024,3010
2025-09-24 16:58:00+00:00,49.1775016784668,49.1775016784668,49.15999984741211,49.15999984741211,3497
2025-09-24 16:59:00+00:00,49.15499877929688,49.17900085449219,49.150001525878906,49.17900085449219,8035
2025-09-24 17:00:00+00:00,49.15499877929688,49.178199768066406,49.14500045776367,49.15999984741211,8082
2025-09-24 17:01:00+00:00,49.165000915527344,49.16999816894531,49.150001525878906,49.15999984741211,6803
2025-09-24 17:02:00+00:00,49.15499877929688,49.15999984741211,49.13999938964844,49.15499877929688,6869
2025-09-24 17:03:00+00:00,49.15999984741211,49.15999984741211,49.140098571777344,49.14500045776367,3237
2025-09-24 17:04:00+00:00,49.185001373291016,49.18836212158203,49.16109848022461,49.16999816894531,5226
2025-09-24 17:05:00+00:00,49.150001525878906,49.185001373291016,49.150001525878906,49.18000030517578,7535
2025-09-24 17:06:00+00:00,49.14500045776367,49.150001525878906,49.13999938964844,49.14500045776367,4482
2025-09-24 17:07:00+00:00,49.19499969482422,49.20000076293945,49.150001525878906,49.150001525878906,7944
2025-09-24 17:08:00+00:00,49.220001220703125,49.22499847412109,49.19020080566406,49.19020080566406,4005
2025-09-24 17:09:00+00:00,49.21820068359375,49.21820068359375,49.21500015258789,49.21500015258789,957
2025-09-24 17:10:00+00:00,49.209999084472656,49.22499847412109,49.209999084472656,49.21039962768555,5297
2025-09-24 17:11:00+00:00,49.19499969482422,49.209999084472656,49.19499969482422,49.209999084472656,7030
2025-09-24 17:12:00+00:00,49.191200256347656,49.20000076293945,49.18769836425781,49.19499969482422,7748
2025-09-24 17:13:00+00:00,49.16999816894531,49.18999862670898,49.16490173339844,49.18999862670898,8530
2025-09-24 17:14:00+00:00,49.150001525878906,49.165000915527344,49.150001525878906,49.15999984741211,4160
2025-09-24 17:15:00+00:00,49.16999816894531,49.16999816894531,49.14500045776367,49.150001525878906,9975
2025-09-24 17:16:00+00:00,49.16999816894531,49.16999816894531,49.15499877929688,49.15999984741211,7568
2025-09-24 17:17:00+00:00,49.16999816894531,49.17509841918945,49.165000915527344,49.169898986816406,2296
2025-09-24 17:18:00+00:00,49.15999984741211,49.1682014465332,49.15999984741211,49.1682014465332,2425
2025-09-24 17:19:00+00:00,49.16180038452149,49.16999816894531,49.158199310302734,49.158199310302734,3074
2025-09-24 17:20:00+00:00,49.13999938964844,49.165000915527344,49.1349983215332,49.165000915527344,3437
2025-09-24 17:21:00+00:00,49.119998931884766,49.1349983215332,49.119998931884766,49.1349983215332,2753
2025-09-24 17:22:00+00:00,49.11000061035156,49.125,49.11000061035156,49.119998931884766,3844
2025-09-24 17:23:00+00:00,49.09999847412109,49.10499954223633,49.09000015258789,49.09999847412109,15530
2025-09-24 17:24:00+00:00,49.1150016784668,49.1150016784668,49.09000015258789,49.095001220703125,4637
2025-09-24 17:25:00+00:00,49.10499954223633,49.1150016784668,49.09999847412109,49.1150016784668,2678
2025-09-24 17:26:00+00:00,49.084999084472656,49.09999847412109,49.084999084472656,49.09999847412109,10067
2025-09-24 17:27:00+00:00,49.09000015258789,49.095001220703125,49.08000183105469,49.084999084472656,3231
2025-09-24 17:28:00+00:00,49.10499954223633,49.10499954223633,49.09120178222656,49.09180068969727,5000
2025-09-24 17:29:00+00:00,49.095001220703125,49.10499954223633,49.095001220703125,49.10499954223633,3057
2025-09-24 17:30:00+00:00,49.119998931884766,49.119998931884766,49.09000015258789,49.09000015258789,6393
2025-09-24 17:31:00+00:00,49.13560104370117,49.14500045776367,49.119998931884766,49.125,8546
2025-09-24 17:32:00+00:00,49.119998931884766,49.135101318359375,49.119998931884766,49.135101318359375,7053
2025-09-24 17:33:00+00:00,49.11000061035156,49.119998931884766,49.10499954223633,49.1150016784668,8703
2025-09-24 17:34:00+00:00,49.125,49.125,49.1150016784668,49.1150016784668,3071
2025-09-24 17:35:00+00:00,49.10499954223633,49.1349983215332,49.10499954223633,49.125,12447
2025-09-24 17:36:00+00:00,49.09999847412109,49.11180114746094,49.09999847412109,49.11000061035156,8448
2025-09-24 17:37:00+00:00,49.06999969482422,49.095001220703125,49.06999969482422,49.095001220703125,11269
2025-09-24 17:38:00+00:00,49.0817985534668,49.09999847412109,49.07500076293945,49.07619857788086,8060
2025-09-24 17:39:00+00:00,49.05500030517578,49.084999084472656,49.05350112915039,49.084999084472656,5598
2025-09-24 17:40:00+00:00,49.02999877929688,49.05500030517578,49.02999877929688,49.05500030517578,10228
2025-09-24 17:41:00+00:00,49.02999877929688,49.040000915527344,49.025001525878906,49.02999877929688,3637
2025-09-24 17:42:00+00:00,49.03020095825195,49.03499984741211,49.01499938964844,49.025001525878906,9889
2025-09-24 17:43:00+00:00,48.994998931884766,49.03499984741211,48.994998931884766,49.02999877929688,14784
2025-09-24 17:44:00+00:00,48.97999954223633,48.994998931884766,48.97999954223633,48.994998931884766,7480
2025-09-24 17:45:00+00:00,48.97999954223633,48.994998931884766,48.97999954223633,48.9900016784668,5992
2025-09-24 17:46:00+00:00,48.95500183105469,48.97999954223633,48.93999862670898,48.97999954223633,19109
2025-09-24 17:47:00+00:00,48.93999862670898,48.959999084472656,48.93999862670898,48.95500183105469,4935
2025-09-24 17:48:00+00:00,48.93000030517578,48.95000076293945,48.93000030517578,48.94499969482422,8064
2025-09-24 17:49:00+00:00,48.93000030517578,48.935001373291016,48.93000030517578,48.935001373291016,5029
2025-09-24 17:50:00+00:00,48.93999862670898,48.93999862670898,48.915000915527344,48.93000030517578,6757
2025-09-24 17:51:00+00:00,48.959999084472656,48.9900016784668,48.935001373291016,48.935001373291016,6750
2025-09-24 17:52:00+00:00,48.92620086669922,48.959999084472656,48.92620086669922,48.959999084472656,4287
2025-09-24 17:53:00+00:00,48.935001373291016,48.935001373291016,48.915000915527344,48.93000030517578,5802
2025-09-24 17:54:00+00:00,48.970001220703125,48.970001220703125,48.93999862670898,48.93999862670898,8901
2025-09-24 17:55:00+00:00,48.95000076293945,48.970001220703125,48.95000076293945,48.970001220703125,6257
2025-09-24 17:56:00+00:00,48.970001220703125,48.970001220703125,48.95000076293945,48.95000076293945,4174
2025-09-24 17:57:00+00:00,48.959999084472656,48.970001220703125,48.959999084472656,48.970001220703125,1986
2025-09-24 17:58:00+00:00,48.93999862670898,48.959999084472656,48.93999862670898,48.959999084472656,4778
2025-09-24 17:59:00+00:00,48.96500015258789,48.970001220703125,48.94649887084961,48.95000076293945,2094
2025-09-24 18:00:00+00:00,48.97999954223633,48.983699798583984,48.952598571777344,48.95500183105469,4554
2025-09-24 18:01:00+00:00,48.97999954223633,48.9900016784668,48.97499847412109,48.98500061035156,6538
2025-09-24 18:02:00+00:00,49.02000045776367,49.025001525878906,48.9900016784668,48.9900016784668,6207
2025-09-24 18:03:00+00:00,49.005001068115234,49.02000045776367,49.005001068115234,49.02000045776367,5949
2025-09-24 18:04:00+00:00,48.994998931884766,49.005001068115234,48.98680114746094,49.005001068115234,5136
2025-09-24 18:05:00+00:00,48.9900016784668,48.994998931884766,48.97999954223633,48.994998931884766,3251
2025-09-24 18:06:00+00:00,48.994998931884766,49.0099983215332,48.9900016784668,48.9900016784668,5123
2025-09-24 18:07:00+00:00,48.9900016784668,49.00859832763672,48.9900016784668,49.0,6198
2025-09-24 18:08:00+00:00,48.994998931884766,48.994998931884766,48.98619842529297,48.9900016784668,4158
2025-09-24 18:09:00+00:00,48.9900016784668,48.9900016784668,48.98310089111328,48.98310089111328,5693
2025-09-24 18:10:00+00:00,48.9900016784668,48.994998931884766,48.9818000793457,48.9818000793457,5475
2025-09-24 18:11:00+00:00,49.0099983215332,49.0099983215332,48.97499847412109,48.98500061035156,11049
2025-09-24 18:12:00+00:00,49.025001525878906,49.025001525878906,48.994998931884766,49.0,10336
2025-09-24 18:13:00+00:00,49.040000915527344,49.040000915527344,49.02000045776367,49.025001525878906,12072
2025-09-24 18:14:00+00:00,49.04499816894531,49.04999923706055,49.03499984741211,49.03499984741211,5938
2025-09-24 18:15:00+00:00,49.05500030517578,49.060001373291016,49.040000915527344,49.040000915527344,6748
2025-09-24 18:16:00+00:00,49.07500076293945,49.07500076293945,49.04999923706055,49.05500030517578,7240
2025-09-24 18:17:00+00:00,49.060001373291016,49.08000183105469,49.060001373291016,49.07500076293945,8728
2025-09-24 18:18:00+00:00,49.05500030517578,49.060001373291016,49.040000915527344,49.05500030517578,7398
2025-09-24 18:19:00+00:00,49.060001373291016,49.060001373291016,49.05419921875,49.05500030517578,4407
2025-09-24 18:20:00+00:00,49.05500030517578,49.06539916992188,49.05179977416992,49.060001373291016,3532
2025-09-24 18:21:00+00:00,49.02579879760742,49.05989837646485,49.025001525878906,49.05500030517578,6911
2025-09-24 18:22:00+00:00,49.03499984741211,49.03499984741211,49.02000045776367,49.02000045776367,4869
2025-09-24 18:23:00+00:00,49.02000045776367,49.040000915527344,49.01499938964844,49.040000915527344,8623
2025-09-24 18:24:00+00:00,49.04750061035156,49.04999923706055,49.02429962158203,49.02999877929688,7648
2025-09-24 18:25:00+00:00,49.02999877929688,49.04499816894531,49.02999877929688,49.040000915527344,5665
2025-09-24 18:26:00+00:00,49.03499984741211,49.04499816894531,49.01499938964844,49.02999877929688,4276
2025-09-24 18:27:00+00:00,49.07500076293945,49.07500076293945,49.040000915527344,49.040000915527344,11059
2025-09-24 18:28:00+00:00,49.06999969482422,49.07820129394531,49.060001373291016,49.06999969482422,3452
2025-09-24 18:29:00+00:00,49.06499862670898,49.06499862670898,49.04999923706055,49.06499862670898,5400
2025-09-24 18:30:00+00:00,49.02999877929688,49.06499862670898,49.025001525878906,49.06449890136719,8114
2025-09-24 18:31:00+00:00,49.060001373291016,49.06999969482422,49.02999877929688,49.02999877929688,6551
2025-09-24 18:32:00+00:00,49.06999969482422,49.07500076293945,49.05238342285156,49.05500030517578,15392
2025-09-24 18:33:00+00:00,49.060001373291016,49.07500076293945,49.060001373291016,49.07500076293945,4690
2025-09-24 18:34:00+00:00,49.02999877929688,49.04999923706055,49.025001525878906,49.04999923706055,4509
2025-09-24 18:35:00+00:00,49.04499816894531,49.04999923706055,49.03499984741211,49.03499984741211,6332
2025-09-24 18:36:00+00:00,49.02999877929688,49.040000915527344,49.025001525878906,49.040000915527344,7098
2025-09-24 18:37:00+00:00,49.040000915527344,49.040000915527344,49.025001525878906,49.025001525878906,6765
2025-09-24 18:38:00+00:00,49.04999923706055,49.05500030517578,49.04499816894531,49.04499816894531,1575
2025-09-24 18:39:00+00:00,49.03499984741211,49.05500030517578,49.03499984741211,49.05500030517578,3357
2025-09-24 18:40:00+00:00,49.025001525878906,49.03499984741211,49.025001525878906,49.02999877929688,3234
2025-09-24 18:41:00+00:00,49.040000915527344,49.04499816894531,49.025001525878906,49.02999877929688,10370
2025-09-24 18:42:00+00:00,49.04499816894531,49.057498931884766,49.02999877929688,49.03499984741211,11284
2025-09-24 18:43:00+00:00,49.04499816894531,49.05500030517578,49.040000915527344,49.04999923706055,3674
2025-09-24 18:44:00+00:00,49.05500030517578,49.06499862670898,49.040000915527344,49.04499816894531,10314
2025-09-24 18:45:00+00:00,49.06499862670898,49.06999969482422,49.05500030517578,49.05500030517578,3677
2025-09-24 18:46:00+00:00,49.04999923706055,49.060001373291016,49.04999923706055,49.060001373291016,8855
2025-09-24 18:47:00+00:00,49.06999969482422,49.084999084472656,49.04999923706055,49.05500030517578,13383
2025-09-24 18:48:00+00:00,49.04999923706055,49.06999969482422,49.04499816894531,49.060001373291016,8427
2025-09-24 18:49:00+00:00,49.07749938964844,49.08000183105469,49.04999923706055,49.05435562133789,8718
2025-09-24 18:50:00+00:00,49.05500030517578,49.084999084472656,49.05500030517578,49.07500076293945,73103
2025-09-24 18:51:00+00:00,49.05500030517578,49.07500076293945,49.05120086669922,49.060001373291016,6523
2025-09-24 18:52:00+00:00,49.05500030517578,49.060001373291016,49.040000915527344,49.04999923706055,9952
2025-09-24 18:53:00+00:00,49.09000015258789,49.09000015258789,49.05500030517578,49.060001373291016,5749
2025-09-24 18:54:00+00:00,49.06999969482422,49.084999084472656,49.06499862670898,49.08000183105469,5340
2025-09-24 18:55:00+00:00,49.06499862670898,49.07500076293945,49.060001373291016,49.0619010925293,5678
2025-09-24 18:56:00+00:00,49.07500076293945,49.07500076293945,49.06499862670898,49.06999969482422,3593
2025-09-24 18:57:00+00:00,49.060001373291016,49.07600021362305,49.060001373291016,49.06999969482422,9971
2025-09-24 18:58:00+00:00,49.05500030517578,49.06999969482422,49.04499816894531,49.06999969482422,13749
2025-09-24 18:59:00+00:00,49.07500076293945,49.07500076293945,49.05500030517578,49.05500030517578,14136
2025-09-24 19:00:00+00:00,49.05500030517578,49.07500076293945,49.040000915527344,49.07500076293945,11338
2025-09-24 19:01:00+00:00,49.02999877929688,49.06499862670898,49.025001525878906,49.060001373291016,12321
2025-09-24 19:02:00+00:00,49.02000045776367,49.02999877929688,49.0,49.02989959716797,33667
2025-09-24 19:03:00+00:00,49.02000045776367,49.025001525878906,49.005001068115234,49.025001525878906,13179
2025-09-24 19:04:00+00:00,49.005001068115234,49.025001525878906,49.0,49.025001525878906,7263
2025-09-24 19:05:00+00:00,48.98500061035156,49.01499938964844,48.98500061035156,49.005001068115234,11956
2025-09-24 19:06:00+00:00,48.98500061035156,49.0,48.97999954223633,48.98500061035156,10141
2025-09-24 19:07:00+00:00,49.005001068115234,49.0099983215332,48.994998931884766,48.994998931884766,10085
2025-09-24 19:08:00+00:00,49.0099983215332,49.02000045776367,48.994998931884766,49.0,5195
2025-09-24 19:09:00+00:00,49.025001525878906,49.035099029541016,49.0099983215332,49.01499938964844,15730
2025-09-24 19:10:00+00:00,49.025001525878906,49.03620147705078,49.025001525878906,49.025001525878906,6023
2025-09-24 19:11:00+00:00,49.03499984741211,49.03499984741211,49.025001525878906,49.025001525878906,4043
2025-09-24 19:12:00+00:00,49.040000915527344,49.040000915527344,49.03379821777344,49.03499984741211,4481
2025-09-24 19:13:00+00:00,49.04999923706055,49.06499862670898,49.040000915527344,49.04499816894531,12660
2025-09-24 19:14:00+00:00,49.06999969482422,49.09000015258789,49.04999923706055,49.04999923706055,17181
2025-09-24 19:15:00+00:00,49.07500076293945,49.08000183105469,49.07500076293945,49.07500076293945,7266
2025-09-24 19:16:00+00:00,49.095001220703125,49.095001220703125,49.07500076293945,49.07500076293945,8345
2025-09-24 19:17:00+00:00,49.083099365234375,49.09000015258789,49.08000183105469,49.09000015258789,6524
2025-09-24 19:18:00+00:00,49.08649826049805,49.09999847412109,49.08000183105469,49.084999084472656,7332
2025-09-24 19:19:00+00:00,49.084999084472656,49.09000015258789,49.07500076293945,49.084999084472656,11620
2025-09-24 19:20:00+00:00,49.10499954223633,49.1150016784668,49.08300018310547,49.084999084472656,10934
2025-09-24 19:21:00+00:00,49.119998931884766,49.125,49.09999847412109,49.09999847412109,11463
2025-09-24 19:22:00+00:00,49.125,49.12749862670898,49.12379837036133,49.125,4020
2025-09-24 19:23:00+00:00,49.1150016784668,49.125,49.11000061035156,49.125,6851
2025-09-24 19:24:00+00:00,49.11000061035156,49.119998931884766,49.10499954223633,49.11000061035156,7121
2025-09-24 19:25:00+00:00,49.10499954223633,49.1150016784668,49.095001220703125,49.1150016784668,8283
2025-09-24 19:26:00+00:00,49.095001220703125,49.11000061035156,49.095001220703125,49.10499954223633,8160
2025-09-24 19:27:00+00:00,49.095001220703125,49.11000061035156,49.084999084472656,49.09799957275391,19551
2025-09-24 19:28:00+00:00,49.07210159301758,49.095001220703125,49.07210159301758,49.095001220703125,6103
2025-09-24 19:29:00+00:00,49.09000015258789,49.09999847412109,49.07500076293945,49.07500076293945,17512
2025-09-24 19:30:00+00:00,49.095001220703125,49.09999847412109,49.08150100708008,49.09000015258789,12192
2025-09-24 19:31:00+00:00,49.1150016784668,49.119998931884766,49.095001220703125,49.095001220703125,10076
2025-09-24 19:32:00+00:00,49.1150016784668,49.130001068115234,49.09999847412109,49.119998931884766,23463
2025-09-24 19:33:00+00:00,49.1150016784668,49.11880111694336,49.09999847412109,49.1150016784668,12259
2025-09-24 19:34:00+00:00,49.1150016784668,49.125,49.11000061035156,49.11000061035156,5802
2025-09-24 19:35:00+00:00,49.084999084472656,49.1161994934082,49.084999084472656,49.11050033569336,28574
2025-09-24 19:36:00+00:00,49.09999847412109,49.09999847412109,49.07500076293945,49.08000183105469,39305
2025-09-24 19:37:00+00:00,49.09000015258789,49.09999847412109,49.084999084472656,49.09000015258789,16602
2025-09-24 19:38:00+00:00,49.084999084472656,49.09000015258789,49.084999084472656,49.09000015258789,13489
2025-09-24 19:39:00+00:00,49.130001068115234,49.1349983215332,49.084999084472656,49.09000015258789,36326
2025-09-24 19:40:00+00:00,49.08000183105469,49.1349983215332,49.08000183105469,49.1349983215332,39705
2025-09-24 19:41:00+00:00,49.09000015258789,49.130001068115234,49.08000183105469,49.08000183105469,66474
2025-09-24 19:42:00+00:00,49.08000183105469,49.10499954223633,49.08000183105469,49.09999847412109,14681
2025-09-24 19:43:00+00:00,49.10499954223633,49.11000061035156,49.06999969482422,49.08000183105469,34564
2025-09-24 19:44:00+00:00,49.09000015258789,49.10499954223633,49.09000015258789,49.09999847412109,16449
2025-09-24 19:45:00+00:00,49.11000061035156,49.1150016784668,49.09000015258789,49.095001220703125,27053
2025-09-24 19:46:00+00:00,49.130001068115234,49.13619995117188,49.11000061035156,49.1150016784668,31475
2025-09-24 19:47:00+00:00,49.119998931884766,49.14509963989258,49.119998931884766,49.1349983215332,34986
2025-09-24 19:48:00+00:00,49.13999938964844,49.150001525878906,49.119998931884766,49.125,30481
2025-09-24 19:49:00+00:00,49.14500045776367,49.15499877929688,49.1349983215332,49.14500045776367,30516
2025-09-24 19:50:00+00:00,49.15999984741211,49.18999862670898,49.150001525878906,49.150001525878906,85180
2025-09-24 19:51:00+00:00,49.19499969482422,49.20500183105469,49.165000915527344,49.16999816894531,35878
2025-09-24 19:52:00+00:00,49.18999862670898,49.20000076293945,49.18000030517578,49.19499969482422,47497
2025-09-24 19:53:00+00:00,49.22999954223633,49.244998931884766,49.17499923706055,49.19499969482422,98952
2025-09-24 19:54:00+00:00,49.18000030517578,49.23500061035156,49.18000030517578,49.22999954223633,64159
2025-09-24 19:55:00+00:00,49.18429946899414,49.20000076293945,49.15999984741211,49.18000030517578,129810
2025-09-24 19:56:00+00:00,49.165000915527344,49.18999862670898,49.15499877929688,49.18999862670898,98187
2025-09-24 19:57:00+00:00,49.185001373291016,49.18999862670898,49.15999984741211,49.165000915527344,91345
2025-09-24 19:58:00+00:00,49.185001373291016,49.209999084472656,49.18000030517578,49.18999862670898,160878
2025-09-24 19:59:00+00:00,49.16999816894531,49.19499969482422,49.15999984741211,49.19499969482422,258422
2025-09-25 13:30:00+00:00,48.96799850463867,49.130001068115234,48.959999084472656,49.040000915527344,90486
2025-09-25 13:31:00+00:00,49.060001373291016,49.18999862670898,48.9900016784668,48.9900016784668,39151
2025-09-25 13:32:00+00:00,49.06999969482422,49.13290023803711,49.06999969482422,49.06999969482422,15121
2025-09-25 13:33:00+00:00,49.0099983215332,49.04999923706055,48.93999862670898,49.04999923706055,15500
2025-09-25 13:34:00+00:00,49.04999923706055,49.060001373291016,49.0,49.02999877929688,15553
2025-09-25 13:35:00+00:00,49.060001373291016,49.09000015258789,49.02999877929688,49.040000915527344,23444
2025-09-25 13:36:00+00:00,49.02000045776367,49.060001373291016,49.0099983215332,49.04999923706055,19426
2025-09-25 13:37:00+00:00,48.9900016784668,49.02999877929688,48.959999084472656,48.9900016784668,14995
2025-09-25 13:38:00+00:00,48.900001525878906,48.9900016784668,48.900001525878906,48.98500061035156,7569
2025-09-25 13:39:00+00:00,48.869998931884766,48.93000030517578,48.84999847412109,48.900001525878906,18592
2025-09-25 13:40:00+00:00,48.890098571777344,48.90800094604492,48.86000061035156,48.869998931884766,18850
2025-09-25 13:41:00+00:00,48.91999816894531,48.92499923706055,48.86000061035156,48.900001525878906,20959
2025-09-25 13:42:00+00:00,48.8849983215332,48.93000030517578,48.8650016784668,48.93000030517578,19432
2025-09-25 13:43:00+00:00,48.80500030517578,48.88999938964844,48.80500030517578,48.88999938964844,20585
2025-09-25 13:44:00+00:00,48.90999984741211,48.92499923706055,48.80500030517578,48.81999969482422,27942
2025-09-25 13:45:00+00:00,48.95000076293945,48.95000076293945,48.8650016784668,48.880001068115234,20937
2025-09-25 13:46:00+00:00,48.869998931884766,48.97999954223633,48.84999847412109,48.970001220703125,18567
2025-09-25 13:47:00+00:00,48.95000076293945,48.96500015258789,48.880001068115234,48.880001068115234,16479
2025-09-25 13:48:00+00:00,48.91899871826172,48.93999862670898,48.88999938964844,48.93999862670898,23247
2025-09-25 13:49:00+00:00,48.91999816894531,48.95000076293945,48.900001525878906,48.91999816894531,13636
2025-09-25 13:50:00+00:00,48.91999816894531,48.959999084472656,48.915000915527344,48.93000030517578,14305
2025-09-25 13:51:00+00:00,48.90409851074219,48.98500061035156,48.88999938964844,48.93000030517578,21873
2025-09-25 13:52:00+00:00,48.86000061035156,48.93000030517578,48.86000061035156,48.900001525878906,8436
2025-09-25 13:53:00+00:00,48.869998931884766,48.900001525878906,48.86000061035156,48.86000061035156,11987
2025-09-25 13:54:00+00:00,48.86000061035156,48.880001068115234,48.84000015258789,48.875,13882
2025-09-25 13:55:00+00:00,48.875,48.8849983215332,48.84000015258789,48.869998931884766,10418
2025-09-25 13:56:00+00:00,48.869998931884766,48.88999938964844,48.85499954223633,48.875,8117
2025-09-25 13:57:00+00:00,48.875,48.8849983215332,48.84999847412109,48.880001068115234,10883
2025-09-25 13:58:00+00:00,48.880001068115234,48.90499877929688,48.875,48.880001068115234,5625
2025-09-25 13:59:00+00:00,48.959999084472656,48.959999084472656,48.88999938964844,48.88999938964844,12263
2025-09-25 14:00:00+00:00,48.98500061035156,49.0099983215332,48.93999862670898,48.95500183105469,27438
2025-09-25 14:01:00+00:00,49.06999969482422,49.06999969482422,48.9900016784668,48.9900016784668,10755
2025-09-25 14:02:00+00:00,49.060001373291016,49.095001220703125,49.060001373291016,49.08000183105469,11351
2025-09-25 14:03:00+00:00,49.10499954223633,49.10499954223633,49.04499816894531,49.04999923706055,19865
2025-09-25 14:04:00+00:00,49.11000061035156,49.119998931884766,49.10499954223633,49.11000061035156,13276
2025-09-25 14:05:00+00:00,49.09000015258789,49.11000061035156,49.08089828491211,49.11000061035156,10622
2025-09-25 14:06:00+00:00,49.09000015258789,49.11000061035156,49.07500076293945,49.09000015258789,14653
2025-09-25 14:07:00+00:00,49.14500045776367,49.14500045776367,49.09999847412109,49.09999847412109,7259
2025-09-25 14:08:00+00:00,49.130001068115234,49.14500045776367,49.125,49.13999938964844,10291
2025-09-25 14:09:00+00:00,49.150001525878906,49.150001525878906,49.130001068115234,49.1349983215332,8242
2025-09-25 14:10:00+00:00,49.20500183105469,49.209999084472656,49.130001068115234,49.150001525878906,9874
2025-09-25 14:11:00+00:00,49.20000076293945,49.22999954223633,49.20000076293945,49.20000076293945,9921
2025-09-25 14:12:00+00:00,49.18000030517578,49.19499969482422,49.17499923706055,49.19499969482422,5002
2025-09-25 14:13:00+00:00,49.20000076293945,49.20500183105469,49.18000030517578,49.18000030517578,8228
2025-09-25 14:14:00+00:00,49.209999084472656,49.22499847412109,49.20000076293945,49.20500183105469,5594
2025-09-25 14:15:00+00:00,49.29999923706055,49.29999923706055,49.2400016784668,49.2400016784668,13566
2025-09-25 14:16:00+00:00,49.31999969482422,49.33000183105469,49.29499816894531,49.29999923706055,10232
2025-09-25 14:17:00+00:00,49.255001068115234,49.29999923706055,49.25,49.29999923706055,17640
2025-09-25 14:18:00+00:00,49.2400016784668,49.260101318359375,49.209999084472656,49.2599983215332,15087
2025-09-25 14:19:00+00:00,49.22499847412109,49.25830078125,49.22499847412109,49.23500061035156,5241
2025-09-25 14:20:00+00:00,49.22999954223633,49.255001068115234,49.220001220703125,49.220001220703125,18735
2025-09-25 14:21:00+00:00,49.21500015258789,49.244998931884766,49.21500015258789,49.244998931884766,11447
2025-09-25 14:22:00+00:00,49.185001373291016,49.220001220703125,49.18000030517578,49.21500015258789,11786
2025-09-25 14:23:00+00:00,49.19499969482422,49.19499969482422,49.17499923706055,49.18999862670898,17819
2025-09-25 14:24:00+00:00,49.18000030517578,49.19499969482422,49.16999816894531,49.19499969482422,11980
2025-09-25 14:25:00+00:00,49.13999938964844,49.185001373291016,49.130001068115234,49.185001373291016,19616
2025-09-25 14:26:00+00:00,49.119998931884766,49.165000915527344,49.119998931884766,49.150001525878906,9155
2025-09-25 14:27:00+00:00,49.125,49.130001068115234,49.09999847412109,49.125,15492
2025-09-25 14:28:00+00:00,49.084999084472656,49.119998931884766,49.08000183105469,49.119998931884766,9487
2025-09-25 14:29:00+00:00,49.07500076293945,49.09000015258789,49.06499862670898,49.084999084472656,9023
2025-09-25 14:30:00+00:00,49.09000015258789,49.095001220703125,49.06499862670898,49.08000183105469,19358
2025-09-25 14:31:00+00:00,49.09809875488281,49.09809875488281,49.06499862670898,49.08000183105469,12933
2025-09-25 14:32:00+00:00,49.095001220703125,49.11000061035156,49.08000183105469,49.09000015258789,16488
2025-09-25 14:33:00+00:00,49.119998931884766,49.12620162963867,49.095001220703125,49.095001220703125,13008
2025-09-25 14:34:00+00:00,49.130001068115234,49.130001068115234,49.11000061035156,49.130001068115234,14028
2025-09-25 14:35:00+00:00,49.13999938964844,49.15999984741211,49.1150016784668,49.125,8803
2025-09-25 14:36:00+00:00,49.14500045776367,49.15499877929688,49.1349983215332,49.13999938964844,13140
2025-09-25 14:37:00+00:00,49.15999984741211,49.165000915527344,49.13470077514648,49.14500045776367,12476
2025-09-25 14:38:00+00:00,49.15999984741211,49.16999816894531,49.1431999206543,49.15499877929688,12712
2025-09-25 14:39:00+00:00,49.16999816894531,49.16999816894531,49.14400100708008,49.150001525878906,9955
2025-09-25 14:40:00+00:00,49.125,49.165000915527344,49.119998931884766,49.165000915527344,5838
2025-09-25 14:41:00+00:00,49.125,49.13999938964844,49.1150016784668,49.125,10365
2025-09-25 14:42:00+00:00,49.1150016784668,49.130001068115234,49.1150016784668,49.125,7920
2025-09-25 14:43:00+00:00,49.13999938964844,49.13999938964844,49.1150016784668,49.1150016784668,9546
2025-09-25 14:44:00+00:00,49.14500045776367,49.150001525878906,49.1150016784668,49.130001068115234,7511
2025-09-25 14:45:00+00:00,49.13999938964844,49.13999938964844,49.125,49.13999938964844,7617
2025-09-25 14:46:00+00:00,49.14500045776367,49.150001525878906,49.1349983215332,49.150001525878906,4262
2025-09-25 14:47:00+00:00,49.140098571777344,49.14509963989258,49.125,49.14500045776367,6491
2025-09-25 14:48:00+00:00,49.15999984741211,49.17499923706055,49.14500045776367,49.14500045776367,10131
2025-09-25 14:49:00+00:00,49.17499923706055,49.18000030517578,49.15409851074219,49.15499877929688,7388
2025-09-25 14:50:00+00:00,49.1349983215332,49.16999816894531,49.130001068115234,49.16999816894531,12967
2025-09-25 14:51:00+00:00,49.14500045776367,49.15999984741211,49.1349983215332,49.13999938964844,7470
2025-09-25 14:52:00+00:00,49.13999938964844,49.15999984741211,49.1349983215332,49.14500045776367,10113
2025-09-25 14:53:00+00:00,49.119998931884766,49.150001525878906,49.1150016784668,49.14020156860352,11197
2025-09-25 14:54:00+00:00,49.125,49.125,49.10499954223633,49.125,9369
2025-09-25 14:55:00+00:00,49.150001525878906,49.150001525878906,49.130001068115234,49.130001068115234,16480
2025-09-25 14:56:00+00:00,49.09999847412109,49.14580154418945,49.095001220703125,49.13999938964844,23438
2025-09-25 14:57:00+00:00,49.095001220703125,49.10499954223633,49.09000015258789,49.10499954223633,10079
2025-09-25 14:58:00+00:00,49.084999084472656,49.09999847412109,49.08349990844727,49.09999847412109,13510
2025-09-25 14:59:00+00:00,49.09000015258789,49.10499954223633,49.09000015258789,49.09000015258789,5881
2025-09-25 15:00:00+00:00,49.0901985168457,49.10179901123047,49.06999969482422,49.08000183105469,16923
2025-09-25 15:01:00+00:00,49.09999847412109,49.11000061035156,49.095001220703125,49.095001220703125,5197
2025-09-25 15:02:00+00:00,49.09000015258789,49.119998931884766,49.09000015258789,49.11000061035156,10582
2025-09-25 15:03:00+00:00,49.11000061035156,49.11000061035156,49.09000015258789,49.09000015258789,8810
2025-09-25 15:04:00+00:00,49.04499816894531,49.09000015258789,49.04499816894531,49.09000015258789,8479
2025-09-25 15:05:00+00:00,49.04499816894531,49.04499816894531,49.03499984741211,49.040000915527344,11248
2025-09-25 15:06:00+00:00,49.04999923706055,49.060001373291016,49.04499816894531,49.04499816894531,8321
2025-09-25 15:07:00+00:00,49.040000915527344,49.05226516723633,49.03499984741211,49.04499816894531,10804
2025-09-25 15:08:00+00:00,49.02000045776367,49.040000915527344,49.01499938964844,49.040000915527344,14110
2025-09-25 15:09:00+00:00,49.02999877929688,49.040000915527344,49.02000045776367,49.02000045776367,7800
2025-09-25 15:10:00+00:00,49.005001068115234,49.02999877929688,49.005001068115234,49.02999877929688,14397
2025-09-25 15:11:00+00:00,49.02000045776367,49.02999877929688,49.005001068115234,49.005001068115234,11663
2025-09-25 15:12:00+00:00,49.02999877929688,49.02999877929688,49.005001068115234,49.01499938964844,15232
2025-09-25 15:13:00+00:00,49.060001373291016,49.060001373291016,49.02999877929688,49.02999877929688,12764
2025-09-25 15:14:00+00:00,49.05500030517578,49.06499862670898,49.04999923706055,49.05500030517578,6444
2025-09-25 15:15:00+00:00,49.025001525878906,49.05179977416992,49.02009963989258,49.04999923706055,12879
2025-09-25 15:16:00+00:00,49.005001068115234,49.02999877929688,49.005001068115234,49.02999877929688,9383
2025-09-25 15:17:00+00:00,49.03499984741211,49.04499816894531,49.005001068115234,49.005001068115234,10556
2025-09-25 15:18:00+00:00,49.025001525878906,49.040000915527344,49.02000045776367,49.03499984741211,8447
2025-09-25 15:19:00+00:00,49.02999877929688,49.040000915527344,49.025001525878906,49.03229904174805,7226
2025-09-25 15:20:00+00:00,49.02000045776367,49.040000915527344,49.005001068115234,49.03499984741211,8921
2025-09-25 15:21:00+00:00,48.98500061035156,49.02000045776367,48.98500061035156,49.02000045776367,7218
2025-09-25 15:22:00+00:00,48.970001220703125,49.001800537109375,48.970001220703125,48.98500061035156,11993
2025-09-25 15:23:00+00:00,48.970001220703125,48.970001220703125,48.96120071411133,48.96500015258789,6726
2025-09-25 15:24:00+00:00,48.970001220703125,48.99100112915039,48.96500015258789,48.96500015258789,5803
2025-09-25 15:25:00+00:00,48.959999084472656,48.970001220703125,48.959999084472656,48.96500015258789,17610
2025-09-25 15:26:00+00:00,48.93000030517578,48.959999084472656,48.93000030517578,48.959999084472656,4846
2025-09-25 15:27:00+00:00,48.90499877929688,48.93999862670898,48.90010070800781,48.93999862670898,13835
2025-09-25 15:28:00+00:00,48.89500045776367,48.90499877929688,48.89400100708008,48.90499877929688,8605
2025-09-25 15:29:00+00:00,48.92499923706055,48.93180084228516,48.89500045776367,48.89500045776367,17707
2025-09-25 15:30:00+00:00,48.92499923706055,48.95500183105469,48.92499923706055,48.93000030517578,15178
2025-09-25 15:31:00+00:00,48.92499923706055,48.928199768066406,48.89500045776367,48.92499923706055,15271
2025-09-25 15:32:00+00:00,48.94499969482422,48.94499969482422,48.90999984741211,48.92499923706055,18455
2025-09-25 15:33:00+00:00,48.95500183105469,48.96500015258789,48.935001373291016,48.93999862670898,12195
2025-09-25 15:34:00+00:00,48.99509811401367,49.005001068115234,48.96500015258789,48.96500015258789,6220
2025-09-25 15:35:00+00:00,49.02999877929688,49.040000915527344,49.0,49.0,6167
2025-09-25 15:36:00+00:00,49.05989837646485,49.07500076293945,49.025001525878906,49.040000915527344,9366
2025-09-25 15:37:00+00:00,49.04999923706055,49.06010055541992,49.04999923706055,49.060001373291016,5045
2025-09-25 15:38:00+00:00,49.025001525878906,49.040000915527344,49.025001525878906,49.040000915527344,3924
2025-09-25 15:39:00+00:00,49.060001373291016,49.06499862670898,49.02999877929688,49.02999877929688,9244
2025-09-25 15:40:00+00:00,49.06499862670898,49.06999969482422,49.05500030517578,49.06499862670898,7203
2025-09-25 15:41:00+00:00,49.040000915527344,49.06499862670898,49.040000915527344,49.06499862670898,4049
2025-09-25 15:42:00+00:00,49.07500076293945,49.08000183105469,49.03820037841797,49.03820037841797,22347
2025-09-25 15:43:00+00:00,49.11000061035156,49.11000061035156,49.07500076293945,49.07500076293945,28699
2025-09-25 15:44:00+00:00,49.095001220703125,49.11000061035156,49.0900993347168,49.10499954223633,4535
2025-09-25 15:45:00+00:00,49.08000183105469,49.10499954223633,49.07500076293945,49.09999847412109,9549
2025-09-25 15:46:00+00:00,49.06999969482422,49.09000015258789,49.06499862670898,49.08000183105469,10148
2025-09-25 15:47:00+00:00,49.06999969482422,49.07500076293945,49.05500030517578,49.060001373291016,6685
2025-09-25 15:48:00+00:00,49.06999969482422,49.08000183105469,49.06439971923828,49.06999969482422,2708
2025-09-25 15:49:00+00:00,49.08000183105469,49.09999847412109,49.06999969482422,49.06999969482422,14266
2025-09-25 15:50:00+00:00,49.08000183105469,49.084999084472656,49.06999969482422,49.084999084472656,6956
2025-09-25 15:51:00+00:00,49.07350158691406,49.095001220703125,49.07350158691406,49.09000015258789,5088
2025-09-25 15:52:00+00:00,49.06999969482422,49.09000015258789,49.06999969482422,49.08000183105469,5954
2025-09-25 15:53:00+00:00,49.06999969482422,49.09999847412109,49.06999969482422,49.08000183105469,4121
2025-09-25 15:54:00+00:00,49.09000015258789,49.09000015258789,49.06999969482422,49.06999969482422,3133
2025-09-25 15:55:00+00:00,49.095001220703125,49.09999847412109,49.08000183105469,49.09120178222656,6476
2025-09-25 15:56:00+00:00,49.05500030517578,49.09000015258789,49.05500030517578,49.09000015258789,3616
2025-09-25 15:57:00+00:00,49.04899978637695,49.05500030517578,49.04029846191406,49.04999923706055,7655
2025-09-25 15:58:00+00:00,49.03350067138672,49.04999923706055,49.02999877929688,49.04999923706055,3629
2025-09-25 15:59:00+00:00,49.04999923706055,49.04999923706055,49.025001525878906,49.025001525878906,9434
2025-09-25 16:00:00+00:00,49.060001373291016,49.06499862670898,49.04999923706055,49.04999923706055,5703
2025-09-25 16:01:00+00:00,49.05500030517578,49.05500030517578,49.03499984741211,49.04999923706055,6160
2025-09-25 16:02:00+00:00,49.02999877929688,49.04999923706055,49.02999877929688,49.04999923706055,4855
2025-09-25 16:03:00+00:00,49.02000045776367,49.02999877929688,49.01499938964844,49.02999877929688,5462
2025-09-25 16:04:00+00:00,49.02000045776367,49.04499816894531,49.02000045776367,49.02999877929688,5768
2025-09-25 16:05:00+00:00,49.025001525878906,49.02999877929688,49.01499938964844,49.02000045776367,6661
2025-09-25 16:06:00+00:00,49.04990005493164,49.05820083618164,49.02999877929688,49.02999877929688,4662
2025-09-25 16:07:00+00:00,49.035099029541016,49.04819869995117,49.02999877929688,49.03499984741211,4280
2025-09-25 16:08:00+00:00,49.04180145263672,49.04349899291992,49.03499984741211,49.03499984741211,2827
2025-09-25 16:09:00+00:00,49.06499862670898,49.06499862670898,49.04227066040039,49.04499816894531,2992
2025-09-25 16:10:00+00:00,49.04999923706055,49.06999969482422,49.04999923706055,49.06969833374024,4853
2025-09-25 16:11:00+00:00,49.05070114135742,49.06499862670898,49.04499816894531,49.04999923706055,5016
2025-09-25 16:12:00+00:00,49.040000915527344,49.060001373291016,49.02920150756836,49.05500030517578,8212
2025-09-25 16:13:00+00:00,49.02999877929688,49.04010009765625,49.025001525878906,49.040000915527344,6498
2025-09-25 16:14:00+00:00,49.02000045776367,49.02999877929688,49.01499938964844,49.025001525878906,4613
2025-09-25 16:15:00+00:00,49.04999923706055,49.04999923706055,49.02569961547852,49.02569961547852,8540
2025-09-25 16:16:00+00:00,49.04999923706055,49.05500030517578,49.040000915527344,49.04999923706055,10189
2025-09-25 16:17:00+00:00,49.04999923706055,49.05950164794922,49.040000915527344,49.04999923706055,4381
2025-09-25 16:18:00+00:00,49.02999877929688,49.05500030517578,49.02999877929688,49.05500030517578,6184
2025-09-25 16:19:00+00:00,49.01499938964844,49.02999877929688,49.01499938964844,49.025001525878906,5624
2025-09-25 16:20:00+00:00,49.005001068115234,49.01499938964844,49.0,49.0099983215332,4197
2025-09-25 16:21:00+00:00,48.98500061035156,49.0,48.98500061035156,49.0,7834
2025-09-25 16:22:00+00:00,48.94499969482422,48.9900016784668,48.94010162353516,48.9900016784668,17479
2025-09-25 16:23:00+00:00,48.93830108642578,48.94919967651367,48.934200286865234,48.94919967651367,5295
2025-09-25 16:24:00+00:00,48.93999862670898,48.94499969482422,48.91999816894531,48.93999862670898,15432
2025-09-25 16:25:00+00:00,48.95819854736328,48.96500015258789,48.93999862670898,48.93999862670898,8533
2025-09-25 16:26:00+00:00,48.93000030517578,48.95000076293945,48.92499923706055,48.95000076293945,4594
2025-09-25 16:27:00+00:00,48.94499969482422,48.94499969482422,48.915000915527344,48.915000915527344,9937
2025-09-25 16:28:00+00:00,48.94499969482422,48.95000076293945,48.93000030517578,48.94499969482422,8058
2025-09-25 16:29:00+00:00,48.93999862670898,48.95500183105469,48.935001373291016,48.95000076293945,5398
2025-09-25 16:30:00+00:00,49.0,49.0,48.93999862670898,48.93999862670898,9459
2025-09-25 16:31:00+00:00,49.005001068115234,49.025001525878906,48.99380111694336,48.994998931884766,6116
2025-09-25 16:32:00+00:00,49.019901275634766,49.02999877929688,49.0,49.0005989074707,7493
2025-09-25 16:33:00+00:00,49.02000045776367,49.040000915527344,49.005001068115234,49.02999877929688,9435
2025-09-25 16:34:00+00:00,49.02999877929688,49.03499984741211,49.01100158691406,49.025001525878906,5307
2025-09-25 16:35:00+00:00,49.040000915527344,49.040000915527344,49.025001525878906,49.03179931640625,5230
2025-09-25 16:36:00+00:00,49.02000045776367,49.03929901123047,49.01499938964844,49.03499984741211,6360
2025-09-25 16:37:00+00:00,49.03499984741211,49.03499984741211,49.01150131225586,49.01499938964844,10705
2025-09-25 16:38:00+00:00,49.03889846801758,49.04499816894531,49.025001525878906,49.03820037841797,7267
2025-09-25 16:39:00+00:00,49.040000915527344,49.04999923706055,49.02999877929688,49.02999877929688,6873
2025-09-25 16:40:00+00:00,49.040000915527344,49.04999923706055,49.03179931640625,49.04499816894531,7265
2025-09-25 16:41:00+00:00,49.03499984741211,49.05500030517578,49.03499984741211,49.040000915527344,3008
2025-09-25 16:42:00+00:00,49.05500030517578,49.060001373291016,49.040000915527344,49.040000915527344,6234
2025-09-25 16:43:00+00:00,49.03010177612305,49.05229949951172,49.03010177612305,49.05229949951172,4691
2025-09-25 16:44:00+00:00,48.98500061035156,49.040000915527344,48.98500061035156,49.03499984741211,6237
2025-09-25 16:45:00+00:00,48.994998931884766,49.005001068115234,48.97999954223633,48.98500061035156,5916
2025-09-25 16:46:00+00:00,49.005001068115234,49.01409912109375,48.994998931884766,48.994998931884766,5944
2025-09-25 16:47:00+00:00,48.994998931884766,49.01499938964844,48.994998931884766,49.005001068115234,4288
2025-09-25 16:48:00+00:00,48.98899841308594,49.005001068115234,48.97999954223633,48.994998931884766,5076
2025-09-25 16:49:00+00:00,48.95500183105469,48.98820114135742,48.95500183105469,48.98820114135742,3207
2025-09-25 16:50:00+00:00,48.959999084472656,48.96870040893555,48.954498291015625,48.96009826660156,5164
2025-09-25 16:51:00+00:00,48.95180130004883,48.959999084472656,48.95000076293945,48.959999084472656,4524
2025-09-25 16:52:00+00:00,48.97499847412109,48.97999954223633,48.95500183105469,48.95500183105469,6120
2025-09-25 16:53:00+00:00,48.95500183105469,48.970001220703125,48.95180130004883,48.970001220703125,3105
2025-09-25 16:54:00+00:00,48.94499969482422,48.95819854736328,48.94179916381836,48.95819854736328,3936
2025-09-25 16:55:00+00:00,48.94499969482422,48.95009994506836,48.94499969482422,48.94499969482422,3671
2025-09-25 16:56:00+00:00,48.935001373291016,48.95000076293945,48.935001373291016,48.95000076293945,4030
2025-09-25 16:57:00+00:00,48.935001373291016,48.94820022583008,48.935001373291016,48.93999862670898,8187
2025-09-25 16:58:00+00:00,48.935001373291016,48.94499969482422,48.93009948730469,48.93999862670898,3152
2025-09-25 16:59:00+00:00,48.93999862670898,48.93999862670898,48.91999816894531,48.93000030517578,8327
2025-09-25 17:00:00+00:00,48.95000076293945,48.95500183105469,48.93000030517578,48.93999862670898,11270
2025-09-25 17:01:00+00:00,48.95500183105469,48.95500183105469,48.92499923706055,48.93999862670898,5891
2025-09-25 17:02:00+00:00,48.93999862670898,48.95000076293945,48.935001373291016,48.95000076293945,7080
2025-09-25 17:03:00+00:00,48.93000030517578,48.93579864501953,48.91999816894531,48.93000030517578,4874
2025-09-25 17:04:00+00:00,48.935001373291016,48.93989944458008,48.90999984741211,48.92160034179688,5000
2025-09-25 17:05:00+00:00,48.95000076293945,48.95000076293945,48.93000030517578,48.93989944458008,5597
2025-09-25 17:06:00+00:00,48.95500183105469,48.95500183105469,48.93999862670898,48.93999862670898,4167
2025-09-25 17:07:00+00:00,48.97499847412109,48.97529983520508,48.95000076293945,48.95000076293945,5719
2025-09-25 17:08:00+00:00,48.98500061035156,48.98500061035156,48.97010040283203,48.97499847412109,5810
2025-09-25 17:09:00+00:00,48.96500015258789,48.970001220703125,48.95000076293945,48.970001220703125,4728
2025-09-25 17:10:00+00:00,48.970001220703125,48.97999954223633,48.96009826660156,48.970001220703125,4969
2025-09-25 17:11:00+00:00,48.970001220703125,48.97999954223633,48.970001220703125,48.970001220703125,3098
2025-09-25 17:12:00+00:00,49.005001068115234,49.005001068115234,48.97387313842773,48.97499847412109,10712
2025-09-25 17:13:00+00:00,49.01499938964844,49.02000045776367,49.005001068115234,49.005001068115234,2967
2025-09-25 17:14:00+00:00,49.02999877929688,49.04999923706055,49.0,49.02000045776367,29385
2025-09-25 17:15:00+00:00,49.0099983215332,49.03499984741211,48.98500061035156,49.0349006652832,8551
2025-09-25 17:16:00+00:00,49.0,49.005001068115234,48.984500885009766,49.0,6252
2025-09-25 17:17:00+00:00,49.03179931640625,49.03179931640625,49.005001068115234,49.005001068115234,2629
2025-09-25 17:18:00+00:00,48.9900016784668,49.02999877929688,48.9900016784668,49.02999877929688,6835
2025-09-25 17:19:00+00:00,48.97499847412109,49.0,48.97499847412109,48.994998931884766,3639
2025-09-25 17:20:00+00:00,48.94499969482422,48.97499847412109,48.94499969482422,48.97499847412109,6101
2025-09-25 17:21:00+00:00,48.900001525878906,48.93999862670898,48.89500045776367,48.93999862670898,12841
2025-09-25 17:22:00+00:00,48.8650016784668,48.915000915527344,48.8650016784668,48.900001525878906,7046
2025-09-25 17:23:00+00:00,48.869998931884766,48.88999938964844,48.86819839477539,48.869998931884766,8063
2025-09-25 17:24:00+00:00,48.86180114746094,48.875,48.86180114746094,48.869998931884766,5473
2025-09-25 17:25:00+00:00,48.93000030517578,48.93999862670898,48.86000061035156,48.86000061035156,12832
2025-09-25 17:26:00+00:00,48.94499969482422,48.95000076293945,48.90999984741211,48.90999984741211,4165
2025-09-25 17:27:00+00:00,48.91999816894531,48.935001373291016,48.91999816894531,48.935001373291016,3898
2025-09-25 17:28:00+00:00,48.91999816894531,48.93000030517578,48.91379928588867,48.915000915527344,8108
2025-09-25 17:29:00+00:00,48.915000915527344,48.91999816894531,48.91180038452149,48.915000915527344,3472
2025-09-25 17:30:00+00:00,48.900001525878906,48.919898986816406,48.900001525878906,48.919898986816406,13891
2025-09-25 17:31:00+00:00,48.91510009765625,48.91999816894531,48.900001525878906,48.90499877929688,6131
2025-09-25 17:32:00+00:00,48.90499877929688,48.92499923706055,48.90499877929688,48.915000915527344,7961
2025-09-25 17:33:00+00:00,48.91180038452149,48.915000915527344,48.89500045776367,48.900001525878906,4024
2025-09-25 17:34:00+00:00,48.9099006652832,48.92509841918945,48.9099006652832,48.90999984741211,8421
2025-09-25 17:35:00+00:00,48.91999816894531,48.91999816894531,48.89179992675781,48.900001525878906,6333
2025-09-25 17:36:00+00:00,48.89450073242188,48.91999816894531,48.89450073242188,48.91999816894531,5767
2025-09-25 17:37:00+00:00,48.91999816894531,48.93000030517578,48.900001525878906,48.90999984741211,6982
2025-09-25 17:38:00+00:00,48.93000030517578,48.93899917602539,48.92499923706055,48.92499923706055,5283
2025-09-25 17:39:00+00:00,48.928199768066406,48.935001373291016,48.91999816894531,48.935001373291016,5724
2025-09-25 17:40:00+00:00,48.93000030517578,48.93999862670898,48.91999816894531,48.92499923706055,4240
2025-09-25 17:41:00+00:00,48.93999862670898,48.93999862670898,48.92499923706055,48.93009948730469,3677
2025-09-25 17:42:00+00:00,48.93999862670898,48.94990158081055,48.93000030517578,48.935001373291016,10356
2025-09-25 17:43:00+00:00,48.935001373291016,48.935001373291016,48.90999984741211,48.93180084228516,7417
2025-09-25 17:44:00+00:00,48.959999084472656,48.959999084472656,48.93000030517578,48.93899917602539,7055
2025-09-25 17:45:00+00:00,48.95500183105469,48.96620178222656,48.95000076293945,48.96500015258789,7342
2025-09-25 17:46:00+00:00,48.95000076293945,48.956199645996094,48.93000030517578,48.95000076293945,5244
2025-09-25 17:47:00+00:00,48.95000076293945,48.95000076293945,48.935001373291016,48.935001373291016,5975
2025-09-25 17:48:00+00:00,48.94499969482422,48.95500183105469,48.935001373291016,48.95500183105469,5204
2025-09-25 17:49:00+00:00,48.92243957519531,48.94499969482422,48.91999816894531,48.94499969482422,9289
2025-09-25 17:50:00+00:00,48.928199768066406,48.9286994934082,48.915000915527344,48.91999816894531,8188
2025-09-25 17:51:00+00:00,48.880001068115234,48.92010116577149,48.880001068115234,48.92010116577149,8984
2025-09-25 17:52:00+00:00,48.90499877929688,48.90499877929688,48.880001068115234,48.88999938964844,17829
2025-09-25 17:53:00+00:00,48.90999984741211,48.915000915527344,48.89500045776367,48.89500045776367,8635
2025-09-25 17:54:00+00:00,48.869998931884766,48.90499877929688,48.869998931884766,48.900001525878906,12162
2025-09-25 17:55:00+00:00,48.875,48.880001068115234,48.869998931884766,48.869998931884766,4684
2025-09-25 17:56:00+00:00,48.88999938964844,48.88999938964844,48.86000061035156,48.869998931884766,12815
2025-09-25 17:57:00+00:00,48.855098724365234,48.880001068115234,48.85499954223633,48.880001068115234,11109
2025-09-25 17:58:00+00:00,48.84999847412109,48.8650016784668,48.845001220703125,48.85499954223633,10468
2025-09-25 17:59:00+00:00,48.84999847412109,48.86000061035156,48.845001220703125,48.84999847412109,8517
2025-09-25 18:00:00+00:00,48.834999084472656,48.85499954223633,48.834999084472656,48.85499954223633,5003
2025-09-25 18:01:00+00:00,48.84000015258789,48.8650016784668,48.83990097045898,48.84000015258789,9258
2025-09-25 18:02:00+00:00,48.84999847412109,48.84999847412109,48.84000015258789,48.84000015258789,7038
2025-09-25 18:03:00+00:00,48.85380172729492,48.86000061035156,48.845001220703125,48.85499954223633,9612
2025-09-25 18:04:00+00:00,48.834999084472656,48.8650016784668,48.81499862670898,48.85499954223633,21953
2025-09-25 18:05:00+00:00,48.8849983215332,48.8849983215332,48.84000015258789,48.84000015258789,15945
2025-09-25 18:06:00+00:00,48.88999938964844,48.90499877929688,48.869998931884766,48.880001068115234,14234
2025-09-25 18:07:00+00:00,48.86000061035156,48.88999938964844,48.84999847412109,48.88999938964844,5839
2025-09-25 18:08:00+00:00,48.875,48.88999938964844,48.8650016784668,48.869998931884766,9261
2025-09-25 18:09:00+00:00,48.8650016784668,48.880001068115234,48.84999847412109,48.880001068115234,18714
2025-09-25 18:10:00+00:00,48.880001068115234,48.8849983215332,48.8650016784668,48.869998931884766,14361
2025-09-25 18:11:00+00:00,48.8849983215332,48.88999938964844,48.869998931884766,48.880001068115234,17557
2025-09-25 18:12:00+00:00,48.91999816894531,48.91999816894531,48.88999938964844,48.88999938964844,10728
2025-09-25 18:13:00+00:00,48.92499923706055,48.92499923706055,48.915000915527344,48.91999816894531,4015
2025-09-25 18:14:00+00:00,48.93579864501953,48.93999862670898,48.90499877929688,48.91999816894531,7492
2025-09-25 18:15:00+00:00,48.95500183105469,48.95500183105469,48.935001373291016,48.935001373291016,8986
2025-09-25 18:16:00+00:00,48.97999954223633,48.98500061035156,48.959999084472656,48.959999084472656,6371
2025-09-25 18:17:00+00:00,49.0,49.0,48.98500061035156,48.98500061035156,6879
2025-09-25 18:18:00+00:00,49.0099983215332,49.01499938964844,48.994998931884766,49.005001068115234,7540
2025-09-25 18:19:00+00:00,49.0,49.01499938964844,48.994998931884766,49.0099983215332,7611
2025-09-25 18:20:00+00:00,49.0099983215332,49.014198303222656,48.98500061035156,48.9900016784668,10481
2025-09-25 18:21:00+00:00,49.02000045776367,49.02000045776367,49.0099983215332,49.0099983215332,5044
2025-09-25 18:22:00+00:00,49.005001068115234,49.025001525878906,49.005001068115234,49.02000045776367,4630
2025-09-25 18:23:00+00:00,49.005001068115234,49.0099983215332,48.98500061035156,49.0099983215332,9290
2025-09-25 18:24:00+00:00,48.994998931884766,49.015098571777344,48.994998931884766,49.005001068115234,6773
2025-09-25 18:25:00+00:00,49.005001068115234,49.00550079345703,48.9900016784668,49.0,7756
2025-09-25 18:26:00+00:00,48.9900016784668,49.02000045776367,48.9900016784668,49.0099983215332,10947
2025-09-25 18:27:00+00:00,48.96500015258789,48.9900016784668,48.96500015258789,48.97999954223633,5123
2025-09-25 18:28:00+00:00,48.96889877319336,48.97510147094727,48.959999084472656,48.96500015258789,4963
2025-09-25 18:29:00+00:00,48.96020126342773,48.96020126342773,48.96020126342773,48.96020126342773,1402
2025-09-25 18:30:00+00:00,48.970001220703125,48.97999954223633,48.96500015258789,48.9650993347168,10987
2025-09-25 18:31:00+00:00,48.97499847412109,48.9900016784668,48.97499847412109,48.97499847412109,15743
2025-09-25 18:32:00+00:00,48.959999084472656,48.97499847412109,48.959999084472656,48.97499847412109,8998
2025-09-25 18:33:00+00:00,48.94499969482422,48.96500015258789,48.93999862670898,48.96500015258789,4213
2025-09-25 18:34:00+00:00,48.96500015258789,48.96500015258789,48.95000076293945,48.95000076293945,9178
2025-09-25 18:35:00+00:00,48.94499969482422,48.959999084472656,48.94499969482422,48.959999084472656,5661
2025-09-25 18:36:00+00:00,48.95500183105469,48.95500183105469,48.935001373291016,48.94499969482422,4465
2025-09-25 18:37:00+00:00,48.97499847412109,48.98500061035156,48.95500183105469,48.95500183105469,5543
2025-09-25 18:38:00+00:00,48.98500061035156,48.994998931884766,48.97999954223633,48.9900016784668,9162
2025-09-25 18:39:00+00:00,48.980098724365234,48.9900016784668,48.980098724365234,48.9900016784668,1391
2025-09-25 18:40:00+00:00,49.02999877929688,49.030799865722656,48.9900016784668,48.9900016784668,15653
2025-09-25 18:41:00+00:00,49.05440139770508,49.060001373291016,49.040000915527344,49.040000915527344,9047
2025-09-25 18:42:00+00:00,49.03499984741211,49.05500030517578,49.03499984741211,49.04999923706055,5112
2025-09-25 18:43:00+00:00,49.040000915527344,49.060001373291016,49.040000915527344,49.040000915527344,2228
2025-09-25 18:44:00+00:00,49.04010009765625,49.04499816894531,49.040000915527344,49.04499816894531,2854
2025-09-25 18:45:00+00:00,49.02000045776367,49.04999923706055,49.02000045776367,49.04499816894531,8708
2025-09-25 18:46:00+00:00,49.0,49.02000045776367,48.994998931884766,49.01499938964844,8016
2025-09-25 18:47:00+00:00,49.0099983215332,49.02999877929688,49.0,49.0,9544
2025-09-25 18:48:00+00:00,49.04499816894531,49.04499816894531,49.02000045776367,49.02000045776367,4480
2025-09-25 18:49:00+00:00,49.040000915527344,49.05500030517578,49.040000915527344,49.040000915527344,6047
2025-09-25 18:50:00+00:00,49.04999923706055,49.05500030517578,49.03499984741211,49.04499816894531,7974
2025-09-25 18:51:00+00:00,49.060001373291016,49.06499862670898,49.04499816894531,49.04499816894531,7096
2025-09-25 18:52:00+00:00,49.044700622558594,49.060001373291016,49.040000915527344,49.060001373291016,5074
2025-09-25 18:53:00+00:00,49.04499816894531,49.05619812011719,49.04499816894531,49.04999923706055,5366
2025-09-25 18:54:00+00:00,49.040000915527344,49.05500030517578,49.02999877929688,49.04499816894531,6481
2025-09-25 18:55:00+00:00,49.05500030517578,49.060001373291016,49.04499816894531,49.04499816894531,4541
2025-09-25 18:56:00+00:00,49.04499816894531,49.05500030517578,49.0442008972168,49.05350112915039,7830
2025-09-25 18:57:00+00:00,49.025001525878906,49.04499816894531,49.025001525878906,49.04499816894531,6090
2025-09-25 18:58:00+00:00,49.03499984741211,49.03499984741211,49.01499938964844,49.02000045776367,5227
2025-09-25 18:59:00+00:00,49.02000045776367,49.035099029541016,49.02000045776367,49.03499984741211,5960
2025-09-25 19:00:00+00:00,49.03499984741211,49.03990173339844,49.0,49.025001525878906,14354
2025-09-25 19:01:00+00:00,49.0099983215332,49.03499984741211,49.005001068115234,49.03499984741211,9686
2025-09-25 19:02:00+00:00,48.994998931884766,49.0099983215332,48.994998931884766,49.0099983215332,4022
2025-09-25 19:03:00+00:00,48.99549865722656,49.005001068115234,48.994998931884766,48.994998931884766,6645
2025-09-25 19:04:00+00:00,48.97999954223633,48.994998931884766,48.97999954223633,48.994998931884766,16374
2025-09-25 19:05:00+00:00,48.9900016784668,48.9900016784668,48.970001220703125,48.97999954223633,19638
2025-09-25 19:06:00+00:00,49.005001068115234,49.005001068115234,48.99489974975586,48.994998931884766,10615
2025-09-25 19:07:00+00:00,49.0,49.0099983215332,48.9901008605957,49.005001068115234,21438
2025-09-25 19:08:00+00:00,48.9900016784668,49.0,48.98500061035156,49.0,12628
2025-09-25 19:09:00+00:00,48.95500183105469,48.98500061035156,48.95500183105469,48.98500061035156,9828
2025-09-25 19:10:00+00:00,48.98500061035156,48.98500061035156,48.95000076293945,48.95500183105469,14903
2025-09-25 19:11:00+00:00,48.994998931884766,48.99990081787109,48.97999954223633,48.9900016784668,12418
2025-09-25 19:12:00+00:00,48.96500015258789,48.994998931884766,48.96500015258789,48.994998931884766,28743
2025-09-25 19:13:00+00:00,48.96620178222656,48.970001220703125,48.95500183105469,48.96500015258789,13466
2025-09-25 19:14:00+00:00,48.93510055541992,48.96500015258789,48.93000030517578,48.96500015258789,10519
2025-09-25 19:15:00+00:00,48.970001220703125,48.970001220703125,48.93999862670898,48.93999862670898,13030
2025-09-25 19:16:00+00:00,48.95000076293945,48.96989822387695,48.93999862670898,48.96989822387695,10670
2025-09-25 19:17:00+00:00,48.970001220703125,48.970001220703125,48.95000076293945,48.95000076293945,11270
2025-09-25 19:18:00+00:00,48.95890045166016,48.97499847412109,48.95890045166016,48.970001220703125,8717
2025-09-25 19:19:00+00:00,48.93999862670898,48.95500183105469,48.93999862670898,48.95500183105469,9642
2025-09-25 19:20:00+00:00,48.96500015258789,48.96500015258789,48.94499969482422,48.94499969482422,10209
2025-09-25 19:21:00+00:00,48.95000076293945,48.96500015258789,48.95000076293945,48.96500015258789,14227
2025-09-25 19:22:00+00:00,48.93470001220703,48.95000076293945,48.93000030517578,48.94499969482422,10345
2025-09-25 19:23:00+00:00,48.935001373291016,48.935001373291016,48.92499923706055,48.935001373291016,10641
2025-09-25 19:24:00+00:00,48.92499923706055,48.93000030517578,48.915000915527344,48.93000030517578,21791
2025-09-25 19:25:00+00:00,48.92499923706055,48.93000030517578,48.90999984741211,48.93000030517578,10477
2025-09-25 19:26:00+00:00,48.90999984741211,48.93000030517578,48.90999984741211,48.93000030517578,21421
2025-09-25 19:27:00+00:00,48.90999984741211,48.92499923706055,48.90999984741211,48.915000915527344,23683
2025-09-25 19:28:00+00:00,48.89500045776367,48.915000915527344,48.88999938964844,48.915000915527344,14588
2025-09-25 19:29:00+00:00,48.90999984741211,48.90999984741211,48.88999938964844,48.89500045776367,9821
2025-09-25 19:30:00+00:00,48.94499969482422,48.94499969482422,48.90999984741211,48.90999984741211,11922
2025-09-25 19:31:00+00:00,48.959999084472656,48.96500015258789,48.93999862670898,48.94499969482422,6495
2025-09-25 19:32:00+00:00,48.96469879150391,48.970001220703125,48.95500183105469,48.970001220703125,11074
2025-09-25 19:33:00+00:00,48.93999862670898,48.96500015258789,48.93999862670898,48.96500015258789,9095
2025-09-25 19:34:00+00:00,48.92440032958984,48.93999862670898,48.915000915527344,48.93999862670898,10788
2025-09-25 19:35:00+00:00,48.915000915527344,48.92499923706055,48.90499877929688,48.91999816894531,19057
2025-09-25 19:36:00+00:00,48.89500045776367,48.915000915527344,48.88999938964844,48.915000915527344,7840
2025-09-25 19:37:00+00:00,48.915000915527344,48.915000915527344,48.89500045776367,48.89500045776367,18353
2025-09-25 19:38:00+00:00,48.90499877929688,48.90999984741211,48.900001525878906,48.90999984741211,8034
2025-09-25 19:39:00+00:00,48.92499923706055,48.93000030517578,48.90499877929688,48.90499877929688,30811
2025-09-25 19:40:00+00:00,48.94499969482422,48.94499969482422,48.93000030517578,48.93000030517578,18476
2025-09-25 19:41:00+00:00,48.937599182128906,48.94499969482422,48.92499923706055,48.94499969482422,13180
2025-09-25 19:42:00+00:00,48.935001373291016,48.935001373291016,48.92499923706055,48.935001373291016,25259
2025-09-25 19:43:00+00:00,48.95500183105469,48.95500183105469,48.935001373291016,48.935001373291016,17498
2025-09-25 19:44:00+00:00,48.96500015258789,48.967899322509766,48.95500183105469,48.95500183105469,18570
2025-09-25 19:45:00+00:00,48.94499969482422,48.96500015258789,48.94499969482422,48.959999084472656,17120
2025-09-25 19:46:00+00:00,48.94499969482422,48.95000076293945,48.930999755859375,48.94499969482422,21123
2025-09-25 19:47:00+00:00,48.93999862670898,48.94499969482422,48.93000030517578,48.94499969482422,16679
2025-09-25 19:48:00+00:00,48.93999862670898,48.95000076293945,48.93000030517578,48.93999862670898,24227
2025-09-25 19:49:00+00:00,48.94499969482422,48.95500183105469,48.93999862670898,48.93999862670898,34483
2025-09-25 19:50:00+00:00,48.97119903564453,48.98500061035156,48.95000076293945,48.95000076293945,78986
2025-09-25 19:51:00+00:00,48.96500015258789,48.98500061035156,48.95500183105469,48.97999954223633,37476
2025-09-25 19:52:00+00:00,48.97499847412109,48.97999954223633,48.959999084472656,48.96500015258789,37839
2025-09-25 19:53:00+00:00,49.0099983215332,49.0099983215332,48.970001220703125,48.97499847412109,33150
2025-09-25 19:54:00+00:00,49.0,49.025001525878906,48.97999954223633,49.005001068115234,91478
2025-09-25 19:55:00+00:00,48.994998931884766,48.994998931884766,48.95119857788086,48.9900016784668,96536
2025-09-25 19:56:00+00:00,48.97999954223633,49.0,48.959999084472656,48.994998931884766,78412
2025-09-25 19:57:00+00:00,48.994998931884766,49.0,48.98500061035156,48.98500061035156,44400
2025-09-25 19:58:00+00:00,48.994998931884766,49.0,48.98500061035156,48.994998931884766,72062
2025-09-25 19:59:00+00:00,49.01499938964844,49.02999877929688,48.9900016784668,49.0,221883
2025-09-26 13:30:00+00:00,49.35979843139648,49.400001525878906,49.290000915527344,49.400001525878906,48420
2025-09-26 13:31:00+00:00,49.29999923706055,49.380001068115234,49.2599983215332,49.34000015258789,14681
2025-09-26 13:32:00+00:00,49.34980010986328,49.36000061035156,49.29999923706055,49.29999923706055,19098
2025-09-26 13:33:00+00:00,49.38999938964844,49.43999862670898,49.34000015258789,49.34000015258789,15117
2025-09-26 13:34:00+00:00,49.43999862670898,49.5,49.39500045776367,49.39500045776367,14388
2025-09-26 13:35:00+00:00,49.44499969482422,49.46500015258789,49.40999984741211,49.43999862670898,8951
2025-09-26 13:36:00+00:00,49.45000076293945,49.47999954223633,49.41999816894531,49.44499969482422,13184
2025-09-26 13:37:00+00:00,49.41999816894531,49.459999084472656,49.41999816894531,49.459999084472656,7753
2025-09-26 13:38:00+00:00,49.38999938964844,49.42160034179688,49.380001068115234,49.40999984741211,8329
2025-09-26 13:39:00+00:00,49.42499923706055,49.43999862670898,49.3849983215332,49.3849983215332,3957
2025-09-26 13:40:00+00:00,49.38999938964844,49.43999862670898,49.38999938964844,49.41999816894531,7620
2025-09-26 13:41:00+00:00,49.470001220703125,49.47499847412109,49.38940048217773,49.39400100708008,10295
2025-09-26 13:42:00+00:00,49.470001220703125,49.505001068115234,49.459999084472656,49.47999954223633,11472
2025-09-26 13:43:00+00:00,49.47999954223633,49.5,49.47999954223633,49.494998931884766,9816
2025-09-26 13:44:00+00:00,49.47999954223633,49.47999954223633,49.43999862670898,49.470001220703125,8701
2025-09-26 13:45:00+00:00,49.5,49.51020050048828,49.45000076293945,49.470001220703125,23187
2025-09-26 13:46:00+00:00,49.52999877929688,49.540000915527344,49.47999954223633,49.4900016784668,10134
2025-09-26 13:47:00+00:00,49.560001373291016,49.58000183105469,49.540000915527344,49.540000915527344,13931
2025-09-26 13:48:00+00:00,49.56999969482422,49.57500076293945,49.560001373291016,49.56499862670898,10879
2025-09-26 13:49:00+00:00,49.59000015258789,49.5900993347168,49.58000183105469,49.58000183105469,1325
2025-09-26 13:50:00+00:00,49.56999969482422,49.599098205566406,49.560001373291016,49.59000015258789,28166
2025-09-26 13:51:00+00:00,49.56999969482422,49.59999847412109,49.560001373291016,49.560001373291016,16607
2025-09-26 13:52:00+00:00,49.56999969482422,49.584999084472656,49.540000915527344,49.56999969482422,25735
2025-09-26 13:53:00+00:00,49.58000183105469,49.61000061035156,49.56499862670898,49.595001220703125,12705
2025-09-26 13:54:00+00:00,49.61000061035156,49.625,49.584999084472656,49.59000015258789,10237
2025-09-26 13:55:00+00:00,49.6150016784668,49.630001068115234,49.57889938354492,49.61000061035156,8269
2025-09-26 13:56:00+00:00,49.584999084472656,49.61000061035156,49.56499862670898,49.61000061035156,12364
2025-09-26 13:57:00+00:00,49.595001220703125,49.616641998291016,49.595001220703125,49.595001220703125,13786
2025-09-26 13:58:00+00:00,49.584999084472656,49.609901428222656,49.584999084472656,49.59999847412109,9569
2025-09-26 13:59:00+00:00,49.630001068115234,49.630001068115234,49.58000183105469,49.59000015258789,18603
2025-09-26 14:00:00+00:00,49.65499877929688,49.720001220703125,49.619998931884766,49.630001068115234,58061
2025-09-26 14:01:00+00:00,49.61000061035156,49.68000030517578,49.61000061035156,49.665000915527344,17632
2025-09-26 14:02:00+00:00,49.51499938964844,49.60499954223633,49.5099983215332,49.60499954223633,21623
2025-09-26 14:03:00+00:00,49.48500061035156,49.525001525878906,49.470001220703125,49.51499938964844,18763
2025-09-26 14:04:00+00:00,49.52000045776367,49.52000045776367,49.4900016784668,49.4900016784668,12519
2025-09-26 14:05:00+00:00,49.525001525878906,49.540000915527344,49.51499938964844,49.52999877929688,21460
2025-09-26 14:06:00+00:00,49.5099983215332,49.53499984741211,49.505001068115234,49.52999877929688,14958
2025-09-26 14:07:00+00:00,49.45000076293945,49.505001068115234,49.42499923706055,49.505001068115234,12372
2025-09-26 14:08:00+00:00,49.45000076293945,49.46500015258789,49.43000030517578,49.45500183105469,14120
2025-09-26 14:09:00+00:00,49.470001220703125,49.47499847412109,49.41999816894531,49.43999862670898,17624
2025-09-26 14:10:00+00:00,49.470001220703125,49.48500061035156,49.46110153198242,49.470001220703125,7706
2025-09-26 14:11:00+00:00,49.48500061035156,49.51499938964844,49.47499847412109,49.47999954223633,15461
2025-09-26 14:12:00+00:00,49.4900016784668,49.494998931884766,49.47999954223633,49.4900016784668,10480
2025-09-26 14:13:00+00:00,49.435001373291016,49.47999954223633,49.42499923706055,49.47999954223633,20851
2025-09-26 14:14:00+00:00,49.41999816894531,49.45500183105469,49.415000915527344,49.435001373291016,13923
2025-09-26 14:15:00+00:00,49.3849983215332,49.41999816894531,49.375,49.419898986816406,28137
2025-09-26 14:16:00+00:00,49.39500045776367,49.41999816894531,49.380001068115234,49.38999938964844,11204
2025-09-26 14:17:00+00:00,49.40010070800781,49.40499877929688,49.380001068115234,49.38999938964844,6271
2025-09-26 14:18:00+00:00,49.375,49.40999984741211,49.3650016784668,49.38999938964844,8603
2025-09-26 14:19:00+00:00,49.380001068115234,49.400001525878906,49.375,49.375,5111
2025-09-26 14:20:00+00:00,49.380001068115234,49.380001068115234,49.334999084472656,49.369998931884766,13100
2025-09-26 14:21:00+00:00,49.34999847412109,49.369998931884766,49.334999084472656,49.369998931884766,12134
2025-09-26 14:22:00+00:00,49.34000015258789,49.36000061035156,49.334999084472656,49.36000061035156,8688
2025-09-26 14:23:00+00:00,49.36000061035156,49.3650016784668,49.334999084472656,49.334999084472656,7694
2025-09-26 14:24:00+00:00,49.3025016784668,49.33000183105469,49.3025016784668,49.33000183105469,5168
2025-09-26 14:25:00+00:00,49.2599983215332,49.310001373291016,49.2599983215332,49.310001373291016,19481
2025-09-26 14:26:00+00:00,49.27999877929688,49.27999877929688,49.2599983215332,49.2599983215332,13871
2025-09-26 14:27:00+00:00,49.22499847412109,49.27000045776367,49.220001220703125,49.27000045776367,21994
2025-09-26 14:28:00+00:00,49.23500061035156,49.2400016784668,49.22499847412109,49.22499847412109,11764
2025-09-26 14:29:00+00:00,49.244998931884766,49.27000045776367,49.2400016784668,49.2400016784668,13002
2025-09-26 14:30:00+00:00,49.2400016784668,49.2599983215332,49.22999954223633,49.25,16029
2025-09-26 14:31:00+00:00,49.220001220703125,49.2400016784668,49.20500183105469,49.23500061035156,13023
2025-09-26 14:32:00+00:00,49.2400016784668,49.2400016784668,49.220001220703125,49.22999954223633,9604
2025-09-26 14:33:00+00:00,49.22999954223633,49.25,49.220001220703125,49.25,10377
2025-09-26 14:34:00+00:00,49.16999816894531,49.22999954223633,49.16999816894531,49.22999954223633,11471
2025-09-26 14:35:00+00:00,49.1349983215332,49.16999816894531,49.1349983215332,49.15999984741211,17125
2025-09-26 14:36:00+00:00,49.150001525878906,49.165000915527344,49.1349983215332,49.1349983215332,16270
2025-09-26 14:37:00+00:00,49.15999984741211,49.16999816894531,49.119998931884766,49.150001525878906,15614
2025-09-26 14:38:00+00:00,49.19499969482422,49.20000076293945,49.13999938964844,49.15999984741211,15552
2025-09-26 14:39:00+00:00,49.18999862670898,49.20000076293945,49.18000030517578,49.18999862670898,7114
2025-09-26 14:40:00+00:00,49.20000076293945,49.209999084472656,49.18000030517578,49.18999862670898,14444
2025-09-26 14:41:00+00:00,49.192501068115234,49.20180130004883,49.15999984741211,49.20000076293945,20305
2025-09-26 14:42:00+00:00,49.18000030517578,49.20500183105469,49.16999816894531,49.20000076293945,14836
2025-09-26 14:43:00+00:00,49.15999984741211,49.18000030517578,49.1349983215332,49.18000030517578,12817
2025-09-26 14:44:00+00:00,49.125,49.158199310302734,49.125,49.15499877929688,18423
2025-09-26 14:45:00+00:00,49.11000061035156,49.15999984741211,49.11000061035156,49.1349983215332,13196
2025-09-26 14:46:00+00:00,49.12630081176758,49.130001068115234,49.10499954223633,49.10499954223633,15041
2025-09-26 14:47:00+00:00,49.1349983215332,49.14500045776367,49.130001068115234,49.130001068115234,10768
2025-09-26 14:48:00+00:00,49.11000061035156,49.14179992675781,49.11000061035156,49.1349983215332,12436
2025-09-26 14:49:00+00:00,49.08000183105469,49.125,49.08000183105469,49.1150016784668,8311
2025-09-26 14:50:00+00:00,49.089298248291016,49.09000015258789,49.07889938354492,49.084999084472656,7206
2025-09-26 14:51:00+00:00,49.1150016784668,49.1150016784668,49.084999084472656,49.09000015258789,6249
2025-09-26 14:52:00+00:00,49.10499954223633,49.11819839477539,49.095001220703125,49.1150016784668,6073
2025-09-26 14:53:00+00:00,49.08000183105469,49.095001220703125,49.06999969482422,49.09000015258789,11502
2025-09-26 14:54:00+00:00,49.08000183105469,49.09000015258789,49.07500076293945,49.08000183105469,8865
2025-09-26 14:55:00+00:00,49.125,49.1349983215332,49.084999084472656,49.084999084472656,9551
2025-09-26 14:56:00+00:00,49.1150016784668,49.13570022583008,49.09999847412109,49.130001068115234,8713
2025-09-26 14:57:00+00:00,49.130001068115234,49.13999938964844,49.11819839477539,49.11989974975586,5731
2025-09-26 14:58:00+00:00,49.125,49.13999938964844,49.125,49.13999938964844,4772
2025-09-26 14:59:00+00:00,49.11000061035156,49.119998931884766,49.10499954223633,49.119998931884766,13141
2025-09-26 15:00:00+00:00,49.119998931884766,49.130001068115234,49.10499954223633,49.1150016784668,17203
2025-09-26 15:01:00+00:00,49.09999847412109,49.119998931884766,49.084999084472656,49.119998931884766,20441
2025-09-26 15:02:00+00:00,49.09000015258789,49.10499954223633,49.08440017700195,49.10499954223633,4117
2025-09-26 15:03:00+00:00,49.09180068969727,49.11000061035156,49.084999084472656,49.09000015258789,9419
2025-09-26 15:04:00+00:00,49.08000183105469,49.10499954223633,49.08000183105469,49.09000015258789,6168
2025-09-26 15:05:00+00:00,49.08000183105469,49.095001220703125,49.06999969482422,49.08000183105469,4192
2025-09-26 15:06:00+00:00,49.09999847412109,49.11000061035156,49.07820129394531,49.07820129394531,7673
2025-09-26 15:07:00+00:00,49.09999847412109,49.10499954223633,49.09000015258789,49.095001220703125,21727
2025-09-26 15:08:00+00:00,49.09999847412109,49.10499954223633,49.08819961547852,49.09999847412109,12757
2025-09-26 15:09:00+00:00,49.11000061035156,49.1150016784668,49.095001220703125,49.09999847412109,11691
2025-09-26 15:10:00+00:00,49.119998931884766,49.130001068115234,49.11000061035156,49.119998931884766,8775
2025-09-26 15:11:00+00:00,49.14500045776367,49.16510009765625,49.130001068115234,49.130001068115234,13746
2025-09-26 15:12:00+00:00,49.160099029541016,49.165000915527344,49.13999938964844,49.15549850463867,25436
2025-09-26 15:13:00+00:00,49.15999984741211,49.16999816894531,49.150001525878906,49.165000915527344,7149
2025-09-26 15:14:00+00:00,49.14500045776367,49.185001373291016,49.14500045776367,49.165000915527344,35592
2025-09-26 15:15:00+00:00,49.1349983215332,49.14509963989258,49.127201080322266,49.14509963989258,10506
2025-09-26 15:16:00+00:00,49.20000076293945,49.20000076293945,49.13420104980469,49.14179992675781,9161
2025-09-26 15:17:00+00:00,49.220001220703125,49.220001220703125,49.20000076293945,49.20500183105469,4001
2025-09-26 15:18:00+00:00,49.23849868774414,49.2400016784668,49.220001220703125,49.22499847412109,8939
2025-09-26 15:19:00+00:00,49.27000045776367,49.27000045776367,49.23500061035156,49.23500061035156,18062
2025-09-26 15:20:00+00:00,49.275001525878906,49.28499984741211,49.2599983215332,49.27999877929688,17992
2025-09-26 15:21:00+00:00,49.28179931640625,49.290000915527344,49.255001068115234,49.27000045776367,9922
2025-09-26 15:22:00+00:00,49.29999923706055,49.29999923706055,49.27009963989258,49.28499984741211,5641
2025-09-26 15:23:00+00:00,49.310001373291016,49.310001373291016,49.290000915527344,49.310001373291016,7026
2025-09-26 15:24:00+00:00,49.310001373291016,49.31999969482422,49.29999923706055,49.30179977416992,5691
2025-09-26 15:25:00+00:00,49.310001373291016,49.31999969482422,49.310001373291016,49.31990051269531,4083
2025-09-26 15:26:00+00:00,49.31499862670898,49.31999969482422,49.30500030517578,49.310001373291016,6631
2025-09-26 15:27:00+00:00,49.31499862670898,49.31499862670898,49.29999923706055,49.310001373291016,9125
2025-09-26 15:28:00+00:00,49.311798095703125,49.32500076293945,49.29999923706055,49.31999969482422,10871
2025-09-26 15:29:00+00:00,49.34180068969727,49.34180068969727,49.33000183105469,49.33000183105469,4169
2025-09-26 15:30:00+00:00,49.36000061035156,49.36000061035156,49.34999847412109,49.34999847412109,7905
2025-09-26 15:31:00+00:00,49.3650016784668,49.3650016784668,49.34999847412109,49.35499954223633,5314
2025-09-26 15:32:00+00:00,49.369998931884766,49.380001068115234,49.363800048828125,49.369998931884766,8583
2025-09-26 15:33:00+00:00,49.35499954223633,49.35499954223633,49.35499954223633,49.35499954223633,3088
2025-09-26 15:34:00+00:00,49.3650016784668,49.3650016784668,49.35499954223633,49.36000061035156,4300
2025-09-26 15:35:00+00:00,49.34999847412109,49.380001068115234,49.34999847412109,49.369998931884766,3843
2025-09-26 15:36:00+00:00,49.369998931884766,49.369998931884766,49.34999847412109,49.34999847412109,6199
2025-09-26 15:37:00+00:00,49.31999969482422,49.35070037841797,49.31999969482422,49.35070037841797,8727
2025-09-26 15:38:00+00:00,49.34000015258789,49.34999847412109,49.32500076293945,49.32500076293945,8639
2025-09-26 15:39:00+00:00,49.36000061035156,49.36000061035156,49.33000183105469,49.33000183105469,7220
2025-09-26 15:40:00+00:00,49.34000015258789,49.36000061035156,49.34000015258789,49.34999847412109,4799
2025-09-26 15:41:00+00:00,49.3650016784668,49.3650016784668,49.34000015258789,49.34000015258789,4072
2025-09-26 15:42:00+00:00,49.36000061035156,49.3650016784668,49.345001220703125,49.36000061035156,6512
2025-09-26 15:43:00+00:00,49.3849983215332,49.3849983215332,49.35499954223633,49.36819839477539,9699
2025-09-26 15:44:00+00:00,49.3650016784668,49.39500045776367,49.3650016784668,49.3849983215332,5914
2025-09-26 15:45:00+00:00,49.3650016784668,49.3650016784668,49.35499954223633,49.36000061035156,9430
2025-09-26 15:46:00+00:00,49.355098724365234,49.355098724365234,49.34000015258789,49.34000015258789,4324
2025-09-26 15:47:00+00:00,49.334999084472656,49.345001220703125,49.3317985534668,49.345001220703125,2701
2025-09-26 15:48:00+00:00,49.34000015258789,49.34000015258789,49.31999969482422,49.32500076293945,11711
2025-09-26 15:49:00+00:00,49.334999084472656,49.345001220703125,49.32500076293945,49.33520126342773,13516
2025-09-26 15:50:00+00:00,49.27999877929688,49.33000183105469,49.275001525878906,49.33000183105469,7677
2025-09-26 15:51:00+00:00,49.31999969482422,49.31999969482422,49.27999877929688,49.27999877929688,11849
2025-09-26 15:52:00+00:00,49.30979919433594,49.31499862670898,49.29999923706055,49.31499862670898,5243
2025-09-26 15:53:00+00:00,49.29999923706055,49.310001373291016,49.29999923706055,49.30500030517578,2422
2025-09-26 15:54:00+00:00,49.30989837646485,49.31499862670898,49.27999877929688,49.310001373291016,15945
2025-09-26 15:55:00+00:00,49.29499816894531,49.30500030517578,49.290000915527344,49.29999923706055,5154
2025-09-26 15:56:00+00:00,49.29999923706055,49.30989837646485,49.29999923706055,49.29999923706055,6902
2025-09-26 15:57:00+00:00,49.27999877929688,49.29999923706055,49.27999877929688,49.29999923706055,7634
2025-09-26 15:58:00+00:00,49.2599983215332,49.28499984741211,49.2599983215332,49.28499984741211,5423
2025-09-26 15:59:00+00:00,49.23500061035156,49.2599983215332,49.23500061035156,49.2599983215332,8258
2025-09-26 16:00:00+00:00,49.209999084472656,49.244998931884766,49.209999084472656,49.23500061035156,11114
2025-09-26 16:01:00+00:00,49.19499969482422,49.209999084472656,49.18000030517578,49.209999084472656,7675
2025-09-26 16:02:00+00:00,49.209999084472656,49.22499847412109,49.18989944458008,49.18999862670898,11421
2025-09-26 16:03:00+00:00,49.220001220703125,49.244998931884766,49.20500183105469,49.20500183105469,20012
2025-09-26 16:04:00+00:00,49.2400016784668,49.2400016784668,49.22819900512695,49.23500061035156,8053
2025-09-26 16:05:00+00:00,49.24509811401367,49.24509811401367,49.2318000793457,49.244998931884766,2984
2025-09-26 16:06:00+00:00,49.2599983215332,49.26499938964844,49.24990081787109,49.24990081787109,7479
2025-09-26 16:07:00+00:00,49.25,49.2599983215332,49.2400016784668,49.2599983215332,2516
2025-09-26 16:08:00+00:00,49.244998931884766,49.244998931884766,49.2400016784668,49.244998931884766,6990
2025-09-26 16:09:00+00:00,49.22999954223633,49.244998931884766,49.22999954223633,49.244998931884766,4615
2025-09-26 16:10:00+00:00,49.220001220703125,49.220001220703125,49.209999084472656,49.220001220703125,9550
2025-09-26 16:11:00+00:00,49.244998931884766,49.244998931884766,49.22819900512695,49.22819900512695,7724
2025-09-26 16:12:00+00:00,49.25,49.2599983215332,49.25,49.25,2627
2025-09-26 16:13:00+00:00,49.251800537109375,49.251800537109375,49.2400016784668,49.2400016784668,3349
2025-09-26 16:14:00+00:00,49.26499938964844,49.26499938964844,49.244998931884766,49.25419998168945,4877
2025-09-26 16:15:00+00:00,49.27000045776367,49.275001525878906,49.26499938964844,49.27000045776367,5834
2025-09-26 16:16:00+00:00,49.2599983215332,49.26499938964844,49.25,49.26499938964844,5009
2025-09-26 16:17:00+00:00,49.25,49.26499938964844,49.23989868164063,49.26499938964844,8972
2025-09-26 16:18:00+00:00,49.25,49.25,49.23500061035156,49.244998931884766,10692
2025-09-26 16:19:00+00:00,49.2599983215332,49.2599983215332,49.25,49.25,23121
2025-09-26 16:20:00+00:00,49.29999923706055,49.29999923706055,49.27000045776367,49.27000045776367,6887
2025-09-26 16:21:00+00:00,49.30500030517578,49.32500076293945,49.30500030517578,49.310001373291016,8538
2025-09-26 16:22:00+00:00,49.31499862670898,49.31999969482422,49.310001373291016,49.310001373291016,8379
2025-09-26 16:23:00+00:00,49.334999084472656,49.345001220703125,49.31999969482422,49.31999969482422,7185
2025-09-26 16:24:00+00:00,49.36000061035156,49.3650016784668,49.34820175170898,49.34820175170898,5316
2025-09-26 16:25:00+00:00,49.369998931884766,49.380001068115234,49.36000061035156,49.36000061035156,2575
2025-09-26 16:26:00+00:00,49.4182014465332,49.4182014465332,49.37820053100586,49.37820053100586,8426
2025-09-26 16:27:00+00:00,49.400001525878906,49.42499923706055,49.400001525878906,49.41999816894531,4385
2025-09-26 16:28:00+00:00,49.375,49.40810012817383,49.375,49.40810012817383,14046
2025-09-26 16:29:00+00:00,49.41999816894531,49.41999816894531,49.400001525878906,49.400001525878906,12527
2025-09-26 16:30:00+00:00,49.39080047607422,49.41999816894531,49.38999938964844,49.40999984741211,19011
2025-09-26 16:31:00+00:00,49.3849983215332,49.40999984741211,49.3849983215332,49.400001525878906,6733
2025-09-26 16:32:00+00:00,49.3650016784668,49.385101318359375,49.3650016784668,49.380001068115234,4160
2025-09-26 16:33:00+00:00,49.345001220703125,49.3656005859375,49.34000015258789,49.3656005859375,5611
2025-09-26 16:34:00+00:00,49.36000061035156,49.380001068115234,49.345001220703125,49.345001220703125,5114
2025-09-26 16:35:00+00:00,49.36000061035156,49.369998931884766,49.34999847412109,49.36069869995117,19756
2025-09-26 16:36:00+00:00,49.38999938964844,49.39500045776367,49.36000061035156,49.36180114746094,8280
2025-09-26 16:37:00+00:00,49.39500045776367,49.39509963989258,49.3849983215332,49.38999938964844,7053
2025-09-26 16:38:00+00:00,49.39500045776367,49.400001525878906,49.38999938964844,49.39099884033203,4354
2025-09-26 16:39:00+00:00,49.399898529052734,49.40499877929688,49.39500045776367,49.39500045776367,8330
2025-09-26 16:40:00+00:00,49.375,49.400001525878906,49.375,49.39509963989258,7065
2025-09-26 16:41:00+00:00,49.380001068115234,49.380001068115234,49.369998931884766,49.380001068115234,5266
2025-09-26 16:42:00+00:00,49.3849983215332,49.38999938964844,49.375,49.385101318359375,4121
2025-09-26 16:43:00+00:00,49.38999938964844,49.40499877929688,49.3849983215332,49.3849983215332,10969
2025-09-26 16:44:00+00:00,49.40019989013672,49.415000915527344,49.39820098876953,49.400001525878906,8291
2025-09-26 16:45:00+00:00,49.40850067138672,49.415000915527344,49.39500045776367,49.400001525878906,11284
2025-09-26 16:46:00+00:00,49.38999938964844,49.400001525878906,49.375,49.400001525878906,10394
2025-09-26 16:47:00+00:00,49.40499877929688,49.40499877929688,49.38999938964844,49.39500045776367,2948
2025-09-26 16:48:00+00:00,49.41999816894531,49.41999816894531,49.38999938964844,49.40499877929688,22155
2025-09-26 16:49:00+00:00,49.41999816894531,49.43000030517578,49.40999984741211,49.41999816894531,10252
2025-09-26 16:50:00+00:00,49.40499877929688,49.415000915527344,49.400001525878906,49.415000915527344,28165
2025-09-26 16:51:00+00:00,49.400001525878906,49.40499877929688,49.38999938964844,49.400001525878906,4302
2025-09-26 16:52:00+00:00,49.41180038452149,49.41999816894531,49.40999984741211,49.40999984741211,3053
2025-09-26 16:53:00+00:00,49.38999938964844,49.40999984741211,49.38999938964844,49.40999984741211,4096
2025-09-26 16:54:00+00:00,49.40499877929688,49.40499877929688,49.390098571777344,49.39500045776367,6652
2025-09-26 16:55:00+00:00,49.40999984741211,49.40999984741211,49.39500045776367,49.400001525878906,5356
2025-09-26 16:56:00+00:00,49.39649963378906,49.40999984741211,49.39500045776367,49.401798248291016,4828
2025-09-26 16:57:00+00:00,49.43000030517578,49.43180084228516,49.3849983215332,49.38999938964844,15670
2025-09-26 16:58:00+00:00,49.45000076293945,49.45000076293945,49.41999816894531,49.42499923706055,7516
2025-09-26 16:59:00+00:00,49.46500015258789,49.46500015258789,49.44499969482422,49.44499969482422,3907
2025-09-26 17:00:00+00:00,49.42509841918945,49.46500015258789,49.42509841918945,49.46500015258789,3757
2025-09-26 17:01:00+00:00,49.43999862670898,49.43999862670898,49.415000915527344,49.43000030517578,10506
2025-09-26 17:02:00+00:00,49.4182014465332,49.435001373291016,49.415000915527344,49.42499923706055,3478
2025-09-26 17:03:00+00:00,49.400001525878906,49.419898986816406,49.39500045776367,49.415000915527344,4578
2025-09-26 17:04:00+00:00,49.380001068115234,49.400001525878906,49.380001068115234,49.400001525878906,4162
2025-09-26 17:05:00+00:00,49.400001525878906,49.400001525878906,49.375,49.380001068115234,9213
2025-09-26 17:06:00+00:00,49.400001525878906,49.415000915527344,49.400001525878906,49.40499877929688,4149
2025-09-26 17:07:00+00:00,49.38999938964844,49.400001525878906,49.380001068115234,49.400001525878906,4572
2025-09-26 17:08:00+00:00,49.380001068115234,49.38999938964844,49.375,49.38999938964844,6414
2025-09-26 17:09:00+00:00,49.399898529052734,49.399898529052734,49.3849983215332,49.39500045776367,4342
2025-09-26 17:10:00+00:00,49.40999984741211,49.415000915527344,49.38999938964844,49.38999938964844,4825
2025-09-26 17:11:00+00:00,49.40499877929688,49.408199310302734,49.39500045776367,49.408199310302734,5633
2025-09-26 17:12:00+00:00,49.39500045776367,49.410099029541016,49.39500045776367,49.40499877929688,16371
2025-09-26 17:13:00+00:00,49.400001525878906,49.40499877929688,49.39500045776367,49.39500045776367,4336
2025-09-26 17:14:00+00:00,49.410099029541016,49.41999816894531,49.40010070800781,49.40010070800781,4539
2025-09-26 17:15:00+00:00,49.44499969482422,49.45000076293945,49.415000915527344,49.415000915527344,29619
2025-09-26 17:16:00+00:00,49.435001373291016,49.44499969482422,49.435001373291016,49.43999862670898,7975
2025-09-26 17:17:00+00:00,49.42499923706055,49.435001373291016,49.42499923706055,49.435001373291016,3549
2025-09-26 17:18:00+00:00,49.42499923706055,49.42509841918945,49.415000915527344,49.415000915527344,3337
2025-09-26 17:19:00+00:00,49.40499877929688,49.42499923706055,49.39500045776367,49.42499923706055,9713
2025-09-26 17:20:00+00:00,49.38999938964844,49.40999984741211,49.380001068115234,49.40499877929688,7908
2025-09-26 17:21:00+00:00,49.39400100708008,49.400001525878906,49.38999938964844,49.39500045776367,3991
2025-09-26 17:22:00+00:00,49.40999984741211,49.41999816894531,49.400001525878906,49.400001525878906,8684
2025-09-26 17:23:00+00:00,49.430999755859375,49.44499969482422,49.41999816894531,49.41999816894531,3785
2025-09-26 17:24:00+00:00,49.45500183105469,49.45500183105469,49.43000030517578,49.43000030517578,7506
2025-09-26 17:25:00+00:00,49.43999862670898,49.46500015258789,49.43999862670898,49.459999084472656,5102
2025-09-26 17:26:00+00:00,49.45000076293945,49.45000076293945,49.435001373291016,49.435001373291016,4476
2025-09-26 17:27:00+00:00,49.41999816894531,49.44179916381836,49.40999984741211,49.44179916381836,5206
2025-09-26 17:28:00+00:00,49.40999984741211,49.415000915527344,49.40499877929688,49.40999984741211,15649
2025-09-26 17:29:00+00:00,49.400001525878906,49.41999816894531,49.400001525878906,49.40999984741211,10538
2025-09-26 17:30:00+00:00,49.39500045776367,49.40999984741211,49.39500045776367,49.400001525878906,8580
2025-09-26 17:31:00+00:00,49.375,49.400001525878906,49.375,49.39500045776367,5820
2025-09-26 17:32:00+00:00,49.3650016784668,49.375,49.36000061035156,49.375,3828
2025-09-26 17:33:00+00:00,49.3650016784668,49.375,49.36100006103516,49.369998931884766,10733
2025-09-26 17:34:00+00:00,49.345001220703125,49.3650016784668,49.34000015258789,49.3650016784668,14080
2025-09-26 17:35:00+00:00,49.36000061035156,49.36000061035156,49.34000015258789,49.345001220703125,7960
2025-09-26 17:36:00+00:00,49.375,49.375,49.35499954223633,49.35499954223633,10693
2025-09-26 17:37:00+00:00,49.3849983215332,49.38999938964844,49.380001068115234,49.380001068115234,5579
2025-09-26 17:38:00+00:00,49.380001068115234,49.3849983215332,49.375,49.380001068115234,6007
2025-09-26 17:39:00+00:00,49.375,49.380001068115234,49.3650016784668,49.375,6141
2025-09-26 17:40:00+00:00,49.38999938964844,49.39820098876953,49.375,49.380001068115234,24702
2025-09-26 17:41:00+00:00,49.40499877929688,49.40999984741211,49.380001068115234,49.3849983215332,9950
2025-09-26 17:42:00+00:00,49.40499877929688,49.40499877929688,49.39500045776367,49.400001525878906,8416
2025-09-26 17:43:00+00:00,49.42499923706055,49.43000030517578,49.400001525878906,49.400001525878906,2594
2025-09-26 17:44:00+00:00,49.435001373291016,49.44499969482422,49.43000030517578,49.43000030517578,7157
2025-09-26 17:45:00+00:00,49.435001373291016,49.44499969482422,49.43000030517578,49.435001373291016,6016
2025-09-26 17:46:00+00:00,49.435001373291016,49.435001373291016,49.42010116577149,49.43000030517578,10906
2025-09-26 17:47:00+00:00,49.44499969482422,49.44889831542969,49.43999862670898,49.43999862670898,7158
2025-09-26 17:48:00+00:00,49.470001220703125,49.470001220703125,49.415000915527344,49.44499969482422,30530
2025-09-26 17:49:00+00:00,49.46500015258789,49.47499847412109,49.46500015258789,49.470001220703125,7262
2025-09-26 17:50:00+00:00,49.45000076293945,49.46500015258789,49.44499969482422,49.46500015258789,9069
2025-09-26 17:51:00+00:00,49.46500015258789,49.46989822387695,49.44499969482422,49.445499420166016,6494
2025-09-26 17:52:00+00:00,49.46500015258789,49.46500015258789,49.46500015258789,49.46500015258789,518
2025-09-26 17:53:00+00:00,49.45180130004883,49.46500015258789,49.45000076293945,49.46500015258789,7377
2025-09-26 17:54:00+00:00,49.44499969482422,49.45000076293945,49.43220138549805,49.45000076293945,7425
2025-09-26 17:55:00+00:00,49.43000030517578,49.44499969482422,49.41999816894531,49.44499969482422,7498
2025-09-26 17:56:00+00:00,49.44499969482422,49.44499969482422,49.435001373291016,49.435001373291016,5563
2025-09-26 17:57:00+00:00,49.46500015258789,49.46500015258789,49.45000076293945,49.45000076293945,5405
2025-09-26 17:58:00+00:00,49.459999084472656,49.46500015258789,49.459999084472656,49.46500015258789,1298
2025-09-26 17:59:00+00:00,49.4900016784668,49.4900016784668,49.46500015258789,49.46620178222656,4378
2025-09-26 18:00:00+00:00,49.4900016784668,49.505001068115234,49.48500061035156,49.4900016784668,10952
2025-09-26 18:01:00+00:00,49.47999954223633,49.494998931884766,49.47999954223633,49.4900016784668,9000
2025-09-26 18:02:00+00:00,49.47999954223633,49.47999954223633,49.46500015258789,49.470001220703125,6821
2025-09-26 18:03:00+00:00,49.46500015258789,49.46500015258789,49.46500015258789,49.46500015258789,1482
2025-09-26 18:04:00+00:00,49.437198638916016,49.46500015258789,49.43000030517578,49.46500015258789,12409
2025-09-26 18:05:00+00:00,49.39500045776367,49.43000030517578,49.39500045776367,49.43000030517578,10658
2025-09-26 18:06:00+00:00,49.369998931884766,49.38999938964844,49.369998931884766,49.38999938964844,5108
2025-09-26 18:07:00+00:00,49.3849983215332,49.38819885253906,49.3650016784668,49.369998931884766,16966
2025-09-26 18:08:00+00:00,49.3650016784668,49.375,49.36000061035156,49.375,5410
2025-09-26 18:09:00+00:00,49.35499954223633,49.3650016784668,49.35499954223633,49.36000061035156,3185
2025-09-26 18:10:00+00:00,49.3650016784668,49.375,49.35499954223633,49.35499954223633,17585
2025-09-26 18:11:00+00:00,49.37820053100586,49.380001068115234,49.369998931884766,49.375,4619
2025-09-26 18:12:00+00:00,49.38999938964844,49.38999938964844,49.380001068115234,49.380001068115234,6981
2025-09-26 18:13:00+00:00,49.380001068115234,49.40499877929688,49.380001068115234,49.400001525878906,4935
2025-09-26 18:14:00+00:00,49.41999816894531,49.41999816894531,49.38999938964844,49.38999938964844,6802
2025-09-26 18:15:00+00:00,49.44499969482422,49.44499969482422,49.41619873046875,49.41619873046875,14478
2025-09-26 18:16:00+00:00,49.45500183105469,49.4551010131836,49.44469833374024,49.44499969482422,8566
2025-09-26 18:17:00+00:00,49.46500015258789,49.470001220703125,49.45500183105469,49.45500183105469,13772
2025-09-26 18:18:00+00:00,49.470001220703125,49.47499847412109,49.46110153198242,49.46110153198242,21319
2025-09-26 18:19:00+00:00,49.46500015258789,49.4650993347168,49.459999084472656,49.46500015258789,11383
2025-09-26 18:20:00+00:00,49.45500183105469,49.45500183105469,49.44350051879883,49.45500183105469,29886
2025-09-26 18:21:00+00:00,49.47999954223633,49.494998931884766,49.459999084472656,49.459999084472656,32823
2025-09-26 18:22:00+00:00,49.46580123901367,49.47499847412109,49.459999084472656,49.471099853515625,6736
2025-09-26 18:23:00+00:00,49.47999954223633,49.47999954223633,49.459999084472656,49.4650993347168,9167
2025-09-26 18:24:00+00:00,49.4900016784668,49.494998931884766,49.47999954223633,49.47999954223633,13213
2025-09-26 18:25:00+00:00,49.505001068115234,49.5099983215332,49.48500061035156,49.48500061035156,7934
2025-09-26 18:26:00+00:00,49.5,49.50749969482422,49.494998931884766,49.505001068115234,6412
2025-09-26 18:27:00+00:00,49.4900016784668,49.494998931884766,49.4900016784668,49.494998931884766,2360
2025-09-26 18:28:00+00:00,49.48500061035156,49.494998931884766,49.47499847412109,49.48500061035156,7957
2025-09-26 18:29:00+00:00,49.5,49.50899887084961,49.4900016784668,49.4900016784668,4139
2025-09-26 18:30:00+00:00,49.53499984741211,49.53499984741211,49.505001068115234,49.5099983215332,10640
2025-09-26 18:31:00+00:00,49.525001525878906,49.52999877929688,49.5099983215332,49.52999877929688,8605
2025-09-26 18:32:00+00:00,49.525001525878906,49.53499984741211,49.525001525878906,49.525001525878906,8341
2025-09-26 18:33:00+00:00,49.4900016784668,49.52000045776367,49.488800048828125,49.52000045776367,9588
2025-09-26 18:34:00+00:00,49.47999954223633,49.4900016784668,49.459999084472656,49.4900016784668,21338
2025-09-26 18:35:00+00:00,49.5,49.505001068115234,49.48500061035156,49.48500061035156,10592
2025-09-26 18:36:00+00:00,49.494998931884766,49.5,49.48500061035156,49.494998931884766,10939
2025-09-26 18:37:00+00:00,49.47999954223633,49.494998931884766,49.47999954223633,49.4900016784668,10444
2025-09-26 18:38:00+00:00,49.48500061035156,49.48500061035156,49.47499847412109,49.47499847412109,5887
2025-09-26 18:39:00+00:00,49.48500061035156,49.494998931884766,49.48469924926758,49.4900016784668,4580
2025-09-26 18:40:00+00:00,49.46500015258789,49.48500061035156,49.462799072265625,49.48500061035156,10483
2025-09-26 18:41:00+00:00,49.47499847412109,49.47499847412109,49.470001220703125,49.470001220703125,4738
2025-09-26 18:42:00+00:00,49.46500015258789,49.470001220703125,49.45500183105469,49.470001220703125,9141
2025-09-26 18:43:00+00:00,49.46500015258789,49.47499847412109,49.459999084472656,49.46500015258789,8294
2025-09-26 18:44:00+00:00,49.44499969482422,49.459999084472656,49.43000030517578,49.459999084472656,22230
2025-09-26 18:45:00+00:00,49.43000030517578,49.46500015258789,49.43000030517578,49.45000076293945,55055
2025-09-26 18:46:00+00:00,49.41189956665039,49.42499923706055,49.39500045776367,49.42499923706055,10083
2025-09-26 18:47:00+00:00,49.40999984741211,49.42499923706055,49.40999984741211,49.40999984741211,12190
2025-09-26 18:48:00+00:00,49.43000030517578,49.43000030517578,49.40999984741211,49.40999984741211,9716
2025-09-26 18:49:00+00:00,49.45500183105469,49.45500183105469,49.43999862670898,49.43999862670898,4074
2025-09-26 18:50:00+00:00,49.44499969482422,49.45500183105469,49.43999862670898,49.45000076293945,8278
2025-09-26 18:51:00+00:00,49.41999816894531,49.44499969482422,49.41999816894531,49.44499969482422,13808
2025-09-26 18:52:00+00:00,49.41999816894531,49.42499923706055,49.39500045776367,49.41999816894531,12687
2025-09-26 18:53:00+00:00,49.42499923706055,49.43000030517578,49.42169952392578,49.42169952392578,2467
2025-09-26 18:54:00+00:00,49.45000076293945,49.45000076293945,49.42499923706055,49.42499923706055,8157
2025-09-26 18:55:00+00:00,49.470001220703125,49.47829818725586,49.44380187988281,49.45500183105469,15313
2025-09-26 18:56:00+00:00,49.46500015258789,49.47499847412109,49.459999084472656,49.470001220703125,7368
2025-09-26 18:57:00+00:00,49.4547004699707,49.4650993347168,49.45000076293945,49.46500015258789,20022
2025-09-26 18:58:00+00:00,49.47499847412109,49.47999954223633,49.459999084472656,49.459999084472656,9312
2025-09-26 18:59:00+00:00,49.46500015258789,49.47499847412109,49.459999084472656,49.470001220703125,7072
2025-09-26 19:00:00+00:00,49.459999084472656,49.470001220703125,49.459999084472656,49.46500015258789,17348
2025-09-26 19:01:00+00:00,49.46500015258789,49.470001220703125,49.45000076293945,49.45650100708008,20793
2025-09-26 19:02:00+00:00,49.45000076293945,49.470001220703125,49.43999862670898,49.470001220703125,11202
2025-09-26 19:03:00+00:00,49.45500183105469,49.45500183105469,49.43999862670898,49.45000076293945,17076
2025-09-26 19:04:00+00:00,49.44969940185547,49.45000076293945,49.43999862670898,49.45000076293945,8510
2025-09-26 19:05:00+00:00,49.44499969482422,49.45500183105469,49.43999862670898,49.44499969482422,13142
2025-09-26 19:06:00+00:00,49.41999816894531,49.45500183105469,49.41999816894531,49.45000076293945,20149
2025-09-26 19:07:00+00:00,49.39500045776367,49.42559814453125,49.39500045776367,49.41999816894531,12281
2025-09-26 19:08:00+00:00,49.40499877929688,49.40499877929688,49.38999938964844,49.39500045776367,10702
2025-09-26 19:09:00+00:00,49.40499877929688,49.41999816894531,49.40499877929688,49.40499877929688,12541
2025-09-26 19:10:00+00:00,49.36090087890625,49.400001525878906,49.36090087890625,49.400001525878906,12260
2025-09-26 19:11:00+00:00,49.400001525878906,49.400001525878906,49.369998931884766,49.369998931884766,11399
2025-09-26 19:12:00+00:00,49.40499877929688,49.40999984741211,49.38999938964844,49.39500045776367,9054
2025-09-26 19:13:00+00:00,49.39500045776367,49.40499877929688,49.38999938964844,49.40499877929688,14134
2025-09-26 19:14:00+00:00,49.380001068115234,49.39500045776367,49.380001068115234,49.39500045776367,7289
2025-09-26 19:15:00+00:00,49.35499954223633,49.3849983215332,49.34999847412109,49.3849983215332,11893
2025-09-26 19:16:00+00:00,49.375,49.380001068115234,49.354400634765625,49.359901428222656,8676
2025-09-26 19:17:00+00:00,49.400001525878906,49.41999816894531,49.369998931884766,49.369998931884766,61526
2025-09-26 19:18:00+00:00,49.41999816894531,49.42499923706055,49.40499877929688,49.40999984741211,7440
2025-09-26 19:19:00+00:00,49.42499923706055,49.435001373291016,49.415000915527344,49.415000915527344,11718
2025-09-26 19:20:00+00:00,49.43999862670898,49.43999862670898,49.42499923706055,49.42499923706055,8447
2025-09-26 19:21:00+00:00,49.45500183105469,49.45500183105469,49.44499969482422,49.44499969482422,5470
2025-09-26 19:22:00+00:00,49.45000076293945,49.45500183105469,49.43999862670898,49.45000076293945,9970
2025-09-26 19:23:00+00:00,49.45280075073242,49.45500183105469,49.44499969482422,49.45000076293945,8116
2025-09-26 19:24:00+00:00,49.44499969482422,49.45500183105469,49.43999862670898,49.454498291015625,9281
2025-09-26 19:25:00+00:00,49.435001373291016,49.44499969482422,49.43000030517578,49.44499969482422,17319
2025-09-26 19:26:00+00:00,49.41999816894531,49.435001373291016,49.415000915527344,49.435001373291016,6891
2025-09-26 19:27:00+00:00,49.41469955444336,49.41999816894531,49.40999984741211,49.415000915527344,5034
2025-09-26 19:28:00+00:00,49.435001373291016,49.435001373291016,49.415000915527344,49.41999816894531,12940
2025-09-26 19:29:00+00:00,49.42359924316406,49.435001373291016,49.42359924316406,49.43000030517578,12344
2025-09-26 19:30:00+00:00,49.43000030517578,49.435001373291016,49.42010116577149,49.43000030517578,32273
2025-09-26 19:31:00+00:00,49.415000915527344,49.43000030517578,49.415000915527344,49.42499923706055,12562
2025-09-26 19:32:00+00:00,49.415000915527344,49.41999816894531,49.40499877929688,49.417999267578125,21803
2025-09-26 19:33:00+00:00,49.40499877929688,49.419898986816406,49.40499877929688,49.419898986816406,21887
2025-09-26 19:34:00+00:00,49.40999984741211,49.42499923706055,49.40999984741211,49.40999984741211,17203
2025-09-26 19:35:00+00:00,49.415000915527344,49.43000030517578,49.415000915527344,49.415000915527344,16020
2025-09-26 19:36:00+00:00,49.40499877929688,49.41999816894531,49.400001525878906,49.415000915527344,23912
2025-09-26 19:37:00+00:00,49.415000915527344,49.415000915527344,49.400001525878906,49.400001525878906,14953
2025-09-26 19:38:00+00:00,49.415000915527344,49.41999816894531,49.40499877929688,49.415000915527344,16298
2025-09-26 19:39:00+00:00,49.45500183105469,49.45500183105469,49.41999816894531,49.41999816894531,24467
2025-09-26 19:40:00+00:00,49.435001373291016,49.45500183105469,49.435001373291016,49.45500183105469,16652
2025-09-26 19:41:00+00:00,49.42499923706055,49.435001373291016,49.40999984741211,49.435001373291016,23876
2025-09-26 19:42:00+00:00,49.43999862670898,49.44499969482422,49.42499923706055,49.42499923706055,13090
2025-09-26 19:43:00+00:00,49.4370002746582,49.45000076293945,49.43000030517578,49.45000076293945,21285
2025-09-26 19:44:00+00:00,49.415000915527344,49.43999862670898,49.40499877929688,49.43999862670898,20639
2025-09-26 19:45:00+00:00,49.43000030517578,49.43999862670898,49.415000915527344,49.415000915527344,24098
2025-09-26 19:46:00+00:00,49.435001373291016,49.43999862670898,49.42499923706055,49.435001373291016,14468
2025-09-26 19:47:00+00:00,49.435001373291016,49.44797897338867,49.43000030517578,49.43999862670898,17026
2025-09-26 19:48:00+00:00,49.44499969482422,49.44499969482422,49.435001373291016,49.43999862670898,17654
2025-09-26 19:49:00+00:00,49.44499969482422,49.44499969482422,49.435001373291016,49.44499969482422,44038
2025-09-26 19:50:00+00:00,49.42499923706055,49.45000076293945,49.41999816894531,49.43999862670898,102264
2025-09-26 19:51:00+00:00,49.40999984741211,49.43999862670898,49.40999984741211,49.43000030517578,30012
2025-09-26 19:52:00+00:00,49.3849983215332,49.41999816894531,49.380001068115234,49.415000915527344,31409
2025-09-26 19:53:00+00:00,49.41999816894531,49.41999816894531,49.380001068115234,49.38999938964844,57850
2025-09-26 19:54:00+00:00,49.47999954223633,49.47999954223633,49.40999984741211,49.41510009765625,69990
2025-09-26 19:55:00+00:00,49.40499877929688,49.48500061035156,49.38999938964844,49.47999954223633,96881
2025-09-26 19:56:00+00:00,49.34999847412109,49.415000915527344,49.34999847412109,49.40999984741211,165930
2025-09-26 19:57:00+00:00,49.40999984741211,49.43000030517578,49.35499954223633,49.35499954223633,120646
2025-09-26 19:58:00+00:00,49.415000915527344,49.415000915527344,49.369998931884766,49.40999984741211,163668
2025-09-26 19:59:00+00:00,49.435001373291016,49.43999862670898,49.400001525878906,49.40999984741211,220864
2025-09-29 13:30:00+00:00,49.40999984741211,49.43999862670898,49.334999084472656,49.41999816894531,150668
2025-09-29 13:31:00+00:00,49.42499923706055,49.470001220703125,49.40999984741211,49.43999862670898,53854
2025-09-29 13:32:00+00:00,49.470001220703125,49.51279830932617,49.40999984741211,49.42499923706055,46750
2025-09-29 13:33:00+00:00,49.34000015258789,49.5,49.34000015258789,49.47499847412109,24221
2025-09-29 13:34:00+00:00,49.18999862670898,49.3301010131836,49.18999862670898,49.3301010131836,31269
2025-09-29 13:35:00+00:00,49.13999938964844,49.20100021362305,49.119998931884766,49.18999862670898,19681
2025-09-29 13:36:00+00:00,49.13999938964844,49.18999862670898,49.119998931884766,49.150001525878906,31825
2025-09-29 13:37:00+00:00,49.11000061035156,49.19499969482422,49.11000061035156,49.15999984741211,20208
2025-09-29 13:38:00+00:00,49.11000061035156,49.15499877929688,49.084999084472656,49.10210037231445,49007
2025-09-29 13:39:00+00:00,49.040000915527344,49.1150016784668,49.02999877929688,49.1150016784668,18073
2025-09-29 13:40:00+00:00,49.00510025024414,49.04999923706055,48.959999084472656,49.040000915527344,52468
2025-09-29 13:41:00+00:00,48.9900016784668,49.040000915527344,48.9900016784668,49.0099983215332,32540
2025-09-29 13:42:00+00:00,49.005001068115234,49.0099983215332,48.96500015258789,48.97499847412109,40544
2025-09-29 13:43:00+00:00,48.959999084472656,49.02000045776367,48.959999084472656,49.0,15321
2025-09-29 13:44:00+00:00,49.005001068115234,49.0099983215332,48.93999862670898,48.959999084472656,22658
2025-09-29 13:45:00+00:00,49.005001068115234,49.02000045776367,48.959999084472656,49.0,39679
2025-09-29 13:46:00+00:00,48.959999084472656,49.0099983215332,48.94499969482422,49.005001068115234,19842
2025-09-29 13:47:00+00:00,48.959999084472656,48.97499847412109,48.959999084472656,48.970001220703125,9306
2025-09-29 13:48:00+00:00,48.880001068115234,48.92499923706055,48.880001068115234,48.90999984741211,42486
2025-09-29 13:49:00+00:00,48.85499954223633,48.875,48.84000015258789,48.869998931884766,21727
2025-09-29 13:50:00+00:00,48.77999877929688,48.85499954223633,48.76499938964844,48.85499954223633,185868
2025-09-29 13:51:00+00:00,48.86000061035156,48.86000061035156,48.790000915527344,48.790000915527344,16820
2025-09-29 13:52:00+00:00,48.810001373291016,48.84999847412109,48.79499816894531,48.84999847412109,15767
2025-09-29 13:53:00+00:00,48.79999923706055,48.81499862670898,48.78499984741211,48.810001373291016,21476
2025-09-29 13:54:00+00:00,48.89500045776367,48.900001525878906,48.810001373291016,48.810001373291016,21280
2025-09-29 13:55:00+00:00,48.90499877929688,48.915000915527344,48.869998931884766,48.89500045776367,17745
2025-09-29 13:56:00+00:00,48.91999816894531,48.91999816894531,48.8849983215332,48.900001525878906,8732
2025-09-29 13:57:00+00:00,48.95000076293945,48.95000076293945,48.91999816894531,48.92499923706055,28923
2025-09-29 13:58:00+00:00,48.91999816894531,48.93999862670898,48.915000915527344,48.93999862670898,9704
2025-09-29 13:59:00+00:00,48.8849983215332,48.93000030517578,48.8849983215332,48.915000915527344,10159
2025-09-29 14:00:00+00:00,48.92499923706055,48.93000030517578,48.84000015258789,48.88999938964844,65849
2025-09-29 14:01:00+00:00,48.96849822998047,48.9900016784668,48.93000030517578,48.93000030517578,19081
2025-09-29 14:02:00+00:00,48.91999816894531,48.96500015258789,48.90999984741211,48.96500015258789,16049
2025-09-29 14:03:00+00:00,48.86000061035156,48.93000030517578,48.85499954223633,48.91999816894531,26357
2025-09-29 14:04:00+00:00,48.80379867553711,48.8650016784668,48.80379867553711,48.8650016784668,25017
2025-09-29 14:05:00+00:00,48.73500061035156,48.80899810791016,48.72499847412109,48.80500030517578,49999
2025-09-29 14:06:00+00:00,48.755001068115234,48.7599983215332,48.704200744628906,48.72999954223633,35883
2025-09-29 14:07:00+00:00,48.84000015258789,48.84000015258789,48.75,48.755001068115234,20721
2025-09-29 14:08:00+00:00,48.869998931884766,48.915000915527344,48.845001220703125,48.845001220703125,29134
2025-09-29 14:09:00+00:00,48.8849983215332,48.900001525878906,48.8650016784668,48.8650016784668,23052
2025-09-29 14:10:00+00:00,48.86069869995117,48.900001525878906,48.845001220703125,48.88999938964844,14281
2025-09-29 14:11:00+00:00,48.875,48.875,48.83000183105469,48.8650016784668,13163
2025-09-29 14:12:00+00:00,48.82500076293945,48.869998931884766,48.82500076293945,48.869998931884766,17605
2025-09-29 14:13:00+00:00,48.834999084472656,48.834999084472656,48.81499862670898,48.82400131225586,8909
2025-09-29 14:14:00+00:00,48.81999969482422,48.84999847412109,48.81499862670898,48.83000183105469,9157
2025-09-29 14:15:00+00:00,48.834999084472656,48.86000061035156,48.81999969482422,48.81999969482422,6829
2025-09-29 14:16:00+00:00,48.79999923706055,48.834999084472656,48.790000915527344,48.83000183105469,22540
2025-09-29 14:17:00+00:00,48.77999877929688,48.79999923706055,48.77999877929688,48.790000915527344,15053
2025-09-29 14:18:00+00:00,48.80500030517578,48.81990051269531,48.79010009765625,48.79499816894531,24485
2025-09-29 14:19:00+00:00,48.79999923706055,48.81499862670898,48.79999923706055,48.80500030517578,17068
2025-09-29 14:20:00+00:00,48.80500030517578,48.81499862670898,48.79999923706055,48.80500030517578,7944
2025-09-29 14:21:00+00:00,48.80799865722656,48.810001373291016,48.78499984741211,48.80179977416992,6973
2025-09-29 14:22:00+00:00,48.84000015258789,48.84000015258789,48.80500030517578,48.810001373291016,10338
2025-09-29 14:23:00+00:00,48.81499862670898,48.845001220703125,48.810001373291016,48.84000015258789,11855
2025-09-29 14:24:00+00:00,48.79999923706055,48.810001373291016,48.78129959106445,48.810001373291016,11457
2025-09-29 14:25:00+00:00,48.775001525878906,48.790000915527344,48.76499938964844,48.790000915527344,12353
2025-09-29 14:26:00+00:00,48.77000045776367,48.78499984741211,48.76499938964844,48.77000045776367,7687
2025-09-29 14:27:00+00:00,48.77180099487305,48.790000915527344,48.77180099487305,48.77999877929688,12168
2025-09-29 14:28:00+00:00,48.76499938964844,48.78499984741211,48.76499938964844,48.77000045776367,14076
2025-09-29 14:29:00+00:00,48.72499847412109,48.775001525878906,48.72499847412109,48.77000045776367,30380
2025-09-29 14:30:00+00:00,48.72499847412109,48.72499847412109,48.70500183105469,48.71500015258789,13547
2025-09-29 14:31:00+00:00,48.775001525878906,48.775001525878906,48.72999954223633,48.72999954223633,42818
2025-09-29 14:32:00+00:00,48.76530075073242,48.78499984741211,48.7599983215332,48.778099060058594,5209
2025-09-29 14:33:00+00:00,48.775001525878906,48.78499984741211,48.7599983215332,48.77000045776367,8564
2025-09-29 14:34:00+00:00,48.775001525878906,48.79999923706055,48.775001525878906,48.77999877929688,15531
2025-09-29 14:35:00+00:00,48.7599983215332,48.78499984741211,48.7599983215332,48.77009963989258,11818
2025-09-29 14:36:00+00:00,48.76499938964844,48.775001525878906,48.744998931884766,48.7599983215332,27581
2025-09-29 14:37:00+00:00,48.73500061035156,48.77000045776367,48.720001220703125,48.7681999206543,67399
2025-09-29 14:38:00+00:00,48.755001068115234,48.755001068115234,48.70500183105469,48.73500061035156,12959
2025-09-29 14:39:00+00:00,48.7599983215332,48.775001525878906,48.75,48.7599983215332,22154
2025-09-29 14:40:00+00:00,48.77999877929688,48.78499984741211,48.76950073242188,48.76950073242188,7074
2025-09-29 14:41:00+00:00,48.79999923706055,48.81499862670898,48.78499984741211,48.78499984741211,10773
2025-09-29 14:42:00+00:00,48.79499816894531,48.79499816894531,48.775001525878906,48.790000915527344,8736
2025-09-29 14:43:00+00:00,48.84000015258789,48.845001220703125,48.80500030517578,48.80500030517578,10458
2025-09-29 14:44:00+00:00,48.85499954223633,48.8650016784668,48.845001220703125,48.84700012207031,31222
2025-09-29 14:45:00+00:00,48.85350036621094,48.875,48.834999084472656,48.84999847412109,17115
2025-09-29 14:46:00+00:00,48.84999847412109,48.8650016784668,48.845001220703125,48.86000061035156,30074
2025-09-29 14:47:00+00:00,48.82500076293945,48.86000061035156,48.82500076293945,48.85499954223633,4582
2025-09-29 14:48:00+00:00,48.81499862670898,48.834999084472656,48.81029891967773,48.82500076293945,15249
2025-09-29 14:49:00+00:00,48.76499938964844,48.81760025024414,48.7599983215332,48.81760025024414,14695
2025-09-29 14:50:00+00:00,48.7599983215332,48.76499938964844,48.744998931884766,48.755001068115234,19090
2025-09-29 14:51:00+00:00,48.709999084472656,48.755001068115234,48.709999084472656,48.75,5716
2025-09-29 14:52:00+00:00,48.67499923706055,48.70500183105469,48.65999984741211,48.70000076293945,20808
2025-09-29 14:53:00+00:00,48.625,48.68579864501953,48.625,48.67499923706055,22874
2025-09-29 14:54:00+00:00,48.60630035400391,48.619998931884766,48.584999084472656,48.619998931884766,14969
2025-09-29 14:55:00+00:00,48.6150016784668,48.630001068115234,48.59469985961914,48.619998931884766,29647
2025-09-29 14:56:00+00:00,48.61000061035156,48.63999938964844,48.59999847412109,48.6150016784668,54099
2025-09-29 14:57:00+00:00,48.59999847412109,48.63999938964844,48.59339904785156,48.619998931884766,44481
2025-09-29 14:58:00+00:00,48.54999923706055,48.619998931884766,48.525001525878906,48.61000061035156,53907
2025-09-29 14:59:00+00:00,48.56499862670898,48.58000183105469,48.53499984741211,48.54499816894531,11284
2025-09-29 15:00:00+00:00,48.56999969482422,48.584999084472656,48.540000915527344,48.560001373291016,19259
2025-09-29 15:01:00+00:00,48.52999877929688,48.58000183105469,48.52999877929688,48.56999969482422,29339
2025-09-29 15:02:00+00:00,48.525001525878906,48.52999877929688,48.51499938964844,48.52000045776367,16416
2025-09-29 15:03:00+00:00,48.54999923706055,48.54999923706055,48.52999877929688,48.52999877929688,20971
2025-09-29 15:04:00+00:00,48.540000915527344,48.560001373291016,48.53499984741211,48.54999923706055,29714
2025-09-29 15:05:00+00:00,48.560001373291016,48.57500076293945,48.54499816894531,48.54499816894531,31810
2025-09-29 15:06:00+00:00,48.54999923706055,48.56499862670898,48.54010009765625,48.55500030517578,16611
2025-09-29 15:07:00+00:00,48.625,48.625,48.54499816894531,48.560001373291016,37476
2025-09-29 15:08:00+00:00,48.619998931884766,48.630001068115234,48.59000015258789,48.62990188598633,33212
2025-09-29 15:09:00+00:00,48.6349983215332,48.63999938964844,48.61000061035156,48.6150016784668,18918
2025-09-29 15:10:00+00:00,48.60499954223633,48.63999938964844,48.595001220703125,48.63109970092773,18893
2025-09-29 15:11:00+00:00,48.59000015258789,48.60499954223633,48.584999084472656,48.59999847412109,13854
2025-09-29 15:12:00+00:00,48.650001525878906,48.650001525878906,48.59000015258789,48.5900993347168,10752
2025-09-29 15:13:00+00:00,48.685001373291016,48.685001373291016,48.63999938964844,48.65499877929688,10169
2025-09-29 15:14:00+00:00,48.70500183105469,48.70500183105469,48.66999816894531,48.685001373291016,15191
2025-09-29 15:15:00+00:00,48.68999862670898,48.709999084472656,48.66999816894531,48.709999084472656,14274
2025-09-29 15:16:00+00:00,48.67499923706055,48.69499969482422,48.665000915527344,48.685001373291016,6216
2025-09-29 15:17:00+00:00,48.65999984741211,48.68000030517578,48.64500045776367,48.67499923706055,14193
2025-09-29 15:18:00+00:00,48.68999862670898,48.68999862670898,48.665000915527344,48.665000915527344,10953
2025-09-29 15:19:00+00:00,48.685001373291016,48.68999862670898,48.66999816894531,48.68000030517578,14543
2025-09-29 15:20:00+00:00,48.64500045776367,48.68000030517578,48.64500045776367,48.68000030517578,7978
2025-09-29 15:21:00+00:00,48.650001525878906,48.67499923706055,48.64500045776367,48.64500045776367,12857
2025-09-29 15:22:00+00:00,48.66999816894531,48.68999862670898,48.650001525878906,48.650001525878906,13370
2025-09-29 15:23:00+00:00,48.68999862670898,48.69499969482422,48.65999984741211,48.665000915527344,12315
2025-09-29 15:24:00+00:00,48.67499923706055,48.68999862670898,48.67499923706055,48.68949890136719,5559
2025-09-29 15:25:00+00:00,48.70500183105469,48.70500183105469,48.68000030517578,48.68000030517578,19437
2025-09-29 15:26:00+00:00,48.720001220703125,48.720001220703125,48.69499969482422,48.70500183105469,10359
2025-09-29 15:27:00+00:00,48.709999084472656,48.71500015258789,48.70500183105469,48.71500015258789,10333
2025-09-29 15:28:00+00:00,48.68999862670898,48.72499847412109,48.68999862670898,48.71500015258789,8980
2025-09-29 15:29:00+00:00,48.69499969482422,48.70000076293945,48.68999862670898,48.69499969482422,5106
2025-09-29 15:30:00+00:00,48.66379928588867,48.69889831542969,48.66379928588867,48.69499969482422,6599
2025-09-29 15:31:00+00:00,48.625,48.68000030517578,48.625,48.663700103759766,6798
2025-09-29 15:32:00+00:00,48.63999938964844,48.650001525878906,48.625,48.625,9564
2025-09-29 15:33:00+00:00,48.650001525878906,48.650001525878906,48.61000061035156,48.630001068115234,6539
2025-09-29 15:34:00+00:00,48.6349983215332,48.65499877929688,48.6349983215332,48.64500045776367,9531
2025-09-29 15:35:00+00:00,48.6349983215332,48.63999938964844,48.62120056152344,48.630001068115234,17809
2025-09-29 15:36:00+00:00,48.619998931884766,48.63180160522461,48.60499954223633,48.62979888916016,5881
2025-09-29 15:37:00+00:00,48.6150016784668,48.6150016784668,48.595001220703125,48.6150016784668,5556
2025-09-29 15:38:00+00:00,48.64500045776367,48.64500045776367,48.61819839477539,48.61819839477539,6839
2025-09-29 15:39:00+00:00,48.6349983215332,48.64509963989258,48.62850189208984,48.64509963989258,6518
2025-09-29 15:40:00+00:00,48.625,48.650001525878906,48.625,48.6349983215332,7478
2025-09-29 15:41:00+00:00,48.619998931884766,48.619998931884766,48.59999847412109,48.619998931884766,6627
2025-09-29 15:42:00+00:00,48.62080001831055,48.630001068115234,48.619998931884766,48.62979888916016,8936
2025-09-29 15:43:00+00:00,48.64500045776367,48.64500045776367,48.630001068115234,48.630001068115234,6325
2025-09-29 15:44:00+00:00,48.6411018371582,48.65499877929688,48.6411018371582,48.64500045776367,7539
2025-09-29 15:45:00+00:00,48.6349983215332,48.65499877929688,48.6349983215332,48.650001525878906,8819
2025-09-29 15:46:00+00:00,48.6150016784668,48.6349983215332,48.59999847412109,48.6349983215332,9588
2025-09-29 15:47:00+00:00,48.625,48.6349983215332,48.6150016784668,48.6150016784668,10265
2025-09-29 15:48:00+00:00,48.630001068115234,48.63999938964844,48.625,48.630001068115234,6969
2025-09-29 15:49:00+00:00,48.625,48.6349983215332,48.61000061035156,48.62009811401367,8830
2025-09-29 15:50:00+00:00,48.61000061035156,48.630001068115234,48.61000061035156,48.619998931884766,9777
2025-09-29 15:51:00+00:00,48.62310028076172,48.625,48.59999847412109,48.61000061035156,10653
2025-09-29 15:52:00+00:00,48.62149810791016,48.62149810791016,48.595001220703125,48.619998931884766,6419
2025-09-29 15:53:00+00:00,48.59999847412109,48.625,48.59999847412109,48.619998931884766,7585
2025-09-29 15:54:00+00:00,48.63180160522461,48.63999938964844,48.59999847412109,48.59999847412109,4293
2025-09-29 15:55:00+00:00,48.62379837036133,48.630001068115234,48.62379837036133,48.630001068115234,4439
2025-09-29 15:56:00+00:00,48.630001068115234,48.63999938964844,48.60499954223633,48.625,11112
2025-09-29 15:57:00+00:00,48.63999938964844,48.665000915527344,48.625,48.625,34703
2025-09-29 15:58:00+00:00,48.595001220703125,48.64500045776367,48.595001220703125,48.63999938964844,13490
2025-09-29 15:59:00+00:00,48.619998931884766,48.619998931884766,48.595001220703125,48.595001220703125,7788
2025-09-29 16:00:00+00:00,48.630001068115234,48.64500045776367,48.625,48.625,6672
2025-09-29 16:01:00+00:00,48.61000061035156,48.630001068115234,48.584999084472656,48.630001068115234,8233
2025-09-29 16:02:00+00:00,48.619998931884766,48.6349983215332,48.61009979248047,48.61009979248047,4984
2025-09-29 16:03:00+00:00,48.625,48.625,48.6150016784668,48.625,7307
2025-09-29 16:04:00+00:00,48.61000061035156,48.6349983215332,48.60499954223633,48.630001068115234,4884
2025-09-29 16:05:00+00:00,48.59820175170898,48.61000061035156,48.59000015258789,48.61000061035156,10940
2025-09-29 16:06:00+00:00,48.59999847412109,48.60499954223633,48.595001220703125,48.60179901123047,3144
2025-09-29 16:07:00+00:00,48.584999084472656,48.59999847412109,48.58380126953125,48.59999847412109,6403
2025-09-29 16:08:00+00:00,48.56499862670898,48.58000183105469,48.560001373291016,48.58000183105469,10527
2025-09-29 16:09:00+00:00,48.584999084472656,48.59000015258789,48.56990051269531,48.56990051269531,19456
2025-09-29 16:10:00+00:00,48.60499954223633,48.60499954223633,48.584999084472656,48.59000015258789,10377
2025-09-29 16:11:00+00:00,48.64500045776367,48.64500045776367,48.60499954223633,48.61000061035156,6365
2025-09-29 16:12:00+00:00,48.66609954833984,48.66999816894531,48.64550018310547,48.650001525878906,7342
2025-09-29 16:13:00+00:00,48.67499923706055,48.67499923706055,48.665000915527344,48.665000915527344,8451
2025-09-29 16:14:00+00:00,48.665000915527344,48.685001373291016,48.665000915527344,48.67499923706055,10134
2025-09-29 16:15:00+00:00,48.685001373291016,48.685001373291016,48.6682014465332,48.6682014465332,4514
2025-09-29 16:16:00+00:00,48.665000915527344,48.68180084228516,48.65999984741211,48.68180084228516,6400
2025-09-29 16:17:00+00:00,48.65499877929688,48.67499923706055,48.65499877929688,48.65999984741211,11653
2025-09-29 16:18:00+00:00,48.651798248291016,48.65999984741211,48.64500045776367,48.65999984741211,8531
2025-09-29 16:19:00+00:00,48.67229843139648,48.67229843139648,48.65499877929688,48.65499877929688,4311
2025-09-29 16:20:00+00:00,48.68180084228516,48.68180084228516,48.66999816894531,48.66999816894531,3723
2025-09-29 16:21:00+00:00,48.685001373291016,48.69499969482422,48.685001373291016,48.685001373291016,7711
2025-09-29 16:22:00+00:00,48.685001373291016,48.685001373291016,48.665000915527344,48.68109893798828,8546
2025-09-29 16:23:00+00:00,48.709999084472656,48.709999084472656,48.68000030517578,48.68999862670898,9237
2025-09-29 16:24:00+00:00,48.70000076293945,48.70500183105469,48.69010162353516,48.70000076293945,3968
2025-09-29 16:25:00+00:00,48.69499969482422,48.70500183105469,48.69499969482422,48.70500183105469,4395
2025-09-29 16:26:00+00:00,48.69350051879883,48.709999084472656,48.69189834594727,48.69189834594727,3340
2025-09-29 16:27:00+00:00,48.67499923706055,48.69499969482422,48.67499923706055,48.69499969482422,11329
2025-09-29 16:28:00+00:00,48.67499923706055,48.68000030517578,48.665000915527344,48.678199768066406,7268
2025-09-29 16:29:00+00:00,48.68999862670898,48.68999862670898,48.67990112304688,48.67990112304688,5493
2025-09-29 16:30:00+00:00,48.71500015258789,48.71500015258789,48.69179916381836,48.70000076293945,6262
2025-09-29 16:31:00+00:00,48.71500015258789,48.720001220703125,48.71179962158203,48.71500015258789,2995
2025-09-29 16:32:00+00:00,48.72499847412109,48.73500061035156,48.72420120239258,48.72499847412109,7828
2025-09-29 16:33:00+00:00,48.70500183105469,48.720001220703125,48.69499969482422,48.720001220703125,5262
2025-09-29 16:34:00+00:00,48.70180130004883,48.706298828125,48.69499969482422,48.70180130004883,4059
2025-09-29 16:35:00+00:00,48.685001373291016,48.70000076293945,48.68000030517578,48.70000076293945,97625
2025-09-29 16:36:00+00:00,48.70000076293945,48.70000076293945,48.68000030517578,48.68000030517578,10006
2025-09-29 16:37:00+00:00,48.685001373291016,48.68920135498047,48.685001373291016,48.68920135498047,1566
2025-09-29 16:38:00+00:00,48.68999862670898,48.68999862670898,48.68470001220703,48.685001373291016,1352
2025-09-29 16:39:00+00:00,48.685001373291016,48.685001373291016,48.68000030517578,48.685001373291016,99978
2025-09-29 16:40:00+00:00,48.68000030517578,48.68999862670898,48.665000915527344,48.685001373291016,13581
2025-09-29 16:41:00+00:00,48.69499969482422,48.69499969482422,48.685001373291016,48.68999862670898,1688
2025-09-29 16:42:00+00:00,48.69499969482422,48.70500183105469,48.685001373291016,48.70000076293945,4798
2025-09-29 16:43:00+00:00,48.71500015258789,48.72499847412109,48.69499969482422,48.69499969482422,6799
2025-09-29 16:44:00+00:00,48.68870162963867,48.709999084472656,48.68000030517578,48.709999084472656,5538
2025-09-29 16:45:00+00:00,48.68000030517578,48.685001373291016,48.67499923706055,48.685001373291016,3637
2025-09-29 16:46:00+00:00,48.66999816894531,48.685001373291016,48.665000915527344,48.669898986816406,8770
2025-09-29 16:47:00+00:00,48.66999816894531,48.68000030517578,48.65999984741211,48.66999816894531,14878
2025-09-29 16:48:00+00:00,48.685001373291016,48.69499969482422,48.68000030517578,48.68000030517578,5347
2025-09-29 16:49:00+00:00,48.72499847412109,48.72499847412109,48.680999755859375,48.680999755859375,9767
2025-09-29 16:50:00+00:00,48.72999954223633,48.73500061035156,48.71500015258789,48.72980117797852,6665
2025-09-29 16:51:00+00:00,48.7400016784668,48.7400016784668,48.72010040283203,48.72010040283203,5036
2025-09-29 16:52:00+00:00,48.74259948730469,48.75,48.73500061035156,48.75,6279
2025-09-29 16:53:00+00:00,48.744998931884766,48.755001068115234,48.73500061035156,48.7400016784668,6748
2025-09-29 16:54:00+00:00,48.75419998168945,48.75820159912109,48.744998931884766,48.744998931884766,2969
2025-09-29 16:55:00+00:00,48.75,48.76499938964844,48.75,48.7599983215332,9093
2025-09-29 16:56:00+00:00,48.755001068115234,48.7599983215332,48.744998931884766,48.75199890136719,8021
2025-09-29 16:57:00+00:00,48.77000045776367,48.775001525878906,48.76499938964844,48.76559829711914,4343
2025-09-29 16:58:00+00:00,48.77000045776367,48.77000045776367,48.755001068115234,48.76499938964844,7170
2025-09-29 16:59:00+00:00,48.775001525878906,48.78179931640625,48.77000045776367,48.77000045776367,4716
2025-09-29 17:00:00+00:00,48.755001068115234,48.775001525878906,48.75,48.775001525878906,7163
2025-09-29 17:01:00+00:00,48.720001220703125,48.75,48.720001220703125,48.75,4906
2025-09-29 17:02:00+00:00,48.709999084472656,48.720001220703125,48.70500183105469,48.720001220703125,8780
2025-09-29 17:03:00+00:00,48.7400016784668,48.7400016784668,48.68999862670898,48.70000076293945,11368
2025-09-29 17:04:00+00:00,48.71500015258789,48.75,48.71500015258789,48.741798400878906,6049
2025-09-29 17:05:00+00:00,48.71500015258789,48.73500061035156,48.71500015258789,48.720001220703125,9479
2025-09-29 17:06:00+00:00,48.685001373291016,48.709999084472656,48.685001373291016,48.709999084472656,7102
2025-09-29 17:07:00+00:00,48.685001373291016,48.69499969482422,48.67499923706055,48.68999862670898,11199
2025-09-29 17:08:00+00:00,48.709999084472656,48.709999084472656,48.68000030517578,48.685001373291016,9817
2025-09-29 17:09:00+00:00,48.72999954223633,48.72999954223633,48.70500183105469,48.70650100708008,4837
2025-09-29 17:10:00+00:00,48.744998931884766,48.75,48.72499847412109,48.73500061035156,7322
2025-09-29 17:11:00+00:00,48.7400016784668,48.744998931884766,48.73989868164063,48.7400016784668,4202
2025-09-29 17:12:00+00:00,48.75,48.7599983215332,48.7400016784668,48.7400016784668,4314
2025-09-29 17:13:00+00:00,48.77000045776367,48.775001525878906,48.744998931884766,48.75,6925
2025-09-29 17:14:00+00:00,48.73820114135742,48.769901275634766,48.73500061035156,48.769901275634766,5106
2025-09-29 17:15:00+00:00,48.68000030517578,48.72999954223633,48.68000030517578,48.72999954223633,16619
2025-09-29 17:16:00+00:00,48.70000076293945,48.71820068359375,48.68000030517578,48.68999862670898,11823
2025-09-29 17:17:00+00:00,48.720001220703125,48.72999954223633,48.70000076293945,48.70500183105469,6237
2025-09-29 17:18:00+00:00,48.71500015258789,48.73500061035156,48.709999084472656,48.72499847412109,0
2025-09-29 17:19:00+00:00,48.709999084472656,48.720001220703125,48.709999084472656,48.709999084472656,11269
2025-09-29 17:20:00+00:00,48.70589828491211,48.709999084472656,48.69499969482422,48.709999084472656,9725
2025-09-29 17:21:00+00:00,48.68999862670898,48.70500183105469,48.685001373291016,48.70000076293945,7534
2025-09-29 17:22:00+00:00,48.69499969482422,48.71500015258789,48.69499969482422,48.69499969482422,8937
2025-09-29 17:23:00+00:00,48.70500183105469,48.70989990234375,48.69820022583008,48.69820022583008,4069
2025-09-29 17:24:00+00:00,48.70000076293945,48.709999084472656,48.70000076293945,48.70000076293945,12563
2025-09-29 17:25:00+00:00,48.68180084228516,48.70000076293945,48.68000030517578,48.68999862670898,40806
2025-09-29 17:26:00+00:00,48.665000915527344,48.68999862670898,48.65999984741211,48.68000030517578,8171
2025-09-29 17:27:00+00:00,48.65499877929688,48.665000915527344,48.650001525878906,48.65999984741211,4515
2025-09-29 17:28:00+00:00,48.65999984741211,48.65999984741211,48.650001525878906,48.650001525878906,12298
2025-09-29 17:29:00+00:00,48.65499877929688,48.665000915527344,48.65499877929688,48.65999984741211,5690
2025-09-29 17:30:00+00:00,48.65499877929688,48.66579818725586,48.65499877929688,48.65499877929688,25734
2025-09-29 17:31:00+00:00,48.6349983215332,48.65999984741211,48.6349983215332,48.65499877929688,12796
2025-09-29 17:32:00+00:00,48.625,48.630001068115234,48.60499954223633,48.630001068115234,16618
2025-09-29 17:33:00+00:00,48.64500045776367,48.64500045776367,48.6150016784668,48.630001068115234,5494
2025-09-29 17:34:00+00:00,48.62820053100586,48.64179992675781,48.625,48.64179992675781,6834
2025-09-29 17:35:00+00:00,48.630001068115234,48.63010025024414,48.625,48.630001068115234,4734
2025-09-29 17:36:00+00:00,48.64630126953125,48.65380096435547,48.63999938964844,48.63999938964844,4721
2025-09-29 17:37:00+00:00,48.65499877929688,48.665000915527344,48.64500045776367,48.650001525878906,9504
2025-09-29 17:38:00+00:00,48.619998931884766,48.65499877929688,48.6150016784668,48.65499877929688,5649
2025-09-29 17:39:00+00:00,48.64500045776367,48.64500045776367,48.625099182128906,48.630001068115234,7783
2025-09-29 17:40:00+00:00,48.64500045776367,48.650001525878906,48.63999938964844,48.64500045776367,7456
2025-09-29 17:41:00+00:00,48.625,48.63999938964844,48.625,48.63999938964844,5109
2025-09-29 17:42:00+00:00,48.58000183105469,48.625,48.560001373291016,48.625,39450
2025-09-29 17:43:00+00:00,48.60499954223633,48.61000061035156,48.58000183105469,48.58000183105469,5620
2025-09-29 17:44:00+00:00,48.61000061035156,48.6150016784668,48.595001220703125,48.59999847412109,11812
2025-09-29 17:45:00+00:00,48.6150016784668,48.625,48.61000061035156,48.6150016784668,7336
2025-09-29 17:46:00+00:00,48.63999938964844,48.63999938964844,48.6150016784668,48.6150016784668,6488
2025-09-29 17:47:00+00:00,48.64500045776367,48.64500045776367,48.630001068115234,48.6349983215332,3937
2025-09-29 17:48:00+00:00,48.6349983215332,48.650001525878906,48.630001068115234,48.6349983215332,7570
2025-09-29 17:49:00+00:00,48.6349983215332,48.64500045776367,48.625,48.6349983215332,12887
2025-09-29 17:50:00+00:00,48.65499877929688,48.665000915527344,48.63999938964844,48.63999938964844,15072
2025-09-29 17:51:00+00:00,48.661399841308594,48.67499923706055,48.65999984741211,48.65999984741211,6685
2025-09-29 17:52:00+00:00,48.65999984741211,48.665000915527344,48.65499877929688,48.665000915527344,13793
2025-09-29 17:53:00+00:00,48.665000915527344,48.665000915527344,48.66120147705078,48.66120147705078,1260
2025-09-29 17:54:00+00:00,48.65349960327149,48.665000915527344,48.65349960327149,48.665000915527344,3417
2025-09-29 17:55:00+00:00,48.65999984741211,48.65999984741211,48.650001525878906,48.650001525878906,7375
2025-09-29 17:56:00+00:00,48.665000915527344,48.66999816894531,48.661399841308594,48.66180038452149,8211
2025-09-29 17:57:00+00:00,48.64500045776367,48.665000915527344,48.64500045776367,48.665000915527344,14097
2025-09-29 17:58:00+00:00,48.65499877929688,48.65499877929688,48.63999938964844,48.63999938964844,2985
2025-09-29 17:59:00+00:00,48.665000915527344,48.665000915527344,48.64500045776367,48.65499877929688,11495
2025-09-29 18:00:00+00:00,48.66999816894531,48.66999816894531,48.665000915527344,48.66999816894531,3769
2025-09-29 18:01:00+00:00,48.66999816894531,48.67499923706055,48.665000915527344,48.665000915527344,7334
2025-09-29 18:02:00+00:00,48.65499877929688,48.65999984741211,48.6442985534668,48.65999984741211,12384
2025-09-29 18:03:00+00:00,48.64500045776367,48.650001525878906,48.640098571777344,48.650001525878906,7760
2025-09-29 18:04:00+00:00,48.64500045776367,48.65499877929688,48.64500045776367,48.650001525878906,6169
2025-09-29 18:05:00+00:00,48.64179992675781,48.65499877929688,48.64179992675781,48.650001525878906,4704
2025-09-29 18:06:00+00:00,48.64500045776367,48.64500045776367,48.64500045776367,48.64500045776367,2636
2025-09-29 18:07:00+00:00,48.64500045776367,48.64500045776367,48.63999938964844,48.64500045776367,2850
2025-09-29 18:08:00+00:00,48.64500045776367,48.65999984741211,48.64500045776367,48.650001525878906,9689
2025-09-29 18:09:00+00:00,48.625,48.63999938964844,48.625,48.63999938964844,3075
2025-09-29 18:10:00+00:00,48.619998931884766,48.630001068115234,48.6150016784668,48.625,6483
2025-09-29 18:11:00+00:00,48.64500045776367,48.64500045776367,48.6150016784668,48.6150016784668,17408
2025-09-29 18:12:00+00:00,48.65499877929688,48.665000915527344,48.64500045776367,48.64500045776367,13904
2025-09-29 18:13:00+00:00,48.64500045776367,48.650001525878906,48.63999938964844,48.650001525878906,5860
2025-09-29 18:14:00+00:00,48.630001068115234,48.64500045776367,48.630001068115234,48.64500045776367,5325
2025-09-29 18:15:00+00:00,48.625,48.630001068115234,48.625,48.625,13912
2025-09-29 18:16:00+00:00,48.6349983215332,48.63999938964844,48.630001068115234,48.630001068115234,10558
2025-09-29 18:17:00+00:00,48.65499877929688,48.6599006652832,48.63999938964844,48.63999938964844,5706
2025-09-29 18:18:00+00:00,48.665000915527344,48.67499923706055,48.6515007019043,48.65499877929688,23265
2025-09-29 18:19:00+00:00,48.66999816894531,48.67499923706055,48.65999984741211,48.665000915527344,8773
2025-09-29 18:20:00+00:00,48.66999816894531,48.67490005493164,48.66999816894531,48.66999816894531,7270
2025-09-29 18:21:00+00:00,48.65999984741211,48.66999816894531,48.65999984741211,48.66999816894531,7880
2025-09-29 18:22:00+00:00,48.66999816894531,48.67499923706055,48.665000915527344,48.665000915527344,15604
2025-09-29 18:23:00+00:00,48.70500183105469,48.70500183105469,48.66999816894531,48.66999816894531,9849
2025-09-29 18:24:00+00:00,48.709999084472656,48.709999084472656,48.69499969482422,48.70500183105469,5718
2025-09-29 18:25:00+00:00,48.720001220703125,48.72499847412109,48.70009994506836,48.70500183105469,8974
2025-09-29 18:26:00+00:00,48.72499847412109,48.72499847412109,48.70000076293945,48.72499847412109,79087
2025-09-29 18:27:00+00:00,48.755001068115234,48.755001068115234,48.720001220703125,48.720001220703125,24364
2025-09-29 18:28:00+00:00,48.7599983215332,48.76499938964844,48.755001068115234,48.7599983215332,3428
2025-09-29 18:29:00+00:00,48.775001525878906,48.775001525878906,48.75,48.76499938964844,12275
2025-09-29 18:30:00+00:00,48.775001525878906,48.775001525878906,48.77000045776367,48.77000045776367,12700
2025-09-29 18:31:00+00:00,48.76499938964844,48.7765007019043,48.7599983215332,48.775001525878906,7585
2025-09-29 18:32:00+00:00,48.794700622558594,48.79499816894531,48.77000045776367,48.77000045776367,13675
2025-09-29 18:33:00+00:00,48.80500030517578,48.80500030517578,48.79010009765625,48.79999923706055,6558
2025-09-29 18:34:00+00:00,48.810001373291016,48.81499862670898,48.79999923706055,48.79999923706055,10004
2025-09-29 18:35:00+00:00,48.80120086669922,48.81499862670898,48.79499816894531,48.80500030517578,30704
2025-09-29 18:36:00+00:00,48.81499862670898,48.82500076293945,48.80500030517578,48.80500030517578,22928
2025-09-29 18:37:00+00:00,48.79499816894531,48.81499862670898,48.790000915527344,48.810001373291016,6068
2025-09-29 18:38:00+00:00,48.7599983215332,48.79990005493164,48.7599983215332,48.79990005493164,7524
2025-09-29 18:39:00+00:00,48.76499938964844,48.77999877929688,48.76499938964844,48.77000045776367,8639
2025-09-29 18:40:00+00:00,48.76499938964844,48.775001525878906,48.76499938964844,48.76499938964844,9056
2025-09-29 18:41:00+00:00,48.77999877929688,48.78499984741211,48.77000045776367,48.77000045776367,8567
2025-09-29 18:42:00+00:00,48.77000045776367,48.79880142211914,48.77000045776367,48.78900146484375,12010
2025-09-29 18:43:00+00:00,48.755001068115234,48.775001525878906,48.755001068115234,48.775001525878906,5444
2025-09-29 18:44:00+00:00,48.7599983215332,48.76499938964844,48.75,48.75,21711
2025-09-29 18:45:00+00:00,48.77999877929688,48.77999877929688,48.755001068115234,48.7599983215332,12817
2025-09-29 18:46:00+00:00,48.775001525878906,48.775001525878906,48.77000045776367,48.775001525878906,15203
2025-09-29 18:47:00+00:00,48.7682991027832,48.77989959716797,48.76499938964844,48.77989959716797,3191
2025-09-29 18:48:00+00:00,48.775001525878906,48.77619934082031,48.76499938964844,48.76969909667969,11180
2025-09-29 18:49:00+00:00,48.77000045776367,48.790000915527344,48.77000045776367,48.775001525878906,30505
2025-09-29 18:50:00+00:00,48.76499938964844,48.77000045776367,48.755001068115234,48.77000045776367,15067
2025-09-29 18:51:00+00:00,48.755001068115234,48.77000045776367,48.755001068115234,48.77000045776367,7641
2025-09-29 18:52:00+00:00,48.77000045776367,48.77719879150391,48.7588996887207,48.7599983215332,10361
2025-09-29 18:53:00+00:00,48.77000045776367,48.77000045776367,48.755001068115234,48.76499938964844,8847
2025-09-29 18:54:00+00:00,48.75,48.76499938964844,48.744998931884766,48.76470184326172,17890
2025-09-29 18:55:00+00:00,48.744998931884766,48.75,48.7400016784668,48.75,7211
2025-09-29 18:56:00+00:00,48.7400016784668,48.744998931884766,48.7400016784668,48.744998931884766,4410
2025-09-29 18:57:00+00:00,48.75,48.755001068115234,48.73500061035156,48.7400016784668,28062
2025-09-29 18:58:00+00:00,48.7400016784668,48.744998931884766,48.73500061035156,48.744998931884766,11595
2025-09-29 18:59:00+00:00,48.755001068115234,48.755001068115234,48.72499847412109,48.74150085449219,31641
2025-09-29 19:00:00+00:00,48.75,48.7599983215332,48.75,48.7599983215332,9746
2025-09-29 19:01:00+00:00,48.77000045776367,48.77000045776367,48.75,48.75,19088
2025-09-29 19:02:00+00:00,48.78499984741211,48.79499816894531,48.76110076904297,48.76499938964844,19454
2025-09-29 19:03:00+00:00,48.79499816894531,48.79999923706055,48.77999877929688,48.78499984741211,10274
2025-09-29 19:04:00+00:00,48.79499816894531,48.80500030517578,48.790000915527344,48.79499816894531,21356
2025-09-29 19:05:00+00:00,48.78499984741211,48.79499816894531,48.77999877929688,48.79499816894531,12837
2025-09-29 19:06:00+00:00,48.81499862670898,48.81999969482422,48.790000915527344,48.790000915527344,27184
2025-09-29 19:07:00+00:00,48.81499862670898,48.81499862670898,48.79999923706055,48.81499862670898,42058
2025-09-29 19:08:00+00:00,48.81999969482422,48.81999969482422,48.79999923706055,48.81499862670898,19863
2025-09-29 19:09:00+00:00,48.81999969482422,48.83000183105469,48.81499862670898,48.83000183105469,14477
2025-09-29 19:10:00+00:00,48.82500076293945,48.83000183105469,48.81499862670898,48.81600189208984,14291
2025-09-29 19:11:00+00:00,48.81499862670898,48.82500076293945,48.814701080322266,48.82500076293945,6884
2025-09-29 19:12:00+00:00,48.79499816894531,48.81499862670898,48.79499816894531,48.81499862670898,10437
2025-09-29 19:13:00+00:00,48.775001525878906,48.79999923706055,48.76499938964844,48.79499816894531,16592
2025-09-29 19:14:00+00:00,48.775001525878906,48.77999877929688,48.77000045776367,48.775001525878906,13942
2025-09-29 19:15:00+00:00,48.7400016784668,48.77980041503906,48.7400016784668,48.775001525878906,25659
2025-09-29 19:16:00+00:00,48.7599983215332,48.7599983215332,48.72499847412109,48.7400016784668,25872
2025-09-29 19:17:00+00:00,48.790000915527344,48.790000915527344,48.75,48.7599983215332,16962
2025-09-29 19:18:00+00:00,48.790000915527344,48.79499816894531,48.775001525878906,48.78499984741211,16262
2025-09-29 19:19:00+00:00,48.78499984741211,48.79499816894531,48.775001525878906,48.78499984741211,9840
2025-09-29 19:20:00+00:00,48.76499938964844,48.78499984741211,48.7599983215332,48.78499984741211,20131
2025-09-29 19:21:00+00:00,48.78499984741211,48.790000915527344,48.76499938964844,48.76499938964844,20940
2025-09-29 19:22:00+00:00,48.81499862670898,48.81999969482422,48.77999877929688,48.78499984741211,13935
2025-09-29 19:23:00+00:00,48.85499954223633,48.85499954223633,48.80500030517578,48.81499862670898,37024
2025-09-29 19:24:00+00:00,48.85499954223633,48.869998931884766,48.84999847412109,48.85499954223633,20837
2025-09-29 19:25:00+00:00,48.85979843139648,48.86000061035156,48.84999847412109,48.85020065307617,13353
2025-09-29 19:26:00+00:00,48.875,48.880001068115234,48.855098724365234,48.855098724365234,11058
2025-09-29 19:27:00+00:00,48.8849983215332,48.88809967041016,48.875,48.875,11791
2025-09-29 19:28:00+00:00,48.8849983215332,48.88999938964844,48.8739013671875,48.88999938964844,20727
2025-09-29 19:29:00+00:00,48.8849983215332,48.89500045776367,48.880001068115234,48.880001068115234,23624
2025-09-29 19:30:00+00:00,48.89500045776367,48.90499877929688,48.8849983215332,48.88529968261719,42449
2025-09-29 19:31:00+00:00,48.89500045776367,48.90499877929688,48.88150024414063,48.89500045776367,21110
2025-09-29 19:32:00+00:00,48.90999984741211,48.90999984741211,48.88999938964844,48.900001525878906,16331
2025-09-29 19:33:00+00:00,48.915000915527344,48.91999816894531,48.90999984741211,48.90999984741211,12668
2025-09-29 19:34:00+00:00,48.935001373291016,48.935001373291016,48.90999984741211,48.90999984741211,20360
2025-09-29 19:35:00+00:00,48.93000030517578,48.93999862670898,48.92499923706055,48.935001373291016,22326
2025-09-29 19:36:00+00:00,48.935001373291016,48.93999862670898,48.93000030517578,48.93000030517578,8696
2025-09-29 19:37:00+00:00,48.90999984741211,48.935001373291016,48.90999984741211,48.935001373291016,14623
2025-09-29 19:38:00+00:00,48.915000915527344,48.91999816894531,48.91249847412109,48.91460037231445,8338
2025-09-29 19:39:00+00:00,48.915000915527344,48.915000915527344,48.89469909667969,48.915000915527344,40116
2025-09-29 19:40:00+00:00,48.93999862670898,48.93999862670898,48.91999816894531,48.91999816894531,18423
2025-09-29 19:41:00+00:00,48.93999862670898,48.95500183105469,48.92499923706055,48.935001373291016,50291
2025-09-29 19:42:00+00:00,48.935001373291016,48.95000076293945,48.93000030517578,48.935001373291016,32386
2025-09-29 19:43:00+00:00,48.935001373291016,48.94499969482422,48.93000030517578,48.93999862670898,24334
2025-09-29 19:44:00+00:00,48.95500183105469,48.95500183105469,48.93000030517578,48.93999862670898,39639
2025-09-29 19:45:00+00:00,48.95500183105469,48.959999084472656,48.95000076293945,48.95500183105469,21276
2025-09-29 19:46:00+00:00,48.935001373291016,48.95000076293945,48.91999816894531,48.95000076293945,42533
2025-09-29 19:47:00+00:00,48.959999084472656,48.96500015258789,48.92499923706055,48.93000030517578,41249
2025-09-29 19:48:00+00:00,48.95500183105469,48.970001220703125,48.95000076293945,48.95500183105469,18989
2025-09-29 19:49:00+00:00,48.94499969482422,48.95500183105469,48.93999862670898,48.95500183105469,47042
2025-09-29 19:50:00+00:00,48.939701080322266,48.95000076293945,48.90499877929688,48.94499969482422,137239
2025-09-29 19:51:00+00:00,48.89810180664063,48.935001373291016,48.88999938964844,48.935001373291016,51026
2025-09-29 19:52:00+00:00,48.915000915527344,48.915000915527344,48.880001068115234,48.89500045776367,53529
2025-09-29 19:53:00+00:00,48.90499877929688,48.915000915527344,48.900001525878906,48.915000915527344,35082
2025-09-29 19:54:00+00:00,48.85499954223633,48.90499877929688,48.85499954223633,48.90499877929688,59092
2025-09-29 19:55:00+00:00,48.8849983215332,48.89500045776367,48.85499954223633,48.85499954223633,100091
2025-09-29 19:56:00+00:00,48.90499877929688,48.93999862670898,48.875,48.880001068115234,136938
2025-09-29 19:57:00+00:00,48.935001373291016,48.93999862670898,48.900001525878906,48.90999984741211,145236
2025-09-29 19:58:00+00:00,48.935001373291016,48.93999862670898,48.90999984741211,48.935001373291016,241926
2025-09-29 19:59:00+00:00,48.9900016784668,48.9900016784668,48.93000030517578,48.935001373291016,292556
2025-09-30 13:30:00+00:00,48.59999847412109,48.61949920654297,48.40999984741211,48.52000045776367,1280792
2025-09-30 13:31:00+00:00,48.64500045776367,48.71960067749024,48.61000061035156,48.61000061035156,31088
2025-09-30 13:32:00+00:00,48.56999969482422,48.63999938964844,48.540000915527344,48.63999938964844,39214
2025-09-30 13:33:00+00:00,48.56999969482422,48.58000183105469,48.54999923706055,48.560001373291016,25265
2025-09-30 13:34:00+00:00,48.540000915527344,48.56999969482422,48.52000045776367,48.56999969482422,12878
2025-09-30 13:35:00+00:00,48.45000076293945,48.54999923706055,48.45000076293945,48.53499984741211,34493
2025-09-30 13:36:00+00:00,48.40999984741211,48.45000076293945,48.36000061035156,48.447601318359375,42270
2025-09-30 13:37:00+00:00,48.540000915527344,48.58000183105469,48.40999984741211,48.40999984741211,71035
2025-09-30 13:38:00+00:00,48.619998931884766,48.630001068115234,48.52000045776367,48.52999877929688,8794
2025-09-30 13:39:00+00:00,48.61000061035156,48.619998931884766,48.58000183105469,48.619998931884766,10050
2025-09-30 13:40:00+00:00,48.619998931884766,48.65999984741211,48.60499954223633,48.61000061035156,13609
2025-09-30 13:41:00+00:00,48.619998931884766,48.625,48.58000183105469,48.625,21900
2025-09-30 13:42:00+00:00,48.584999084472656,48.619998931884766,48.58000183105469,48.619998931884766,15689
2025-09-30 13:43:00+00:00,48.619998931884766,48.619998931884766,48.584999084472656,48.584999084472656,15262
2025-09-30 13:44:00+00:00,48.57500076293945,48.61000061035156,48.560001373291016,48.61000061035156,21818
2025-09-30 13:45:00+00:00,48.58000183105469,48.61000061035156,48.525001525878906,48.56999969482422,36403
2025-09-30 13:46:00+00:00,48.564300537109375,48.59999847412109,48.564300537109375,48.58000183105469,7613
2025-09-30 13:47:00+00:00,48.494998931884766,48.560001373291016,48.4900016784668,48.560001373291016,13581
2025-09-30 13:48:00+00:00,48.41999816894531,48.494998931884766,48.40499877929688,48.494998931884766,29318
2025-09-30 13:49:00+00:00,48.400001525878906,48.43000030517578,48.369998931884766,48.41999816894531,9064
2025-09-30 13:50:00+00:00,48.45000076293945,48.45500183105469,48.3849983215332,48.38999938964844,22544
2025-09-30 13:51:00+00:00,48.43000030517578,48.47999954223633,48.43000030517578,48.45000076293945,12392
2025-09-30 13:52:00+00:00,48.415000915527344,48.435001373291016,48.400001525878906,48.43000030517578,18305
2025-09-30 13:53:00+00:00,48.3671989440918,48.400001525878906,48.34999847412109,48.400001525878906,12326
2025-09-30 13:54:00+00:00,48.380001068115234,48.38999938964844,48.35499954223633,48.380001068115234,17071
2025-09-30 13:55:00+00:00,48.380001068115234,48.380001068115234,48.334999084472656,48.375,11978
2025-09-30 13:56:00+00:00,48.40999984741211,48.415000915527344,48.3849983215332,48.3849983215332,8951
2025-09-30 13:57:00+00:00,48.40999984741211,48.40999984741211,48.36489868164063,48.400001525878906,15032
2025-09-30 13:58:00+00:00,48.38999938964844,48.42499923706055,48.3650016784668,48.41999816894531,21482
2025-09-30 13:59:00+00:00,48.400001525878906,48.400001525878906,48.35499954223633,48.369998931884766,9194
2025-09-30 14:00:00+00:00,48.39500045776367,48.41999816894531,48.38999938964844,48.39500045776367,16984
2025-09-30 14:01:00+00:00,48.34820175170898,48.42499923706055,48.345001220703125,48.39500045776367,33833
2025-09-30 14:02:00+00:00,48.30500030517578,48.345001220703125,48.29499816894531,48.345001220703125,24570
2025-09-30 14:03:00+00:00,48.275001525878906,48.310001373291016,48.25,48.30500030517578,13237
2025-09-30 14:04:00+00:00,48.27999877929688,48.28499984741211,48.25,48.27510070800781,27452
2025-09-30 14:05:00+00:00,48.255001068115234,48.29499816894531,48.25,48.27999877929688,25627
2025-09-30 14:06:00+00:00,48.275001525878906,48.275001525878906,48.20500183105469,48.25,43165
2025-09-30 14:07:00+00:00,48.27000045776367,48.29499816894531,48.2599983215332,48.28499984741211,13249
2025-09-30 14:08:00+00:00,48.25,48.27999877929688,48.2400016784668,48.26499938964844,29284
2025-09-30 14:09:00+00:00,48.18000030517578,48.25,48.18000030517578,48.25,19872
2025-09-30 14:10:00+00:00,48.07500076293945,48.19499969482422,48.06999969482422,48.18000030517578,22625
2025-09-30 14:11:00+00:00,48.060001373291016,48.084999084472656,47.97999954223633,48.08000183105469,94367
2025-09-30 14:12:00+00:00,48.04499816894531,48.084999084472656,48.03499984741211,48.07500076293945,35936
2025-09-30 14:13:00+00:00,48.084999084472656,48.09000015258789,48.04999923706055,48.04999923706055,37732
2025-09-30 14:14:00+00:00,48.07500076293945,48.095001220703125,48.06499862670898,48.08000183105469,17595
2025-09-30 14:15:00+00:00,48.09999847412109,48.1150016784668,48.06999969482422,48.07500076293945,36120
2025-09-30 14:16:00+00:00,48.04999923706055,48.09999847412109,48.04999923706055,48.09579849243164,36301
2025-09-30 14:17:00+00:00,48.06999969482422,48.09000015258789,48.04499816894531,48.04999923706055,43927
2025-09-30 14:18:00+00:00,48.07500076293945,48.08000183105469,48.04499816894531,48.06999969482422,30962
2025-09-30 14:19:00+00:00,48.04499816894531,48.07500076293945,48.03499984741211,48.07500076293945,44277
2025-09-30 14:20:00+00:00,48.02000045776367,48.07500076293945,48.02000045776367,48.04499816894531,44957
2025-09-30 14:21:00+00:00,48.04499816894531,48.05649948120117,48.025001525878906,48.025001525878906,23896
2025-09-30 14:22:00+00:00,48.06499862670898,48.06999969482422,48.02999877929688,48.04999923706055,23728
2025-09-30 14:23:00+00:00,48.06499862670898,48.08000183105469,48.04999923706055,48.06499862670898,21327
2025-09-30 14:24:00+00:00,48.04999923706055,48.084999084472656,48.040000915527344,48.06999969482422,22041
2025-09-30 14:25:00+00:00,48.08000183105469,48.095001220703125,48.040000915527344,48.04999923706055,28410
2025-09-30 14:26:00+00:00,48.084999084472656,48.084999084472656,48.061798095703125,48.08000183105469,16237
2025-09-30 14:27:00+00:00,48.05500030517578,48.084999084472656,48.04999923706055,48.08000183105469,26363
2025-09-30 14:28:00+00:00,48.025001525878906,48.06999969482422,48.025001525878906,48.060001373291016,17007
2025-09-30 14:29:00+00:00,47.9900016784668,48.03499984741211,47.97999954223633,48.02999877929688,18521
2025-09-30 14:30:00+00:00,47.96500015258789,47.98500061035156,47.95000076293945,47.98500061035156,25471
2025-09-30 14:31:00+00:00,47.93000030517578,47.98500061035156,47.92499923706055,47.959999084472656,26489
2025-09-30 14:32:00+00:00,47.8849983215332,47.92499923706055,47.810001373291016,47.92499923706055,72348
2025-09-30 14:33:00+00:00,47.78499984741211,47.915000915527344,47.77999877929688,47.88999938964844,34980
2025-09-30 14:34:00+00:00,47.77000045776367,47.785099029541016,47.72999954223633,47.77999877929688,27531
2025-09-30 14:35:00+00:00,47.77999877929688,47.79999923706055,47.75,47.77999877929688,26316
2025-09-30 14:36:00+00:00,47.73500061035156,47.80500030517578,47.720001220703125,47.790000915527344,17194
2025-09-30 14:37:00+00:00,47.7051010131836,47.744998931884766,47.70000076293945,47.72499847412109,27947
2025-09-30 14:38:00+00:00,47.709999084472656,47.709999084472656,47.67499923706055,47.70000076293945,23933
2025-09-30 14:39:00+00:00,47.72999954223633,47.73500061035156,47.70000076293945,47.70000076293945,36924
2025-09-30 14:40:00+00:00,47.73500061035156,47.73500061035156,47.69499969482422,47.71500015258789,28670
2025-09-30 14:41:00+00:00,47.76499938964844,47.76499938964844,47.73199844360352,47.7400016784668,19139
2025-09-30 14:42:00+00:00,47.73500061035156,47.775001525878906,47.72499847412109,47.77000045776367,28712
2025-09-30 14:43:00+00:00,47.775001525878906,47.775001525878906,47.720001220703125,47.7400016784668,11327
2025-09-30 14:44:00+00:00,47.76390075683594,47.77999877929688,47.73500061035156,47.77999877929688,19703
2025-09-30 14:45:00+00:00,47.845001220703125,47.86000061035156,47.77000045776367,47.77000045776367,21253
2025-09-30 14:46:00+00:00,47.8650016784668,47.880001068115234,47.84510040283203,47.84510040283203,14036
2025-09-30 14:47:00+00:00,47.88999938964844,47.89500045776367,47.869998931884766,47.869998931884766,10893
2025-09-30 14:48:00+00:00,47.8849983215332,47.915000915527344,47.880001068115234,47.8849983215332,20320
2025-09-30 14:49:00+00:00,47.84999847412109,47.88999938964844,47.84000015258789,47.8849983215332,16153
2025-09-30 14:50:00+00:00,47.81499862670898,47.8650016784668,47.81449890136719,47.8650016784668,10018
2025-09-30 14:51:00+00:00,47.78499984741211,47.810001373291016,47.76499938964844,47.80500030517578,20722
2025-09-30 14:52:00+00:00,47.78499984741211,47.81499862670898,47.77000045776367,47.790000915527344,19127
2025-09-30 14:53:00+00:00,47.720001220703125,47.790000915527344,47.720001220703125,47.790000915527344,22504
2025-09-30 14:54:00+00:00,47.69499969482422,47.71500015258789,47.65999984741211,47.71500015258789,28284
2025-09-30 14:55:00+00:00,47.744998931884766,47.75,47.68000030517578,47.69499969482422,16590
2025-09-30 14:56:00+00:00,47.68119812011719,47.755001068115234,47.66999816894531,47.755001068115234,17263
2025-09-30 14:57:00+00:00,47.72499847412109,47.72499847412109,47.68000030517578,47.68000030517578,9921
2025-09-30 14:58:00+00:00,47.70500183105469,47.73500061035156,47.66999816894531,47.720001220703125,16439
2025-09-30 14:59:00+00:00,47.77000045776367,47.775001525878906,47.70500183105469,47.70500183105469,32613
2025-09-30 15:00:00+00:00,47.71419906616211,47.7599983215332,47.71419906616211,47.7599983215332,65668
2025-09-30 15:01:00+00:00,47.720001220703125,47.75,47.7150993347168,47.720001220703125,21105
2025-09-30 15:02:00+00:00,47.72499847412109,47.74509811401367,47.70000076293945,47.72499847412109,16227
2025-09-30 15:03:00+00:00,47.73500061035156,47.7599983215332,47.72999954223633,47.72999954223633,7045
2025-09-30 15:04:00+00:00,47.7400016784668,47.744998931884766,47.70500183105469,47.72999954223633,11295
2025-09-30 15:05:00+00:00,47.72999954223633,47.75,47.720001220703125,47.7400016784668,9582
2025-09-30 15:06:00+00:00,47.709999084472656,47.74657440185547,47.709999084472656,47.7218017578125,9424
2025-09-30 15:07:00+00:00,47.69499969482422,47.73500061035156,47.69499969482422,47.70000076293945,13067
2025-09-30 15:08:00+00:00,47.70500183105469,47.709999084472656,47.689300537109375,47.70000076293945,9812
2025-09-30 15:09:00+00:00,47.70000076293945,47.70880126953125,47.68000030517578,47.70880126953125,5649
2025-09-30 15:10:00+00:00,47.685001373291016,47.71500015258789,47.685001373291016,47.70500183105469,15908
2025-09-30 15:11:00+00:00,47.65499877929688,47.685001373291016,47.65499877929688,47.685001373291016,25950
2025-09-30 15:12:00+00:00,47.64619827270508,47.650001525878906,47.625,47.650001525878906,26596
2025-09-30 15:13:00+00:00,47.665000915527344,47.66999816894531,47.64419937133789,47.65620040893555,22192
2025-09-30 15:14:00+00:00,47.6349983215332,47.66999816894531,47.630001068115234,47.66999816894531,7995
2025-09-30 15:15:00+00:00,47.630001068115234,47.64820098876953,47.630001068115234,47.6349983215332,13271
2025-09-30 15:16:00+00:00,47.619998931884766,47.63999938964844,47.59999847412109,47.6349983215332,13724
2025-09-30 15:17:00+00:00,47.60499954223633,47.619998931884766,47.59000015258789,47.619998931884766,14816
2025-09-30 15:18:00+00:00,47.619998931884766,47.619998931884766,47.595001220703125,47.59999847412109,4510
2025-09-30 15:19:00+00:00,47.61819839477539,47.619998931884766,47.595001220703125,47.61000061035156,10726
2025-09-30 15:20:00+00:00,47.59999847412109,47.61180114746094,47.56999969482422,47.61000061035156,20479
2025-09-30 15:21:00+00:00,47.605098724365234,47.61000061035156,47.59000015258789,47.59999847412109,12832
2025-09-30 15:22:00+00:00,47.619998931884766,47.6349983215332,47.59999847412109,47.60499954223633,31429
2025-09-30 15:23:00+00:00,47.64500045776367,47.64500045776367,47.61000061035156,47.6150016784668,18666
2025-09-30 15:24:00+00:00,47.60499954223633,47.64500045776367,47.595001220703125,47.64500045776367,12319
2025-09-30 15:25:00+00:00,47.560001373291016,47.61000061035156,47.560001373291016,47.61000061035156,16531
2025-09-30 15:26:00+00:00,47.57500076293945,47.58000183105469,47.560001373291016,47.56999969482422,15489
2025-09-30 15:27:00+00:00,47.56999969482422,47.57989883422852,47.53499984741211,47.56999969482422,19265
2025-09-30 15:28:00+00:00,47.59000015258789,47.59000015258789,47.56129837036133,47.56499862670898,8804
2025-09-30 15:29:00+00:00,47.6349983215332,47.6349983215332,47.59999847412109,47.59999847412109,14499
2025-09-30 15:30:00+00:00,47.6349983215332,47.63999938964844,47.619998931884766,47.630001068115234,8875
2025-09-30 15:31:00+00:00,47.58000183105469,47.630001068115234,47.56999969482422,47.630001068115234,13352
2025-09-30 15:32:00+00:00,47.6150016784668,47.6150016784668,47.57500076293945,47.57500076293945,17129
2025-09-30 15:33:00+00:00,47.595001220703125,47.61000061035156,47.584999084472656,47.61000061035156,12919
2025-09-30 15:34:00+00:00,47.61000061035156,47.61000061035156,47.595001220703125,47.595001220703125,8649
2025-09-30 15:35:00+00:00,47.58000183105469,47.6150016784668,47.58000183105469,47.59999847412109,30705
2025-09-30 15:36:00+00:00,47.595001220703125,47.6150016784668,47.59000015258789,47.59000015258789,10448
2025-09-30 15:37:00+00:00,47.56999969482422,47.59000015258789,47.56499862670898,47.59000015258789,19532
2025-09-30 15:38:00+00:00,47.58000183105469,47.584999084472656,47.560001373291016,47.56999969482422,6347
2025-09-30 15:39:00+00:00,47.57500076293945,47.59999847412109,47.57500076293945,47.59000015258789,4087
2025-09-30 15:40:00+00:00,47.571998596191406,47.584999084472656,47.55500030517578,47.56999969482422,7748
2025-09-30 15:41:00+00:00,47.595001220703125,47.595001220703125,47.57820129394531,47.57820129394531,5376
2025-09-30 15:42:00+00:00,47.56499862670898,47.60499954223633,47.56499862670898,47.59999847412109,9549
2025-09-30 15:43:00+00:00,47.51499938964844,47.560001373291016,47.51499938964844,47.560001373291016,25652
2025-09-30 15:44:00+00:00,47.52439880371094,47.52999877929688,47.51499938964844,47.52000045776367,12333
2025-09-30 15:45:00+00:00,47.540000915527344,47.54499816894531,47.525001525878906,47.52999877929688,9584
2025-09-30 15:46:00+00:00,47.584999084472656,47.584999084472656,47.54499816894531,47.54499816894531,9061
2025-09-30 15:47:00+00:00,47.56999969482422,47.58000183105469,47.54999923706055,47.58000183105469,9049
2025-09-30 15:48:00+00:00,47.54499816894531,47.56499862670898,47.53499984741211,47.56499862670898,16978
2025-09-30 15:49:00+00:00,47.62189865112305,47.62189865112305,47.54999923706055,47.54999923706055,6805
2025-09-30 15:50:00+00:00,47.67499923706055,47.68999862670898,47.6245002746582,47.6245002746582,16489
2025-09-30 15:51:00+00:00,47.63019943237305,47.68000030517578,47.630001068115234,47.68000030517578,9041
2025-09-30 15:52:00+00:00,47.65950012207031,47.65999984741211,47.619998931884766,47.630001068115234,18649
2025-09-30 15:53:00+00:00,47.67499923706055,47.68000030517578,47.665000915527344,47.665000915527344,8416
2025-09-30 15:54:00+00:00,47.68999862670898,47.69499969482422,47.67499923706055,47.67499923706055,5340
2025-09-30 15:55:00+00:00,47.68999862670898,47.68999862670898,47.68000030517578,47.685001373291016,18406
2025-09-30 15:56:00+00:00,47.68999862670898,47.69499969482422,47.6682014465332,47.69499969482422,7357
2025-09-30 15:57:00+00:00,47.700801849365234,47.709999084472656,47.68470001220703,47.68999862670898,11153
2025-09-30 15:58:00+00:00,47.720001220703125,47.73529815673828,47.709999084472656,47.709999084472656,19213
2025-09-30 15:59:00+00:00,47.72499847412109,47.73989868164063,47.720001220703125,47.720001220703125,4891
2025-09-30 16:00:00+00:00,47.744998931884766,47.744998931884766,47.72819900512695,47.72999954223633,7549
2025-09-30 16:01:00+00:00,47.73500061035156,47.744998931884766,47.72999954223633,47.744998931884766,12533
2025-09-30 16:02:00+00:00,47.71989822387695,47.7400016784668,47.709999084472656,47.7400016784668,23159
2025-09-30 16:03:00+00:00,47.69499969482422,47.72499847412109,47.68999862670898,47.709999084472656,15347
2025-09-30 16:04:00+00:00,47.71500015258789,47.720001220703125,47.70000076293945,47.70000076293945,11318
2025-09-30 16:05:00+00:00,47.73500061035156,47.73500061035156,47.70000076293945,47.709999084472656,12332
2025-09-30 16:06:00+00:00,47.67499923706055,47.744998931884766,47.67499923706055,47.7400016784668,13606
2025-09-30 16:07:00+00:00,47.65499877929688,47.67499923706055,47.650001525878906,47.67499923706055,4572
2025-09-30 16:08:00+00:00,47.665000915527344,47.66579818725586,47.63999938964844,47.65499877929688,15042
2025-09-30 16:09:00+00:00,47.65499877929688,47.67499923706055,47.65499877929688,47.65999984741211,25612
2025-09-30 16:10:00+00:00,47.650001525878906,47.66999816894531,47.64500045776367,47.65999984741211,15388
2025-09-30 16:11:00+00:00,47.650001525878906,47.65499877929688,47.63999938964844,47.650001525878906,6324
2025-09-30 16:12:00+00:00,47.665000915527344,47.665000915527344,47.65499877929688,47.65999984741211,5715
2025-09-30 16:13:00+00:00,47.665000915527344,47.669898986816406,47.63999938964844,47.669898986816406,14289
2025-09-30 16:14:00+00:00,47.69499969482422,47.69499969482422,47.665000915527344,47.665000915527344,14896
2025-09-30 16:15:00+00:00,47.71179962158203,47.71500015258789,47.69499969482422,47.69499969482422,7599
2025-09-30 16:16:00+00:00,47.70500183105469,47.72499847412109,47.70180130004883,47.720001220703125,7067
2025-09-30 16:17:00+00:00,47.70500183105469,47.71500015258789,47.70000076293945,47.709999084472656,8156
2025-09-30 16:18:00+00:00,47.685001373291016,47.709999084472656,47.66999816894531,47.709999084472656,7843
2025-09-30 16:19:00+00:00,47.72999954223633,47.72999954223633,47.68999862670898,47.68999862670898,5156
2025-09-30 16:20:00+00:00,47.76499938964844,47.76499938964844,47.73500061035156,47.7400016784668,8662
2025-09-30 16:21:00+00:00,47.810001373291016,47.810001373291016,47.77000045776367,47.77000045776367,14598
2025-09-30 16:22:00+00:00,47.775001525878906,47.81499862670898,47.775001525878906,47.81499862670898,11549
2025-09-30 16:23:00+00:00,47.775001525878906,47.78499984741211,47.76499938964844,47.77000045776367,7343
2025-09-30 16:24:00+00:00,47.755001068115234,47.77510070800781,47.755001068115234,47.775001525878906,7734
2025-09-30 16:25:00+00:00,47.77999877929688,47.79499816894531,47.7599983215332,47.7599983215332,11802
2025-09-30 16:26:00+00:00,47.75,47.77999877929688,47.744998931884766,47.77999877929688,9758
2025-09-30 16:27:00+00:00,47.750099182128906,47.755001068115234,47.73400115966797,47.73400115966797,7868
2025-09-30 16:28:00+00:00,47.744998931884766,47.7599983215332,47.744998931884766,47.75379943847656,7581
2025-09-30 16:29:00+00:00,47.7599983215332,47.7599983215332,47.7400016784668,47.75,4812
2025-09-30 16:30:00+00:00,47.775001525878906,47.77999877929688,47.7599983215332,47.7599983215332,6752
2025-09-30 16:31:00+00:00,47.76499938964844,47.78499984741211,47.75,47.77999877929688,11090
2025-09-30 16:32:00+00:00,47.76499938964844,47.76499938964844,47.75,47.755001068115234,4166
2025-09-30 16:33:00+00:00,47.77000045776367,47.77619934082031,47.76499938964844,47.76499938964844,11692
2025-09-30 16:34:00+00:00,47.76499938964844,47.76499938964844,47.7598991394043,47.76499938964844,4334
2025-09-30 16:35:00+00:00,47.775001525878906,47.775001525878906,47.7599983215332,47.77000045776367,4704
2025-09-30 16:36:00+00:00,47.775001525878906,47.78010177612305,47.77009963989258,47.775001525878906,4131
2025-09-30 16:37:00+00:00,47.76499938964844,47.77999877929688,47.7599983215332,47.77999877929688,6130
2025-09-30 16:38:00+00:00,47.7599983215332,47.77000045776367,47.744998931884766,47.7681999206543,5952
2025-09-30 16:39:00+00:00,47.744998931884766,47.755001068115234,47.744998931884766,47.75,5981
2025-09-30 16:40:00+00:00,47.75,47.76499938964844,47.744998931884766,47.7599983215332,8643
2025-09-30 16:41:00+00:00,47.744998931884766,47.77000045776367,47.744998931884766,47.7599983215332,8306
2025-09-30 16:42:00+00:00,47.75,47.75,47.7400016784668,47.7400016784668,6111
2025-09-30 16:43:00+00:00,47.7400016784668,47.7599983215332,47.73500061035156,47.7599983215332,3625
2025-09-30 16:44:00+00:00,47.77000045776367,47.77000045776367,47.73820114135742,47.73820114135742,5560
2025-09-30 16:45:00+00:00,47.7599983215332,47.76499938964844,47.744998931884766,47.76499938964844,12056
2025-09-30 16:46:00+00:00,47.72999954223633,47.744998931884766,47.72999954223633,47.744998931884766,5538
2025-09-30 16:47:00+00:00,47.70500183105469,47.72499847412109,47.70000076293945,47.72499847412109,2727
2025-09-30 16:48:00+00:00,47.665000915527344,47.70000076293945,47.65999984741211,47.70000076293945,8092
2025-09-30 16:49:00+00:00,47.665000915527344,47.66999816894531,47.65499877929688,47.665000915527344,9304
2025-09-30 16:50:00+00:00,47.6619987487793,47.67499923706055,47.63999938964844,47.66180038452149,7474
2025-09-30 16:51:00+00:00,47.63999938964844,47.665000915527344,47.63999938964844,47.65999984741211,7683
2025-09-30 16:52:00+00:00,47.630001068115234,47.63819885253906,47.619998931884766,47.6349983215332,7285
2025-09-30 16:53:00+00:00,47.58000183105469,47.64509963989258,47.58000183105469,47.6349983215332,33876
2025-09-30 16:54:00+00:00,47.59000015258789,47.59000015258789,47.57350158691406,47.58000183105469,20216
2025-09-30 16:55:00+00:00,47.59999847412109,47.6150016784668,47.595001220703125,47.59999847412109,10652
2025-09-30 16:56:00+00:00,47.595001220703125,47.619998931884766,47.59000015258789,47.60499954223633,2635
2025-09-30 16:57:00+00:00,47.56999969482422,47.59999847412109,47.56999969482422,47.59820175170898,9810
2025-09-30 16:58:00+00:00,47.56499862670898,47.57500076293945,47.54499816894531,47.57500076293945,19489
2025-09-30 16:59:00+00:00,47.56499862670898,47.57500076293945,47.56499862670898,47.56499862670898,7756
2025-09-30 17:00:00+00:00,47.56499862670898,47.56999969482422,47.560001373291016,47.56999969482422,4466
2025-09-30 17:01:00+00:00,47.56999969482422,47.584999084472656,47.56110000610352,47.56999969482422,38881
2025-09-30 17:02:00+00:00,47.540000915527344,47.57500076293945,47.53499984741211,47.57500076293945,5372
2025-09-30 17:03:00+00:00,47.52000045776367,47.540000915527344,47.51449966430664,47.540000915527344,16611
2025-09-30 17:04:00+00:00,47.46500015258789,47.51499938964844,47.46500015258789,47.51499938964844,31629
2025-09-30 17:05:00+00:00,47.525001525878906,47.52999877929688,47.47999954223633,47.47999954223633,5565
2025-09-30 17:06:00+00:00,47.53499984741211,47.54499816894531,47.52000045776367,47.525001525878906,12611
2025-09-30 17:07:00+00:00,47.5,47.53499984741211,47.494998931884766,47.53499984741211,6767
2025-09-30 17:08:00+00:00,47.51499938964844,47.52000045776367,47.4900016784668,47.5,5165
2025-09-30 17:09:00+00:00,47.5443000793457,47.54499816894531,47.505001068115234,47.51499938964844,7860
2025-09-30 17:10:00+00:00,47.51499938964844,47.54499816894531,47.51499938964844,47.54499816894531,13545
2025-09-30 17:11:00+00:00,47.53499984741211,47.53620147705078,47.505001068115234,47.52000045776367,13892
2025-09-30 17:12:00+00:00,47.54499816894531,47.55500030517578,47.53499984741211,47.53499984741211,5812
2025-09-30 17:13:00+00:00,47.54999923706055,47.56499862670898,47.54999923706055,47.54999923706055,6941
2025-09-30 17:14:00+00:00,47.55500030517578,47.560001373291016,47.54499816894531,47.54499816894531,9319
2025-09-30 17:15:00+00:00,47.55179977416992,47.560001373291016,47.53499984741211,47.54999923706055,8027
2025-09-30 17:16:00+00:00,47.54499816894531,47.56499862670898,47.540000915527344,47.55500030517578,15948
2025-09-30 17:17:00+00:00,47.55500030517578,47.56999969482422,47.540000915527344,47.540000915527344,8801
2025-09-30 17:18:00+00:00,47.56999969482422,47.56999969482422,47.540000915527344,47.55500030517578,9032
2025-09-30 17:19:00+00:00,47.56499862670898,47.56999969482422,47.55500030517578,47.56999969482422,7836
2025-09-30 17:20:00+00:00,47.55500030517578,47.56999969482422,47.55500030517578,47.560001373291016,3545
2025-09-30 17:21:00+00:00,47.52999877929688,47.55500030517578,47.52000045776367,47.55500030517578,11156
2025-09-30 17:22:00+00:00,47.54499816894531,47.54499816894531,47.52999877929688,47.53499984741211,8405
2025-09-30 17:23:00+00:00,47.54999923706055,47.54999923706055,47.54499816894531,47.54499816894531,3123
2025-09-30 17:24:00+00:00,47.54999923706055,47.55500030517578,47.54349899291992,47.54999923706055,15807
2025-09-30 17:25:00+00:00,47.540000915527344,47.55500030517578,47.52000045776367,47.54999923706055,13599
2025-09-30 17:26:00+00:00,47.52999877929688,47.53499984741211,47.52000045776367,47.52999877929688,8929
2025-09-30 17:27:00+00:00,47.51499938964844,47.540000915527344,47.51499938964844,47.52999877929688,6782
2025-09-30 17:28:00+00:00,47.51440048217773,47.52000045776367,47.505001068115234,47.51499938964844,6915
2025-09-30 17:29:00+00:00,47.54499816894531,47.54999923706055,47.525001525878906,47.525001525878906,7892
2025-09-30 17:30:00+00:00,47.52999877929688,47.540000915527344,47.525001525878906,47.540000915527344,10176
2025-09-30 17:31:00+00:00,47.52000045776367,47.53499984741211,47.51499938964844,47.53499984741211,9143
2025-09-30 17:32:00+00:00,47.5,47.52999877929688,47.5,47.52000045776367,10128
2025-09-30 17:33:00+00:00,47.525001525878906,47.525001525878906,47.494998931884766,47.494998931884766,5968
2025-09-30 17:34:00+00:00,47.52999877929688,47.54499816894531,47.525001525878906,47.525001525878906,16517
2025-09-30 17:35:00+00:00,47.53499984741211,47.54499816894531,47.52999877929688,47.52999877929688,9529
2025-09-30 17:36:00+00:00,47.52999877929688,47.54999923706055,47.52000045776367,47.54499816894531,7897
2025-09-30 17:37:00+00:00,47.535099029541016,47.540000915527344,47.525001525878906,47.525001525878906,7328
2025-09-30 17:38:00+00:00,47.55500030517578,47.55500030517578,47.53499984741211,47.53499984741211,6918
2025-09-30 17:39:00+00:00,47.55500030517578,47.56499862670898,47.55179977416992,47.55500030517578,8141
2025-09-30 17:40:00+00:00,47.584999084472656,47.59000015258789,47.55500030517578,47.55500030517578,10831
2025-09-30 17:41:00+00:00,47.61000061035156,47.61000061035156,47.58000183105469,47.595001220703125,12539
2025-09-30 17:42:00+00:00,47.6150016784668,47.6150016784668,47.595001220703125,47.609901428222656,8840
2025-09-30 17:43:00+00:00,47.59000015258789,47.619998931884766,47.59000015258789,47.6150016784668,8709
2025-09-30 17:44:00+00:00,47.60820007324219,47.60820007324219,47.584999084472656,47.595001220703125,14895
2025-09-30 17:45:00+00:00,47.6349983215332,47.6349983215332,47.61000061035156,47.61000061035156,6860
2025-09-30 17:46:00+00:00,47.6150016784668,47.630001068115234,47.6150016784668,47.630001068115234,3428
2025-09-30 17:47:00+00:00,47.61000061035156,47.6150016784668,47.60010147094727,47.61000061035156,10528
2025-09-30 17:48:00+00:00,47.60499954223633,47.61180114746094,47.60010147094727,47.60010147094727,2260
2025-09-30 17:49:00+00:00,47.62580108642578,47.62580108642578,47.59999847412109,47.60499954223633,9262
2025-09-30 17:50:00+00:00,47.6349983215332,47.64500045776367,47.630001068115234,47.630001068115234,12665
2025-09-30 17:51:00+00:00,47.64500045776367,47.64500045776367,47.619998931884766,47.630001068115234,4676
2025-09-30 17:52:00+00:00,47.65499877929688,47.65999984741211,47.64500045776367,47.64500045776367,5500
2025-09-30 17:53:00+00:00,47.650001525878906,47.65999984741211,47.650001525878906,47.65999984741211,4997
2025-09-30 17:54:00+00:00,47.67499923706055,47.67499923706055,47.65349960327149,47.65499877929688,3474
2025-09-30 17:55:00+00:00,47.67509841918945,47.67509841918945,47.64500045776367,47.67499923706055,6034
2025-09-30 17:56:00+00:00,47.6349983215332,47.66999816894531,47.6349983215332,47.66999816894531,11099
2025-09-30 17:57:00+00:00,47.64970016479492,47.65499877929688,47.63819885253906,47.63819885253906,10401
2025-09-30 17:58:00+00:00,47.619998931884766,47.64500045776367,47.619998931884766,47.64500045776367,14423
2025-09-30 17:59:00+00:00,47.630001068115234,47.6349983215332,47.60499954223633,47.61000061035156,19334
2025-09-30 18:00:00+00:00,47.650001525878906,47.650001525878906,47.619998931884766,47.6349983215332,11797
2025-09-30 18:01:00+00:00,47.67499923706055,47.685001373291016,47.66180038452149,47.665000915527344,5476
2025-09-30 18:02:00+00:00,47.72499847412109,47.72499847412109,47.67499923706055,47.67499923706055,9916
2025-09-30 18:03:00+00:00,47.72499847412109,47.72499847412109,47.7036018371582,47.720001220703125,16220
2025-09-30 18:04:00+00:00,47.71500015258789,47.72499847412109,47.70500183105469,47.72010040283203,9718
2025-09-30 18:05:00+00:00,47.72880172729492,47.72880172729492,47.709999084472656,47.71500015258789,5406
2025-09-30 18:06:00+00:00,47.71500015258789,47.73500061035156,47.71500015258789,47.72499847412109,6697
2025-09-30 18:07:00+00:00,47.72499847412109,47.72499847412109,47.69020080566406,47.720001220703125,14920
2025-09-30 18:08:00+00:00,47.73820114135742,47.7400016784668,47.72499847412109,47.72499847412109,5454
2025-09-30 18:09:00+00:00,47.7599983215332,47.7599983215332,47.7400016784668,47.7400016784668,5408
2025-09-30 18:10:00+00:00,47.790000915527344,47.790000915527344,47.76499938964844,47.76499938964844,5438
2025-09-30 18:11:00+00:00,47.81499862670898,47.83000183105469,47.79999923706055,47.79999923706055,11343
2025-09-30 18:12:00+00:00,47.845001220703125,47.845001220703125,47.81990051269531,47.81999969482422,3209
2025-09-30 18:13:00+00:00,47.834999084472656,47.84989929199219,47.82500076293945,47.84510040283203,12893
2025-09-30 18:14:00+00:00,47.845001220703125,47.847198486328125,47.8301010131836,47.8301010131836,9452
2025-09-30 18:15:00+00:00,47.84000015258789,47.86000061035156,47.84000015258789,47.84619903564453,19306
2025-09-30 18:16:00+00:00,47.8317985534668,47.84000015258789,47.82500076293945,47.84000015258789,3561
2025-09-30 18:17:00+00:00,47.79999923706055,47.83000183105469,47.79999923706055,47.83000183105469,5275
2025-09-30 18:18:00+00:00,47.79499816894531,47.79999923706055,47.79499816894531,47.79999923706055,3122
2025-09-30 18:19:00+00:00,47.79999923706055,47.80989837646485,47.79499816894531,47.79499816894531,13351
2025-09-30 18:20:00+00:00,47.80500030517578,47.80500030517578,47.775001525878906,47.79940032958984,26199
2025-09-30 18:21:00+00:00,47.79499816894531,47.79999923706055,47.78499984741211,47.79999923706055,12406
2025-09-30 18:22:00+00:00,47.755001068115234,47.79499816894531,47.755001068115234,47.79499816894531,7702
2025-09-30 18:23:00+00:00,47.744998931884766,47.76499938964844,47.72999954223633,47.755001068115234,14152
2025-09-30 18:24:00+00:00,47.77999877929688,47.77999877929688,47.75,47.75,7923
2025-09-30 18:25:00+00:00,47.76620101928711,47.78499984741211,47.7599983215332,47.78499984741211,7613
2025-09-30 18:26:00+00:00,47.77999877929688,47.78499984741211,47.76900100708008,47.77000045776367,10725
2025-09-30 18:27:00+00:00,47.775001525878906,47.790000915527344,47.7599983215332,47.77999877929688,14022
2025-09-30 18:28:00+00:00,47.75,47.77989959716797,47.75,47.775001525878906,12842
2025-09-30 18:29:00+00:00,47.775001525878906,47.775001525878906,47.744998931884766,47.755001068115234,16735
2025-09-30 18:30:00+00:00,47.810001373291016,47.810001373291016,47.77999877929688,47.77999877929688,26610
2025-09-30 18:31:00+00:00,47.79499816894531,47.81999969482422,47.79499816894531,47.81999969482422,11668
2025-09-30 18:32:00+00:00,47.79499816894531,47.799800872802734,47.77999877929688,47.790000915527344,6770
2025-09-30 18:33:00+00:00,47.790000915527344,47.79499816894531,47.78499984741211,47.790000915527344,9682
2025-09-30 18:34:00+00:00,47.817501068115234,47.817501068115234,47.79410171508789,47.79999923706055,6586
2025-09-30 18:35:00+00:00,47.81999969482422,47.81999969482422,47.79499816894531,47.81499862670898,6734
2025-09-30 18:36:00+00:00,47.834999084472656,47.84000015258789,47.81999969482422,47.82500076293945,11928
2025-09-30 18:37:00+00:00,47.84999847412109,47.85499954223633,47.83000183105469,47.83000183105469,4923
2025-09-30 18:38:00+00:00,47.83000183105469,47.84999847412109,47.83000183105469,47.84999847412109,6411
2025-09-30 18:39:00+00:00,47.834999084472656,47.84000015258789,47.83000183105469,47.83000183105469,8371
2025-09-30 18:40:00+00:00,47.8650016784668,47.869998931884766,47.84000015258789,47.84000015258789,5641
2025-09-30 18:41:00+00:00,47.869998931884766,47.869998931884766,47.845001220703125,47.8650016784668,6784
2025-09-30 18:42:00+00:00,47.8650016784668,47.880001068115234,47.8650016784668,47.8650016784668,11837
2025-09-30 18:43:00+00:00,47.845001220703125,47.880001068115234,47.845001220703125,47.880001068115234,7800
2025-09-30 18:44:00+00:00,47.84000015258789,47.845001220703125,47.834999084472656,47.845001220703125,5664
2025-09-30 18:45:00+00:00,47.869998931884766,47.869998931884766,47.84000015258789,47.84000015258789,8330
2025-09-30 18:46:00+00:00,47.84999847412109,47.875,47.84999847412109,47.869998931884766,8421
2025-09-30 18:47:00+00:00,47.8849983215332,47.8849983215332,47.84999847412109,47.84999847412109,12718
2025-09-30 18:48:00+00:00,47.880001068115234,47.8849983215332,47.875,47.8849983215332,7156
2025-09-30 18:49:00+00:00,47.89500045776367,47.89500045776367,47.880001068115234,47.880001068115234,3867
2025-09-30 18:50:00+00:00,47.88999938964844,47.90999984741211,47.88999938964844,47.900001525878906,9445
2025-09-30 18:51:00+00:00,47.90999984741211,47.915000915527344,47.89500045776367,47.900001525878906,9963
2025-09-30 18:52:00+00:00,47.89500045776367,47.90499877929688,47.8843994140625,47.90499877929688,5074
2025-09-30 18:53:00+00:00,47.90499877929688,47.90499877929688,47.89500045776367,47.89889907836914,2701
2025-09-30 18:54:00+00:00,47.9099006652832,47.9099006652832,47.893798828125,47.90499877929688,14484
2025-09-30 18:55:00+00:00,47.935001373291016,47.93989944458008,47.90499877929688,47.90499877929688,8200
2025-09-30 18:56:00+00:00,47.91999816894531,47.95000076293945,47.91999816894531,47.93999862670898,17556
2025-09-30 18:57:00+00:00,47.915000915527344,47.92499923706055,47.90499877929688,47.90999984741211,12392
2025-09-30 18:58:00+00:00,47.89500045776367,47.915000915527344,47.89500045776367,47.90999984741211,4114
2025-09-30 18:59:00+00:00,47.88999938964844,47.89649963378906,47.88999938964844,47.89500045776367,7369
2025-09-30 19:00:00+00:00,47.91999816894531,47.91999816894531,47.890098571777344,47.900001525878906,13486
2025-09-30 19:01:00+00:00,47.92499923706055,47.93000030517578,47.90999984741211,47.915000915527344,7427
2025-09-30 19:02:00+00:00,47.970001220703125,47.970001220703125,47.93000030517578,47.93000030517578,8593
2025-09-30 19:03:00+00:00,47.98500061035156,47.98500061035156,47.970001220703125,47.970001220703125,14176
2025-09-30 19:04:00+00:00,47.9900016784668,47.994998931884766,47.97499847412109,47.97999954223633,11675
2025-09-30 19:05:00+00:00,47.97999954223633,47.9900016784668,47.970001220703125,47.9900016784668,12115
2025-09-30 19:06:00+00:00,47.97999954223633,47.98500061035156,47.959999084472656,47.970001220703125,15556
2025-09-30 19:07:00+00:00,48.0,48.0,47.97232437133789,47.97232437133789,6748
2025-09-30 19:08:00+00:00,48.005001068115234,48.01499938964844,48.0,48.0,12502
2025-09-30 19:09:00+00:00,48.01499938964844,48.01499938964844,48.0,48.0099983215332,5234
2025-09-30 19:10:00+00:00,48.02000045776367,48.02999877929688,48.00310134887695,48.02000045776367,16564
2025-09-30 19:11:00+00:00,48.005001068115234,48.01499938964844,48.000099182128906,48.01350021362305,8877
2025-09-30 19:12:00+00:00,48.02999877929688,48.02999877929688,48.00379943847656,48.005001068115234,8439
2025-09-30 19:13:00+00:00,48.040000915527344,48.04499816894531,48.02999877929688,48.02999877929688,14249
2025-09-30 19:14:00+00:00,48.06499862670898,48.06999969482422,48.04999923706055,48.04999923706055,20624
2025-09-30 19:15:00+00:00,48.06999969482422,48.06999969482422,48.06499862670898,48.06999969482422,6390
2025-09-30 19:16:00+00:00,48.084999084472656,48.084999084472656,48.06499862670898,48.06510162353516,16906
2025-09-30 19:17:00+00:00,48.095001220703125,48.095001220703125,48.07500076293945,48.08580017089844,10071
2025-09-30 19:18:00+00:00,48.10499954223633,48.1150016784668,48.09619903564453,48.09619903564453,18183
2025-09-30 19:19:00+00:00,48.1150016784668,48.119998931884766,48.09999847412109,48.10499954223633,13666
2025-09-30 19:20:00+00:00,48.14500045776367,48.14500045776367,48.125,48.125,12617
2025-09-30 19:21:00+00:00,48.13999938964844,48.14500045776367,48.1349983215332,48.14500045776367,15734
2025-09-30 19:22:00+00:00,48.150001525878906,48.15499877929688,48.13999938964844,48.13999938964844,12328
2025-09-30 19:23:00+00:00,48.15499877929688,48.15620040893555,48.150001525878906,48.15499877929688,11188
2025-09-30 19:24:00+00:00,48.14500045776367,48.15999984741211,48.14500045776367,48.15499877929688,14493
2025-09-30 19:25:00+00:00,48.17499923706055,48.18999862670898,48.150001525878906,48.150001525878906,17930
2025-09-30 19:26:00+00:00,48.15499877929688,48.185001373291016,48.15499877929688,48.18000030517578,17918
2025-09-30 19:27:00+00:00,48.17499923706055,48.185001373291016,48.15420150756836,48.15999984741211,12511
2025-09-30 19:28:00+00:00,48.17499923706055,48.18000030517578,48.17070007324219,48.17499923706055,9126
2025-09-30 19:29:00+00:00,48.15999984741211,48.16999816894531,48.15999984741211,48.16999816894531,9179
2025-09-30 19:30:00+00:00,48.15999984741211,48.165000915527344,48.15499877929688,48.15499877929688,9605
2025-09-30 19:31:00+00:00,48.185001373291016,48.18999862670898,48.165000915527344,48.165000915527344,16196
2025-09-30 19:32:00+00:00,48.17499923706055,48.18999862670898,48.17499923706055,48.18999862670898,8912
2025-09-30 19:33:00+00:00,48.20000076293945,48.2051010131836,48.18000030517578,48.18000030517578,19324
2025-09-30 19:34:00+00:00,48.16999816894531,48.20000076293945,48.16999816894531,48.20000076293945,18756
2025-09-30 19:35:00+00:00,48.16999816894531,48.185001373291016,48.165000915527344,48.17499923706055,17072
2025-09-30 19:36:00+00:00,48.185001373291016,48.185001373291016,48.15999984741211,48.18000030517578,22410
2025-09-30 19:37:00+00:00,48.18999862670898,48.20500183105469,48.185001373291016,48.185001373291016,14073
2025-09-30 19:38:00+00:00,48.19499969482422,48.19499969482422,48.185001373291016,48.19499969482422,8155
2025-09-30 19:39:00+00:00,48.19499969482422,48.20000076293945,48.185001373291016,48.19499969482422,16372
2025-09-30 19:40:00+00:00,48.17499923706055,48.20500183105469,48.1713981628418,48.20000076293945,33351
2025-09-30 19:41:00+00:00,48.17499923706055,48.19499969482422,48.17010116577149,48.18000030517578,18944
2025-09-30 19:42:00+00:00,48.165000915527344,48.18579864501953,48.15999984741211,48.17499923706055,13358
2025-09-30 19:43:00+00:00,48.19390106201172,48.19499969482422,48.165000915527344,48.165000915527344,15868
2025-09-30 19:44:00+00:00,48.18259811401367,48.19499969482422,48.17499923706055,48.19499969482422,12912
2025-09-30 19:45:00+00:00,48.20500183105469,48.20500183105469,48.17499923706055,48.185001373291016,18591
2025-09-30 19:46:00+00:00,48.214500427246094,48.21500015258789,48.18000030517578,48.20000076293945,22290
2025-09-30 19:47:00+00:00,48.19499969482422,48.21820068359375,48.185001373291016,48.21500015258789,13910
2025-09-30 19:48:00+00:00,48.20000076293945,48.20500183105469,48.185001373291016,48.18999862670898,21919
2025-09-30 19:49:00+00:00,48.209999084472656,48.21500015258789,48.18999862670898,48.20500183105469,42791
2025-09-30 19:50:00+00:00,48.21500015258789,48.220001220703125,48.16999816894531,48.209999084472656,93004
2025-09-30 19:51:00+00:00,48.27000045776367,48.27000045776367,48.220001220703125,48.220001220703125,41363
2025-09-30 19:52:00+00:00,48.31499862670898,48.31499862670898,48.255001068115234,48.2599983215332,43961
2025-09-30 19:53:00+00:00,48.31499862670898,48.31999969482422,48.29499816894531,48.31499862670898,72984
2025-09-30 19:54:00+00:00,48.290000915527344,48.31499862670898,48.28499984741211,48.31499862670898,70250
2025-09-30 19:55:00+00:00,48.345001220703125,48.35499954223633,48.28499984741211,48.290000915527344,68154
2025-09-30 19:56:00+00:00,48.310001373291016,48.345001220703125,48.310001373291016,48.345001220703125,57661
2025-09-30 19:57:00+00:00,48.345001220703125,48.34999847412109,48.31499862670898,48.31499862670898,51082
2025-09-30 19:58:00+00:00,48.345001220703125,48.36000061035156,48.31999969482422,48.345001220703125,128168
2025-09-30 19:59:00+00:00,48.31499862670898,48.36000061035156,48.31499862670898,48.345001220703125,244811
2025-10-01 13:30:00+00:00,48.220001220703125,48.2400016784668,48.18000030517578,48.18000030517578,1115565
2025-10-01 13:31:00+00:00,48.27999877929688,48.34999847412109,48.2400016784668,48.2400016784668,23909
2025-10-01 13:32:00+00:00,48.25,48.29499816894531,48.22999954223633,48.27999877929688,7450
2025-10-01 13:33:00+00:00,48.22499847412109,48.25,48.16999816894531,48.24100112915039,17054
2025-10-01 13:34:00+00:00,48.22999954223633,48.25,48.20000076293945,48.20000076293945,14143
2025-10-01 13:35:00+00:00,48.1349983215332,48.21500015258789,48.07500076293945,48.21500015258789,33976
2025-10-01 13:36:00+00:00,47.92499923706055,48.119998931884766,47.900001525878906,48.119998931884766,48870
2025-10-01 13:37:00+00:00,48.060001373291016,48.06999969482422,47.91999816894531,47.92499923706055,27085
2025-10-01 13:38:00+00:00,48.150001525878906,48.150001525878906,48.08000183105469,48.09000015258789,22465
2025-10-01 13:39:00+00:00,48.16999816894531,48.19499969482422,48.14500045776367,48.14500045776367,9884
2025-10-01 13:40:00+00:00,48.15999984741211,48.18000030517578,48.130001068115234,48.15999984741211,28996
2025-10-01 13:41:00+00:00,48.209999084472656,48.209999084472656,48.150001525878906,48.15999984741211,11989
2025-10-01 13:42:00+00:00,48.15999984741211,48.21749877929688,48.15499877929688,48.21500015258789,19268
2025-10-01 13:43:00+00:00,48.185001373291016,48.185001373291016,48.119998931884766,48.14500045776367,27101
2025-10-01 13:44:00+00:00,48.19499969482422,48.199100494384766,48.16999816894531,48.18000030517578,12268
2025-10-01 13:45:00+00:00,48.130001068115234,48.19499969482422,48.11000061035156,48.18999862670898,36365
2025-10-01 13:46:00+00:00,48.09999847412109,48.150001525878906,48.09999847412109,48.119998931884766,19820
2025-10-01 13:47:00+00:00,48.060001373291016,48.09999847412109,48.060001373291016,48.09999847412109,6574
2025-10-01 13:48:00+00:00,47.970001220703125,48.05500030517578,47.95000076293945,48.04999923706055,26125
2025-10-01 13:49:00+00:00,47.970001220703125,47.97999954223633,47.94499969482422,47.97999954223633,23789
2025-10-01 13:50:00+00:00,48.0099983215332,48.01499938964844,47.94499969482422,47.96500015258789,18103
2025-10-01 13:51:00+00:00,48.0099983215332,48.01499938964844,47.970001220703125,48.0,8482
2025-10-01 13:52:00+00:00,47.97499847412109,48.00529861450195,47.970001220703125,48.00529861450195,6270
2025-10-01 13:53:00+00:00,47.97499847412109,47.994998931884766,47.93000030517578,47.98500061035156,10263
2025-10-01 13:54:00+00:00,47.90499877929688,47.95000076293945,47.90499877929688,47.95000076293945,18790
2025-10-01 13:55:00+00:00,47.95500183105469,47.959999084472656,47.91999816894531,47.91999816894531,9765
2025-10-01 13:56:00+00:00,47.970001220703125,47.97999954223633,47.95500183105469,47.95500183105469,9533
2025-10-01 13:57:00+00:00,47.96500015258789,47.970001220703125,47.95000076293945,47.970001220703125,10223
2025-10-01 13:58:00+00:00,47.90999984741211,47.95759963989258,47.90499877929688,47.95759963989258,14198
2025-10-01 13:59:00+00:00,47.875,47.92499923706055,47.8650016784668,47.91999816894531,9848
2025-10-01 14:00:00+00:00,47.92499923706055,47.970001220703125,47.81999969482422,47.880001068115234,61975
2025-10-01 14:01:00+00:00,47.900001525878906,47.91999816894531,47.869998931884766,47.91999816894531,23127
2025-10-01 14:02:00+00:00,47.90999984741211,47.90999984741211,47.880001068115234,47.90999984741211,6915
2025-10-01 14:03:00+00:00,47.92499923706055,47.935001373291016,47.88999938964844,47.90499877929688,21842
2025-10-01 14:04:00+00:00,48.005001068115234,48.0099983215332,47.93000030517578,47.93000030517578,10297
2025-10-01 14:05:00+00:00,48.09000015258789,48.09000015258789,48.0,48.005001068115234,15558
2025-10-01 14:06:00+00:00,48.1150016784668,48.13639831542969,48.08000183105469,48.084999084472656,14908
2025-10-01 14:07:00+00:00,48.09000015258789,48.125,48.09000015258789,48.11000061035156,7698
2025-10-01 14:08:00+00:00,48.08000183105469,48.09000015258789,48.06499862670898,48.09000015258789,10199
2025-10-01 14:09:00+00:00,48.09000015258789,48.1150016784668,48.08000183105469,48.084999084472656,12846
2025-10-01 14:10:00+00:00,48.130001068115234,48.130001068115234,48.09999847412109,48.09999847412109,12873
2025-10-01 14:11:00+00:00,48.10499954223633,48.15499877929688,48.10499954223633,48.125,25921
2025-10-01 14:12:00+00:00,48.11000061035156,48.125,48.09999847412109,48.11000061035156,17752
2025-10-01 14:13:00+00:00,48.119998931884766,48.125,48.10499954223633,48.11000061035156,8309
2025-10-01 14:14:00+00:00,48.130001068115234,48.1349983215332,48.09000015258789,48.11000061035156,8137
2025-10-01 14:15:00+00:00,48.13999938964844,48.14500045776367,48.125,48.130001068115234,25747
2025-10-01 14:16:00+00:00,48.13999938964844,48.169898986816406,48.13999938964844,48.150001525878906,15824
2025-10-01 14:17:00+00:00,48.095001220703125,48.1349983215332,48.084999084472656,48.1349983215332,10856
2025-10-01 14:18:00+00:00,48.09999847412109,48.09999847412109,48.06499862670898,48.095001220703125,14882
2025-10-01 14:19:00+00:00,48.130001068115234,48.130001068115234,48.084999084472656,48.09000015258789,8036
2025-10-01 14:20:00+00:00,48.14500045776367,48.15499877929688,48.125,48.125,5907
2025-10-01 14:21:00+00:00,48.13999938964844,48.17499923706055,48.130001068115234,48.130001068115234,9155
2025-10-01 14:22:00+00:00,48.13999938964844,48.15499877929688,48.13999938964844,48.13999938964844,10843
2025-10-01 14:23:00+00:00,48.15499877929688,48.15499877929688,48.130001068115234,48.130001068115234,4298
2025-10-01 14:24:00+00:00,48.130001068115234,48.15499877929688,48.130001068115234,48.15499877929688,7566
2025-10-01 14:25:00+00:00,48.15499877929688,48.15499877929688,48.119998931884766,48.125,11096
2025-10-01 14:26:00+00:00,48.1349983215332,48.15999984741211,48.130001068115234,48.15499877929688,23844
2025-10-01 14:27:00+00:00,48.11000061035156,48.15499877929688,48.11000061035156,48.14500045776367,18303
2025-10-01 14:28:00+00:00,48.11000061035156,48.1349983215332,48.09999847412109,48.11000061035156,23638
2025-10-01 14:29:00+00:00,48.09999847412109,48.119998931884766,48.09000015258789,48.1150016784668,76117
2025-10-01 14:30:00+00:00,48.095001220703125,48.130001068115234,48.095001220703125,48.09999847412109,174164
2025-10-01 14:31:00+00:00,48.13999938964844,48.15499877929688,48.084999084472656,48.09000015258789,22471
2025-10-01 14:32:00+00:00,48.119998931884766,48.150001525878906,48.11000061035156,48.13999938964844,39298
2025-10-01 14:33:00+00:00,48.084999084472656,48.119998931884766,48.07200241088867,48.1150016784668,22685
2025-10-01 14:34:00+00:00,48.11000061035156,48.1150016784668,48.08000183105469,48.084999084472656,14852
2025-10-01 14:35:00+00:00,48.09000015258789,48.11000061035156,48.09000015258789,48.10499954223633,8989
2025-10-01 14:36:00+00:00,48.09000015258789,48.095001220703125,48.08000183105469,48.084999084472656,10711
2025-10-01 14:37:00+00:00,48.095001220703125,48.09529876708984,48.07500076293945,48.08000183105469,11769
2025-10-01 14:38:00+00:00,48.084999084472656,48.10499954223633,48.06999969482422,48.09000015258789,20993
2025-10-01 14:39:00+00:00,48.09000015258789,48.11000061035156,48.09000015258789,48.09000015258789,12599
2025-10-01 14:40:00+00:00,48.060001373291016,48.09999847412109,48.060001373291016,48.084999084472656,13217
2025-10-01 14:41:00+00:00,48.0099983215332,48.05500030517578,47.98500061035156,48.05500030517578,19365
2025-10-01 14:42:00+00:00,48.0,48.01499938964844,47.98500061035156,48.0099983215332,6463
2025-10-01 14:43:00+00:00,48.02999877929688,48.03499984741211,48.0,48.0,15123
2025-10-01 14:44:00+00:00,48.040000915527344,48.05500030517578,48.02180099487305,48.03499984741211,17116
2025-10-01 14:45:00+00:00,48.02579879760742,48.04999923706055,48.02000045776367,48.040000915527344,5316
2025-10-01 14:46:00+00:00,48.03499984741211,48.03499984741211,48.005001068115234,48.02849960327149,19289
2025-10-01 14:47:00+00:00,48.02999877929688,48.04999923706055,48.0099983215332,48.03810119628906,16048
2025-10-01 14:48:00+00:00,48.05500030517578,48.05500030517578,48.02999877929688,48.02999877929688,9700
2025-10-01 14:49:00+00:00,48.040000915527344,48.04999923706055,48.03150177001953,48.04999923706055,13879
2025-10-01 14:50:00+00:00,48.04499816894531,48.05500030517578,48.03499984741211,48.03499984741211,16949
2025-10-01 14:51:00+00:00,48.06999969482422,48.07899856567383,48.02999877929688,48.040000915527344,18276
2025-10-01 14:52:00+00:00,48.06999969482422,48.06999969482422,48.04999923706055,48.060001373291016,17396
2025-10-01 14:53:00+00:00,48.10499954223633,48.10499954223633,48.07500076293945,48.07500076293945,21441
2025-10-01 14:54:00+00:00,48.125,48.14500045776367,48.10010147094727,48.10499954223633,26935
2025-10-01 14:55:00+00:00,48.15499877929688,48.15499877929688,48.09999847412109,48.12009811401367,35216
2025-10-01 14:56:00+00:00,48.13999938964844,48.15999984741211,48.1349983215332,48.15999984741211,10016
2025-10-01 14:57:00+00:00,48.13579940795898,48.13999938964844,48.125,48.13999938964844,10732
2025-10-01 14:58:00+00:00,48.09999847412109,48.1349983215332,48.09999847412109,48.1349983215332,4286
2025-10-01 14:59:00+00:00,48.084999084472656,48.10150146484375,48.06999969482422,48.10150146484375,6471
2025-10-01 15:00:00+00:00,48.09000015258789,48.09999847412109,48.08000183105469,48.09999847412109,22840
2025-10-01 15:01:00+00:00,48.095001220703125,48.10499954223633,48.08000183105469,48.09000015258789,19258
2025-10-01 15:02:00+00:00,48.119998931884766,48.125,48.09000015258789,48.09000015258789,40155
2025-10-01 15:03:00+00:00,48.119998931884766,48.14500045776367,48.119998931884766,48.119998931884766,8109
2025-10-01 15:04:00+00:00,48.119998931884766,48.125,48.10499954223633,48.11000061035156,6412
2025-10-01 15:05:00+00:00,48.125,48.130001068115234,48.11000061035156,48.119998931884766,10999
2025-10-01 15:06:00+00:00,48.150001525878906,48.150001525878906,48.09999847412109,48.119998931884766,9191
2025-10-01 15:07:00+00:00,48.150001525878906,48.17499923706055,48.14500045776367,48.150001525878906,17542
2025-10-01 15:08:00+00:00,48.125,48.15499877929688,48.1150016784668,48.150001525878906,10433
2025-10-01 15:09:00+00:00,48.1150016784668,48.119998931884766,48.10499954223633,48.119998931884766,8155
2025-10-01 15:10:00+00:00,48.150001525878906,48.15499877929688,48.1150016784668,48.1150016784668,9982
2025-10-01 15:11:00+00:00,48.15800094604492,48.15800094604492,48.14500045776367,48.15499877929688,4945
2025-10-01 15:12:00+00:00,48.14500045776367,48.150001525878906,48.1349983215332,48.150001525878906,5483
2025-10-01 15:13:00+00:00,48.15999984741211,48.185001373291016,48.1349983215332,48.1349983215332,29692
2025-10-01 15:14:00+00:00,48.130001068115234,48.15650177001953,48.095001220703125,48.15499877929688,30195
2025-10-01 15:15:00+00:00,48.119998931884766,48.1349983215332,48.119998931884766,48.125,7734
2025-10-01 15:16:00+00:00,48.095001220703125,48.125,48.095001220703125,48.125,14084
2025-10-01 15:17:00+00:00,48.06999969482422,48.09999847412109,48.06499862670898,48.09999847412109,8040
2025-10-01 15:18:00+00:00,48.084999084472656,48.09579849243164,48.06999969482422,48.06999969482422,14484
2025-10-01 15:19:00+00:00,48.06999969482422,48.0906982421875,48.06499862670898,48.09000015258789,6092
2025-10-01 15:20:00+00:00,48.08000183105469,48.084999084472656,48.06999969482422,48.06999969482422,5628
2025-10-01 15:21:00+00:00,48.07500076293945,48.095001220703125,48.070098876953125,48.070098876953125,6589
2025-10-01 15:22:00+00:00,48.06499862670898,48.07500076293945,48.054500579833984,48.07500076293945,7499
2025-10-01 15:23:00+00:00,48.06499862670898,48.08000183105469,48.06499862670898,48.06850051879883,3672
2025-10-01 15:24:00+00:00,48.05500030517578,48.06999969482422,48.05500030517578,48.06999969482422,7085
2025-10-01 15:25:00+00:00,48.060001373291016,48.06999969482422,48.05500030517578,48.060001373291016,8531
2025-10-01 15:26:00+00:00,48.084999084472656,48.084999084472656,48.060001373291016,48.060001373291016,10547
2025-10-01 15:27:00+00:00,48.11000061035156,48.1150016784668,48.0801010131836,48.084999084472656,11715
2025-10-01 15:28:00+00:00,48.150001525878906,48.150001525878906,48.130001068115234,48.130001068115234,8536
2025-10-01 15:29:00+00:00,48.130001068115234,48.15499877929688,48.130001068115234,48.14500045776367,8349
2025-10-01 15:30:00+00:00,48.14500045776367,48.150001525878906,48.130001068115234,48.130001068115234,8113
2025-10-01 15:31:00+00:00,48.15499877929688,48.15499877929688,48.14500045776367,48.150001525878906,17546
2025-10-01 15:32:00+00:00,48.15850067138672,48.15999984741211,48.150001525878906,48.15909957885742,13839
2025-10-01 15:33:00+00:00,48.165000915527344,48.16999816894531,48.15499877929688,48.15499877929688,6232
2025-10-01 15:34:00+00:00,48.17499923706055,48.185001373291016,48.15999984741211,48.16999816894531,44640
2025-10-01 15:35:00+00:00,48.20000076293945,48.20500183105469,48.18000030517578,48.18000030517578,7222
2025-10-01 15:36:00+00:00,48.209999084472656,48.21500015258789,48.19499969482422,48.20500183105469,8674
2025-10-01 15:37:00+00:00,48.19409942626953,48.220001220703125,48.19409942626953,48.21500015258789,7959
2025-10-01 15:38:00+00:00,48.20000076293945,48.209999084472656,48.19499969482422,48.19499969482422,166722
2025-10-01 15:39:00+00:00,48.15499877929688,48.19499969482422,48.150001525878906,48.19499969482422,14738
2025-10-01 15:40:00+00:00,48.15999984741211,48.15999984741211,48.1349983215332,48.15999984741211,7311
2025-10-01 15:41:00+00:00,48.15499877929688,48.15999984741211,48.14500045776367,48.15999984741211,6169
2025-10-01 15:42:00+00:00,48.17509841918945,48.18000030517578,48.15999984741211,48.15999984741211,3858
2025-10-01 15:43:00+00:00,48.14849853515625,48.17499923706055,48.14500045776367,48.16999816894531,8945
2025-10-01 15:44:00+00:00,48.15499877929688,48.15499877929688,48.125,48.14500045776367,11881
2025-10-01 15:45:00+00:00,48.185001373291016,48.19499969482422,48.15999984741211,48.15999984741211,20889
2025-10-01 15:46:00+00:00,48.22499847412109,48.22499847412109,48.18999862670898,48.19499969482422,9201
2025-10-01 15:47:00+00:00,48.244998931884766,48.244998931884766,48.21500015258789,48.220001220703125,7911
2025-10-01 15:48:00+00:00,48.275001525878906,48.28499984741211,48.244998931884766,48.244998931884766,23835
2025-10-01 15:49:00+00:00,48.2599983215332,48.28499984741211,48.2400016784668,48.27000045776367,12860
2025-10-01 15:50:00+00:00,48.2400016784668,48.275001525878906,48.22999954223633,48.26499938964844,25597
2025-10-01 15:51:00+00:00,48.22499847412109,48.244998931884766,48.22499847412109,48.23500061035156,5159
2025-10-01 15:52:00+00:00,48.22499847412109,48.22999954223633,48.209999084472656,48.22999954223633,8976
2025-10-01 15:53:00+00:00,48.20000076293945,48.22990036010742,48.19499969482422,48.22499847412109,7802
2025-10-01 15:54:00+00:00,48.22499847412109,48.22499847412109,48.209999084472656,48.209999084472656,8078
2025-10-01 15:55:00+00:00,48.20500183105469,48.22969818115234,48.20500183105469,48.22969818115234,5117
2025-10-01 15:56:00+00:00,48.220001220703125,48.220001220703125,48.20000076293945,48.20500183105469,7044
2025-10-01 15:57:00+00:00,48.20890045166016,48.22499847412109,48.20500183105469,48.220001220703125,4463
2025-10-01 15:58:00+00:00,48.19499969482422,48.21500015258789,48.19499969482422,48.20000076293945,4552
2025-10-01 15:59:00+00:00,48.165000915527344,48.19499969482422,48.165000915527344,48.19499969482422,9068
2025-10-01 16:00:00+00:00,48.15999984741211,48.18000030517578,48.15499877929688,48.165000915527344,7350
2025-10-01 16:01:00+00:00,48.17499923706055,48.18619918823242,48.17499923706055,48.17499923706055,4989
2025-10-01 16:02:00+00:00,48.13999938964844,48.16999816894531,48.13999938964844,48.16999816894531,9020
2025-10-01 16:03:00+00:00,48.10010147094727,48.14500045776367,48.10010147094727,48.130001068115234,8415
2025-10-01 16:04:00+00:00,48.1150016784668,48.11989974975586,48.09000015258789,48.10499954223633,19413
2025-10-01 16:05:00+00:00,48.13999938964844,48.14500045776367,48.11000061035156,48.1150016784668,7727
2025-10-01 16:06:00+00:00,48.095001220703125,48.13999938964844,48.09000015258789,48.13999938964844,7045
2025-10-01 16:07:00+00:00,48.09000015258789,48.09000015258789,48.06999969482422,48.09000015258789,10799
2025-10-01 16:08:00+00:00,48.09000015258789,48.10499954223633,48.084999084472656,48.084999084472656,9980
2025-10-01 16:09:00+00:00,48.10499954223633,48.11000061035156,48.095001220703125,48.095001220703125,9761
2025-10-01 16:10:00+00:00,48.095001220703125,48.09999847412109,48.08000183105469,48.09999847412109,7505
2025-10-01 16:11:00+00:00,48.1150016784668,48.119998931884766,48.09999847412109,48.09999847412109,6558
2025-10-01 16:12:00+00:00,48.09000015258789,48.1150016784668,48.084999084472656,48.1150016784668,4708
2025-10-01 16:13:00+00:00,48.095001220703125,48.09999847412109,48.09000015258789,48.095001220703125,3567
2025-10-01 16:14:00+00:00,48.084999084472656,48.095001220703125,48.08000183105469,48.095001220703125,5584
2025-10-01 16:15:00+00:00,48.09999847412109,48.11000061035156,48.084999084472656,48.084999084472656,6870
2025-10-01 16:16:00+00:00,48.07350158691406,48.09999847412109,48.07350158691406,48.09999847412109,9173
2025-10-01 16:17:00+00:00,48.07500076293945,48.084999084472656,48.06499862670898,48.08000183105469,5349
2025-10-01 16:18:00+00:00,48.06169891357422,48.07500076293945,48.0536003112793,48.07500076293945,6566
2025-10-01 16:19:00+00:00,48.060001373291016,48.06499862670898,48.04499816894531,48.06499862670898,13096
2025-10-01 16:20:00+00:00,48.060001373291016,48.060001373291016,48.04499816894531,48.060001373291016,6886
2025-10-01 16:21:00+00:00,48.05609893798828,48.0786018371582,48.040000915527344,48.060001373291016,9546
2025-10-01 16:22:00+00:00,48.02999877929688,48.04999923706055,48.02999877929688,48.04999923706055,7504
2025-10-01 16:23:00+00:00,48.04019927978516,48.04999923706055,48.02190017700195,48.03010177612305,7002
2025-10-01 16:24:00+00:00,48.04499816894531,48.04999923706055,48.03020095825195,48.040000915527344,4976
2025-10-01 16:25:00+00:00,48.05500030517578,48.06499862670898,48.041500091552734,48.041500091552734,5852
2025-10-01 16:26:00+00:00,48.04499816894531,48.060001373291016,48.038700103759766,48.05500030517578,8602
2025-10-01 16:27:00+00:00,48.02999877929688,48.040000915527344,48.02000045776367,48.040000915527344,3870
2025-10-01 16:28:00+00:00,48.03499984741211,48.040000915527344,48.02999877929688,48.02999877929688,4632
2025-10-01 16:29:00+00:00,48.04499816894531,48.04499816894531,48.040000915527344,48.040000915527344,2358
2025-10-01 16:30:00+00:00,48.03499984741211,48.04499816894531,48.03499984741211,48.04499816894531,6834
2025-10-01 16:31:00+00:00,48.04249954223633,48.04499816894531,48.02999877929688,48.02999877929688,5658
2025-10-01 16:32:00+00:00,48.03499984741211,48.04999923706055,48.03499984741211,48.04499816894531,4077
2025-10-01 16:33:00+00:00,48.05500030517578,48.05500030517578,48.02999877929688,48.03499984741211,8433
2025-10-01 16:34:00+00:00,48.06499862670898,48.06499862670898,48.05500030517578,48.05500030517578,11294
2025-10-01 16:35:00+00:00,48.04499816894531,48.060001373291016,48.04499816894531,48.060001373291016,2471
2025-10-01 16:36:00+00:00,48.04499816894531,48.04999923706055,48.02999877929688,48.04499816894531,13722
2025-10-01 16:37:00+00:00,48.040000915527344,48.040000915527344,48.03499984741211,48.040000915527344,4593
2025-10-01 16:38:00+00:00,48.04499816894531,48.04499816894531,48.040000915527344,48.040000915527344,5204
2025-10-01 16:39:00+00:00,48.025001525878906,48.04999923706055,48.025001525878906,48.04999923706055,17924
2025-10-01 16:40:00+00:00,48.025001525878906,48.025001525878906,48.025001525878906,48.025001525878906,1329
2025-10-01 16:41:00+00:00,48.005001068115234,48.025001525878906,48.005001068115234,48.025001525878906,16495
2025-10-01 16:42:00+00:00,48.01499938964844,48.01499938964844,48.0,48.005001068115234,5353
2025-10-01 16:43:00+00:00,48.0099983215332,48.0099983215332,48.005001068115234,48.0099983215332,5798
2025-10-01 16:44:00+00:00,47.99869918823242,48.01499938964844,47.9900016784668,48.005001068115234,49227
2025-10-01 16:45:00+00:00,47.959999084472656,48.00749969482422,47.959999084472656,47.9900016784668,7349
2025-10-01 16:46:00+00:00,47.94499969482422,47.970001220703125,47.94499969482422,47.970001220703125,7191
2025-10-01 16:47:00+00:00,47.95000076293945,47.96500015258789,47.94499969482422,47.94499969482422,8310
2025-10-01 16:48:00+00:00,47.95500183105469,47.95500183105469,47.94499969482422,47.94499969482422,12017
2025-10-01 16:49:00+00:00,47.95650100708008,47.959999084472656,47.95000076293945,47.95000076293945,3287
2025-10-01 16:50:00+00:00,47.90999984741211,47.95000076293945,47.90499877929688,47.95000076293945,13206
2025-10-01 16:51:00+00:00,47.91999816894531,47.92499923706055,47.90999984741211,47.90999984741211,8065
2025-10-01 16:52:00+00:00,47.917999267578125,47.92499923706055,47.900001525878906,47.92499923706055,3154
2025-10-01 16:53:00+00:00,47.901798248291016,47.90919876098633,47.901798248291016,47.90919876098633,1063
2025-10-01 16:54:00+00:00,47.880001068115234,47.900001525878906,47.880001068115234,47.900001525878906,11125
2025-10-01 16:55:00+00:00,47.869998931884766,47.8849983215332,47.8650016784668,47.8849983215332,7529
2025-10-01 16:56:00+00:00,47.875,47.90999984741211,47.875,47.880001068115234,22253
2025-10-01 16:57:00+00:00,47.84000015258789,47.880001068115234,47.84000015258789,47.875,14389
2025-10-01 16:58:00+00:00,47.8650016784668,47.8650016784668,47.84999847412109,47.84999847412109,8870
2025-10-01 16:59:00+00:00,47.869998931884766,47.8849983215332,47.8650016784668,47.8650016784668,13818
2025-10-01 17:00:00+00:00,47.85499954223633,47.869998931884766,47.84999847412109,47.869998931884766,6865
2025-10-01 17:01:00+00:00,47.869998931884766,47.88150024414063,47.85919952392578,47.85919952392578,4954
2025-10-01 17:02:00+00:00,47.8849983215332,47.8849983215332,47.875,47.875,8514
2025-10-01 17:03:00+00:00,47.8650016784668,47.885101318359375,47.8650016784668,47.8849983215332,5888
2025-10-01 17:04:00+00:00,47.869998931884766,47.875,47.84999847412109,47.8650016784668,11149
2025-10-01 17:05:00+00:00,47.85910034179688,47.875,47.85910034179688,47.87149810791016,2483
2025-10-01 17:06:00+00:00,47.88990020751953,47.88990020751953,47.86000061035156,47.86000061035156,3899
2025-10-01 17:07:00+00:00,47.900001525878906,47.900001525878906,47.8849983215332,47.8849983215332,6105
2025-10-01 17:08:00+00:00,47.900001525878906,47.9099006652832,47.89500045776367,47.900001525878906,6029
2025-10-01 17:09:00+00:00,47.88999938964844,47.900001525878906,47.88999938964844,47.900001525878906,5508
2025-10-01 17:10:00+00:00,47.880001068115234,47.89500045776367,47.880001068115234,47.88999938964844,10462
2025-10-01 17:11:00+00:00,47.915000915527344,47.915000915527344,47.880001068115234,47.880001068115234,8562
2025-10-01 17:12:00+00:00,47.93999862670898,47.94459915161133,47.90999984741211,47.916500091552734,7053
2025-10-01 17:13:00+00:00,47.93999862670898,47.94499969482422,47.93000030517578,47.935001373291016,13918
2025-10-01 17:14:00+00:00,47.94499969482422,47.95500183105469,47.94499969482422,47.94499969482422,7955
2025-10-01 17:15:00+00:00,47.92499923706055,47.94499969482422,47.92150115966797,47.94499969482422,8934
2025-10-01 17:16:00+00:00,47.95500183105469,47.959999084472656,47.92990112304688,47.92990112304688,10974
2025-10-01 17:17:00+00:00,47.98509979248047,47.98509979248047,47.959999084472656,47.959999084472656,12677
2025-10-01 17:18:00+00:00,47.9900016784668,47.9900016784668,47.98500061035156,47.9900016784668,6250
2025-10-01 17:19:00+00:00,48.005001068115234,48.01499938964844,47.9900016784668,47.9900016784668,7597
2025-10-01 17:20:00+00:00,47.98500061035156,48.0099983215332,47.97999954223633,48.00469970703125,8324
2025-10-01 17:21:00+00:00,47.98500061035156,47.9900016784668,47.97499847412109,47.9900016784668,4202
2025-10-01 17:22:00+00:00,47.97990036010742,47.98509979248047,47.970001220703125,47.98500061035156,5036
2025-10-01 17:23:00+00:00,47.959999084472656,47.98500061035156,47.959999084472656,47.97999954223633,7478
2025-10-01 17:24:00+00:00,47.970001220703125,47.97850036621094,47.96500015258789,47.96500015258789,3221
2025-10-01 17:25:00+00:00,47.97999954223633,47.97999954223633,47.96500015258789,47.97499847412109,14801
2025-10-01 17:26:00+00:00,47.98500061035156,47.98500061035156,47.96500015258789,47.96500015258789,8636
2025-10-01 17:27:00+00:00,47.9900016784668,47.994998931884766,47.96500015258789,47.97499847412109,16261
2025-10-01 17:28:00+00:00,47.9900016784668,48.0,47.9900016784668,47.9900016784668,7792
2025-10-01 17:29:00+00:00,47.98500061035156,47.98500061035156,47.97499847412109,47.97999954223633,10251
2025-10-01 17:30:00+00:00,47.97999954223633,48.0,47.97999954223633,47.98500061035156,7881
2025-10-01 17:31:00+00:00,47.97100067138672,47.98500061035156,47.959999084472656,47.97999954223633,12879
2025-10-01 17:32:00+00:00,47.970001220703125,47.97999954223633,47.96549987792969,47.97499847412109,5783
2025-10-01 17:33:00+00:00,47.959999084472656,47.970001220703125,47.95209884643555,47.970001220703125,7495
2025-10-01 17:34:00+00:00,47.970001220703125,47.97999954223633,47.959999084472656,47.959999084472656,9229
2025-10-01 17:35:00+00:00,47.95500183105469,47.97499847412109,47.95000076293945,47.96500015258789,13156
2025-10-01 17:36:00+00:00,47.96500015258789,47.96500015258789,47.95500183105469,47.95980072021485,5926
2025-10-01 17:37:00+00:00,47.970001220703125,47.98500061035156,47.96929931640625,47.970001220703125,5132
2025-10-01 17:38:00+00:00,47.94850158691406,47.959999084472656,47.94850158691406,47.959999084472656,1792
2025-10-01 17:39:00+00:00,47.95009994506836,47.95500183105469,47.94580078125,47.95000076293945,6079
2025-10-01 17:40:00+00:00,47.96900177001953,47.96900177001953,47.94649887084961,47.94649887084961,10304
2025-10-01 17:41:00+00:00,47.97999954223633,47.97999954223633,47.96179962158203,47.96179962158203,4285
2025-10-01 17:42:00+00:00,47.95500183105469,47.97999954223633,47.95000076293945,47.97499847412109,8414
2025-10-01 17:43:00+00:00,47.970001220703125,47.970001220703125,47.94919967651367,47.95000076293945,9481
2025-10-01 17:44:00+00:00,47.97999954223633,47.97999954223633,47.970001220703125,47.970001220703125,2922
2025-10-01 17:45:00+00:00,47.97499847412109,47.9900016784668,47.97499847412109,47.97999954223633,4985
2025-10-01 17:46:00+00:00,47.935001373291016,47.98500061035156,47.935001373291016,47.97999954223633,21416
2025-10-01 17:47:00+00:00,47.93999862670898,47.948001861572266,47.93999862670898,47.93999862670898,2209
2025-10-01 17:48:00+00:00,47.935001373291016,47.93999862670898,47.91999816894531,47.935001373291016,9272
2025-10-01 17:49:00+00:00,47.935001373291016,47.94359970092773,47.93009948730469,47.93989944458008,3306
2025-10-01 17:50:00+00:00,47.93550109863281,47.93550109863281,47.91999816894531,47.935001373291016,8034
2025-10-01 17:51:00+00:00,47.95500183105469,47.95500183105469,47.93000030517578,47.93000030517578,3526
2025-10-01 17:52:00+00:00,47.94499969482422,47.959999084472656,47.94499969482422,47.959999084472656,8264
2025-10-01 17:53:00+00:00,47.96500015258789,47.970001220703125,47.935001373291016,47.94499969482422,10085
2025-10-01 17:54:00+00:00,47.95000076293945,47.959999084472656,47.93999862670898,47.959999084472656,3857
2025-10-01 17:55:00+00:00,47.95000076293945,47.95500183105469,47.94499969482422,47.94499969482422,3384
2025-10-01 17:56:00+00:00,47.96500015258789,47.96500015258789,47.95500183105469,47.959999084472656,2003
2025-10-01 17:57:00+00:00,47.93889999389648,47.96149826049805,47.93889999389648,47.96149826049805,6946
2025-10-01 17:58:00+00:00,47.92499923706055,47.935001373291016,47.92169952392578,47.935001373291016,15677
2025-10-01 17:59:00+00:00,47.935001373291016,47.93999862670898,47.915000915527344,47.91999816894531,15575
2025-10-01 18:00:00+00:00,47.93999862670898,47.959999084472656,47.935001373291016,47.93999862670898,15965
2025-10-01 18:01:00+00:00,47.88999938964844,47.93999862670898,47.8849983215332,47.93999862670898,23572
2025-10-01 18:02:00+00:00,47.89910125732422,47.900001525878906,47.8849983215332,47.900001525878906,12855
2025-10-01 18:03:00+00:00,47.90499877929688,47.915000915527344,47.884498596191406,47.900001525878906,9662
2025-10-01 18:04:00+00:00,47.91999816894531,47.91999816894531,47.90900039672852,47.90900039672852,5879
2025-10-01 18:05:00+00:00,47.915000915527344,47.92499923706055,47.915000915527344,47.915000915527344,6585
2025-10-01 18:06:00+00:00,47.8849983215332,47.90999984741211,47.8849983215332,47.90999984741211,13345
2025-10-01 18:07:00+00:00,47.85900115966797,47.88999938964844,47.845001220703125,47.88999938964844,7814
2025-10-01 18:08:00+00:00,47.86000061035156,47.8650016784668,47.84999847412109,47.86000061035156,5589
2025-10-01 18:09:00+00:00,47.86180114746094,47.8650016784668,47.84999847412109,47.84999847412109,7982
2025-10-01 18:10:00+00:00,47.84000015258789,47.86000061035156,47.84000015258789,47.86000061035156,6924
2025-10-01 18:11:00+00:00,47.869998931884766,47.875,47.845001220703125,47.8484992980957,7761
2025-10-01 18:12:00+00:00,47.89500045776367,47.89619827270508,47.8650016784668,47.8650016784668,7588
2025-10-01 18:13:00+00:00,47.92499923706055,47.93000030517578,47.89500045776367,47.900001525878906,7841
2025-10-01 18:14:00+00:00,47.90499877929688,47.92990112304688,47.90499877929688,47.92499923706055,10585
2025-10-01 18:15:00+00:00,47.90499877929688,47.91849899291992,47.9015007019043,47.90499877929688,6330
2025-10-01 18:16:00+00:00,47.90890121459961,47.90999984741211,47.900001525878906,47.900001525878906,7976
2025-10-01 18:17:00+00:00,47.9281005859375,47.935001373291016,47.90999984741211,47.90999984741211,7861
2025-10-01 18:18:00+00:00,47.89500045776367,47.92499923706055,47.89500045776367,47.92499923706055,5173
2025-10-01 18:19:00+00:00,47.88999938964844,47.90470123291016,47.8849983215332,47.900001525878906,10262
2025-10-01 18:20:00+00:00,47.8650016784668,47.89500045776367,47.84999847412109,47.89310073852539,19418
2025-10-01 18:21:00+00:00,47.869998931884766,47.869998931884766,47.85499954223633,47.868499755859375,6190
2025-10-01 18:22:00+00:00,47.84999847412109,47.875,47.845001220703125,47.869998931884766,12177
2025-10-01 18:23:00+00:00,47.86000061035156,47.87009811401367,47.845001220703125,47.845001220703125,7680
2025-10-01 18:24:00+00:00,47.875,47.875301361083984,47.869998931884766,47.869998931884766,5250
2025-10-01 18:25:00+00:00,47.86349868774414,47.8849983215332,47.86349868774414,47.880001068115234,13452
2025-10-01 18:26:00+00:00,47.88890075683594,47.89500045776367,47.868499755859375,47.868499755859375,4185
2025-10-01 18:27:00+00:00,47.90499877929688,47.90499877929688,47.880001068115234,47.8849983215332,80791
2025-10-01 18:28:00+00:00,47.91999816894531,47.91999816894531,47.90499877929688,47.90499877929688,5538
2025-10-01 18:29:00+00:00,47.91999816894531,47.93000030517578,47.915000915527344,47.91999816894531,7115
2025-10-01 18:30:00+00:00,47.95500183105469,47.95500183105469,47.92499923706055,47.92499923706055,5740
2025-10-01 18:31:00+00:00,47.93999862670898,47.95000076293945,47.93999862670898,47.95000076293945,7919
2025-10-01 18:32:00+00:00,47.94499969482422,47.95000076293945,47.93999862670898,47.93999862670898,3197
2025-10-01 18:33:00+00:00,47.94499969482422,47.95989990234375,47.94499969482422,47.94499969482422,9112
2025-10-01 18:34:00+00:00,47.95000076293945,47.95000076293945,47.93999862670898,47.93999862670898,5539
2025-10-01 18:35:00+00:00,47.95500183105469,47.95500183105469,47.95500183105469,47.95500183105469,1069
2025-10-01 18:36:00+00:00,47.94499969482422,47.95500183105469,47.94499969482422,47.95500183105469,9310
2025-10-01 18:37:00+00:00,47.9453010559082,47.95000076293945,47.93000030517578,47.94499969482422,5782
2025-10-01 18:38:00+00:00,47.98500061035156,47.98500061035156,47.95000076293945,47.95000076293945,10404
2025-10-01 18:39:00+00:00,47.959999084472656,47.97999954223633,47.959999084472656,47.97999954223633,3904
2025-10-01 18:40:00+00:00,47.959999084472656,47.97499847412109,47.95500183105469,47.959999084472656,16079
2025-10-01 18:41:00+00:00,47.970001220703125,47.970001220703125,47.96149826049805,47.96500015258789,5051
2025-10-01 18:42:00+00:00,47.98500061035156,47.98509979248047,47.97999954223633,47.97999954223633,6847
2025-10-01 18:43:00+00:00,47.98500061035156,47.994998931884766,47.97499847412109,47.9900016784668,6652
2025-10-01 18:44:00+00:00,47.97499847412109,47.98500061035156,47.97499847412109,47.97999954223633,3627
2025-10-01 18:45:00+00:00,47.96500015258789,47.970001220703125,47.96500015258789,47.970001220703125,3812
2025-10-01 18:46:00+00:00,47.97499847412109,47.97499847412109,47.96500015258789,47.96500015258789,6135
2025-10-01 18:47:00+00:00,47.97999954223633,47.98500061035156,47.97499847412109,47.97499847412109,4231
2025-10-01 18:48:00+00:00,47.97499847412109,47.97999954223633,47.96500015258789,47.97999954223633,7858
2025-10-01 18:49:00+00:00,47.96500015258789,47.97999954223633,47.96500015258789,47.9744987487793,7795
2025-10-01 18:50:00+00:00,47.93999862670898,47.96500015258789,47.93999862670898,47.96500015258789,7475
2025-10-01 18:51:00+00:00,47.95500183105469,47.96500015258789,47.93349838256836,47.93999862670898,14958
2025-10-01 18:52:00+00:00,47.96220016479492,47.96500015258789,47.94499969482422,47.95000076293945,9046
2025-10-01 18:53:00+00:00,47.97499847412109,47.97850036621094,47.96500015258789,47.96500015258789,6231
2025-10-01 18:54:00+00:00,47.9900016784668,47.9900016784668,47.97159957885742,47.97499847412109,9378
2025-10-01 18:55:00+00:00,47.97999954223633,47.9900016784668,47.97499847412109,47.9900016784668,6418
2025-10-01 18:56:00+00:00,47.994998931884766,47.994998931884766,47.97499847412109,47.97499847412109,6328
2025-10-01 18:57:00+00:00,48.005001068115234,48.005001068115234,47.97999954223633,47.9900016784668,71907
2025-10-01 18:58:00+00:00,48.0099983215332,48.02999877929688,48.00249862670898,48.005001068115234,34827
2025-10-01 18:59:00+00:00,48.01499938964844,48.02000045776367,47.994998931884766,48.01499938964844,30766
2025-10-01 19:00:00+00:00,47.97999954223633,48.02000045776367,47.97999954223633,48.01499938964844,29557
2025-10-01 19:01:00+00:00,47.97999954223633,47.98500061035156,47.959999084472656,47.97499847412109,11674
2025-10-01 19:02:00+00:00,47.97999954223633,48.0,47.97499847412109,47.98500061035156,7459
2025-10-01 19:03:00+00:00,47.96500015258789,47.97499847412109,47.95500183105469,47.97499847412109,11360
2025-10-01 19:04:00+00:00,47.97999954223633,47.98500061035156,47.95500183105469,47.96500015258789,11887
2025-10-01 19:05:00+00:00,47.97499847412109,47.9900016784668,47.97499847412109,47.97999954223633,14241
2025-10-01 19:06:00+00:00,47.97499847412109,47.97999954223633,47.959999084472656,47.97499847412109,10938
2025-10-01 19:07:00+00:00,47.959999084472656,47.97499847412109,47.959999084472656,47.970001220703125,21207
2025-10-01 19:08:00+00:00,47.915000915527344,47.96500015258789,47.90499877929688,47.96500015258789,15312
2025-10-01 19:09:00+00:00,47.92499923706055,47.93000030517578,47.915000915527344,47.91999816894531,7542
2025-10-01 19:10:00+00:00,47.95000076293945,47.95000076293945,47.92499923706055,47.92499923706055,7231
2025-10-01 19:11:00+00:00,47.92499923706055,47.93999862670898,47.90999984741211,47.93999862670898,31146
2025-10-01 19:12:00+00:00,47.915000915527344,47.935001373291016,47.915000915527344,47.92599868774414,25756
2025-10-01 19:13:00+00:00,47.915000915527344,47.928504943847656,47.90999984741211,47.91999816894531,18526
2025-10-01 19:14:00+00:00,47.93000030517578,47.93000030517578,47.90349960327149,47.90999984741211,5461
2025-10-01 19:15:00+00:00,47.92499923706055,47.935001373291016,47.91999816894531,47.93000030517578,13608
2025-10-01 19:16:00+00:00,47.900001525878906,47.935001373291016,47.900001525878906,47.93000030517578,11183
2025-10-01 19:17:00+00:00,47.900001525878906,47.90499877929688,47.8921012878418,47.90499877929688,9454
2025-10-01 19:18:00+00:00,47.90499877929688,47.90999984741211,47.90499877929688,47.90499877929688,8494
2025-10-01 19:19:00+00:00,47.880001068115234,47.90999984741211,47.875,47.90499877929688,40180
2025-10-01 19:20:00+00:00,47.88999938964844,47.88999938964844,47.869998931884766,47.88880157470703,6671
2025-10-01 19:21:00+00:00,47.89500045776367,47.900001525878906,47.88999938964844,47.88999938964844,5275
2025-10-01 19:22:00+00:00,47.89500045776367,47.90999984741211,47.89500045776367,47.900001525878906,9234
2025-10-01 19:23:00+00:00,47.89500045776367,47.90999984741211,47.8849983215332,47.900001525878906,16932
2025-10-01 19:24:00+00:00,47.89500045776367,47.90950012207031,47.89500045776367,47.89500045776367,17504
2025-10-01 19:25:00+00:00,47.89500045776367,47.90499877929688,47.88999938964844,47.900001525878906,6231
2025-10-01 19:26:00+00:00,47.875,47.88999938964844,47.86489868164063,47.88999938964844,23227
2025-10-01 19:27:00+00:00,47.875,47.875,47.86000061035156,47.869998931884766,14167
2025-10-01 19:28:00+00:00,47.8849983215332,47.88999938964844,47.8650016784668,47.869998931884766,17438
2025-10-01 19:29:00+00:00,47.935001373291016,47.935001373291016,47.8849983215332,47.88999938964844,13055
2025-10-01 19:30:00+00:00,47.915000915527344,47.94499969482422,47.90999984741211,47.93999862670898,31186
2025-10-01 19:31:00+00:00,47.90499877929688,47.91999816894531,47.900001525878906,47.915000915527344,16133
2025-10-01 19:32:00+00:00,47.915000915527344,47.929298400878906,47.90999984741211,47.90999984741211,13813
2025-10-01 19:33:00+00:00,47.915000915527344,47.92900085449219,47.915000915527344,47.915000915527344,11914
2025-10-01 19:34:00+00:00,47.93999862670898,47.95000076293945,47.91999816894531,47.91999816894531,20808
2025-10-01 19:35:00+00:00,47.94499969482422,47.94900131225586,47.935001373291016,47.94499969482422,11102
2025-10-01 19:36:00+00:00,47.94499969482422,47.95500183105469,47.94499969482422,47.94499969482422,11666
2025-10-01 19:37:00+00:00,47.94499969482422,47.95000076293945,47.94499969482422,47.94499969482422,11120
2025-10-01 19:38:00+00:00,47.94499969482422,47.95500183105469,47.93999862670898,47.94499969482422,38269
2025-10-01 19:39:00+00:00,47.93999862670898,47.95500183105469,47.935001373291016,47.94499969482422,26338
2025-10-01 19:40:00+00:00,47.92499923706055,47.94499969482422,47.900001525878906,47.94499969482422,147952
2025-10-01 19:41:00+00:00,47.915000915527344,47.93999862670898,47.90999984741211,47.93000030517578,23097
2025-10-01 19:42:00+00:00,47.89500045776367,47.93000030517578,47.890098571777344,47.915000915527344,38179
2025-10-01 19:43:00+00:00,47.89500045776367,47.89630126953125,47.88999938964844,47.89500045776367,8442
2025-10-01 19:44:00+00:00,47.900001525878906,47.90999984741211,47.89500045776367,47.89500045776367,17163
2025-10-01 19:45:00+00:00,47.88560104370117,47.90499877929688,47.8849983215332,47.90499877929688,30517
2025-10-01 19:46:00+00:00,47.88999938964844,47.900001525878906,47.88349914550781,47.88999938964844,22348
2025-10-01 19:47:00+00:00,47.880001068115234,47.88999938964844,47.880001068115234,47.88650131225586,18397
2025-10-01 19:48:00+00:00,47.88999938964844,47.89500045776367,47.880001068115234,47.8849983215332,24471
2025-10-01 19:49:00+00:00,47.8650016784668,47.88999938964844,47.8650016784668,47.8849983215332,33232
2025-10-01 19:50:00+00:00,47.89500045776367,47.90499877929688,47.8650016784668,47.869998931884766,92002
2025-10-01 19:51:00+00:00,47.90499877929688,47.90999984741211,47.8849983215332,47.900001525878906,50981
2025-10-01 19:52:00+00:00,47.8849983215332,47.90850067138672,47.88249969482422,47.90499877929688,30856
2025-10-01 19:53:00+00:00,47.88999938964844,47.89500045776367,47.869998931884766,47.88999938964844,37713
2025-10-01 19:54:00+00:00,47.869998931884766,47.900001525878906,47.869998931884766,47.8849983215332,68196
2025-10-01 19:55:00+00:00,47.8650016784668,47.880001068115234,47.86000061035156,47.875,65564
2025-10-01 19:56:00+00:00,47.84999847412109,47.875,47.84999847412109,47.8650016784668,51383
2025-10-01 19:57:00+00:00,47.85499954223633,47.875,47.84999847412109,47.86000061035156,82317
2025-10-01 19:58:00+00:00,47.875,47.875,47.84000015258789,47.8568000793457,135612
2025-10-01 19:59:00+00:00,47.880001068115234,47.8849983215332,47.86000061035156,47.875,203339
2025-10-02 13:30:00+00:00,47.7400016784668,48.0,47.73500061035156,47.86000061035156,76717
2025-10-02 13:31:00+00:00,47.90999984741211,47.90999984741211,47.76499938964844,47.76499938964844,8845
2025-10-02 13:32:00+00:00,47.93000030517578,48.0,47.91999816894531,47.94499969482422,26670
2025-10-02 13:33:00+00:00,47.95000076293945,47.959999084472656,47.88999938964844,47.92499923706055,8578
2025-10-02 13:34:00+00:00,47.935001373291016,47.95000076293945,47.900001525878906,47.95000076293945,5936
2025-10-02 13:35:00+00:00,47.900001525878906,47.935001373291016,47.869998931884766,47.935001373291016,8029
2025-10-02 13:36:00+00:00,47.95000076293945,47.95000076293945,47.89500045776367,47.90999984741211,7546
2025-10-02 13:37:00+00:00,47.98500061035156,48.0,47.90999984741211,47.970001220703125,16583
2025-10-02 13:38:00+00:00,47.93000030517578,48.0,47.93000030517578,47.98500061035156,15051
2025-10-02 13:39:00+00:00,47.81499862670898,47.95000076293945,47.79999923706055,47.92499923706055,36643
2025-10-02 13:40:00+00:00,47.7599983215332,47.81589889526367,47.720001220703125,47.81589889526367,19884
2025-10-02 13:41:00+00:00,47.72999954223633,47.74589920043945,47.69499969482422,47.74589920043945,14092
2025-10-02 13:42:00+00:00,47.77000045776367,47.77999877929688,47.730201721191406,47.73500061035156,12537
2025-10-02 13:43:00+00:00,47.7599983215332,47.77000045776367,47.7400016784668,47.7599983215332,6586
2025-10-02 13:44:00+00:00,47.79999923706055,47.80500030517578,47.7599983215332,47.77000045776367,12341
2025-10-02 13:45:00+00:00,47.86000061035156,47.86000061035156,47.76499938964844,47.79999923706055,55078
2025-10-02 13:46:00+00:00,47.790000915527344,47.8650016784668,47.76499938964844,47.86000061035156,18602
2025-10-02 13:47:00+00:00,47.845001220703125,47.84510040283203,47.790000915527344,47.790000915527344,17380
2025-10-02 13:48:00+00:00,47.88999938964844,47.89500045776367,47.83000183105469,47.84999847412109,11848
2025-10-02 13:49:00+00:00,47.90499877929688,47.90999984741211,47.875,47.8849983215332,24337
2025-10-02 13:50:00+00:00,47.93000030517578,47.93000030517578,47.90499877929688,47.90499877929688,7802
2025-10-02 13:51:00+00:00,47.97999954223633,47.97999954223633,47.93000030517578,47.93000030517578,20943
2025-10-02 13:52:00+00:00,48.0099983215332,48.010101318359375,47.970001220703125,47.97999954223633,6442
2025-10-02 13:53:00+00:00,48.060001373291016,48.08000183105469,48.02000045776367,48.02000045776367,10663
2025-10-02 13:54:00+00:00,48.060001373291016,48.06499862670898,48.02000045776367,48.060001373291016,7090
2025-10-02 13:55:00+00:00,48.10499954223633,48.1150016784668,48.0536994934082,48.0536994934082,8778
2025-10-02 13:56:00+00:00,48.084999084472656,48.09999847412109,48.06999969482422,48.09999847412109,6201
2025-10-02 13:57:00+00:00,47.994998931884766,48.06999969482422,47.97999954223633,48.06999969482422,12907
2025-10-02 13:58:00+00:00,48.0,48.005001068115234,47.959999084472656,47.98500061035156,10971
2025-10-02 13:59:00+00:00,48.025001525878906,48.040000915527344,47.994998931884766,48.0,11133
2025-10-02 14:00:00+00:00,48.02999877929688,48.02999877929688,47.970001220703125,48.02999877929688,37655
2025-10-02 14:01:00+00:00,47.97999954223633,48.02000045776367,47.95000076293945,48.02000045776367,18139
2025-10-02 14:02:00+00:00,47.959999084472656,47.97499847412109,47.95000076293945,47.970001220703125,6722
2025-10-02 14:03:00+00:00,47.95000076293945,47.96500015258789,47.93999862670898,47.93999862670898,10835
2025-10-02 14:04:00+00:00,47.90499877929688,47.93999862670898,47.90499877929688,47.93999862670898,7769
2025-10-02 14:05:00+00:00,47.90499877929688,47.915000915527344,47.88999938964844,47.90499877929688,7079
2025-10-02 14:06:00+00:00,47.78499984741211,47.900001525878906,47.78499984741211,47.900001525878906,27657
2025-10-02 14:07:00+00:00,47.77000045776367,47.77999877929688,47.70000076293945,47.775001525878906,39042
2025-10-02 14:08:00+00:00,47.744998931884766,47.77000045776367,47.744998931884766,47.77000045776367,5493
2025-10-02 14:09:00+00:00,47.70500183105469,47.7599983215332,47.70500183105469,47.7599983215332,18131
2025-10-02 14:10:00+00:00,47.74990081787109,47.7599983215332,47.70500183105469,47.709999084472656,10693
2025-10-02 14:11:00+00:00,47.755001068115234,47.755001068115234,47.72999954223633,47.7400016784668,11993
2025-10-02 14:12:00+00:00,47.720001220703125,47.77000045776367,47.720001220703125,47.76499938964844,13876
2025-10-02 14:13:00+00:00,47.72999954223633,47.73500061035156,47.70000076293945,47.709999084472656,35662
2025-10-02 14:14:00+00:00,47.70000076293945,47.72499847412109,47.68000030517578,47.72499847412109,11723
2025-10-02 14:15:00+00:00,47.709999084472656,47.72999954223633,47.68999862670898,47.69499969482422,21568
2025-10-02 14:16:00+00:00,47.68000030517578,47.72499847412109,47.67499923706055,47.71500015258789,17293
2025-10-02 14:17:00+00:00,47.67499923706055,47.68000030517578,47.63999938964844,47.68000030517578,12104
2025-10-02 14:18:00+00:00,47.69499969482422,47.71500015258789,47.68000030517578,47.68000030517578,10222
2025-10-02 14:19:00+00:00,47.66999816894531,47.69499969482422,47.65999984741211,47.69499969482422,14697
2025-10-02 14:20:00+00:00,47.68000030517578,47.68000030517578,47.65999984741211,47.66999816894531,7852
2025-10-02 14:21:00+00:00,47.65999984741211,47.685001373291016,47.65999984741211,47.68000030517578,14360
2025-10-02 14:22:00+00:00,47.64500045776367,47.67499923706055,47.64500045776367,47.665000915527344,7403
2025-10-02 14:23:00+00:00,47.64500045776367,47.65499877929688,47.630001068115234,47.64500045776367,17419
2025-10-02 14:24:00+00:00,47.650001525878906,47.65499877929688,47.63999938964844,47.65499877929688,5493
2025-10-02 14:25:00+00:00,47.64500045776367,47.65999984741211,47.6349983215332,47.65999984741211,9417
2025-10-02 14:26:00+00:00,47.665000915527344,47.665000915527344,47.6349983215332,47.64500045776367,6125
2025-10-02 14:27:00+00:00,47.67499923706055,47.67499923706055,47.63999938964844,47.665000915527344,10028
2025-10-02 14:28:00+00:00,47.720001220703125,47.72999954223633,47.68000030517578,47.68000030517578,8389
2025-10-02 14:29:00+00:00,47.720001220703125,47.744998931884766,47.720001220703125,47.720001220703125,8369
2025-10-02 14:30:00+00:00,47.755001068115234,47.755001068115234,47.70500183105469,47.720001220703125,14750
2025-10-02 14:31:00+00:00,47.744998931884766,47.78499984741211,47.74150085449219,47.758399963378906,11942
2025-10-02 14:32:00+00:00,47.744998931884766,47.76499938964844,47.7400016784668,47.7400016784668,7749
2025-10-02 14:33:00+00:00,47.709999084472656,47.76499938964844,47.70000076293945,47.755001068115234,24672
2025-10-02 14:34:00+00:00,47.720001220703125,47.73500061035156,47.71500015258789,47.720001220703125,7657
2025-10-02 14:35:00+00:00,47.71500015258789,47.72579956054688,47.70500183105469,47.720001220703125,11006
2025-10-02 14:36:00+00:00,47.709999084472656,47.72999954223633,47.70500183105469,47.709999084472656,13165
2025-10-02 14:37:00+00:00,47.70000076293945,47.71500015258789,47.685001373291016,47.71500015258789,14876
2025-10-02 14:38:00+00:00,47.685001373291016,47.70500183105469,47.67499923706055,47.70500183105469,9130
2025-10-02 14:39:00+00:00,47.7150993347168,47.7150993347168,47.68999862670898,47.68999862670898,24738
2025-10-02 14:40:00+00:00,47.74509811401367,47.755001068115234,47.70500183105469,47.709999084472656,23786
2025-10-02 14:41:00+00:00,47.80500030517578,47.81990051269531,47.744998931884766,47.744998931884766,11325
2025-10-02 14:42:00+00:00,47.79499816894531,47.80500030517578,47.77999877929688,47.80500030517578,6695
2025-10-02 14:43:00+00:00,47.77000045776367,47.79499816894531,47.77000045776367,47.79499816894531,11131
2025-10-02 14:44:00+00:00,47.75469970703125,47.76499938964844,47.75469970703125,47.76499938964844,4293
2025-10-02 14:45:00+00:00,47.755001068115234,47.775001525878906,47.75090026855469,47.7599983215332,6587
2025-10-02 14:46:00+00:00,47.7400016784668,47.75,47.720001220703125,47.75,8468
2025-10-02 14:47:00+00:00,47.7599983215332,47.775001525878906,47.744998931884766,47.744998931884766,11175
2025-10-02 14:48:00+00:00,47.72499847412109,47.77000045776367,47.72499847412109,47.77000045776367,6587
2025-10-02 14:49:00+00:00,47.755001068115234,47.757999420166016,47.72999954223633,47.72999954223633,9172
2025-10-02 14:50:00+00:00,47.76499938964844,47.76499938964844,47.73500061035156,47.75,7712
2025-10-02 14:51:00+00:00,47.76499938964844,47.775001525878906,47.75,47.7681999206543,6379
2025-10-02 14:52:00+00:00,47.78499984741211,47.78499984741211,47.755001068115234,47.755001068115234,6110
2025-10-02 14:53:00+00:00,47.744998931884766,47.77999877929688,47.744998931884766,47.77999877929688,6172
2025-10-02 14:54:00+00:00,47.73500061035156,47.755001068115234,47.73500061035156,47.7401008605957,7404
2025-10-02 14:55:00+00:00,47.7400016784668,47.744998931884766,47.73500061035156,47.7400016784668,7221
2025-10-02 14:56:00+00:00,47.7599983215332,47.76499938964844,47.7400016784668,47.75,8877
2025-10-02 14:57:00+00:00,47.775001525878906,47.77510070800781,47.755001068115234,47.7599983215332,6978
2025-10-02 14:58:00+00:00,47.76499938964844,47.77099990844727,47.7599983215332,47.77099990844727,4261
2025-10-02 14:59:00+00:00,47.75,47.775001525878906,47.75,47.76499938964844,5432
2025-10-02 15:00:00+00:00,47.775001525878906,47.77999877929688,47.75,47.76499938964844,13365
2025-10-02 15:01:00+00:00,47.75139999389648,47.785099029541016,47.75,47.77999877929688,10845
2025-10-02 15:02:00+00:00,47.750099182128906,47.77000045776367,47.7400016784668,47.755001068115234,10547
2025-10-02 15:03:00+00:00,47.77999877929688,47.790000915527344,47.75,47.75,9107
2025-10-02 15:04:00+00:00,47.76499938964844,47.775001525878906,47.7599983215332,47.77000045776367,9033
2025-10-02 15:05:00+00:00,47.77999877929688,47.80989837646485,47.77000045776367,47.77000045776367,7254
2025-10-02 15:06:00+00:00,47.79999923706055,47.79999923706055,47.77000045776367,47.77999877929688,15562
2025-10-02 15:07:00+00:00,47.81499862670898,47.81499862670898,47.79499816894531,47.80500030517578,4054
2025-10-02 15:08:00+00:00,47.81999969482422,47.82770156860352,47.810001373291016,47.81129837036133,9745
2025-10-02 15:09:00+00:00,47.82149887084961,47.834999084472656,47.81829833984375,47.834999084472656,5062
2025-10-02 15:10:00+00:00,47.834999084472656,47.8385009765625,47.81969833374024,47.81999969482422,4471
2025-10-02 15:11:00+00:00,47.79999923706055,47.83000183105469,47.79499816894531,47.83000183105469,10086
2025-10-02 15:12:00+00:00,47.755001068115234,47.79999923706055,47.755001068115234,47.79999923706055,7584
2025-10-02 15:13:00+00:00,47.72499847412109,47.75,47.70500183105469,47.75,7820
2025-10-02 15:14:00+00:00,47.709999084472656,47.72499847412109,47.709999084472656,47.72499847412109,3015
2025-10-02 15:15:00+00:00,47.70500183105469,47.71500015258789,47.69919967651367,47.709999084472656,6755
2025-10-02 15:16:00+00:00,47.685001373291016,47.70000076293945,47.685001373291016,47.70000076293945,5631
2025-10-02 15:17:00+00:00,47.68000030517578,47.68000030517578,47.65999984741211,47.67499923706055,6896
2025-10-02 15:18:00+00:00,47.66510009765625,47.685001373291016,47.65999984741211,47.685001373291016,5406
2025-10-02 15:19:00+00:00,47.65499877929688,47.66999816894531,47.65129852294922,47.665000915527344,3816
2025-10-02 15:20:00+00:00,47.619998931884766,47.65999984741211,47.61180114746094,47.65499877929688,13627
2025-10-02 15:21:00+00:00,47.630001068115234,47.63980102539063,47.625,47.625,5082
2025-10-02 15:22:00+00:00,47.650001525878906,47.65499877929688,47.630001068115234,47.630001068115234,6502
2025-10-02 15:23:00+00:00,47.665000915527344,47.665000915527344,47.6349983215332,47.65999984741211,8769
2025-10-02 15:24:00+00:00,47.665000915527344,47.665000915527344,47.65499877929688,47.65999984741211,7692
2025-10-02 15:25:00+00:00,47.71500015258789,47.72499847412109,47.67499923706055,47.67499923706055,17862
2025-10-02 15:26:00+00:00,47.69499969482422,47.720001220703125,47.67499923706055,47.71500015258789,14304
2025-10-02 15:27:00+00:00,47.68000030517578,47.685001373291016,47.67499923706055,47.685001373291016,8254
2025-10-02 15:28:00+00:00,47.66999816894531,47.68999862670898,47.66999816894531,47.68999862670898,6675
2025-10-02 15:29:00+00:00,47.685001373291016,47.69499969482422,47.66999816894531,47.68000030517578,8955
2025-10-02 15:30:00+00:00,47.69850158691406,47.69850158691406,47.685001373291016,47.68999862670898,5278
2025-10-02 15:31:00+00:00,47.720001220703125,47.720001220703125,47.68999862670898,47.69169998168945,5074
2025-10-02 15:32:00+00:00,47.69499969482422,47.70000076293945,47.685001373291016,47.70000076293945,7517
2025-10-02 15:33:00+00:00,47.685001373291016,47.70000076293945,47.685001373291016,47.69100189208984,4556
2025-10-02 15:34:00+00:00,47.67499923706055,47.69499969482422,47.66999816894531,47.69499969482422,6188
2025-10-02 15:35:00+00:00,47.650001525878906,47.67499923706055,47.630001068115234,47.67499923706055,13944
2025-10-02 15:36:00+00:00,47.65999984741211,47.66899871826172,47.650001525878906,47.65999984741211,52703
2025-10-02 15:37:00+00:00,47.625,47.665000915527344,47.625,47.665000915527344,16321
2025-10-02 15:38:00+00:00,47.64500045776367,47.64500045776367,47.62387847900391,47.630001068115234,7676
2025-10-02 15:39:00+00:00,47.65999984741211,47.65999984741211,47.625,47.63999938964844,11055
2025-10-02 15:40:00+00:00,47.685001373291016,47.69499969482422,47.65999984741211,47.65999984741211,6007
2025-10-02 15:41:00+00:00,47.70880126953125,47.70880126953125,47.69499969482422,47.69499969482422,5602
2025-10-02 15:42:00+00:00,47.71500015258789,47.71500015258789,47.69279861450195,47.709999084472656,5343
2025-10-02 15:43:00+00:00,47.73500061035156,47.744998931884766,47.720001220703125,47.720001220703125,8244
2025-10-02 15:44:00+00:00,47.75,47.75,47.73500061035156,47.73500061035156,4133
2025-10-02 15:45:00+00:00,47.775001525878906,47.775001525878906,47.744998931884766,47.744998931884766,6404
2025-10-02 15:46:00+00:00,47.80500030517578,47.80500030517578,47.775001525878906,47.775001525878906,8647
2025-10-02 15:47:00+00:00,47.79499816894531,47.81499862670898,47.78499984741211,47.80500030517578,10477
2025-10-02 15:48:00+00:00,47.76499938964844,47.790000915527344,47.7599983215332,47.790000915527344,9443
2025-10-02 15:49:00+00:00,47.769901275634766,47.77999877929688,47.76499938964844,47.77000045776367,3169
2025-10-02 15:50:00+00:00,47.78499984741211,47.790000915527344,47.75,47.76499938964844,24782
2025-10-02 15:51:00+00:00,47.77999877929688,47.790000915527344,47.77000045776367,47.77999877929688,8675
2025-10-02 15:52:00+00:00,47.790000915527344,47.790000915527344,47.76499938964844,47.77000045776367,7946
2025-10-02 15:53:00+00:00,47.78499984741211,47.79499816894531,47.77999877929688,47.78499984741211,4352
2025-10-02 15:54:00+00:00,47.79499816894531,47.79499816894531,47.775001525878906,47.78499984741211,3694
2025-10-02 15:55:00+00:00,47.7599983215332,47.79499816894531,47.755001068115234,47.79100036621094,9682
2025-10-02 15:56:00+00:00,47.75,47.77000045776367,47.73500061035156,47.77000045776367,16707
2025-10-02 15:57:00+00:00,47.720001220703125,47.75,47.71500015258789,47.75,12650
2025-10-02 15:58:00+00:00,47.709999084472656,47.72999954223633,47.70500183105469,47.72499847412109,8255
2025-10-02 15:59:00+00:00,47.71200180053711,47.720001220703125,47.71009826660156,47.71500015258789,2907
2025-10-02 16:00:00+00:00,47.720001220703125,47.720001220703125,47.70130157470703,47.709999084472656,7401
2025-10-02 16:01:00+00:00,47.73500061035156,47.75,47.72499847412109,47.72499847412109,23374
2025-10-02 16:02:00+00:00,47.72499847412109,47.7400016784668,47.720001220703125,47.72999954223633,3957
2025-10-02 16:03:00+00:00,47.73500061035156,47.73500061035156,47.72499847412109,47.72499847412109,9500
2025-10-02 16:04:00+00:00,47.70500183105469,47.72999954223633,47.70500183105469,47.72999954223633,4780
2025-10-02 16:05:00+00:00,47.68999862670898,47.70000076293945,47.66999816894531,47.70000076293945,13873
2025-10-02 16:06:00+00:00,47.685001373291016,47.70500183105469,47.685001373291016,47.69499969482422,8134
2025-10-02 16:07:00+00:00,47.685001373291016,47.685001373291016,47.67499923706055,47.685001373291016,8473
2025-10-02 16:08:00+00:00,47.65999984741211,47.685001373291016,47.65499877929688,47.685001373291016,11959
2025-10-02 16:09:00+00:00,47.65499877929688,47.65499877929688,47.6510009765625,47.6510009765625,8267
2025-10-02 16:10:00+00:00,47.65499877929688,47.65850067138672,47.63999938964844,47.65499877929688,4240
2025-10-02 16:11:00+00:00,47.67499923706055,47.68999862670898,47.65999984741211,47.65999984741211,7329
2025-10-02 16:12:00+00:00,47.65999984741211,47.685001373291016,47.65999984741211,47.67499923706055,6091
2025-10-02 16:13:00+00:00,47.685001373291016,47.685001373291016,47.65499877929688,47.65999984741211,11003
2025-10-02 16:14:00+00:00,47.70500183105469,47.70500183105469,47.685001373291016,47.685001373291016,14300
2025-10-02 16:15:00+00:00,47.709999084472656,47.72499847412109,47.70500183105469,47.70500183105469,7079
2025-10-02 16:16:00+00:00,47.71500015258789,47.71500015258789,47.70009994506836,47.70500183105469,5802
2025-10-02 16:17:00+00:00,47.72499847412109,47.72499847412109,47.71500015258789,47.71500015258789,4585
2025-10-02 16:18:00+00:00,47.71500015258789,47.72999954223633,47.71500015258789,47.72499847412109,6932
2025-10-02 16:19:00+00:00,47.71009826660156,47.71500015258789,47.70500183105469,47.709999084472656,3883
2025-10-02 16:20:00+00:00,47.686500549316406,47.709999084472656,47.685001373291016,47.709999084472656,3598
2025-10-02 16:21:00+00:00,47.66999816894531,47.685001373291016,47.65999984741211,47.685001373291016,12594
2025-10-02 16:22:00+00:00,47.68999862670898,47.68999862670898,47.665000915527344,47.67499923706055,6976
2025-10-02 16:23:00+00:00,47.70500183105469,47.70500183105469,47.685001373291016,47.68999862670898,5999
2025-10-02 16:24:00+00:00,47.72499847412109,47.72499847412109,47.70849990844727,47.70849990844727,6086
2025-10-02 16:25:00+00:00,47.72999954223633,47.7400016784668,47.71500015258789,47.72999954223633,16131
2025-10-02 16:26:00+00:00,47.7400016784668,47.7400016784668,47.72499847412109,47.73500061035156,6395
2025-10-02 16:27:00+00:00,47.750099182128906,47.7598991394043,47.73500061035156,47.7400016784668,16144
2025-10-02 16:28:00+00:00,47.749000549316406,47.755001068115234,47.744998931884766,47.755001068115234,10339
2025-10-02 16:29:00+00:00,47.755001068115234,47.755001068115234,47.73500061035156,47.7400016784668,9633
2025-10-02 16:30:00+00:00,47.74150085449219,47.75,47.73929977416992,47.75,5302
2025-10-02 16:31:00+00:00,47.73500061035156,47.744998931884766,47.73500061035156,47.7400016784668,3534
2025-10-02 16:32:00+00:00,47.72999954223633,47.7401008605957,47.72930145263672,47.73500061035156,5906
2025-10-02 16:33:00+00:00,47.72999954223633,47.744998931884766,47.72999954223633,47.73500061035156,5414
2025-10-02 16:34:00+00:00,47.751800537109375,47.755001068115234,47.72999954223633,47.72999954223633,3369
2025-10-02 16:35:00+00:00,47.76499938964844,47.76499938964844,47.75,47.7599983215332,11879
2025-10-02 16:36:00+00:00,47.755001068115234,47.76499938964844,47.7400016784668,47.76499938964844,7837
2025-10-02 16:37:00+00:00,47.74850082397461,47.755001068115234,47.7400016784668,47.75,4292
2025-10-02 16:38:00+00:00,47.7400016784668,47.755001068115234,47.7400016784668,47.755001068115234,4690
2025-10-02 16:39:00+00:00,47.72499847412109,47.73500061035156,47.720001220703125,47.73500061035156,2697
2025-10-02 16:40:00+00:00,47.7400016784668,47.7400016784668,47.720001220703125,47.721099853515625,8032
2025-10-02 16:41:00+00:00,47.72999954223633,47.74150085449219,47.720001220703125,47.7400016784668,5608
2025-10-02 16:42:00+00:00,47.73500061035156,47.7400016784668,47.72999954223633,47.73500061035156,3443
2025-10-02 16:43:00+00:00,47.7599983215332,47.77000045776367,47.7400016784668,47.7400016784668,6311
2025-10-02 16:44:00+00:00,47.7599983215332,47.77999877929688,47.7599983215332,47.77000045776367,7512
2025-10-02 16:45:00+00:00,47.76499938964844,47.76499938964844,47.73500061035156,47.7599983215332,5943
2025-10-02 16:46:00+00:00,47.78499984741211,47.78499984741211,47.7599983215332,47.76499938964844,5579
2025-10-02 16:47:00+00:00,47.775001525878906,47.78499984741211,47.76499938964844,47.78499984741211,7750
2025-10-02 16:48:00+00:00,47.77999877929688,47.790000915527344,47.775001525878906,47.775001525878906,9827
2025-10-02 16:49:00+00:00,47.78900146484375,47.78900146484375,47.76359939575195,47.775001525878906,3369
2025-10-02 16:50:00+00:00,47.790000915527344,47.790000915527344,47.78150177001953,47.78150177001953,6489
2025-10-02 16:51:00+00:00,47.77000045776367,47.79499816894531,47.77000045776367,47.79499816894531,3820
2025-10-02 16:52:00+00:00,47.775001525878906,47.77510070800781,47.76499938964844,47.77510070800781,2749
2025-10-02 16:53:00+00:00,47.80379867553711,47.80379867553711,47.77999877929688,47.77999877929688,5320
2025-10-02 16:54:00+00:00,47.790000915527344,47.80500030517578,47.790000915527344,47.80500030517578,7806
2025-10-02 16:55:00+00:00,47.78499984741211,47.79999923706055,47.7843017578125,47.79499816894531,5738
2025-10-02 16:56:00+00:00,47.744998931884766,47.78499984741211,47.744998931884766,47.78499984741211,9606
2025-10-02 16:57:00+00:00,47.75,47.755001068115234,47.7400016784668,47.744998931884766,23237
2025-10-02 16:58:00+00:00,47.7598991394043,47.7598991394043,47.75,47.755001068115234,5577
2025-10-02 16:59:00+00:00,47.73500061035156,47.75910186767578,47.72999954223633,47.755001068115234,6989
2025-10-02 17:00:00+00:00,47.71149826049805,47.73870086669922,47.71149826049805,47.72999954223633,6375
2025-10-02 17:01:00+00:00,47.70500183105469,47.71500015258789,47.70000076293945,47.709999084472656,4885
2025-10-02 17:02:00+00:00,47.709999084472656,47.72499847412109,47.709999084472656,47.709999084472656,3600
2025-10-02 17:03:00+00:00,47.720001220703125,47.720001220703125,47.70000076293945,47.70000076293945,5295
2025-10-02 17:04:00+00:00,47.73500061035156,47.73989868164063,47.72999954223633,47.72999954223633,3720
2025-10-02 17:05:00+00:00,47.73500061035156,47.755001068115234,47.72999954223633,47.72999954223633,33538
2025-10-02 17:06:00+00:00,47.75149917602539,47.7599983215332,47.7400016784668,47.7400016784668,5519
2025-10-02 17:07:00+00:00,47.73500061035156,47.76499938964844,47.73500061035156,47.755001068115234,8984
2025-10-02 17:08:00+00:00,47.75,47.75,47.720001220703125,47.72999954223633,4777
2025-10-02 17:09:00+00:00,47.75,47.755001068115234,47.744998931884766,47.744998931884766,3420
2025-10-02 17:10:00+00:00,47.76499938964844,47.76499938964844,47.7400016784668,47.7400016784668,8055
2025-10-02 17:11:00+00:00,47.75,47.7599983215332,47.75,47.7599983215332,3589
2025-10-02 17:12:00+00:00,47.764198303222656,47.76499938964844,47.75,47.75,6211
2025-10-02 17:13:00+00:00,47.78499984741211,47.790000915527344,47.76499938964844,47.76499938964844,6215
2025-10-02 17:14:00+00:00,47.78499984741211,47.790000915527344,47.77999877929688,47.78499984741211,6878
2025-10-02 17:15:00+00:00,47.775001525878906,47.785301208496094,47.76499938964844,47.77999877929688,14916
2025-10-02 17:16:00+00:00,47.78179931640625,47.78499984741211,47.774200439453125,47.77510070800781,5006
2025-10-02 17:17:00+00:00,47.78499984741211,47.790000915527344,47.775001525878906,47.77999877929688,3432
2025-10-02 17:18:00+00:00,47.79499816894531,47.79499816894531,47.78010177612305,47.78010177612305,9453
2025-10-02 17:19:00+00:00,47.79499816894531,47.80500030517578,47.790000915527344,47.79499816894531,16817
2025-10-02 17:20:00+00:00,47.79499816894531,47.80500030517578,47.79499816894531,47.79850006103516,5404
2025-10-02 17:21:00+00:00,47.80500030517578,47.80500030517578,47.79499816894531,47.79499816894531,3126
2025-10-02 17:22:00+00:00,47.810001373291016,47.810001373291016,47.79029846191406,47.79999923706055,9071
2025-10-02 17:23:00+00:00,47.81499862670898,47.81869888305664,47.81499862670898,47.81499862670898,1752
2025-10-02 17:24:00+00:00,47.79499816894531,47.81499862670898,47.79499816894531,47.81499862670898,6982
2025-10-02 17:25:00+00:00,47.77999877929688,47.79999923706055,47.77999877929688,47.79999923706055,8639
2025-10-02 17:26:00+00:00,47.77000045776367,47.77999877929688,47.76449966430664,47.77999877929688,7509
2025-10-02 17:27:00+00:00,47.76499938964844,47.76499938964844,47.7599983215332,47.76499938964844,9082
2025-10-02 17:28:00+00:00,47.775001525878906,47.77999877929688,47.7599983215332,47.76499938964844,5210
2025-10-02 17:29:00+00:00,47.76499938964844,47.775001525878906,47.76499938964844,47.775001525878906,4938
2025-10-02 17:30:00+00:00,47.744998931884766,47.77000045776367,47.744998931884766,47.76499938964844,6848
2025-10-02 17:31:00+00:00,47.75,47.75189971923828,47.72999954223633,47.73500061035156,15871
2025-10-02 17:32:00+00:00,47.750099182128906,47.7599983215332,47.750099182128906,47.755001068115234,2890
2025-10-02 17:33:00+00:00,47.77999877929688,47.78499984741211,47.7599983215332,47.7599983215332,6418
2025-10-02 17:34:00+00:00,47.775001525878906,47.78499984741211,47.775001525878906,47.775001525878906,3954
2025-10-02 17:35:00+00:00,47.77149963378906,47.775001525878906,47.7599983215332,47.775001525878906,9586
2025-10-02 17:36:00+00:00,47.77999877929688,47.77999877929688,47.76499938964844,47.775001525878906,7133
2025-10-02 17:37:00+00:00,47.810001373291016,47.810001373291016,47.785099029541016,47.785099029541016,11058
2025-10-02 17:38:00+00:00,47.80500030517578,47.81499862670898,47.80500030517578,47.81499862670898,1814
2025-10-02 17:39:00+00:00,47.80500030517578,47.81499862670898,47.79499816894531,47.810001373291016,11203
2025-10-02 17:40:00+00:00,47.79499816894531,47.810001373291016,47.790000915527344,47.80500030517578,6485
2025-10-02 17:41:00+00:00,47.79999923706055,47.80500030517578,47.79999923706055,47.80500030517578,7054
2025-10-02 17:42:00+00:00,47.81499862670898,47.81999969482422,47.80899810791016,47.80899810791016,6182
2025-10-02 17:43:00+00:00,47.81499862670898,47.82500076293945,47.810001373291016,47.810001373291016,6116
2025-10-02 17:44:00+00:00,47.775001525878906,47.81499862670898,47.775001525878906,47.81499862670898,19781
2025-10-02 17:45:00+00:00,47.775001525878906,47.77899932861328,47.77000045776367,47.775001525878906,7342
2025-10-02 17:46:00+00:00,47.78499984741211,47.78499984741211,47.76499938964844,47.77000045776367,15316
2025-10-02 17:47:00+00:00,47.81499862670898,47.81499862670898,47.775001525878906,47.77999877929688,17799
2025-10-02 17:48:00+00:00,47.834999084472656,47.834999084472656,47.81499862670898,47.81999969482422,22314
2025-10-02 17:49:00+00:00,47.83000183105469,47.845001220703125,47.82500076293945,47.837501525878906,21717
2025-10-02 17:50:00+00:00,47.81999969482422,47.83000183105469,47.81999969482422,47.83000183105469,15327
2025-10-02 17:51:00+00:00,47.834999084472656,47.834999084472656,47.82500076293945,47.82500076293945,4621
2025-10-02 17:52:00+00:00,47.85499954223633,47.86000061035156,47.84000015258789,47.84000015258789,33600
2025-10-02 17:53:00+00:00,47.85499954223633,47.86000061035156,47.84999847412109,47.85499954223633,8639
2025-10-02 17:54:00+00:00,47.84999847412109,47.85499954223633,47.8484992980957,47.85499954223633,12085
2025-10-02 17:55:00+00:00,47.84000015258789,47.85499954223633,47.834999084472656,47.84999847412109,9070
2025-10-02 17:56:00+00:00,47.845001220703125,47.84510040283203,47.834999084472656,47.834999084472656,2834
2025-10-02 17:57:00+00:00,47.834999084472656,47.845001220703125,47.83000183105469,47.84000015258789,5015
2025-10-02 17:58:00+00:00,47.85499954223633,47.85499954223633,47.834999084472656,47.834999084472656,5430
2025-10-02 17:59:00+00:00,47.8650016784668,47.8650016784668,47.85499954223633,47.85499954223633,4879
2025-10-02 18:00:00+00:00,47.875,47.875,47.86000061035156,47.86000061035156,12461
2025-10-02 18:01:00+00:00,47.88999938964844,47.89500045776367,47.875,47.875,7961
2025-10-02 18:02:00+00:00,47.880001068115234,47.88999938964844,47.869998931884766,47.88999938964844,8644
2025-10-02 18:03:00+00:00,47.8650016784668,47.875,47.86009979248047,47.875,4832
2025-10-02 18:04:00+00:00,47.900001525878906,47.90499877929688,47.869998931884766,47.869998931884766,9841
2025-10-02 18:05:00+00:00,47.91999816894531,47.91999816894531,47.90499877929688,47.90499877929688,5694
2025-10-02 18:06:00+00:00,47.90999984741211,47.92499923706055,47.90499877929688,47.92499923706055,7302
2025-10-02 18:07:00+00:00,47.90499877929688,47.915000915527344,47.89500045776367,47.90999984741211,4201
2025-10-02 18:08:00+00:00,47.90499877929688,47.90499877929688,47.89419937133789,47.900001525878906,30642
2025-10-02 18:09:00+00:00,47.91999816894531,47.91999816894531,47.90499877929688,47.90999984741211,8461
2025-10-02 18:10:00+00:00,47.935001373291016,47.935001373291016,47.92279815673828,47.92499923706055,7514
2025-10-02 18:11:00+00:00,47.935001373291016,47.935001373291016,47.92499923706055,47.93000030517578,4811
2025-10-02 18:12:00+00:00,47.970001220703125,47.970001220703125,47.93999862670898,47.93999862670898,8658
2025-10-02 18:13:00+00:00,47.98500061035156,47.994998931884766,47.97499847412109,47.97499847412109,4906
2025-10-02 18:14:00+00:00,47.970001220703125,47.9900016784668,47.970001220703125,47.97999954223633,7950
2025-10-02 18:15:00+00:00,47.970001220703125,47.98500061035156,47.970001220703125,47.97999954223633,1733
2025-10-02 18:16:00+00:00,47.98500061035156,47.98500061035156,47.96500015258789,47.97150039672852,5194
2025-10-02 18:17:00+00:00,47.97499847412109,47.97999954223633,47.95500183105469,47.97999954223633,17506
2025-10-02 18:18:00+00:00,47.96379852294922,47.97499847412109,47.959999084472656,47.97499847412109,7665
2025-10-02 18:19:00+00:00,47.96500015258789,47.96500015258789,47.95500183105469,47.96500015258789,5449
2025-10-02 18:20:00+00:00,47.98500061035156,47.9900016784668,47.9635009765625,47.9635009765625,4802
2025-10-02 18:21:00+00:00,47.97499847412109,47.9900016784668,47.97499847412109,47.9900016784668,7650
2025-10-02 18:22:00+00:00,47.97499847412109,47.97990036010742,47.970001220703125,47.97499847412109,5711
2025-10-02 18:23:00+00:00,47.98500061035156,47.99509811401367,47.97999954223633,47.97999954223633,13350
2025-10-02 18:24:00+00:00,47.98500061035156,47.98500061035156,47.98500061035156,47.98500061035156,1135
2025-10-02 18:25:00+00:00,47.98500061035156,47.994998931884766,47.98500061035156,47.98500061035156,7743
2025-10-02 18:26:00+00:00,47.98500061035156,47.9900016784668,47.970001220703125,47.98500061035156,5545
2025-10-02 18:27:00+00:00,47.97999954223633,48.0,47.97999954223633,47.9900016784668,17969
2025-10-02 18:28:00+00:00,47.97999954223633,47.98500061035156,47.96500015258789,47.970001220703125,17697
2025-10-02 18:29:00+00:00,47.98500061035156,47.98970031738281,47.97499847412109,47.97499847412109,34664
2025-10-02 18:30:00+00:00,48.0099983215332,48.01499938964844,47.97499847412109,47.97999954223633,13439
2025-10-02 18:31:00+00:00,48.005001068115234,48.01499938964844,48.005001068115234,48.01499938964844,10115
2025-10-02 18:32:00+00:00,48.01499938964844,48.02000045776367,48.005001068115234,48.0099983215332,5995
2025-10-02 18:33:00+00:00,48.01499938964844,48.02000045776367,48.01499938964844,48.01499938964844,5104
2025-10-02 18:34:00+00:00,48.01499938964844,48.025001525878906,48.01499938964844,48.01499938964844,11704
2025-10-02 18:35:00+00:00,48.01499938964844,48.01499938964844,48.005001068115234,48.0099983215332,8445
2025-10-02 18:36:00+00:00,48.025001525878906,48.025001525878906,48.01430130004883,48.01430130004883,2714
2025-10-02 18:37:00+00:00,48.04499816894531,48.04499816894531,48.02000045776367,48.025001525878906,11022
2025-10-02 18:38:00+00:00,48.025001525878906,48.040000915527344,48.025001525878906,48.040000915527344,11067
2025-10-02 18:39:00+00:00,48.03499984741211,48.03499984741211,48.02429962158203,48.02989959716797,3164
2025-10-02 18:40:00+00:00,48.06499862670898,48.06499862670898,48.03499984741211,48.03499984741211,26837
2025-10-02 18:41:00+00:00,48.06999969482422,48.07500076293945,48.06499862670898,48.06499862670898,10782
2025-10-02 18:42:00+00:00,48.06499862670898,48.07500076293945,48.06499862670898,48.07500076293945,5623
2025-10-02 18:43:00+00:00,48.02000045776367,48.06499862670898,48.01499938964844,48.06499862670898,36164
2025-10-02 18:44:00+00:00,48.040000915527344,48.040000915527344,48.025001525878906,48.025001525878906,7759
2025-10-02 18:45:00+00:00,48.04010009765625,48.04010009765625,48.02000045776367,48.040000915527344,14274
2025-10-02 18:46:00+00:00,48.04499816894531,48.060001373291016,48.04499816894531,48.04999923706055,13109
2025-10-02 18:47:00+00:00,48.02999877929688,48.04010009765625,48.02000045776367,48.04010009765625,10289
2025-10-02 18:48:00+00:00,48.03499984741211,48.03990173339844,48.025001525878906,48.02999877929688,4652
2025-10-02 18:49:00+00:00,48.0099983215332,48.02999877929688,48.0099983215332,48.02999877929688,3696
2025-10-02 18:50:00+00:00,48.025001525878906,48.025001525878906,48.005001068115234,48.0099983215332,9942
2025-10-02 18:51:00+00:00,48.0099983215332,48.025001525878906,48.0099983215332,48.025001525878906,7529
2025-10-02 18:52:00+00:00,48.005001068115234,48.01499938964844,48.0,48.01499938964844,2605
2025-10-02 18:53:00+00:00,48.01499938964844,48.02000045776367,48.005001068115234,48.005001068115234,8443
2025-10-02 18:54:00+00:00,48.01499938964844,48.025001525878906,48.0099983215332,48.01499938964844,9488
2025-10-02 18:55:00+00:00,47.9900016784668,48.01499938964844,47.9900016784668,48.01499938964844,10129
2025-10-02 18:56:00+00:00,47.98500061035156,47.9900016784668,47.970001220703125,47.9900016784668,13120
2025-10-02 18:57:00+00:00,48.01499938964844,48.01750183105469,47.9900016784668,47.9900016784668,5656
2025-10-02 18:58:00+00:00,48.025001525878906,48.02999877929688,48.005001068115234,48.01499938964844,19325
2025-10-02 18:59:00+00:00,48.02000045776367,48.025001525878906,48.01499938964844,48.025001525878906,8558
2025-10-02 19:00:00+00:00,48.04499816894531,48.04999923706055,48.025001525878906,48.025001525878906,5443
2025-10-02 19:01:00+00:00,48.04999923706055,48.04999923706055,48.025001525878906,48.040000915527344,12302
2025-10-02 19:02:00+00:00,48.06499862670898,48.06499862670898,48.05500030517578,48.05500030517578,3954
2025-10-02 19:03:00+00:00,48.060001373291016,48.07500076293945,48.060001373291016,48.06999969482422,9366
2025-10-02 19:04:00+00:00,48.05500030517578,48.06499862670898,48.04999923706055,48.06499862670898,3897
2025-10-02 19:05:00+00:00,48.040000915527344,48.05500030517578,48.040000915527344,48.05500030517578,5833
2025-10-02 19:06:00+00:00,48.01499938964844,48.025001525878906,48.01499938964844,48.025001525878906,9294
2025-10-02 19:07:00+00:00,48.025001525878906,48.025001525878906,47.994998931884766,48.01499938964844,10646
2025-10-02 19:08:00+00:00,48.0099983215332,48.02999877929688,48.0099983215332,48.02619934082031,8185
2025-10-02 19:09:00+00:00,47.994998931884766,48.01499938964844,47.9900016784668,48.01499938964844,9295
2025-10-02 19:10:00+00:00,47.994998931884766,48.00279998779297,47.994998931884766,47.994998931884766,7472
2025-10-02 19:11:00+00:00,48.01499938964844,48.01499938964844,48.0,48.0,11847
2025-10-02 19:12:00+00:00,48.02989959716797,48.02999877929688,48.01499938964844,48.01499938964844,9687
2025-10-02 19:13:00+00:00,48.040000915527344,48.040000915527344,48.02009963989258,48.025001525878906,7389
2025-10-02 19:14:00+00:00,48.025001525878906,48.03499984741211,48.01499938964844,48.03499984741211,10215
2025-10-02 19:15:00+00:00,48.0,48.02999877929688,48.0,48.02439880371094,8285
2025-10-02 19:16:00+00:00,48.02999877929688,48.02999877929688,47.97999954223633,48.0,34552
2025-10-02 19:17:00+00:00,48.035099029541016,48.040000915527344,48.025001525878906,48.025001525878906,15299
2025-10-02 19:18:00+00:00,48.04999923706055,48.04999923706055,48.040000915527344,48.040000915527344,6251
2025-10-02 19:19:00+00:00,48.05500030517578,48.060001373291016,48.04499816894531,48.04499816894531,18589
2025-10-02 19:20:00+00:00,48.04499816894531,48.06499862670898,48.04499816894531,48.05500030517578,29034
2025-10-02 19:21:00+00:00,48.03499984741211,48.04999923706055,48.02999877929688,48.04499816894531,42859
2025-10-02 19:22:00+00:00,48.06999969482422,48.06999969482422,48.040000915527344,48.040000915527344,54537
2025-10-02 19:23:00+00:00,48.07500076293945,48.084999084472656,48.06999969482422,48.06999969482422,21136
2025-10-02 19:24:00+00:00,48.08000183105469,48.08000183105469,48.07500076293945,48.07989883422852,9034
2025-10-02 19:25:00+00:00,48.05500030517578,48.07500076293945,48.04999923706055,48.07500076293945,19006
2025-10-02 19:26:00+00:00,48.07749938964844,48.084999084472656,48.05500030517578,48.05500030517578,20959
2025-10-02 19:27:00+00:00,48.060001373291016,48.07500076293945,48.05500030517578,48.07500076293945,11647
2025-10-02 19:28:00+00:00,48.06999969482422,48.07500076293945,48.060001373291016,48.06499862670898,20427
2025-10-02 19:29:00+00:00,48.04999923706055,48.07500076293945,48.04999923706055,48.06499862670898,14795
2025-10-02 19:30:00+00:00,48.02999877929688,48.04999923706055,48.025001525878906,48.04999923706055,20602
2025-10-02 19:31:00+00:00,48.025001525878906,48.03499984741211,48.025001525878906,48.03499984741211,21543
2025-10-02 19:32:00+00:00,48.03499984741211,48.04499816894531,48.02999877929688,48.02999877929688,19021
2025-10-02 19:33:00+00:00,48.025001525878906,48.02999877929688,48.01499938964844,48.02999877929688,15575
2025-10-02 19:34:00+00:00,48.0099983215332,48.025001525878906,48.005001068115234,48.025001525878906,114790
2025-10-02 19:35:00+00:00,48.0,48.01499938964844,47.9900016784668,48.0099983215332,55977
2025-10-02 19:36:00+00:00,47.9900016784668,48.005001068115234,47.9900016784668,48.0,21876
2025-10-02 19:37:00+00:00,47.9900016784668,47.994998931884766,47.970001220703125,47.994998931884766,18810
2025-10-02 19:38:00+00:00,47.994998931884766,48.0,47.9900016784668,47.994998931884766,5999
2025-10-02 19:39:00+00:00,47.994998931884766,48.005001068115234,47.97999954223633,47.994998931884766,27214
2025-10-02 19:40:00+00:00,47.97999954223633,47.994998931884766,47.97499847412109,47.994998931884766,18169
2025-10-02 19:41:00+00:00,47.97499847412109,47.98500061035156,47.97499847412109,47.98500061035156,8611
2025-10-02 19:42:00+00:00,47.97499847412109,47.97999954223633,47.970001220703125,47.97999954223633,6755
2025-10-02 19:43:00+00:00,47.9900016784668,47.9900016784668,47.970001220703125,47.970001220703125,17494
2025-10-02 19:44:00+00:00,47.97499847412109,47.994998931884766,47.97499847412109,47.98500061035156,24756
2025-10-02 19:45:00+00:00,47.97499847412109,47.9900016784668,47.97499847412109,47.97999954223633,15200
2025-10-02 19:46:00+00:00,47.959999084472656,47.97499847412109,47.95100021362305,47.971099853515625,18865
2025-10-02 19:47:00+00:00,47.95500183105469,47.95500183105469,47.93000030517578,47.95500183105469,29695
2025-10-02 19:48:00+00:00,47.951698303222656,47.95500183105469,47.95000076293945,47.95000076293945,18816
2025-10-02 19:49:00+00:00,47.94499969482422,47.95500183105469,47.93000030517578,47.95500183105469,36594
2025-10-02 19:50:00+00:00,47.92499923706055,47.959999084472656,47.90999984741211,47.95000076293945,125460
2025-10-02 19:51:00+00:00,47.90999984741211,47.91999816894531,47.900001525878906,47.91999816894531,28218
2025-10-02 19:52:00+00:00,47.915000915527344,47.915000915527344,47.900001525878906,47.90999984741211,28391
2025-10-02 19:53:00+00:00,47.915000915527344,47.91999816894531,47.90999984741211,47.915000915527344,13208
2025-10-02 19:54:00+00:00,47.91999816894531,47.935001373291016,47.915000915527344,47.915000915527344,66987
2025-10-02 19:55:00+00:00,47.92499923706055,47.93999862670898,47.90999984741211,47.91999816894531,62270
2025-10-02 19:56:00+00:00,47.92499923706055,47.93999862670898,47.90999984741211,47.92499923706055,63434
2025-10-02 19:57:00+00:00,47.90999984741211,47.93000030517578,47.90999984741211,47.93000030517578,78947
2025-10-02 19:58:00+00:00,47.915000915527344,47.91999816894531,47.900001525878906,47.910301208496094,131283
2025-10-02 19:59:00+00:00,47.91999816894531,47.93000030517578,47.900001525878906,47.91999816894531,220531
2025-10-03 13:30:00+00:00,48.125,48.13109970092773,48.02999877929688,48.02999877929688,61305
2025-10-03 13:31:00+00:00,48.165000915527344,48.18999862670898,48.12129974365234,48.12129974365234,18026
2025-10-03 13:32:00+00:00,48.150001525878906,48.1796989440918,48.1349983215332,48.16999816894531,6547
2025-10-03 13:33:00+00:00,48.22999954223633,48.22999954223633,48.1150016784668,48.150001525878906,9722
2025-10-03 13:34:00+00:00,48.2400016784668,48.31999969482422,48.220001220703125,48.23500061035156,28723
2025-10-03 13:35:00+00:00,48.18999862670898,48.2400016784668,48.14500045776367,48.2400016784668,8974
2025-10-03 13:36:00+00:00,48.26499938964844,48.26499938964844,48.18000030517578,48.20000076293945,7666
2025-10-03 13:37:00+00:00,48.290000915527344,48.290000915527344,48.2599983215332,48.27000045776367,4479
2025-10-03 13:38:00+00:00,48.35910034179688,48.36000061035156,48.29999923706055,48.29999923706055,8226
2025-10-03 13:39:00+00:00,48.41999816894531,48.435001373291016,48.36000061035156,48.36000061035156,34711
2025-10-03 13:40:00+00:00,48.400001525878906,48.45000076293945,48.400001525878906,48.41999816894531,9081
2025-10-03 13:41:00+00:00,48.380001068115234,48.40999984741211,48.34999847412109,48.400001525878906,19043
2025-10-03 13:42:00+00:00,48.40999984741211,48.41999816894531,48.369998931884766,48.369998931884766,11956
2025-10-03 13:43:00+00:00,48.369998931884766,48.415000915527344,48.36000061035156,48.40999984741211,14129
2025-10-03 13:44:00+00:00,48.310001373291016,48.36000061035156,48.310001373291016,48.36000061035156,9663
2025-10-03 13:45:00+00:00,48.33000183105469,48.34000015258789,48.28499984741211,48.310001373291016,20247
2025-10-03 13:46:00+00:00,48.31499862670898,48.3650016784668,48.29999923706055,48.34000015258789,14688
2025-10-03 13:47:00+00:00,48.29999923706055,48.310001373291016,48.27000045776367,48.310001373291016,24027
2025-10-03 13:48:00+00:00,48.25,48.310001373291016,48.25,48.29999923706055,13507
2025-10-03 13:49:00+00:00,48.25,48.27999877929688,48.22999954223633,48.22999954223633,13133
2025-10-03 13:50:00+00:00,48.290000915527344,48.290000915527344,48.2599983215332,48.27000045776367,6687
2025-10-03 13:51:00+00:00,48.334999084472656,48.36000061035156,48.29499816894531,48.29999923706055,50152
2025-10-03 13:52:00+00:00,48.345001220703125,48.34999847412109,48.32500076293945,48.33629989624024,9002
2025-10-03 13:53:00+00:00,48.369998931884766,48.369998931884766,48.31999969482422,48.34999847412109,18727
2025-10-03 13:54:00+00:00,48.41999816894531,48.43000030517578,48.369998931884766,48.369998931884766,11737
2025-10-03 13:55:00+00:00,48.41999816894531,48.43999862670898,48.40999984741211,48.40999984741211,8361
2025-10-03 13:56:00+00:00,48.43000030517578,48.45000076293945,48.40999984741211,48.41999816894531,18626
2025-10-03 13:57:00+00:00,48.400001525878906,48.43000030517578,48.369998931884766,48.43000030517578,10057
2025-10-03 13:58:00+00:00,48.36000061035156,48.38999938964844,48.34999847412109,48.38999938964844,8605
2025-10-03 13:59:00+00:00,48.345001220703125,48.369998931884766,48.31999969482422,48.36000061035156,8738
2025-10-03 14:00:00+00:00,48.36000061035156,48.369998931884766,48.290000915527344,48.34000015258789,31483
2025-10-03 14:01:00+00:00,48.34999847412109,48.369998931884766,48.31999969482422,48.345001220703125,14656
2025-10-03 14:02:00+00:00,48.34000015258789,48.369998931884766,48.34000015258789,48.369998931884766,8922
2025-10-03 14:03:00+00:00,48.290000915527344,48.334999084472656,48.275001525878906,48.334999084472656,21432
2025-10-03 14:04:00+00:00,48.26499938964844,48.29499816894531,48.2599983215332,48.29499816894531,20628
2025-10-03 14:05:00+00:00,48.15999984741211,48.2599983215332,48.15999984741211,48.2599983215332,33540
2025-10-03 14:06:00+00:00,48.150001525878906,48.165000915527344,48.13999938964844,48.15499877929688,19528
2025-10-03 14:07:00+00:00,48.275001525878906,48.275001525878906,48.150001525878906,48.15499877929688,28259
2025-10-03 14:08:00+00:00,48.310001373291016,48.34000015258789,48.275001525878906,48.275001525878906,22956
2025-10-03 14:09:00+00:00,48.29650115966797,48.310001373291016,48.27999877929688,48.310001373291016,13524
2025-10-03 14:10:00+00:00,48.334999084472656,48.334999084472656,48.27999877929688,48.29499816894531,19148
2025-10-03 14:11:00+00:00,48.35499954223633,48.36069869995117,48.334999084472656,48.334999084472656,11344
2025-10-03 14:12:00+00:00,48.35350036621094,48.35499954223633,48.334999084472656,48.345001220703125,26542
2025-10-03 14:13:00+00:00,48.34000015258789,48.3650016784668,48.34000015258789,48.34999847412109,11825
2025-10-03 14:14:00+00:00,48.32500076293945,48.34000015258789,48.310001373291016,48.34000015258789,7010
2025-10-03 14:15:00+00:00,48.29999923706055,48.334999084472656,48.29499816894531,48.33000183105469,12334
2025-10-03 14:16:00+00:00,48.29499816894531,48.30500030517578,48.27999877929688,48.29999923706055,15474
2025-10-03 14:17:00+00:00,48.290000915527344,48.29999923706055,48.275001525878906,48.290000915527344,6064
2025-10-03 14:18:00+00:00,48.28499984741211,48.310001373291016,48.28499984741211,48.290000915527344,9448
2025-10-03 14:19:00+00:00,48.29499816894531,48.31999969482422,48.27849960327149,48.285301208496094,15632
2025-10-03 14:20:00+00:00,48.28499984741211,48.30500030517578,48.275001525878906,48.29499816894531,9646
2025-10-03 14:21:00+00:00,48.27000045776367,48.28839874267578,48.26029968261719,48.27999877929688,8192
2025-10-03 14:22:00+00:00,48.255001068115234,48.290000915527344,48.25,48.27999877929688,12549
2025-10-03 14:23:00+00:00,48.26499938964844,48.275001525878906,48.25,48.2599983215332,13663
2025-10-03 14:24:00+00:00,48.255001068115234,48.275001525878906,48.25,48.27000045776367,7514
2025-10-03 14:25:00+00:00,48.2599983215332,48.26499938964844,48.244998931884766,48.25,8909
2025-10-03 14:26:00+00:00,48.2864990234375,48.29999923706055,48.27000045776367,48.27000045776367,10358
2025-10-03 14:27:00+00:00,48.29499816894531,48.30500030517578,48.27999877929688,48.27999877929688,16757
2025-10-03 14:28:00+00:00,48.31999969482422,48.33000183105469,48.28499984741211,48.29499816894531,14430
2025-10-03 14:29:00+00:00,48.31079864501953,48.33000183105469,48.30500030517578,48.33000183105469,13752
2025-10-03 14:30:00+00:00,48.334999084472656,48.345001220703125,48.31499862670898,48.31499862670898,13497
2025-10-03 14:31:00+00:00,48.35499954223633,48.36000061035156,48.334999084472656,48.334999084472656,11609
2025-10-03 14:32:00+00:00,48.34000015258789,48.35749816894531,48.334999084472656,48.35490036010742,28320
2025-10-03 14:33:00+00:00,48.34999847412109,48.34999847412109,48.334999084472656,48.334999084472656,7251
2025-10-03 14:34:00+00:00,48.345001220703125,48.375,48.345001220703125,48.345001220703125,10972
2025-10-03 14:35:00+00:00,48.35499954223633,48.35499954223633,48.334999084472656,48.34000015258789,15739
2025-10-03 14:36:00+00:00,48.35499954223633,48.35850143432617,48.34999847412109,48.35499954223633,5321
2025-10-03 14:37:00+00:00,48.33000183105469,48.35499954223633,48.31999969482422,48.35409927368164,14464
2025-10-03 14:38:00+00:00,48.334999084472656,48.3390998840332,48.32500076293945,48.32500076293945,7373
2025-10-03 14:39:00+00:00,48.29999923706055,48.33000183105469,48.29999923706055,48.33000183105469,10937
2025-10-03 14:40:00+00:00,48.25,48.30500030517578,48.2400016784668,48.30500030517578,15429
2025-10-03 14:41:00+00:00,48.28499984741211,48.28499984741211,48.25,48.25,27044
2025-10-03 14:42:00+00:00,48.27999877929688,48.27999877929688,48.26499938964844,48.27999877929688,9047
2025-10-03 14:43:00+00:00,48.28499984741211,48.29499816894531,48.26499938964844,48.28499984741211,24784
2025-10-03 14:44:00+00:00,48.290000915527344,48.29999923706055,48.28499984741211,48.28499984741211,15815
2025-10-03 14:45:00+00:00,48.29499816894531,48.29999923706055,48.28499984741211,48.29499816894531,7613
2025-10-03 14:46:00+00:00,48.30500030517578,48.30500030517578,48.275001525878906,48.29499816894531,10760
2025-10-03 14:47:00+00:00,48.29069900512695,48.30500030517578,48.27999877929688,48.30500030517578,9118
2025-10-03 14:48:00+00:00,48.29499816894531,48.29970169067383,48.27999877929688,48.290000915527344,7757
2025-10-03 14:49:00+00:00,48.29499816894531,48.29499816894531,48.27899932861328,48.290000915527344,8945
2025-10-03 14:50:00+00:00,48.27999877929688,48.29999923706055,48.27999877929688,48.29410171508789,6142
2025-10-03 14:51:00+00:00,48.2755012512207,48.28499984741211,48.2599983215332,48.27000045776367,10302
2025-10-03 14:52:00+00:00,48.27149963378906,48.275001525878906,48.26499938964844,48.27050018310547,6155
2025-10-03 14:53:00+00:00,48.30149841308594,48.30500030517578,48.275001525878906,48.275001525878906,14464
2025-10-03 14:54:00+00:00,48.29999923706055,48.31499862670898,48.29499816894531,48.30500030517578,9884
2025-10-03 14:55:00+00:00,48.275001525878906,48.29999923706055,48.275001525878906,48.29999923706055,5222
2025-10-03 14:56:00+00:00,48.24089813232422,48.27999877929688,48.24089813232422,48.27999877929688,10816
2025-10-03 14:57:00+00:00,48.23500061035156,48.244998931884766,48.22999954223633,48.2400016784668,7935
2025-10-03 14:58:00+00:00,48.22380065917969,48.22999954223633,48.21500015258789,48.22999954223633,8672
2025-10-03 14:59:00+00:00,48.21500015258789,48.220001220703125,48.209999084472656,48.220001220703125,5507
2025-10-03 15:00:00+00:00,48.18999862670898,48.21009826660156,48.18999862670898,48.209999084472656,20030
2025-10-03 15:01:00+00:00,48.17499923706055,48.19499969482422,48.16999816894531,48.185001373291016,12354
2025-10-03 15:02:00+00:00,48.150001525878906,48.17499923706055,48.13999938964844,48.16999816894531,7165
2025-10-03 15:03:00+00:00,48.1349983215332,48.15499877929688,48.125,48.15499877929688,10877
2025-10-03 15:04:00+00:00,48.13999938964844,48.13999938964844,48.1349983215332,48.1349983215332,3516
2025-10-03 15:05:00+00:00,48.1349983215332,48.14599990844727,48.130001068115234,48.14500045776367,11884
2025-10-03 15:06:00+00:00,48.125,48.13999938964844,48.119998931884766,48.130001068115234,7281
2025-10-03 15:07:00+00:00,48.125,48.130001068115234,48.11149978637695,48.125,6958
2025-10-03 15:08:00+00:00,48.119998931884766,48.125,48.11000061035156,48.125,10222
2025-10-03 15:09:00+00:00,48.119998931884766,48.130001068115234,48.11909866333008,48.11909866333008,3012
2025-10-03 15:10:00+00:00,48.125,48.130001068115234,48.12009811401367,48.130001068115234,9770
2025-10-03 15:11:00+00:00,48.09999847412109,48.1349983215332,48.09999847412109,48.130001068115234,7654
2025-10-03 15:12:00+00:00,48.08000183105469,48.10499954223633,48.08000183105469,48.095001220703125,4894
2025-10-03 15:13:00+00:00,48.05500030517578,48.08000183105469,48.04999923706055,48.08000183105469,11682
2025-10-03 15:14:00+00:00,48.03499984741211,48.05500030517578,48.03499984741211,48.05500030517578,14822
2025-10-03 15:15:00+00:00,48.03499984741211,48.05500030517578,48.02999877929688,48.040000915527344,8499
2025-10-03 15:16:00+00:00,48.005001068115234,48.02899932861328,48.005001068115234,48.025001525878906,8363
2025-10-03 15:17:00+00:00,47.994998931884766,48.0099983215332,47.97999954223633,48.0099983215332,10989
2025-10-03 15:18:00+00:00,47.99079895019531,48.00510025024414,47.98500061035156,47.994998931884766,9598
2025-10-03 15:19:00+00:00,47.970001220703125,47.9900016784668,47.96839904785156,47.9900016784668,4671
2025-10-03 15:20:00+00:00,47.95500183105469,47.97999954223633,47.95000076293945,47.96500015258789,6116
2025-10-03 15:21:00+00:00,47.96500015258789,47.96900177001953,47.94499969482422,47.95500183105469,10175
2025-10-03 15:22:00+00:00,47.999000549316406,47.999000549316406,47.959999084472656,47.96500015258789,10501
2025-10-03 15:23:00+00:00,47.98500061035156,47.994998931884766,47.97499847412109,47.99369812011719,10700
2025-10-03 15:24:00+00:00,48.025001525878906,48.040000915527344,47.970001220703125,47.97999954223633,23691
2025-10-03 15:25:00+00:00,48.025001525878906,48.040000915527344,48.025001525878906,48.02999877929688,13261
2025-10-03 15:26:00+00:00,47.994998931884766,48.02999877929688,47.9900016784668,48.025001525878906,35433
2025-10-03 15:27:00+00:00,48.01499938964844,48.02000045776367,48.005001068115234,48.005001068115234,3505
2025-10-03 15:28:00+00:00,47.98500061035156,48.01499938964844,47.984500885009766,48.01499938964844,5124
2025-10-03 15:29:00+00:00,47.971099853515625,47.98500061035156,47.95500183105469,47.98500061035156,12373
2025-10-03 15:30:00+00:00,47.97999954223633,47.994998931884766,47.97499847412109,47.97499847412109,7654
2025-10-03 15:31:00+00:00,47.97499847412109,47.98910140991211,47.96500015258789,47.97999954223633,8680
2025-10-03 15:32:00+00:00,47.9900016784668,47.9900016784668,47.96500015258789,47.97919845581055,14033
2025-10-03 15:33:00+00:00,47.97499847412109,47.994998931884766,47.970001220703125,47.994998931884766,8111
2025-10-03 15:34:00+00:00,47.96500015258789,47.98500061035156,47.96500015258789,47.97999954223633,3413
2025-10-03 15:35:00+00:00,47.95500183105469,47.970001220703125,47.95500183105469,47.95500183105469,5782
2025-10-03 15:36:00+00:00,47.970001220703125,47.97499847412109,47.95500183105469,47.95500183105469,7117
2025-10-03 15:37:00+00:00,47.94499969482422,47.95830154418945,47.94499969482422,47.95500183105469,5225
2025-10-03 15:38:00+00:00,47.88999938964844,47.94499969482422,47.88999938964844,47.94499969482422,11588
2025-10-03 15:39:00+00:00,47.8650016784668,47.89810180664063,47.8650016784668,47.89810180664063,19619
2025-10-03 15:40:00+00:00,47.85499954223633,47.8650016784668,47.85150146484375,47.8650016784668,13156
2025-10-03 15:41:00+00:00,47.915000915527344,47.915000915527344,47.845001220703125,47.84999847412109,24688
2025-10-03 15:42:00+00:00,47.915000915527344,47.915000915527344,47.90499877929688,47.915000915527344,5176
2025-10-03 15:43:00+00:00,47.92499923706055,47.92499923706055,47.89099884033203,47.915000915527344,13280
2025-10-03 15:44:00+00:00,47.97499847412109,47.97499847412109,47.93000030517578,47.935001373291016,16052
2025-10-03 15:45:00+00:00,47.98419952392578,48.0,47.97499847412109,47.97999954223633,8005
2025-10-03 15:46:00+00:00,47.994998931884766,48.0,47.97999954223633,47.98910140991211,23830
2025-10-03 15:47:00+00:00,48.025001525878906,48.025001525878906,47.994998931884766,47.994998931884766,11602
2025-10-03 15:48:00+00:00,48.04999923706055,48.05500030517578,48.025001525878906,48.02539825439453,14338
2025-10-03 15:49:00+00:00,48.05500030517578,48.05500030517578,48.03499984741211,48.04499816894531,10357
2025-10-03 15:50:00+00:00,48.06499862670898,48.08000183105469,48.05500030517578,48.05500030517578,14143
2025-10-03 15:51:00+00:00,48.06499862670898,48.08000183105469,48.05500030517578,48.061500549316406,29760
2025-10-03 15:52:00+00:00,48.10499954223633,48.11000061035156,48.06499862670898,48.06499862670898,15877
2025-10-03 15:53:00+00:00,48.095001220703125,48.11000061035156,48.084999084472656,48.10499954223633,9160
2025-10-03 15:54:00+00:00,48.09999847412109,48.119998931884766,48.09120178222656,48.095001220703125,38093
2025-10-03 15:55:00+00:00,48.10499954223633,48.11000061035156,48.084999084472656,48.10499954223633,12659
2025-10-03 15:56:00+00:00,48.095001220703125,48.125,48.095001220703125,48.10499954223633,5650
2025-10-03 15:57:00+00:00,48.125,48.125,48.09640121459961,48.09999847412109,5571
2025-10-03 15:58:00+00:00,48.125,48.13750076293945,48.125,48.125,6697
2025-10-03 15:59:00+00:00,48.130001068115234,48.1349983215332,48.119998931884766,48.125,3467
2025-10-03 16:00:00+00:00,48.1349983215332,48.14500045776367,48.125,48.125,7864
2025-10-03 16:01:00+00:00,48.119998931884766,48.1349983215332,48.1150016784668,48.1349983215332,12606
2025-10-03 16:02:00+00:00,48.1349983215332,48.13999938964844,48.1150016784668,48.125,8335
2025-10-03 16:03:00+00:00,48.1349983215332,48.13999938964844,48.130001068115234,48.1349983215332,8950
2025-10-03 16:04:00+00:00,48.150001525878906,48.150001525878906,48.125,48.1349983215332,26087
2025-10-03 16:05:00+00:00,48.150001525878906,48.16999816894531,48.150001525878906,48.15499877929688,10777
2025-10-03 16:06:00+00:00,48.15499877929688,48.15499877929688,48.14500045776367,48.14500045776367,2047
2025-10-03 16:07:00+00:00,48.15499877929688,48.165000915527344,48.14500045776367,48.150001525878906,5044
2025-10-03 16:08:00+00:00,48.165000915527344,48.17499923706055,48.15499877929688,48.15499877929688,6848
2025-10-03 16:09:00+00:00,48.17499923706055,48.185001373291016,48.15499877929688,48.165000915527344,7262
2025-10-03 16:10:00+00:00,48.185001373291016,48.20500183105469,48.18000030517578,48.185001373291016,12079
2025-10-03 16:11:00+00:00,48.19499969482422,48.20500183105469,48.185001373291016,48.185001373291016,30966
2025-10-03 16:12:00+00:00,48.21849822998047,48.22499847412109,48.20000076293945,48.20000076293945,49257
2025-10-03 16:13:00+00:00,48.25,48.25,48.220001220703125,48.220001220703125,10197
2025-10-03 16:14:00+00:00,48.255001068115234,48.25809860229492,48.2411994934082,48.244998931884766,6619
2025-10-03 16:15:00+00:00,48.26750183105469,48.275001525878906,48.255001068115234,48.255001068115234,10613
2025-10-03 16:16:00+00:00,48.2599983215332,48.27000045776367,48.255001068115234,48.27000045776367,6698
2025-10-03 16:17:00+00:00,48.2400016784668,48.255001068115234,48.23500061035156,48.255001068115234,4169
2025-10-03 16:18:00+00:00,48.2400016784668,48.244998931884766,48.22499847412109,48.23149871826172,4973
2025-10-03 16:19:00+00:00,48.209999084472656,48.2400016784668,48.209999084472656,48.2400016784668,6219
2025-10-03 16:20:00+00:00,48.20500183105469,48.21500015258789,48.20500183105469,48.21110153198242,3064
2025-10-03 16:21:00+00:00,48.209999084472656,48.21849822998047,48.19499969482422,48.2051010131836,14140
2025-10-03 16:22:00+00:00,48.21500015258789,48.21749877929688,48.20000076293945,48.21749877929688,3738
2025-10-03 16:23:00+00:00,48.23500061035156,48.23979949951172,48.220001220703125,48.220001220703125,4273
2025-10-03 16:24:00+00:00,48.23500061035156,48.23500061035156,48.22999954223633,48.23149871826172,2747
2025-10-03 16:25:00+00:00,48.244998931884766,48.244998931884766,48.22499847412109,48.2400016784668,8283
2025-10-03 16:26:00+00:00,48.23500061035156,48.244998931884766,48.23500061035156,48.2400016784668,3873
2025-10-03 16:27:00+00:00,48.22010040283203,48.23500061035156,48.220001220703125,48.22999954223633,4242
2025-10-03 16:28:00+00:00,48.22499847412109,48.23500061035156,48.22499847412109,48.22499847412109,4706
2025-10-03 16:29:00+00:00,48.23109817504883,48.23500061035156,48.220001220703125,48.23500061035156,2466
2025-10-03 16:30:00+00:00,48.220001220703125,48.23500061035156,48.21500015258789,48.230098724365234,6112
2025-10-03 16:31:00+00:00,48.19499969482422,48.21500015258789,48.185001373291016,48.21500015258789,5363
2025-10-03 16:32:00+00:00,48.20000076293945,48.20500183105469,48.19499969482422,48.19499969482422,5286
2025-10-03 16:33:00+00:00,48.2047004699707,48.220001220703125,48.20000076293945,48.20500183105469,6001
2025-10-03 16:34:00+00:00,48.22499847412109,48.22499847412109,48.20280075073242,48.20280075073242,2160
2025-10-03 16:35:00+00:00,48.22499847412109,48.22499847412109,48.21080017089844,48.22499847412109,3675
2025-10-03 16:36:00+00:00,48.23500061035156,48.23690032958984,48.22079849243164,48.22499847412109,3448
2025-10-03 16:37:00+00:00,48.255001068115234,48.255001068115234,48.23500061035156,48.23500061035156,6665
2025-10-03 16:38:00+00:00,48.244998931884766,48.2599983215332,48.244998931884766,48.2599983215332,6557
2025-10-03 16:39:00+00:00,48.23500061035156,48.2400016784668,48.23080062866211,48.2400016784668,4065
2025-10-03 16:40:00+00:00,48.255001068115234,48.26499938964844,48.23500061035156,48.23949813842773,107111
2025-10-03 16:41:00+00:00,48.28499984741211,48.29999923706055,48.26499938964844,48.26499938964844,7430
2025-10-03 16:42:00+00:00,48.275001525878906,48.28499984741211,48.27000045776367,48.28499984741211,5795
2025-10-03 16:43:00+00:00,48.25149917602539,48.26499938964844,48.249298095703125,48.2599983215332,3444
2025-10-03 16:44:00+00:00,48.255001068115234,48.27000045776367,48.25,48.25400161743164,12014
2025-10-03 16:45:00+00:00,48.26499938964844,48.26499938964844,48.244998931884766,48.25,6394
2025-10-03 16:46:00+00:00,48.2599983215332,48.26499938964844,48.25,48.26499938964844,3848
2025-10-03 16:47:00+00:00,48.28499984741211,48.290000915527344,48.25,48.25749969482422,9965
2025-10-03 16:48:00+00:00,48.275001525878906,48.29999923706055,48.275001525878906,48.29499816894531,14067
2025-10-03 16:49:00+00:00,48.26499938964844,48.28499984741211,48.26499938964844,48.275001525878906,11934
2025-10-03 16:50:00+00:00,48.27000045776367,48.2760009765625,48.255001068115234,48.26079940795898,18595
2025-10-03 16:51:00+00:00,48.26499938964844,48.275001525878906,48.26020050048828,48.26499938964844,15305
2025-10-03 16:52:00+00:00,48.26499938964844,48.27999877929688,48.255001068115234,48.26499938964844,7265
2025-10-03 16:53:00+00:00,48.26499938964844,48.28499984741211,48.26499938964844,48.26499938964844,13641
2025-10-03 16:54:00+00:00,48.28499984741211,48.28499984741211,48.255001068115234,48.2599983215332,17058
2025-10-03 16:55:00+00:00,48.255001068115234,48.27999877929688,48.255001068115234,48.27999877929688,7722
2025-10-03 16:56:00+00:00,48.27080154418945,48.28499984741211,48.2599983215332,48.2599983215332,20595
2025-10-03 16:57:00+00:00,48.26499938964844,48.27000045776367,48.26499938964844,48.27000045776367,8079
2025-10-03 16:58:00+00:00,48.275001525878906,48.28749847412109,48.27000045776367,48.27000045776367,42958
2025-10-03 16:59:00+00:00,48.27750015258789,48.28499984741211,48.275001525878906,48.275001525878906,13996
2025-10-03 17:00:00+00:00,48.275001525878906,48.290000915527344,48.275001525878906,48.27750015258789,16526
2025-10-03 17:01:00+00:00,48.30500030517578,48.310001373291016,48.27999877929688,48.28060150146485,26496
2025-10-03 17:02:00+00:00,48.26499938964844,48.310001373291016,48.26499938964844,48.310001373291016,14640
2025-10-03 17:03:00+00:00,48.2400016784668,48.27000045776367,48.22499847412109,48.27000045776367,19388
2025-10-03 17:04:00+00:00,48.22499847412109,48.24990081787109,48.209999084472656,48.2400016784668,16582
2025-10-03 17:05:00+00:00,48.25,48.255001068115234,48.21500015258789,48.23500061035156,11482
2025-10-03 17:06:00+00:00,48.2400016784668,48.255001068115234,48.22380065917969,48.2400016784668,13668
2025-10-03 17:07:00+00:00,48.209999084472656,48.2400016784668,48.209999084472656,48.23500061035156,10062
2025-10-03 17:08:00+00:00,48.19499969482422,48.209999084472656,48.19499969482422,48.20500183105469,11809
2025-10-03 17:09:00+00:00,48.220001220703125,48.220001220703125,48.17900085449219,48.18999862670898,10600
2025-10-03 17:10:00+00:00,48.19139862060547,48.22999954223633,48.19139862060547,48.22499847412109,36347
2025-10-03 17:11:00+00:00,48.23500061035156,48.2400016784668,48.19499969482422,48.20000076293945,11336
2025-10-03 17:12:00+00:00,48.25,48.25,48.22499847412109,48.23500061035156,7404
2025-10-03 17:13:00+00:00,48.26499938964844,48.275001525878906,48.244998931884766,48.25,11774
2025-10-03 17:14:00+00:00,48.275001525878906,48.30500030517578,48.26499938964844,48.26499938964844,61963
2025-10-03 17:15:00+00:00,48.244998931884766,48.27999877929688,48.23690032958984,48.275001525878906,17578
2025-10-03 17:16:00+00:00,48.28499984741211,48.28499984741211,48.244998931884766,48.25,8743
2025-10-03 17:17:00+00:00,48.255001068115234,48.27999877929688,48.2411003112793,48.27999877929688,15455
2025-10-03 17:18:00+00:00,48.22650146484375,48.25,48.22650146484375,48.25,7571
2025-10-03 17:19:00+00:00,48.209999084472656,48.220001220703125,48.20500183105469,48.220001220703125,2936
2025-10-03 17:20:00+00:00,48.22999954223633,48.23500061035156,48.209999084472656,48.220001220703125,19787
2025-10-03 17:21:00+00:00,48.22999954223633,48.22999954223633,48.209999084472656,48.22499847412109,5617
2025-10-03 17:22:00+00:00,48.244998931884766,48.255001068115234,48.22999954223633,48.22999954223633,13574
2025-10-03 17:23:00+00:00,48.2400016784668,48.2400016784668,48.239200592041016,48.2400016784668,1384
2025-10-03 17:24:00+00:00,48.244998931884766,48.2599983215332,48.24079895019531,48.25,16129
2025-10-03 17:25:00+00:00,48.2599983215332,48.26499938964844,48.244998931884766,48.244998931884766,15619
2025-10-03 17:26:00+00:00,48.2599983215332,48.26499938964844,48.244998931884766,48.25590133666992,8159
2025-10-03 17:27:00+00:00,48.25970077514648,48.26499938964844,48.255001068115234,48.2599983215332,6450
2025-10-03 17:28:00+00:00,48.23849868774414,48.25149917602539,48.22999954223633,48.25149917602539,15075
2025-10-03 17:29:00+00:00,48.25,48.255001068115234,48.2400016784668,48.2400016784668,3910
2025-10-03 17:30:00+00:00,48.275001525878906,48.275001525878906,48.2400016784668,48.244998931884766,9990
2025-10-03 17:31:00+00:00,48.28499984741211,48.28499984741211,48.269901275634766,48.27000045776367,4860
2025-10-03 17:32:00+00:00,48.29499816894531,48.30500030517578,48.28499984741211,48.28499984741211,8544
2025-10-03 17:33:00+00:00,48.28499984741211,48.29499816894531,48.28499984741211,48.290000915527344,3817
2025-10-03 17:34:00+00:00,48.27000045776367,48.290000915527344,48.27000045776367,48.290000915527344,7637
2025-10-03 17:35:00+00:00,48.26499938964844,48.290000915527344,48.26499938964844,48.27999877929688,8025
2025-10-03 17:36:00+00:00,48.275001525878906,48.290000915527344,48.26499938964844,48.275001525878906,8167
2025-10-03 17:37:00+00:00,48.275001525878906,48.28499984741211,48.275001525878906,48.27999877929688,4336
2025-10-03 17:38:00+00:00,48.27000045776367,48.27999877929688,48.26850128173828,48.27000045776367,6423
2025-10-03 17:39:00+00:00,48.27999877929688,48.28499984741211,48.26499938964844,48.27000045776367,11136
2025-10-03 17:40:00+00:00,48.244998931884766,48.27999877929688,48.244998931884766,48.27999877929688,8425
2025-10-03 17:41:00+00:00,48.24020004272461,48.24020004272461,48.23500061035156,48.2400016784668,2530
2025-10-03 17:42:00+00:00,48.2599983215332,48.26499938964844,48.244998931884766,48.244998931884766,8810
2025-10-03 17:43:00+00:00,48.28499984741211,48.28499984741211,48.2599983215332,48.2599983215332,8170
2025-10-03 17:44:00+00:00,48.28499984741211,48.28499984741211,48.27999877929688,48.27999877929688,3219
2025-10-03 17:45:00+00:00,48.244998931884766,48.27999877929688,48.244998931884766,48.27999877929688,5647
2025-10-03 17:46:00+00:00,48.23500061035156,48.255001068115234,48.23500061035156,48.25,8466
2025-10-03 17:47:00+00:00,48.22499847412109,48.23500061035156,48.220001220703125,48.22999954223633,8318
2025-10-03 17:48:00+00:00,48.2135009765625,48.22999954223633,48.209999084472656,48.22499847412109,9807
2025-10-03 17:49:00+00:00,48.23500061035156,48.2400016784668,48.21500015258789,48.21500015258789,9409
2025-10-03 17:50:00+00:00,48.22999954223633,48.250099182128906,48.22499847412109,48.2400016784668,22366
2025-10-03 17:51:00+00:00,48.20500183105469,48.2400016784668,48.20500183105469,48.2400016784668,10474
2025-10-03 17:52:00+00:00,48.19499969482422,48.21620178222656,48.18999862670898,48.209999084472656,9947
2025-10-03 17:53:00+00:00,48.185001373291016,48.20500183105469,48.165000915527344,48.19499969482422,17396
2025-10-03 17:54:00+00:00,48.165000915527344,48.185001373291016,48.150001525878906,48.185001373291016,17804
2025-10-03 17:55:00+00:00,48.20000076293945,48.20500183105469,48.165000915527344,48.165000915527344,17533
2025-10-03 17:56:00+00:00,48.18000030517578,48.20000076293945,48.16999816894531,48.18999862670898,7995
2025-10-03 17:57:00+00:00,48.220001220703125,48.22999954223633,48.185001373291016,48.185001373291016,11823
2025-10-03 17:58:00+00:00,48.20500183105469,48.22999954223633,48.20500183105469,48.21500015258789,11241
2025-10-03 17:59:00+00:00,48.21500015258789,48.22499847412109,48.20500183105469,48.20500183105469,7109
2025-10-03 18:00:00+00:00,48.18999862670898,48.220001220703125,48.18999862670898,48.21500015258789,7180
2025-10-03 18:01:00+00:00,48.185001373291016,48.19499969482422,48.15999984741211,48.18999862670898,41055
2025-10-03 18:02:00+00:00,48.165000915527344,48.185001373291016,48.15499877929688,48.18000030517578,14928
2025-10-03 18:03:00+00:00,48.165000915527344,48.16999816894531,48.150001525878906,48.165000915527344,6490
2025-10-03 18:04:00+00:00,48.15499877929688,48.15999984741211,48.14500045776367,48.15999984741211,6330
2025-10-03 18:05:00+00:00,48.15999984741211,48.16999816894531,48.15999984741211,48.15999984741211,7592
2025-10-03 18:06:00+00:00,48.12629318237305,48.16019821166992,48.125,48.16019821166992,9257
2025-10-03 18:07:00+00:00,48.1349983215332,48.13999938964844,48.130001068115234,48.130001068115234,5696
2025-10-03 18:08:00+00:00,48.130001068115234,48.1349983215332,48.11000061035156,48.130001068115234,8559
2025-10-03 18:09:00+00:00,48.15499877929688,48.15499877929688,48.132301330566406,48.1349983215332,8146
2025-10-03 18:10:00+00:00,48.185001373291016,48.18999862670898,48.15999984741211,48.15999984741211,6011
2025-10-03 18:11:00+00:00,48.244998931884766,48.244998931884766,48.20500183105469,48.20500183105469,7928
2025-10-03 18:12:00+00:00,48.21500015258789,48.244998931884766,48.21500015258789,48.244998931884766,5937
2025-10-03 18:13:00+00:00,48.20000076293945,48.209999084472656,48.185001373291016,48.209999084472656,5270
2025-10-03 18:14:00+00:00,48.18999862670898,48.20500183105469,48.18000030517578,48.18999862670898,6199
2025-10-03 18:15:00+00:00,48.19380187988281,48.209999084472656,48.18000030517578,48.18999862670898,5545
2025-10-03 18:16:00+00:00,48.20000076293945,48.20500183105469,48.19499969482422,48.20000076293945,4107
2025-10-03 18:17:00+00:00,48.21500015258789,48.22499847412109,48.20029830932617,48.204200744628906,9358
2025-10-03 18:18:00+00:00,48.22999954223633,48.22999954223633,48.220001220703125,48.22499847412109,5860
2025-10-03 18:19:00+00:00,48.255001068115234,48.255001068115234,48.22999954223633,48.22999954223633,5368
2025-10-03 18:20:00+00:00,48.22499847412109,48.26499938964844,48.21500015258789,48.2599983215332,96253
2025-10-03 18:21:00+00:00,48.27999877929688,48.28499984741211,48.22999954223633,48.22999954223633,14754
2025-10-03 18:22:00+00:00,48.29499816894531,48.29499816894531,48.275001525878906,48.275001525878906,4485
2025-10-03 18:23:00+00:00,48.290000915527344,48.29990005493164,48.27999877929688,48.29990005493164,11507
2025-10-03 18:24:00+00:00,48.27000045776367,48.29499816894531,48.27000045776367,48.29499816894531,7499
2025-10-03 18:25:00+00:00,48.2599983215332,48.27999877929688,48.2599983215332,48.275001525878906,4494
2025-10-03 18:26:00+00:00,48.290000915527344,48.290000915527344,48.27000045776367,48.27000045776367,13628
2025-10-03 18:27:00+00:00,48.26499938964844,48.27999877929688,48.2599983215332,48.27999877929688,9995
2025-10-03 18:28:00+00:00,48.25,48.2599983215332,48.25,48.2599983215332,6685
2025-10-03 18:29:00+00:00,48.244998931884766,48.26499938964844,48.2400016784668,48.255001068115234,11487
2025-10-03 18:30:00+00:00,48.2599983215332,48.27999877929688,48.25,48.25,8593
2025-10-03 18:31:00+00:00,48.244998931884766,48.26499938964844,48.244998931884766,48.255001068115234,6401
2025-10-03 18:32:00+00:00,48.20000076293945,48.24879837036133,48.20000076293945,48.24879837036133,9416
2025-10-03 18:33:00+00:00,48.185001373291016,48.20500183105469,48.16999816894531,48.20000076293945,19666
2025-10-03 18:34:00+00:00,48.15999984741211,48.18000030517578,48.15999984741211,48.18000030517578,20136
2025-10-03 18:35:00+00:00,48.15999984741211,48.18000030517578,48.15999984741211,48.18000030517578,5485
2025-10-03 18:36:00+00:00,48.16999816894531,48.16999816894531,48.13999938964844,48.150001525878906,7606
2025-10-03 18:37:00+00:00,48.15999984741211,48.17020034790039,48.14500045776367,48.17020034790039,11500
2025-10-03 18:38:00+00:00,48.165000915527344,48.16999816894531,48.15999984741211,48.16999816894531,5299
2025-10-03 18:39:00+00:00,48.15999984741211,48.185001373291016,48.13999938964844,48.16999816894531,56325
2025-10-03 18:40:00+00:00,48.15499877929688,48.15999984741211,48.14500045776367,48.15999984741211,4549
2025-10-03 18:41:00+00:00,48.13999938964844,48.15999984741211,48.13999938964844,48.150001525878906,10197
2025-10-03 18:42:00+00:00,48.15499877929688,48.15499877929688,48.1349983215332,48.13999938964844,4407
2025-10-03 18:43:00+00:00,48.15999984741211,48.165000915527344,48.13999938964844,48.14500045776367,5526
2025-10-03 18:44:00+00:00,48.13999938964844,48.15999984741211,48.13999938964844,48.15190124511719,3679
2025-10-03 18:45:00+00:00,48.13999938964844,48.14500045776367,48.1349983215332,48.14500045776367,6818
2025-10-03 18:46:00+00:00,48.118900299072266,48.1349983215332,48.1150016784668,48.1349983215332,6340
2025-10-03 18:47:00+00:00,48.14500045776367,48.14500045776367,48.1150016784668,48.119998931884766,12028
2025-10-03 18:48:00+00:00,48.119998931884766,48.14500045776367,48.119998931884766,48.14500045776367,6926
2025-10-03 18:49:00+00:00,48.10499954223633,48.1150016784668,48.09999847412109,48.1150016784668,6171
2025-10-03 18:50:00+00:00,48.11989974975586,48.125,48.10499954223633,48.11000061035156,22109
2025-10-03 18:51:00+00:00,48.125,48.12580108642578,48.1150016784668,48.119998931884766,6494
2025-10-03 18:52:00+00:00,48.09999847412109,48.125,48.095001220703125,48.125,16819
2025-10-03 18:53:00+00:00,48.125,48.125,48.11000061035156,48.11000061035156,4304
2025-10-03 18:54:00+00:00,48.1150016784668,48.125,48.11000061035156,48.125,4640
2025-10-03 18:55:00+00:00,48.10499954223633,48.125,48.095001220703125,48.11000061035156,9929
2025-10-03 18:56:00+00:00,48.14500045776367,48.14500045776367,48.11000061035156,48.11000061035156,3148
2025-10-03 18:57:00+00:00,48.17499923706055,48.18000030517578,48.150001525878906,48.150001525878906,8482
2025-10-03 18:58:00+00:00,48.165000915527344,48.16999816894531,48.15999984741211,48.16999816894531,6442
2025-10-03 18:59:00+00:00,48.14500045776367,48.15999984741211,48.1349983215332,48.15999984741211,10523
2025-10-03 19:00:00+00:00,48.18999862670898,48.18999862670898,48.13999938964844,48.14500045776367,14046
2025-10-03 19:01:00+00:00,48.19499969482422,48.209999084472656,48.18999862670898,48.18999862670898,6907
2025-10-03 19:02:00+00:00,48.19499969482422,48.20000076293945,48.18000030517578,48.19499969482422,11289
2025-10-03 19:03:00+00:00,48.18999862670898,48.20000076293945,48.18000030517578,48.20000076293945,5522
2025-10-03 19:04:00+00:00,48.17499923706055,48.18999862670898,48.17499923706055,48.185001373291016,6656
2025-10-03 19:05:00+00:00,48.15499877929688,48.17499923706055,48.150001525878906,48.16999816894531,7424
2025-10-03 19:06:00+00:00,48.150001525878906,48.185001373291016,48.150001525878906,48.15999984741211,9525
2025-10-03 19:07:00+00:00,48.15499877929688,48.15499877929688,48.13999938964844,48.150001525878906,5226
2025-10-03 19:08:00+00:00,48.13999938964844,48.150001525878906,48.1349983215332,48.150001525878906,5416
2025-10-03 19:09:00+00:00,48.17499923706055,48.17499923706055,48.13999938964844,48.14500045776367,6420
2025-10-03 19:10:00+00:00,48.18000030517578,48.18999862670898,48.16249847412109,48.18000030517578,14628
2025-10-03 19:11:00+00:00,48.20000076293945,48.20500183105469,48.17689895629883,48.18000030517578,42586
2025-10-03 19:12:00+00:00,48.18000030517578,48.20000076293945,48.17499923706055,48.20000076293945,26143
2025-10-03 19:13:00+00:00,48.16999816894531,48.17499923706055,48.165000915527344,48.16999816894531,11408
2025-10-03 19:14:00+00:00,48.14500045776367,48.16999816894531,48.14500045776367,48.16999816894531,8418
2025-10-03 19:15:00+00:00,48.14500045776367,48.15499877929688,48.1349983215332,48.14500045776367,7026
2025-10-03 19:16:00+00:00,48.14500045776367,48.14500045776367,48.1349983215332,48.13999938964844,8380
2025-10-03 19:17:00+00:00,48.14500045776367,48.165000915527344,48.13999938964844,48.13999938964844,15338
2025-10-03 19:18:00+00:00,48.125,48.13999938964844,48.125,48.13999938964844,9748
2025-10-03 19:19:00+00:00,48.150001525878906,48.150001525878906,48.125,48.125,15548
2025-10-03 19:20:00+00:00,48.130001068115234,48.165000915527344,48.12099838256836,48.15999984741211,15196
2025-10-03 19:21:00+00:00,48.14500045776367,48.150001525878906,48.125,48.130001068115234,10676
2025-10-03 19:22:00+00:00,48.1510009765625,48.15999984741211,48.14500045776367,48.14500045776367,7121
2025-10-03 19:23:00+00:00,48.130001068115234,48.15499877929688,48.12009811401367,48.1510009765625,14292
2025-10-03 19:24:00+00:00,48.1349983215332,48.1349983215332,48.119998931884766,48.125,7329
2025-10-03 19:25:00+00:00,48.1349983215332,48.1349983215332,48.119998931884766,48.1349983215332,9937
2025-10-03 19:26:00+00:00,48.165000915527344,48.165000915527344,48.1349983215332,48.1349983215332,12743
2025-10-03 19:27:00+00:00,48.1510009765625,48.165000915527344,48.1510009765625,48.15999984741211,11397
2025-10-03 19:28:00+00:00,48.125,48.15549850463867,48.119998931884766,48.15499877929688,9411
2025-10-03 19:29:00+00:00,48.11000061035156,48.12099838256836,48.11000061035156,48.119998931884766,22374
2025-10-03 19:30:00+00:00,48.1349983215332,48.150001525878906,48.1150016784668,48.1150016784668,17377
2025-10-03 19:31:00+00:00,48.14500045776367,48.150001525878906,48.13100051879883,48.1349983215332,12844
2025-10-03 19:32:00+00:00,48.165000915527344,48.16999816894531,48.1349983215332,48.150001525878906,76704
2025-10-03 19:33:00+00:00,48.16999816894531,48.18000030517578,48.165000915527344,48.165000915527344,7709
2025-10-03 19:34:00+00:00,48.165000915527344,48.16999816894531,48.15499877929688,48.16999816894531,23679
2025-10-03 19:35:00+00:00,48.15999984741211,48.16999816894531,48.150001525878906,48.16999816894531,20712
2025-10-03 19:36:00+00:00,48.160099029541016,48.18000030517578,48.15999984741211,48.16510009765625,7433
2025-10-03 19:37:00+00:00,48.165000915527344,48.165000915527344,48.150001525878906,48.15999984741211,21069
2025-10-03 19:38:00+00:00,48.165000915527344,48.16999816894531,48.15999984741211,48.15999984741211,7801
2025-10-03 19:39:00+00:00,48.18000030517578,48.18000030517578,48.165000915527344,48.165000915527344,11562
2025-10-03 19:40:00+00:00,48.150001525878906,48.18000030517578,48.150001525878906,48.17499923706055,21349
2025-10-03 19:41:00+00:00,48.15499877929688,48.165000915527344,48.1349983215332,48.14500045776367,44516
2025-10-03 19:42:00+00:00,48.15900039672852,48.165000915527344,48.15010070800781,48.165000915527344,12082
2025-10-03 19:43:00+00:00,48.14500045776367,48.15499877929688,48.125,48.15499877929688,30327
2025-10-03 19:44:00+00:00,48.119998931884766,48.14500045776367,48.1150016784668,48.14500045776367,24881
2025-10-03 19:45:00+00:00,48.14500045776367,48.150001525878906,48.119998931884766,48.119998931884766,20463
2025-10-03 19:46:00+00:00,48.1150016784668,48.13999938964844,48.1150016784668,48.13999938964844,15811
2025-10-03 19:47:00+00:00,48.119998931884766,48.125,48.11000061035156,48.1150016784668,18668
2025-10-03 19:48:00+00:00,48.125,48.13999938964844,48.1150016784668,48.125,29077
2025-10-03 19:49:00+00:00,48.11000061035156,48.125,48.11000061035156,48.125,28582
2025-10-03 19:50:00+00:00,48.07500076293945,48.11000061035156,48.060001373291016,48.11000061035156,95080
2025-10-03 19:51:00+00:00,48.05500030517578,48.095001220703125,48.05500030517578,48.06999969482422,41739
2025-10-03 19:52:00+00:00,48.03499984741211,48.060001373291016,48.02999877929688,48.05500030517578,60651
2025-10-03 19:53:00+00:00,48.025001525878906,48.03499984741211,48.02000045776367,48.03499984741211,32197
2025-10-03 19:54:00+00:00,48.05500030517578,48.084999084472656,48.025001525878906,48.025001525878906,78815
2025-10-03 19:55:00+00:00,48.025001525878906,48.07500076293945,48.02000045776367,48.04999923706055,77930
2025-10-03 19:56:00+00:00,48.025001525878906,48.025001525878906,48.0099983215332,48.025001525878906,47540
2025-10-03 19:57:00+00:00,48.03499984741211,48.040000915527344,48.02000045776367,48.02000045776367,108174
2025-10-03 19:58:00+00:00,47.994998931884766,48.040000915527344,47.9900016784668,48.03499984741211,272957
2025-10-03 19:59:00+00:00,48.06999969482422,48.08000183105469,47.9900016784668,47.994998931884766,493671
