Date,Close,High,Low,Open,Volume
2022-11-04 13:30:00+00:00,42.58000183105469,42.68000030517578,41.97999954223633,41.97999954223633,2469246
2022-11-04 14:30:00+00:00,42.34000015258789,42.77999877929688,42.32500076293945,42.584999084472656,1935588
2022-11-04 15:30:00+00:00,42.334999084472656,42.525001525878906,41.9900016784668,42.34999847412109,1077020
2022-11-04 16:30:00+00:00,42.59000015258789,42.67850112915039,42.29999923706055,42.334999084472656,1511319
2022-11-04 17:30:00+00:00,42.584999084472656,42.65999984741211,42.43000030517578,42.584999084472656,1206249
2022-11-04 18:30:00+00:00,42.7400016784668,42.755001068115234,42.54999923706055,42.584999084472656,1802583
2022-11-04 19:30:00+00:00,42.84000015258789,42.8849983215332,42.68000030517578,42.744998931884766,2496213
2022-11-07 14:30:00+00:00,42.97999954223633,43.375,42.91999816894531,43.20000076293945,2091924
2022-11-07 15:30:00+00:00,42.935001373291016,43.03499984741211,42.755001068115234,42.970001220703125,1207560
2022-11-07 16:30:00+00:00,43.13999938964844,43.16999816894531,42.90430068969727,42.93899917602539,973311
2022-11-07 17:30:00+00:00,43.150001525878906,43.32500076293945,43.08000183105469,43.150001525878906,1226323
2022-11-07 18:30:00+00:00,43.15999984741211,43.345001220703125,43.09000015258789,43.15999984741211,1588965
2022-11-07 19:30:00+00:00,43.36809921264648,43.38999938964844,43.1349983215332,43.16809844970703,1138057
2022-11-07 20:30:00+00:00,43.52999877929688,43.59999847412109,43.310001373291016,43.3650016784668,2962135
2022-11-08 14:30:00+00:00,43.95000076293945,44.0099983215332,43.470001220703125,43.65499877929688,1857271
2022-11-08 15:30:00+00:00,43.970001220703125,44.21500015258789,43.84999847412109,43.95000076293945,1643782
2022-11-08 16:30:00+00:00,44.0099983215332,44.119998931884766,43.93999862670898,43.970001220703125,840548
2022-11-08 17:30:00+00:00,43.97499847412109,44.27000045776367,43.935001373291016,44.0,1178142
2022-11-08 18:30:00+00:00,43.77000045776367,44.119998931884766,43.75,43.970001220703125,1929234
2022-11-08 19:30:00+00:00,44.244998931884766,44.27000045776367,43.75,43.77000045776367,2063251
2022-11-08 20:30:00+00:00,44.150001525878906,44.36000061035156,44.13999938964844,44.2400016784668,2121588
2022-11-09 14:30:00+00:00,43.540000915527344,43.83000183105469,43.31999969482422,43.790000915527344,1741503
2022-11-09 15:30:00+00:00,43.7599983215332,43.880001068115234,43.459999084472656,43.52999877929688,1304923
2022-11-09 16:30:00+00:00,43.5,43.86000061035156,43.45500183105469,43.7599983215332,999870
2022-11-09 17:30:00+00:00,43.505001068115234,43.56999969482422,43.369998931884766,43.5,815743
2022-11-09 18:30:00+00:00,43.34000015258789,43.52999877929688,43.17499923706055,43.5099983215332,990357
2022-11-09 19:30:00+00:00,43.275001525878906,43.35499954223633,43.15999984741211,43.34000015258789,1184822
2022-11-09 20:30:00+00:00,43.23199844360352,43.34000015258789,43.16999816894531,43.275001525878906,1493506
2022-11-10 14:30:00+00:00,44.16999816894531,44.34000015258789,43.90999984741211,44.0,2852408
2022-11-10 15:30:00+00:00,44.60499954223633,44.61000061035156,44.06999969482422,44.16999816894531,1457573
2022-11-10 16:30:00+00:00,44.79999923706055,44.81999969482422,44.52999877929688,44.59999847412109,1143142
2022-11-10 17:30:00+00:00,44.85499954223633,44.86000061035156,44.59999847412109,44.79999923706055,1116333
2022-11-10 18:30:00+00:00,44.83000183105469,44.93999862670898,44.775001525878906,44.84999847412109,839471
2022-11-10 19:30:00+00:00,44.90999984741211,44.91999816894531,44.7400016784668,44.81999969482422,1446235
2022-11-10 20:30:00+00:00,44.869998931884766,45.02000045776367,44.83000183105469,44.915000915527344,3318364
2022-11-11 14:30:00+00:00,44.709999084472656,44.994998931884766,44.43999862670898,44.43999862670898,2078943
2022-11-11 15:30:00+00:00,44.630001068115234,44.77000045776367,44.52000045776367,44.709999084472656,1069218
2022-11-11 16:30:00+00:00,44.86000061035156,45.0,44.57500076293945,44.619998931884766,1087143
2022-11-11 17:30:00+00:00,44.880001068115234,44.970001220703125,44.77000045776367,44.86000061035156,620578
2022-11-11 18:30:00+00:00,45.02000045776367,45.04999923706055,44.84999847412109,44.88949966430664,709496
2022-11-11 19:30:00+00:00,44.994998931884766,45.02999877929688,44.92499923706055,45.01499938964844,1065695
2022-11-11 20:30:00+00:00,44.95000076293945,45.02999877929688,44.84999847412109,44.9900016784668,2135148
2022-11-14 14:30:00+00:00,44.76499938964844,45.060001373291016,44.619998931884766,44.959999084472656,1351829
2022-11-14 15:30:00+00:00,44.79499816894531,44.959999084472656,44.61000061035156,44.77000045776367,1101867
2022-11-14 16:30:00+00:00,44.7400016784668,44.845001220703125,44.6150016784668,44.790000915527344,931229
2022-11-14 17:30:00+00:00,44.6150016784668,44.790000915527344,44.56499862670898,44.76499938964844,653673
2022-11-14 18:30:00+00:00,44.35499954223633,44.70500183105469,44.31999969482422,44.6150016784668,765262
2022-11-14 19:30:00+00:00,44.119998931884766,44.400001525878906,44.02000045776367,44.35499954223633,1053197
2022-11-14 20:30:00+00:00,43.84999847412109,44.119998931884766,43.80500030517578,44.1150016784668,1355636
2022-11-15 14:30:00+00:00,44.209999084472656,44.52999877929688,43.95500183105469,44.4900016784668,1430581
2022-11-15 15:30:00+00:00,44.09999847412109,44.29499816894531,44.00469970703125,44.21500015258789,772432
2022-11-15 16:30:00+00:00,44.07500076293945,44.15999984741211,44.01499938964844,44.119998931884766,496929
2022-11-15 17:30:00+00:00,43.52999877929688,44.1150016784668,43.5,44.07500076293945,756436
2022-11-15 18:30:00+00:00,43.81999969482422,43.84999847412109,43.31499862670898,43.52999877929688,1138423
2022-11-15 19:30:00+00:00,43.73500061035156,43.915000915527344,43.709999084472656,43.81999969482422,876962
2022-11-15 20:30:00+00:00,43.7599983215332,43.790000915527344,43.59249877929688,43.73500061035156,1339304
2022-11-16 14:30:00+00:00,43.08000183105469,43.810001373291016,42.880001068115234,43.7599983215332,1277096
2022-11-16 15:30:00+00:00,43.09999847412109,43.09999847412109,42.81999969482422,43.084999084472656,787076
2022-11-16 16:30:00+00:00,43.06499862670898,43.310001373291016,43.0099983215332,43.09199905395508,760774
2022-11-16 17:30:00+00:00,43.1781005859375,43.22999954223633,42.96160125732422,43.060001373291016,973113
2022-11-16 18:30:00+00:00,42.959999084472656,43.20000076293945,42.900001525878906,43.17499923706055,888750
2022-11-16 19:30:00+00:00,42.92499923706055,43.11000061035156,42.86000061035156,42.959999084472656,1371293
2022-11-16 20:30:00+00:00,42.970001220703125,43.06999969482422,42.90999984741211,42.92499923706055,2134248
2022-11-17 14:30:00+00:00,42.64500045776367,42.71500015258789,42.33000183105469,42.43999862670898,1012210
2022-11-17 15:30:00+00:00,42.47499847412109,42.63999938964844,42.375,42.63999938964844,529894
2022-11-17 16:30:00+00:00,42.540000915527344,42.619998931884766,42.403900146484375,42.47999954223633,534612
2022-11-17 17:30:00+00:00,42.625,42.720001220703125,42.494998931884766,42.52999877929688,565317
2022-11-17 18:30:00+00:00,42.810001373291016,42.83000183105469,42.595001220703125,42.625,721450
2022-11-17 19:30:00+00:00,42.48500061035156,42.83000183105469,42.45500183105469,42.81499862670898,751696
2022-11-17 20:30:00+00:00,42.77999877929688,42.78499984741211,42.47999954223633,42.48500061035156,1324611
2022-11-18 14:30:00+00:00,43.39500045776367,43.47999954223633,43.0099983215332,43.34000015258789,1093215
2022-11-18 15:30:00+00:00,43.33000183105469,43.43999862670898,43.13999938964844,43.38999938964844,699525
2022-11-18 16:30:00+00:00,42.94499969482422,43.380001068115234,42.88999938964844,43.34000015258789,747459
2022-11-18 17:30:00+00:00,42.994998931884766,43.02000045776367,42.88999938964844,42.95000076293945,412088
2022-11-18 18:30:00+00:00,43.19499969482422,43.22999954223633,42.900001525878906,43.0,458374
2022-11-18 19:30:00+00:00,43.29999923706055,43.31999969482422,43.150001525878906,43.19499969482422,643166
2022-11-18 20:30:00+00:00,43.400001525878906,43.48500061035156,43.2599983215332,43.29999923706055,1122777
2022-11-21 14:30:00+00:00,43.6150016784668,43.834999084472656,43.36000061035156,43.369998931884766,882820
2022-11-21 15:30:00+00:00,43.505001068115234,43.630001068115234,43.38999938964844,43.61000061035156,567971
2022-11-21 16:30:00+00:00,43.54999923706055,43.56999969482422,43.34999847412109,43.5099983215332,534158
2022-11-21 17:30:00+00:00,43.525001525878906,43.665000915527344,43.470001220703125,43.54499816894531,666215
2022-11-21 18:30:00+00:00,43.32500076293945,43.525001525878906,43.2599983215332,43.525001525878906,905315
2022-11-21 19:30:00+00:00,43.33290100097656,43.36000061035156,43.27000045776367,43.31999969482422,1276223
2022-11-21 20:30:00+00:00,43.34999847412109,43.42499923706055,43.29999923706055,43.334999084472656,2200168
2022-11-22 14:30:00+00:00,43.69499969482422,43.82500076293945,43.5,43.584999084472656,1144711
2022-11-22 15:30:00+00:00,43.57500076293945,43.72990036010742,43.505001068115234,43.70000076293945,969541
2022-11-22 16:30:00+00:00,43.60279846191406,43.60499954223633,43.45000076293945,43.58000183105469,589142
2022-11-22 17:30:00+00:00,43.625,43.709999084472656,43.5099983215332,43.59999847412109,634054
2022-11-22 18:30:00+00:00,43.65499877929688,43.67649841308594,43.54999923706055,43.619998931884766,535985
2022-11-22 19:30:00+00:00,43.775001525878906,43.77999877929688,43.63999938964844,43.65499877929688,636378
2022-11-22 20:30:00+00:00,43.90499877929688,43.95000076293945,43.7599983215332,43.775001525878906,1255401
2022-11-23 14:30:00+00:00,44.03499984741211,44.06700134277344,43.81999969482422,43.93000030517578,1216262
2022-11-23 15:30:00+00:00,44.05500030517578,44.130001068115234,43.970001220703125,44.03499984741211,631800
2022-11-23 16:30:00+00:00,44.02999877929688,44.09999847412109,43.91999816894531,44.061798095703125,594734
2022-11-23 17:30:00+00:00,43.97819900512695,44.060001373291016,43.88999938964844,44.03499984741211,595330
2022-11-23 18:30:00+00:00,44.09999847412109,44.15999984741211,43.869998931884766,43.97499847412109,664931
2022-11-23 19:30:00+00:00,43.98500061035156,44.095001220703125,43.95000076293945,44.095001220703125,588197
2022-11-23 20:30:00+00:00,44.09000015258789,44.130001068115234,43.95000076293945,43.98500061035156,1005931
2022-11-25 14:30:00+00:00,44.27999877929688,44.391998291015625,44.057498931884766,44.25,750250
2022-11-25 15:30:00+00:00,44.25,44.34999847412109,44.18999862670898,44.28499984741211,499416
2022-11-25 16:30:00+00:00,44.20000076293945,44.275001525878906,44.1349983215332,44.2400016784668,495472
2022-11-28 14:30:00+00:00,43.93000030517578,44.290000915527344,43.650001525878906,43.9900016784668,989422
2022-11-28 15:30:00+00:00,43.93000030517578,44.01499938964844,43.89360046386719,43.935001373291016,768863
2022-11-28 16:30:00+00:00,43.85499954223633,43.97999954223633,43.84000015258789,43.92499923706055,563240
2022-11-28 17:30:00+00:00,43.86000061035156,43.91999816894531,43.79499816894531,43.85499954223633,567544
2022-11-28 18:30:00+00:00,43.65999984741211,43.86000061035156,43.6349983215332,43.85499954223633,697326
2022-11-28 19:30:00+00:00,43.665000915527344,43.75,43.63999938964844,43.665000915527344,655594
2022-11-28 20:30:00+00:00,43.7400016784668,43.790000915527344,43.650001525878906,43.665000915527344,1341515
2022-11-29 14:30:00+00:00,44.35499954223633,44.357398986816406,43.70000076293945,43.79999923706055,1069232
2022-11-29 15:30:00+00:00,44.14500045776367,44.3650016784668,44.09000015258789,44.35910034179688,1052161
2022-11-29 16:30:00+00:00,44.16999816894531,44.32500076293945,44.13999938964844,44.150001525878906,737161
2022-11-29 17:30:00+00:00,44.23989868164063,44.27000045776367,44.125,44.16999816894531,430168
2022-11-29 18:30:00+00:00,44.32500076293945,44.45000076293945,44.21500015258789,44.22999954223633,823196
2022-11-29 19:30:00+00:00,44.47499847412109,44.4900016784668,44.2599983215332,44.320098876953125,1102416
2022-11-29 20:30:00+00:00,44.56499862670898,44.619998931884766,44.470001220703125,44.47999954223633,1684167
2022-11-30 14:30:00+00:00,43.900001525878906,44.57500076293945,43.71500015258789,44.43999862670898,1094808
2022-11-30 15:30:00+00:00,44.59999847412109,44.61000061035156,43.900001525878906,43.900001525878906,975239
2022-11-30 16:30:00+00:00,44.43000030517578,44.66999816894531,44.40999984741211,44.595001220703125,1046406
2022-11-30 17:30:00+00:00,44.27000045776367,44.459999084472656,44.13999938964844,44.42499923706055,651290
2022-11-30 18:30:00+00:00,44.959999084472656,45.0,44.18000030517578,44.2599983215332,1073387
2022-11-30 19:30:00+00:00,45.2400016784668,45.2599983215332,44.8849983215332,44.96500015258789,964994
2022-11-30 20:30:00+00:00,45.380001068115234,45.52000045776367,45.22999954223633,45.23500061035156,2447806
2022-12-01 14:30:00+00:00,45.005001068115234,45.540000915527344,44.84999847412109,45.38999938964844,1540437
2022-12-01 15:30:00+00:00,45.04499816894531,45.255001068115234,44.88999938964844,44.994998931884766,949386
2022-12-01 16:30:00+00:00,45.375,45.39500045776367,45.040000915527344,45.040000915527344,761800
2022-12-01 17:30:00+00:00,45.16999816894531,45.415000915527344,45.125,45.375,530458
2022-12-01 18:30:00+00:00,45.40999984741211,45.43000030517578,45.11000061035156,45.18000030517578,679095
2022-12-01 19:30:00+00:00,45.33990097045898,45.435001373291016,45.244998931884766,45.40999984741211,979181
2022-12-01 20:30:00+00:00,45.36000061035156,45.43999862670898,45.31999969482422,45.34000015258789,1466088
2022-12-02 14:30:00+00:00,45.48500061035156,45.59999847412109,45.130001068115234,45.15999984741211,1959107
2022-12-02 15:30:00+00:00,45.2599983215332,45.55500030517578,45.08000183105469,45.48500061035156,1126272
2022-12-02 16:30:00+00:00,45.54499816894531,45.709999084472656,45.2400016784668,45.2599983215332,1035600
2022-12-02 17:30:00+00:00,45.52999877929688,45.595001220703125,45.47999954223633,45.54499816894531,852589
2022-12-02 18:30:00+00:00,45.60499954223633,45.66999816894531,45.52000045776367,45.52999877929688,858060
2022-12-02 19:30:00+00:00,45.685001373291016,45.72999954223633,45.52999877929688,45.59999847412109,1784225
2022-12-02 20:30:00+00:00,45.63999938964844,45.709999084472656,45.52000045776367,45.68999862670898,2111071
2022-12-05 14:30:00+00:00,44.58000183105469,45.68999862670898,44.34000015258789,45.63999938964844,2219738
2022-12-05 15:30:00+00:00,44.15499877929688,44.609901428222656,44.11000061035156,44.57500076293945,2415169
2022-12-05 16:30:00+00:00,44.244998931884766,44.36000061035156,44.08000183105469,44.15499877929688,1403374
2022-12-05 17:30:00+00:00,43.96500015258789,44.29499816894531,43.93000030517578,44.244998931884766,1092203
2022-12-05 18:30:00+00:00,43.73500061035156,43.994998931884766,43.619998931884766,43.96500015258789,1290052
2022-12-05 19:30:00+00:00,43.79999923706055,44.03499984741211,43.72999954223633,43.73500061035156,1850026
2022-12-05 20:30:00+00:00,43.90999984741211,43.959999084472656,43.80500030517578,43.80500030517578,2281027
2022-12-06 14:30:00+00:00,42.86000061035156,44.05500030517578,42.65499877929688,43.959999084472656,1445173
2022-12-06 15:30:00+00:00,42.93000030517578,43.209999084472656,42.86000061035156,42.869998931884766,1045245
2022-12-06 16:30:00+00:00,42.619998931884766,42.959999084472656,42.5880012512207,42.92499923706055,811041
2022-12-06 17:30:00+00:00,42.43999862670898,42.630001068115234,42.22999954223633,42.619998931884766,897135
2022-12-06 18:30:00+00:00,42.540000915527344,42.80500030517578,42.45000076293945,42.45000076293945,1221393
2022-12-06 19:30:00+00:00,42.83000183105469,42.875,42.505001068115234,42.53829956054688,890009
2022-12-06 20:30:00+00:00,42.93000030517578,42.97499847412109,42.76499938964844,42.834999084472656,1758026
2022-12-07 14:30:00+00:00,43.25,43.25,42.470001220703125,42.7599983215332,1762891
2022-12-07 15:30:00+00:00,43.5,43.810001373291016,43.2599983215332,43.2599983215332,1628868
2022-12-07 16:30:00+00:00,43.79999923706055,43.900001525878906,43.43000030517578,43.5,1016380
2022-12-07 17:30:00+00:00,43.72999954223633,43.845001220703125,43.540000915527344,43.79999923706055,611630
2022-12-07 18:30:00+00:00,43.685001373291016,43.75,43.5,43.72999954223633,610492
2022-12-07 19:30:00+00:00,43.52999877929688,43.68999862670898,43.47159957885742,43.685001373291016,663571
2022-12-07 20:30:00+00:00,43.54999923706055,43.59999847412109,43.45000076293945,43.525001525878906,1193365
2022-12-08 14:30:00+00:00,43.625,43.665000915527344,43.33000183105469,43.619998931884766,1092815
2022-12-08 15:30:00+00:00,43.55500030517578,43.619998931884766,43.45000076293945,43.619998931884766,594375
2022-12-08 16:30:00+00:00,43.18000030517578,43.584999084472656,43.18000030517578,43.54999923706055,449861
2022-12-08 17:30:00+00:00,43.311798095703125,43.31990051269531,43.025001525878906,43.185001373291016,828040
2022-12-08 18:30:00+00:00,43.34999847412109,43.470001220703125,43.310001373291016,43.31499862670898,555051
2022-12-08 19:30:00+00:00,43.4900016784668,43.560001373291016,43.31499862670898,43.345001220703125,1105845
2022-12-08 20:30:00+00:00,43.54999923706055,43.56999969482422,43.43000030517578,43.4900016784668,1173100
2022-12-09 14:30:00+00:00,43.58000183105469,43.79999923706055,43.36000061035156,43.36000061035156,1108020
2022-12-09 15:30:00+00:00,43.68999862670898,43.71500015258789,43.45000076293945,43.58000183105469,702979
2022-12-09 16:30:00+00:00,43.54499816894531,43.720001220703125,43.53499984741211,43.69499969482422,533571
2022-12-09 17:30:00+00:00,43.525001525878906,43.619998931884766,43.5099983215332,43.54499816894531,467758
2022-12-09 18:30:00+00:00,43.4900016784668,43.587501525878906,43.42499923706055,43.52000045776367,541370
2022-12-09 19:30:00+00:00,43.36579895019531,43.52999877929688,43.36000061035156,43.4900016784668,1824450
2022-12-09 20:30:00+00:00,43.10499954223633,43.3849983215332,43.02999877929688,43.36000061035156,1707847
2022-12-12 14:30:00+00:00,42.810001373291016,43.25,42.61000061035156,43.20000076293945,1418577
2022-12-12 15:30:00+00:00,43.17499923706055,43.209999084472656,42.77000045776367,42.80500030517578,1677118
2022-12-12 16:30:00+00:00,43.33000183105469,43.369998931884766,43.10499954223633,43.18000030517578,1063228
2022-12-12 17:30:00+00:00,43.30630111694336,43.38999938964844,43.20000076293945,43.334999084472656,727333
2022-12-12 18:30:00+00:00,43.29850006103516,43.40999984741211,43.22499847412109,43.30500030517578,743685
2022-12-12 19:30:00+00:00,43.5099983215332,43.54499816894531,43.27999877929688,43.29499816894531,1206379
2022-12-12 20:30:00+00:00,43.45000076293945,43.61000061035156,43.39500045776367,43.5099983215332,1633289
2022-12-13 14:30:00+00:00,44.16999816894531,44.93999862670898,44.09000015258789,44.52000045776367,2445481
2022-12-13 15:30:00+00:00,44.34999847412109,44.459999084472656,44.04499816894531,44.18000030517578,2170433
2022-12-13 16:30:00+00:00,43.970001220703125,44.39899826049805,43.95500183105469,44.34999847412109,1049438
2022-12-13 17:30:00+00:00,44.29999923706055,44.334999084472656,43.90999984741211,43.96500015258789,1042230
2022-12-13 18:30:00+00:00,44.2400016784668,44.34000015258789,44.150001525878906,44.30500030517578,746690
2022-12-13 19:30:00+00:00,44.20500183105469,44.34749984741211,43.93999862670898,44.2400016784668,1226431
2022-12-13 20:30:00+00:00,44.209999084472656,44.34999847412109,44.1349983215332,44.209999084472656,2512203
2022-12-14 14:30:00+00:00,43.65999984741211,44.2599983215332,43.560001373291016,44.08000183105469,1110306
2022-12-14 15:30:00+00:00,43.79999923706055,43.8650016784668,43.45500183105469,43.65999984741211,944690
2022-12-14 16:30:00+00:00,43.78499984741211,43.84999847412109,43.65999984741211,43.79999923706055,763025
2022-12-14 17:30:00+00:00,43.95989990234375,44.0099983215332,43.7599983215332,43.78499984741211,545341
2022-12-14 18:30:00+00:00,43.68999862670898,44.17499923706055,43.54999923706055,43.959999084472656,1289939
2022-12-14 19:30:00+00:00,43.16999816894531,43.709999084472656,42.984901428222656,43.68000030517578,1908209
2022-12-14 20:30:00+00:00,43.27999877929688,43.459999084472656,43.06999969482422,43.16999816894531,1790744
2022-12-15 14:30:00+00:00,42.66999816894531,42.880001068115234,42.40999984741211,42.7599983215332,1744818
2022-12-15 15:30:00+00:00,42.79999923706055,42.95000076293945,42.6427001953125,42.67499923706055,1174233
2022-12-15 16:30:00+00:00,42.540000915527344,42.84000015258789,42.52999877929688,42.79999923706055,874435
2022-12-15 17:30:00+00:00,42.540000915527344,42.70000076293945,42.45000076293945,42.540000915527344,599721
2022-12-15 18:30:00+00:00,42.59000015258789,42.63999938964844,42.48500061035156,42.53499984741211,750902
2022-12-15 19:30:00+00:00,42.970001220703125,42.97499847412109,42.59999847412109,42.59999847412109,1107278
2022-12-15 20:30:00+00:00,42.84999847412109,43.03499984741211,42.71500015258789,42.970001220703125,1657219
2022-12-16 14:30:00+00:00,42.50849914550781,42.79999923706055,42.380001068115234,42.5,1963199
2022-12-16 15:30:00+00:00,42.5099983215332,42.619998931884766,42.31999969482422,42.5,1157065
2022-12-16 16:30:00+00:00,42.290000915527344,42.53770065307617,42.07500076293945,42.52000045776367,784772
2022-12-16 17:30:00+00:00,42.02999877929688,42.29999923706055,41.915000915527344,42.290000915527344,729969
2022-12-16 18:30:00+00:00,42.005001068115234,42.19499969482422,42.0,42.03670120239258,700054
2022-12-16 19:30:00+00:00,42.20190048217773,42.220001220703125,41.83000183105469,42.005001068115234,1074005
2022-12-16 20:30:00+00:00,42.11000061035156,42.310001373291016,42.11000061035156,42.209999084472656,2045071
2022-12-19 14:30:00+00:00,42.63999938964844,42.650001525878906,42.060001373291016,42.09999847412109,899757
2022-12-19 15:30:00+00:00,42.31999969482422,42.65499877929688,42.27000045776367,42.650001525878906,915993
2022-12-19 16:30:00+00:00,42.025001525878906,42.34999847412109,42.0,42.31499862670898,1104281
2022-12-19 17:30:00+00:00,42.01499938964844,42.13999938964844,41.96500015258789,42.025001525878906,959856
2022-12-19 18:30:00+00:00,41.61000061035156,42.01499938964844,41.59999847412109,42.0099983215332,706844
2022-12-19 19:30:00+00:00,41.86009979248047,41.875,41.61000061035156,41.61000061035156,859656
2022-12-19 20:30:00+00:00,41.93999862670898,42.04999923706055,41.84999847412109,41.86000061035156,2207260
2022-12-20 14:30:00+00:00,42.18360137939453,42.23500061035156,41.80500030517578,42.11000061035156,1266624
2022-12-20 15:30:00+00:00,42.0099983215332,42.27999877929688,41.97999954223633,42.18999862670898,1685073
2022-12-20 16:30:00+00:00,41.994998931884766,42.14500045776367,41.97499847412109,42.005001068115234,952984
2022-12-20 17:30:00+00:00,42.087398529052734,42.09000015258789,41.95000076293945,41.994998931884766,1365009
2022-12-20 18:30:00+00:00,42.01499938964844,42.16999816894531,41.91999816894531,42.084999084472656,1816860
2022-12-20 19:30:00+00:00,41.994998931884766,42.05500030517578,41.95000076293945,42.01499938964844,2432149
2022-12-20 20:30:00+00:00,41.91999816894531,42.11000061035156,41.91999816894531,42.0,1605748
2022-12-21 14:30:00+00:00,42.845001220703125,42.86000061035156,42.15999984741211,42.20000076293945,1493892
2022-12-21 15:30:00+00:00,42.8849983215332,43.0,42.72999954223633,42.84000015258789,1170603
2022-12-21 16:30:00+00:00,42.834999084472656,42.88999938964844,42.709999084472656,42.880001068115234,1069307
2022-12-21 17:30:00+00:00,42.63999938964844,42.869998931884766,42.630001068115234,42.84000015258789,597267
2022-12-21 18:30:00+00:00,42.560001373291016,42.75,42.54999923706055,42.63999938964844,857374
2022-12-21 19:30:00+00:00,42.60499954223633,42.65999984741211,42.500099182128906,42.55500030517578,837456
2022-12-21 20:30:00+00:00,42.709999084472656,42.75,42.59000015258789,42.60499954223633,1715466
2022-12-22 14:30:00+00:00,42.459999084472656,42.650001525878906,42.34999847412109,42.47999954223633,1480416
2022-12-22 15:30:00+00:00,42.540000915527344,42.540000915527344,42.25289916992188,42.46500015258789,1451906
2022-12-22 16:30:00+00:00,42.470001220703125,42.55500030517578,42.41249847412109,42.52999877929688,1195633
2022-12-22 17:30:00+00:00,42.42499923706055,42.5,42.27999877929688,42.46500015258789,1020511
2022-12-22 18:30:00+00:00,42.42499923706055,42.459999084472656,42.27000045776367,42.42499923706055,1415249
2022-12-22 19:30:00+00:00,42.650001525878906,42.665000915527344,42.29999923706055,42.41999816894531,1996019
2022-12-22 20:30:00+00:00,42.84000015258789,42.84999847412109,42.6349983215332,42.650001525878906,1792522
2022-12-23 14:30:00+00:00,43.209999084472656,43.28499984741211,42.72999954223633,42.83000183105469,1982626
2022-12-23 15:30:00+00:00,43.0,43.28499984741211,42.98500061035156,43.209999084472656,1224170
2022-12-23 16:30:00+00:00,43.04499816894531,43.15499877929688,43.005001068115234,43.0099983215332,668911
2022-12-23 17:30:00+00:00,43.06499862670898,43.13999938964844,43.0,43.04999923706055,570485
2022-12-23 18:30:00+00:00,43.04499816894531,43.1349983215332,43.0,43.0630989074707,734913
2022-12-23 19:30:00+00:00,43.13999938964844,43.18000030517578,43.040000915527344,43.040000915527344,513886
2022-12-23 20:30:00+00:00,43.18999862670898,43.20000076293945,43.06999969482422,43.13999938964844,752749
2022-12-27 14:30:00+00:00,43.33000183105469,43.41999816894531,43.119998931884766,43.34999847412109,1429547
2022-12-27 15:30:00+00:00,43.4900016784668,43.59000015258789,43.310001373291016,43.33000183105469,1043287
2022-12-27 16:30:00+00:00,43.665000915527344,43.73500061035156,43.47999954223633,43.4900016784668,1029417
2022-12-27 17:30:00+00:00,43.641300201416016,43.75,43.619998931884766,43.66749954223633,736489
2022-12-27 18:30:00+00:00,43.51499938964844,43.68000030517578,43.5099983215332,43.650001525878906,830849
2022-12-27 19:30:00+00:00,43.665000915527344,43.70500183105469,43.47999954223633,43.5099983215332,622125
2022-12-27 20:30:00+00:00,43.650001525878906,43.72999954223633,43.61000061035156,43.66249847412109,1199344
2022-12-28 14:30:00+00:00,43.59999847412109,43.81999969482422,43.560001373291016,43.720001220703125,1563727
2022-12-28 15:30:00+00:00,43.44499969482422,43.66999816894531,43.39500045776367,43.595001220703125,609028
2022-12-28 16:30:00+00:00,43.15999984741211,43.46500015258789,43.07500076293945,43.44499969482422,561174
2022-12-28 17:30:00+00:00,43.456298828125,43.470001220703125,43.15010070800781,43.165000915527344,400259
2022-12-28 18:30:00+00:00,43.4900016784668,43.52999877929688,43.380001068115234,43.459999084472656,464085
2022-12-28 19:30:00+00:00,43.380001068115234,43.65570068359375,43.34000015258789,43.48500061035156,736087
2022-12-28 20:30:00+00:00,43.34999847412109,43.43999862670898,43.27999877929688,43.3650016784668,1271103
2022-12-29 14:30:00+00:00,43.310001373291016,43.400001525878906,42.83000183105469,42.970001220703125,941228
2022-12-29 15:30:00+00:00,43.41299819946289,43.494998931884766,43.23500061035156,43.31119918823242,933288
2022-12-29 16:30:00+00:00,43.525001525878906,43.619998931884766,43.40999984741211,43.415000915527344,687634
2022-12-29 17:30:00+00:00,43.494998931884766,43.59999847412109,43.470001220703125,43.52000045776367,423411
2022-12-29 18:30:00+00:00,43.45000076293945,43.494998931884766,43.3400993347168,43.4900016784668,519949
2022-12-29 19:30:00+00:00,43.47499847412109,43.560001373291016,43.36000061035156,43.45000076293945,715810
2022-12-29 20:30:00+00:00,43.56999969482422,43.625,43.47499847412109,43.47999954223633,847543
2022-12-30 14:30:00+00:00,43.619998931884766,43.709999084472656,43.27999877929688,43.400001525878906,666690
2022-12-30 15:30:00+00:00,43.48500061035156,43.79499816894531,43.459999084472656,43.6150016784668,697763
2022-12-30 16:30:00+00:00,43.470001220703125,43.59000015258789,43.42499923706055,43.47999954223633,694267
2022-12-30 17:30:00+00:00,43.42110061645508,43.6150016784668,43.310001373291016,43.47999954223633,497379
2022-12-30 18:30:00+00:00,43.43999862670898,43.47499847412109,43.34000015258789,43.41999816894531,405226
2022-12-30 19:30:00+00:00,43.43000030517578,43.4900016784668,43.334999084472656,43.430301666259766,602264
2022-12-30 20:30:00+00:00,43.619998931884766,43.70000076293945,43.415000915527344,43.43000030517578,1176950
2023-01-03 14:30:00+00:00,44.47499847412109,44.72999954223633,44.08000183105469,44.20000076293945,2365211
2023-01-03 15:30:00+00:00,44.65499877929688,45.02999877929688,44.459999084472656,44.47999954223633,1925662
2023-01-03 16:30:00+00:00,44.369998931884766,44.81999969482422,44.3650016784668,44.65999984741211,997667
2023-01-03 17:30:00+00:00,44.560001373291016,44.59000015258789,44.185001373291016,44.369998931884766,730148
2023-01-03 18:30:00+00:00,44.42739868164063,44.55500030517578,44.380001068115234,44.55500030517578,742426
2023-01-03 19:30:00+00:00,44.65499877929688,44.66680145263672,44.27000045776367,44.43000030517578,1054237
2023-01-03 20:30:00+00:00,44.619998931884766,44.720001220703125,44.540000915527344,44.65499877929688,1555898
2023-01-04 14:30:00+00:00,45.560001373291016,45.56999969482422,45.11000061035156,45.11000061035156,2148212
2023-01-04 15:30:00+00:00,46.10499954223633,46.21500015258789,45.52000045776367,45.54999923706055,2254046
2023-01-04 16:30:00+00:00,46.20500183105469,46.39500045776367,46.09000015258789,46.10499954223633,2859560
2023-01-04 17:30:00+00:00,46.09000015258789,46.2599983215332,45.935001373291016,46.209999084472656,805186
2023-01-04 18:30:00+00:00,45.61000061035156,46.16999816894531,45.53499984741211,46.084999084472656,1513706
2023-01-04 19:30:00+00:00,45.915000915527344,45.94499969482422,45.52999877929688,45.6150016784668,1726249
2023-01-04 20:30:00+00:00,46.02000045776367,46.04999923706055,45.72999954223633,45.915000915527344,3027716
2023-01-05 14:30:00+00:00,45.415000915527344,46.0,45.060001373291016,45.86000061035156,1700151
2023-01-05 15:30:00+00:00,45.33000183105469,45.619998931884766,45.27000045776367,45.415000915527344,1251628
2023-01-05 16:30:00+00:00,45.525001525878906,45.68999862670898,45.310001373291016,45.32500076293945,673715
2023-01-05 17:30:00+00:00,45.79999923706055,45.80500030517578,45.48400115966797,45.52999877929688,685535
2023-01-05 18:30:00+00:00,45.72499847412109,45.84000015258789,45.68000030517578,45.79999923706055,721062
2023-01-05 19:30:00+00:00,45.67499923706055,45.90999984741211,45.63999938964844,45.72499847412109,682300
2023-01-05 20:30:00+00:00,45.65999984741211,45.80500030517578,45.61249923706055,45.66999816894531,1359811
2023-01-06 14:30:00+00:00,46.150001525878906,46.18000030517578,45.41999816894531,46.130001068115234,1530733
2023-01-06 15:30:00+00:00,46.209999084472656,46.369998931884766,46.09000015258789,46.150001525878906,1028567
2023-01-06 16:30:00+00:00,46.130001068115234,46.27999877929688,46.08250045776367,46.209999084472656,753565
2023-01-06 17:30:00+00:00,46.19499969482422,46.2400016784668,46.04999923706055,46.130001068115234,677682
2023-01-06 18:30:00+00:00,46.27000045776367,46.369998931884766,46.130001068115234,46.20000076293945,838105
2023-01-06 19:30:00+00:00,46.310001373291016,46.4900016784668,46.2400016784668,46.276100158691406,892930
2023-01-06 20:30:00+00:00,46.29999923706055,46.43999862670898,46.25,46.310001373291016,1332460
2023-01-09 14:30:00+00:00,46.34000015258789,46.47999954223633,46.119998931884766,46.40999984741211,1281545
2023-01-09 15:30:00+00:00,46.630001068115234,46.647499084472656,46.34000015258789,46.34000015258789,1511468
2023-01-09 16:30:00+00:00,46.65499877929688,46.709999084472656,46.540000915527344,46.625,1543391
2023-01-09 17:30:00+00:00,46.560001373291016,46.79999923706055,46.47999954223633,46.65280151367188,1913549
2023-01-09 18:30:00+00:00,46.5,46.595001220703125,46.459999084472656,46.560001373291016,570168
2023-01-09 19:30:00+00:00,46.49369812011719,46.61000061035156,46.45000076293945,46.48500061035156,1729909
2023-01-09 20:30:00+00:00,46.61000061035156,46.63999938964844,46.39500045776367,46.4900016784668,2321966
2023-01-10 14:30:00+00:00,46.15999984741211,46.900001525878906,46.1349983215332,46.75,3038712
2023-01-10 15:30:00+00:00,46.52000045776367,46.6349983215332,45.95500183105469,46.165000915527344,2050460
2023-01-10 16:30:00+00:00,46.54999923706055,46.71500015258789,46.38249969482422,46.52000045776367,1614757
2023-01-10 17:30:00+00:00,46.6150016784668,46.7400016784668,46.54499816894531,46.54499816894531,698696
2023-01-10 18:30:00+00:00,46.685001373291016,46.709999084472656,46.525001525878906,46.6150016784668,1507238
2023-01-10 19:30:00+00:00,46.56499862670898,46.70500183105469,46.45500183105469,46.68999862670898,1038261
2023-01-10 20:30:00+00:00,46.65999984741211,46.65999984741211,46.459999084472656,46.56999969482422,1509265
2023-01-11 14:30:00+00:00,46.81499862670898,47.05500030517578,46.720001220703125,46.90999984741211,999145
2023-01-11 15:30:00+00:00,46.94499969482422,47.0099983215332,46.720001220703125,46.81999969482422,847025
2023-01-11 16:30:00+00:00,46.97499847412109,47.18000030517578,46.86000061035156,46.94499969482422,988672
2023-01-11 17:30:00+00:00,47.18000030517578,47.290000915527344,46.869998931884766,46.97999954223633,784310
2023-01-11 18:30:00+00:00,47.165000915527344,47.185001373291016,46.880001068115234,47.18000030517578,1102963
2023-01-11 19:30:00+00:00,47.19499969482422,47.33000183105469,47.13999938964844,47.165000915527344,1127386
2023-01-11 20:30:00+00:00,47.11000061035156,47.20000076293945,46.959999084472656,47.19499969482422,1810647
2023-01-12 14:30:00+00:00,47.54999923706055,47.77999877929688,47.29999923706055,47.45000076293945,1566025
2023-01-12 15:30:00+00:00,47.7599983215332,47.790000915527344,47.4900016784668,47.560001373291016,938592
2023-01-12 16:30:00+00:00,47.88999938964844,47.90999984741211,47.709999084472656,47.75,660864
2023-01-12 17:30:00+00:00,47.790000915527344,48.025001525878906,47.77000045776367,47.89500045776367,673917
2023-01-12 18:30:00+00:00,47.77000045776367,48.0,47.73500061035156,47.77999877929688,745856
2023-01-12 19:30:00+00:00,47.64580154418945,47.88999938964844,47.64500045776367,47.77000045776367,933818
2023-01-12 20:30:00+00:00,47.59000015258789,47.66999816894531,47.43000030517578,47.64500045776367,1482475
2023-01-13 14:30:00+00:00,46.72999954223633,46.91999816894531,46.43000030517578,46.869998931884766,1805082
2023-01-13 15:30:00+00:00,47.060001373291016,47.15499877929688,46.709999084472656,46.7400016784668,1352640
2023-01-13 16:30:00+00:00,47.165000915527344,47.20500183105469,46.88999938964844,47.06999969482422,681150
2023-01-13 17:30:00+00:00,47.04999923706055,47.28499984741211,47.02000045776367,47.17499923706055,751562
2023-01-13 18:30:00+00:00,47.11000061035156,47.20500183105469,46.959999084472656,47.04999923706055,721052
2023-01-13 19:30:00+00:00,47.275001525878906,47.310001373291016,47.06999969482422,47.10499954223633,702944
2023-01-13 20:30:00+00:00,47.33000183105469,47.400001525878906,47.220001220703125,47.275001525878906,1138717
2023-01-17 14:30:00+00:00,47.47999954223633,47.584999084472656,46.80500030517578,47.584999084472656,1718038
2023-01-17 15:30:00+00:00,47.435001373291016,47.619998931884766,47.29999923706055,47.48500061035156,1901282
2023-01-17 16:30:00+00:00,47.58000183105469,47.59999847412109,47.34000015258789,47.43999862670898,856275
2023-01-17 17:30:00+00:00,47.58000183105469,47.709999084472656,47.540000915527344,47.56999969482422,642301
2023-01-17 18:30:00+00:00,47.525001525878906,47.72999954223633,47.51169967651367,47.584999084472656,631238
2023-01-17 19:30:00+00:00,47.584999084472656,47.7400016784668,47.52999877929688,47.52999877929688,803303
2023-01-17 20:30:00+00:00,47.435001373291016,47.709999084472656,47.38999938964844,47.584999084472656,1634738
2023-01-18 14:30:00+00:00,47.17499923706055,47.290000915527344,46.560001373291016,47.02999877929688,1432354
2023-01-18 15:30:00+00:00,46.5182991027832,47.1974983215332,46.4900016784668,47.18000030517578,1106268
2023-01-18 16:30:00+00:00,46.5,46.70000076293945,46.290000915527344,46.505001068115234,793894
2023-01-18 17:30:00+00:00,46.220001220703125,46.5099983215332,46.185001373291016,46.505001068115234,597769
2023-01-18 18:30:00+00:00,46.18999862670898,46.28499984741211,46.08000183105469,46.22499847412109,501535
2023-01-18 19:30:00+00:00,46.040000915527344,46.22499847412109,45.92499923706055,46.19599914550781,703338
2023-01-18 20:30:00+00:00,45.81999969482422,46.06999969482422,45.7599983215332,46.040000915527344,1433569
2023-01-19 14:30:00+00:00,45.28010177612305,45.755001068115234,45.02999877929688,45.400001525878906,1505091
2023-01-19 15:30:00+00:00,45.09000015258789,45.31999969482422,45.02999877929688,45.27999877929688,1192272
2023-01-19 16:30:00+00:00,45.09000015258789,45.290000915527344,44.91999816894531,45.09249877929688,784130
2023-01-19 17:30:00+00:00,45.5099983215332,45.52999877929688,45.05500030517578,45.09000015258789,607477
2023-01-19 18:30:00+00:00,45.845001220703125,45.86000061035156,45.52000045776367,45.52000045776367,807199
2023-01-19 19:30:00+00:00,45.78499984741211,45.935001373291016,45.709999084472656,45.84999847412109,1048584
2023-01-19 20:30:00+00:00,45.63999938964844,45.81999969482422,45.619998931884766,45.78499984741211,1420240
2023-01-20 14:30:00+00:00,46.08000183105469,46.21500015258789,45.34999847412109,45.75,1659626
2023-01-20 15:30:00+00:00,46.06499862670898,46.13999938964844,45.95000076293945,46.09000015258789,648452
2023-01-20 16:30:00+00:00,45.91999816894531,46.084999084472656,45.869998931884766,46.06499862670898,739956
2023-01-20 17:30:00+00:00,45.8650016784668,46.0,45.80500030517578,45.91999816894531,655039
2023-01-20 18:30:00+00:00,46.02999877929688,46.040000915527344,45.84000015258789,45.869998931884766,719089
2023-01-20 19:30:00+00:00,46.31499862670898,46.31999969482422,46.02999877929688,46.040000915527344,774172
2023-01-20 20:30:00+00:00,46.45000076293945,46.470001220703125,46.22999954223633,46.31999969482422,1535789
2023-01-23 14:30:00+00:00,46.9900016784668,47.04999923706055,46.53499984741211,46.68000030517578,1038084
2023-01-23 15:30:00+00:00,47.310001373291016,47.40499877929688,46.959999084472656,46.98540115356445,754797
2023-01-23 16:30:00+00:00,47.29999923706055,47.369998931884766,47.204200744628906,47.31499862670898,605977
2023-01-23 17:30:00+00:00,47.52999877929688,47.53499984741211,47.27000045776367,47.290000915527344,852976
2023-01-23 18:30:00+00:00,47.5099983215332,47.665000915527344,47.43000030517578,47.53499984741211,893581
2023-01-23 19:30:00+00:00,47.415000915527344,47.52999877929688,47.27000045776367,47.505001068115234,1072723
2023-01-23 20:30:00+00:00,47.66999816894531,47.68999862670898,47.40999984741211,47.415000915527344,1367492
2023-01-24 14:30:00+00:00,47.2599983215332,47.79999923706055,47.0,47.75,1541077
2023-01-24 15:30:00+00:00,47.28499984741211,47.45500183105469,47.20000076293945,47.2599983215332,950697
2023-01-24 16:30:00+00:00,47.33000183105469,47.34999847412109,47.130001068115234,47.290000915527344,824460
2023-01-24 17:30:00+00:00,47.29999923706055,47.34999847412109,47.18999862670898,47.32500076293945,634956
2023-01-24 18:30:00+00:00,46.98500061035156,47.36000061035156,46.90999984741211,47.310001373291016,1381576
2023-01-24 19:30:00+00:00,46.85499954223633,46.97999954223633,46.77000045776367,46.97499847412109,1937283
2023-01-24 20:30:00+00:00,46.66999816894531,46.86000061035156,46.46009826660156,46.85499954223633,3890962
2023-01-25 14:30:00+00:00,49.01750183105469,49.290000915527344,47.47999954223633,47.630001068115234,2437908
2023-01-25 15:30:00+00:00,49.369998931884766,49.59000015258789,48.43999862670898,49.02999877929688,1861939
2023-01-25 16:30:00+00:00,49.165000915527344,49.68000030517578,49.11000061035156,49.380001068115234,1278258
2023-01-25 17:30:00+00:00,49.56499862670898,49.58000183105469,49.15499877929688,49.15999984741211,707546
2023-01-25 18:30:00+00:00,49.1349983215332,49.630001068115234,49.11000061035156,49.56499862670898,1081259
2023-01-25 19:30:00+00:00,49.084999084472656,49.22999954223633,48.97999954223633,49.130001068115234,1331511
2023-01-25 20:30:00+00:00,49.15499877929688,49.26499938964844,49.02999877929688,49.084999084472656,2039076
2023-01-26 14:30:00+00:00,49.08000183105469,49.95000076293945,49.0,49.68000030517578,1857731
2023-01-26 15:30:00+00:00,48.54999923706055,49.18999862670898,48.32500076293945,49.06999969482422,995900
2023-01-26 16:30:00+00:00,48.6349983215332,48.86000061035156,48.540000915527344,48.54999923706055,897155
2023-01-26 17:30:00+00:00,48.45500183105469,48.68000030517578,48.380001068115234,48.630001068115234,881351
2023-01-26 18:30:00+00:00,48.41999816894531,48.540000915527344,48.33000183105469,48.45000076293945,937574
2023-01-26 19:30:00+00:00,48.68999862670898,48.72499847412109,48.41569900512695,48.42639923095703,597076
2023-01-26 20:30:00+00:00,48.70000076293945,48.75,48.53499984741211,48.68999862670898,1143429
2023-01-27 14:30:00+00:00,48.45000076293945,48.77000045776367,48.38999938964844,48.619998931884766,975545
2023-01-27 15:30:00+00:00,48.400001525878906,48.540000915527344,48.18000030517578,48.45000076293945,826723
2023-01-27 16:30:00+00:00,48.59999847412109,48.7400016784668,48.39500045776367,48.40499877929688,498362
2023-01-27 17:30:00+00:00,48.70000076293945,48.73500061035156,48.54999923706055,48.59000015258789,515774
2023-01-27 18:30:00+00:00,48.65999984741211,48.75,48.52000045776367,48.70000076293945,518477
2023-01-27 19:30:00+00:00,48.83509826660156,48.8849983215332,48.64500045776367,48.66999816894531,643056
2023-01-27 20:30:00+00:00,48.86000061035156,48.88999938964844,48.720001220703125,48.834999084472656,1458461
2023-01-30 14:30:00+00:00,48.96500015258789,48.98500061035156,48.540000915527344,48.56999969482422,705861
2023-01-30 15:30:00+00:00,49.209999084472656,49.209999084472656,48.84000015258789,48.970001220703125,884786
2023-01-30 16:30:00+00:00,49.125,49.34000015258789,49.04999923706055,49.20500183105469,649041
2023-01-30 17:30:00+00:00,49.084999084472656,49.19499969482422,48.970001220703125,49.119998931884766,436004
2023-01-30 18:30:00+00:00,48.915000915527344,49.084999084472656,48.900001525878906,49.0801010131836,392709
2023-01-30 19:30:00+00:00,48.8650016784668,48.97639846801758,48.790000915527344,48.915000915527344,586466
2023-01-30 20:30:00+00:00,48.810001373291016,48.92499923706055,48.72999954223633,48.869998931884766,1271415
2023-01-31 14:30:00+00:00,48.82500076293945,49.0099983215332,48.59000015258789,48.84000015258789,601075
2023-01-31 15:30:00+00:00,49.060001373291016,49.25,48.77000045776367,48.83000183105469,862943
2023-01-31 16:30:00+00:00,49.04499816894531,49.125,48.95000076293945,49.05500030517578,377695
2023-01-31 17:30:00+00:00,49.3650016784668,49.369998931884766,49.025001525878906,49.040000915527344,445231
2023-01-31 18:30:00+00:00,49.540000915527344,49.58000183105469,49.290000915527344,49.369998931884766,688527
2023-01-31 19:30:00+00:00,49.47999954223633,49.56999969482422,49.40499877929688,49.53499984741211,676695
2023-01-31 20:30:00+00:00,49.790000915527344,49.810001373291016,49.48500061035156,49.48500061035156,1597509
2023-02-01 14:30:00+00:00,49.65999984741211,49.845001220703125,49.16999816894531,49.2400016784668,911480
2023-02-01 15:30:00+00:00,49.5099983215332,49.650001525878906,49.27999877929688,49.650001525878906,511411
2023-02-01 16:30:00+00:00,49.470001220703125,49.54999923706055,49.40499877929688,49.5166015625,403757
2023-02-01 17:30:00+00:00,49.4900016784668,49.540000915527344,49.31999969482422,49.470001220703125,509562
2023-02-01 18:30:00+00:00,49.2599983215332,49.560001373291016,49.04999923706055,49.5,761096
2023-02-01 19:30:00+00:00,49.630001068115234,49.92499923706055,49.0,49.26499938964844,1755154
2023-02-01 20:30:00+00:00,49.220001220703125,49.77000045776367,49.08000183105469,49.625,1803409
2023-02-02 14:30:00+00:00,49.25,49.47930145263672,49.0,49.34000015258789,768384
2023-02-02 15:30:00+00:00,49.42499923706055,49.650001525878906,49.2400016784668,49.2599983215332,678818
2023-02-02 16:30:00+00:00,49.34999847412109,49.50699996948242,49.27000045776367,49.41999816894531,499737
2023-02-02 17:30:00+00:00,49.459999084472656,49.52000045776367,49.334999084472656,49.34999847412109,374555
2023-02-02 18:30:00+00:00,49.27000045776367,49.525001525878906,49.26499938964844,49.459999084472656,817494
2023-02-02 19:30:00+00:00,49.1150016784668,49.28689956665039,48.93999862670898,49.275001525878906,945122
2023-02-02 20:30:00+00:00,49.14500045776367,49.16999816894531,48.994998931884766,49.119998931884766,1214729
2023-02-03 14:30:00+00:00,49.244998931884766,49.31499862670898,48.709999084472656,48.81999969482422,1008054
2023-02-03 15:30:00+00:00,49.47999954223633,49.48500061035156,49.130001068115234,49.244998931884766,731262
2023-02-03 16:30:00+00:00,49.56499862670898,49.6150016784668,49.25,49.48500061035156,766938
2023-02-03 17:30:00+00:00,49.13999938964844,49.59999847412109,49.13999938964844,49.56499862670898,518728
2023-02-03 18:30:00+00:00,49.244998931884766,49.25,49.04999923706055,49.13999938964844,585715
2023-02-03 19:30:00+00:00,49.165000915527344,49.26599884033203,49.06499862670898,49.244998931884766,668517
2023-02-03 20:30:00+00:00,49.29999923706055,49.32500076293945,49.01499938964844,49.165000915527344,1288062
2023-02-06 14:30:00+00:00,48.869998931884766,49.0,48.664100646972656,48.93999862670898,584703
2023-02-06 15:30:00+00:00,48.88999938964844,48.93999862670898,48.69499969482422,48.86000061035156,443030
2023-02-06 16:30:00+00:00,48.959999084472656,48.97499847412109,48.83000183105469,48.89500045776367,436321
2023-02-06 17:30:00+00:00,49.040000915527344,49.095001220703125,48.93000030517578,48.95500183105469,347732
2023-02-06 18:30:00+00:00,49.060001373291016,49.10499954223633,48.93999862670898,49.02999877929688,389980
2023-02-06 19:30:00+00:00,48.97499847412109,49.10499954223633,48.959999084472656,49.060001373291016,502934
2023-02-06 20:30:00+00:00,48.95000076293945,49.130001068115234,48.935001373291016,48.97499847412109,1069457
2023-02-07 14:30:00+00:00,49.04999923706055,49.14500045776367,48.63999938964844,48.65999984741211,491874
2023-02-07 15:30:00+00:00,49.11000061035156,49.17499923706055,48.96500015258789,49.040000915527344,408919
2023-02-07 16:30:00+00:00,49.369998931884766,49.45000076293945,49.09999847412109,49.1150016784668,473541
2023-02-07 17:30:00+00:00,49.209999084472656,49.75,49.20000076293945,49.36000061035156,883107
2023-02-07 18:30:00+00:00,49.415000915527344,49.43999862670898,49.005001068115234,49.20000076293945,634181
2023-02-07 19:30:00+00:00,49.61000061035156,49.630001068115234,49.39500045776367,49.415000915527344,466669
2023-02-07 20:30:00+00:00,49.650001525878906,49.79999923706055,49.560001373291016,49.6150016784668,947796
2023-02-08 14:30:00+00:00,49.58000183105469,49.665000915527344,49.084999084472656,49.130001068115234,571623
2023-02-08 15:30:00+00:00,49.43999862670898,49.665000915527344,49.3849983215332,49.58000183105469,528833
2023-02-08 16:30:00+00:00,49.34999847412109,49.43000030517578,49.275001525878906,49.43000030517578,362265
2023-02-08 17:30:00+00:00,49.334999084472656,49.45000076293945,49.25299835205078,49.36000061035156,945317
2023-02-08 18:30:00+00:00,49.209999084472656,49.359901428222656,49.18999862670898,49.34000015258789,460364
2023-02-08 19:30:00+00:00,49.09999847412109,49.2400016784668,49.040000915527344,49.20000076293945,666326
2023-02-08 20:30:00+00:00,49.08000183105469,49.15999984741211,48.95000076293945,49.09999847412109,1343785
2023-02-09 14:30:00+00:00,49.2400016784668,49.5,49.15999984741211,49.38999938964844,536213
2023-02-09 15:30:00+00:00,49.09999847412109,49.34999847412109,49.05989837646485,49.244998931884766,365480
2023-02-09 16:30:00+00:00,49.09000015258789,49.13999938964844,48.91999816894531,49.10499954223633,726458
2023-02-09 17:30:00+00:00,48.96500015258789,49.09000015258789,48.935001373291016,49.084999084472656,337623
2023-02-09 18:30:00+00:00,48.81999969482422,49.01499938964844,48.790000915527344,48.959999084472656,499090
2023-02-09 19:30:00+00:00,48.64500045776367,48.90999984741211,48.619998931884766,48.81499862670898,808435
2023-02-09 20:30:00+00:00,48.77999877929688,48.96500015258789,48.560001373291016,48.63999938964844,1611926
2023-02-10 14:30:00+00:00,48.755001068115234,48.8849983215332,48.34999847412109,48.59999847412109,754904
2023-02-10 15:30:00+00:00,48.665000915527344,48.79999923706055,48.59000015258789,48.75,400824
2023-02-10 16:30:00+00:00,48.47499847412109,48.68999862670898,48.45000076293945,48.665000915527344,386907
2023-02-10 17:30:00+00:00,48.60499954223633,48.65499877929688,48.47499847412109,48.4900016784668,412185
2023-02-10 18:30:00+00:00,48.380001068115234,48.619998931884766,48.369998931884766,48.61000061035156,446603
2023-02-10 19:30:00+00:00,48.6150016784668,48.65999984741211,48.34320068359375,48.3849983215332,888689
2023-02-10 20:30:00+00:00,48.709999084472656,48.7400016784668,48.57500076293945,48.61000061035156,1007318
2023-02-13 14:30:00+00:00,48.935001373291016,49.02000045776367,48.619998931884766,48.66999816894531,526585
2023-02-13 15:30:00+00:00,48.88999938964844,48.98989868164063,48.845001220703125,48.93999862670898,280308
2023-02-13 16:30:00+00:00,48.93999862670898,48.9900016784668,48.790000915527344,48.88999938964844,295893
2023-02-13 17:30:00+00:00,48.96549987792969,49.02999877929688,48.92499923706055,48.93999862670898,324371
2023-02-13 18:30:00+00:00,48.93000030517578,49.04999923706055,48.93000030517578,48.970001220703125,398968
2023-02-13 19:30:00+00:00,49.005001068115234,49.04999923706055,48.880001068115234,48.935001373291016,522162
2023-02-13 20:30:00+00:00,49.09999847412109,49.09999847412109,48.994998931884766,49.005001068115234,699361
2023-02-14 14:30:00+00:00,49.095001220703125,49.25,48.76499938964844,49.09999847412109,489312
2023-02-14 15:30:00+00:00,49.040000915527344,49.15900039672852,48.79999923706055,49.095001220703125,687403
2023-02-14 16:30:00+00:00,48.994998931884766,49.047000885009766,48.79999923706055,49.040000915527344,573242
2023-02-14 17:30:00+00:00,49.09000015258789,49.26499938964844,48.93000030517578,48.9900016784668,557503
2023-02-14 18:30:00+00:00,49.166500091552734,49.23500061035156,49.040000915527344,49.09000015258789,369114
2023-02-14 19:30:00+00:00,49.185001373291016,49.290000915527344,49.130001068115234,49.16999816894531,500637
2023-02-14 20:30:00+00:00,49.13999938964844,49.27000045776367,49.11000061035156,49.18000030517578,758705
2023-02-15 14:30:00+00:00,48.96799850463867,49.11000061035156,48.69499969482422,48.84999847412109,526699
2023-02-15 15:30:00+00:00,48.97999954223633,49.05500030517578,48.83000183105469,48.96500015258789,392622
2023-02-15 16:30:00+00:00,48.720001220703125,48.9900016784668,48.70000076293945,48.970001220703125,343515
2023-02-15 17:30:00+00:00,48.78499984741211,48.810001373291016,48.65499877929688,48.71500015258789,320411
2023-02-15 18:30:00+00:00,48.92990112304688,48.959999084472656,48.78129959106445,48.790000915527344,524136
2023-02-15 19:30:00+00:00,48.90999984741211,48.9900016784668,48.86000061035156,48.92990112304688,541805
2023-02-15 20:30:00+00:00,49.06999969482422,49.09999847412109,48.880001068115234,48.90999984741211,851748
2023-02-16 14:30:00+00:00,48.57569885253906,48.900001525878906,48.400001525878906,48.790000915527344,721946
2023-02-16 15:30:00+00:00,48.65999984741211,48.76499938964844,48.5099983215332,48.56999969482422,385199
2023-02-16 16:30:00+00:00,48.744998931884766,48.79999923706055,48.61000061035156,48.66999816894531,363611
2023-02-16 17:30:00+00:00,48.68000030517578,48.81499862670898,48.665000915527344,48.744998931884766,390944
2023-02-16 18:30:00+00:00,48.89500045776367,48.90499877929688,48.65499877929688,48.6875,369029
2023-02-16 19:30:00+00:00,48.65999984741211,48.93999862670898,48.6150016784668,48.89680099487305,683825
2023-02-16 20:30:00+00:00,48.54999923706055,48.685001373291016,48.525001525878906,48.65999984741211,888213
2023-02-17 14:30:00+00:00,48.415000915527344,48.59999847412109,48.20000076293945,48.41999816894531,690876
2023-02-17 15:30:00+00:00,48.369998931884766,48.54669952392578,48.275001525878906,48.41999816894531,566162
2023-02-17 16:30:00+00:00,48.47499847412109,48.53499984741211,48.33000183105469,48.36000061035156,416591
2023-02-17 17:30:00+00:00,48.38159942626953,48.47999954223633,48.290000915527344,48.47499847412109,508541
2023-02-17 18:30:00+00:00,48.505001068115234,48.54999923706055,48.32099914550781,48.38999938964844,354958
2023-02-17 19:30:00+00:00,48.52999877929688,48.6349983215332,48.47499847412109,48.50339889526367,476339
2023-02-17 20:30:00+00:00,48.59999847412109,48.665000915527344,48.45000076293945,48.53499984741211,655671
2023-02-21 14:30:00+00:00,47.86029815673828,48.260101318359375,47.786399841308594,48.20000076293945,688272
2023-02-21 15:30:00+00:00,47.40999984741211,47.86000061035156,47.400001525878906,47.84999847412109,469222
2023-02-21 16:30:00+00:00,47.470001220703125,47.64619827270508,47.40499877929688,47.40999984741211,510449
2023-02-21 17:30:00+00:00,47.650001525878906,47.720001220703125,47.459999084472656,47.47499847412109,634254
2023-02-21 18:30:00+00:00,47.380001068115234,47.67499923706055,47.33000183105469,47.650001525878906,662858
2023-02-21 19:30:00+00:00,47.61000061035156,47.66999816894531,47.3849983215332,47.3849983215332,585317
2023-02-21 20:30:00+00:00,47.68999862670898,47.79899978637695,47.61000061035156,47.61000061035156,1087323
2023-02-22 14:30:00+00:00,47.59999847412109,47.84999847412109,47.59999847412109,47.70000076293945,575320
2023-02-22 15:30:00+00:00,47.685001373291016,47.709999084472656,47.47999954223633,47.56999969482422,294237
2023-02-22 16:30:00+00:00,47.80070114135742,47.8650016784668,47.65999984741211,47.68899917602539,283486
2023-02-22 17:30:00+00:00,47.834999084472656,47.86989974975586,47.77000045776367,47.80500030517578,270154
2023-02-22 18:30:00+00:00,47.68000030517578,47.869998931884766,47.595001220703125,47.83000183105469,519431
2023-02-22 19:30:00+00:00,47.44499969482422,47.685001373291016,47.38999938964844,47.66999816894531,637680
2023-02-22 20:30:00+00:00,47.540000915527344,47.54999923706055,47.34000015258789,47.44499969482422,877243
2023-02-23 14:30:00+00:00,47.67499923706055,48.10499954223633,47.66999816894531,47.8650016784668,608857
2023-02-23 15:30:00+00:00,47.5099983215332,47.720001220703125,47.43000030517578,47.68000030517578,441803
2023-02-23 16:30:00+00:00,47.345001220703125,47.54499816894531,47.31499862670898,47.5099983215332,373405
2023-02-23 17:30:00+00:00,47.540000915527344,47.54499816894531,47.310001373291016,47.34000015258789,328978
2023-02-23 18:30:00+00:00,47.744998931884766,47.75,47.470001220703125,47.540000915527344,372010
2023-02-23 19:30:00+00:00,47.85499954223633,47.86000061035156,47.65999984741211,47.744998931884766,377505
2023-02-23 20:30:00+00:00,47.709999084472656,47.88999938964844,47.70500183105469,47.85499954223633,826152
2023-02-24 14:30:00+00:00,47.290000915527344,47.5099983215332,47.02999877929688,47.209999084472656,652748
2023-02-24 15:30:00+00:00,47.46500015258789,47.505001068115234,47.13999938964844,47.285099029541016,492937
2023-02-24 16:30:00+00:00,47.47499847412109,47.54999923706055,47.39500045776367,47.470001220703125,373205
2023-02-24 17:30:00+00:00,47.494998931884766,47.52999877929688,47.38999938964844,47.47999954223633,369874
2023-02-24 18:30:00+00:00,47.560001373291016,47.6150016784668,47.43880081176758,47.4900016784668,305981
2023-02-24 19:30:00+00:00,47.64500045776367,47.709999084472656,47.47999954223633,47.557498931884766,345706
2023-02-24 20:30:00+00:00,47.63999938964844,47.70000076293945,47.4900016784668,47.650001525878906,915057
2023-02-27 14:30:00+00:00,48.15999984741211,48.2400016784668,47.810001373291016,47.93000030517578,567610
2023-02-27 15:30:00+00:00,47.90999984741211,48.18999862670898,47.88999938964844,48.150001525878906,539619
2023-02-27 16:30:00+00:00,47.67499923706055,47.915000915527344,47.57500076293945,47.90999984741211,381657
2023-02-27 17:30:00+00:00,47.77999877929688,47.79999923706055,47.649898529052734,47.66999816894531,375321
2023-02-27 18:30:00+00:00,47.7400016784668,47.915000915527344,47.709999084472656,47.77999877929688,434624
2023-02-27 19:30:00+00:00,47.6349983215332,47.7599983215332,47.584999084472656,47.744998931884766,439052
2023-02-27 20:30:00+00:00,47.57500076293945,47.650001525878906,47.47999954223633,47.630001068115234,874135
2023-02-28 14:30:00+00:00,47.67499923706055,47.89500045776367,47.58000183105469,47.70000076293945,788212
2023-02-28 15:30:00+00:00,47.79999923706055,47.84000015258789,47.630001068115234,47.68000030517578,538393
2023-02-28 16:30:00+00:00,47.84000015258789,47.869998931884766,47.7599983215332,47.80500030517578,375170
2023-02-28 17:30:00+00:00,47.9900016784668,48.0,47.72999954223633,47.84000015258789,390828
2023-02-28 18:30:00+00:00,47.86000061035156,48.04499816894531,47.83000183105469,48.0,456087
2023-02-28 19:30:00+00:00,47.845001220703125,47.935001373291016,47.810001373291016,47.8650016784668,465324
2023-02-28 20:30:00+00:00,47.70000076293945,47.845001220703125,47.70000076293945,47.845001220703125,1316716
2023-03-01 14:30:00+00:00,47.125,47.45000076293945,46.900001525878906,47.185001373291016,1068896
2023-03-01 15:30:00+00:00,47.09000015258789,47.369998931884766,47.0,47.119998931884766,605901
2023-03-01 16:30:00+00:00,47.22999954223633,47.28499984741211,47.084999084472656,47.09000015258789,411565
2023-03-01 17:30:00+00:00,47.1150016784668,47.33000183105469,47.1150016784668,47.22999954223633,367652
2023-03-01 18:30:00+00:00,47.07500076293945,47.18999862670898,47.04499816894531,47.119998931884766,542114
2023-03-01 19:30:00+00:00,47.09999847412109,47.14500045776367,47.04999923706055,47.06999969482422,715763
2023-03-01 20:30:00+00:00,47.31999969482422,47.31999969482422,47.084999084472656,47.09999847412109,1638013
2023-03-02 14:30:00+00:00,46.435001373291016,47.18000030517578,46.26499938964844,47.18000030517578,850909
2023-03-02 15:30:00+00:00,46.39500045776367,46.56999969482422,46.3400993347168,46.435001373291016,502931
2023-03-02 16:30:00+00:00,45.959999084472656,46.415000915527344,45.93000030517578,46.39500045776367,598092
2023-03-02 17:30:00+00:00,45.90999984741211,46.10499954223633,45.900001525878906,45.959999084472656,702394
2023-03-02 18:30:00+00:00,46.244998931884766,46.290000915527344,45.90999984741211,45.90999984741211,658368
2023-03-02 19:30:00+00:00,46.275001525878906,46.34000015258789,46.130001068115234,46.25,633708
2023-03-02 20:30:00+00:00,46.310001373291016,46.459999084472656,46.27999877929688,46.27999877929688,1073477
2023-03-03 14:30:00+00:00,46.744998931884766,46.77000045776367,46.380001068115234,46.52000045776367,685454
2023-03-03 15:30:00+00:00,46.755001068115234,46.77999877929688,46.665000915527344,46.75,401405
2023-03-03 16:30:00+00:00,46.79999923706055,46.92499923706055,46.7400016784668,46.755001068115234,340976
2023-03-03 17:30:00+00:00,46.82500076293945,46.96630096435547,46.810001373291016,46.810001373291016,315637
2023-03-03 18:30:00+00:00,46.93000030517578,46.98500061035156,46.77999877929688,46.83000183105469,451473
2023-03-03 19:30:00+00:00,47.10499954223633,47.1150016784668,46.84999847412109,46.93000030517578,475600
2023-03-03 20:30:00+00:00,47.11000061035156,47.15499877929688,47.02000045776367,47.09999847412109,809894
2023-03-06 14:30:00+00:00,47.4900016784668,47.5099983215332,47.0,47.18000030517578,764843
2023-03-06 15:30:00+00:00,47.28499984741211,47.560001373291016,47.27999877929688,47.4900016784668,704818
2023-03-06 16:30:00+00:00,47.34000015258789,47.39500045776367,47.25579833984375,47.28499984741211,511597
2023-03-06 17:30:00+00:00,47.22499847412109,47.34999847412109,47.165000915527344,47.345001220703125,464651
2023-03-06 18:30:00+00:00,47.32500076293945,47.33000183105469,47.09000015258789,47.22499847412109,437663
2023-03-06 19:30:00+00:00,47.20000076293945,47.380001068115234,47.20000076293945,47.32500076293945,712865
2023-03-06 20:30:00+00:00,47.119998931884766,47.255001068115234,47.11000061035156,47.20500183105469,987104
2023-03-07 14:30:00+00:00,46.462501525878906,46.810001373291016,46.2599983215332,46.790000915527344,900957
2023-03-07 15:30:00+00:00,46.13999938964844,46.54999923706055,46.084999084472656,46.45000076293945,807700
2023-03-07 16:30:00+00:00,46.095001220703125,46.17499923706055,45.81499862670898,46.130001068115234,630058
2023-03-07 17:30:00+00:00,45.77000045776367,46.18999862670898,45.720001220703125,46.125,530878
2023-03-07 18:30:00+00:00,45.64500045776367,45.760101318359375,45.470001220703125,45.760101318359375,586213
2023-03-07 19:30:00+00:00,45.706199645996094,45.79499816894531,45.56499862670898,45.64390182495117,585343
2023-03-07 20:30:00+00:00,45.59999847412109,45.869998931884766,45.560001373291016,45.70500183105469,1078922
2023-03-08 14:30:00+00:00,45.880001068115234,45.97999954223633,45.40999984741211,45.54999923706055,930996
2023-03-08 15:30:00+00:00,45.77999877929688,46.02000045776367,45.72499847412109,45.869998931884766,576521
2023-03-08 16:30:00+00:00,45.58000183105469,45.834999084472656,45.52099990844727,45.790000915527344,435663
2023-03-08 17:30:00+00:00,45.35499954223633,45.59000015258789,45.345001220703125,45.58000183105469,356240
2023-03-08 18:30:00+00:00,45.34000015258789,45.40999984741211,45.2400016784668,45.36000061035156,505635
2023-03-08 19:30:00+00:00,45.31499862670898,45.375,45.26399993896485,45.345001220703125,449583
2023-03-08 20:30:00+00:00,45.5,45.5,45.30009841918945,45.310001373291016,667433
2023-03-09 14:30:00+00:00,44.34999847412109,45.20000076293945,44.165000915527344,45.11000061035156,1474452
2023-03-09 15:30:00+00:00,43.9900016784668,44.56999969482422,43.95000076293945,44.369998931884766,815208
2023-03-09 16:30:00+00:00,43.525001525878906,44.02999877929688,43.525001525878906,44.0,851202
2023-03-09 17:30:00+00:00,42.88999938964844,43.58729934692383,42.84000015258789,43.525001525878906,1144985
2023-03-09 18:30:00+00:00,42.8301010131836,42.970001220703125,42.650001525878906,42.89500045776367,1223730
2023-03-09 19:30:00+00:00,42.255001068115234,42.84000015258789,42.165000915527344,42.83000183105469,1504368
2023-03-09 20:30:00+00:00,42.29999923706055,42.43000030517578,42.21500015258789,42.255001068115234,2264701
2023-03-10 14:30:00+00:00,41.03499984741211,41.59999847412109,39.61970138549805,40.880001068115234,6028902
2023-03-10 15:30:00+00:00,41.79999923706055,41.869998931884766,40.60499954223633,41.03499984741211,3789402
2023-03-10 16:30:00+00:00,41.11000061035156,42.05500030517578,41.060001373291016,41.790000915527344,3321367
2023-03-10 17:30:00+00:00,40.459999084472656,41.494998931884766,40.43519973754883,41.119998931884766,1608851
2023-03-10 18:30:00+00:00,40.54999923706055,40.72499847412109,40.150001525878906,40.45000076293945,1999451
2023-03-10 19:30:00+00:00,40.78499984741211,40.96500015258789,40.540000915527344,40.54999923706055,2461578
2023-03-10 20:30:00+00:00,40.625,40.81499862670898,40.505001068115234,40.78499984741211,2646102
2023-03-13 13:30:00+00:00,36.540000915527344,38.400001525878906,36.23500061035156,38.04999923706055,10214453
2023-03-13 14:30:00+00:00,37.56999969482422,37.83000183105469,36.130001068115234,36.540000915527344,7507427
2023-03-13 15:30:00+00:00,37.2599983215332,37.79999923706055,36.665000915527344,37.58000183105469,3793770
2023-03-13 16:30:00+00:00,36.70669937133789,37.63999938964844,36.64500045776367,37.2599983215332,2737798
2023-03-13 17:30:00+00:00,37.80500030517578,38.02000045776367,36.68000030517578,36.709999084472656,3060880
2023-03-13 18:30:00+00:00,37.21500015258789,37.970001220703125,37.15999984741211,37.80500030517578,3494481
2023-03-13 19:30:00+00:00,36.5099983215332,37.23500061035156,36.43000030517578,37.21500015258789,4392343
2023-03-14 13:30:00+00:00,37.4901008605957,39.68000030517578,37.20000076293945,39.119998931884766,6692310
2023-03-14 14:30:00+00:00,37.58000183105469,37.900001525878906,37.22499847412109,37.4900016784668,3379917
2023-03-14 15:30:00+00:00,37.69499969482422,37.87839889526367,37.400001525878906,37.56999969482422,2742524
2023-03-14 16:30:00+00:00,37.47999954223633,37.959999084472656,37.20500183105469,37.68999862670898,3725546
2023-03-14 17:30:00+00:00,37.30500030517578,37.650001525878906,36.89500045776367,37.47999954223633,3799401
2023-03-14 18:30:00+00:00,37.150001525878906,37.4900016784668,37.0,37.30500030517578,2551480
2023-03-14 19:30:00+00:00,37.5,37.619998931884766,37.11000061035156,37.13999938964844,4033358
2023-03-15 13:30:00+00:00,36.369998931884766,36.97499847412109,35.83000183105469,36.29999923706055,5220178
2023-03-15 14:30:00+00:00,36.08000183105469,36.729000091552734,35.70000076293945,36.369998931884766,5276433
2023-03-15 15:30:00+00:00,35.83000183105469,36.375,35.79999923706055,36.08000183105469,2969191
2023-03-15 16:30:00+00:00,35.779998779296875,35.94499969482422,35.525001525878906,35.83000183105469,3762800
2023-03-15 17:30:00+00:00,35.529998779296875,35.790000915527344,35.154998779296875,35.775001525878906,4577146
2023-03-15 18:30:00+00:00,35.564998626708984,35.779998779296875,35.20000076293945,35.540000915527344,3962892
2023-03-15 19:30:00+00:00,35.459999084472656,35.564998626708984,35.25,35.560001373291016,4159215
2023-03-16 13:30:00+00:00,34.11000061035156,35.209999084472656,32.720001220703125,35.20000076293945,11740260
2023-03-16 14:30:00+00:00,35.20000076293945,35.63999938964844,33.79999923706055,34.1150016784668,8484769
2023-03-16 15:30:00+00:00,35.220001220703125,35.41350173950195,34.95000076293945,35.209999084472656,4963297
2023-03-16 16:30:00+00:00,35.959999084472656,36.16999816894531,35.099998474121094,35.224998474121094,5872140
2023-03-16 17:30:00+00:00,36.084999084472656,36.09000015258789,35.59000015258789,35.959999084472656,4344225
2023-03-16 18:30:00+00:00,36.369998931884766,36.38999938964844,36.040000915527344,36.084999084472656,5557544
2023-03-16 19:30:00+00:00,36.369998931884766,36.540000915527344,36.20000076293945,36.375,7413917
2023-03-17 13:30:00+00:00,34.380001068115234,35.61000061035156,34.25,35.5,7351284
2023-03-17 14:30:00+00:00,33.64500045776367,34.6150016784668,33.54999923706055,34.380001068115234,3841724
2023-03-17 15:30:00+00:00,34.150001525878906,34.165000915527344,33.5625,33.650001525878906,3298107
2023-03-17 16:30:00+00:00,33.25,34.2599983215332,33.16999816894531,34.143699645996094,4300341
2023-03-17 17:30:00+00:00,33.255001068115234,33.59000015258789,33.2422981262207,33.25,4301323
2023-03-17 18:30:00+00:00,33.46500015258789,33.4900016784668,33.18000030517578,33.255001068115234,4198640
2023-03-17 19:30:00+00:00,32.95000076293945,33.46989822387695,32.8650016784668,33.46989822387695,6961540
2023-03-20 13:30:00+00:00,35.165000915527344,35.380001068115234,33.810001373291016,34.529998779296875,7360144
2023-03-20 14:30:00+00:00,35.310001373291016,35.375,34.97999954223633,35.1593017578125,4310170
2023-03-20 15:30:00+00:00,34.88999938964844,35.345001220703125,34.79999923706055,35.30500030517578,4725563
2023-03-20 16:30:00+00:00,34.79669952392578,34.988800048828125,34.529998779296875,34.900001525878906,4421645
2023-03-20 17:30:00+00:00,34.8650016784668,34.95000076293945,34.63420104980469,34.79499816894531,3821479
2023-03-20 18:30:00+00:00,34.68000030517578,34.90999984741211,34.372501373291016,34.86000061035156,4838022
2023-03-20 19:30:00+00:00,34.470001220703125,34.73500061035156,34.40999984741211,34.685001373291016,5589410
2023-03-21 13:30:00+00:00,37.14500045776367,37.150001525878906,35.79999923706055,36.0,8592165
2023-03-21 14:30:00+00:00,37.60499954223633,37.84999847412109,37.03499984741211,37.150001525878906,6319124
2023-03-21 15:30:00+00:00,37.18000030517578,37.70000076293945,36.994998931884766,37.6078987121582,3093539
2023-03-21 16:30:00+00:00,37.45500183105469,37.54999923706055,37.09000015258789,37.17499923706055,2945808
2023-03-21 17:30:00+00:00,37.36000061035156,37.58000183105469,37.16999816894531,37.45500183105469,3323788
2023-03-21 18:30:00+00:00,37.415000915527344,37.43000030517578,37.130001068115234,37.35499954223633,3392203
2023-03-21 19:30:00+00:00,37.52000045776367,37.64500045776367,37.29999923706055,37.40499877929688,4358849
2023-03-22 13:30:00+00:00,37.165000915527344,37.52999877929688,36.900001525878906,37.5,3944072
2023-03-22 14:30:00+00:00,36.77799987792969,37.22629928588867,36.709999084472656,37.165000915527344,2437928
2023-03-22 15:30:00+00:00,36.435001373291016,36.83990097045898,36.35279846191406,36.77999877929688,2878555
2023-03-22 16:30:00+00:00,36.019901275634766,36.435001373291016,35.970001220703125,36.435001373291016,3669579
2023-03-22 17:30:00+00:00,35.95000076293945,36.40999984741211,35.900001525878906,36.02000045776367,4171247
2023-03-22 18:30:00+00:00,35.6525993347168,36.38999938964844,35.529998779296875,35.95500183105469,5247629
2023-03-22 19:30:00+00:00,34.790000915527344,35.68000030517578,34.77000045776367,35.654998779296875,3974898
2023-03-23 13:30:00+00:00,35.435001373291016,35.63999938964844,34.970001220703125,35.029998779296875,4135598
2023-03-23 14:30:00+00:00,35.70500183105469,36.084999084472656,35.23199844360352,35.439998626708984,3571749
2023-03-23 15:30:00+00:00,35.849998474121094,35.93000030517578,35.540000915527344,35.70009994506836,3530137
2023-03-23 16:30:00+00:00,35.54499816894531,35.95500183105469,35.540000915527344,35.849998474121094,3383372
2023-03-23 17:30:00+00:00,35.04499816894531,35.66999816894531,35.040000915527344,35.54499816894531,2002324
2023-03-23 18:30:00+00:00,34.82500076293945,35.619998931884766,34.7599983215332,35.04499816894531,3467287
2023-03-23 19:30:00+00:00,35.04999923706055,35.11000061035156,34.720001220703125,34.81999969482422,3866590
2023-03-24 13:30:00+00:00,34.599998474121094,34.77000045776367,34.185001373291016,34.34000015258789,3294405
2023-03-24 14:30:00+00:00,34.08000183105469,34.75,34.07500076293945,34.599998474121094,1903375
2023-03-24 15:30:00+00:00,34.274600982666016,34.60499954223633,34.00680160522461,34.08000183105469,3377111
2023-03-24 16:30:00+00:00,34.45500183105469,34.54999923706055,34.18000030517578,34.279998779296875,2163857
2023-03-24 17:30:00+00:00,34.76499938964844,34.939998626708984,34.45500183105469,34.45500183105469,1983348
2023-03-24 18:30:00+00:00,34.78499984741211,34.904998779296875,34.650001525878906,34.7599983215332,1908936
2023-03-24 19:30:00+00:00,34.90999984741211,34.90999984741211,34.65999984741211,34.78499984741211,1958206
2023-03-27 13:30:00+00:00,35.45000076293945,37.09999847412109,35.41999816894531,36.66999816894531,4497147
2023-03-27 14:30:00+00:00,35.345001220703125,35.540000915527344,35.144901275634766,35.459999084472656,2037144
2023-03-27 15:30:00+00:00,35.22999954223633,35.47999954223633,35.21500015258789,35.349998474121094,1780899
2023-03-27 16:30:00+00:00,35.05009841918945,35.22999954223633,34.97999954223633,35.224998474121094,1880806
2023-03-27 17:30:00+00:00,35.1349983215332,35.150001525878906,34.93000030517578,35.060001373291016,1579910
2023-03-27 18:30:00+00:00,35.20000076293945,35.310001373291016,35.099998474121094,35.13999938964844,2336587
2023-03-27 19:30:00+00:00,34.880001068115234,35.209999084472656,34.79999923706055,35.20000076293945,3693973
2023-03-28 13:30:00+00:00,35.4900016784668,35.619998931884766,34.47999954223633,34.77000045776367,3077632
2023-03-28 14:30:00+00:00,35.349998474121094,35.56990051269531,35.203800201416016,35.48500061035156,2388172
2023-03-28 15:30:00+00:00,35.21500015258789,35.41999816894531,35.189998626708984,35.349998474121094,1297922
2023-03-28 16:30:00+00:00,35.0,35.310001373291016,34.95389938354492,35.209999084472656,1488518
2023-03-28 17:30:00+00:00,35.09000015258789,35.27000045776367,34.93000030517578,34.9900016784668,1813120
2023-03-28 18:30:00+00:00,35.31660079956055,35.36000061035156,35.06999969482422,35.095001220703125,1817869
2023-03-28 19:30:00+00:00,35.560001373291016,35.58000183105469,35.272499084472656,35.314998626708984,2639161
2023-03-29 13:30:00+00:00,36.119998931884766,36.25,35.880001068115234,36.060001373291016,2552846
2023-03-29 14:30:00+00:00,35.88999938964844,36.1349983215332,35.744998931884766,36.119998931884766,1235956
2023-03-29 15:30:00+00:00,36.26499938964844,36.310001373291016,35.880001068115234,35.900001525878906,1557216
2023-03-29 16:30:00+00:00,36.16999816894531,36.31990051269531,36.13999938964844,36.2599983215332,1551167
2023-03-29 17:30:00+00:00,35.90999984741211,36.18790054321289,35.880001068115234,36.15999984741211,1305962
2023-03-29 18:30:00+00:00,36.087100982666016,36.109901428222656,35.81999969482422,35.90999984741211,1796046
2023-03-29 19:30:00+00:00,36.20000076293945,36.2400016784668,36.04499816894531,36.084999084472656,2039907
2023-03-30 13:30:00+00:00,35.869998931884766,36.52000045776367,35.79499816894531,36.18000030517578,2685586
2023-03-30 14:30:00+00:00,35.70500183105469,35.97999954223633,35.5,35.875,1778221
2023-03-30 15:30:00+00:00,35.43000030517578,35.7599983215332,35.41999816894531,35.709999084472656,2224365
2023-03-30 16:30:00+00:00,35.39500045776367,35.48500061035156,35.15999984741211,35.435001373291016,1799027
2023-03-30 17:30:00+00:00,35.46500015258789,35.48500061035156,35.30500030517578,35.39500045776367,1157894
2023-03-30 18:30:00+00:00,35.375,35.540000915527344,35.369998931884766,35.46500015258789,1049110
2023-03-30 19:30:00+00:00,35.45000076293945,35.4900016784668,35.31999969482422,35.375,1810585
2023-03-31 13:30:00+00:00,35.53499984741211,35.95000076293945,35.099998474121094,35.810001373291016,2189493
2023-03-31 14:30:00+00:00,35.61000061035156,35.77000045776367,35.459999084472656,35.53499984741211,1448586
2023-03-31 15:30:00+00:00,35.57500076293945,35.650901794433594,35.41999816894531,35.619998931884766,1227874
2023-03-31 16:30:00+00:00,35.790000915527344,35.79499816894531,35.4900016784668,35.56999969482422,1700128
2023-03-31 17:30:00+00:00,35.79999923706055,35.875,35.709999084472656,35.78950119018555,2134776
2023-03-31 18:30:00+00:00,35.880001068115234,35.93000030517578,35.650001525878906,35.80550003051758,1885717
2023-03-31 19:30:00+00:00,36.02999877929688,36.060001373291016,35.76499938964844,35.880001068115234,2510603
2023-04-03 13:30:00+00:00,36.13999938964844,36.43999862670898,35.9900016784668,36.20000076293945,2052820
2023-04-03 14:30:00+00:00,35.64500045776367,36.209999084472656,35.619998931884766,36.150001525878906,1303122
2023-04-03 15:30:00+00:00,35.63999938964844,35.75,35.54999923706055,35.64500045776367,1092767
2023-04-03 16:30:00+00:00,35.61000061035156,35.7599983215332,35.54999923706055,35.6349983215332,870035
2023-04-03 17:30:00+00:00,35.64789962768555,35.68790054321289,35.54499816894531,35.60499954223633,1088321
2023-04-03 18:30:00+00:00,35.654998779296875,35.83000183105469,35.62329864501953,35.650001525878906,1377430
2023-04-03 19:30:00+00:00,35.630001068115234,35.70000076293945,35.56999969482422,35.650001525878906,1493654
2023-04-04 13:30:00+00:00,35.224998474121094,36.33000183105469,35.16999816894531,36.18999862670898,2084178
2023-04-04 14:30:00+00:00,34.76499938964844,35.275001525878906,34.66999816894531,35.220001220703125,1810414
2023-04-04 15:30:00+00:00,34.779998779296875,34.834999084472656,34.66999816894531,34.7599983215332,1106539
2023-04-04 16:30:00+00:00,34.67499923706055,34.810001373291016,34.61000061035156,34.78499984741211,1451876
2023-04-04 17:30:00+00:00,34.6150016784668,34.880001068115234,34.60499954223633,34.68000030517578,1222973
2023-04-04 18:30:00+00:00,34.69499969482422,34.77000045776367,34.51499938964844,34.61000061035156,1217313
2023-04-04 19:30:00+00:00,35.060001373291016,35.09000015258789,34.689998626708984,34.69839859008789,2064386
2023-04-05 13:30:00+00:00,34.898799896240234,35.259498596191406,34.47999954223633,34.83000183105469,2502968
2023-04-05 14:30:00+00:00,34.88999938964844,35.2400016784668,34.720001220703125,34.89500045776367,1683128
2023-04-05 15:30:00+00:00,34.86000061035156,34.98139953613281,34.779998779296875,34.900001525878906,1119395
2023-04-05 16:30:00+00:00,35.11000061035156,35.239898681640625,34.77159881591797,34.859901428222656,1051730
2023-04-05 17:30:00+00:00,35.10499954223633,35.220001220703125,35.0,35.11000061035156,866379
2023-04-05 18:30:00+00:00,34.9900016784668,35.130001068115234,34.939998626708984,35.10089874267578,1657347
2023-04-05 19:30:00+00:00,35.10499954223633,35.130001068115234,34.91999816894531,34.9900016784668,2582151
2023-04-06 13:30:00+00:00,36.025001525878906,36.25,35.20000076293945,35.25,3079559
2023-04-06 14:30:00+00:00,35.849998474121094,36.150001525878906,35.82490158081055,36.01499938964844,1236705
2023-04-06 15:30:00+00:00,35.810001373291016,36.02999877929688,35.75339889526367,35.84000015258789,1048621
2023-04-06 16:30:00+00:00,35.915000915527344,36.0099983215332,35.77000045776367,35.81999969482422,839051
2023-04-06 17:30:00+00:00,35.8650016784668,35.93000030517578,35.689998626708984,35.915000915527344,1147142
2023-04-06 18:30:00+00:00,35.69499969482422,35.900001525878906,35.63999938964844,35.86880111694336,1310209
2023-04-06 19:30:00+00:00,35.75,35.75,35.619998931884766,35.689998626708984,2135889
2023-04-10 13:30:00+00:00,36.04999923706055,36.238800048828125,35.47999954223633,35.79999923706055,1773662
2023-04-10 14:30:00+00:00,35.755001068115234,36.109500885009766,35.73500061035156,36.04999923706055,773766
2023-04-10 15:30:00+00:00,35.599998474121094,35.76499938964844,35.54499816894531,35.7599983215332,927310
2023-04-10 16:30:00+00:00,35.66999816894531,35.75,35.5,35.60499954223633,1029898
2023-04-10 17:30:00+00:00,35.67900085449219,35.775001525878906,35.619998931884766,35.665000915527344,1117684
2023-04-10 18:30:00+00:00,35.61000061035156,35.744998931884766,35.60499954223633,35.679298400878906,1156186
2023-04-10 19:30:00+00:00,35.61000061035156,35.665000915527344,35.529998779296875,35.6150016784668,2106164
2023-04-11 13:30:00+00:00,35.685001373291016,35.84000015258789,35.5,35.720001220703125,1991492
2023-04-11 14:30:00+00:00,35.54990005493164,35.744998931884766,35.45000076293945,35.68000030517578,1525361
2023-04-11 15:30:00+00:00,35.654998779296875,35.709999084472656,35.46500015258789,35.540000915527344,1340109
2023-04-11 16:30:00+00:00,35.64500045776367,35.67499923706055,35.529998779296875,35.65589904785156,1228917
2023-04-11 17:30:00+00:00,35.67499923706055,35.779998779296875,35.5099983215332,35.64310073852539,1499852
2023-04-11 18:30:00+00:00,35.689998626708984,35.72999954223633,35.58000183105469,35.67499923706055,1217042
2023-04-11 19:30:00+00:00,35.525001525878906,35.709999084472656,35.52000045776367,35.70000076293945,1621050
2023-04-12 13:30:00+00:00,35.3650016784668,36.02999877929688,35.16999816894531,35.779998779296875,2644057
2023-04-12 14:30:00+00:00,35.400001525878906,35.470001220703125,34.96500015258789,35.369998931884766,1575446
2023-04-12 15:30:00+00:00,35.42499923706055,35.474998474121094,35.22999954223633,35.40999984741211,989008
2023-04-12 16:30:00+00:00,35.63999938964844,35.63999938964844,35.38999938964844,35.42499923706055,822798
2023-04-12 17:30:00+00:00,35.5,35.7599983215332,35.459999084472656,35.63999938964844,1571142
2023-04-12 18:30:00+00:00,35.29999923706055,35.54999923706055,35.290000915527344,35.4900016784668,1503034
2023-04-12 19:30:00+00:00,35.40999984741211,35.5,35.27199935913086,35.29999923706055,1632887
2023-04-13 13:30:00+00:00,35.25,35.34000015258789,34.72999954223633,35.125,1859045
2023-04-13 14:30:00+00:00,35.2400016784668,35.334999084472656,35.150001525878906,35.244998931884766,1035676
2023-04-13 15:30:00+00:00,35.255001068115234,35.349998474121094,35.189998626708984,35.2400016784668,1134963
2023-04-13 16:30:00+00:00,35.32500076293945,35.3849983215332,35.2400016784668,35.255001068115234,1099951
2023-04-13 17:30:00+00:00,35.29130172729492,35.380001068115234,35.1150016784668,35.32500076293945,1110903
2023-04-13 18:30:00+00:00,35.2400016784668,35.369998931884766,35.220001220703125,35.29999923706055,2044334
2023-04-13 19:30:00+00:00,35.380001068115234,35.38999938964844,35.18000030517578,35.23500061035156,2305386
2023-04-14 13:30:00+00:00,35.51499938964844,36.29990005493164,35.33000183105469,36.20000076293945,3151916
2023-04-14 14:30:00+00:00,35.255001068115234,35.65999984741211,35.150001525878906,35.52000045776367,1999560
2023-04-14 15:30:00+00:00,35.20000076293945,35.369998931884766,35.1427001953125,35.255001068115234,1046380
2023-04-14 16:30:00+00:00,35.275001525878906,35.34000015258789,35.150001525878906,35.20500183105469,970673
2023-04-14 17:30:00+00:00,35.130001068115234,35.279998779296875,34.9900016784668,35.279998779296875,1848658
2023-04-14 18:30:00+00:00,34.90999984741211,35.2400016784668,34.88999938964844,35.125,2001194
2023-04-14 19:30:00+00:00,34.970001220703125,35.099998474121094,34.8650016784668,34.90999984741211,2704894
2023-04-17 13:30:00+00:00,34.415000915527344,35.099998474121094,33.939998626708984,34.79999923706055,5398962
2023-04-17 14:30:00+00:00,34.75,34.88999938964844,34.369998931884766,34.41400146484375,3762050
2023-04-17 15:30:00+00:00,35.28499984741211,35.31990051269531,34.7401008605957,34.744998931884766,2496579
2023-04-17 16:30:00+00:00,35.21500015258789,35.40999984741211,35.13999938964844,35.28499984741211,1528100
2023-04-17 17:30:00+00:00,35.314998626708984,35.334999084472656,35.189998626708984,35.21369934082031,1612049
2023-04-17 18:30:00+00:00,35.415000915527344,35.5099983215332,35.244998931884766,35.314998626708984,1922561
2023-04-17 19:30:00+00:00,35.61000061035156,35.61000061035156,35.349998474121094,35.40999984741211,3452712
2023-04-18 13:30:00+00:00,34.720001220703125,35.560001373291016,34.71500015258789,35.459999084472656,4268610
2023-04-18 14:30:00+00:00,34.849998474121094,34.86000061035156,34.625,34.724998474121094,2739587
2023-04-18 15:30:00+00:00,34.915000915527344,34.95000076293945,34.721900939941406,34.85499954223633,1640668
2023-04-18 16:30:00+00:00,34.974998474121094,35.057098388671875,34.869998931884766,34.915000915527344,1488990
2023-04-18 17:30:00+00:00,34.899898529052734,35.025001525878906,34.880001068115234,34.974998474121094,2020603
2023-04-18 18:30:00+00:00,35.060001373291016,35.095001220703125,34.86009979248047,34.900001525878906,1676832
2023-04-18 19:30:00+00:00,35.18000030517578,35.244998931884766,35.040000915527344,35.064998626708984,3225937
2023-04-19 13:30:00+00:00,35.29999923706055,36.119998931884766,34.84000015258789,35.5099983215332,5422225
2023-04-19 14:30:00+00:00,34.93000030517578,35.310001373291016,34.70000076293945,35.29999923706055,3355429
2023-04-19 15:30:00+00:00,34.91999816894531,35.02989959716797,34.69499969482422,34.93000030517578,2132114
2023-04-19 16:30:00+00:00,35.165000915527344,35.290000915527344,34.75,34.915000915527344,1824866
2023-04-19 17:30:00+00:00,35.670799255371094,35.68000030517578,35.09000015258789,35.15999984741211,1388814
2023-04-19 18:30:00+00:00,36.005001068115234,36.025001525878906,35.564998626708984,35.67499923706055,2689722
2023-04-19 19:30:00+00:00,36.0,36.04499816894531,35.84000015258789,36.0,2023146
2023-04-20 13:30:00+00:00,34.26850128173828,35.45000076293945,34.13999938964844,35.45000076293945,4932233
2023-04-20 14:30:00+00:00,34.2400016784668,34.459999084472656,34.2400016784668,34.26499938964844,2191854
2023-04-20 15:30:00+00:00,34.619998931884766,34.68000030517578,34.130001068115234,34.2400016784668,3881154
2023-04-20 16:30:00+00:00,34.66210174560547,34.834999084472656,34.47999954223633,34.6150016784668,2047532
2023-04-20 17:30:00+00:00,34.935001373291016,35.06999969482422,34.65999984741211,34.66999816894531,1852287
2023-04-20 18:30:00+00:00,34.689998626708984,35.02000045776367,34.650001525878906,34.939998626708984,1843639
2023-04-20 19:30:00+00:00,34.77000045776367,34.779998779296875,34.61000061035156,34.69660186767578,2664637
2023-04-21 13:30:00+00:00,33.650001525878906,34.34000015258789,33.61000061035156,34.290000915527344,5027095
2023-04-21 14:30:00+00:00,32.720001220703125,33.720001220703125,32.61000061035156,33.650001525878906,8111478
2023-04-21 15:30:00+00:00,33.185001373291016,33.220001220703125,32.709999084472656,32.72999954223633,2698420
2023-04-21 16:30:00+00:00,33.400001525878906,33.45500183105469,33.14500045776367,33.18000030517578,2735115
2023-04-21 17:30:00+00:00,33.380001068115234,33.439998626708984,33.2599983215332,33.40999984741211,2600547
2023-04-21 18:30:00+00:00,33.41999816894531,33.625,33.36000061035156,33.3849983215332,1999459
2023-04-21 19:30:00+00:00,33.5099983215332,33.58000183105469,33.400001525878906,33.42499923706055,3475304
2023-04-24 13:30:00+00:00,33.154998779296875,33.40999984741211,32.779998779296875,33.27000045776367,3980392
2023-04-24 14:30:00+00:00,32.70000076293945,33.22999954223633,32.68000030517578,33.154998779296875,2507686
2023-04-24 15:30:00+00:00,32.85879898071289,32.90999984741211,32.54999923706055,32.70000076293945,1934598
2023-04-24 16:30:00+00:00,32.89500045776367,32.915000915527344,32.790000915527344,32.85499954223633,1020712
2023-04-24 17:30:00+00:00,32.689998626708984,33.029998779296875,32.65999984741211,32.89500045776367,1392977
2023-04-24 18:30:00+00:00,32.71500015258789,32.7400016784668,32.619998931884766,32.70000076293945,1575096
2023-04-24 19:30:00+00:00,32.779998779296875,32.79999923706055,32.630001068115234,32.709999084472656,2259296
2023-04-25 13:30:00+00:00,32.41999816894531,32.93989944458008,32.27000045776367,32.400001525878906,4044886
2023-04-25 14:30:00+00:00,32.150001525878906,32.41999816894531,32.150001525878906,32.415000915527344,3083417
2023-04-25 15:30:00+00:00,31.9950008392334,32.29999923706055,31.989999771118164,32.150001525878906,2268658
2023-04-25 16:30:00+00:00,31.574499130249023,32.03010177612305,31.299999237060547,31.9950008392334,3568227
2023-04-25 17:30:00+00:00,31.701099395751957,31.709999084472656,31.405000686645508,31.56999969482422,2531255
2023-04-25 18:30:00+00:00,31.709999084472656,31.8799991607666,31.600000381469727,31.70499992370605,1952778
2023-04-25 19:30:00+00:00,31.790000915527344,31.795000076293945,31.61000061035156,31.70499992370605,2968527
2023-04-26 13:30:00+00:00,31.440000534057617,31.8700008392334,31.315000534057617,31.68000030517578,3068757
2023-04-26 14:30:00+00:00,31.795000076293945,31.88999938964844,31.40250015258789,31.434999465942383,2163837
2023-04-26 15:30:00+00:00,31.90999984741211,32.060001373291016,31.76499938964844,31.799999237060547,1697715
2023-04-26 16:30:00+00:00,31.95499992370605,32.0099983215332,31.850000381469727,31.915000915527344,1185936
2023-04-26 17:30:00+00:00,31.670000076293945,32.0,31.61000061035156,31.95499992370605,1780817
2023-04-26 18:30:00+00:00,31.47030067443848,31.684999465942383,31.26000022888184,31.670000076293945,2615439
2023-04-26 19:30:00+00:00,31.51000022888184,31.63999938964844,31.40999984741211,31.479999542236328,2298071
2023-04-27 13:30:00+00:00,31.920000076293945,32.14500045776367,31.479999542236328,31.600000381469727,2329169
2023-04-27 14:30:00+00:00,32.224998474121094,32.244998931884766,31.920000076293945,31.920000076293945,1754309
2023-04-27 15:30:00+00:00,32.459999084472656,32.560001373291016,32.099998474121094,32.224998474121094,1995202
2023-04-27 16:30:00+00:00,32.505001068115234,32.71500015258789,32.400001525878906,32.459999084472656,3634971
2023-04-27 17:30:00+00:00,32.69499969482422,32.70000076293945,32.439998626708984,32.505001068115234,1742496
2023-04-27 18:30:00+00:00,32.67499923706055,32.75,32.564998626708984,32.69409942626953,2641310
2023-04-27 19:30:00+00:00,32.58000183105469,32.68000030517578,32.459999084472656,32.67499923706055,3152178
2023-04-28 13:30:00+00:00,33.29999923706055,33.29999923706055,31.94879913330078,32.20000076293945,2646172
2023-04-28 14:30:00+00:00,33.91999816894531,33.93000030517578,32.970001220703125,33.29999923706055,4448966
2023-04-28 15:30:00+00:00,34.130001068115234,34.42499923706055,33.917999267578125,33.91999816894531,4640578
2023-04-28 16:30:00+00:00,34.404998779296875,34.415000915527344,34.029998779296875,34.13999938964844,2251553
2023-04-28 17:30:00+00:00,34.34000015258789,34.518001556396484,34.29999923706055,34.400901794433594,2600853
2023-04-28 18:30:00+00:00,34.29130172729492,34.38999938964844,34.06999969482422,34.34000015258789,2264096
2023-04-28 19:30:00+00:00,34.279998779296875,34.334999084472656,34.119998931884766,34.290000915527344,3543219
2023-05-01 13:30:00+00:00,33.90999984741211,34.33000183105469,33.5099983215332,34.25,5621176
2023-05-01 14:30:00+00:00,33.45500183105469,34.2400016784668,33.41999816894531,33.91999816894531,2635517
2023-05-01 15:30:00+00:00,33.709999084472656,33.75,33.29499816894531,33.45000076293945,1399577
2023-05-01 16:30:00+00:00,33.372798919677734,33.790000915527344,33.30009841918945,33.709999084472656,1565710
2023-05-01 17:30:00+00:00,33.29999923706055,33.55500030517578,33.2599983215332,33.36000061035156,1447709
2023-05-01 18:30:00+00:00,33.084999084472656,33.349998474121094,33.040000915527344,33.290000915527344,1677625
2023-05-01 19:30:00+00:00,32.93000030517578,33.11000061035156,32.93000030517578,33.08000183105469,2994934
2023-05-02 13:30:00+00:00,31.45989990234375,32.939998626708984,31.40999984741211,32.939998626708984,3972528
2023-05-02 14:30:00+00:00,30.915000915527344,31.459999084472656,30.850000381469727,31.38999938964844,4249595
2023-05-02 15:30:00+00:00,30.709999084472656,31.1299991607666,30.489999771118164,30.915000915527344,4236651
2023-05-02 16:30:00+00:00,30.59499931335449,30.71839904785156,30.459999084472656,30.700000762939453,2352203
2023-05-02 17:30:00+00:00,30.569599151611328,30.82999992370605,30.48500061035156,30.599899291992188,2253184
2023-05-02 18:30:00+00:00,30.649999618530277,30.75,30.40999984741211,30.565000534057617,3118169
2023-05-02 19:30:00+00:00,30.6299991607666,30.684999465942383,30.479999542236328,30.649999618530277,4951458
2023-05-03 13:30:00+00:00,30.805400848388672,31.0,30.40999984741211,30.790000915527344,4837467
2023-05-03 14:30:00+00:00,30.34000015258789,30.81999969482422,30.114999771118164,30.799999237060547,2776823
2023-05-03 15:30:00+00:00,30.881799697875977,30.899999618530277,30.280000686645508,30.32999992370605,2010143
2023-05-03 16:30:00+00:00,30.815000534057617,30.989999771118164,30.68160057067871,30.880199432373047,2088412
2023-05-03 17:30:00+00:00,30.70499992370605,31.1200008392334,30.6299991607666,30.81999969482422,2199013
2023-05-03 18:30:00+00:00,30.09499931335449,31.01000022888184,30.03499984741211,30.70499992370605,3630878
2023-05-03 19:30:00+00:00,29.799999237060547,30.18000030517578,29.655000686645508,30.09499931335449,4458756
2023-05-04 13:30:00+00:00,27.670000076293945,29.700000762939453,27.270000457763672,28.5,14959720
2023-05-04 14:30:00+00:00,28.65999984741211,28.96500015258789,27.55900001525879,27.670000076293945,8520256
2023-05-04 15:30:00+00:00,29.0,29.01000022888184,28.18000030517578,28.655000686645508,3983806
2023-05-04 16:30:00+00:00,28.46500015258789,29.030000686645508,28.225000381469727,28.9950008392334,4139964
2023-05-04 17:30:00+00:00,28.149999618530277,28.625,28.149999618530277,28.46500015258789,4663465
2023-05-04 18:30:00+00:00,28.854999542236328,28.920000076293945,28.01000022888184,28.149999618530277,5102955
2023-05-04 19:30:00+00:00,28.979999542236328,29.13999938964844,28.76499938964844,28.850000381469727,4740926
2023-05-05 13:30:00+00:00,30.475000381469727,31.15999984741211,29.625,30.68000030517578,6547722
2023-05-05 14:30:00+00:00,30.774999618530277,30.84499931335449,30.174999237060547,30.479999542236328,3382393
2023-05-05 15:30:00+00:00,31.024999618530277,31.104999542236328,30.53499984741211,30.774999618530277,3111175
2023-05-05 16:30:00+00:00,31.21500015258789,31.280000686645508,30.834999084472656,31.030000686645508,3161723
2023-05-05 17:30:00+00:00,31.084999084472656,31.309999465942383,30.90999984741211,31.21500015258789,2671562
2023-05-05 18:30:00+00:00,31.065000534057617,31.309999465942383,30.94499969482422,31.08550071716309,2890688
2023-05-05 19:30:00+00:00,30.770000457763672,31.075000762939453,30.65999984741211,31.065000534057617,4172343
2023-05-08 13:30:00+00:00,30.51499938964844,31.600000381469727,30.46999931335449,31.51000022888184,3638212
2023-05-08 14:30:00+00:00,30.584999084472656,30.859100341796875,30.520000457763672,30.520000457763672,2101466
2023-05-08 15:30:00+00:00,30.77899932861328,30.827899932861328,30.524999618530277,30.57999992370605,1445056
2023-05-08 16:30:00+00:00,30.190000534057617,30.78499984741211,30.190000534057617,30.774999618530277,2626193
2023-05-08 17:30:00+00:00,30.530000686645508,30.540000915527344,30.190000534057617,30.190000534057617,2354601
2023-05-08 18:30:00+00:00,29.9950008392334,30.545000076293945,29.979999542236328,30.530000686645508,2969656
2023-05-08 19:30:00+00:00,29.75,30.049999237060547,29.68000030517578,29.989999771118164,4848342
2023-05-09 13:30:00+00:00,29.56999969482422,29.73500061035156,29.01000022888184,29.399999618530277,3977436
2023-05-09 14:30:00+00:00,29.6299991607666,29.700000762939453,29.350000381469727,29.56999969482422,2108765
2023-05-09 15:30:00+00:00,29.54010009765625,29.729999542236328,29.40999984741211,29.63500022888184,1752635
2023-05-09 16:30:00+00:00,29.69499969482422,29.709999084472656,29.523099899291992,29.540000915527344,1285792
2023-05-09 17:30:00+00:00,30.07999992370605,30.149999618530277,29.68000030517578,29.69499969482422,1856141
2023-05-09 18:30:00+00:00,30.170000076293945,30.25,30.07999992370605,30.07999992370605,2559965
2023-05-09 19:30:00+00:00,29.93000030517578,30.21999931335449,29.8799991607666,30.170000076293945,3018139
2023-05-10 13:30:00+00:00,29.415000915527344,30.649999618530277,29.40999984741211,30.600000381469727,2867831
2023-05-10 14:30:00+00:00,29.46500015258789,29.655000686645508,29.420000076293945,29.420000076293945,1541784
2023-05-10 15:30:00+00:00,29.38500022888184,29.48500061035156,29.25,29.4689998626709,1493847
2023-05-10 16:30:00+00:00,29.01000022888184,29.38999938964844,28.96500015258789,29.3799991607666,1824071
2023-05-10 17:30:00+00:00,29.26499938964844,29.280000686645508,28.899999618530277,29.01000022888184,1490845
2023-05-10 18:30:00+00:00,29.375,29.479999542236328,29.225000381469727,29.270000457763672,1881003
2023-05-10 19:30:00+00:00,29.450000762939453,29.53319931030273,29.309999465942383,29.36000061035156,2077046
2023-05-11 13:30:00+00:00,28.958499908447266,29.290000915527344,28.530000686645508,28.9950008392334,3542128
2023-05-11 14:30:00+00:00,28.859399795532227,29.104999542236328,28.799999237060547,28.95499992370605,2052059
2023-05-11 15:30:00+00:00,28.934999465942383,29.1294002532959,28.84000015258789,28.850000381469727,1703263
2023-05-11 16:30:00+00:00,29.049999237060547,29.07999992370605,28.8799991607666,28.934999465942383,1632796
2023-05-11 17:30:00+00:00,29.1200008392334,29.13999938964844,28.950000762939453,29.05500030517578,1434779
2023-05-11 18:30:00+00:00,28.9950008392334,29.21999931335449,28.979999542236328,29.125,2122644
2023-05-11 19:30:00+00:00,28.93000030517578,29.049999237060547,28.905000686645508,28.9950008392334,2262875
2023-05-12 13:30:00+00:00,29.01499938964844,29.34000015258789,28.84000015258789,29.239999771118164,2230874
2023-05-12 14:30:00+00:00,28.915000915527344,29.114999771118164,28.86000061035156,29.01000022888184,1427591
2023-05-12 15:30:00+00:00,28.75,28.96999931335449,28.739999771118164,28.90999984741211,1426506
2023-05-12 16:30:00+00:00,29.058000564575195,29.11000061035156,28.739999771118164,28.7549991607666,4178874
2023-05-12 17:30:00+00:00,28.957300186157227,29.174999237060547,28.924999237060547,29.049999237060547,1997760
2023-05-12 18:30:00+00:00,29.05500030517578,29.09000015258789,28.8700008392334,28.95499992370605,2064409
2023-05-12 19:30:00+00:00,29.1299991607666,29.15999984741211,28.96999931335449,29.059999465942383,2361913
2023-05-15 13:30:00+00:00,29.405000686645508,29.61000061035156,29.06999969482422,29.15999984741211,1991438
2023-05-15 14:30:00+00:00,29.63999938964844,29.670000076293945,29.350000381469727,29.40999984741211,2767548
2023-05-15 15:30:00+00:00,29.46500015258789,29.65999984741211,29.420000076293945,29.6299991607666,1160828
2023-05-15 16:30:00+00:00,29.65999984741211,29.78499984741211,29.38999938964844,29.459999084472656,1346083
2023-05-15 17:30:00+00:00,29.542299270629883,29.709999084472656,29.520000457763672,29.65999984741211,1058283
2023-05-15 18:30:00+00:00,29.649999618530277,29.700000762939453,29.520000457763672,29.540000915527344,1131660
2023-05-15 19:30:00+00:00,29.65999984741211,29.65999984741211,29.559999465942383,29.645000457763672,1793699
2023-05-16 13:30:00+00:00,28.96999931335449,29.7450008392334,28.899999618530277,29.5,3078817
2023-05-16 14:30:00+00:00,28.98500061035156,29.09000015258789,28.86000061035156,28.96999931335449,2890735
2023-05-16 15:30:00+00:00,28.895000457763672,29.030000686645508,28.8799991607666,28.989999771118164,1439451
2023-05-16 16:30:00+00:00,28.850000381469727,29.0,28.82999992370605,28.89699935913086,1152869
2023-05-16 17:30:00+00:00,28.864999771118164,28.90999984741211,28.82999992370605,28.86000061035156,1450661
2023-05-16 18:30:00+00:00,28.96500015258789,28.989999771118164,28.82999992370605,28.8700008392334,1687717
2023-05-16 19:30:00+00:00,28.674999237060547,28.979999542236328,28.670000076293945,28.959999084472656,1974682
2023-05-17 13:30:00+00:00,29.56999969482422,29.63599967956543,28.93000030517578,29.0,3658003
2023-05-17 14:30:00+00:00,29.940000534057617,29.979999542236328,29.5,29.565000534057617,2889011
2023-05-17 15:30:00+00:00,30.045000076293945,30.190000534057617,29.8799991607666,29.940000534057617,3414713
2023-05-17 16:30:00+00:00,30.274999618530277,30.479999542236328,30.045000076293945,30.049999237060547,2642485
2023-05-17 17:30:00+00:00,30.26000022888184,30.399999618530277,30.2549991607666,30.274999618530277,1506159
2023-05-17 18:30:00+00:00,30.125,30.30719947814941,30.100000381469727,30.26000022888184,2656783
2023-05-17 19:30:00+00:00,30.459999084472656,30.5,30.11000061035156,30.1299991607666,2282885
2023-05-18 13:30:00+00:00,30.46999931335449,30.46999931335449,29.88999938964844,30.239999771118164,2425072
2023-05-18 14:30:00+00:00,30.34499931335449,30.499099731445312,30.190000534057617,30.478500366210938,1783005
2023-05-18 15:30:00+00:00,30.1299991607666,30.43680000305176,30.07999992370605,30.350000381469727,1371962
2023-05-18 16:30:00+00:00,30.200000762939453,30.336700439453125,30.1299991607666,30.1299991607666,1248767
2023-05-18 17:30:00+00:00,30.280000686645508,30.31999969482422,30.13500022888184,30.209999084472656,1208673
2023-05-18 18:30:00+00:00,30.290000915527344,30.364999771118164,30.19499969482422,30.270000457763672,1743217
2023-05-18 19:30:00+00:00,30.489999771118164,30.559999465942383,30.28499984741211,30.290000915527344,2094379
2023-05-19 13:30:00+00:00,30.799999237060547,30.809999465942383,30.43000030517578,30.65999984741211,1766843
2023-05-19 14:30:00+00:00,30.05500030517578,30.88500022888184,29.90999984741211,30.799999237060547,1994383
2023-05-19 15:30:00+00:00,29.9950008392334,30.1200008392334,29.75,30.05500030517578,1992038
2023-05-19 16:30:00+00:00,29.97410011291504,30.09000015258789,29.850000381469727,29.9950008392334,1273890
2023-05-19 17:30:00+00:00,30.05500030517578,30.07999992370605,29.850000381469727,29.971399307250977,1371128
2023-05-19 18:30:00+00:00,30.06999969482422,30.15999984741211,30.024999618530277,30.05500030517578,1259673
2023-05-19 19:30:00+00:00,30.1299991607666,30.155000686645508,30.065000534057617,30.06999969482422,2650757
2023-05-22 13:30:00+00:00,30.6200008392334,30.790000915527344,30.06999969482422,30.540000915527344,2520530
2023-05-22 14:30:00+00:00,30.649999618530277,30.71999931335449,30.280000686645508,30.6299991607666,1585183
2023-05-22 15:30:00+00:00,30.76000022888184,30.88999938964844,30.61000061035156,30.649999618530277,1510750
2023-05-22 16:30:00+00:00,30.63500022888184,30.8700008392334,30.59499931335449,30.7549991607666,946550
2023-05-22 17:30:00+00:00,30.741899490356445,30.799999237060547,30.59499931335449,30.63999938964844,948744
2023-05-22 18:30:00+00:00,31.03499984741211,31.049999237060547,30.709999084472656,30.739999771118164,1582657
2023-05-22 19:30:00+00:00,30.90999984741211,31.075000762939453,30.8700008392334,31.03499984741211,1633593
2023-05-23 13:30:00+00:00,31.920000076293945,31.920000076293945,31.0,31.0,2418483
2023-05-23 14:30:00+00:00,32.0,32.02000045776367,31.71999931335449,31.915000915527344,1723467
2023-05-23 15:30:00+00:00,32.025001525878906,32.095001220703125,31.899999618530277,32.0,1398075
2023-05-23 16:30:00+00:00,31.739999771118164,32.040000915527344,31.71999931335449,32.02000045776367,1504614
2023-05-23 17:30:00+00:00,31.36000061035156,31.729999542236328,31.290000915527344,31.729999542236328,1932511
2023-05-23 18:30:00+00:00,31.354999542236328,31.424999237060547,31.2549991607666,31.354999542236328,1582347
2023-05-23 19:30:00+00:00,31.1200008392334,31.354999542236328,31.1200008392334,31.354999542236328,1976858
2023-05-24 13:30:00+00:00,30.4950008392334,31.25,30.399999618530277,30.82999992370605,2265053
2023-05-24 14:30:00+00:00,30.71500015258789,30.864999771118164,30.4950008392334,30.4950008392334,1395000
2023-05-24 15:30:00+00:00,30.70499992370605,30.75,30.592300415039062,30.71999931335449,1009466
2023-05-24 16:30:00+00:00,30.709999084472656,30.850000381469727,30.65999984741211,30.700000762939453,743461
2023-05-24 17:30:00+00:00,30.6200008392334,30.780000686645508,30.59000015258789,30.700000762939453,942212
2023-05-24 18:30:00+00:00,30.76499938964844,30.8700008392334,30.530000686645508,30.61000061035156,1507843
2023-05-24 19:30:00+00:00,30.799999237060547,30.899999618530277,30.709999084472656,30.76499938964844,1949465
2023-05-25 13:30:00+00:00,30.670000076293945,30.82990074157715,30.375,30.559999465942383,1682833
2023-05-25 14:30:00+00:00,30.3700008392334,30.690000534057617,30.34000015258789,30.670000076293945,1130895
2023-05-25 15:30:00+00:00,30.2549991607666,30.399999618530277,30.155000686645508,30.375,1510946
2023-05-25 16:30:00+00:00,30.46999931335449,30.5,30.190000534057617,30.26000022888184,1037972
2023-05-25 17:30:00+00:00,30.530000686645508,30.584999084472656,30.36000061035156,30.46999931335449,1177439
2023-05-25 18:30:00+00:00,30.524999618530277,30.540000915527344,30.405000686645508,30.540000915527344,1056683
2023-05-25 19:30:00+00:00,30.51499938964844,30.56999969482422,30.424999237060547,30.524999618530277,1587736
2023-05-26 13:30:00+00:00,30.75,30.78499984741211,30.29170036315918,30.57999992370605,1599706
2023-05-26 14:30:00+00:00,30.545000076293945,30.790000915527344,30.5,30.7450008392334,1399113
2023-05-26 15:30:00+00:00,30.6200008392334,30.729999542236328,30.450000762939453,30.540000915527344,1116107
2023-05-26 16:30:00+00:00,30.559999465942383,30.709999084472656,30.46999931335449,30.618000030517575,895720
2023-05-26 17:30:00+00:00,30.63500022888184,30.65999984741211,30.545000076293945,30.559999465942383,742842
2023-05-26 18:30:00+00:00,30.69499969482422,30.78499984741211,30.6200008392334,30.63999938964844,1020319
2023-05-26 19:30:00+00:00,30.65999984741211,30.790000915527344,30.65999984741211,30.69499969482422,1235220
2023-05-30 13:30:00+00:00,30.350000381469727,31.084999084472656,30.0,30.854999542236328,3293385
2023-05-30 14:30:00+00:00,30.184999465942383,30.51650047302246,30.11000061035156,30.36000061035156,1273441
2023-05-30 15:30:00+00:00,30.334999084472656,30.38500022888184,30.100000381469727,30.184999465942383,1194279
2023-05-30 16:30:00+00:00,30.32999992370605,30.459999084472656,30.280000686645508,30.334999084472656,1085771
2023-05-30 17:30:00+00:00,30.59499931335449,30.595199584960938,30.299999237060547,30.334999084472656,1009387
2023-05-30 18:30:00+00:00,30.559999465942383,30.649999618530277,30.520000457763672,30.59499931335449,1362906
2023-05-30 19:30:00+00:00,30.649999618530277,30.670000076293945,30.530000686645508,30.56550025939941,2176481
2023-05-31 13:30:00+00:00,29.760099411010746,30.34000015258789,29.76000022888184,30.149999618530277,2348347
2023-05-31 14:30:00+00:00,29.55500030517578,29.780000686645508,29.395000457763672,29.76499938964844,2521034
2023-05-31 15:30:00+00:00,29.81999969482422,29.82999992370605,29.549999237060547,29.55500030517578,1563929
2023-05-31 16:30:00+00:00,29.84499931335449,29.88999938964844,29.739999771118164,29.81999969482422,1381051
2023-05-31 17:30:00+00:00,29.924999237060547,29.96999931335449,29.690000534057617,29.850000381469727,1551493
2023-05-31 18:30:00+00:00,29.86160087585449,29.9950008392334,29.809999465942383,29.93000030517578,1592218
2023-05-31 19:30:00+00:00,29.899999618530277,29.90999984741211,29.739999771118164,29.864999771118164,3594692
2023-06-01 13:30:00+00:00,29.975099563598636,30.170000076293945,29.32999992370605,30.100000381469727,2329202
2023-06-01 14:30:00+00:00,30.280000686645508,30.38999938964844,29.950000762939453,29.975000381469727,1529041
2023-06-01 15:30:00+00:00,30.540000915527344,30.59499931335449,30.26000022888184,30.290000915527344,1069712
2023-06-01 16:30:00+00:00,30.415000915527344,30.575000762939453,30.31999969482422,30.549999237060547,990166
2023-06-01 17:30:00+00:00,30.399999618530277,30.489999771118164,30.28499984741211,30.415000915527344,977591
2023-06-01 18:30:00+00:00,30.450000762939453,30.46999931335449,30.280000686645508,30.399999618530277,1068393
2023-06-01 19:30:00+00:00,30.530000686645508,30.59000015258789,30.395000457763672,30.44499969482422,2452088
2023-06-02 13:30:00+00:00,31.46999931335449,31.46999931335449,30.75,31.0,2867890
2023-06-02 14:30:00+00:00,31.565000534057617,31.645000457763672,31.325000762939453,31.479999542236328,1412091
2023-06-02 15:30:00+00:00,31.59000015258789,31.63999938964844,31.424999237060547,31.56180000305176,1025229
2023-06-02 16:30:00+00:00,31.70499992370605,31.76000022888184,31.51000022888184,31.59000015258789,995749
2023-06-02 17:30:00+00:00,31.509899139404297,31.71999931335449,31.440000534057617,31.709999084472656,1136520
2023-06-02 18:30:00+00:00,31.82999992370605,31.86000061035156,31.50189971923828,31.5049991607666,1660247
2023-06-02 19:30:00+00:00,31.732999801635746,31.989999771118164,31.729999542236328,31.825000762939453,2669137
2023-06-05 13:30:00+00:00,31.040000915527344,31.989999771118164,31.01499938964844,31.8700008392334,2292839
2023-06-05 14:30:00+00:00,31.420000076293945,31.51000022888184,31.020000457763672,31.040000915527344,1442687
2023-06-05 15:30:00+00:00,31.549999237060547,31.56999969482422,31.364999771118164,31.40999984741211,1072656
2023-06-05 16:30:00+00:00,31.423999786376957,31.63500022888184,31.405000686645508,31.549999237060547,896848
2023-06-05 17:30:00+00:00,31.34000015258789,31.56999969482422,31.270000457763672,31.424999237060547,1165384
2023-06-05 18:30:00+00:00,31.295000076293945,31.3700008392334,31.165000915527344,31.34000015258789,1795880
2023-06-05 19:30:00+00:00,31.239999771118164,31.31999969482422,31.190000534057617,31.295000076293945,1685222
2023-06-06 13:30:00+00:00,32.34000015258789,32.36000061035156,31.1299991607666,31.229999542236328,3047400
2023-06-06 14:30:00+00:00,32.61000061035156,32.75,32.2400016784668,32.345001220703125,1857294
2023-06-06 15:30:00+00:00,32.529998779296875,32.79999923706055,32.525001525878906,32.619998931884766,1450936
2023-06-06 16:30:00+00:00,32.63719940185547,32.685001373291016,32.5,32.540000915527344,1533838
2023-06-06 17:30:00+00:00,32.44499969482422,32.65999984741211,32.310001373291016,32.630001068115234,1635401
2023-06-06 18:30:00+00:00,32.51499938964844,32.51499938964844,32.369998931884766,32.45000076293945,1217006
2023-06-06 19:30:00+00:00,32.619998931884766,32.65999984741211,32.5,32.52000045776367,1761567
2023-06-07 13:30:00+00:00,32.974998474121094,32.9900016784668,32.41999816894531,32.7400016784668,2765020
2023-06-07 14:30:00+00:00,33.040000915527344,33.06999969482422,32.810001373291016,32.970001220703125,1839208
2023-06-07 15:30:00+00:00,33.040000915527344,33.13999938964844,32.880001068115234,33.040000915527344,1236007
2023-06-07 16:30:00+00:00,33.154998779296875,33.20000076293945,33.03499984741211,33.04499816894531,1128736
2023-06-07 17:30:00+00:00,33.27000045776367,33.290000915527344,32.935001373291016,33.150001525878906,1246493
2023-06-07 18:30:00+00:00,33.21500015258789,33.310001373291016,33.119998931884766,33.27000045776367,2370468
2023-06-07 19:30:00+00:00,33.27000045776367,33.400001525878906,33.18000030517578,33.21500015258789,2224873
2023-06-08 13:30:00+00:00,32.70500183105469,33.27000045776367,32.52470016479492,33.099998474121094,2811835
2023-06-08 14:30:00+00:00,32.869998931884766,32.869998931884766,32.5,32.70500183105469,1599510
2023-06-08 15:30:00+00:00,32.80799865722656,32.88999938964844,32.59000015258789,32.86000061035156,1330295
2023-06-08 16:30:00+00:00,33.025001525878906,33.040000915527344,32.68000030517578,32.79999923706055,1432056
2023-06-08 17:30:00+00:00,32.9900016784668,33.11000061035156,32.93000030517578,33.02949905395508,1059547
2023-06-08 18:30:00+00:00,33.04499816894531,33.09000015258789,32.970001220703125,33.0,1466403
2023-06-08 19:30:00+00:00,33.060001373291016,33.209999084472656,32.9900016784668,33.04499816894531,1461955
2023-06-09 13:30:00+00:00,33.185001373291016,33.290000915527344,32.88999938964844,33.0,2069049
2023-06-09 14:30:00+00:00,33.165000915527344,33.36000061035156,33.130001068115234,33.185001373291016,1735144
2023-06-09 15:30:00+00:00,33.130001068115234,33.18000030517578,32.94499969482422,33.165000915527344,1434890
2023-06-09 16:30:00+00:00,33.005001068115234,33.15999984741211,32.959999084472656,33.119998931884766,1140685
2023-06-09 17:30:00+00:00,32.88999938964844,33.040000915527344,32.849998474121094,33.0099983215332,816351
2023-06-09 18:30:00+00:00,32.77000045776367,32.90999984741211,32.689998626708984,32.88999938964844,978387
2023-06-09 19:30:00+00:00,32.869998931884766,32.880001068115234,32.73310089111328,32.775001525878906,1436600
2023-06-12 13:30:00+00:00,32.84000015258789,33.345001220703125,32.63010025024414,32.709999084472656,2378691
2023-06-12 14:30:00+00:00,32.20000076293945,32.84000015258789,32.189998626708984,32.84000015258789,2040489
2023-06-12 15:30:00+00:00,31.975000381469727,32.20500183105469,31.520099639892575,32.19499969482422,3635024
2023-06-12 16:30:00+00:00,32.029998779296875,32.1349983215332,31.920000076293945,31.979999542236328,1059187
2023-06-12 17:30:00+00:00,32.15999984741211,32.209999084472656,31.899999618530277,32.029998779296875,1071717
2023-06-12 18:30:00+00:00,32.01499938964844,32.29999923706055,31.82999992370605,32.154998779296875,2260486
2023-06-12 19:30:00+00:00,32.15999984741211,32.16999816894531,31.979999542236328,32.01179885864258,1963645
2023-06-13 13:30:00+00:00,33.20500183105469,33.310001373291016,31.75,32.08000183105469,6229673
2023-06-13 14:30:00+00:00,32.875,33.22999954223633,32.70000076293945,33.2057991027832,3102101
2023-06-13 15:30:00+00:00,32.79999923706055,32.90999984741211,32.630001068115234,32.880001068115234,1989659
2023-06-13 16:30:00+00:00,32.69499969482422,32.80500030517578,32.619998931884766,32.80500030517578,1563756
2023-06-13 17:30:00+00:00,32.54499816894531,32.69499969482422,32.540000915527344,32.69499969482422,1650089
2023-06-13 18:30:00+00:00,32.6349983215332,32.665000915527344,32.38999938964844,32.540000915527344,1745052
2023-06-13 19:30:00+00:00,32.70000076293945,32.779998779296875,32.56999969482422,32.63999938964844,2204599
2023-06-14 13:30:00+00:00,32.970001220703125,33.439998626708984,32.900001525878906,33.0,2723687
2023-06-14 14:30:00+00:00,32.92499923706055,33.11000061035156,32.86000061035156,32.970001220703125,1447936
2023-06-14 15:30:00+00:00,32.8406982421875,33.07500076293945,32.810001373291016,32.93000030517578,1071953
2023-06-14 16:30:00+00:00,32.779998779296875,32.869998931884766,32.72999954223633,32.84000015258789,895986
2023-06-14 17:30:00+00:00,31.96500015258789,32.93000030517578,31.88999938964844,32.78049850463867,2999120
2023-06-14 18:30:00+00:00,32.20000076293945,32.34000015258789,31.934999465942383,31.96999931335449,4096386
2023-06-14 19:30:00+00:00,32.11000061035156,32.310001373291016,32.029998779296875,32.209999084472656,2963423
2023-06-15 13:30:00+00:00,32.70500183105469,33.099998474121094,31.94499969482422,32.20000076293945,3509853
2023-06-15 14:30:00+00:00,32.95000076293945,32.97999954223633,32.602901458740234,32.709999084472656,2043280
2023-06-15 15:30:00+00:00,32.849998474121094,33.03499984741211,32.79499816894531,32.95000076293945,1127677
2023-06-15 16:30:00+00:00,32.869998931884766,32.869998931884766,32.720001220703125,32.85499954223633,1280120
2023-06-15 17:30:00+00:00,33.185001373291016,33.209999084472656,32.83000183105469,32.869998931884766,1990697
2023-06-15 18:30:00+00:00,33.345001220703125,33.41999816894531,33.13999938964844,33.185001373291016,1754379
2023-06-15 19:30:00+00:00,33.279998779296875,33.369998931884766,33.22999954223633,33.345001220703125,2016754
2023-06-16 13:30:00+00:00,33.23500061035156,33.58000183105469,33.00400161743164,33.4900016784668,3914346
2023-06-16 14:30:00+00:00,33.27000045776367,33.314998626708984,33.08000183105469,33.22999954223633,2548304
2023-06-16 15:30:00+00:00,33.345001220703125,33.45000076293945,33.244998931884766,33.27000045776367,1517073
2023-06-16 16:30:00+00:00,33.47999954223633,33.54999923706055,33.290000915527344,33.345001220703125,1452121
2023-06-16 17:30:00+00:00,33.39950180053711,33.485801696777344,33.2400016784668,33.47999954223633,1365641
2023-06-16 18:30:00+00:00,33.51499938964844,33.53499984741211,33.36249923706055,33.39500045776367,1889775
2023-06-16 19:30:00+00:00,33.470001220703125,33.61000061035156,33.41999816894531,33.51499938964844,3000167
2023-06-20 13:30:00+00:00,32.869998931884766,33.33000183105469,32.665000915527344,33.040000915527344,2913085
2023-06-20 14:30:00+00:00,33.119998931884766,33.27000045776367,32.81999969482422,32.869998931884766,2013439
2023-06-20 15:30:00+00:00,33.310001373291016,33.380001068115234,33.099998474121094,33.119998931884766,1274617
2023-06-20 16:30:00+00:00,33.459999084472656,33.599998474121094,33.29999923706055,33.32500076293945,1480453
2023-06-20 17:30:00+00:00,33.584999084472656,33.61000061035156,33.439998626708984,33.46500015258789,1335288
2023-06-20 18:30:00+00:00,33.58250045776367,33.68000030517578,33.43000030517578,33.58000183105469,1802583
2023-06-20 19:30:00+00:00,33.56999969482422,33.689998626708984,33.529998779296875,33.584999084472656,2420791
2023-06-21 13:30:00+00:00,33.599998474121094,33.81999969482422,33.209999084472656,33.65999984741211,2614267
2023-06-21 14:30:00+00:00,33.760101318359375,33.80500030517578,33.5,33.59000015258789,1884945
2023-06-21 15:30:00+00:00,33.75,33.81999969482422,33.650001525878906,33.7599983215332,1329569
2023-06-21 16:30:00+00:00,33.451900482177734,33.7599983215332,33.35499954223633,33.7599983215332,1676655
2023-06-21 17:30:00+00:00,33.63999938964844,33.6693000793457,33.439998626708984,33.45500183105469,923396
2023-06-21 18:30:00+00:00,33.599998474121094,33.685001373291016,33.53239822387695,33.64500045776367,1273904
2023-06-21 19:30:00+00:00,33.439998626708984,33.650001525878906,33.43000030517578,33.595001220703125,2207112
2023-06-22 13:30:00+00:00,32.915000915527344,33.47999954223633,32.90999984741211,33.45000076293945,1755066
2023-06-22 14:30:00+00:00,32.52000045776367,32.95000076293945,32.345001220703125,32.915000915527344,1739116
2023-06-22 15:30:00+00:00,32.51499938964844,32.55500030517578,32.30500030517578,32.51499938964844,2276819
2023-06-22 16:30:00+00:00,32.51499938964844,32.56999969482422,32.42499923706055,32.52000045776367,947954
2023-06-22 17:30:00+00:00,32.45600128173828,32.52000045776367,32.38999938964844,32.5099983215332,1069340
2023-06-22 18:30:00+00:00,32.25,32.525001525878906,32.25,32.45500183105469,1271559
2023-06-22 19:30:00+00:00,32.22999954223633,32.290000915527344,32.13999938964844,32.25,2721633
2023-06-23 13:30:00+00:00,32.22999954223633,32.459999084472656,31.88999938964844,31.989999771118164,2256834
2023-06-23 14:30:00+00:00,32.369998931884766,32.41999816894531,32.209999084472656,32.233699798583984,1635852
2023-06-23 15:30:00+00:00,32.44499969482422,32.5,32.290000915527344,32.369998931884766,1430699
2023-06-23 16:30:00+00:00,32.220001220703125,32.5099983215332,32.150001525878906,32.439998626708984,1496833
2023-06-23 17:30:00+00:00,32.16999816894531,32.345001220703125,32.165000915527344,32.22990036010742,914031
2023-06-23 18:30:00+00:00,32.084999084472656,32.189998626708984,31.98500061035156,32.17499923706055,1688248
2023-06-23 19:30:00+00:00,31.899999618530277,32.11000061035156,31.82999992370605,32.084999084472656,3799142
2023-06-26 13:30:00+00:00,32.08000183105469,32.40999984741211,31.8700008392334,31.8700008392334,1944698
2023-06-26 14:30:00+00:00,32.255001068115234,32.439998626708984,32.0,32.08000183105469,1385857
2023-06-26 15:30:00+00:00,32.275001525878906,32.52000045776367,32.2401008605957,32.2599983215332,1663739
2023-06-26 16:30:00+00:00,32.36000061035156,32.39500045776367,32.25,32.279998779296875,1096250
2023-06-26 17:30:00+00:00,32.298301696777344,32.439998626708984,32.20000076293945,32.35960006713867,961892
2023-06-26 18:30:00+00:00,32.40999984741211,32.415000915527344,32.279998779296875,32.29499816894531,848223
2023-06-26 19:30:00+00:00,32.33000183105469,32.43000030517578,32.209999084472656,32.41999816894531,2022712
2023-06-27 13:30:00+00:00,32.31999969482422,32.36000061035156,31.834999084472656,32.290000915527344,1504797
2023-06-27 14:30:00+00:00,32.57500076293945,32.68000030517578,32.290000915527344,32.32500076293945,1383492
2023-06-27 15:30:00+00:00,32.474998474121094,32.595001220703125,32.43000030517578,32.57500076293945,790094
2023-06-27 16:30:00+00:00,32.650001525878906,32.68000030517578,32.470001220703125,32.470001220703125,728165
2023-06-27 17:30:00+00:00,32.59000015258789,32.689998626708984,32.59000015258789,32.65999984741211,722651
2023-06-27 18:30:00+00:00,32.57500076293945,32.619998931884766,32.48500061035156,32.599998474121094,984812
2023-06-27 19:30:00+00:00,32.540000915527344,32.65999984741211,32.540000915527344,32.56999969482422,2189523
2023-06-28 13:30:00+00:00,32.25,32.56999969482422,31.950000762939453,32.56999969482422,1912225
2023-06-28 14:30:00+00:00,32.244998931884766,32.33000183105469,32.0099983215332,32.25,1372876
2023-06-28 15:30:00+00:00,32.314998626708984,32.35499954223633,32.16999816894531,32.25,889987
2023-06-28 16:30:00+00:00,32.16999816894531,32.369998931884766,32.08000183105469,32.314998626708984,859445
2023-06-28 17:30:00+00:00,32.224998474121094,32.28499984741211,32.1150016784668,32.165000915527344,726558
2023-06-28 18:30:00+00:00,32.2599983215332,32.32989883422852,32.21099853515625,32.224998474121094,759126
2023-06-28 19:30:00+00:00,32.31999969482422,32.33000183105469,32.2400016784668,32.2599983215332,1859056
2023-06-29 13:30:00+00:00,32.525001525878906,32.75,32.17499923706055,32.18000030517578,2663048
2023-06-29 14:30:00+00:00,32.09000015258789,32.568599700927734,32.03499984741211,32.529998779296875,1938972
2023-06-29 15:30:00+00:00,32.51250076293945,32.529998779296875,32.060001373291016,32.084999084472656,1494482
2023-06-29 16:30:00+00:00,32.63999938964844,32.650001525878906,32.45000076293945,32.51499938964844,1069519
2023-06-29 17:30:00+00:00,32.56999969482422,32.65999984741211,32.45000076293945,32.64500045776367,1120545
2023-06-29 18:30:00+00:00,32.58000183105469,32.630001068115234,32.52000045776367,32.58000183105469,969875
2023-06-29 19:30:00+00:00,32.7599983215332,32.7599983215332,32.560001373291016,32.58000183105469,1822198
2023-06-30 13:30:00+00:00,33.224998474121094,33.5,32.91999816894531,33.209999084472656,3275520
2023-06-30 14:30:00+00:00,33.0,33.27000045776367,32.852500915527344,33.22999954223633,1850249
2023-06-30 15:30:00+00:00,32.9900016784668,33.040000915527344,32.904998779296875,32.99620056152344,1542401
2023-06-30 16:30:00+00:00,32.96500015258789,33.040000915527344,32.91999816894531,32.9900016784668,1142793
2023-06-30 17:30:00+00:00,33.025001525878906,33.040000915527344,32.959999084472656,32.96500015258789,1241747
2023-06-30 18:30:00+00:00,33.14500045776367,33.150001525878906,33.0,33.025001525878906,1949081
2023-06-30 19:30:00+00:00,33.029998779296875,33.18000030517578,33.02000045776367,33.13999938964844,2303837
2023-07-03 13:30:00+00:00,33.58000183105469,33.775001525878906,33.13999938964844,33.15999984741211,2245137
2023-07-03 14:30:00+00:00,33.56999969482422,33.6349983215332,33.415000915527344,33.59000015258789,1450859
2023-07-03 15:30:00+00:00,33.58000183105469,33.720001220703125,33.55500030517578,33.56999969482422,1168876
2023-07-05 13:30:00+00:00,33.224998474121094,33.36000061035156,33.02000045776367,33.16999816894531,2026177
2023-07-05 14:30:00+00:00,33.595001220703125,33.625,33.20000076293945,33.22999954223633,1184319
2023-07-05 15:30:00+00:00,33.654998779296875,33.73500061035156,33.59000015258789,33.599998474121094,1193520
2023-07-05 16:30:00+00:00,33.66999816894531,33.70000076293945,33.52000045776367,33.650001525878906,1073230
2023-07-05 17:30:00+00:00,33.665000915527344,33.709999084472656,33.595001220703125,33.66999816894531,889058
2023-07-05 18:30:00+00:00,33.68000030517578,33.7400016784668,33.630001068115234,33.665000915527344,1421473
2023-07-05 19:30:00+00:00,33.53499984741211,33.67499923706055,33.5099983215332,33.67499923706055,1536208
2023-07-06 13:30:00+00:00,32.25,33.060001373291016,32.04999923706055,33.0,3774025
2023-07-06 14:30:00+00:00,32.3849983215332,32.45000076293945,32.18989944458008,32.25,1253584
2023-07-06 15:30:00+00:00,32.45500183105469,32.560001373291016,32.36000061035156,32.380001068115234,981066
2023-07-06 16:30:00+00:00,32.685001373291016,32.70000076293945,32.45500183105469,32.45500183105469,937059
2023-07-06 17:30:00+00:00,32.79499816894531,32.810001373291016,32.65999984741211,32.6870002746582,751257
2023-07-06 18:30:00+00:00,32.875,33.0,32.79499816894531,32.79499816894531,1058029
2023-07-06 19:30:00+00:00,32.9900016784668,33.0,32.83000183105469,32.880001068115234,1702645
2023-07-07 13:30:00+00:00,33.310001373291016,33.36000061035156,32.84000015258789,32.86000061035156,1576617
2023-07-07 14:30:00+00:00,33.5,33.5093994140625,33.2400016784668,33.29999923706055,957834
2023-07-07 15:30:00+00:00,33.51499938964844,33.56999969482422,33.43000030517578,33.505001068115234,947261
2023-07-07 16:30:00+00:00,33.670101165771484,33.73500061035156,33.4900016784668,33.51499938964844,1017418
2023-07-07 17:30:00+00:00,33.7400016784668,33.75,33.59000015258789,33.66999816894531,879853
2023-07-07 18:30:00+00:00,33.72600173950195,33.79999923706055,33.685001373291016,33.7400016784668,1061065
2023-07-07 19:30:00+00:00,33.540000915527344,33.77000045776367,33.459999084472656,33.724998474121094,1489083
2023-07-10 13:30:00+00:00,33.709999084472656,33.744998931884766,33.15470123291016,33.220001220703125,2561745
2023-07-10 14:30:00+00:00,33.61000061035156,33.77000045776367,33.47999954223633,33.71500015258789,1142708
2023-07-10 15:30:00+00:00,33.6150016784668,33.650001525878906,33.540000915527344,33.599998474121094,893721
2023-07-10 16:30:00+00:00,33.60499954223633,33.630001068115234,33.55500030517578,33.619998931884766,792233
2023-07-10 17:30:00+00:00,33.790000915527344,33.790000915527344,33.58000183105469,33.60499954223633,1147229
2023-07-10 18:30:00+00:00,33.76499938964844,33.83000183105469,33.72999954223633,33.790000915527344,1728914
2023-07-10 19:30:00+00:00,33.73500061035156,33.79999923706055,33.64500045776367,33.7599983215332,2431356
2023-07-11 13:30:00+00:00,34.904998779296875,34.93000030517578,34.064998626708984,34.5099983215332,3306530
2023-07-11 14:30:00+00:00,34.845001220703125,35.06999969482422,34.7400016784668,34.904998779296875,1713467
2023-07-11 15:30:00+00:00,35.125,35.18000030517578,34.82379913330078,34.84000015258789,1634048
2023-07-11 16:30:00+00:00,35.0,35.130001068115234,34.91999816894531,35.130001068115234,1119793
2023-07-11 17:30:00+00:00,34.92499923706055,35.0,34.82500076293945,34.994998931884766,1402161
2023-07-11 18:30:00+00:00,34.96500015258789,35.0,34.86000061035156,34.93000030517578,1681768
2023-07-11 19:30:00+00:00,34.91999816894531,35.06999969482422,34.90999984741211,34.96500015258789,2874519
2023-07-12 13:30:00+00:00,35.435001373291016,36.220001220703125,35.27000045776367,35.650001525878906,3256684
2023-07-12 14:30:00+00:00,35.502201080322266,35.69499969482422,35.40999984741211,35.43000030517578,1259179
2023-07-12 15:30:00+00:00,35.4900016784668,35.599998474121094,35.334999084472656,35.5,1076523
2023-07-12 16:30:00+00:00,35.3650016784668,35.513301849365234,35.345001220703125,35.494998931884766,629414
2023-07-12 17:30:00+00:00,35.32500076293945,35.38999938964844,35.279998779296875,35.36000061035156,936496
2023-07-12 18:30:00+00:00,35.1150016784668,35.349998474121094,35.07500076293945,35.33000183105469,922399
2023-07-12 19:30:00+00:00,35.119998931884766,35.2400016784668,35.08000183105469,35.1150016784668,1841353
2023-07-13 13:30:00+00:00,35.779998779296875,35.810001373291016,35.255001068115234,35.33000183105469,2118973
2023-07-13 14:30:00+00:00,35.61000061035156,35.900001525878906,35.58000183105469,35.78499984741211,1155387
2023-07-13 15:30:00+00:00,35.54750061035156,35.619998931884766,35.5099983215332,35.60499954223633,685038
2023-07-13 16:30:00+00:00,35.4656982421875,35.560001373291016,35.43000030517578,35.540000915527344,801502
2023-07-13 17:30:00+00:00,35.564998626708984,35.57500076293945,35.40999984741211,35.46500015258789,834118
2023-07-13 18:30:00+00:00,35.682498931884766,35.779998779296875,35.52000045776367,35.564998626708984,1513665
2023-07-13 19:30:00+00:00,35.79999923706055,35.86000061035156,35.68000030517578,35.68000030517578,2136850
2023-07-14 13:30:00+00:00,35.439998626708984,36.209999084472656,35.439998626708984,36.09000015258789,2802014
2023-07-14 14:30:00+00:00,35.28499984741211,35.45500183105469,35.25,35.44499969482422,1945409
2023-07-14 15:30:00+00:00,35.279998779296875,35.470001220703125,35.244998931884766,35.290000915527344,1381615
2023-07-14 16:30:00+00:00,35.36000061035156,35.400001525878906,35.24250030517578,35.279998779296875,1070248
2023-07-14 17:30:00+00:00,35.48849868774414,35.54999923706055,35.349998474121094,35.36000061035156,1094466
2023-07-14 18:30:00+00:00,35.47999954223633,35.560001373291016,35.35499954223633,35.4900016784668,1582116
2023-07-14 19:30:00+00:00,35.334999084472656,35.4900016784668,35.279998779296875,35.48500061035156,1702761
2023-07-17 13:30:00+00:00,35.209999084472656,35.400001525878906,35.005001068115234,35.2400016784668,2637408
2023-07-17 14:30:00+00:00,35.21500015258789,35.45000076293945,35.18000030517578,35.220001220703125,1265507
2023-07-17 15:30:00+00:00,35.310001373291016,35.40999984741211,35.20000076293945,35.209999084472656,1897300
2023-07-17 16:30:00+00:00,35.349998474121094,35.439998626708984,35.29999923706055,35.30500030517578,1688895
2023-07-17 17:30:00+00:00,35.38589859008789,35.45000076293945,35.33000183105469,35.36000061035156,1130312
2023-07-17 18:30:00+00:00,35.26900100708008,35.39500045776367,35.2599983215332,35.3849983215332,1538472
2023-07-17 19:30:00+00:00,35.2599983215332,35.3650016784668,35.22999954223633,35.26499938964844,1719560
2023-07-18 13:30:00+00:00,36.34000015258789,36.380001068115234,35.33000183105469,35.38999938964844,2732720
2023-07-18 14:30:00+00:00,36.45000076293945,36.45000076293945,36.06999969482422,36.34999847412109,1453464
2023-07-18 15:30:00+00:00,36.15999984741211,36.44499969482422,36.02999877929688,36.44499969482422,1533915
2023-07-18 16:30:00+00:00,36.25,36.3650016784668,36.10499954223633,36.150001525878906,1345957
2023-07-18 17:30:00+00:00,36.30500030517578,36.375,36.20000076293945,36.25,1654013
2023-07-18 18:30:00+00:00,36.45500183105469,36.525001525878906,36.26499938964844,36.30500030517578,2138386
2023-07-18 19:30:00+00:00,36.540000915527344,36.560001373291016,36.400001525878906,36.45000076293945,2566781
2023-07-19 13:30:00+00:00,37.220001220703125,37.27999877929688,35.630001068115234,36.380001068115234,5465191
2023-07-19 14:30:00+00:00,38.019901275634766,38.400001525878906,37.18000030517578,37.22499847412109,6579319
2023-07-19 15:30:00+00:00,38.55500030517578,38.834999084472656,38.0099983215332,38.02999877929688,3866641
2023-07-19 16:30:00+00:00,38.84000015258789,38.869998931884766,38.33000183105469,38.54999923706055,2659226
2023-07-19 17:30:00+00:00,38.7599983215332,38.84999847412109,38.58000183105469,38.83000183105469,3135976
2023-07-19 18:30:00+00:00,39.25,39.2599983215332,38.630001068115234,38.7599983215332,3297082
2023-07-19 19:30:00+00:00,38.880001068115234,39.27000045776367,38.880001068115234,39.2400016784668,5070562
2023-07-20 13:30:00+00:00,38.59249877929688,39.06999969482422,38.27999877929688,38.66999816894531,4145849
2023-07-20 14:30:00+00:00,38.47999954223633,38.7400016784668,38.29999923706055,38.59999847412109,2357297
2023-07-20 15:30:00+00:00,38.81909942626953,38.84999847412109,38.38999938964844,38.47999954223633,1893914
2023-07-20 16:30:00+00:00,38.81499862670898,38.84999847412109,38.69499969482422,38.81999969482422,1326282
2023-07-20 17:30:00+00:00,38.880001068115234,38.9900016784668,38.77999877929688,38.810001373291016,1431775
2023-07-20 18:30:00+00:00,38.92300033569336,39.09000015258789,38.869998931884766,38.875,1919958
2023-07-20 19:30:00+00:00,39.13999938964844,39.15999984741211,38.91999816894531,38.93000030517578,3953579
2023-07-21 13:30:00+00:00,38.63999938964844,39.22499847412109,38.369998931884766,39.20000076293945,3723079
2023-07-21 14:30:00+00:00,38.525001525878906,38.75,38.45000076293945,38.630001068115234,2418537
2023-07-21 15:30:00+00:00,38.66999816894531,38.75,38.4900016784668,38.525001525878906,1345036
2023-07-21 16:30:00+00:00,38.625,38.790000915527344,38.58000183105469,38.65999984741211,1286931
2023-07-21 17:30:00+00:00,38.665000915527344,38.7400016784668,38.59999847412109,38.625,1052311
2023-07-21 18:30:00+00:00,38.494998931884766,38.709999084472656,38.47999954223633,38.665000915527344,1174433
2023-07-21 19:30:00+00:00,38.40999984741211,38.595001220703125,38.400001525878906,38.5,2557682
2023-07-24 13:30:00+00:00,38.8849983215332,38.95000076293945,38.459999084472656,38.560001373291016,2442951
2023-07-24 14:30:00+00:00,39.04499816894531,39.04999923706055,38.720001220703125,38.88999938964844,1659583
2023-07-24 15:30:00+00:00,39.28099822998047,39.33000183105469,38.91249847412109,39.040000915527344,1439323
2023-07-24 16:30:00+00:00,39.31499862670898,39.43000030517578,39.25,39.28499984741211,972404
2023-07-24 17:30:00+00:00,39.28499984741211,39.41999816894531,39.244998931884766,39.31050109863281,986878
2023-07-24 18:30:00+00:00,39.0099983215332,39.31999969482422,39.0,39.27999877929688,1141599
2023-07-24 19:30:00+00:00,39.25,39.33000183105469,39.0,39.0099983215332,2277169
2023-07-25 13:30:00+00:00,38.81999969482422,39.31999969482422,38.59000015258789,39.18999862670898,1647458
2023-07-25 14:30:00+00:00,38.7400016784668,38.86000061035156,38.52999877929688,38.81999969482422,1528326
2023-07-25 15:30:00+00:00,38.61000061035156,38.82500076293945,38.56999969482422,38.7400016784668,749446
2023-07-25 16:30:00+00:00,38.540000915527344,38.720001220703125,38.5099983215332,38.60499954223633,664102
2023-07-25 17:30:00+00:00,38.38999938964844,38.54999923706055,38.34000015258789,38.53499984741211,1149748
2023-07-25 18:30:00+00:00,37.96500015258789,38.59000015258789,37.84000015258789,38.400001525878906,3920848
2023-07-25 19:30:00+00:00,37.86000061035156,37.970001220703125,37.78499984741211,37.96500015258789,3065385
2023-07-26 13:30:00+00:00,38.61800003051758,38.85499954223633,38.38999938964844,38.43999862670898,1667700
2023-07-26 14:30:00+00:00,38.820098876953125,39.04999923706055,38.59999847412109,38.619998931884766,1223361
2023-07-26 15:30:00+00:00,38.95000076293945,38.9900016784668,38.81499862670898,38.82500076293945,1157776
2023-07-26 16:30:00+00:00,38.73469924926758,38.966400146484375,38.720001220703125,38.94499969482422,1029431
2023-07-26 17:30:00+00:00,38.58000183105469,38.744998931884766,38.290000915527344,38.73529815673828,2359937
2023-07-26 18:30:00+00:00,38.77989959716797,39.040000915527344,38.58000183105469,38.59000015258789,2122428
2023-07-26 19:30:00+00:00,38.88999938964844,38.93000030517578,38.709999084472656,38.77370071411133,2272877
2023-07-27 13:30:00+00:00,39.21500015258789,39.400001525878906,38.91379928588867,39.09000015258789,2014053
2023-07-27 14:30:00+00:00,39.11000061035156,39.41999816894531,38.95700073242188,39.21500015258789,1353049
2023-07-27 15:30:00+00:00,39.06999969482422,39.119998931884766,38.84999847412109,39.11660003662109,1235832
2023-07-27 16:30:00+00:00,39.20000076293945,39.23500061035156,39.060001373291016,39.06499862670898,2273687
2023-07-27 17:30:00+00:00,39.040000915527344,39.20500183105469,38.95000076293945,39.18999862670898,1810983
2023-07-27 18:30:00+00:00,38.8650016784668,39.11000061035156,38.81999969482422,39.040000915527344,2168745
2023-07-27 19:30:00+00:00,38.810001373291016,38.93000030517578,38.7400016784668,38.8650016784668,2002312
2023-07-28 13:30:00+00:00,39.31999969482422,39.40499877929688,38.75,39.18999862670898,1583930
2023-07-28 14:30:00+00:00,39.477298736572266,39.4900016784668,39.22999954223633,39.32500076293945,1257003
2023-07-28 15:30:00+00:00,39.369998931884766,39.5,39.27009963989258,39.470001220703125,1064806
2023-07-28 16:30:00+00:00,39.41999816894531,39.47999954223633,39.31499862670898,39.3650016784668,1213261
2023-07-28 17:30:00+00:00,39.40499877929688,39.44499969482422,39.22499847412109,39.41999816894531,1047375
2023-07-28 18:30:00+00:00,39.41999816894531,39.470001220703125,39.345001220703125,39.40499877929688,1234418
2023-07-28 19:30:00+00:00,39.540000915527344,39.54999923706055,39.400001525878906,39.41999816894531,1926418
2023-07-31 13:30:00+00:00,39.78350067138672,39.88999938964844,39.5,39.75,962604
2023-07-31 14:30:00+00:00,39.43999862670898,39.78499984741211,39.41999816894531,39.78499984741211,916153
2023-07-31 15:30:00+00:00,39.48249816894531,39.53499984741211,39.3849983215332,39.44499969482422,2062738
2023-07-31 16:30:00+00:00,39.40999984741211,39.52000045776367,39.375,39.4900016784668,787665
2023-07-31 17:30:00+00:00,39.40999984741211,39.470001220703125,39.33000183105469,39.40999984741211,784146
2023-07-31 18:30:00+00:00,39.415000915527344,39.44940185546875,39.369998931884766,39.40499877929688,759725
2023-07-31 19:30:00+00:00,39.68999862670898,39.68999862670898,39.30500030517578,39.415000915527344,2128603
2023-08-01 13:30:00+00:00,38.75,39.52000045776367,38.72999954223633,39.43999862670898,1765648
2023-08-01 14:30:00+00:00,38.61220169067383,38.959999084472656,38.59000015258789,38.75,1435489
2023-08-01 15:30:00+00:00,38.60499954223633,38.69499969482422,38.470001220703125,38.619998931884766,1360086
2023-08-01 16:30:00+00:00,38.66999816894531,38.7400016784668,38.59000015258789,38.601898193359375,816172
2023-08-01 17:30:00+00:00,38.59999847412109,38.709999084472656,38.560001373291016,38.66999816894531,1083022
2023-08-01 18:30:00+00:00,38.666900634765625,38.69499969482422,38.52999877929688,38.59999847412109,1486194
2023-08-01 19:30:00+00:00,38.709999084472656,38.810001373291016,38.59999847412109,38.665000915527344,1980377
2023-08-02 13:30:00+00:00,37.91999816894531,38.2400016784668,37.77999877929688,38.0099983215332,2453094
2023-08-02 14:30:00+00:00,37.95000076293945,38.04999923706055,37.63999938964844,37.915000915527344,1428039
2023-08-02 15:30:00+00:00,38.15499877929688,38.20000076293945,37.935001373291016,37.95500183105469,856295
2023-08-02 16:30:00+00:00,38.20000076293945,38.289100646972656,38.13999938964844,38.150001525878906,625455
2023-08-02 17:30:00+00:00,38.20500183105469,38.310001373291016,38.185001373291016,38.19499969482422,781664
2023-08-02 18:30:00+00:00,38.26499938964844,38.400001525878906,38.18000030517578,38.209999084472656,1110714
2023-08-02 19:30:00+00:00,38.43000030517578,38.5099983215332,38.25,38.26499938964844,1467153
2023-08-03 13:30:00+00:00,38.3849983215332,38.75,38.04499816894531,38.41999816894531,1533185
2023-08-03 14:30:00+00:00,38.91999816894531,39.119998931884766,38.34999847412109,38.36000061035156,1917100
2023-08-03 15:30:00+00:00,39.39500045776367,39.470001220703125,38.900001525878906,38.91999816894531,1630822
2023-08-03 16:30:00+00:00,39.560001373291016,39.60749816894531,39.29999923706055,39.39500045776367,3786554
2023-08-03 17:30:00+00:00,39.400001525878906,39.56999969482422,39.394901275634766,39.54999923706055,798326
2023-08-03 18:30:00+00:00,39.375,39.47999954223633,39.2599983215332,39.40499877929688,1312464
2023-08-03 19:30:00+00:00,39.43000030517578,39.560001373291016,39.34000015258789,39.375,2323197
2023-08-04 13:30:00+00:00,40.22999954223633,40.2400016784668,39.2400016784668,39.400001525878906,2272636
2023-08-04 14:30:00+00:00,40.31629943847656,40.400001525878906,40.18999862670898,40.220001220703125,1928131
2023-08-04 15:30:00+00:00,40.19499969482422,40.45000076293945,40.18000030517578,40.31499862670898,1786836
2023-08-04 16:30:00+00:00,40.209999084472656,40.43999862670898,40.04999923706055,40.20000076293945,1240030
2023-08-04 17:30:00+00:00,39.92850112915039,40.27999877929688,39.84999847412109,40.209999084472656,1220163
2023-08-04 18:30:00+00:00,39.820098876953125,39.97499847412109,39.78499984741211,39.91999816894531,1277130
2023-08-04 19:30:00+00:00,39.86000061035156,39.93999862670898,39.79999923706055,39.82500076293945,2317842
2023-08-07 13:30:00+00:00,40.09000015258789,40.25,39.86000061035156,39.93000030517578,1192647
2023-08-07 14:30:00+00:00,40.03499984741211,40.25,40.022098541259766,40.09999847412109,908386
2023-08-07 15:30:00+00:00,40.08000183105469,40.1349983215332,39.9901008605957,40.02999877929688,696807
2023-08-07 16:30:00+00:00,40.025001525878906,40.095001220703125,39.994998931884766,40.08000183105469,632037
2023-08-07 17:30:00+00:00,40.0099983215332,40.119998931884766,39.959999084472656,40.025001525878906,773036
2023-08-07 18:30:00+00:00,40.03499984741211,40.06499862670898,39.98500061035156,40.0099983215332,950018
2023-08-07 19:30:00+00:00,40.119998931884766,40.22999954223633,40.03499984741211,40.03499984741211,1713074
2023-08-08 13:30:00+00:00,38.47999954223633,38.66999816894531,37.970001220703125,38.0,3576817
2023-08-08 14:30:00+00:00,39.08000183105469,39.09000015258789,38.33000183105469,38.470001220703125,1581861
2023-08-08 15:30:00+00:00,39.40499877929688,39.48500061035156,39.04999923706055,39.07500076293945,1593356
2023-08-08 16:30:00+00:00,39.77999877929688,39.834999084472656,39.400001525878906,39.40499877929688,1702277
2023-08-08 17:30:00+00:00,40.09000015258789,40.15999984741211,39.75,39.79499816894531,1553835
2023-08-08 18:30:00+00:00,40.18000030517578,40.290000915527344,40.04999923706055,40.084999084472656,1769218
2023-08-08 19:30:00+00:00,40.22999954223633,40.31999969482422,40.10029983520508,40.18000030517578,2297505
2023-08-09 13:30:00+00:00,40.160099029541016,40.18999862670898,39.59000015258789,39.88999938964844,1631386
2023-08-09 14:30:00+00:00,39.90999984741211,40.32500076293945,39.86000061035156,40.16999816894531,1704797
2023-08-09 15:30:00+00:00,39.709999084472656,39.900001525878906,39.619998931884766,39.900001525878906,1362378
2023-08-09 16:30:00+00:00,39.72999954223633,39.73500061035156,39.65499877929688,39.70500183105469,981917
2023-08-09 17:30:00+00:00,39.759498596191406,39.84000015258789,39.720001220703125,39.72499847412109,873118
2023-08-09 18:30:00+00:00,39.81499862670898,39.85499954223633,39.75,39.7599983215332,1137733
2023-08-09 19:30:00+00:00,39.650001525878906,39.83000183105469,39.61000061035156,39.81010055541992,1873614
2023-08-10 13:30:00+00:00,39.8849983215332,40.150001525878906,39.70500183105469,39.93999862670898,1616923
2023-08-10 14:30:00+00:00,39.80500030517578,39.90999984741211,39.63999938964844,39.88999938964844,1122635
2023-08-10 15:30:00+00:00,39.540000915527344,39.79999923706055,39.48130035400391,39.79999923706055,959231
2023-08-10 16:30:00+00:00,39.5,39.630001068115234,39.43999862670898,39.52999877929688,1005229
2023-08-10 17:30:00+00:00,39.54499816894531,39.67499923706055,39.40999984741211,39.494998931884766,1125606
2023-08-10 18:30:00+00:00,39.51499938964844,39.70709991455078,39.47999954223633,39.54499816894531,1451170
2023-08-10 19:30:00+00:00,39.4900016784668,39.54999923706055,39.40999984741211,39.51499938964844,1677182
2023-08-11 13:30:00+00:00,39.619998931884766,39.63999938964844,39.13999938964844,39.18999862670898,1121989
2023-08-11 14:30:00+00:00,39.707801818847656,39.72999954223633,39.48500061035156,39.619998931884766,759834
2023-08-11 15:30:00+00:00,39.84999847412109,39.90999984741211,39.685001373291016,39.70500183105469,753744
2023-08-11 16:30:00+00:00,39.77000045776367,39.86000061035156,39.65999984741211,39.84999847412109,732591
2023-08-11 17:30:00+00:00,39.625,39.810001373291016,39.61000061035156,39.77000045776367,721004
2023-08-11 18:30:00+00:00,39.53499984741211,39.63999938964844,39.43000030517578,39.619998931884766,952975
2023-08-11 19:30:00+00:00,39.459999084472656,39.57500076293945,39.41999816894531,39.52999877929688,1646789
2023-08-14 13:30:00+00:00,38.650001525878906,39.11000061035156,38.59999847412109,39.08000183105469,1588578
2023-08-14 14:30:00+00:00,38.70000076293945,38.77000045776367,38.619998931884766,38.650001525878906,902757
2023-08-14 15:30:00+00:00,38.78499984741211,38.84000015258789,38.70000076293945,38.70500183105469,840093
2023-08-14 16:30:00+00:00,38.775001525878906,38.81999969482422,38.75,38.790000915527344,607834
2023-08-14 17:30:00+00:00,38.59000015258789,38.790000915527344,38.58000183105469,38.77000045776367,913412
2023-08-14 18:30:00+00:00,38.625,38.63999938964844,38.540000915527344,38.595001220703125,845344
2023-08-14 19:30:00+00:00,38.720001220703125,38.77999877929688,38.61000061035156,38.625,1368221
2023-08-15 13:30:00+00:00,38.04999923706055,38.26499938964844,37.81999969482422,38.0,2110723
2023-08-15 14:30:00+00:00,38.15840148925781,38.16999816894531,37.93000030517578,38.04499816894531,1215573
2023-08-15 15:30:00+00:00,37.93999862670898,38.20019912719727,37.900001525878906,38.15499877929688,1166047
2023-08-15 16:30:00+00:00,37.75,37.959999084472656,37.59999847412109,37.95000076293945,1401618
2023-08-15 17:30:00+00:00,37.650001525878906,37.755001068115234,37.53499984741211,37.755001068115234,1017992
2023-08-15 18:30:00+00:00,37.57500076293945,37.720001220703125,37.56999969482422,37.6427001953125,992473
2023-08-15 19:30:00+00:00,37.63999938964844,37.72999954223633,37.54999923706055,37.57040023803711,1831447
2023-08-16 13:30:00+00:00,37.070899963378906,37.61000061035156,37.04999923706055,37.43999862670898,1703410
2023-08-16 14:30:00+00:00,37.05110168457031,37.150001525878906,36.91999816894531,37.08000183105469,1675166
2023-08-16 15:30:00+00:00,37.26499938964844,37.29999923706055,36.97999954223633,37.05500030517578,997295
2023-08-16 16:30:00+00:00,37.125,37.31499862670898,37.08000183105469,37.2599983215332,835454
2023-08-16 17:30:00+00:00,37.165000915527344,37.2401008605957,37.025001525878906,37.125,910710
2023-08-16 18:30:00+00:00,37.005001068115234,37.20000076293945,36.959999084472656,37.15999984741211,843115
2023-08-16 19:30:00+00:00,37.04999923706055,37.119998931884766,36.96500015258789,37.005001068115234,1784045
2023-08-17 13:30:00+00:00,37.08000183105469,37.43000030517578,36.775001525878906,37.310001373291016,1968591
2023-08-17 14:30:00+00:00,36.89500045776367,37.11000061035156,36.89500045776367,37.08000183105469,1189723
2023-08-17 15:30:00+00:00,36.96500015258789,36.994998931884766,36.68999862670898,36.88999938964844,789674
2023-08-17 16:30:00+00:00,36.9900016784668,37.0099983215332,36.8921012878418,36.96500015258789,521022
2023-08-17 17:30:00+00:00,36.98500061035156,37.0,36.90999984741211,36.9900016784668,679229
2023-08-17 18:30:00+00:00,36.79999923706055,36.9900016784668,36.70000076293945,36.9900016784668,1182159
2023-08-17 19:30:00+00:00,36.790000915527344,36.959999084472656,36.77999877929688,36.810001373291016,1737357
2023-08-18 13:30:00+00:00,36.5099983215332,36.869998931884766,36.22999954223633,36.369998931884766,1682308
2023-08-18 14:30:00+00:00,36.72999954223633,36.810001373291016,36.5099983215332,36.5099983215332,871137
2023-08-18 15:30:00+00:00,36.59000015258789,36.810001373291016,36.58000183105469,36.7400016784668,775000
2023-08-18 16:30:00+00:00,36.59000015258789,36.72999954223633,36.52999877929688,36.59000015258789,673245
2023-08-18 17:30:00+00:00,36.58990097045898,36.650001525878906,36.55500030517578,36.595001220703125,677986
2023-08-18 18:30:00+00:00,36.59999847412109,36.630001068115234,36.459999084472656,36.584999084472656,708675
2023-08-18 19:30:00+00:00,36.845001220703125,36.84999847412109,36.56999969482422,36.59000015258789,1698209
2023-08-21 13:30:00+00:00,36.63999938964844,36.93999862670898,36.540000915527344,36.900001525878906,1194864
2023-08-21 14:30:00+00:00,36.4900016784668,36.65999984741211,36.459999084472656,36.63999938964844,855239
2023-08-21 15:30:00+00:00,36.494998931884766,36.52999877929688,36.40999984741211,36.4900016784668,582311
2023-08-21 16:30:00+00:00,36.630001068115234,36.63999938964844,36.435001373291016,36.4900016784668,688516
2023-08-21 17:30:00+00:00,36.59000015258789,36.66999816894531,36.560001373291016,36.630001068115234,630773
2023-08-21 18:30:00+00:00,36.84999847412109,36.900001525878906,36.584999084472656,36.595001220703125,1042591
2023-08-21 19:30:00+00:00,36.7599983215332,36.85499954223633,36.7400016784668,36.84999847412109,1374531
2023-08-22 13:30:00+00:00,36.35499954223633,36.869998931884766,36.33000183105469,36.7599983215332,1155101
2023-08-22 14:30:00+00:00,36.084999084472656,36.35499954223633,36.01499938964844,36.35499954223633,980786
2023-08-22 15:30:00+00:00,36.1349983215332,36.209999084472656,36.03499984741211,36.09000015258789,915609
2023-08-22 16:30:00+00:00,35.935001373291016,36.150001525878906,35.900001525878906,36.1349983215332,732400
2023-08-22 17:30:00+00:00,35.849998474121094,35.97999954223633,35.79999923706055,35.939998626708984,1133728
2023-08-22 18:30:00+00:00,35.834999084472656,35.92499923706055,35.724998474121094,35.845001220703125,927186
2023-08-22 19:30:00+00:00,35.84000015258789,35.880001068115234,35.7599983215332,35.83000183105469,1322306
2023-08-23 13:30:00+00:00,35.86000061035156,36.04999923706055,35.369998931884766,35.81999969482422,1526298
2023-08-23 14:30:00+00:00,35.9900016784668,36.02000045776367,35.77000045776367,35.8650016784668,639011
2023-08-23 15:30:00+00:00,35.915000915527344,36.07500076293945,35.88999938964844,35.98500061035156,784050
2023-08-23 16:30:00+00:00,36.06499862670898,36.06999969482422,35.849998474121094,35.91999816894531,647215
2023-08-23 17:30:00+00:00,36.09310150146485,36.14500045776367,36.02999877929688,36.06999969482422,489782
2023-08-23 18:30:00+00:00,36.06999969482422,36.2599983215332,36.040000915527344,36.09999847412109,822945
2023-08-23 19:30:00+00:00,36.255001068115234,36.2599983215332,36.025001525878906,36.06999969482422,1427871
2023-08-24 13:30:00+00:00,36.61000061035156,36.8849983215332,36.18999862670898,36.27999877929688,884151
2023-08-24 14:30:00+00:00,36.36000061035156,36.69499969482422,36.334999084472656,36.59999847412109,647035
2023-08-24 15:30:00+00:00,36.32989883422852,36.400001525878906,36.244998931884766,36.369998931884766,749927
2023-08-24 16:30:00+00:00,36.23500061035156,36.34000015258789,36.09999847412109,36.31999969482422,1192057
2023-08-24 17:30:00+00:00,36.11000061035156,36.34000015258789,36.10499954223633,36.23500061035156,980544
2023-08-24 18:30:00+00:00,36.345001220703125,36.369998931884766,36.09999847412109,36.11000061035156,1533768
2023-08-24 19:30:00+00:00,36.130001068115234,36.380001068115234,36.04499816894531,36.345001220703125,2645010
2023-08-25 13:30:00+00:00,35.41999816894531,36.5099983215332,35.349998474121094,36.40999984741211,2627845
2023-08-25 14:30:00+00:00,35.529998779296875,35.540000915527344,35.209999084472656,35.42499923706055,1581830
2023-08-25 15:30:00+00:00,35.70500183105469,35.709999084472656,35.459999084472656,35.53499984741211,1053296
2023-08-25 16:30:00+00:00,35.5,35.7599983215332,35.43000030517578,35.70500183105469,804443
2023-08-25 17:30:00+00:00,35.630001068115234,35.64500045776367,35.380001068115234,35.5,777896
2023-08-25 18:30:00+00:00,35.61000061035156,35.68000030517578,35.52000045776367,35.630001068115234,1037825
2023-08-25 19:30:00+00:00,35.5099983215332,35.630001068115234,35.415000915527344,35.61000061035156,1621561
2023-08-28 13:30:00+00:00,36.27999877929688,36.36000061035156,35.66999816894531,35.84000015258789,1402056
2023-08-28 14:30:00+00:00,36.01499938964844,36.31999969482422,35.94499969482422,36.27000045776367,743564
2023-08-28 15:30:00+00:00,36.050899505615234,36.13999938964844,35.95000076293945,36.02000045776367,864523
2023-08-28 16:30:00+00:00,36.040000915527344,36.1161003112793,36.0099983215332,36.05500030517578,729812
2023-08-28 17:30:00+00:00,35.880001068115234,36.057498931884766,35.849998474121094,36.04499816894531,833529
2023-08-28 18:30:00+00:00,35.93000030517578,35.95500183105469,35.849998474121094,35.880001068115234,838538
2023-08-28 19:30:00+00:00,36.0,36.084999084472656,35.91999816894531,35.93000030517578,1516217
2023-08-29 13:30:00+00:00,36.220001220703125,36.25,35.849998474121094,35.970001220703125,1346984
2023-08-29 14:30:00+00:00,36.27000045776367,36.34999847412109,36.13999938964844,36.220001220703125,882868
2023-08-29 15:30:00+00:00,36.397499084472656,36.400001525878906,36.22999954223633,36.27410125732422,749957
2023-08-29 16:30:00+00:00,36.51499938964844,36.52999877929688,36.29999923706055,36.39500045776367,673700
2023-08-29 17:30:00+00:00,36.47999954223633,36.52999877929688,36.40290069580078,36.52000045776367,1005609
2023-08-29 18:30:00+00:00,36.459999084472656,36.525001525878906,36.380001068115234,36.47499847412109,1082446
2023-08-29 19:30:00+00:00,36.47999954223633,36.52999877929688,36.43000030517578,36.459999084472656,1072866
2023-08-30 13:30:00+00:00,36.257598876953125,36.70500183105469,36.20000076293945,36.54999923706055,1732270
2023-08-30 14:30:00+00:00,36.375,36.400001525878906,36.2400016784668,36.2599983215332,1100414
2023-08-30 15:30:00+00:00,36.34999847412109,36.43000030517578,36.26499938964844,36.375,739198
2023-08-30 16:30:00+00:00,36.39500045776367,36.43000030517578,36.34000015258789,36.36000061035156,716451
2023-08-30 17:30:00+00:00,36.31499862670898,36.459999084472656,36.29999923706055,36.400001525878906,781918
2023-08-30 18:30:00+00:00,36.40499877929688,36.41999816894531,36.310001373291016,36.310001373291016,790746
2023-08-30 19:30:00+00:00,36.380001068115234,36.43999862670898,36.369998931884766,36.40999984741211,1464173
2023-08-31 13:30:00+00:00,36.56999969482422,36.65999984741211,36.31999969482422,36.5099983215332,1440259
2023-08-31 14:30:00+00:00,36.58000183105469,36.6349983215332,36.4900016784668,36.56999969482422,1006689
2023-08-31 15:30:00+00:00,36.5,36.56999969482422,36.4900016784668,36.56999969482422,529775
2023-08-31 16:30:00+00:00,36.47499847412109,36.5099983215332,36.30500030517578,36.5,628222
2023-08-31 17:30:00+00:00,36.55400085449219,36.57500076293945,36.459999084472656,36.47999954223633,745218
2023-08-31 18:30:00+00:00,36.47010040283203,36.59000015258789,36.442901611328125,36.560001373291016,1160923
2023-08-31 19:30:00+00:00,36.52000045776367,36.54999923706055,36.459999084472656,36.47499847412109,1377928
2023-09-01 13:30:00+00:00,37.18999862670898,37.290000915527344,36.81499862670898,36.84000015258789,2008767
2023-09-01 14:30:00+00:00,36.880001068115234,37.2599983215332,36.875,37.185001373291016,1942536
2023-09-01 15:30:00+00:00,37.03499984741211,37.060001373291016,36.81999969482422,36.8849983215332,1308518
2023-09-01 16:30:00+00:00,37.05500030517578,37.09999847412109,36.900001525878906,37.03499984741211,1285756
2023-09-01 17:30:00+00:00,37.150001525878906,37.17499923706055,37.02000045776367,37.060001373291016,1219350
2023-09-01 18:30:00+00:00,37.04999923706055,37.15950012207031,36.97999954223633,37.150001525878906,1391316
2023-09-01 19:30:00+00:00,37.060001373291016,37.119998931884766,37.005001068115234,37.04999923706055,2186585
2023-09-05 13:30:00+00:00,37.08000183105469,37.52999877929688,36.77180099487305,37.09999847412109,2929632
2023-09-05 14:30:00+00:00,36.94499969482422,37.11000061035156,36.88999938964844,37.07500076293945,1509637
2023-09-05 15:30:00+00:00,36.79399871826172,36.97999954223633,36.7599983215332,36.94499969482422,1377639
2023-09-05 16:30:00+00:00,36.47999954223633,36.810001373291016,36.47999954223633,36.79499816894531,1324446
2023-09-05 17:30:00+00:00,36.68999862670898,36.720001220703125,36.47499847412109,36.47999954223633,1340035
2023-09-05 18:30:00+00:00,36.68000030517578,36.77000045776367,36.619998931884766,36.68000030517578,1460772
2023-09-05 19:30:00+00:00,36.52000045776367,36.7400016784668,36.52000045776367,36.68000030517578,1807885
2023-09-06 13:30:00+00:00,36.2400016784668,36.540000915527344,36.150001525878906,36.2599983215332,1092136
2023-09-06 14:30:00+00:00,36.04999923706055,36.29999923706055,36.04499816894531,36.2400016784668,992158
2023-09-06 15:30:00+00:00,35.84000015258789,36.06999969482422,35.81999969482422,36.040000915527344,648817
2023-09-06 16:30:00+00:00,35.755001068115234,35.907501220703125,35.70000076293945,35.834999084472656,625249
2023-09-06 17:30:00+00:00,36.060001373291016,36.060001373291016,35.720001220703125,35.7599983215332,874872
2023-09-06 18:30:00+00:00,36.119998931884766,36.20500183105469,36.04359817504883,36.05500030517578,1152030
2023-09-06 19:30:00+00:00,36.119998931884766,36.16999816894531,36.0099983215332,36.11000061035156,1782790
2023-09-07 13:30:00+00:00,35.875,36.29439926147461,35.72999954223633,35.88999938964844,1033730
2023-09-07 14:30:00+00:00,35.974998474121094,35.98500061035156,35.842498779296875,35.88999938964844,807441
2023-09-07 15:30:00+00:00,35.84000015258789,36.040000915527344,35.82500076293945,35.97999954223633,718271
2023-09-07 16:30:00+00:00,35.90999984741211,35.90999984741211,35.68000030517578,35.845001220703125,686451
2023-09-07 17:30:00+00:00,35.724998474121094,35.93000030517578,35.720001220703125,35.90999984741211,587105
2023-09-07 18:30:00+00:00,35.57500076293945,35.720001220703125,35.505001068115234,35.720001220703125,896939
2023-09-07 19:30:00+00:00,35.630001068115234,35.720001220703125,35.56999969482422,35.57500076293945,1121333
2023-09-08 13:30:00+00:00,35.505001068115234,35.900001525878906,35.27000045776367,35.77000045776367,1157462
2023-09-08 14:30:00+00:00,35.94499969482422,35.9900016784668,35.470001220703125,35.5,1023692
2023-09-08 15:30:00+00:00,36.01499938964844,36.125,35.880001068115234,35.939998626708984,978621
2023-09-08 16:30:00+00:00,36.06499862670898,36.119998931884766,35.95000076293945,36.0099983215332,759696
2023-09-08 17:30:00+00:00,36.13999938964844,36.20000076293945,36.02000045776367,36.06499862670898,759679
2023-09-08 18:30:00+00:00,35.939998626708984,36.150001525878906,35.93000030517578,36.14500045776367,1035025
2023-09-08 19:30:00+00:00,36.119998931884766,36.130001068115234,35.91999816894531,35.939998626708984,1541689
2023-09-11 13:30:00+00:00,36.56999969482422,36.70000076293945,36.2400016784668,36.5,1387518
2023-09-11 14:30:00+00:00,36.3849983215332,36.650001525878906,36.3849983215332,36.56499862670898,833116
2023-09-11 15:30:00+00:00,36.539398193359375,36.54999923706055,36.13999938964844,36.380001068115234,744267
2023-09-11 16:30:00+00:00,36.375,36.59000015258789,36.369998931884766,36.540000915527344,577208
2023-09-11 17:30:00+00:00,36.220001220703125,36.38999938964844,36.20000076293945,36.369998931884766,615279
2023-09-11 18:30:00+00:00,36.244998931884766,36.25,36.16999816894531,36.21500015258789,758547
2023-09-11 19:30:00+00:00,36.209999084472656,36.29499816894531,36.11000061035156,36.244998931884766,1478929
2023-09-12 13:30:00+00:00,36.005001068115234,36.900001525878906,35.97999954223633,36.38999938964844,1850948
2023-09-12 14:30:00+00:00,36.52000045776367,36.560001373291016,35.95000076293945,36.0,1294549
2023-09-12 15:30:00+00:00,36.8650016784668,36.93999862670898,36.5,36.52999877929688,1138915
2023-09-12 16:30:00+00:00,37.16999816894531,37.18999862670898,36.83000183105469,36.8650016784668,1105323
2023-09-12 17:30:00+00:00,37.10499954223633,37.220001220703125,36.994998931884766,37.18000030517578,913889
2023-09-12 18:30:00+00:00,36.98500061035156,37.130001068115234,36.900001525878906,37.10499954223633,1143530
2023-09-12 19:30:00+00:00,37.0,37.02999877929688,36.93000030517578,36.98500061035156,1738479
2023-09-13 13:30:00+00:00,35.43000030517578,37.369998931884766,35.43000030517578,37.25,3746539
2023-09-13 14:30:00+00:00,35.43000030517578,35.599998474121094,35.279998779296875,35.435001373291016,2815582
2023-09-13 15:30:00+00:00,35.3494987487793,35.599998474121094,35.310001373291016,35.41999816894531,1867009
2023-09-13 16:30:00+00:00,35.525001525878906,35.755001068115234,35.310001373291016,35.349998474121094,1169728
2023-09-13 17:30:00+00:00,35.2599983215332,35.53499984741211,35.25,35.525001525878906,1000342
2023-09-13 18:30:00+00:00,35.08000183105469,35.27159881591797,35.0099983215332,35.26499938964844,1603236
2023-09-13 19:30:00+00:00,35.13999938964844,35.209999084472656,35.08000183105469,35.08000183105469,2131557
2023-09-14 13:30:00+00:00,35.849998474121094,36.07500076293945,35.43000030517578,35.599998474121094,3211420
2023-09-14 14:30:00+00:00,35.83000183105469,36.040000915527344,35.77000045776367,35.85499954223633,1375589
2023-09-14 15:30:00+00:00,35.724998474121094,35.90999984741211,35.70000076293945,35.83000183105469,1162300
2023-09-14 16:30:00+00:00,35.654998779296875,35.75,35.61000061035156,35.72999954223633,958356
2023-09-14 17:30:00+00:00,35.5,35.68610000610352,35.439998626708984,35.654998779296875,1576979
2023-09-14 18:30:00+00:00,35.58000183105469,35.70500183105469,35.4900016784668,35.505001068115234,1786026
2023-09-14 19:30:00+00:00,35.720001220703125,35.72999954223633,35.529998779296875,35.584999084472656,2558450
2023-09-15 13:30:00+00:00,35.400001525878906,35.710899353027344,35.0,35.31999969482422,4643659
2023-09-15 14:30:00+00:00,35.33000183105469,35.474998474121094,35.02000045776367,35.400001525878906,1318751
2023-09-15 15:30:00+00:00,35.07500076293945,35.3650016784668,35.06999969482422,35.334999084472656,1081149
2023-09-15 16:30:00+00:00,34.970001220703125,35.13999938964844,34.92499923706055,35.06999969482422,1599992
2023-09-15 17:30:00+00:00,35.08000183105469,35.255001068115234,34.91999816894531,34.974998474121094,1254231
2023-09-15 18:30:00+00:00,35.185001373291016,35.29999923706055,35.06999969482422,35.07500076293945,1465569
2023-09-15 19:30:00+00:00,35.119998931884766,35.209999084472656,35.0,35.185001373291016,2983102
2023-09-18 13:30:00+00:00,34.6349983215332,34.970001220703125,34.47999954223633,34.84000015258789,1744146
2023-09-18 14:30:00+00:00,34.72999954223633,34.790000915527344,34.584999084472656,34.63999938964844,1015372
2023-09-18 15:30:00+00:00,34.814998626708984,34.85499954223633,34.73500061035156,34.7400016784668,862465
2023-09-18 16:30:00+00:00,34.89500045776367,34.91749954223633,34.79999923706055,34.814998626708984,1008308
2023-09-18 17:30:00+00:00,34.790000915527344,34.90999984741211,34.7599983215332,34.900001525878906,671393
2023-09-18 18:30:00+00:00,34.709999084472656,34.849998474121094,34.67499923706055,34.79499816894531,1325050
2023-09-18 19:30:00+00:00,34.7400016784668,34.77000045776367,34.68000030517578,34.720001220703125,1755977
2023-09-19 13:30:00+00:00,34.61000061035156,34.9900016784668,34.560001373291016,34.560001373291016,1386861
2023-09-19 14:30:00+00:00,34.380001068115234,34.630001068115234,34.255001068115234,34.60499954223633,1266969
2023-09-19 15:30:00+00:00,34.3849983215332,34.45000076293945,34.33000183105469,34.380001068115234,689736
2023-09-19 16:30:00+00:00,34.314998626708984,34.3849983215332,34.18000030517578,34.3849983215332,1106683
2023-09-19 17:30:00+00:00,34.37990188598633,34.40999984741211,34.290000915527344,34.314998626708984,653973
2023-09-19 18:30:00+00:00,34.4900016784668,34.5099983215332,34.349998474121094,34.375,999344
2023-09-19 19:30:00+00:00,34.58000183105469,34.61000061035156,34.470001220703125,34.4900016784668,2204808
2023-09-20 13:30:00+00:00,35.11000061035156,35.15999984741211,34.720001220703125,34.75,1278658
2023-09-20 14:30:00+00:00,35.185001373291016,35.2400016784668,35.0,35.11000061035156,711856
2023-09-20 15:30:00+00:00,35.125,35.209999084472656,35.080101013183594,35.18000030517578,713785
2023-09-20 16:30:00+00:00,35.04499816894531,35.1349983215332,35.005001068115234,35.125,715551
2023-09-20 17:30:00+00:00,34.78499984741211,35.08000183105469,34.77000045776367,35.04499816894531,938051
2023-09-20 18:30:00+00:00,34.6349983215332,34.869998931884766,34.5099983215332,34.78499984741211,1658022
2023-09-20 19:30:00+00:00,34.40999984741211,34.6349983215332,34.38999938964844,34.6349983215332,1426576
2023-09-21 13:30:00+00:00,33.94499969482422,34.277801513671875,33.77000045776367,34.17499923706055,2435124
2023-09-21 14:30:00+00:00,33.875,33.95000076293945,33.70000076293945,33.94499969482422,1280127
2023-09-21 15:30:00+00:00,33.65999984741211,34.02000045776367,33.59000015258789,33.869998931884766,1316160
2023-09-21 16:30:00+00:00,33.56999969482422,33.709999084472656,33.470001220703125,33.65409851074219,1073685
2023-09-21 17:30:00+00:00,33.42499923706055,33.625,33.41999816894531,33.560001373291016,980032
2023-09-21 18:30:00+00:00,33.439998626708984,33.54999923706055,33.36750030517578,33.43000030517578,1255547
2023-09-21 19:30:00+00:00,33.45000076293945,33.54999923706055,33.40999984741211,33.44499969482422,1679889
2023-09-22 13:30:00+00:00,33.349998474121094,33.59000015258789,33.20000076293945,33.45000076293945,1480067
2023-09-22 14:30:00+00:00,33.400001525878906,33.46500015258789,33.275001525878906,33.36000061035156,1849445
2023-09-22 15:30:00+00:00,33.46500015258789,33.59000015258789,33.369998931884766,33.400001525878906,868234
2023-09-22 16:30:00+00:00,33.5,33.59000015258789,33.45000076293945,33.459999084472656,840748
2023-09-22 17:30:00+00:00,33.40999984741211,33.52000045776367,33.3650016784668,33.4900016784668,1036347
2023-09-22 18:30:00+00:00,33.59000015258789,33.630001068115234,33.38999938964844,33.40999984741211,795297
2023-09-22 19:30:00+00:00,33.380001068115234,33.599998474121094,33.33000183105469,33.595001220703125,1918721
2023-09-25 13:30:00+00:00,33.40999984741211,33.470001220703125,33.02000045776367,33.209999084472656,1475873
2023-09-25 14:30:00+00:00,33.4900016784668,33.584999084472656,33.29999923706055,33.40999984741211,868259
2023-09-25 15:30:00+00:00,33.53499984741211,33.58000183105469,33.415000915527344,33.48500061035156,865067
2023-09-25 16:30:00+00:00,33.415000915527344,33.58000183105469,33.369998931884766,33.53499984741211,1151870
2023-09-25 17:30:00+00:00,33.595001220703125,33.68000030517578,33.38999938964844,33.40999984741211,1283499
2023-09-25 18:30:00+00:00,33.560001373291016,33.6150016784668,33.42499923706055,33.595001220703125,884563
2023-09-25 19:30:00+00:00,33.59000015258789,33.65999984741211,33.529998779296875,33.55799865722656,1254151
2023-09-26 13:30:00+00:00,33.400001525878906,33.5099983215332,33.20000076293945,33.209999084472656,1035799
2023-09-26 14:30:00+00:00,33.08000183105469,33.40999984741211,33.08000183105469,33.40999984741211,935722
2023-09-26 15:30:00+00:00,33.150001525878906,33.17499923706055,32.9900016784668,33.08000183105469,659996
2023-09-26 16:30:00+00:00,32.875,33.18000030517578,32.869998931884766,33.15399932861328,944566
2023-09-26 17:30:00+00:00,32.755001068115234,32.89950180053711,32.7400016784668,32.869998931884766,1058059
2023-09-26 18:30:00+00:00,32.904998779296875,32.92499923706055,32.7400016784668,32.75,1264183
2023-09-26 19:30:00+00:00,33.02000045776367,33.04999923706055,32.89250183105469,32.904998779296875,1880973
2023-09-27 13:30:00+00:00,32.89149856567383,33.165000915527344,32.60499954223633,33.13999938964844,1488103
2023-09-27 14:30:00+00:00,32.9099006652832,32.935001373291016,32.7599983215332,32.8911018371582,975584
2023-09-27 15:30:00+00:00,32.599998474121094,32.97999954223633,32.59000015258789,32.90250015258789,1032911
2023-09-27 16:30:00+00:00,32.375,32.83000183105469,32.369998931884766,32.599998474121094,1507979
2023-09-27 17:30:00+00:00,32.57500076293945,32.58000183105469,32.2599983215332,32.369998931884766,1892372
2023-09-27 18:30:00+00:00,32.53499984741211,32.70500183105469,32.47999954223633,32.58000183105469,1529213
2023-09-27 19:30:00+00:00,32.52000045776367,32.53499984741211,32.31999969482422,32.529998779296875,2083880
2023-09-28 13:30:00+00:00,32.15999984741211,32.400001525878906,32.040000915527344,32.099998474121094,1316622
2023-09-28 14:30:00+00:00,32.60499954223633,32.61000061035156,32.06999969482422,32.165000915527344,1053334
2023-09-28 15:30:00+00:00,32.595001220703125,32.790000915527344,32.4900016784668,32.60499954223633,1163000
2023-09-28 16:30:00+00:00,32.47629928588867,32.630001068115234,32.43000030517578,32.595001220703125,786628
2023-09-28 17:30:00+00:00,32.665000915527344,32.70000076293945,32.42499923706055,32.470001220703125,834583
2023-09-28 18:30:00+00:00,32.69499969482422,32.7400016784668,32.505001068115234,32.66849899291992,937459
2023-09-28 19:30:00+00:00,32.470001220703125,32.70000076293945,32.400001525878906,32.69499969482422,1396748
2023-09-29 13:30:00+00:00,33.13999938964844,33.275001525878906,32.54999923706055,32.560001373291016,1723352
2023-09-29 14:30:00+00:00,33.31999969482422,33.47999954223633,33.11000061035156,33.13999938964844,1039272
2023-09-29 15:30:00+00:00,33.345001220703125,33.52000045776367,33.21500015258789,33.31999969482422,1195129
2023-09-29 16:30:00+00:00,33.060001373291016,33.36000061035156,32.904998779296875,33.345001220703125,1097832
2023-09-29 17:30:00+00:00,33.02000045776367,33.09000015258789,32.8849983215332,33.04999923706055,1152315
2023-09-29 18:30:00+00:00,33.029998779296875,33.18000030517578,32.95000076293945,33.02000045776367,1195788
2023-09-29 19:30:00+00:00,33.07500076293945,33.25,32.939998626708984,33.02000045776367,1920284
2023-10-02 13:30:00+00:00,32.4900016784668,33.0099983215332,32.40999984741211,32.619998931884766,1611486
2023-10-02 14:30:00+00:00,32.220001220703125,32.5,32.09000015258789,32.494998931884766,1229860
2023-10-02 15:30:00+00:00,32.14500045776367,32.31999969482422,32.025001525878906,32.220001220703125,877272
2023-10-02 16:30:00+00:00,32.154998779296875,32.20000076293945,32.060001373291016,32.13999938964844,620314
2023-10-02 17:30:00+00:00,32.02000045776367,32.26499938964844,32.0099983215332,32.154998779296875,753310
2023-10-02 18:30:00+00:00,32.04499816894531,32.10499954223633,31.989999771118164,32.01499938964844,983868
2023-10-02 19:30:00+00:00,32.14500045776367,32.20000076293945,32.029998779296875,32.04499816894531,1632406
2023-10-03 13:30:00+00:00,31.545000076293945,31.93000030517578,31.3700008392334,31.88999938964844,2475593
2023-10-03 14:30:00+00:00,31.489999771118164,31.655000686645508,31.399999618530277,31.540000915527344,1245000
2023-10-03 15:30:00+00:00,31.51499938964844,31.549999237060547,31.299999237060547,31.489999771118164,1017248
2023-10-03 16:30:00+00:00,31.46999931335449,31.53499984741211,31.399999618530277,31.520000457763672,744384
2023-10-03 17:30:00+00:00,31.270000457763672,31.46999931335449,31.26000022888184,31.46999931335449,777451
2023-10-03 18:30:00+00:00,31.229999542236328,31.45499992370605,31.210100173950195,31.274999618530277,1150723
2023-10-03 19:30:00+00:00,31.350000381469727,31.395000457763672,31.200199127197266,31.229999542236328,1661989
2023-10-04 13:30:00+00:00,30.96269989013672,31.540000915527344,30.88999938964844,31.399999618530277,1347879
2023-10-04 14:30:00+00:00,31.200000762939453,31.21999931335449,30.8799991607666,30.959999084472656,1114263
2023-10-04 15:30:00+00:00,31.32999992370605,31.399999618530277,31.09000015258789,31.200000762939453,1046255
2023-10-04 16:30:00+00:00,31.13940048217773,31.40999984741211,31.11000061035156,31.32999992370605,955842
2023-10-04 17:30:00+00:00,30.989999771118164,31.145000457763672,30.924999237060547,31.1382999420166,1372949
2023-10-04 18:30:00+00:00,31.15999984741211,31.21999931335449,30.962499618530277,30.989999771118164,1751440
2023-10-04 19:30:00+00:00,31.209999084472656,31.34510040283203,31.15999984741211,31.15999984741211,1938109
2023-10-05 13:30:00+00:00,31.38999938964844,31.43000030517578,30.6299991607666,31.0,1819492
2023-10-05 14:30:00+00:00,31.155000686645508,31.420000076293945,31.07999992370605,31.3799991607666,1325380
2023-10-05 15:30:00+00:00,31.26000022888184,31.280000686645508,31.100000381469727,31.149999618530277,1325186
2023-10-05 16:30:00+00:00,31.40999984741211,31.40999984741211,31.200000762939453,31.270000457763672,556010
2023-10-05 17:30:00+00:00,31.81999969482422,31.86000061035156,31.3700008392334,31.40999984741211,1503308
2023-10-05 18:30:00+00:00,31.815000534057617,31.920000076293945,31.700000762939453,31.81999969482422,1245558
2023-10-05 19:30:00+00:00,31.8799991607666,31.88999938964844,31.76499938964844,31.815000534057617,1716006
2023-10-06 13:30:00+00:00,31.34499931335449,31.549999237060547,31.09499931335449,31.540000915527344,1998251
2023-10-06 14:30:00+00:00,31.73500061035156,31.770000457763672,31.239999771118164,31.34499931335449,1396009
2023-10-06 15:30:00+00:00,31.88500022888184,32.189998626708984,31.684999465942383,31.739999771118164,1059759
2023-10-06 16:30:00+00:00,31.913799285888672,31.96999931335449,31.78499984741211,31.88909912109375,750353
2023-10-06 17:30:00+00:00,32.07500076293945,32.07500076293945,31.8799991607666,31.920000076293945,879849
2023-10-06 18:30:00+00:00,31.980100631713867,32.130001068115234,31.8799991607666,32.08000183105469,1168836
2023-10-06 19:30:00+00:00,31.850000381469727,32.02000045776367,31.850000381469727,31.98500061035156,1024193
2023-10-09 13:30:00+00:00,31.604999542236328,32.029998779296875,31.450000762939453,31.59000015258789,1100229
2023-10-09 14:30:00+00:00,31.82999992370605,31.849899291992188,31.520000457763672,31.61000061035156,926680
2023-10-09 15:30:00+00:00,31.565000534057617,31.86000061035156,31.540000915527344,31.834999084472656,709225
2023-10-09 16:30:00+00:00,31.709999084472656,31.729999542236328,31.540000915527344,31.565000534057617,661038
2023-10-09 17:30:00+00:00,32.005001068115234,32.0098991394043,31.709999084472656,31.71999931335449,714541
2023-10-09 18:30:00+00:00,31.974899291992188,32.150001525878906,31.940000534057617,32.0099983215332,1271867
2023-10-09 19:30:00+00:00,32.0099983215332,32.01499938964844,31.86000061035156,31.975000381469727,1165270
2023-10-10 13:30:00+00:00,32.7599983215332,32.95000076293945,32.33000183105469,32.47999954223633,2482586
2023-10-10 14:30:00+00:00,32.665000915527344,32.810001373291016,32.54999923706055,32.75,1057084
2023-10-10 15:30:00+00:00,32.8572998046875,32.880001068115234,32.63999938964844,32.665000915527344,888003
2023-10-10 16:30:00+00:00,32.8650016784668,32.90999984741211,32.709999084472656,32.85499954223633,812055
2023-10-10 17:30:00+00:00,32.6150016784668,32.900001525878906,32.52000045776367,32.869998931884766,1082436
2023-10-10 18:30:00+00:00,32.470001220703125,32.75,32.46500015258789,32.619998931884766,1106979
2023-10-10 19:30:00+00:00,32.58000183105469,32.61000061035156,32.44499969482422,32.470001220703125,1286769
2023-10-11 13:30:00+00:00,32.83000183105469,33.095001220703125,32.59000015258789,32.59000015258789,1440359
2023-10-11 14:30:00+00:00,32.54999923706055,32.8650016784668,32.41999816894531,32.83000183105469,809504
2023-10-11 15:30:00+00:00,32.404998779296875,32.59000015258789,32.375,32.54499816894531,648615
2023-10-11 16:30:00+00:00,32.38999938964844,32.474998474121094,32.36000061035156,32.400001525878906,591918
2023-10-11 17:30:00+00:00,32.56999969482422,32.63999938964844,32.30500030517578,32.38999938964844,1095170
2023-10-11 18:30:00+00:00,32.5099983215332,32.630001068115234,32.459999084472656,32.57500076293945,936106
2023-10-11 19:30:00+00:00,32.5099983215332,32.529998779296875,32.435001373291016,32.5,1472494
2023-10-12 13:30:00+00:00,32.32500076293945,32.61000061035156,32.099998474121094,32.540000915527344,1518058
2023-10-12 14:30:00+00:00,32.560001373291016,32.57500076293945,32.310001373291016,32.31999969482422,1076891
2023-10-12 15:30:00+00:00,32.69499969482422,32.7599983215332,32.2599983215332,32.564998626708984,921831
2023-10-12 16:30:00+00:00,32.421199798583984,32.72999954223633,32.421199798583984,32.69070053100586,1223711
2023-10-12 17:30:00+00:00,32.119998931884766,32.470001220703125,31.93000030517578,32.41999816894531,1524038
2023-10-12 18:30:00+00:00,32.185001373291016,32.310001373291016,32.09000015258789,32.119998931884766,1132015
2023-10-12 19:30:00+00:00,32.25,32.30500030517578,32.15999984741211,32.185001373291016,1388259
2023-10-13 13:30:00+00:00,32.251800537109375,32.88999938964844,32.22999954223633,32.529998779296875,1950623
2023-10-13 14:30:00+00:00,32.381500244140625,32.5,32.22999954223633,32.255001068115234,1215492
2023-10-13 15:30:00+00:00,32.27000045776367,32.38999938964844,32.189998626708984,32.380001068115234,979989
2023-10-13 16:30:00+00:00,31.899999618530277,32.310001373291016,31.88999938964844,32.275001525878906,962533
2023-10-13 17:30:00+00:00,32.21500015258789,32.224998474121094,31.881200790405277,31.88999938964844,1451867
2023-10-13 18:30:00+00:00,32.11000061035156,32.310001373291016,32.09000015258789,32.209999084472656,1717154
2023-10-13 19:30:00+00:00,32.18000030517578,32.20500183105469,32.09000015258789,32.1150016784668,1591535
2023-10-16 13:30:00+00:00,32.51499938964844,32.689998626708984,31.950000762939453,32.58000183105469,2233677
2023-10-16 14:30:00+00:00,32.56060028076172,32.665000915527344,32.474998474121094,32.52000045776367,1030136
2023-10-16 15:30:00+00:00,32.75,32.76499938964844,32.459999084472656,32.55500030517578,1086855
2023-10-16 16:30:00+00:00,32.54999923706055,32.77000045776367,32.369998931884766,32.7400016784668,1186704
2023-10-16 17:30:00+00:00,32.494998931884766,32.61000061035156,32.48500061035156,32.54499816894531,796967
2023-10-16 18:30:00+00:00,32.61000061035156,32.619998931884766,32.44499969482422,32.494998931884766,755028
2023-10-16 19:30:00+00:00,32.630001068115234,32.68000030517578,32.54999923706055,32.6150016784668,1302861
2023-10-17 13:30:00+00:00,32.75,33.040000915527344,32.41999816894531,32.459999084472656,1868044
2023-10-17 14:30:00+00:00,33.15999984741211,33.22999954223633,32.70500183105469,32.75,1427097
2023-10-17 15:30:00+00:00,33.560001373291016,33.564998626708984,33.150001525878906,33.154998779296875,1710382
2023-10-17 16:30:00+00:00,33.404998779296875,33.57500076293945,33.31010055541992,33.55500030517578,1919034
2023-10-17 17:30:00+00:00,33.334999084472656,33.415000915527344,33.15999984741211,33.404998779296875,2196017
2023-10-17 18:30:00+00:00,34.97999954223633,36.209999084472656,33.29999923706055,33.34000015258789,18633475
2023-10-17 19:30:00+00:00,34.8650016784668,35.119998931884766,34.779998779296875,34.9900016784668,6442705
2023-10-18 13:30:00+00:00,33.8849983215332,35.29999923706055,33.66999816894531,34.65999984741211,6175773
2023-10-18 14:30:00+00:00,33.733001708984375,34.400001525878906,33.28499984741211,33.880001068115234,2953097
2023-10-18 15:30:00+00:00,33.744998931884766,33.83000183105469,33.41999816894531,33.73500061035156,1993085
2023-10-18 16:30:00+00:00,33.7599983215332,33.970001220703125,33.494998931884766,33.7401008605957,1942739
2023-10-18 17:30:00+00:00,33.71799850463867,33.959999084472656,33.630001068115234,33.7599983215332,1872950
2023-10-18 18:30:00+00:00,33.42499923706055,33.82989883422852,33.38999938964844,33.71500015258789,2098006
2023-10-18 19:30:00+00:00,33.38999938964844,33.540000915527344,33.3025016784668,33.43000030517578,3898100
2023-10-19 13:30:00+00:00,33.209999084472656,33.709999084472656,32.970001220703125,33.31999969482422,2843357
2023-10-19 14:30:00+00:00,33.334999084472656,33.55500030517578,33.119998931884766,33.20500183105469,1787153
2023-10-19 15:30:00+00:00,33.49909973144531,33.625,33.21500015258789,33.349998474121094,1607646
2023-10-19 16:30:00+00:00,33.494998931884766,33.630001068115234,33.13999938964844,33.5,1624357
2023-10-19 17:30:00+00:00,33.244998931884766,33.59000015258789,33.211299896240234,33.59000015258789,1317424
2023-10-19 18:30:00+00:00,32.76499938964844,33.24919891357422,32.724998474121094,33.24919891357422,2125135
2023-10-19 19:30:00+00:00,32.7400016784668,32.92499923706055,32.73500061035156,32.77000045776367,2478120
2023-10-20 13:30:00+00:00,31.4950008392334,32.83000183105469,31.239999771118164,32.619998931884766,3362956
2023-10-20 14:30:00+00:00,31.459999084472656,31.69499969482422,31.399999618530277,31.489999771118164,2224664
2023-10-20 15:30:00+00:00,31.354999542236328,31.71500015258789,31.325000762939453,31.45499992370605,2081381
2023-10-20 16:30:00+00:00,31.28499984741211,31.415000915527344,31.11000061035156,31.350000381469727,2384702
2023-10-20 17:30:00+00:00,31.045000076293945,31.315000534057617,31.01000022888184,31.290000915527344,1760949
2023-10-20 18:30:00+00:00,30.934999465942383,31.13999938964844,30.899999618530277,31.040000915527344,1909282
2023-10-20 19:30:00+00:00,30.920000076293945,31.01000022888184,30.790000915527344,30.940000534057617,3054830
2023-10-23 13:30:00+00:00,31.1200008392334,31.375,30.65999984741211,30.940000534057617,2698665
2023-10-23 14:30:00+00:00,31.31170082092285,31.43000030517578,31.082000732421875,31.11000061035156,1878319
2023-10-23 15:30:00+00:00,31.489999771118164,31.604999542236328,31.299999237060547,31.309999465942383,1281709
2023-10-23 16:30:00+00:00,31.524999618530277,31.65999984741211,31.415000915527344,31.489999771118164,1374212
2023-10-23 17:30:00+00:00,31.614999771118164,31.68000030517578,31.5,31.520000457763672,1462770
2023-10-23 18:30:00+00:00,31.274999618530277,31.76000022888184,31.23500061035156,31.6200008392334,2277744
2023-10-23 19:30:00+00:00,31.26000022888184,31.32999992370605,31.190000534057617,31.270000457763672,2609993
2023-10-24 13:30:00+00:00,31.3799991607666,31.57999992370605,31.030000686645508,31.40999984741211,1944734
2023-10-24 14:30:00+00:00,30.88999938964844,31.375,30.78009986877441,31.375,2257826
2023-10-24 15:30:00+00:00,31.07999992370605,31.290000915527344,30.8799991607666,30.88999938964844,1986641
2023-10-24 16:30:00+00:00,31.38999938964844,31.38999938964844,31.05500030517578,31.07999992370605,1238536
2023-10-24 17:30:00+00:00,31.38999938964844,31.434999465942383,31.280000686645508,31.395000457763672,1248050
2023-10-24 18:30:00+00:00,31.3799991607666,31.45499992370605,31.32999992370605,31.38999938964844,1504638
2023-10-24 19:30:00+00:00,31.3700008392334,31.43000030517578,31.26000022888184,31.38999938964844,2233773
2023-10-25 13:30:00+00:00,30.809999465942383,31.290000915527344,30.70499992370605,31.07999992370605,1861500
2023-10-25 14:30:00+00:00,31.027999877929688,31.07999992370605,30.670000076293945,30.799999237060547,1537379
2023-10-25 15:30:00+00:00,30.920000076293945,31.100000381469727,30.84000015258789,31.020000457763672,1178728
2023-10-25 16:30:00+00:00,31.01499938964844,31.09000015258789,30.770000457763672,30.920000076293945,1328128
2023-10-25 17:30:00+00:00,31.290000915527344,31.309999465942383,30.94499969482422,31.01000022888184,1506294
2023-10-25 18:30:00+00:00,31.38999938964844,31.56999969482422,31.229999542236328,31.290000915527344,2496080
2023-10-25 19:30:00+00:00,31.299999237060547,31.420000076293945,31.270000457763672,31.38999938964844,1552141
2023-10-26 13:30:00+00:00,32.06999969482422,32.150001525878906,31.239999771118164,31.34000015258789,2046527
2023-10-26 14:30:00+00:00,32.04999923706055,32.290000915527344,31.920000076293945,32.06999969482422,1644320
2023-10-26 15:30:00+00:00,31.770000457763672,32.244998931884766,31.690000534057617,32.04999923706055,3434506
2023-10-26 16:30:00+00:00,31.76000022888184,31.989999771118164,31.7106990814209,31.76499938964844,1466419
2023-10-26 17:30:00+00:00,31.989999771118164,32.02000045776367,31.614999771118164,31.75,924229
2023-10-26 18:30:00+00:00,31.875,32.220001220703125,31.875,31.98500061035156,1637462
2023-10-26 19:30:00+00:00,31.770000457763672,31.877500534057617,31.649999618530277,31.877500534057617,3329146
2023-10-27 13:30:00+00:00,31.01000022888184,31.6200008392334,30.86000061035156,31.299999237060547,2246817
2023-10-27 14:30:00+00:00,31.170000076293945,31.2450008392334,30.920900344848636,31.01499938964844,1039341
2023-10-27 15:30:00+00:00,30.90999984741211,31.15999984741211,30.88999938964844,31.15999984741211,917036
2023-10-27 16:30:00+00:00,30.65999984741211,30.979999542236328,30.59000015258789,30.90999984741211,1115230
2023-10-27 17:30:00+00:00,30.57999992370605,30.71579933166504,30.489999771118164,30.65999984741211,930089
2023-10-27 18:30:00+00:00,30.69129943847656,30.709999084472656,30.46999931335449,30.57999992370605,1521259
2023-10-27 19:30:00+00:00,30.63999938964844,30.725000381469727,30.56999969482422,30.69499969482422,1763369
2023-10-30 13:30:00+00:00,30.795000076293945,31.26000022888184,30.58989906311035,30.959999084472656,1362717
2023-10-30 14:30:00+00:00,30.93000030517578,30.9950008392334,30.71999931335449,30.79990005493164,1077890
2023-10-30 15:30:00+00:00,30.93000030517578,31.0,30.850000381469727,30.934999465942383,1113471
2023-10-30 16:30:00+00:00,31.200000762939453,31.21999931335449,30.850000381469727,30.93000030517578,946184
2023-10-30 17:30:00+00:00,31.084800720214844,31.229999542236328,31.049999237060547,31.200000762939453,983593
2023-10-30 18:30:00+00:00,31.21999931335449,31.280000686645508,31.065000534057617,31.084999084472656,1126598
2023-10-30 19:30:00+00:00,31.309999465942383,31.32999992370605,31.18000030517578,31.225000381469727,1813026
2023-10-31 13:30:00+00:00,31.11000061035156,31.59000015258789,30.8799991607666,31.450000762939453,1891192
2023-10-31 14:30:00+00:00,31.36000061035156,31.424999237060547,31.104999542236328,31.11000061035156,992489
2023-10-31 15:30:00+00:00,31.424999237060547,31.540000915527344,31.290000915527344,31.3700008392334,1239270
2023-10-31 16:30:00+00:00,31.48500061035156,31.48500061035156,31.34000015258789,31.43000030517578,724053
2023-10-31 17:30:00+00:00,31.584999084472656,31.6299991607666,31.43000030517578,31.48500061035156,1108036
2023-10-31 18:30:00+00:00,31.795000076293945,31.795000076293945,31.559999465942383,31.584999084472656,1426009
2023-10-31 19:30:00+00:00,31.8799991607666,31.88999938964844,31.665000915527344,31.795000076293945,2722387
2023-11-01 13:30:00+00:00,31.895000457763672,32.019901275634766,31.6200008392334,31.8700008392334,1488231
2023-11-01 14:30:00+00:00,31.88999938964844,32.0099983215332,31.80500030517578,31.88999938964844,1103580
2023-11-01 15:30:00+00:00,31.899999618530277,32.06999969482422,31.865100860595703,31.88999938964844,930178
2023-11-01 16:30:00+00:00,31.59499931335449,31.915000915527344,31.559999465942383,31.899999618530277,4212878
2023-11-01 17:30:00+00:00,31.565000534057617,31.75,31.479999542236328,31.600000381469727,942257
2023-11-01 18:30:00+00:00,31.850000381469727,31.95499992370605,31.405000686645508,31.559999465942383,1931156
2023-11-01 19:30:00+00:00,31.86000061035156,31.899999618530277,31.795000076293945,31.84000015258789,2085567
2023-11-02 13:30:00+00:00,33.20500183105469,33.2400016784668,32.38999938964844,32.43000030517578,2585101
2023-11-02 14:30:00+00:00,33.540000915527344,33.6150016784668,33.209999084472656,33.213401794433594,2175077
2023-11-02 15:30:00+00:00,33.73500061035156,33.875,33.51499938964844,33.540000915527344,1519415
2023-11-02 16:30:00+00:00,33.85499954223633,33.9900016784668,33.73500061035156,33.73500061035156,1255983
2023-11-02 17:30:00+00:00,33.900001525878906,34.099998474121094,33.834999084472656,33.85499954223633,1217391
2023-11-02 18:30:00+00:00,34.21500015258789,34.224998474121094,33.8849983215332,33.900299072265625,1898707
2023-11-02 19:30:00+00:00,34.34000015258789,34.34000015258789,34.16999816894531,34.21500015258789,2777584
2023-11-03 13:30:00+00:00,35.34000015258789,35.61000061035156,35.15999984741211,35.310001373291016,2544584
2023-11-03 14:30:00+00:00,35.5099983215332,35.619998931884766,35.27000045776367,35.33000183105469,1720514
2023-11-03 15:30:00+00:00,35.42499923706055,35.6150016784668,35.345001220703125,35.52000045776367,1133985
2023-11-03 16:30:00+00:00,35.70000076293945,35.709999084472656,35.40999984741211,35.43000030517578,1452902
2023-11-03 17:30:00+00:00,35.775001525878906,35.779998779296875,35.59000015258789,35.70000076293945,1198389
2023-11-03 18:30:00+00:00,35.724998474121094,35.86000061035156,35.69499969482422,35.779998779296875,1353989
2023-11-03 19:30:00+00:00,35.4900016784668,35.73500061035156,35.474998474121094,35.720001220703125,2170135
2023-11-06 14:30:00+00:00,35.154998779296875,35.84000015258789,35.090999603271484,35.650001525878906,1685664
2023-11-06 15:30:00+00:00,35.35499954223633,35.44499969482422,35.130001068115234,35.150001525878906,1031324
2023-11-06 16:30:00+00:00,35.21500015258789,35.38999938964844,35.18009948730469,35.36000061035156,689974
2023-11-06 17:30:00+00:00,35.19499969482422,35.28499984741211,35.06999969482422,35.209999084472656,653472
2023-11-06 18:30:00+00:00,35.150001525878906,35.22999954223633,35.03499984741211,35.19499969482422,708820
2023-11-06 19:30:00+00:00,35.244998931884766,35.279998779296875,35.13999938964844,35.154998779296875,714483
2023-11-06 20:30:00+00:00,35.279998779296875,35.33000183105469,35.154998779296875,35.244998931884766,1145690
2023-11-07 14:30:00+00:00,35.009700775146484,35.15999984741211,34.92499923706055,35.09000015258789,1041000
2023-11-07 15:30:00+00:00,34.88999938964844,35.06999969482422,34.810001373291016,34.99089813232422,920982
2023-11-07 16:30:00+00:00,34.93320083618164,34.974998474121094,34.845001220703125,34.8849983215332,443186
2023-11-07 17:30:00+00:00,34.76499938964844,34.970001220703125,34.654998779296875,34.93000030517578,971446
2023-11-07 18:30:00+00:00,34.849998474121094,34.900001525878906,34.76499938964844,34.77000045776367,588304
2023-11-07 19:30:00+00:00,34.93000030517578,34.970001220703125,34.78499984741211,34.85150146484375,710629
2023-11-07 20:30:00+00:00,34.81999969482422,34.959999084472656,34.77360153198242,34.92499923706055,1023760
2023-11-08 14:30:00+00:00,34.665000915527344,34.90999984741211,34.41999816894531,34.849998474121094,799103
2023-11-08 15:30:00+00:00,34.709999084472656,34.84000015258789,34.599998474121094,34.665000915527344,525580
2023-11-08 16:30:00+00:00,34.619998931884766,34.79999923706055,34.57500076293945,34.70000076293945,674110
2023-11-08 17:30:00+00:00,34.619998931884766,34.63999938964844,34.494998931884766,34.619998931884766,518160
2023-11-08 18:30:00+00:00,34.595001220703125,34.685001373291016,34.57500076293945,34.6150016784668,630622
2023-11-08 19:30:00+00:00,34.45500183105469,34.61000061035156,34.380001068115234,34.595001220703125,968294
2023-11-08 20:30:00+00:00,34.5,34.654998779296875,34.415000915527344,34.45000076293945,1464238
2023-11-09 14:30:00+00:00,34.630001068115234,34.880001068115234,34.439998626708984,34.7400016784668,773737
2023-11-09 15:30:00+00:00,34.540000915527344,34.66999816894531,34.494998931884766,34.630001068115234,732461
2023-11-09 16:30:00+00:00,34.53499984741211,34.61000061035156,34.38999938964844,34.540000915527344,622459
2023-11-09 17:30:00+00:00,34.279998779296875,34.63999938964844,34.25,34.535499572753906,817640
2023-11-09 18:30:00+00:00,33.915000915527344,34.279998779296875,33.869998931884766,34.279998779296875,891506
2023-11-09 19:30:00+00:00,33.900001525878906,34.0099983215332,33.80500030517578,33.915000915527344,968080
2023-11-09 20:30:00+00:00,33.91999816894531,33.959999084472656,33.81999969482422,33.904998779296875,1299265
2023-11-10 14:30:00+00:00,33.79999923706055,34.18000030517578,33.69499969482422,34.18000030517578,959002
2023-11-10 15:30:00+00:00,33.95000076293945,33.98500061035156,33.71110153198242,33.790000915527344,619239
2023-11-10 16:30:00+00:00,33.959999084472656,34.01499938964844,33.810001373291016,33.94499969482422,407110
2023-11-10 17:30:00+00:00,34.13999938964844,34.19499969482422,33.93470001220703,33.959999084472656,509787
2023-11-10 18:30:00+00:00,34.1349983215332,34.2400016784668,34.095001220703125,34.13999938964844,594007
2023-11-10 19:30:00+00:00,34.185001373291016,34.189998626708984,34.04999923706055,34.1349983215332,608818
2023-11-10 20:30:00+00:00,34.220001220703125,34.290000915527344,34.15999984741211,34.189998626708984,998868
2023-11-13 14:30:00+00:00,34.040000915527344,34.220001220703125,33.61000061035156,34.029998779296875,844831
2023-11-13 15:30:00+00:00,34.18000030517578,34.189998626708984,33.935001373291016,34.029998779296875,716101
2023-11-13 16:30:00+00:00,34.22999954223633,34.25,34.064998626708984,34.18000030517578,803723
2023-11-13 17:30:00+00:00,34.025001525878906,34.22610092163086,34.005001068115234,34.220001220703125,474000
2023-11-13 18:30:00+00:00,33.92499923706055,34.09000015258789,33.89500045776367,34.02000045776367,618557
2023-11-13 19:30:00+00:00,34.0,34.05500030517578,33.911399841308594,33.93000030517578,760399
2023-11-13 20:30:00+00:00,33.9900016784668,34.04999923706055,33.95000076293945,34.005001068115234,928871
2023-11-14 14:30:00+00:00,36.11000061035156,36.13999938964844,35.02000045776367,35.20000076293945,2423070
2023-11-14 15:30:00+00:00,36.52999877929688,36.57500076293945,36.005001068115234,36.09999847412109,1287101
2023-11-14 16:30:00+00:00,36.40999984741211,36.52999877929688,36.25,36.52999877929688,1185786
2023-11-14 17:30:00+00:00,36.244998931884766,36.44990158081055,36.209999084472656,36.400001525878906,902258
2023-11-14 18:30:00+00:00,36.149898529052734,36.290000915527344,35.97999954223633,36.25,967940
2023-11-14 19:30:00+00:00,36.30500030517578,36.35499954223633,36.13999938964844,36.150001525878906,1526057
2023-11-14 20:30:00+00:00,36.15999984741211,36.34000015258789,36.09999847412109,36.310001373291016,1847673
2023-11-15 14:30:00+00:00,36.86000061035156,36.97499847412109,36.209999084472656,36.209999084472656,2062122
2023-11-15 15:30:00+00:00,37.01499938964844,37.09999847412109,36.834999084472656,36.869998931884766,1449906
2023-11-15 16:30:00+00:00,36.95880126953125,37.0099983215332,36.75,37.0099983215332,740370
2023-11-15 17:30:00+00:00,36.89500045776367,37.01499938964844,36.79090118408203,36.959999084472656,674340
2023-11-15 18:30:00+00:00,37.01499938964844,37.03499984741211,36.78010177612305,36.88999938964844,940762
2023-11-15 19:30:00+00:00,37.23500061035156,37.2400016784668,36.970001220703125,37.02000045776367,1551673
2023-11-15 20:30:00+00:00,37.18000030517578,37.31999969482422,37.18000030517578,37.2400016784668,3105494
2023-11-16 14:30:00+00:00,37.03499984741211,37.380001068115234,36.869998931884766,37.04999923706055,1290618
2023-11-16 15:30:00+00:00,36.98429870605469,37.098899841308594,36.83000183105469,37.02999877929688,1412899
2023-11-16 16:30:00+00:00,36.94499969482422,37.11000061035156,36.755001068115234,36.985801696777344,1194137
2023-11-16 17:30:00+00:00,37.130001068115234,37.18999862670898,36.94010162353516,36.94010162353516,788128
2023-11-16 18:30:00+00:00,37.11000061035156,37.2400016784668,37.06499862670898,37.130001068115234,949290
2023-11-16 19:30:00+00:00,37.26499938964844,37.310001373291016,37.09000015258789,37.09999847412109,1314379
2023-11-16 20:30:00+00:00,37.310001373291016,37.345001220703125,37.209999084472656,37.27000045776367,1655791
2023-11-17 14:30:00+00:00,37.584999084472656,37.790000915527344,37.36000061035156,37.65999984741211,1586914
2023-11-17 15:30:00+00:00,37.59999847412109,37.73500061035156,37.48500061035156,37.59000015258789,726778
2023-11-17 16:30:00+00:00,37.625,37.709999084472656,37.56100082397461,37.595001220703125,641541
2023-11-17 17:30:00+00:00,37.650001525878906,37.709999084472656,37.6150016784668,37.630001068115234,836605
2023-11-17 18:30:00+00:00,37.63999938964844,37.744998931884766,37.60269927978516,37.65999984741211,733159
2023-11-17 19:30:00+00:00,37.62020111083984,37.65999984741211,37.540000915527344,37.6349983215332,980562
2023-11-17 20:30:00+00:00,37.63999938964844,37.68999862670898,37.56999969482422,37.625,1728203
2023-11-20 14:30:00+00:00,37.619998931884766,37.650001525878906,37.22990036010742,37.52999877929688,869249
2023-11-20 15:30:00+00:00,37.685001373291016,37.72999954223633,37.494998931884766,37.60499954223633,644414
2023-11-20 16:30:00+00:00,37.56999969482422,37.70000076293945,37.525001525878906,37.685001373291016,681089
2023-11-20 17:30:00+00:00,37.595001220703125,37.67499923706055,37.46500015258789,37.56999969482422,520252
2023-11-20 18:30:00+00:00,37.72499847412109,37.79999923706055,37.59999847412109,37.59999847412109,555883
2023-11-20 19:30:00+00:00,37.84000015258789,37.84999847412109,37.71500015258789,37.720001220703125,689199
2023-11-20 20:30:00+00:00,37.630001068115234,37.84000015258789,37.619998931884766,37.84000015258789,1228963
2023-11-21 14:30:00+00:00,37.30500030517578,37.540000915527344,37.0801010131836,37.209999084472656,734585
2023-11-21 15:30:00+00:00,37.43000030517578,37.56999969482422,37.2400016784668,37.310001373291016,663202
2023-11-21 16:30:00+00:00,37.44499969482422,37.525001525878906,37.369998931884766,37.435001373291016,533062
2023-11-21 17:30:00+00:00,37.35499954223633,37.46599960327149,37.31999969482422,37.45500183105469,466824
2023-11-21 18:30:00+00:00,37.27999877929688,37.380001068115234,37.21500015258789,37.34999847412109,434680
2023-11-21 19:30:00+00:00,37.09519958496094,37.27999877929688,37.06499862670898,37.27000045776367,714171
2023-11-21 20:30:00+00:00,37.0099983215332,37.130001068115234,36.9900016784668,37.095001220703125,1602900
2023-11-22 14:30:00+00:00,37.31639862060547,37.380001068115234,36.880001068115234,37.27000045776367,749725
2023-11-22 15:30:00+00:00,37.1150016784668,37.33000183105469,37.09999847412109,37.31240081787109,488159
2023-11-22 16:30:00+00:00,37.13999938964844,37.28499984741211,37.09999847412109,37.119998931884766,448843
2023-11-22 17:30:00+00:00,36.974098205566406,37.20000076293945,36.96099853515625,37.140098571777344,718816
2023-11-22 18:30:00+00:00,36.84999847412109,36.9900016784668,36.84000015258789,36.97999954223633,698137
2023-11-22 19:30:00+00:00,36.775001525878906,36.8650016784668,36.720001220703125,36.8468017578125,1320359
2023-11-22 20:30:00+00:00,36.83000183105469,36.93000030517578,36.7599983215332,36.775001525878906,1233229
2023-11-24 14:30:00+00:00,37.185001373291016,37.18999862670898,36.66999816894531,36.79999923706055,908022
2023-11-24 15:30:00+00:00,37.18000030517578,37.3650016784668,37.119998931884766,37.18999862670898,614952
2023-11-24 16:30:00+00:00,37.08000183105469,37.18999862670898,37.01499938964844,37.17499923706055,408593
2023-11-27 14:30:00+00:00,36.97999954223633,37.0099983215332,36.59000015258789,36.7400016784668,859161
2023-11-27 15:30:00+00:00,36.915000915527344,37.02000045776367,36.81999969482422,36.97999954223633,820469
2023-11-27 16:30:00+00:00,36.86000061035156,36.94499969482422,36.77000045776367,36.91999816894531,563587
2023-11-27 17:30:00+00:00,36.79499816894531,36.89550018310547,36.78499984741211,36.84999847412109,357454
2023-11-27 18:30:00+00:00,36.84000015258789,36.93000030517578,36.78499984741211,36.79499816894531,445894
2023-11-27 19:30:00+00:00,36.83000183105469,36.92620086669922,36.75,36.845001220703125,700692
2023-11-27 20:30:00+00:00,36.790000915527344,36.91899871826172,36.790000915527344,36.82500076293945,1250102
2023-11-28 14:30:00+00:00,36.72499847412109,36.790000915527344,36.494998931884766,36.66999816894531,1108496
2023-11-28 15:30:00+00:00,36.91999816894531,36.970001220703125,36.650001525878906,36.720001220703125,790731
2023-11-28 16:30:00+00:00,36.97499847412109,37.13999938964844,36.89500045776367,36.915000915527344,719873
2023-11-28 17:30:00+00:00,36.915000915527344,36.97499847412109,36.790000915527344,36.97499847412109,713105
2023-11-28 18:30:00+00:00,36.86009979248047,36.935001373291016,36.810001373291016,36.90999984741211,541947
2023-11-28 19:30:00+00:00,37.03499984741211,37.040000915527344,36.8400993347168,36.86000061035156,746113
2023-11-28 20:30:00+00:00,37.04999923706055,37.13999938964844,36.9900016784668,37.03499984741211,1363692
2023-11-29 14:30:00+00:00,37.86000061035156,37.93999862670898,37.2599983215332,37.34999847412109,1392650
2023-11-29 15:30:00+00:00,37.720001220703125,37.9900016784668,37.71500015258789,37.85499954223633,983016
2023-11-29 16:30:00+00:00,37.77999877929688,37.84000015258789,37.68999862670898,37.72499847412109,737490
2023-11-29 17:30:00+00:00,37.9900016784668,38.02000045776367,37.77999877929688,37.78369903564453,607082
2023-11-29 18:30:00+00:00,38.005001068115234,38.10499954223633,37.93999862670898,37.994998931884766,660029
2023-11-29 19:30:00+00:00,37.80500030517578,38.040000915527344,37.77000045776367,38.0099983215332,999072
2023-11-29 20:30:00+00:00,37.79999923706055,37.85900115966797,37.720001220703125,37.80500030517578,1400855
2023-11-30 14:30:00+00:00,38.150001525878906,38.165000915527344,37.67499923706055,38.0,964239
2023-11-30 15:30:00+00:00,38.17499923706055,38.23500061035156,38.0,38.14500045776367,653109
2023-11-30 16:30:00+00:00,38.125,38.22499847412109,38.0,38.16999816894531,722993
2023-11-30 17:30:00+00:00,38.20500183105469,38.28499984741211,38.095001220703125,38.119998931884766,428056
2023-11-30 18:30:00+00:00,38.209999084472656,38.26860046386719,38.06999969482422,38.20500183105469,540834
2023-11-30 19:30:00+00:00,38.1349983215332,38.25,38.130001068115234,38.209999084472656,653043
2023-11-30 20:30:00+00:00,38.13999938964844,38.22999954223633,38.1150016784668,38.13999938964844,1835968
2023-12-01 14:30:00+00:00,38.45000076293945,38.560001373291016,37.84000015258789,37.900001525878906,1124722
2023-12-01 15:30:00+00:00,38.7400016784668,38.77000045776367,38.255001068115234,38.45769882202149,1328446
2023-12-01 16:30:00+00:00,39.2599983215332,39.29999923706055,38.65499877929688,38.744998931884766,1425118
2023-12-01 17:30:00+00:00,39.27999877929688,39.505001068115234,39.22499847412109,39.25,1235670
2023-12-01 18:30:00+00:00,39.400001525878906,39.459999084472656,39.26499938964844,39.27999877929688,1114062
2023-12-01 19:30:00+00:00,39.345001220703125,39.45500183105469,39.25,39.39500045776367,1194275
2023-12-01 20:30:00+00:00,39.380001068115234,39.4900016784668,39.33000183105469,39.345001220703125,1663350
2023-12-04 14:30:00+00:00,39.59999847412109,39.94499969482422,39.209999084472656,39.209999084472656,1449787
2023-12-04 15:30:00+00:00,39.560001373291016,39.65499877929688,39.3849983215332,39.61000061035156,1487551
2023-12-04 16:30:00+00:00,39.5015983581543,39.61000061035156,39.43999862670898,39.560001373291016,860278
2023-12-04 17:30:00+00:00,39.51499938964844,39.630001068115234,39.459999084472656,39.5,1058953
2023-12-04 18:30:00+00:00,39.505001068115234,39.584999084472656,39.47010040283203,39.51499938964844,856200
2023-12-04 19:30:00+00:00,39.380001068115234,39.540000915527344,39.36000061035156,39.5,1322164
2023-12-04 20:30:00+00:00,39.4900016784668,39.5099983215332,39.29999923706055,39.380001068115234,1886937
2023-12-05 14:30:00+00:00,39.290000915527344,39.43000030517578,39.04999923706055,39.2599983215332,2192620
2023-12-05 15:30:00+00:00,39.38999938964844,39.43000030517578,39.13999938964844,39.290000915527344,1240731
2023-12-05 16:30:00+00:00,39.39500045776367,39.43000030517578,39.27259826660156,39.38999938964844,525945
2023-12-05 17:30:00+00:00,39.43999862670898,39.47999954223633,39.27999877929688,39.400001525878906,830255
2023-12-05 18:30:00+00:00,39.56999969482422,39.65999984741211,39.40999984741211,39.43999862670898,615834
2023-12-05 19:30:00+00:00,39.43999862670898,39.59000015258789,39.40999984741211,39.56999969482422,765499
2023-12-05 20:30:00+00:00,39.40999984741211,39.459999084472656,39.33000183105469,39.43999862670898,1290018
2023-12-06 14:30:00+00:00,40.20000076293945,40.34000015258789,39.70000076293945,39.70000076293945,1577971
2023-12-06 15:30:00+00:00,40.084999084472656,40.40999984741211,39.93889999389648,40.209999084472656,1555461
2023-12-06 16:30:00+00:00,39.77000045776367,40.150001525878906,39.709999084472656,40.09000015258789,800831
2023-12-06 17:30:00+00:00,39.76499938964844,39.84999847412109,39.66999816894531,39.77000045776367,676075
2023-12-06 18:30:00+00:00,39.68999862670898,39.81999969482422,39.665000915527344,39.7599983215332,636225
2023-12-06 19:30:00+00:00,39.2400016784668,39.70000076293945,39.209999084472656,39.69499969482422,974132
2023-12-06 20:30:00+00:00,39.08000183105469,39.275001525878906,39.060001373291016,39.22999954223633,1295090
2023-12-07 14:30:00+00:00,39.650001525878906,39.81999969482422,39.11000061035156,39.31999969482422,1343381
2023-12-07 15:30:00+00:00,39.459999084472656,39.665000915527344,39.38029861450195,39.650001525878906,670792
2023-12-07 16:30:00+00:00,39.45500183105469,39.53499984741211,39.369998931884766,39.459999084472656,772847
2023-12-07 17:30:00+00:00,39.69499969482422,39.720001220703125,39.44499969482422,39.459999084472656,743154
2023-12-07 18:30:00+00:00,39.80500030517578,39.900001525878906,39.67499923706055,39.69499969482422,972013
2023-12-07 19:30:00+00:00,39.65499877929688,39.82500076293945,39.630001068115234,39.80500030517578,1129029
2023-12-07 20:30:00+00:00,39.7400016784668,39.7599983215332,39.650001525878906,39.65499877929688,1234461
2023-12-08 14:30:00+00:00,40.369998931884766,40.43000030517578,39.59999847412109,39.77999877929688,1363343
2023-12-08 15:30:00+00:00,40.18000030517578,40.43999862670898,40.095001220703125,40.369998931884766,980148
2023-12-08 16:30:00+00:00,40.29999923706055,40.310001373291016,40.084999084472656,40.18999862670898,739481
2023-12-08 17:30:00+00:00,40.479000091552734,40.51499938964844,40.290000915527344,40.29999923706055,794594
2023-12-08 18:30:00+00:00,40.47999954223633,40.4900016784668,40.30500030517578,40.47999954223633,735966
2023-12-08 19:30:00+00:00,40.5099983215332,40.525001525878906,40.39500045776367,40.4900016784668,792943
2023-12-08 20:30:00+00:00,40.43000030517578,40.59999847412109,40.42499923706055,40.51599884033203,1401577
2023-12-11 14:30:00+00:00,40.27000045776367,40.45000076293945,40.0,40.09000015258789,1187099
2023-12-11 15:30:00+00:00,40.41999816894531,40.4900016784668,40.2599983215332,40.26499938964844,817307
2023-12-11 16:30:00+00:00,40.5099983215332,40.52999877929688,40.32500076293945,40.41999816894531,769730
2023-12-11 17:30:00+00:00,40.48500061035156,40.630001068115234,40.40499877929688,40.5099983215332,802408
2023-12-11 18:30:00+00:00,40.53499984741211,40.61000061035156,40.46500015258789,40.48500061035156,747685
2023-12-11 19:30:00+00:00,40.4900016784668,40.65999984741211,40.34000015258789,40.540000915527344,2370739
2023-12-11 20:30:00+00:00,40.540000915527344,40.619998931884766,40.462501525878906,40.4900016784668,2321142
2023-12-12 14:30:00+00:00,40.3849983215332,40.459999084472656,40.130001068115234,40.38999938964844,1136450
2023-12-12 15:30:00+00:00,40.26499938964844,40.44499969482422,40.20500183105469,40.380001068115234,983169
2023-12-12 16:30:00+00:00,40.275001525878906,40.375,40.209999084472656,40.26499938964844,1050965
2023-12-12 17:30:00+00:00,40.35499954223633,40.41999816894531,40.27000045776367,40.275001525878906,612495
2023-12-12 18:30:00+00:00,40.35499954223633,40.38999938964844,40.290000915527344,40.35499954223633,765473
2023-12-12 19:30:00+00:00,40.540000915527344,40.55500030517578,40.34999847412109,40.35499954223633,1095055
2023-12-12 20:30:00+00:00,40.45000076293945,40.560001373291016,40.369998931884766,40.53499984741211,1565976
2023-12-13 14:30:00+00:00,40.90169906616211,40.93000030517578,40.35499954223633,40.52000045776367,1342859
2023-12-13 15:30:00+00:00,40.77999877929688,40.900001525878906,40.625,40.900001525878906,1544294
2023-12-13 16:30:00+00:00,40.869998931884766,40.880001068115234,40.720001220703125,40.77999877929688,901016
2023-12-13 17:30:00+00:00,40.85530090332031,40.869998931884766,40.7599983215332,40.86750030517578,752189
2023-12-13 18:30:00+00:00,41.58000183105469,41.58000183105469,40.720001220703125,40.85499954223633,1631928
2023-12-13 19:30:00+00:00,42.17279815673828,42.56999969482422,41.56499862670898,41.57500076293945,2300356
2023-12-13 20:30:00+00:00,42.470001220703125,42.5,42.09999847412109,42.17499923706055,2033442
2023-12-14 14:30:00+00:00,44.95000076293945,45.84999847412109,44.40999984741211,44.584999084472656,6070961
2023-12-14 15:30:00+00:00,44.77999877929688,45.125,44.44499969482422,44.95000076293945,2993011
2023-12-14 16:30:00+00:00,45.18000030517578,45.209999084472656,44.755001068115234,44.78499984741211,2927472
2023-12-14 17:30:00+00:00,44.900001525878906,45.3650016784668,44.709999084472656,45.18999862670898,2411979
2023-12-14 18:30:00+00:00,45.02000045776367,45.149898529052734,44.76499938964844,44.89500045776367,4422724
2023-12-14 19:30:00+00:00,45.209999084472656,45.54999923706055,44.994998931884766,45.02000045776367,3201771
2023-12-14 20:30:00+00:00,45.33000183105469,45.34000015258789,45.02000045776367,45.209999084472656,3685240
2023-12-15 14:30:00+00:00,45.06499862670898,45.233001708984375,44.43000030517578,44.720001220703125,3537027
2023-12-15 15:30:00+00:00,45.209999084472656,45.415000915527344,44.94499969482422,45.06499862670898,1543491
2023-12-15 16:30:00+00:00,45.46500015258789,45.47999954223633,45.15999984741211,45.220001220703125,1378312
2023-12-15 17:30:00+00:00,45.26499938964844,45.470001220703125,45.220001220703125,45.46500015258789,1723724
2023-12-15 18:30:00+00:00,45.11000061035156,45.334999084472656,45.08000183105469,45.260101318359375,1859805
2023-12-15 19:30:00+00:00,45.01499938964844,45.18999862670898,45.0,45.11000061035156,1904639
2023-12-15 20:30:00+00:00,45.0099983215332,45.125,44.709999084472656,45.01499938964844,2666017
2023-12-18 14:30:00+00:00,44.400001525878906,45.29999923706055,44.29999923706055,45.29999923706055,1622030
2023-12-18 15:30:00+00:00,44.470001220703125,44.55500030517578,44.2400016784668,44.40999984741211,1499766
2023-12-18 16:30:00+00:00,44.30500030517578,44.5099983215332,44.27009963989258,44.459999084472656,964541
2023-12-18 17:30:00+00:00,44.27999877929688,44.40499877929688,44.2400016784668,44.310001373291016,632466
2023-12-18 18:30:00+00:00,44.16999816894531,44.369998931884766,44.11000061035156,44.27999877929688,912864
2023-12-18 19:30:00+00:00,44.18000030517578,44.28499984741211,44.040000915527344,44.165000915527344,1092593
2023-12-18 20:30:00+00:00,44.040000915527344,44.26499938964844,44.03499984741211,44.18000030517578,1318784
2023-12-19 14:30:00+00:00,44.3650016784668,44.54999923706055,43.81999969482422,44.130001068115234,1248478
2023-12-19 15:30:00+00:00,44.29999923706055,44.56999969482422,44.260101318359375,44.3650016784668,969829
2023-12-19 16:30:00+00:00,44.20000076293945,44.34000015258789,44.1349983215332,44.29999923706055,1021449
2023-12-19 17:30:00+00:00,44.150001525878906,44.29999923706055,44.13999938964844,44.19359970092773,1083236
2023-12-19 18:30:00+00:00,44.17499923706055,44.2400016784668,44.06999969482422,44.14500045776367,897758
2023-12-19 19:30:00+00:00,44.28499984741211,44.29499816894531,44.13999938964844,44.17499923706055,993880
2023-12-19 20:30:00+00:00,44.209999084472656,44.28499984741211,44.150001525878906,44.28499984741211,1125994
2023-12-20 14:30:00+00:00,43.7400016784668,43.994998931884766,43.65999984741211,43.72999954223633,1739372
2023-12-20 15:30:00+00:00,43.66749954223633,43.83000183105469,43.625,43.744998931884766,1661886
2023-12-20 16:30:00+00:00,43.494998931884766,43.69020080566406,43.4900016784668,43.665000915527344,1267867
2023-12-20 17:30:00+00:00,43.27999877929688,43.50469970703125,43.2400016784668,43.494998931884766,1460041
2023-12-20 18:30:00+00:00,43.17150115966797,43.41999816894531,43.150001525878906,43.28499984741211,1442228
2023-12-20 19:30:00+00:00,42.540000915527344,43.18999862670898,42.150001525878906,43.172000885009766,3234738
2023-12-20 20:30:00+00:00,42.459999084472656,42.790000915527344,42.43000030517578,42.54999923706055,2324842
2023-12-21 14:30:00+00:00,43.17910003662109,43.45000076293945,42.79999923706055,42.880001068115234,1298665
2023-12-21 15:30:00+00:00,43.20000076293945,43.28499984741211,42.97999954223633,43.18000030517578,1242677
2023-12-21 16:30:00+00:00,42.935001373291016,43.20000076293945,42.84999847412109,43.19499969482422,1041063
2023-12-21 17:30:00+00:00,42.880001068115234,43.06499862670898,42.73500061035156,42.93000030517578,567596
2023-12-21 18:30:00+00:00,43.04499816894531,43.06499862670898,42.81499862670898,42.875,839910
2023-12-21 19:30:00+00:00,43.1150016784668,43.130001068115234,42.97999954223633,43.04380035400391,784984
2023-12-21 20:30:00+00:00,43.29999923706055,43.34999847412109,43.07500076293945,43.11899948120117,1296831
2023-12-22 14:30:00+00:00,43.619998931884766,43.81999969482422,43.34999847412109,43.34999847412109,1096655
2023-12-22 15:30:00+00:00,43.505001068115234,43.63999938964844,43.375,43.619998931884766,726448
2023-12-22 16:30:00+00:00,43.59999847412109,43.630001068115234,43.43999862670898,43.505001068115234,627324
2023-12-22 17:30:00+00:00,43.63999938964844,43.69499969482422,43.58000183105469,43.59999847412109,453102
2023-12-22 18:30:00+00:00,43.244998931884766,43.64500045776367,43.23500061035156,43.630001068115234,496105
2023-12-22 19:30:00+00:00,43.5099983215332,43.544700622558594,43.20500183105469,43.23500061035156,679049
2023-12-22 20:30:00+00:00,43.5,43.54999923706055,43.43999862670898,43.5099983215332,970189
2023-12-26 14:30:00+00:00,43.9099006652832,43.91999816894531,43.41999816894531,43.619998931884766,800734
2023-12-26 15:30:00+00:00,43.8849983215332,43.970001220703125,43.790000915527344,43.902000427246094,559287
2023-12-26 16:30:00+00:00,44.005001068115234,44.02999877929688,43.869998931884766,43.880001068115234,487386
2023-12-26 17:30:00+00:00,44.060001373291016,44.11000061035156,43.95500183105469,44.0,457603
2023-12-26 18:30:00+00:00,44.17770004272461,44.19499969482422,44.06499862670898,44.06999969482422,506977
2023-12-26 19:30:00+00:00,44.14500045776367,44.22999954223633,44.09999847412109,44.16999816894531,512549
2023-12-26 20:30:00+00:00,44.06999969482422,44.20000076293945,44.04499816894531,44.14500045776367,821914
2023-12-27 14:30:00+00:00,44.209999084472656,44.21500015258789,43.720001220703125,43.95000076293945,927983
2023-12-27 15:30:00+00:00,44.03499984741211,44.220001220703125,43.93999862670898,44.209999084472656,424069
2023-12-27 16:30:00+00:00,44.07500076293945,44.10499954223633,43.9900016784668,44.02999877929688,363186
2023-12-27 17:30:00+00:00,44.06999969482422,44.18999862670898,43.9900016784668,44.06999969482422,492225
2023-12-27 18:30:00+00:00,43.95899963378906,44.10499954223633,43.84999847412109,44.08000183105469,554446
2023-12-27 19:30:00+00:00,43.880001068115234,43.98500061035156,43.845001220703125,43.95000076293945,542337
2023-12-27 20:30:00+00:00,43.93999862670898,43.970001220703125,43.80500030517578,43.87979888916016,916480
2023-12-28 14:30:00+00:00,43.505001068115234,43.650001525878906,43.27000045776367,43.43000030517578,883242
2023-12-28 15:30:00+00:00,43.53499984741211,43.59999847412109,43.47499847412109,43.5099983215332,702890
2023-12-28 16:30:00+00:00,43.59000015258789,43.63999938964844,43.500099182128906,43.540000915527344,503622
2023-12-28 17:30:00+00:00,43.6349983215332,43.669898986816406,43.52999877929688,43.56999969482422,373446
2023-12-28 18:30:00+00:00,43.6349983215332,43.70000076293945,43.58000183105469,43.63999938964844,424948
2023-12-28 19:30:00+00:00,43.64500045776367,43.68999862670898,43.54999923706055,43.63999938964844,529988
2023-12-28 20:30:00+00:00,43.650001525878906,43.744998931884766,43.619998931884766,43.64500045776367,1005360
2023-12-29 14:30:00+00:00,43.54990005493164,43.810001373291016,43.44620132446289,43.52000045776367,552466
2023-12-29 15:30:00+00:00,43.34000015258789,43.56840133666992,43.22999954223633,43.54499816894531,985819
2023-12-29 16:30:00+00:00,43.2599983215332,43.40499877929688,43.2400016784668,43.34999847412109,454476
2023-12-29 17:30:00+00:00,43.34999847412109,43.415000915527344,43.244998931884766,43.2599983215332,352631
2023-12-29 18:30:00+00:00,43.36220169067383,43.43000030517578,43.290000915527344,43.36000061035156,599337
2023-12-29 19:30:00+00:00,43.5,43.52000045776367,43.369998931884766,43.369998931884766,579208
2023-12-29 20:30:00+00:00,43.27999877929688,43.51499938964844,43.27999877929688,43.5,1218706
2024-01-02 14:30:00+00:00,43.16999816894531,43.45000076293945,42.88999938964844,43.119998931884766,1082907
2024-01-02 15:30:00+00:00,43.525001525878906,43.560001373291016,43.060001373291016,43.165000915527344,1065278
2024-01-02 16:30:00+00:00,43.84000015258789,43.90999984741211,43.5099983215332,43.52000045776367,1059305
2024-01-02 17:30:00+00:00,43.97999954223633,43.9900016784668,43.81499862670898,43.84999847412109,927609
2024-01-02 18:30:00+00:00,43.81999969482422,44.02000045776367,43.78129959106445,43.959999084472656,639785
2024-01-02 19:30:00+00:00,43.67499923706055,43.82500076293945,43.61000061035156,43.81999969482422,651804
2024-01-02 20:30:00+00:00,43.90999984741211,43.90999984741211,43.56499862670898,43.66999816894531,1420738
2024-01-03 14:30:00+00:00,42.82500076293945,43.22999954223633,42.7400016784668,43.209999084472656,1121361
2024-01-03 15:30:00+00:00,42.88999938964844,42.959999084472656,42.61000061035156,42.82500076293945,1058175
2024-01-03 16:30:00+00:00,42.90499877929688,42.970001220703125,42.84999847412109,42.88999938964844,633789
2024-01-03 17:30:00+00:00,43.040000915527344,43.16999816894531,42.86000061035156,42.90499877929688,744429
2024-01-03 18:30:00+00:00,43.1150016784668,43.14500045776367,42.81499862670898,43.04499816894531,659556
2024-01-03 19:30:00+00:00,42.81999969482422,43.209999084472656,42.7599983215332,43.130001068115234,847387
2024-01-03 20:30:00+00:00,42.7400016784668,42.95000076293945,42.68000030517578,42.810001373291016,860423
2024-01-04 14:30:00+00:00,43.36000061035156,43.43999862670898,42.80500030517578,42.93999862670898,1242626
2024-01-04 15:30:00+00:00,43.43000030517578,43.51499938964844,43.2599983215332,43.35499954223633,1169233
2024-01-04 16:30:00+00:00,43.5099983215332,43.59999847412109,43.39500045776367,43.43999862670898,582418
2024-01-04 17:30:00+00:00,43.48210144042969,43.52000045776367,43.400001525878906,43.5099983215332,445437
2024-01-04 18:30:00+00:00,43.45000076293945,43.540000915527344,43.41999816894531,43.48500061035156,433219
2024-01-04 19:30:00+00:00,43.375,43.52999877929688,43.34999847412109,43.435001373291016,524657
2024-01-04 20:30:00+00:00,43.220001220703125,43.48500061035156,43.17499923706055,43.369998931884766,1157978
2024-01-05 14:30:00+00:00,43.84999847412109,43.8849983215332,42.93999862670898,42.95000076293945,1397463
2024-01-05 15:30:00+00:00,44.049800872802734,44.33000183105469,43.81999969482422,43.84999847412109,851201
2024-01-05 16:30:00+00:00,44.005001068115234,44.18000030517578,43.87369918823242,44.04499816894531,695325
2024-01-05 17:30:00+00:00,44.0,44.025001525878906,43.77000045776367,44.0,909003
2024-01-05 18:30:00+00:00,44.040000915527344,44.10499954223633,43.90999984741211,44.0,888157
2024-01-05 19:30:00+00:00,43.89500045776367,44.08000183105469,43.81499862670898,44.040000915527344,541814
2024-01-05 20:30:00+00:00,43.80500030517578,43.89500045776367,43.65999984741211,43.89500045776367,1286626
2024-01-08 14:30:00+00:00,43.45000076293945,43.7400016784668,43.18999862670898,43.61000061035156,1086261
2024-01-08 15:30:00+00:00,43.70000076293945,43.70000076293945,43.43999862670898,43.45500183105469,890188
2024-01-08 16:30:00+00:00,43.59000015258789,43.709999084472656,43.52000045776367,43.70000076293945,589272
2024-01-08 17:30:00+00:00,43.61000061035156,43.70000076293945,43.54999923706055,43.584999084472656,461082
2024-01-08 18:30:00+00:00,43.84000015258789,43.88999938964844,43.60499954223633,43.60499954223633,731173
2024-01-08 19:30:00+00:00,43.90999984741211,43.93000030517578,43.755001068115234,43.84999847412109,785712
2024-01-08 20:30:00+00:00,43.959999084472656,44.04499816894531,43.84999847412109,43.90999984741211,925268
2024-01-09 14:30:00+00:00,43.650001525878906,43.68999862670898,43.18999862670898,43.369998931884766,696157
2024-01-09 15:30:00+00:00,43.810001373291016,43.81100082397461,43.595001220703125,43.65999984741211,586598
2024-01-09 16:30:00+00:00,43.665000915527344,43.869998931884766,43.665000915527344,43.810001373291016,566694
2024-01-09 17:30:00+00:00,43.52999877929688,43.709999084472656,43.48500061035156,43.66999816894531,428898
2024-01-09 18:30:00+00:00,43.459999084472656,43.70000076293945,43.44499969482422,43.52000045776367,486147
2024-01-09 19:30:00+00:00,43.48249816894531,43.51499938964844,43.38999938964844,43.45500183105469,479271
2024-01-09 20:30:00+00:00,43.470001220703125,43.56499862670898,43.432498931884766,43.4900016784668,852160
2024-01-10 14:30:00+00:00,43.15999984741211,43.369998931884766,43.0,43.310001373291016,972998
2024-01-10 15:30:00+00:00,43.165000915527344,43.2400016784668,43.09999847412109,43.15999984741211,526876
2024-01-10 16:30:00+00:00,42.92499923706055,43.18999862670898,42.90999984741211,43.16859817504883,739317
2024-01-10 17:30:00+00:00,42.98500061035156,43.1349983215332,42.89500045776367,42.92499923706055,647471
2024-01-10 18:30:00+00:00,43.19499969482422,43.220001220703125,42.93999862670898,42.97999954223633,731904
2024-01-10 19:30:00+00:00,43.20500183105469,43.400001525878906,43.18999862670898,43.20000076293945,1945440
2024-01-10 20:30:00+00:00,43.400001525878906,43.43999862670898,43.16999816894531,43.20000076293945,1296153
2024-01-11 14:30:00+00:00,42.36000061035156,43.29999923706055,42.04999923706055,43.29999923706055,1895621
2024-01-11 15:30:00+00:00,42.310001373291016,42.5,42.20769882202149,42.34999847412109,1102591
2024-01-11 16:30:00+00:00,42.31999969482422,42.48500061035156,42.220001220703125,42.31499862670898,791281
2024-01-11 17:30:00+00:00,42.494998931884766,42.61000061035156,42.31999969482422,42.32500076293945,1133946
2024-01-11 18:30:00+00:00,42.619998931884766,42.68000030517578,42.41999816894531,42.494998931884766,1150437
2024-01-11 19:30:00+00:00,42.52000045776367,42.720001220703125,42.48500061035156,42.625,1539168
2024-01-11 20:30:00+00:00,42.81999969482422,42.83000183105469,42.5099983215332,42.525001525878906,1265664
2024-01-12 14:30:00+00:00,42.19499969482422,43.11000061035156,42.150001525878906,42.869998931884766,1561841
2024-01-12 15:30:00+00:00,42.040000915527344,42.33689880371094,41.83000183105469,42.19499969482422,1191471
2024-01-12 16:30:00+00:00,41.83000183105469,42.09999847412109,41.70000076293945,42.04999923706055,871885
2024-01-12 17:30:00+00:00,42.08000183105469,42.105098724365234,41.790000915527344,41.81999969482422,751561
2024-01-12 18:30:00+00:00,42.334999084472656,42.35969924926758,42.084999084472656,42.084999084472656,890337
2024-01-12 19:30:00+00:00,42.25,42.334999084472656,42.16999816894531,42.334999084472656,736316
2024-01-12 20:30:00+00:00,42.18000030517578,42.334999084472656,42.119998931884766,42.255001068115234,1453752
2024-01-16 14:30:00+00:00,41.38999938964844,41.66999816894531,40.959999084472656,41.66999816894531,2022381
2024-01-16 15:30:00+00:00,41.525001525878906,41.625,41.29999923706055,41.39500045776367,1990993
2024-01-16 16:30:00+00:00,41.43980026245117,41.650001525878906,41.41999816894531,41.52999877929688,1398404
2024-01-16 17:30:00+00:00,41.560001373291016,41.61000061035156,41.38999938964844,41.43999862670898,1231961
2024-01-16 18:30:00+00:00,41.290000915527344,41.59000015258789,41.22999954223633,41.560001373291016,1310485
2024-01-16 19:30:00+00:00,41.255001068115234,41.369998931884766,41.22999954223633,41.28499984741211,1766640
2024-01-16 20:30:00+00:00,41.38999938964844,41.40999984741211,41.18000030517578,41.25,2809077
2024-01-17 14:30:00+00:00,41.06499862670898,41.7400016784668,41.0,41.34999847412109,3101547
2024-01-17 15:30:00+00:00,40.68000030517578,41.27000045776367,40.595001220703125,41.06999969482422,2606173
2024-01-17 16:30:00+00:00,40.681400299072266,40.87900161743164,40.56999969482422,40.67499923706055,1273851
2024-01-17 17:30:00+00:00,40.26499938964844,40.7599983215332,40.19499969482422,40.685001373291016,1261323
2024-01-17 18:30:00+00:00,40.39500045776367,40.43999862670898,40.15499877929688,40.26499938964844,1468255
2024-01-17 19:30:00+00:00,40.4900016784668,40.54710006713867,40.185001373291016,40.39500045776367,1463946
2024-01-17 20:30:00+00:00,40.81999969482422,40.83000183105469,40.48500061035156,40.4900016784668,1701526
2024-01-18 14:30:00+00:00,40.0,41.0,39.959999084472656,40.88999938964844,2034101
2024-01-18 15:30:00+00:00,39.33399963378906,40.1150016784668,39.33000183105469,39.9901008605957,2315745
2024-01-18 16:30:00+00:00,39.18009948730469,39.415000915527344,39.04499816894531,39.34000015258789,2471153
2024-01-18 17:30:00+00:00,39.65999984741211,39.695499420166016,39.185001373291016,39.185001373291016,1319288
2024-01-18 18:30:00+00:00,39.810001373291016,39.81499862670898,39.61000061035156,39.650001525878906,836982
2024-01-18 19:30:00+00:00,39.97499847412109,40.04790115356445,39.73249816894531,39.81999969482422,1534835
2024-01-18 20:30:00+00:00,40.150001525878906,40.15499877929688,39.93999862670898,39.97499847412109,2264469
2024-01-19 14:30:00+00:00,40.5,40.59999847412109,39.97999954223633,40.290000915527344,2634157
2024-01-19 15:30:00+00:00,40.67499923706055,40.79999923706055,40.40499877929688,40.5,1505682
2024-01-19 16:30:00+00:00,40.77000045776367,40.77999877929688,40.494998931884766,40.68000030517578,886411
2024-01-19 17:30:00+00:00,41.130001068115234,41.1349983215332,40.77000045776367,40.77000045776367,805692
2024-01-19 18:30:00+00:00,41.70500183105469,41.81499862670898,41.130001068115234,41.130001068115234,1782574
2024-01-19 19:30:00+00:00,41.84999847412109,41.84999847412109,41.56999969482422,41.709999084472656,1639447
2024-01-19 20:30:00+00:00,42.0099983215332,42.04999923706055,41.76499938964844,41.84999847412109,3571971
2024-01-22 14:30:00+00:00,42.060001373291016,42.34999847412109,41.95000076293945,42.09999847412109,1619082
2024-01-22 15:30:00+00:00,41.56499862670898,42.060001373291016,41.470001220703125,42.060001373291016,1747653
2024-01-22 16:30:00+00:00,41.6349983215332,41.709999084472656,41.345001220703125,41.56999969482422,1544192
2024-01-22 17:30:00+00:00,41.36000061035156,41.63999938964844,41.35499954223633,41.63999938964844,1045300
2024-01-22 18:30:00+00:00,41.5,41.625,41.36000061035156,41.36000061035156,977450
2024-01-22 19:30:00+00:00,41.78499984741211,41.790000915527344,41.44499969482422,41.505001068115234,871895
2024-01-22 20:30:00+00:00,41.77999877929688,41.88999938964844,41.77000045776367,41.78499984741211,1254498
2024-01-23 14:30:00+00:00,41.650001525878906,42.1349983215332,41.61000061035156,41.970001220703125,1146753
2024-01-23 15:30:00+00:00,41.47999954223633,41.650001525878906,41.310001373291016,41.63999938964844,766925
2024-01-23 16:30:00+00:00,41.630001068115234,41.70000076293945,41.400001525878906,41.470001220703125,647620
2024-01-23 17:30:00+00:00,41.744998931884766,41.775001525878906,41.60499954223633,41.6349983215332,585770
2024-01-23 18:30:00+00:00,41.775001525878906,41.83990097045898,41.720001220703125,41.744998931884766,623624
2024-01-23 19:30:00+00:00,41.95500183105469,41.97499847412109,41.68000030517578,41.755001068115234,763358
2024-01-23 20:30:00+00:00,41.97999954223633,41.97999954223633,41.83000183105469,41.95000076293945,1610978
2024-01-24 14:30:00+00:00,42.3650016784668,42.77999877929688,42.2400016784668,42.380001068115234,3294779
2024-01-24 15:30:00+00:00,42.93000030517578,42.959999084472656,42.334999084472656,42.3650016784668,827330
2024-01-24 16:30:00+00:00,42.68000030517578,42.97999954223633,42.63999938964844,42.92499923706055,633896
2024-01-24 17:30:00+00:00,42.790000915527344,42.84999847412109,42.650001525878906,42.68000030517578,1225359
2024-01-24 18:30:00+00:00,42.63999938964844,42.80500030517578,42.584999084472656,42.79899978637695,1039198
2024-01-24 19:30:00+00:00,42.5,42.79499816894531,42.43999862670898,42.63999938964844,1176581
2024-01-24 20:30:00+00:00,42.4900016784668,42.64500045776367,42.45000076293945,42.505001068115234,1460999
2024-01-25 14:30:00+00:00,43.040000915527344,43.060001373291016,42.5099983215332,42.970001220703125,1251905
2024-01-25 15:30:00+00:00,42.619998931884766,43.040000915527344,42.4900016784668,43.040000915527344,1451248
2024-01-25 16:30:00+00:00,42.30500030517578,42.630001068115234,42.255001068115234,42.619998931884766,992201
2024-01-25 17:30:00+00:00,42.505001068115234,42.68000030517578,42.209999084472656,42.29999923706055,705101
2024-01-25 18:30:00+00:00,42.65999984741211,42.69499969482422,42.4900016784668,42.494998931884766,732739
2024-01-25 19:30:00+00:00,42.67499923706055,42.75,42.584999084472656,42.66999816894531,1005526
2024-01-25 20:30:00+00:00,42.810001373291016,42.83000183105469,42.65999984741211,42.67549896240234,1049986
2024-01-26 14:30:00+00:00,42.44499969482422,43.0099983215332,42.29499816894531,42.619998931884766,1963996
2024-01-26 15:30:00+00:00,42.540000915527344,42.584999084472656,42.41999816894531,42.43999862670898,636144
2024-01-26 16:30:00+00:00,42.61000061035156,42.665000915527344,42.4900016784668,42.54999923706055,568570
2024-01-26 17:30:00+00:00,42.7400016784668,42.7599983215332,42.5,42.61000061035156,536323
2024-01-26 18:30:00+00:00,42.59999847412109,42.7599983215332,42.540000915527344,42.75,428264
2024-01-26 19:30:00+00:00,42.70000076293945,42.72499847412109,42.56999969482422,42.595001220703125,652890
2024-01-26 20:30:00+00:00,42.63999938964844,42.77000045776367,42.59999847412109,42.68999862670898,1402042
2024-01-29 14:30:00+00:00,42.59000015258789,42.67689895629883,42.3849983215332,42.619998931884766,997624
2024-01-29 15:30:00+00:00,42.52999877929688,42.619998931884766,42.47999954223633,42.595001220703125,810931
2024-01-29 16:30:00+00:00,42.43000030517578,42.53499984741211,42.34999847412109,42.525001525878906,1392366
2024-01-29 17:30:00+00:00,42.43999862670898,42.52999877929688,42.33449935913086,42.42499923706055,621692
2024-01-29 18:30:00+00:00,42.45500183105469,42.52999877929688,42.42499923706055,42.43999862670898,409744
2024-01-29 19:30:00+00:00,42.79499816894531,42.869998931884766,42.45500183105469,42.459999084472656,846316
2024-01-29 20:30:00+00:00,42.93000030517578,42.970001220703125,42.66999816894531,42.79499816894531,1082638
2024-01-30 14:30:00+00:00,43.02000045776367,43.03499984741211,42.67990112304688,42.869998931884766,1560108
2024-01-30 15:30:00+00:00,43.185001373291016,43.25,42.89500045776367,43.02000045776367,1171390
2024-01-30 16:30:00+00:00,43.26499938964844,43.34999847412109,43.18000030517578,43.185001373291016,772309
2024-01-30 17:30:00+00:00,43.20000076293945,43.290000915527344,43.150001525878906,43.2599983215332,563208
2024-01-30 18:30:00+00:00,43.27999877929688,43.34999847412109,43.150001525878906,43.19499969482422,518894
2024-01-30 19:30:00+00:00,43.33829879760742,43.400001525878906,43.275001525878906,43.28200149536133,493387
2024-01-30 20:30:00+00:00,43.34000015258789,43.3650016784668,43.255001068115234,43.33000183105469,1359265
2024-01-31 14:30:00+00:00,42.584999084472656,42.9900016784668,42.060001373291016,42.459999084472656,2526128
2024-01-31 15:30:00+00:00,42.43999862670898,42.63999938964844,42.3849983215332,42.59000015258789,1443071
2024-01-31 16:30:00+00:00,42.45000076293945,42.47499847412109,42.244998931884766,42.44499969482422,627511
2024-01-31 17:30:00+00:00,42.459999084472656,42.51499938964844,42.36249923706055,42.44499969482422,544825
2024-01-31 18:30:00+00:00,42.220001220703125,42.47999954223633,42.15999984741211,42.46500015258789,950452
2024-01-31 19:30:00+00:00,41.75,42.59000015258789,41.59000015258789,42.220001220703125,2334289
2024-01-31 20:30:00+00:00,41.52000045776367,41.790000915527344,41.39500045776367,41.75,2043123
2024-02-01 14:30:00+00:00,40.685001373291016,41.65999984741211,40.60499954223633,41.630001068115234,2350146
2024-02-01 15:30:00+00:00,40.119998931884766,40.869998931884766,39.970001220703125,40.68999862670898,3872715
2024-02-01 16:30:00+00:00,41.03499984741211,41.03499984741211,40.095001220703125,40.1150016784668,2233728
2024-02-01 17:30:00+00:00,40.915000915527344,41.22999954223633,40.84999847412109,41.040000915527344,1667322
2024-02-01 18:30:00+00:00,40.90999984741211,41.10599899291992,40.86000061035156,40.91419982910156,1059302
2024-02-01 19:30:00+00:00,40.93000030517578,41.18000030517578,40.790000915527344,40.91999816894531,1579499
2024-02-01 20:30:00+00:00,40.880001068115234,41.005001068115234,40.70500183105469,40.93999862670898,1860169
2024-02-02 14:30:00+00:00,40.52999877929688,40.68000030517578,40.06999969482422,40.5,2170161
2024-02-02 15:30:00+00:00,40.59999847412109,40.65999984741211,40.334999084472656,40.525001525878906,2602419
2024-02-02 16:30:00+00:00,40.625,40.81999969482422,40.494998931884766,40.59999847412109,1310812
2024-02-02 17:30:00+00:00,40.81999969482422,41.02000045776367,40.47999954223633,40.630001068115234,1378942
2024-02-02 18:30:00+00:00,40.92499923706055,41.02000045776367,40.755001068115234,40.81909942626953,732888
2024-02-02 19:30:00+00:00,41.10499954223633,41.11000061035156,40.87009811401367,40.93000030517578,811218
2024-02-02 20:30:00+00:00,40.83000183105469,41.11000061035156,40.81999969482422,41.10499954223633,1191908
2024-02-05 14:30:00+00:00,40.03499984741211,40.4900016784668,39.91999816894531,40.43999862670898,1305295
2024-02-05 15:30:00+00:00,40.220001220703125,40.310001373291016,39.970001220703125,40.03499984741211,990901
2024-02-05 16:30:00+00:00,40.19499969482422,40.25,40.06999969482422,40.209999084472656,816878
2024-02-05 17:30:00+00:00,40.255001068115234,40.45000076293945,40.19499969482422,40.19499969482422,618786
2024-02-05 18:30:00+00:00,40.40999984741211,40.41999816894531,40.23500061035156,40.2599983215332,591110
2024-02-05 19:30:00+00:00,40.21500015258789,40.45500183105469,40.150001525878906,40.415000915527344,1234583
2024-02-05 20:30:00+00:00,40.09000015258789,40.27000045776367,40.02999877929688,40.209999084472656,2090377
2024-02-06 14:30:00+00:00,40.13999938964844,40.5099983215332,39.91999816894531,40.04999923706055,1243593
2024-02-06 15:30:00+00:00,40.125,40.18000030517578,39.93999862670898,40.150001525878906,915496
2024-02-06 16:30:00+00:00,40.23500061035156,40.2599983215332,40.09000015258789,40.125,773024
2024-02-06 17:30:00+00:00,40.09000015258789,40.2400016784668,40.02000045776367,40.2400016784668,860396
2024-02-06 18:30:00+00:00,40.119998931884766,40.244998931884766,40.060001373291016,40.095001220703125,774309
2024-02-06 19:30:00+00:00,40.04499816894531,40.220001220703125,40.02000045776367,40.1150016784668,1359462
2024-02-06 20:30:00+00:00,40.09999847412109,40.16999816894531,39.96500015258789,40.04499816894531,1839084
2024-02-07 14:30:00+00:00,39.495601654052734,40.31999969482422,38.8650016784668,40.2400016784668,2675836
2024-02-07 15:30:00+00:00,39.29999923706055,39.540000915527344,39.1427001953125,39.5,1744391
2024-02-07 16:30:00+00:00,39.7599983215332,39.76029968261719,39.31489944458008,39.31499862670898,1155267
2024-02-07 17:30:00+00:00,40.150001525878906,40.150001525878906,39.72999954223633,39.7776985168457,851693
2024-02-07 18:30:00+00:00,40.150001525878906,40.15999984741211,40.0,40.15499877929688,644833
2024-02-07 19:30:00+00:00,40.1150016784668,40.22499847412109,40.09230041503906,40.15999984741211,565025
2024-02-07 20:30:00+00:00,39.90999984741211,40.119998931884766,39.790000915527344,40.1150016784668,1524333
2024-02-08 14:30:00+00:00,39.84999847412109,39.959999084472656,39.3849983215332,39.70000076293945,1404801
2024-02-08 15:30:00+00:00,39.80500030517578,39.915000915527344,39.72499847412109,39.85499954223633,950868
2024-02-08 16:30:00+00:00,39.93999862670898,39.970001220703125,39.775001525878906,39.79999923706055,571532
2024-02-08 17:30:00+00:00,40.04999923706055,40.20000076293945,39.93999862670898,39.94919967651367,837076
2024-02-08 18:30:00+00:00,40.31999969482422,40.3651008605957,40.02999877929688,40.04499816894531,719343
2024-02-08 19:30:00+00:00,40.3849983215332,40.38999938964844,40.18000030517578,40.31990051269531,783302
2024-02-08 20:30:00+00:00,40.36000061035156,40.42499923706055,40.31499862670898,40.380001068115234,1512367
2024-02-09 14:30:00+00:00,39.91999816894531,40.34000015258789,39.77000045776367,40.29999923706055,1543887
2024-02-09 15:30:00+00:00,39.97499847412109,40.150001525878906,39.88999938964844,39.915000915527344,889336
2024-02-09 16:30:00+00:00,40.18999862670898,40.21500015258789,39.85499954223633,39.97499847412109,791125
2024-02-09 17:30:00+00:00,40.345001220703125,40.38999938964844,40.130001068115234,40.18999862670898,1316432
2024-02-09 18:30:00+00:00,40.06999969482422,40.380001068115234,40.06499862670898,40.34999847412109,906828
2024-02-09 19:30:00+00:00,40.05500030517578,40.14500045776367,39.95000076293945,40.06499862670898,1706864
2024-02-09 20:30:00+00:00,40.18000030517578,40.18000030517578,39.959999084472656,40.05500030517578,1561102
2024-02-12 14:30:00+00:00,40.810001373291016,40.92499923706055,40.13999938964844,40.22999954223633,1493130
2024-02-12 15:30:00+00:00,40.95500183105469,41.060001373291016,40.78499984741211,40.80500030517578,931948
2024-02-12 16:30:00+00:00,40.8849983215332,41.09999847412109,40.834999084472656,40.970001220703125,696858
2024-02-12 17:30:00+00:00,41.125,41.130001068115234,40.86000061035156,40.8849983215332,719352
2024-02-12 18:30:00+00:00,41.13999938964844,41.435001373291016,41.040000915527344,41.119998931884766,1013688
2024-02-12 19:30:00+00:00,41.125,41.27000045776367,41.09999847412109,41.13999938964844,898192
2024-02-12 20:30:00+00:00,41.08000183105469,41.220001220703125,40.994998931884766,41.119998931884766,1590482
2024-02-13 14:30:00+00:00,39.81900024414063,40.47999954223633,39.7599983215332,40.22999954223633,1664277
2024-02-13 15:30:00+00:00,40.040000915527344,40.08000183105469,39.58000183105469,39.81499862670898,1045064
2024-02-13 16:30:00+00:00,39.900001525878906,40.15999984741211,39.810001373291016,40.04999923706055,745665
2024-02-13 17:30:00+00:00,39.834999084472656,40.18000030517578,39.79999923706055,39.900001525878906,762450
2024-02-13 18:30:00+00:00,39.540000915527344,39.875,39.43999862670898,39.81499862670898,1191978
2024-02-13 19:30:00+00:00,39.519901275634766,39.65499877929688,39.40499877929688,39.540000915527344,917188
2024-02-13 20:30:00+00:00,39.93000030517578,39.970001220703125,39.494998931884766,39.52000045776367,1330637
2024-02-14 14:30:00+00:00,40.3926010131836,40.70000076293945,40.2400016784668,40.459999084472656,949677
2024-02-14 15:30:00+00:00,40.31999969482422,40.435001373291016,40.084999084472656,40.40010070800781,638666
2024-02-14 16:30:00+00:00,40.380001068115234,40.47999954223633,40.220001220703125,40.31999969482422,484524
2024-02-14 17:30:00+00:00,40.43999862670898,40.43999862670898,40.26679992675781,40.3849983215332,448482
2024-02-14 18:30:00+00:00,40.45500183105469,40.54999923706055,40.27000045776367,40.43999862670898,479121
2024-02-14 19:30:00+00:00,40.540000915527344,40.56999969482422,40.34000015258789,40.459999084472656,786196
2024-02-14 20:30:00+00:00,40.47999954223633,40.55500030517578,40.345001220703125,40.54999923706055,900707
2024-02-15 14:30:00+00:00,41.31999969482422,41.584999084472656,40.77000045776367,40.86000061035156,1115375
2024-02-15 15:30:00+00:00,41.084999084472656,41.33000183105469,41.02000045776367,41.31499862670898,721600
2024-02-15 16:30:00+00:00,41.27000045776367,41.32500076293945,41.060001373291016,41.084999084472656,630248
2024-02-15 17:30:00+00:00,41.32500076293945,41.345001220703125,41.11000061035156,41.27000045776367,435787
2024-02-15 18:30:00+00:00,41.5099983215332,41.540000915527344,41.29499816894531,41.33000183105469,545543
2024-02-15 19:30:00+00:00,41.665000915527344,41.720001220703125,41.415000915527344,41.50899887084961,886350
2024-02-15 20:30:00+00:00,41.54999923706055,41.67499923706055,41.48500061035156,41.665000915527344,1772291
2024-02-16 14:30:00+00:00,41.45500183105469,41.81999969482422,40.81999969482422,41.150001525878906,1250235
2024-02-16 15:30:00+00:00,41.3849983215332,41.53499984741211,41.19499969482422,41.45000076293945,542265
2024-02-16 16:30:00+00:00,41.470001220703125,41.5,41.369998931884766,41.400001525878906,390138
2024-02-16 17:30:00+00:00,41.5099983215332,41.54999923706055,41.31499862670898,41.470001220703125,624834
2024-02-16 18:30:00+00:00,41.5099983215332,41.53499984741211,41.3932991027832,41.5099983215332,431031
2024-02-16 19:30:00+00:00,41.555999755859375,41.560001373291016,41.30500030517578,41.5098991394043,642134
2024-02-16 20:30:00+00:00,41.5,41.58000183105469,41.40999984741211,41.560001373291016,1205979
2024-02-20 14:30:00+00:00,41.33000183105469,41.44499969482422,40.90999984741211,41.130001068115234,1310387
2024-02-20 15:30:00+00:00,41.47999954223633,41.54499816894531,41.27000045776367,41.334999084472656,833051
2024-02-20 16:30:00+00:00,41.40250015258789,41.49489974975586,41.34000015258789,41.47499847412109,609748
2024-02-20 17:30:00+00:00,41.43999862670898,41.4900016784668,41.36000061035156,41.40499877929688,509537
2024-02-20 18:30:00+00:00,41.40499877929688,41.4900016784668,41.30500030517578,41.43389892578125,569255
2024-02-20 19:30:00+00:00,41.369998931884766,41.5,41.30500030517578,41.40499877929688,896904
2024-02-20 20:30:00+00:00,41.16999816894531,41.38999938964844,41.09000015258789,41.380001068115234,1237265
2024-02-21 14:30:00+00:00,40.34999847412109,41.060001373291016,40.32500076293945,40.959999084472656,1565675
2024-02-21 15:30:00+00:00,40.71500015258789,40.8849983215332,40.345001220703125,40.345001220703125,1090000
2024-02-21 16:30:00+00:00,40.722198486328125,40.796199798583984,40.619998931884766,40.709999084472656,1297775
2024-02-21 17:30:00+00:00,40.81499862670898,40.86000061035156,40.625,40.72999954223633,710524
2024-02-21 18:30:00+00:00,40.880001068115234,41.02999877929688,40.7599983215332,40.81999969482422,620267
2024-02-21 19:30:00+00:00,40.685001373291016,40.89500045776367,40.625,40.880001068115234,681160
2024-02-21 20:30:00+00:00,40.81999969482422,40.84000015258789,40.65499877929688,40.68999862670898,1197872
2024-02-22 14:30:00+00:00,41.77000045776367,42.040000915527344,41.130001068115234,41.34999847412109,2117635
2024-02-22 15:30:00+00:00,41.64500045776367,41.81499862670898,41.61000061035156,41.77000045776367,1262867
2024-02-22 16:30:00+00:00,41.6150016784668,41.69499969482422,41.494998931884766,41.6349983215332,860029
2024-02-22 17:30:00+00:00,41.275001525878906,41.619998931884766,41.15999984741211,41.6150016784668,808880
2024-02-22 18:30:00+00:00,41.35499954223633,41.35499954223633,41.08000183105469,41.275001525878906,856068
2024-02-22 19:30:00+00:00,41.5099983215332,41.6150016784668,41.09999847412109,41.35900115966797,1614608
2024-02-22 20:30:00+00:00,41.34999847412109,41.56999969482422,41.310001373291016,41.525001525878906,1433673
2024-02-23 14:30:00+00:00,41.415000915527344,41.5099983215332,41.09000015258789,41.369998931884766,986299
2024-02-23 15:30:00+00:00,41.52000045776367,41.66999816894531,41.3650016784668,41.41999816894531,828899
2024-02-23 16:30:00+00:00,41.5099983215332,41.68000030517578,41.45500183105469,41.52000045776367,622413
2024-02-23 17:30:00+00:00,41.55979919433594,41.57500076293945,41.44499969482422,41.52000045776367,637298
2024-02-23 18:30:00+00:00,41.40999984741211,41.57500076293945,41.38999938964844,41.54999923706055,606223
2024-02-23 19:30:00+00:00,41.42900085449219,41.459999084472656,41.29999923706055,41.40999984741211,560449
2024-02-23 20:30:00+00:00,41.345001220703125,41.47499847412109,41.345001220703125,41.43000030517578,1053203
2024-02-26 14:30:00+00:00,41.08000183105469,41.43000030517578,41.02999877929688,41.11000061035156,1106433
2024-02-26 15:30:00+00:00,41.18370056152344,41.220001220703125,40.970001220703125,41.09000015258789,431762
2024-02-26 16:30:00+00:00,41.01499938964844,41.20500183105469,41.01499938964844,41.18999862670898,465931
2024-02-26 17:30:00+00:00,40.66999816894531,41.0099983215332,40.65010070800781,41.0099983215332,648992
2024-02-26 18:30:00+00:00,40.96870040893555,40.970001220703125,40.65999984741211,40.65999984741211,648437
2024-02-26 19:30:00+00:00,40.80500030517578,40.97499847412109,40.7599983215332,40.970001220703125,689482
2024-02-26 20:30:00+00:00,40.84999847412109,40.93000030517578,40.72999954223633,40.80500030517578,1151487
2024-02-27 14:30:00+00:00,41.532901763916016,41.619998931884766,41.07500076293945,41.25,1084641
2024-02-27 15:30:00+00:00,41.78049850463867,41.86000061035156,41.5099983215332,41.52999877929688,506541
2024-02-27 16:30:00+00:00,41.55500030517578,41.81760025024414,41.525001525878906,41.78499984741211,570869
2024-02-27 17:30:00+00:00,41.41999816894531,41.61000061035156,41.41999816894531,41.55500030517578,676439
2024-02-27 18:30:00+00:00,41.28499984741211,41.50749969482422,41.28379821777344,41.41999816894531,540764
2024-02-27 19:30:00+00:00,41.21749877929688,41.29999923706055,41.11000061035156,41.28499984741211,849002
2024-02-27 20:30:00+00:00,41.369998931884766,41.38999938964844,41.19499969482422,41.209999084472656,1091085
2024-02-28 14:30:00+00:00,41.34000015258789,41.4900016784668,40.84999847412109,41.09999847412109,747838
2024-02-28 15:30:00+00:00,41.456298828125,41.54999923706055,41.310001373291016,41.34000015258789,620721
2024-02-28 16:30:00+00:00,41.23500061035156,41.47499847412109,41.20000076293945,41.459999084472656,590788
2024-02-28 17:30:00+00:00,41.40999984741211,41.470001220703125,41.22999954223633,41.23030090332031,588443
2024-02-28 18:30:00+00:00,41.22499847412109,41.42499923706055,41.13999938964844,41.40999984741211,746144
2024-02-28 19:30:00+00:00,41.244998931884766,41.25,41.09999847412109,41.22499847412109,813700
2024-02-28 20:30:00+00:00,41.22999954223633,41.290000915527344,41.17499923706055,41.244998931884766,1157895
2024-02-29 14:30:00+00:00,42.13999938964844,42.150001525878906,41.61000061035156,41.7400016784668,880382
2024-02-29 15:30:00+00:00,41.64860153198242,42.18000030517578,41.64860153198242,42.13199996948242,478874
2024-02-29 16:30:00+00:00,41.505001068115234,41.65499877929688,41.48500061035156,41.630001068115234,410436
2024-02-29 17:30:00+00:00,41.70000076293945,41.71500015258789,41.5,41.5,357859
2024-02-29 18:30:00+00:00,41.86000061035156,41.90999984741211,41.66999816894531,41.70000076293945,444899
2024-02-29 19:30:00+00:00,41.84999847412109,41.89500045776367,41.78499984741211,41.85499954223633,576041
2024-02-29 20:30:00+00:00,41.95000076293945,42.07500076293945,41.85499954223633,41.86000061035156,1413082
2024-03-01 14:30:00+00:00,41.560001373291016,41.900001525878906,40.93000030517578,41.61000061035156,1839440
2024-03-01 15:30:00+00:00,41.435001373291016,41.65999984741211,41.390098571777344,41.54999923706055,1175418
2024-03-01 16:30:00+00:00,41.42499923706055,41.52999877929688,41.34999847412109,41.435001373291016,1058574
2024-03-01 17:30:00+00:00,41.34000015258789,41.505001068115234,41.290000915527344,41.43000030517578,551124
2024-03-01 18:30:00+00:00,41.63999938964844,41.66999816894531,41.29999923706055,41.34999847412109,690490
2024-03-01 19:30:00+00:00,41.470001220703125,41.6609992980957,41.45500183105469,41.63999938964844,789409
2024-03-01 20:30:00+00:00,41.41999816894531,41.4900016784668,41.36000061035156,41.46500015258789,1611875
2024-03-04 14:30:00+00:00,42.994998931884766,43.0,42.130001068115234,42.41999816894531,2217421
2024-03-04 15:30:00+00:00,43.150001525878906,43.27999877929688,42.869998931884766,42.9900016784668,1458200
2024-03-04 16:30:00+00:00,43.34000015258789,43.494998931884766,43.130001068115234,43.14500045776367,1152169
2024-03-04 17:30:00+00:00,43.02000045776367,43.36000061035156,43.0099983215332,43.34000015258789,1025163
2024-03-04 18:30:00+00:00,42.72999954223633,43.060001373291016,42.630001068115234,43.01499938964844,916883
2024-03-04 19:30:00+00:00,42.84999847412109,42.90499877929688,42.68999862670898,42.720001220703125,1127829
2024-03-04 20:30:00+00:00,42.709999084472656,42.915000915527344,42.65499877929688,42.845001220703125,1561757
2024-03-05 14:30:00+00:00,43.47999954223633,43.560001373291016,42.5099983215332,42.5099983215332,1355179
2024-03-05 15:30:00+00:00,43.494998931884766,43.68000030517578,43.34310150146485,43.470001220703125,859706
2024-03-05 16:30:00+00:00,43.540000915527344,43.55500030517578,43.20000076293945,43.494998931884766,847535
2024-03-05 17:30:00+00:00,43.67499923706055,43.70000076293945,43.47499847412109,43.52999877929688,582374
2024-03-05 18:30:00+00:00,43.59000015258789,43.77000045776367,43.55500030517578,43.66999816894531,572070
2024-03-05 19:30:00+00:00,42.98699951171875,43.58919906616211,42.970001220703125,43.58919906616211,1609606
2024-03-05 20:30:00+00:00,43.2599983215332,43.290000915527344,42.96500015258789,42.98500061035156,1894926
2024-03-06 14:30:00+00:00,42.67789840698242,43.11989974975586,42.290000915527344,43.060001373291016,1712691
2024-03-06 15:30:00+00:00,42.81499862670898,42.88999938964844,42.57500076293945,42.68999862670898,1166480
2024-03-06 16:30:00+00:00,42.69499969482422,42.959999084472656,42.119998931884766,42.81499862670898,1561848
2024-03-06 17:30:00+00:00,42.994998931884766,43.0,42.67250061035156,42.70000076293945,1043302
2024-03-06 18:30:00+00:00,43.18999862670898,43.20000076293945,42.68000030517578,43.0,1307095
2024-03-06 19:30:00+00:00,43.11000061035156,43.27999877929688,43.000099182128906,43.19499969482422,1193000
2024-03-06 20:30:00+00:00,43.09000015258789,43.20000076293945,42.85499954223633,43.11000061035156,1443341
2024-03-07 14:30:00+00:00,43.59999847412109,43.7599983215332,43.25,43.45000076293945,1361723
2024-03-07 15:30:00+00:00,43.40499877929688,43.709999084472656,43.33000183105469,43.59999847412109,1068462
2024-03-07 16:30:00+00:00,43.10100173950195,43.43000030517578,43.09999847412109,43.400001525878906,790499
2024-03-07 17:30:00+00:00,43.38610076904297,43.39500045776367,43.060001373291016,43.10020065307617,432459
2024-03-07 18:30:00+00:00,43.255001068115234,43.40999984741211,43.2400016784668,43.38999938964844,591698
2024-03-07 19:30:00+00:00,43.23500061035156,43.34999847412109,43.209999084472656,43.25600051879883,615198
2024-03-07 20:30:00+00:00,43.33000183105469,43.47499847412109,43.21500015258789,43.23500061035156,1122100
2024-03-08 14:30:00+00:00,43.31999969482422,43.81999969482422,43.22999954223633,43.77000045776367,1246173
2024-03-08 15:30:00+00:00,43.2400016784668,43.43999862670898,43.20000076293945,43.32500076293945,890074
2024-03-08 16:30:00+00:00,43.33000183105469,43.415000915527344,43.16999816894531,43.23500061035156,593340
2024-03-08 17:30:00+00:00,43.41999816894531,43.45000076293945,43.18999862670898,43.33000183105469,644962
2024-03-08 18:30:00+00:00,43.369998931884766,43.415000915527344,43.209999084472656,43.400001525878906,448925
2024-03-08 19:30:00+00:00,43.26100158691406,43.44609832763672,43.25,43.380001068115234,578220
2024-03-08 20:30:00+00:00,43.2400016784668,43.44499969482422,43.2400016784668,43.2599983215332,1107644
2024-03-11 13:30:00+00:00,43.17499923706055,43.5,43.02999877929688,43.16999816894531,820922
2024-03-11 14:30:00+00:00,43.345001220703125,43.42499923706055,43.13999938964844,43.16999816894531,636580
2024-03-11 15:30:00+00:00,43.540000915527344,43.54999923706055,43.29999923706055,43.34000015258789,580268
2024-03-11 16:30:00+00:00,43.7599983215332,43.77000045776367,43.5099983215332,43.54999923706055,601364
2024-03-11 17:30:00+00:00,43.665000915527344,43.76499938964844,43.584999084472656,43.76499938964844,526326
2024-03-11 18:30:00+00:00,43.57500076293945,43.77999877929688,43.560001373291016,43.66999816894531,841011
2024-03-11 19:30:00+00:00,43.52000045776367,43.65999984741211,43.47999954223633,43.56999969482422,1613676
2024-03-12 13:30:00+00:00,43.54999923706055,43.6349983215332,43.09000015258789,43.38999938964844,1077753
2024-03-12 14:30:00+00:00,43.494998931884766,43.6349983215332,43.41999816894531,43.55500030517578,591818
2024-03-12 15:30:00+00:00,43.29999923706055,43.53499984741211,43.290000915527344,43.494998931884766,569830
2024-03-12 16:30:00+00:00,43.209999084472656,43.33000183105469,43.104000091552734,43.30500030517578,521218
2024-03-12 17:30:00+00:00,43.30500030517578,43.31999969482422,43.15999984741211,43.21500015258789,531615
2024-03-12 18:30:00+00:00,43.43999862670898,43.44499969482422,43.25,43.29999923706055,669090
2024-03-12 19:30:00+00:00,43.209999084472656,43.4375,43.209999084472656,43.435001373291016,971078
2024-03-13 13:30:00+00:00,43.7599983215332,44.06999969482422,43.22499847412109,43.22499847412109,1090908
2024-03-13 14:30:00+00:00,43.61000061035156,43.77999877929688,43.56999969482422,43.755001068115234,473564
2024-03-13 15:30:00+00:00,43.63029861450195,43.727500915527344,43.59000015258789,43.61000061035156,388616
2024-03-13 16:30:00+00:00,43.525001525878906,43.71500015258789,43.47999954223633,43.6349983215332,397649
2024-03-13 17:30:00+00:00,43.56499862670898,43.685001373291016,43.43999862670898,43.52000045776367,542829
2024-03-13 18:30:00+00:00,43.290000915527344,43.6150016784668,43.22499847412109,43.56499862670898,681708
2024-03-13 19:30:00+00:00,43.470001220703125,43.4900016784668,43.290000915527344,43.29499816894531,1126191
2024-03-14 13:30:00+00:00,42.540000915527344,43.54999923706055,42.540000915527344,43.09000015258789,1078876
2024-03-14 14:30:00+00:00,42.6349983215332,42.66999816894531,42.5,42.54999923706055,446157
2024-03-14 15:30:00+00:00,42.58000183105469,42.75,42.52999877929688,42.63570022583008,421008
2024-03-14 16:30:00+00:00,42.31999969482422,42.6150016784668,42.31999969482422,42.56499862670898,524369
2024-03-14 17:30:00+00:00,42.435001373291016,42.51499938964844,42.25,42.31999969482422,579008
2024-03-14 18:30:00+00:00,42.18000030517578,42.52000045776367,42.11000061035156,42.43000030517578,875355
2024-03-14 19:30:00+00:00,42.34999847412109,42.38999938964844,42.09000015258789,42.185001373291016,1496291
2024-03-15 13:30:00+00:00,42.595001220703125,42.77999877929688,41.93000030517578,41.93000030517578,2127394
2024-03-15 14:30:00+00:00,42.63999938964844,42.65499877929688,42.470001220703125,42.61000061035156,692135
2024-03-15 15:30:00+00:00,42.540000915527344,42.709999084472656,42.505001068115234,42.63999938964844,443528
2024-03-15 16:30:00+00:00,42.40999984741211,42.540000915527344,42.400001525878906,42.540000915527344,475986
2024-03-15 17:30:00+00:00,42.34999847412109,42.44499969482422,42.27999877929688,42.40999984741211,581253
2024-03-15 18:30:00+00:00,42.415000915527344,42.505001068115234,42.310001373291016,42.34999847412109,842010
2024-03-15 19:30:00+00:00,42.09999847412109,42.43000030517578,41.9900016784668,42.41999816894531,3080107
2024-03-18 13:30:00+00:00,41.93000030517578,42.470001220703125,41.68999862670898,42.470001220703125,1186430
2024-03-18 14:30:00+00:00,42.040000915527344,42.06999969482422,41.88999938964844,41.93000030517578,562894
2024-03-18 15:30:00+00:00,42.09999847412109,42.17499923706055,41.97420120239258,42.03499984741211,483275
2024-03-18 16:30:00+00:00,42.209999084472656,42.25,42.09999847412109,42.09999847412109,419786
2024-03-18 17:30:00+00:00,42.2489013671875,42.2599983215332,42.11000061035156,42.220001220703125,635921
2024-03-18 18:30:00+00:00,42.29999923706055,42.31999969482422,42.22999954223633,42.2400016784668,692403
2024-03-18 19:30:00+00:00,42.470001220703125,42.4900016784668,42.27000045776367,42.29499816894531,1523626
2024-03-19 13:30:00+00:00,42.44499969482422,42.653900146484375,42.33969879150391,42.400001525878906,842084
2024-03-19 14:30:00+00:00,42.53499984741211,42.560001373291016,42.400001525878906,42.45000076293945,507128
2024-03-19 15:30:00+00:00,42.3650016784668,42.56999969482422,42.33000183105469,42.53010177612305,458662
2024-03-19 16:30:00+00:00,42.345001220703125,42.430301666259766,42.22499847412109,42.3650016784668,599815
2024-03-19 17:30:00+00:00,42.25920104980469,42.41999816894531,42.1150016784668,42.345001220703125,498752
2024-03-19 18:30:00+00:00,42.165000915527344,42.290000915527344,42.165000915527344,42.25,508643
2024-03-19 19:30:00+00:00,42.22999954223633,42.27000045776367,42.09000015258789,42.15999984741211,939471
2024-03-20 13:30:00+00:00,42.584999084472656,42.59000015258789,41.88999938964844,41.91999816894531,851228
2024-03-20 14:30:00+00:00,42.650001525878906,42.665000915527344,42.43999862670898,42.58000183105469,458817
2024-03-20 15:30:00+00:00,42.68999862670898,42.75,42.59999847412109,42.65499877929688,492019
2024-03-20 16:30:00+00:00,42.56809997558594,42.68000030517578,42.52000045776367,42.68000030517578,412376
2024-03-20 17:30:00+00:00,42.85499954223633,42.900001525878906,42.5,42.56499862670898,601607
2024-03-20 18:30:00+00:00,43.5703010559082,43.59000015258789,42.66999816894531,42.86000061035156,1300515
2024-03-20 19:30:00+00:00,43.45000076293945,43.67499923706055,43.380001068115234,43.56999969482422,1479352
2024-03-21 13:30:00+00:00,44.52999877929688,44.7400016784668,43.70000076293945,43.75,1456168
2024-03-21 14:30:00+00:00,44.18000030517578,44.595001220703125,44.119998931884766,44.540000915527344,983456
2024-03-21 15:30:00+00:00,44.27980041503906,44.45500183105469,44.16999816894531,44.18999862670898,769609
2024-03-21 16:30:00+00:00,44.22999954223633,44.30500030517578,44.16999816894531,44.275001525878906,689393
2024-03-21 17:30:00+00:00,44.23500061035156,44.310001373291016,44.15129852294922,44.220001220703125,624656
2024-03-21 18:30:00+00:00,44.4109992980957,44.41999816894531,44.23500061035156,44.23500061035156,678943
2024-03-21 19:30:00+00:00,44.43999862670898,44.51750183105469,44.345001220703125,44.415000915527344,1380155
2024-03-22 13:30:00+00:00,43.97999954223633,45.040000915527344,43.94499969482422,44.93000030517578,1006193
2024-03-22 14:30:00+00:00,43.95000076293945,43.97999954223633,43.81499862670898,43.970001220703125,460779
2024-03-22 15:30:00+00:00,43.96500015258789,43.970001220703125,43.83000183105469,43.95000076293945,433985
2024-03-22 16:30:00+00:00,43.845001220703125,43.959999084472656,43.79999923706055,43.959999084472656,473053
2024-03-22 17:30:00+00:00,43.744998931884766,43.89500045776367,43.709999084472656,43.845001220703125,546986
2024-03-22 18:30:00+00:00,43.79499816894531,43.84999847412109,43.65999984741211,43.7400016784668,748965
2024-03-22 19:30:00+00:00,43.58000183105469,43.84000015258789,43.58000183105469,43.79499816894531,1583510
2024-03-25 13:30:00+00:00,43.8849983215332,44.29999923706055,43.68000030517578,43.75,992294
2024-03-25 14:30:00+00:00,43.86090087890625,43.970001220703125,43.775001525878906,43.88059997558594,584679
2024-03-25 15:30:00+00:00,43.80500030517578,43.88999938964844,43.7400016784668,43.86000061035156,307981
2024-03-25 16:30:00+00:00,43.64500045776367,43.81499862670898,43.59999847412109,43.79999923706055,359379
2024-03-25 17:30:00+00:00,43.79779815673828,43.810001373291016,43.6349983215332,43.63999938964844,394302
2024-03-25 18:30:00+00:00,43.51810073852539,43.79010009765625,43.459999084472656,43.790000915527344,591472
2024-03-25 19:30:00+00:00,43.54999923706055,43.59749984741211,43.505001068115234,43.52000045776367,841558
2024-03-26 13:30:00+00:00,43.70000076293945,44.0,43.61000061035156,44.0,743393
2024-03-26 14:30:00+00:00,43.625,43.79999923706055,43.61000061035156,43.70000076293945,372084
2024-03-26 15:30:00+00:00,43.65499877929688,43.68999862670898,43.56999969482422,43.625,380797
2024-03-26 16:30:00+00:00,43.64500045776367,43.744998931884766,43.625,43.650001525878906,325353
2024-03-26 17:30:00+00:00,43.68000030517578,43.70500183105469,43.619998931884766,43.63999938964844,360060
2024-03-26 18:30:00+00:00,43.6150016784668,43.744998931884766,43.59999847412109,43.66999816894531,586555
2024-03-26 19:30:00+00:00,43.52999877929688,43.630001068115234,43.470001220703125,43.6150016784668,1078821
2024-03-27 13:30:00+00:00,43.38999938964844,43.750099182128906,43.290000915527344,43.29999923706055,766469
2024-03-27 14:30:00+00:00,43.369998931884766,43.459999084472656,43.2599983215332,43.400001525878906,657931
2024-03-27 15:30:00+00:00,43.40999984741211,43.43999862670898,43.31999969482422,43.380001068115234,446057
2024-03-27 16:30:00+00:00,43.5166015625,43.56999969482422,43.400001525878906,43.40499877929688,483890
2024-03-27 17:30:00+00:00,43.54999923706055,43.584999084472656,43.43999862670898,43.51499938964844,414066
2024-03-27 18:30:00+00:00,43.68000030517578,43.68000030517578,43.505001068115234,43.560001373291016,575453
2024-03-27 19:30:00+00:00,44.02000045776367,44.02000045776367,43.65499877929688,43.68000030517578,1463206
2024-03-28 13:30:00+00:00,44.43999862670898,44.68000030517578,44.29999923706055,44.41999816894531,1209883
2024-03-28 14:30:00+00:00,44.685001373291016,44.70000076293945,44.44010162353516,44.459999084472656,658338
2024-03-28 15:30:00+00:00,44.6349983215332,44.77000045776367,44.58000183105469,44.68000030517578,552437
2024-03-28 16:30:00+00:00,44.65499877929688,44.69499969482422,44.56999969482422,44.630001068115234,491237
2024-03-28 17:30:00+00:00,44.80500030517578,44.84000015258789,44.619998931884766,44.65499877929688,463933
2024-03-28 18:30:00+00:00,44.875,44.90999984741211,44.76499938964844,44.80500030517578,653248
2024-03-28 19:30:00+00:00,44.68999862670898,44.900001525878906,44.66999816894531,44.880001068115234,1344479
2024-04-01 13:30:00+00:00,44.040000915527344,44.75,44.02000045776367,44.58000183105469,768623
2024-04-01 14:30:00+00:00,44.125,44.220001220703125,44.005001068115234,44.040000915527344,430100
2024-04-01 15:30:00+00:00,44.09999847412109,44.150001525878906,44.01499938964844,44.119998931884766,431747
2024-04-01 16:30:00+00:00,43.994998931884766,44.095001220703125,43.93999862670898,44.095001220703125,405034
2024-04-01 17:30:00+00:00,44.05500030517578,44.09999847412109,43.95500183105469,43.994998931884766,411088
2024-04-01 18:30:00+00:00,43.97999954223633,44.119998931884766,43.93999862670898,44.04999923706055,445741
2024-04-01 19:30:00+00:00,43.93000030517578,44.025001525878906,43.8849983215332,43.97999954223633,1011465
2024-04-02 13:30:00+00:00,43.7599983215332,43.95000076293945,43.369998931884766,43.68999862670898,936099
2024-04-02 14:30:00+00:00,43.65520095825195,43.84000015258789,43.65499877929688,43.7599983215332,459060
2024-04-02 15:30:00+00:00,43.52000045776367,43.65999984741211,43.45000076293945,43.650001525878906,396975
2024-04-02 16:30:00+00:00,43.375,43.52000045776367,43.36000061035156,43.52000045776367,315548
2024-04-02 17:30:00+00:00,43.18999862670898,43.41999816894531,43.18999862670898,43.380001068115234,625022
2024-04-02 18:30:00+00:00,43.22999954223633,43.255001068115234,43.119998931884766,43.19499969482422,714781
2024-04-02 19:30:00+00:00,43.25,43.34000015258789,43.150001525878906,43.23500061035156,1536895
2024-04-03 13:30:00+00:00,43.54499816894531,43.77000045776367,43.18999862670898,43.22999954223633,1265494
2024-04-03 14:30:00+00:00,43.209999084472656,43.59000015258789,43.18999862670898,43.54999923706055,553559
2024-04-03 15:30:00+00:00,43.4098014831543,43.40999984741211,43.125,43.20000076293945,462981
2024-04-03 16:30:00+00:00,43.380001068115234,43.44499969482422,43.27999877929688,43.40999984741211,367934
2024-04-03 17:30:00+00:00,43.255001068115234,43.43999862670898,43.25,43.3849983215332,453008
2024-04-03 18:30:00+00:00,43.150001525878906,43.310001373291016,43.0099983215332,43.2598991394043,617841
2024-04-03 19:30:00+00:00,43.119998931884766,43.25,43.06999969482422,43.13999938964844,1130238
2024-04-04 13:30:00+00:00,43.8849983215332,43.93000030517578,43.43000030517578,43.56999969482422,985989
2024-04-04 14:30:00+00:00,43.72999954223633,44.02999877929688,43.66999816894531,43.8849983215332,846089
2024-04-04 15:30:00+00:00,43.70500183105469,43.790000915527344,43.650001525878906,43.72999954223633,395655
2024-04-04 16:30:00+00:00,43.70000076293945,43.75,43.65999984741211,43.70500183105469,343183
2024-04-04 17:30:00+00:00,43.11000061035156,43.68999862670898,43.09999847412109,43.68999862670898,693345
2024-04-04 18:30:00+00:00,42.869998931884766,43.16579818725586,42.775001525878906,43.1150016784668,805440
2024-04-04 19:30:00+00:00,42.93000030517578,43.0,42.72499847412109,42.869998931884766,1076708
2024-04-05 13:30:00+00:00,42.8849983215332,43.16999816894531,42.65999984741211,42.75,864082
2024-04-05 14:30:00+00:00,43.09999847412109,43.18999862670898,42.84000015258789,42.880001068115234,588414
2024-04-05 15:30:00+00:00,43.23500061035156,43.29499816894531,43.060001373291016,43.09000015258789,501038
2024-04-05 16:30:00+00:00,43.130001068115234,43.27000045776367,43.02999877929688,43.23500061035156,281302
2024-04-05 17:30:00+00:00,43.02999877929688,43.18999862670898,42.95000076293945,43.130001068115234,530179
2024-04-05 18:30:00+00:00,42.9900016784668,43.08000183105469,42.880001068115234,43.03499984741211,464687
2024-04-05 19:30:00+00:00,43.03499984741211,43.1349983215332,42.97999954223633,42.98500061035156,726929
2024-04-08 13:30:00+00:00,43.619998931884766,43.63999938964844,43.060001373291016,43.290000915527344,943733
2024-04-08 14:30:00+00:00,43.75,43.90999984741211,43.56999969482422,43.619998931884766,660983
2024-04-08 15:30:00+00:00,43.77999877929688,43.77999877929688,43.59999847412109,43.744998931884766,472326
2024-04-08 16:30:00+00:00,43.8849983215332,43.915000915527344,43.7599983215332,43.77000045776367,585585
2024-04-08 17:30:00+00:00,43.9900016784668,44.005001068115234,43.84000015258789,43.8849983215332,500750
2024-04-08 18:30:00+00:00,43.875,43.9900016784668,43.82500076293945,43.9900016784668,615567
2024-04-08 19:30:00+00:00,43.7400016784668,43.915000915527344,43.6349983215332,43.869998931884766,1095213
2024-04-09 13:30:00+00:00,43.790000915527344,44.02000045776367,43.49029922485352,43.81999969482422,669322
2024-04-09 14:30:00+00:00,43.55210113525391,43.78499984741211,43.40999984741211,43.78499984741211,627047
2024-04-09 15:30:00+00:00,43.775001525878906,43.790000915527344,43.54499816894531,43.55500030517578,536999
2024-04-09 16:30:00+00:00,43.810001373291016,43.900001525878906,43.744998931884766,43.775001525878906,457347
2024-04-09 17:30:00+00:00,43.84000015258789,43.900001525878906,43.76499938964844,43.81499862670898,543682
2024-04-09 18:30:00+00:00,44.0099983215332,44.01499938964844,43.744998931884766,43.84999847412109,656944
2024-04-09 19:30:00+00:00,43.95000076293945,44.02000045776367,43.85499954223633,44.0099983215332,1337400
2024-04-10 13:30:00+00:00,42.77999877929688,43.040000915527344,42.27000045776367,43.0099983215332,1211274
2024-04-10 14:30:00+00:00,42.5,42.91999816894531,42.45000076293945,42.77000045776367,656357
2024-04-10 15:30:00+00:00,42.310001373291016,42.505001068115234,42.12009811401367,42.505001068115234,641238
2024-04-10 16:30:00+00:00,42.18000030517578,42.369998931884766,41.959999084472656,42.30500030517578,679469
2024-04-10 17:30:00+00:00,41.96500015258789,42.34000015258789,41.95000076293945,42.185001373291016,895097
2024-04-10 18:30:00+00:00,42.09999847412109,42.16999816894531,41.875,41.97499847412109,1262190
2024-04-10 19:30:00+00:00,42.02000045776367,42.19499969482422,41.97499847412109,42.09999847412109,1243615
2024-04-11 13:30:00+00:00,41.22999954223633,42.20000076293945,41.209999084472656,42.20000076293945,1107442
2024-04-11 14:30:00+00:00,41.560001373291016,41.630001068115234,41.20500183105469,41.220001220703125,759191
2024-04-11 15:30:00+00:00,41.595001220703125,41.82500076293945,41.52999877929688,41.56499862670898,737668
2024-04-11 16:30:00+00:00,41.935001373291016,42.01499938964844,41.584999084472656,41.59999847412109,592910
2024-04-11 17:30:00+00:00,41.97499847412109,42.060001373291016,41.81999969482422,41.935001373291016,396712
2024-04-11 18:30:00+00:00,41.970001220703125,42.060001373291016,41.915000915527344,41.97499847412109,483113
2024-04-11 19:30:00+00:00,41.91999816894531,42.040000915527344,41.88999938964844,41.970001220703125,1390584
2024-04-12 13:30:00+00:00,41.5,41.72499847412109,41.18000030517578,41.209999084472656,1025813
2024-04-12 14:30:00+00:00,41.375,41.619998931884766,41.33000183105469,41.4900016784668,970422
2024-04-12 15:30:00+00:00,41.52999877929688,41.58000183105469,41.369998931884766,41.380001068115234,419061
2024-04-12 16:30:00+00:00,41.380001068115234,41.54999923706055,41.34000015258789,41.52999877929688,545358
2024-04-12 17:30:00+00:00,41.459999084472656,41.58000183105469,41.29999923706055,41.369998931884766,570993
2024-04-12 18:30:00+00:00,41.415000915527344,41.4900016784668,41.310001373291016,41.459999084472656,661225
2024-04-12 19:30:00+00:00,41.59999847412109,41.619998931884766,41.34000015258789,41.41999816894531,1526196
2024-04-15 13:30:00+00:00,41.790000915527344,42.834999084472656,41.7599983215332,42.060001373291016,1774663
2024-04-15 14:30:00+00:00,41.584999084472656,41.88999938964844,41.459999084472656,41.790000915527344,678268
2024-04-15 15:30:00+00:00,41.709999084472656,41.90499877929688,41.59000015258789,41.59000015258789,795089
2024-04-15 16:30:00+00:00,41.36000061035156,41.755001068115234,41.34999847412109,41.70000076293945,787777
2024-04-15 17:30:00+00:00,41.33000183105469,41.494998931884766,41.25,41.36000061035156,738190
2024-04-15 18:30:00+00:00,41.209999084472656,41.40999984741211,41.095001220703125,41.290000915527344,1628036
2024-04-15 19:30:00+00:00,41.43999862670898,41.47499847412109,41.15499877929688,41.220001220703125,1615355
2024-04-16 13:30:00+00:00,40.57500076293945,41.27000045776367,40.38999938964844,41.25,1476134
2024-04-16 14:30:00+00:00,40.79999923706055,40.84999847412109,40.4900016784668,40.58000183105469,1120234
2024-04-16 15:30:00+00:00,40.935001373291016,40.97560119628906,40.70000076293945,40.79499816894531,795510
2024-04-16 16:30:00+00:00,40.98500061035156,41.09999847412109,40.77000045776367,40.93000030517578,904034
2024-04-16 17:30:00+00:00,40.82500076293945,41.1349983215332,40.68999862670898,40.9900016784668,1049911
2024-04-16 18:30:00+00:00,41.10499954223633,41.15999984741211,40.790000915527344,40.834999084472656,1092322
2024-04-16 19:30:00+00:00,41.0,41.119998931884766,40.869998931884766,41.09999847412109,1597206
2024-04-17 13:30:00+00:00,39.31999969482422,39.970001220703125,39.060001373291016,39.5,4118782
2024-04-17 14:30:00+00:00,38.93000030517578,39.435001373291016,38.90999984741211,39.31999969482422,1912105
2024-04-17 15:30:00+00:00,39.10499954223633,39.209999084472656,38.790000915527344,38.93000030517578,2106657
2024-04-17 16:30:00+00:00,39.42499923706055,39.45000076293945,39.05030059814453,39.09999847412109,807046
2024-04-17 17:30:00+00:00,39.4900016784668,39.595001220703125,39.375,39.43000030517578,914256
2024-04-17 18:30:00+00:00,39.59999847412109,39.834999084472656,39.45000076293945,39.4900016784668,1044107
2024-04-17 19:30:00+00:00,39.5099983215332,39.7400016784668,39.5,39.60499954223633,1817300
2024-04-18 13:30:00+00:00,39.494998931884766,39.63999938964844,39.18999862670898,39.40999984741211,1678258
2024-04-18 14:30:00+00:00,40.07500076293945,40.150001525878906,39.47499847412109,39.4900016784668,1072623
2024-04-18 15:30:00+00:00,39.7599983215332,40.130001068115234,39.72999954223633,40.08000183105469,842139
2024-04-18 16:30:00+00:00,39.70500183105469,39.81999969482422,39.56999969482422,39.75400161743164,724034
2024-04-18 17:30:00+00:00,39.459999084472656,39.709999084472656,39.45000076293945,39.709999084472656,629817
2024-04-18 18:30:00+00:00,39.56499862670898,39.60049819946289,39.33000183105469,39.459999084472656,1213857
2024-04-18 19:30:00+00:00,39.435001373291016,39.64590072631836,39.38999938964844,39.56499862670898,1757144
2024-04-19 13:30:00+00:00,39.88999938964844,40.02999877929688,39.40999984741211,39.459999084472656,2473764
2024-04-19 14:30:00+00:00,40.02000045776367,40.06999969482422,39.77000045776367,39.88999938964844,1746680
2024-04-19 15:30:00+00:00,39.959999084472656,40.11000061035156,39.83000183105469,40.02000045776367,950128
2024-04-19 16:30:00+00:00,40.04499816894531,40.13999938964844,39.86000061035156,39.95000076293945,813219
2024-04-19 17:30:00+00:00,40.0,40.21500015258789,39.97499847412109,40.04499816894531,769385
2024-04-19 18:30:00+00:00,40.150001525878906,40.220001220703125,39.959999084472656,40.0,1120624
2024-04-19 19:30:00+00:00,40.45000076293945,40.459999084472656,40.06499862670898,40.13999938964844,1922431
2024-04-22 13:30:00+00:00,40.58000183105469,40.720001220703125,40.2400016784668,40.68000030517578,1197655
2024-04-22 14:30:00+00:00,40.744998931884766,40.82500076293945,40.51499938964844,40.584999084472656,584448
2024-04-22 15:30:00+00:00,40.95000076293945,40.9900016784668,40.69499969482422,40.744998931884766,647837
2024-04-22 16:30:00+00:00,41.165000915527344,41.209999084472656,40.89500045776367,40.95500183105469,617256
2024-04-22 17:30:00+00:00,41.30500030517578,41.369998931884766,41.06999969482422,41.16999816894531,1268468
2024-04-22 18:30:00+00:00,41.031700134277344,41.31999969482422,40.994998931884766,41.310001373291016,817900
2024-04-22 19:30:00+00:00,41.04499816894531,41.06999969482422,40.845001220703125,41.02999877929688,1684918
2024-04-23 13:30:00+00:00,41.15499877929688,41.2599983215332,40.84999847412109,41.130001068115234,1258256
2024-04-23 14:30:00+00:00,41.19499969482422,41.209999084472656,40.97499847412109,41.15499877929688,960966
2024-04-23 15:30:00+00:00,41.149600982666016,41.2599983215332,41.06499862670898,41.18999862670898,573853
2024-04-23 16:30:00+00:00,41.21500015258789,41.22999954223633,41.09000015258789,41.150001525878906,665610
2024-04-23 17:30:00+00:00,41.08000183105469,41.22999954223633,41.060001373291016,41.209999084472656,775822
2024-04-23 18:30:00+00:00,40.97999954223633,41.119998931884766,40.962501525878906,41.07500076293945,567149
2024-04-23 19:30:00+00:00,40.970001220703125,41.0,40.810001373291016,40.970001220703125,1251466
2024-04-24 13:30:00+00:00,41.540000915527344,41.540000915527344,40.43000030517578,40.52999877929688,1179864
2024-04-24 14:30:00+00:00,41.40499877929688,41.54499816894531,41.282501220703125,41.54499816894531,749248
2024-04-24 15:30:00+00:00,41.400001525878906,41.435001373291016,41.275001525878906,41.40999984741211,567421
2024-04-24 16:30:00+00:00,41.435001373291016,41.4900016784668,41.34999847412109,41.40499877929688,594104
2024-04-24 17:30:00+00:00,41.400001525878906,41.5099983215332,41.345001220703125,41.435001373291016,492932
2024-04-24 18:30:00+00:00,41.58000183105469,41.619998931884766,41.375,41.40999984741211,657342
2024-04-24 19:30:00+00:00,41.61000061035156,41.72499847412109,41.52000045776367,41.584999084472656,1239222
2024-04-25 13:30:00+00:00,40.630001068115234,41.7400016784668,40.380001068115234,41.34000015258789,1302269
2024-04-25 14:30:00+00:00,40.915000915527344,40.91999816894531,40.58000183105469,40.619998931884766,624434
2024-04-25 15:30:00+00:00,40.93000030517578,40.9900016784668,40.83000183105469,40.91999816894531,415325
2024-04-25 16:30:00+00:00,40.84000015258789,40.97999954223633,40.81999969482422,40.93000030517578,407588
2024-04-25 17:30:00+00:00,40.83000183105469,41.06999969482422,40.82500076293945,40.834999084472656,396028
2024-04-25 18:30:00+00:00,41.10499954223633,41.130001068115234,40.79499816894531,40.83000183105469,520876
2024-04-25 19:30:00+00:00,40.9900016784668,41.15499877929688,40.93999862670898,41.10499954223633,988845
2024-04-26 13:30:00+00:00,41.45000076293945,41.54999923706055,40.86000061035156,41.0,741578
2024-04-26 14:30:00+00:00,41.18999862670898,41.47999954223633,41.09999847412109,41.43999862670898,443126
2024-04-26 15:30:00+00:00,41.30500030517578,41.34000015258789,41.10499954223633,41.18000030517578,349945
2024-04-26 16:30:00+00:00,41.28499984741211,41.345001220703125,41.22999954223633,41.30500030517578,288793
2024-04-26 17:30:00+00:00,41.36000061035156,41.400001525878906,41.25,41.28499984741211,410387
2024-04-26 18:30:00+00:00,41.27999877929688,41.40999984741211,41.2599983215332,41.36000061035156,538484
2024-04-26 19:30:00+00:00,41.11000061035156,41.27999877929688,41.11000061035156,41.27999877929688,781680
2024-04-29 13:30:00+00:00,41.275001525878906,41.410099029541016,41.13999938964844,41.220001220703125,617586
2024-04-29 14:30:00+00:00,41.36989974975586,41.38999938964844,41.25,41.275001525878906,376815
2024-04-29 15:30:00+00:00,41.45000076293945,41.470001220703125,41.2599983215332,41.36000061035156,318607
2024-04-29 16:30:00+00:00,41.345001220703125,41.505001068115234,41.30500030517578,41.44499969482422,269481
2024-04-29 17:30:00+00:00,41.46500015258789,41.47999954223633,41.31999969482422,41.345001220703125,354583
2024-04-29 18:30:00+00:00,41.18000030517578,41.459999084472656,41.08000183105469,41.459999084472656,390908
2024-04-29 19:30:00+00:00,41.29999923706055,41.310001373291016,41.08000183105469,41.18000030517578,845531
2024-04-30 13:30:00+00:00,41.125,41.2599983215332,40.665000915527344,41.04999923706055,646728
2024-04-30 14:30:00+00:00,41.01499938964844,41.255001068115234,40.970001220703125,41.125,855691
2024-04-30 15:30:00+00:00,40.85010147094727,41.0099983215332,40.84000015258789,41.0099983215332,637146
2024-04-30 16:30:00+00:00,40.7599983215332,40.84999847412109,40.685001373291016,40.84999847412109,573121
2024-04-30 17:30:00+00:00,40.72999954223633,40.8849983215332,40.685001373291016,40.75,501459
2024-04-30 18:30:00+00:00,40.62009811401367,40.744998931884766,40.60499954223633,40.72499847412109,471239
2024-04-30 19:30:00+00:00,40.630001068115234,40.72999954223633,40.58000183105469,40.625,1567373
2024-05-01 13:30:00+00:00,40.76070022583008,40.90999984741211,40.525001525878906,40.59000015258789,816901
2024-05-01 14:30:00+00:00,41.005001068115234,41.0099983215332,40.65499877929688,40.7599983215332,570615
2024-05-01 15:30:00+00:00,40.88999938964844,41.02999877929688,40.880001068115234,41.0099983215332,405356
2024-05-01 16:30:00+00:00,40.86000061035156,40.93999862670898,40.73500061035156,40.88999938964844,520676
2024-05-01 17:30:00+00:00,40.97999954223633,40.98500061035156,40.77000045776367,40.84999847412109,463009
2024-05-01 18:30:00+00:00,41.540000915527344,41.810001373291016,40.75,40.98500061035156,1076369
2024-05-01 19:30:00+00:00,41.025001525878906,41.540000915527344,41.025001525878906,41.540000915527344,1130964
2024-05-02 13:30:00+00:00,41.06499862670898,41.68000030517578,40.915000915527344,41.61000061035156,1051264
2024-05-02 14:30:00+00:00,40.83000183105469,41.084999084472656,40.79999923706055,41.060001373291016,676452
2024-05-02 15:30:00+00:00,40.7400016784668,40.84000015258789,40.625,40.83000183105469,912272
2024-05-02 16:30:00+00:00,40.76499938964844,40.79999923706055,40.59999847412109,40.75,926715
2024-05-02 17:30:00+00:00,40.869998931884766,40.880001068115234,40.68000030517578,40.77000045776367,466117
2024-05-02 18:30:00+00:00,40.93999862670898,41.06999969482422,40.84000015258789,40.869998931884766,507518
2024-05-02 19:30:00+00:00,40.970001220703125,40.970001220703125,40.81999969482422,40.93000030517578,707370
2024-05-03 13:30:00+00:00,41.56999969482422,41.83000183105469,41.31999969482422,41.54999923706055,1085568
2024-05-03 14:30:00+00:00,41.43000030517578,41.619998931884766,41.28499984741211,41.56999969482422,745885
2024-05-03 15:30:00+00:00,41.42259979248047,41.48500061035156,41.2400016784668,41.43999862670898,484111
2024-05-03 16:30:00+00:00,41.310001373291016,41.470001220703125,41.310001373291016,41.42499923706055,415279
2024-05-03 17:30:00+00:00,41.47499847412109,41.5,41.2599983215332,41.30500030517578,301590
2024-05-03 18:30:00+00:00,41.43000030517578,41.470001220703125,41.33000183105469,41.470001220703125,433636
2024-05-03 19:30:00+00:00,41.40999984741211,41.47999954223633,41.35499954223633,41.42499923706055,760405
2024-05-06 13:30:00+00:00,41.75,41.79999923706055,41.41999816894531,41.7599983215332,516076
2024-05-06 14:30:00+00:00,41.775001525878906,41.869998931884766,41.72499847412109,41.755001068115234,673018
2024-05-06 15:30:00+00:00,41.72999954223633,41.834999084472656,41.66999816894531,41.775001525878906,912705
2024-05-06 16:30:00+00:00,41.79499816894531,41.84000015258789,41.720001220703125,41.7400016784668,316192
2024-05-06 17:30:00+00:00,41.810001373291016,41.834999084472656,41.73500061035156,41.79499816894531,819417
2024-05-06 18:30:00+00:00,41.69860076904297,41.935001373291016,41.66999816894531,41.81999969482422,684120
2024-05-06 19:30:00+00:00,41.81999969482422,41.83000183105469,41.68999862670898,41.68999862670898,1506201
2024-05-07 13:30:00+00:00,41.755001068115234,42.07500076293945,41.65499877929688,42.0,1276623
2024-05-07 14:30:00+00:00,41.834999084472656,41.93999862670898,41.70500183105469,41.75749969482422,879766
2024-05-07 15:30:00+00:00,41.64500045776367,41.834999084472656,41.619998931884766,41.834999084472656,584422
2024-05-07 16:30:00+00:00,41.685001373291016,41.71500015258789,41.53499984741211,41.650001525878906,667191
2024-05-07 17:30:00+00:00,41.622501373291016,41.71500015258789,41.540000915527344,41.685001373291016,762362
2024-05-07 18:30:00+00:00,41.5099983215332,41.65999984741211,41.40499877929688,41.619998931884766,646150
2024-05-07 19:30:00+00:00,41.56999969482422,41.650001525878906,41.52000045776367,41.52000045776367,1054045
2024-05-08 13:30:00+00:00,41.23500061035156,41.34000015258789,41.060001373291016,41.22999954223633,993663
2024-05-08 14:30:00+00:00,41.31499862670898,41.33000183105469,41.16999816894531,41.22999954223633,1576795
2024-05-08 15:30:00+00:00,41.36000061035156,41.369998931884766,41.22499847412109,41.31999969482422,1209381
2024-05-08 16:30:00+00:00,41.3849983215332,41.459999084472656,41.26499938964844,41.36989974975586,527730
2024-05-08 17:30:00+00:00,41.66999816894531,41.68000030517578,41.34999847412109,41.380001068115234,752949
2024-05-08 18:30:00+00:00,41.685001373291016,41.790000915527344,41.65999984741211,41.66999816894531,942604
2024-05-08 19:30:00+00:00,41.68000030517578,41.77999877929688,41.619998931884766,41.68000030517578,1355483
2024-05-09 13:30:00+00:00,41.7599983215332,41.810001373291016,41.2599983215332,41.5099983215332,726334
2024-05-09 14:30:00+00:00,41.7760009765625,41.869998931884766,41.724700927734375,41.76499938964844,491618
2024-05-09 15:30:00+00:00,41.650001525878906,41.78499984741211,41.625,41.77999877929688,408347
2024-05-09 16:30:00+00:00,41.68999862670898,41.71500015258789,41.560001373291016,41.650001525878906,602508
2024-05-09 17:30:00+00:00,41.69499969482422,41.71500015258789,41.650001525878906,41.68999862670898,432816
2024-05-09 18:30:00+00:00,41.56499862670898,41.709999084472656,41.56499862670898,41.70000076293945,878297
2024-05-09 19:30:00+00:00,41.54999923706055,41.584999084472656,41.435001373291016,41.56499862670898,1956002
2024-05-10 13:30:00+00:00,41.810001373291016,41.90999984741211,41.61000061035156,41.70000076293945,974381
2024-05-10 14:30:00+00:00,41.744998931884766,41.8650016784668,41.720001220703125,41.810001373291016,471630
2024-05-10 15:30:00+00:00,41.775001525878906,41.810001373291016,41.72999954223633,41.744998931884766,459124
2024-05-10 16:30:00+00:00,41.72499847412109,41.80500030517578,41.70500183105469,41.77999877929688,250045
2024-05-10 17:30:00+00:00,41.75,41.77999877929688,41.709999084472656,41.72499847412109,438575
2024-05-10 18:30:00+00:00,41.775001525878906,41.79999923706055,41.68999862670898,41.75,547006
2024-05-10 19:30:00+00:00,41.84999847412109,41.90499877929688,41.76499938964844,41.775001525878906,808270
2024-05-13 13:30:00+00:00,42.05989837646485,42.22999954223633,41.900001525878906,42.0,602224
2024-05-13 14:30:00+00:00,42.05500030517578,42.119998931884766,42.0099983215332,42.04999923706055,423553
2024-05-13 15:30:00+00:00,41.834999084472656,42.03499984741211,41.82500076293945,42.0,459212
2024-05-13 16:30:00+00:00,41.63999938964844,41.84000015258789,41.625,41.84000015258789,362096
2024-05-13 17:30:00+00:00,41.720001220703125,41.72999954223633,41.60499954223633,41.650001525878906,314858
2024-05-13 18:30:00+00:00,41.6349983215332,41.79999923706055,41.6349983215332,41.72999954223633,419369
2024-05-13 19:30:00+00:00,41.5,41.63999938964844,41.4900016784668,41.63999938964844,1504010
2024-05-14 13:30:00+00:00,41.81999969482422,41.93000030517578,41.630001068115234,41.650001525878906,609068
2024-05-14 14:30:00+00:00,41.97999954223633,41.97999954223633,41.69499969482422,41.82500076293945,593814
2024-05-14 15:30:00+00:00,42.130001068115234,42.17499923706055,41.95500183105469,41.97999954223633,651834
2024-05-14 16:30:00+00:00,41.959999084472656,42.209999084472656,41.959999084472656,42.1349983215332,457508
2024-05-14 17:30:00+00:00,42.165000915527344,42.21500015258789,41.93000030517578,41.959999084472656,588819
2024-05-14 18:30:00+00:00,42.0,42.290000915527344,41.98860168457031,42.16999816894531,551992
2024-05-14 19:30:00+00:00,41.93999862670898,42.02999877929688,41.93999862670898,42.0,978549
2024-05-15 13:30:00+00:00,42.34000015258789,42.61000061035156,42.255001068115234,42.459999084472656,788319
2024-05-15 14:30:00+00:00,42.20000076293945,42.35499954223633,42.150001525878906,42.34000015258789,597315
2024-05-15 15:30:00+00:00,42.18999862670898,42.2400016784668,42.06499862670898,42.20000076293945,527856
2024-05-15 16:30:00+00:00,42.095001220703125,42.27999877929688,42.06999969482422,42.20000076293945,644259
2024-05-15 17:30:00+00:00,41.98500061035156,42.09000015258789,41.95000076293945,42.09000015258789,613569
2024-05-15 18:30:00+00:00,42.04010009765625,42.130001068115234,41.959999084472656,41.98949813842773,882738
2024-05-15 19:30:00+00:00,42.209999084472656,42.22999954223633,42.0099983215332,42.04499816894531,1757140
2024-05-16 13:30:00+00:00,41.81499862670898,42.2599983215332,41.71500015258789,42.06999969482422,1028980
2024-05-16 14:30:00+00:00,41.869998931884766,41.93999862670898,41.68999862670898,41.810001373291016,835945
2024-05-16 15:30:00+00:00,42.02999877929688,42.040000915527344,41.84000015258789,41.880001068115234,588047
2024-05-16 16:30:00+00:00,41.88999938964844,42.130001068115234,41.86000061035156,42.03749847412109,1435270
2024-05-16 17:30:00+00:00,41.630001068115234,41.90999984741211,41.59000015258789,41.89500045776367,727510
2024-05-16 18:30:00+00:00,41.84999847412109,41.88999938964844,41.584999084472656,41.625,869962
2024-05-16 19:30:00+00:00,41.66999816894531,41.86000061035156,41.61000061035156,41.84000015258789,1871113
2024-05-17 13:30:00+00:00,41.70500183105469,41.959999084472656,41.47999954223633,41.959999084472656,1263699
2024-05-17 14:30:00+00:00,41.595001220703125,41.70000076293945,41.47499847412109,41.70000076293945,2680948
2024-05-17 15:30:00+00:00,41.494998931884766,41.61000061035156,41.47999954223633,41.59999847412109,718935
2024-05-17 16:30:00+00:00,41.52000045776367,41.59199905395508,41.494998931884766,41.494998931884766,835723
2024-05-17 17:30:00+00:00,41.334999084472656,41.52999877929688,41.30500030517578,41.525001525878906,606982
2024-05-17 18:30:00+00:00,41.44499969482422,41.470001220703125,41.31499862670898,41.334999084472656,1276064
2024-05-17 19:30:00+00:00,41.45000076293945,41.459999084472656,41.33000183105469,41.43999862670898,1792592
2024-05-20 13:30:00+00:00,41.51499938964844,41.63999938964844,41.244998931884766,41.5,864940
2024-05-20 14:30:00+00:00,41.50379943847656,41.57749938964844,41.45000076293945,41.51499938964844,463332
2024-05-20 15:30:00+00:00,41.51499938964844,41.54999923706055,41.400001525878906,41.507999420166016,1260332
2024-05-20 16:30:00+00:00,41.375,41.52000045776367,41.33000183105469,41.52000045776367,1315143
2024-05-20 17:30:00+00:00,41.29999923706055,41.47999954223633,41.22999954223633,41.380001068115234,1122474
2024-05-20 18:30:00+00:00,40.99990081787109,41.310001373291016,40.970001220703125,41.310001373291016,991102
2024-05-20 19:30:00+00:00,40.900001525878906,41.07899856567383,40.84999847412109,41.0,1400169
2024-05-21 13:30:00+00:00,41.05500030517578,41.20500183105469,40.83000183105469,40.880001068115234,844241
2024-05-21 14:30:00+00:00,41.119998931884766,41.16999816894531,41.0099983215332,41.04999923706055,499493
2024-05-21 15:30:00+00:00,40.95500183105469,41.119998931884766,40.95000076293945,41.119998931884766,289072
2024-05-21 16:30:00+00:00,40.95000076293945,41.0099983215332,40.93000030517578,40.970001220703125,330085
2024-05-21 17:30:00+00:00,41.08000183105469,41.10499954223633,40.95000076293945,40.959999084472656,496754
2024-05-21 18:30:00+00:00,41.04499816894531,41.119998931884766,40.98500061035156,41.06999969482422,1115534
2024-05-21 19:30:00+00:00,41.209999084472656,41.220001220703125,41.03499984741211,41.04499816894531,1519868
2024-05-22 13:30:00+00:00,41.125,41.22999954223633,40.79999923706055,40.81999969482422,773771
2024-05-22 14:30:00+00:00,40.97999954223633,41.220001220703125,40.970001220703125,41.130001068115234,431306
2024-05-22 15:30:00+00:00,40.99990081787109,41.0099983215332,40.880001068115234,40.97999954223633,435521
2024-05-22 16:30:00+00:00,40.97499847412109,41.040000915527344,40.97499847412109,41.0,506120
2024-05-22 17:30:00+00:00,40.78929901123047,41.05500030517578,40.78499984741211,40.97499847412109,621147
2024-05-22 18:30:00+00:00,40.6349983215332,40.834999084472656,40.59999847412109,40.78499984741211,555558
2024-05-22 19:30:00+00:00,40.77000045776367,40.77000045776367,40.61000061035156,40.6349983215332,1179692
2024-05-23 13:30:00+00:00,40.31999969482422,40.84999847412109,40.220001220703125,40.79999923706055,891733
2024-05-23 14:30:00+00:00,40.43619918823242,40.47499847412109,40.26499938964844,40.33300018310547,481166
2024-05-23 15:30:00+00:00,40.41999816894531,40.54999923706055,40.38999938964844,40.43999862670898,453318
2024-05-23 16:30:00+00:00,40.26950073242188,40.470001220703125,40.16999816894531,40.42499923706055,760605
2024-05-23 17:30:00+00:00,39.782501220703125,40.2869987487793,39.755001068115234,40.2692985534668,803256
2024-05-23 18:30:00+00:00,39.969200134277344,39.97499847412109,39.7599983215332,39.77999877929688,651934
2024-05-23 19:30:00+00:00,40.02999877929688,40.05500030517578,39.91999816894531,39.96500015258789,1598934
2024-05-24 13:30:00+00:00,40.27999877929688,40.36989974975586,40.040000915527344,40.150001525878906,420299
2024-05-24 14:30:00+00:00,40.19820022583008,40.290000915527344,40.1349983215332,40.27999877929688,304986
2024-05-24 15:30:00+00:00,40.26499938964844,40.29999923706055,40.07500076293945,40.20000076293945,344374
2024-05-24 16:30:00+00:00,40.31999969482422,40.32500076293945,40.18989944458008,40.26499938964844,358155
2024-05-24 17:30:00+00:00,40.244998931884766,40.35499954223633,40.2400016784668,40.310001373291016,374965
2024-05-24 18:30:00+00:00,40.369998931884766,40.505001068115234,40.22999954223633,40.2489013671875,767971
2024-05-24 19:30:00+00:00,40.52999877929688,40.540000915527344,40.34999847412109,40.36000061035156,757296
2024-05-28 13:30:00+00:00,40.4192008972168,40.709999084472656,40.369998931884766,40.61000061035156,705621
2024-05-28 14:30:00+00:00,40.20000076293945,40.45000076293945,40.15999984741211,40.40999984741211,533297
2024-05-28 15:30:00+00:00,40.15999984741211,40.275001525878906,40.130001068115234,40.19499969482422,439902
2024-05-28 16:30:00+00:00,39.93379974365234,40.209999084472656,39.93000030517578,40.15499877929688,380889
2024-05-28 17:30:00+00:00,39.78499984741211,39.959999084472656,39.76499938964844,39.93000030517578,472325
2024-05-28 18:30:00+00:00,39.665000915527344,39.77999877929688,39.64500045776367,39.77999877929688,676469
2024-05-28 19:30:00+00:00,39.77000045776367,39.900001525878906,39.65999984741211,39.665000915527344,1226680
2024-05-29 13:30:00+00:00,38.85499954223633,39.15999984741211,38.63999938964844,39.15999984741211,1275518
2024-05-29 14:30:00+00:00,38.875,38.93000030517578,38.79999923706055,38.85499954223633,565691
2024-05-29 15:30:00+00:00,38.935001373291016,38.94499969482422,38.78499984741211,38.875,602364
2024-05-29 16:30:00+00:00,38.970001220703125,38.970001220703125,38.869998931884766,38.935001373291016,447642
2024-05-29 17:30:00+00:00,39.02000045776367,39.06999969482422,38.900001525878906,38.96260070800781,400472
2024-05-29 18:30:00+00:00,39.06499862670898,39.119998931884766,38.96269989013672,39.0099983215332,607500
2024-05-29 19:30:00+00:00,39.05500030517578,39.119998931884766,39.02000045776367,39.07500076293945,999064
2024-05-30 13:30:00+00:00,38.915000915527344,39.54999923706055,38.7599983215332,39.400001525878906,1062786
2024-05-30 14:30:00+00:00,39.345001220703125,39.369998931884766,38.8849983215332,38.915000915527344,807239
2024-05-30 15:30:00+00:00,39.275001525878906,39.380001068115234,39.150001525878906,39.34000015258789,659052
2024-05-30 16:30:00+00:00,39.35100173950195,39.429500579833984,39.2400016784668,39.27050018310547,426707
2024-05-30 17:30:00+00:00,39.42499923706055,39.43000030517578,39.27000045776367,39.359901428222656,427600
2024-05-30 18:30:00+00:00,39.42499923706055,39.459999084472656,39.34000015258789,39.435001373291016,589621
2024-05-30 19:30:00+00:00,39.37099838256836,39.43999862670898,39.2599983215332,39.43000030517578,1126194
2024-05-31 13:30:00+00:00,39.709999084472656,39.86000061035156,39.52999877929688,39.650001525878906,917590
2024-05-31 14:30:00+00:00,39.79999923706055,39.85499954223633,39.650001525878906,39.72499847412109,644362
2024-05-31 15:30:00+00:00,39.720001220703125,39.834999084472656,39.6150016784668,39.79499816894531,503772
2024-05-31 16:30:00+00:00,39.880001068115234,39.900001525878906,39.68999862670898,39.71500015258789,427080
2024-05-31 17:30:00+00:00,40.05649948120117,40.11000061035156,39.869998931884766,39.880001068115234,371776
2024-05-31 18:30:00+00:00,40.09999847412109,40.19499969482422,39.97999954223633,40.05500030517578,867083
2024-05-31 19:30:00+00:00,40.54999923706055,40.59999847412109,40.08000183105469,40.09999847412109,1905083
2024-06-03 13:30:00+00:00,40.18999862670898,40.79999923706055,40.130001068115234,40.7599983215332,939888
2024-06-03 14:30:00+00:00,39.93999862670898,40.18999862670898,39.88999938964844,40.17499923706055,606781
2024-06-03 15:30:00+00:00,39.56499862670898,39.9900016784668,39.5099983215332,39.93999862670898,687987
2024-06-03 16:30:00+00:00,39.5,39.584999084472656,39.31010055541992,39.56999969482422,1151828
2024-06-03 17:30:00+00:00,39.720001220703125,39.7400016784668,39.47499847412109,39.4900016784668,398332
2024-06-03 18:30:00+00:00,39.775001525878906,39.85499954223633,39.72499847412109,39.72999954223633,489847
2024-06-03 19:30:00+00:00,39.75,39.80500030517578,39.68000030517578,39.775001525878906,935183
2024-06-04 13:30:00+00:00,39.69499969482422,39.869998931884766,39.2599983215332,39.34999847412109,910497
2024-06-04 14:30:00+00:00,39.39500045776367,39.75,39.3400993347168,39.69499969482422,522600
2024-06-04 15:30:00+00:00,39.18999862670898,39.38999938964844,39.08000183105469,39.38999938964844,697434
2024-06-04 16:30:00+00:00,39.20500183105469,39.23500061035156,39.10100173950195,39.192501068115234,441018
2024-06-04 17:30:00+00:00,39.10010147094727,39.2400016784668,39.0,39.209999084472656,2059374
2024-06-04 18:30:00+00:00,38.98500061035156,39.11069869995117,38.900001525878906,39.10499954223633,868498
2024-06-04 19:30:00+00:00,38.95000076293945,39.06999969482422,38.90999984741211,38.97999954223633,1417132
2024-06-05 13:30:00+00:00,38.540000915527344,39.09999847412109,38.31999969482422,39.06999969482422,3598535
2024-06-05 14:30:00+00:00,38.59000015258789,38.70000076293945,38.48500061035156,38.540000915527344,2138547
2024-06-05 15:30:00+00:00,38.73500061035156,38.77999877929688,38.57500076293945,38.59000015258789,1073714
2024-06-05 16:30:00+00:00,38.78499984741211,38.85499954223633,38.650001525878906,38.72999954223633,808567
2024-06-05 17:30:00+00:00,38.900001525878906,38.93000030517578,38.744998931884766,38.78499984741211,860696
2024-06-05 18:30:00+00:00,38.935001373291016,38.98500061035156,38.88999938964844,38.900001525878906,820649
2024-06-05 19:30:00+00:00,39.08000183105469,39.10499954223633,38.900001525878906,38.93000030517578,1663428
2024-06-06 13:30:00+00:00,39.14500045776367,39.36000061035156,38.93999862670898,39.08000183105469,852252
2024-06-06 14:30:00+00:00,39.1349983215332,39.15499877929688,39.02999877929688,39.13999938964844,445504
2024-06-06 15:30:00+00:00,38.97999954223633,39.18999862670898,38.93999862670898,39.13999938964844,470076
2024-06-06 16:30:00+00:00,38.89049911499024,38.97999954223633,38.75,38.97999954223633,897066
2024-06-06 17:30:00+00:00,39.09000015258789,39.1349983215332,38.880001068115234,38.89500045776367,388049
2024-06-06 18:30:00+00:00,38.98500061035156,39.16999816894531,38.95000076293945,39.09000015258789,744877
2024-06-06 19:30:00+00:00,39.02999877929688,39.02999877929688,38.869998931884766,38.98500061035156,1621638
2024-06-07 13:30:00+00:00,39.22999954223633,39.244998931884766,38.70000076293945,38.709999084472656,814292
2024-06-07 14:30:00+00:00,39.16999816894531,39.36000061035156,39.125,39.22050094604492,567667
2024-06-07 15:30:00+00:00,39.31999969482422,39.33000183105469,39.15499877929688,39.18000030517578,438607
2024-06-07 16:30:00+00:00,39.33000183105469,39.3650016784668,39.18999862670898,39.31999969482422,411222
2024-06-07 17:30:00+00:00,39.15499877929688,39.34999847412109,39.05500030517578,39.33000183105469,478446
2024-06-07 18:30:00+00:00,39.06499862670898,39.19499969482422,39.0099983215332,39.150001525878906,716044
2024-06-07 19:30:00+00:00,39.0099983215332,39.11000061035156,39.0,39.06499862670898,1099168
2024-06-10 13:30:00+00:00,38.63999938964844,38.84999847412109,38.29499816894531,38.650001525878906,889791
2024-06-10 14:30:00+00:00,38.7599983215332,38.766998291015625,38.51499938964844,38.630001068115234,469356
2024-06-10 15:30:00+00:00,38.70000076293945,38.8650016784668,38.66999816894531,38.77000045776367,793856
2024-06-10 16:30:00+00:00,38.97919845581055,38.97999954223633,38.67499923706055,38.68999862670898,605666
2024-06-10 17:30:00+00:00,39.02000045776367,39.07500076293945,38.880001068115234,38.97499847412109,557936
2024-06-10 18:30:00+00:00,38.959999084472656,39.06999969482422,38.8849983215332,39.01499938964844,494359
2024-06-10 19:30:00+00:00,38.7599983215332,39.0099983215332,38.720001220703125,38.95500183105469,1853244
2024-06-11 13:30:00+00:00,38.08000183105469,38.81999969482422,37.810001373291016,38.68999862670898,1454157
2024-06-11 14:30:00+00:00,38.29999923706055,38.45000076293945,37.97010040283203,38.084999084472656,1532007
2024-06-11 15:30:00+00:00,38.15999984741211,38.38999938964844,38.11000061035156,38.310001373291016,827543
2024-06-11 16:30:00+00:00,38.14500045776367,38.20000076293945,37.915000915527344,38.165000915527344,1143079
2024-06-11 17:30:00+00:00,38.29499816894531,38.31499862670898,38.09999847412109,38.150001525878906,665374
2024-06-11 18:30:00+00:00,38.34999847412109,38.40499877929688,38.25,38.29999923706055,630091
2024-06-11 19:30:00+00:00,38.470001220703125,38.47999954223633,38.27999877929688,38.34999847412109,1502280
2024-06-12 13:30:00+00:00,39.84999847412109,40.01499938964844,39.52000045776367,39.709999084472656,1724841
2024-06-12 14:30:00+00:00,39.9900016784668,40.11000061035156,39.81999969482422,39.84000015258789,1012469
2024-06-12 15:30:00+00:00,39.93999862670898,40.04349899291992,39.84000015258789,39.98500061035156,1051818
2024-06-12 16:30:00+00:00,39.84000015258789,39.95500183105469,39.82500076293945,39.935001373291016,660177
2024-06-12 17:30:00+00:00,39.560001373291016,39.86000061035156,39.540000915527344,39.845001220703125,931681
2024-06-12 18:30:00+00:00,39.15999984741211,39.709999084472656,39.14500045776367,39.56499862670898,899488
2024-06-12 19:30:00+00:00,39.27000045776367,39.32500076293945,39.130001068115234,39.15999984741211,1143133
2024-06-13 13:30:00+00:00,39.040000915527344,39.25,38.7400016784668,39.18000030517578,691970
2024-06-13 14:30:00+00:00,39.20500183105469,39.275001525878906,39.0099983215332,39.04499816894531,641973
2024-06-13 15:30:00+00:00,39.08560180664063,39.209999084472656,39.04999923706055,39.20500183105469,368918
2024-06-13 16:30:00+00:00,39.47999954223633,39.47999954223633,39.06999969482422,39.08000183105469,633225
2024-06-13 17:30:00+00:00,39.345001220703125,39.5,39.30500030517578,39.470001220703125,524344
2024-06-13 18:30:00+00:00,39.39500045776367,39.415000915527344,39.310001373291016,39.345001220703125,480026
2024-06-13 19:30:00+00:00,39.25,39.39500045776367,39.2400016784668,39.38999938964844,866119
2024-06-14 13:30:00+00:00,38.64500045776367,39.09000015258789,38.470001220703125,38.7599983215332,825237
2024-06-14 14:30:00+00:00,38.880001068115234,38.900001525878906,38.560001373291016,38.650001525878906,492604
2024-06-14 15:30:00+00:00,38.845001220703125,38.93000030517578,38.77999877929688,38.88999938964844,403680
2024-06-14 16:30:00+00:00,38.775001525878906,38.93000030517578,38.77000045776367,38.84000015258789,307580
2024-06-14 17:30:00+00:00,38.72999954223633,38.775001525878906,38.61000061035156,38.775001525878906,506894
2024-06-14 18:30:00+00:00,38.81999969482422,38.84999847412109,38.709999084472656,38.720001220703125,414412
2024-06-14 19:30:00+00:00,38.845001220703125,38.845001220703125,38.755001068115234,38.81999969482422,732838
2024-06-17 13:30:00+00:00,38.630001068115234,38.85010147094727,38.47999954223633,38.70000076293945,765635
2024-06-17 14:30:00+00:00,38.77999877929688,38.79999923706055,38.56999969482422,38.619998931884766,482113
2024-06-17 15:30:00+00:00,38.84000015258789,38.84000015258789,38.66999816894531,38.78499984741211,492788
2024-06-17 16:30:00+00:00,38.709999084472656,38.869998931884766,38.70500183105469,38.84000015258789,382077
2024-06-17 17:30:00+00:00,38.970001220703125,38.970001220703125,38.68000030517578,38.709999084472656,538347
2024-06-17 18:30:00+00:00,38.95000076293945,39.0,38.85010147094727,38.96500015258789,592145
2024-06-17 19:30:00+00:00,39.09999847412109,39.13999938964844,38.93999862670898,38.95500183105469,778575
2024-06-18 13:30:00+00:00,39.150001525878906,39.310001373291016,38.86000061035156,39.0,913783
2024-06-18 14:30:00+00:00,39.2599983215332,39.32500076293945,39.119998931884766,39.13999938964844,438841
2024-06-18 15:30:00+00:00,39.29999923706055,39.40999984741211,39.18999862670898,39.26499938964844,547648
2024-06-18 16:30:00+00:00,39.15999984741211,39.29999923706055,39.1150016784668,39.29999923706055,462585
2024-06-18 17:30:00+00:00,39.209999084472656,39.27000045776367,39.15499877929688,39.15999984741211,493821
2024-06-18 18:30:00+00:00,39.119998931884766,39.25,39.07500076293945,39.212799072265625,529975
2024-06-18 19:30:00+00:00,39.29999923706055,39.29999923706055,39.095001220703125,39.11000061035156,928522
2024-06-20 13:30:00+00:00,39.25,39.31999969482422,38.86949920654297,39.11000061035156,860633
2024-06-20 14:30:00+00:00,39.09000015258789,39.27999877929688,39.060001373291016,39.25,631295
2024-06-20 15:30:00+00:00,39.084999084472656,39.150001525878906,39.040000915527344,39.09000015258789,614184
2024-06-20 16:30:00+00:00,39.17499923706055,39.19580078125,39.04219818115234,39.09000015258789,479310
2024-06-20 17:30:00+00:00,39.2599983215332,39.31499862670898,39.15999984741211,39.16999816894531,604811
2024-06-20 18:30:00+00:00,39.23500061035156,39.33000183105469,39.16999816894531,39.2599983215332,721823
2024-06-20 19:30:00+00:00,39.290000915527344,39.34000015258789,39.1349983215332,39.23500061035156,1009517
2024-06-21 13:30:00+00:00,38.98500061035156,39.150001525878906,38.71500015258789,39.04999923706055,2239652
2024-06-21 14:30:00+00:00,38.83100128173828,39.05500030517578,38.79999923706055,38.98500061035156,661488
2024-06-21 15:30:00+00:00,39.02999877929688,39.10499954223633,38.75,38.83000183105469,524051
2024-06-21 16:30:00+00:00,39.334999084472656,39.34999847412109,38.98500061035156,39.02000045776367,893474
2024-06-21 17:30:00+00:00,39.400001525878906,39.470001220703125,39.25,39.33000183105469,766982
2024-06-21 18:30:00+00:00,39.51499938964844,39.560001373291016,39.369998931884766,39.40499877929688,743656
2024-06-21 19:30:00+00:00,39.70000076293945,39.85499954223633,39.46500015258789,39.51499938964844,3235947
2024-06-24 13:30:00+00:00,40.34000015258789,40.345001220703125,39.709999084472656,39.88999938964844,1351571
2024-06-24 14:30:00+00:00,40.44499969482422,40.619998931884766,40.32500076293945,40.34999847412109,734326
2024-06-24 15:30:00+00:00,40.52000045776367,40.56499862670898,40.31499862670898,40.45000076293945,871764
2024-06-24 16:30:00+00:00,40.56999969482422,40.59000015258789,40.4900016784668,40.525001525878906,494342
2024-06-24 17:30:00+00:00,40.625,40.630001068115234,40.5,40.56499862670898,447656
2024-06-24 18:30:00+00:00,40.65499877929688,40.81999969482422,40.619998931884766,40.619998931884766,740064
2024-06-24 19:30:00+00:00,40.540000915527344,40.70500183105469,40.52000045776367,40.65499877929688,1463356
2024-06-25 13:30:00+00:00,40.15999984741211,40.59000015258789,40.1349983215332,40.380001068115234,748872
2024-06-25 14:30:00+00:00,39.84999847412109,40.15999984741211,39.83000183105469,40.150001525878906,704810
2024-06-25 15:30:00+00:00,39.7400016784668,39.915000915527344,39.72499847412109,39.84000015258789,478180
2024-06-25 16:30:00+00:00,40.03499984741211,40.040000915527344,39.67499923706055,39.7400016784668,716245
2024-06-25 17:30:00+00:00,39.97499847412109,40.06499862670898,39.880001068115234,40.03499984741211,475517
2024-06-25 18:30:00+00:00,40.005001068115234,40.060001373291016,39.90499877929688,39.97499847412109,634303
2024-06-25 19:30:00+00:00,40.02999877929688,40.07500076293945,39.959999084472656,40.0,1049192
2024-06-26 13:30:00+00:00,39.54999923706055,40.0099983215332,39.54499816894531,39.709999084472656,2098255
2024-06-26 14:30:00+00:00,39.560001373291016,39.595001220703125,39.3849983215332,39.54999923706055,690875
2024-06-26 15:30:00+00:00,39.4900016784668,39.61000061035156,39.470001220703125,39.560001373291016,488734
2024-06-26 16:30:00+00:00,39.40999984741211,39.4900016784668,39.38999938964844,39.47999954223633,452547
2024-06-26 17:30:00+00:00,39.650001525878906,39.68000030517578,39.35499954223633,39.415000915527344,626197
2024-06-26 18:30:00+00:00,39.73500061035156,39.775001525878906,39.59999847412109,39.64500045776367,566533
2024-06-26 19:30:00+00:00,39.70000076293945,39.7400016784668,39.59000015258789,39.73500061035156,1308861
2024-06-27 13:30:00+00:00,39.415000915527344,39.59000015258789,38.869998931884766,39.220001220703125,1597442
2024-06-27 14:30:00+00:00,39.56999969482422,39.56999969482422,39.34999847412109,39.415000915527344,924462
2024-06-27 15:30:00+00:00,39.525001525878906,39.63999938964844,39.45500183105469,39.560001373291016,429992
2024-06-27 16:30:00+00:00,39.63999938964844,39.70000076293945,39.459999084472656,39.52999877929688,405499
2024-06-27 17:30:00+00:00,39.57500076293945,39.67499923706055,39.540000915527344,39.64500045776367,457292
2024-06-27 18:30:00+00:00,39.69499969482422,39.70500183105469,39.47499847412109,39.57500076293945,656595
2024-06-27 19:30:00+00:00,39.68999862670898,39.70000076293945,39.59000015258789,39.69499969482422,1081526
2024-06-28 13:30:00+00:00,39.75,39.84000015258789,39.45000076293945,39.540000915527344,1138888
2024-06-28 14:30:00+00:00,39.92499923706055,40.06999969482422,39.7599983215332,39.7599983215332,1041682
2024-06-28 15:30:00+00:00,39.76499938964844,39.98500061035156,39.65499877929688,39.93000030517578,1109648
2024-06-28 16:30:00+00:00,39.54999923706055,39.84000015258789,39.54499816894531,39.7599983215332,784518
2024-06-28 17:30:00+00:00,39.560001373291016,39.630001068115234,39.52000045776367,39.54999923706055,761830
2024-06-28 18:30:00+00:00,39.45000076293945,39.56999969482422,39.3203010559082,39.560001373291016,1057715
2024-06-28 19:30:00+00:00,39.66999816894531,39.66999816894531,39.36000061035156,39.459999084472656,2193555
2024-07-01 13:30:00+00:00,39.44499969482422,39.95000076293945,39.41999816894531,39.810001373291016,1029926
2024-07-01 14:30:00+00:00,39.540000915527344,39.66999816894531,39.4031982421875,39.45000076293945,651923
2024-07-01 15:30:00+00:00,39.494998931884766,39.67499923706055,39.470001220703125,39.540000915527344,504671
2024-07-01 16:30:00+00:00,39.40999984741211,39.5,39.31999969482422,39.494998931884766,703914
2024-07-01 17:30:00+00:00,39.15499877929688,39.42499923706055,39.15499877929688,39.40499877929688,814343
2024-07-01 18:30:00+00:00,39.0901985168457,39.18999862670898,39.06499862670898,39.15999984741211,1624998
2024-07-01 19:30:00+00:00,39.22999954223633,39.27999877929688,39.06999969482422,39.09000015258789,1376814
2024-07-02 13:30:00+00:00,39.44960021972656,39.54499816894531,39.04999923706055,39.130001068115234,1149884
2024-07-02 14:30:00+00:00,39.44449996948242,39.459999084472656,39.18999862670898,39.45000076293945,767103
2024-07-02 15:30:00+00:00,39.6150016784668,39.665000915527344,39.43000030517578,39.45000076293945,1335257
2024-07-02 16:30:00+00:00,39.69990158081055,39.810001373291016,39.61000061035156,39.619998931884766,483186
2024-07-02 17:30:00+00:00,39.845001220703125,39.86000061035156,39.66999816894531,39.70000076293945,875803
2024-07-02 18:30:00+00:00,39.970001220703125,39.97999954223633,39.81999969482422,39.84999847412109,733076
2024-07-02 19:30:00+00:00,40.0,40.05500030517578,39.95000076293945,39.970001220703125,1629558
2024-07-03 13:30:00+00:00,40.14500045776367,40.27999877929688,39.810001373291016,39.97999954223633,709805
2024-07-03 14:30:00+00:00,39.834999084472656,40.15999984741211,39.810001373291016,40.13999938964844,577449
2024-07-03 15:30:00+00:00,39.59999847412109,39.8849983215332,39.59999847412109,39.834999084472656,868309
2024-07-05 13:30:00+00:00,39.08000183105469,39.55500030517578,39.02939987182617,39.52000045776367,799788
2024-07-05 14:30:00+00:00,39.040000915527344,39.18999862670898,39.0,39.09000015258789,502917
2024-07-05 15:30:00+00:00,38.98500061035156,39.11000061035156,38.97499847412109,39.02999877929688,396683
2024-07-05 16:30:00+00:00,38.90999984741211,38.9900016784668,38.88999938964844,38.98500061035156,305990
2024-07-05 17:30:00+00:00,39.0099983215332,39.06999969482422,38.90999984741211,38.915000915527344,345960
2024-07-05 18:30:00+00:00,38.95500183105469,39.02000045776367,38.94499969482422,39.02000045776367,369791
2024-07-05 19:30:00+00:00,39.04999923706055,39.09999847412109,38.959999084472656,38.959999084472656,756987
2024-07-08 13:30:00+00:00,39.2599983215332,39.52000045776367,39.14500045776367,39.150001525878906,724838
2024-07-08 14:30:00+00:00,39.13999938964844,39.40999984741211,39.130001068115234,39.2599983215332,550998
2024-07-08 15:30:00+00:00,39.2400016784668,39.2400016784668,39.04999923706055,39.13999938964844,501298
2024-07-08 16:30:00+00:00,39.15999984741211,39.2598991394043,39.08000183105469,39.23500061035156,379694
2024-07-08 17:30:00+00:00,39.255001068115234,39.31499862670898,39.13999938964844,39.150001525878906,260082
2024-07-08 18:30:00+00:00,39.34999847412109,39.42499923706055,39.20000076293945,39.2599983215332,410657
2024-07-08 19:30:00+00:00,39.459999084472656,39.47999954223633,39.275001525878906,39.34000015258789,1266925
2024-07-09 13:30:00+00:00,39.380001068115234,39.59000015258789,39.06999969482422,39.18000030517578,1009184
2024-07-09 14:30:00+00:00,39.47999954223633,39.52999877929688,39.34999847412109,39.375,580708
2024-07-09 15:30:00+00:00,39.86000061035156,39.880001068115234,39.48500061035156,39.48500061035156,643334
2024-07-09 16:30:00+00:00,39.970001220703125,40.060001373291016,39.84000015258789,39.84999847412109,449055
2024-07-09 17:30:00+00:00,39.790000915527344,40.04999923706055,39.77999877929688,39.97029876708984,490897
2024-07-09 18:30:00+00:00,39.88999938964844,39.88999938964844,39.709999084472656,39.790000915527344,498570
2024-07-09 19:30:00+00:00,39.86000061035156,39.90999984741211,39.79999923706055,39.88999938964844,1095874
2024-07-10 13:30:00+00:00,39.98500061035156,40.09999847412109,39.810001373291016,40.0,2186141
2024-07-10 14:30:00+00:00,40.275001525878906,40.36000061035156,39.959999084472656,39.98500061035156,587468
2024-07-10 15:30:00+00:00,40.290000915527344,40.29999923706055,40.16999816894531,40.275001525878906,619584
2024-07-10 16:30:00+00:00,40.34049987792969,40.38600158691406,40.220001220703125,40.290000915527344,1354214
2024-07-10 17:30:00+00:00,40.345001220703125,40.380001068115234,40.2599983215332,40.34000015258789,390026
2024-07-10 18:30:00+00:00,40.51499938964844,40.560001373291016,40.34000015258789,40.345001220703125,580471
2024-07-10 19:30:00+00:00,40.77999877929688,40.83000183105469,40.494998931884766,40.5099983215332,1372166
2024-07-11 13:30:00+00:00,41.90999984741211,42.06999969482422,41.16849899291992,41.22999954223633,2374853
2024-07-11 14:30:00+00:00,41.845001220703125,42.04499816894531,41.810001373291016,41.90999984741211,1188253
2024-07-11 15:30:00+00:00,41.78499984741211,41.91999816894531,41.7599983215332,41.845001220703125,623293
2024-07-11 16:30:00+00:00,41.91999816894531,41.93999862670898,41.77999877929688,41.78499984741211,572595
2024-07-11 17:30:00+00:00,42.005001068115234,42.11000061035156,41.869998931884766,41.915000915527344,557827
2024-07-11 18:30:00+00:00,41.959999084472656,42.0099983215332,41.875,42.005001068115234,814428
2024-07-11 19:30:00+00:00,41.93000030517578,42.03499984741211,41.93000030517578,41.959999084472656,1473445
2024-07-12 13:30:00+00:00,42.07500076293945,42.119998931884766,41.65999984741211,41.97999954223633,2294095
2024-07-12 14:30:00+00:00,42.18999862670898,42.23500061035156,41.96500015258789,42.06999969482422,1014198
2024-07-12 15:30:00+00:00,42.26499938964844,42.275001525878906,42.09999847412109,42.19499969482422,644753
2024-07-12 16:30:00+00:00,42.36000061035156,42.43000030517578,42.244998931884766,42.2599983215332,544896
2024-07-12 17:30:00+00:00,42.3203010559082,42.3650016784668,42.22100067138672,42.35499954223633,520080
2024-07-12 18:30:00+00:00,42.40499877929688,42.45000076293945,42.25,42.32500076293945,711590
2024-07-12 19:30:00+00:00,42.130001068115234,42.41999816894531,42.07500076293945,42.40999984741211,1264872
2024-07-15 13:30:00+00:00,42.415000915527344,42.810001373291016,42.31499862670898,42.59999847412109,1897123
2024-07-15 14:30:00+00:00,42.61399841308594,42.619998931884766,42.3650016784668,42.415000915527344,1203550
2024-07-15 15:30:00+00:00,42.77999877929688,42.93000030517578,42.58000183105469,42.61000061035156,1050107
2024-07-15 16:30:00+00:00,42.525001525878906,42.77999877929688,42.525001525878906,42.77999877929688,846946
2024-07-15 17:30:00+00:00,42.69499969482422,42.72999954223633,42.45000076293945,42.52000045776367,636929
2024-07-15 18:30:00+00:00,42.45500183105469,42.77000045776367,42.45000076293945,42.68999862670898,709036
2024-07-15 19:30:00+00:00,42.369998931884766,42.52000045776367,42.31999969482422,42.45500183105469,1451153
2024-07-16 13:30:00+00:00,43.150001525878906,43.29999923706055,42.34999847412109,42.58000183105469,2601939
2024-07-16 14:30:00+00:00,43.060001373291016,43.34000015258789,43.04999923706055,43.15999984741211,1339532
2024-07-16 15:30:00+00:00,43.17499923706055,43.18999862670898,42.900001525878906,43.060001373291016,882892
2024-07-16 16:30:00+00:00,43.150001525878906,43.2400016784668,43.04999923706055,43.17499923706055,992502
2024-07-16 17:30:00+00:00,43.31999969482422,43.3849983215332,43.06999969482422,43.13999938964844,1540598
2024-07-16 18:30:00+00:00,43.310001373291016,43.369998931884766,43.22010040283203,43.310001373291016,1140811
2024-07-16 19:30:00+00:00,43.290000915527344,43.435001373291016,43.27000045776367,43.31499862670898,2494875
2024-07-17 13:30:00+00:00,45.299198150634766,45.35969924926758,43.79999923706055,43.97999954223633,5187042
2024-07-17 14:30:00+00:00,45.220001220703125,45.43000030517578,44.88999938964844,45.290000915527344,2959166
2024-07-17 15:30:00+00:00,45.130001068115234,45.65999984741211,45.04499816894531,45.21500015258789,2342871
2024-07-17 16:30:00+00:00,45.36000061035156,45.595001220703125,45.125,45.1349983215332,1920883
2024-07-17 17:30:00+00:00,45.209999084472656,45.40999984741211,45.18000030517578,45.369998931884766,1683068
2024-07-17 18:30:00+00:00,45.185001373291016,45.290000915527344,45.16999816894531,45.20000076293945,1389563
2024-07-17 19:30:00+00:00,45.2599983215332,45.290000915527344,45.10499954223633,45.185001373291016,2891848
2024-07-18 13:30:00+00:00,45.456199645996094,45.630001068115234,44.58000183105469,44.790000915527344,3169947
2024-07-18 14:30:00+00:00,45.26750183105469,45.5099983215332,45.18999862670898,45.470001220703125,1960863
2024-07-18 15:30:00+00:00,44.77999877929688,45.31999969482422,44.7599983215332,45.27000045776367,1491944
2024-07-18 16:30:00+00:00,44.935001373291016,45.005001068115234,44.68999862670898,44.77999877929688,1278562
2024-07-18 17:30:00+00:00,44.4900016784668,44.970001220703125,44.4900016784668,44.93000030517578,872040
2024-07-18 18:30:00+00:00,44.51499938964844,44.56999969482422,44.369998931884766,44.4900016784668,1471606
2024-07-18 19:30:00+00:00,44.41999816894531,44.720001220703125,44.38999938964844,44.5099983215332,2430039
2024-07-19 13:30:00+00:00,44.69499969482422,44.96500015258789,44.2599983215332,44.7400016784668,2115388
2024-07-19 14:30:00+00:00,44.41999816894531,44.720001220703125,44.334999084472656,44.68999862670898,1505957
2024-07-19 15:30:00+00:00,44.68000030517578,44.70000076293945,44.34000015258789,44.43000030517578,852806
2024-07-19 16:30:00+00:00,44.630001068115234,44.7400016784668,44.5099983215332,44.67499923706055,994059
2024-07-19 17:30:00+00:00,44.79999923706055,44.89500045776367,44.625,44.6349983215332,961886
2024-07-19 18:30:00+00:00,44.85499954223633,44.89500045776367,44.68000030517578,44.79499816894531,1021892
2024-07-19 19:30:00+00:00,44.77000045776367,44.85499954223633,44.57500076293945,44.85499954223633,2120101
2024-07-22 13:30:00+00:00,44.43000030517578,44.65999984741211,43.95500183105469,44.630001068115234,1566236
2024-07-22 14:30:00+00:00,44.7223014831543,44.77999877929688,44.41999816894531,44.43999862670898,908022
2024-07-22 15:30:00+00:00,44.80500030517578,44.869998931884766,44.630001068115234,44.720001220703125,1024134
2024-07-22 16:30:00+00:00,44.93000030517578,45.06999969482422,44.720001220703125,44.79999923706055,1041270
2024-07-22 17:30:00+00:00,44.970001220703125,45.02000045776367,44.91999816894531,44.93000030517578,823506
2024-07-22 18:30:00+00:00,45.095001220703125,45.15499877929688,44.95500183105469,44.97499847412109,1195390
2024-07-22 19:30:00+00:00,45.060001373291016,45.220001220703125,44.9900016784668,45.095001220703125,2292093
2024-07-23 13:30:00+00:00,45.18999862670898,45.52999877929688,44.68000030517578,44.84000015258789,1420010
2024-07-23 14:30:00+00:00,45.415000915527344,45.43000030517578,45.16999816894531,45.185001373291016,1129237
2024-07-23 15:30:00+00:00,45.30500030517578,45.470001220703125,45.27000045776367,45.415000915527344,671380
2024-07-23 16:30:00+00:00,45.34999847412109,45.400001525878906,45.24599838256836,45.29999923706055,463595
2024-07-23 17:30:00+00:00,45.66999816894531,45.66999816894531,45.31499862670898,45.345001220703125,925938
2024-07-23 18:30:00+00:00,45.560001373291016,45.68000030517578,45.540000915527344,45.66999816894531,737022
2024-07-23 19:30:00+00:00,45.54999923706055,45.63999938964844,45.470001220703125,45.540000915527344,1749627
2024-07-24 13:30:00+00:00,45.30500030517578,45.720001220703125,45.03010177612305,45.59000015258789,1334539
2024-07-24 14:30:00+00:00,45.60499954223633,45.685001373291016,45.29100036621094,45.310001373291016,1066454
2024-07-24 15:30:00+00:00,45.834999084472656,45.84000015258789,45.56999969482422,45.61000061035156,487726
2024-07-24 16:30:00+00:00,45.3650016784668,45.83000183105469,45.36100006103516,45.83000183105469,905176
2024-07-24 17:30:00+00:00,45.2400016784668,45.44499969482422,45.185001373291016,45.3650016784668,627864
2024-07-24 18:30:00+00:00,44.900001525878906,45.27000045776367,44.8849983215332,45.2400016784668,890511
2024-07-24 19:30:00+00:00,44.7599983215332,44.959999084472656,44.70500183105469,44.900001525878906,1506689
2024-07-25 13:30:00+00:00,45.22999954223633,45.45000076293945,44.59999847412109,44.77000045776367,1182416
2024-07-25 14:30:00+00:00,45.25,45.3849983215332,45.102500915527344,45.220001220703125,1011112
2024-07-25 15:30:00+00:00,45.43000030517578,45.5,45.22499847412109,45.255001068115234,798750
2024-07-25 16:30:00+00:00,45.45000076293945,45.720001220703125,45.369998931884766,45.435001373291016,1079621
2024-07-25 17:30:00+00:00,45.250099182128906,45.4900016784668,45.220001220703125,45.45000076293945,642646
2024-07-25 18:30:00+00:00,45.28499984741211,45.30500030517578,45.08000183105469,45.25,763086
2024-07-25 19:30:00+00:00,45.08000183105469,45.369998931884766,45.08000183105469,45.290000915527344,1940306
2024-07-26 13:30:00+00:00,45.630001068115234,45.65999984741211,45.060001373291016,45.18999862670898,1039333
2024-07-26 14:30:00+00:00,45.29999923706055,45.6349983215332,45.27999877929688,45.6349983215332,702050
2024-07-26 15:30:00+00:00,45.34999847412109,45.470001220703125,45.209999084472656,45.310001373291016,452714
2024-07-26 16:30:00+00:00,45.400001525878906,45.40010070800781,45.16999816894531,45.36000061035156,383837
2024-07-26 17:30:00+00:00,45.369998931884766,45.435001373291016,45.150001525878906,45.38999938964844,451475
2024-07-26 18:30:00+00:00,45.42499923706055,45.43000030517578,45.255001068115234,45.369998931884766,478387
2024-07-26 19:30:00+00:00,45.459999084472656,45.505001068115234,45.29499816894531,45.42499923706055,993415
2024-07-29 13:30:00+00:00,45.27000045776367,45.6885986328125,45.130001068115234,45.59999847412109,931571
2024-07-29 14:30:00+00:00,45.47999954223633,45.54999923706055,45.20000076293945,45.27000045776367,580043
2024-07-29 15:30:00+00:00,45.42499923706055,45.52999877929688,45.36000061035156,45.48500061035156,413330
2024-07-29 16:30:00+00:00,45.36000061035156,45.52000045776367,45.36000061035156,45.43000030517578,540700
2024-07-29 17:30:00+00:00,45.41999816894531,45.55500030517578,45.33000183105469,45.36000061035156,388148
2024-07-29 18:30:00+00:00,45.36000061035156,45.48500061035156,45.36000061035156,45.40999984741211,414294
2024-07-29 19:30:00+00:00,45.380001068115234,45.400001525878906,45.310001373291016,45.369998931884766,812441
2024-07-30 13:30:00+00:00,45.70100021362305,45.880001068115234,45.43000030517578,45.72019958496094,816398
2024-07-30 14:30:00+00:00,45.63787078857422,45.79499816894531,45.55500030517578,45.70000076293945,610893
2024-07-30 15:30:00+00:00,45.54499816894531,45.79600143432617,45.5,45.63999938964844,499087
2024-07-30 16:30:00+00:00,45.39500045776367,45.6150016784668,45.34999847412109,45.54999923706055,711454
2024-07-30 17:30:00+00:00,45.345001220703125,45.5099983215332,45.33000183105469,45.39500045776367,583820
2024-07-30 18:30:00+00:00,45.3849983215332,45.400001525878906,45.220001220703125,45.34749984741211,828037
2024-07-30 19:30:00+00:00,45.459999084472656,45.595001220703125,45.375,45.3849983215332,1257208
2024-07-31 13:30:00+00:00,45.244998931884766,45.5099983215332,44.970001220703125,45.5099983215332,1304049
2024-07-31 14:30:00+00:00,45.23500061035156,45.39500045776367,45.10499954223633,45.244998931884766,749833
2024-07-31 15:30:00+00:00,45.45500183105469,45.459999084472656,45.220001220703125,45.22999954223633,526538
2024-07-31 16:30:00+00:00,45.17499923706055,45.47499847412109,45.130001068115234,45.45000076293945,725486
2024-07-31 17:30:00+00:00,45.26499938964844,45.34000015258789,45.130001068115234,45.17499923706055,572275
2024-07-31 18:30:00+00:00,44.880001068115234,45.54999923706055,44.875,45.26499938964844,1082387
2024-07-31 19:30:00+00:00,44.86000061035156,45.02000045776367,44.755001068115234,44.880001068115234,1931899
2024-08-01 13:30:00+00:00,43.9900016784668,44.91999816894531,43.95500183105469,44.91999816894531,1538731
2024-08-01 14:30:00+00:00,43.709999084472656,44.0099983215332,43.560001373291016,43.97999954223633,1418161
2024-08-01 15:30:00+00:00,43.84999847412109,43.90999984741211,43.56999969482422,43.70000076293945,1216334
2024-08-01 16:30:00+00:00,43.56999969482422,43.84999847412109,43.540000915527344,43.84999847412109,893368
2024-08-01 17:30:00+00:00,43.47999954223633,43.665000915527344,43.44499969482422,43.54999923706055,680976
2024-08-01 18:30:00+00:00,43.505001068115234,43.560001373291016,43.31499862670898,43.47999954223633,1128587
2024-08-01 19:30:00+00:00,43.470001220703125,43.59999847412109,43.42499923706055,43.5099983215332,1822301
2024-08-02 13:30:00+00:00,42.040000915527344,42.744998931884766,41.959999084472656,42.65999984741211,1592963
2024-08-02 14:30:00+00:00,42.060001373291016,42.35499954223633,41.97999954223633,42.03499984741211,733265
2024-08-02 15:30:00+00:00,42.43000030517578,42.470001220703125,42.05500030517578,42.060001373291016,677180
2024-08-02 16:30:00+00:00,42.32500076293945,42.52000045776367,42.2599983215332,42.42499923706055,632135
2024-08-02 17:30:00+00:00,42.27000045776367,42.380001068115234,42.125,42.32500076293945,542814
2024-08-02 18:30:00+00:00,42.34000015258789,42.34000015258789,42.18000030517578,42.27000045776367,642526
2024-08-02 19:30:00+00:00,42.334999084472656,42.400001525878906,42.22999954223633,42.33000183105469,1261832
2024-08-05 13:30:00+00:00,40.77999877929688,41.34999847412109,40.40999984741211,41.130001068115234,1780834
2024-08-05 14:30:00+00:00,40.88999938964844,41.09000015258789,40.61000061035156,40.77999877929688,1178752
2024-08-05 15:30:00+00:00,41.334999084472656,41.369998931884766,40.84999847412109,40.880001068115234,896468
2024-08-05 16:30:00+00:00,41.25,41.39500045776367,41.09000015258789,41.33000183105469,670325
2024-08-05 17:30:00+00:00,41.04499816894531,41.27999877929688,41.0,41.244998931884766,793689
2024-08-05 18:30:00+00:00,40.82500076293945,41.05500030517578,40.7400016784668,41.040000915527344,915029
2024-08-05 19:30:00+00:00,40.81999969482422,40.880001068115234,40.66999816894531,40.83000183105469,2496249
2024-08-06 13:30:00+00:00,41.31999969482422,41.5,40.52000045776367,40.7400016784668,1190900
2024-08-06 14:30:00+00:00,41.20500183105469,41.54499816894531,41.19499969482422,41.34000015258789,939880
2024-08-06 15:30:00+00:00,41.61000061035156,41.63999938964844,41.19499969482422,41.20500183105469,699868
2024-08-06 16:30:00+00:00,41.79499816894531,41.810001373291016,41.5,41.619998931884766,546163
2024-08-06 17:30:00+00:00,41.96500015258789,42.0099983215332,41.75,41.79499816894531,946627
2024-08-06 18:30:00+00:00,41.88999938964844,42.060001373291016,41.61000061035156,41.959999084472656,1048594
2024-08-06 19:30:00+00:00,41.65999984741211,41.96500015258789,41.61000061035156,41.900001525878906,1569606
2024-08-07 13:30:00+00:00,42.23500061035156,42.7400016784668,42.209999084472656,42.46500015258789,1006210
2024-08-07 14:30:00+00:00,42.09999847412109,42.290000915527344,41.970001220703125,42.22999954223633,586904
2024-08-07 15:30:00+00:00,41.970001220703125,42.11759948730469,41.81999969482422,42.060001373291016,543351
2024-08-07 16:30:00+00:00,41.72010040283203,42.0099983215332,41.58000183105469,41.97499847412109,526991
2024-08-07 17:30:00+00:00,41.44499969482422,41.834999084472656,41.40499877929688,41.720001220703125,538257
2024-08-07 18:30:00+00:00,41.560001373291016,41.625,41.369998931884766,41.43999862670898,849387
2024-08-07 19:30:00+00:00,41.40999984741211,41.650001525878906,41.33000183105469,41.54999923706055,1157323
2024-08-08 13:30:00+00:00,42.130001068115234,42.20000076293945,41.709999084472656,41.790000915527344,748008
2024-08-08 14:30:00+00:00,41.93000030517578,42.125,41.869998931884766,42.119998931884766,604648
2024-08-08 15:30:00+00:00,41.69499969482422,41.95000076293945,41.665000915527344,41.93000030517578,466622
2024-08-08 16:30:00+00:00,41.70500183105469,41.7400016784668,41.540000915527344,41.69499969482422,499008
2024-08-08 17:30:00+00:00,41.630001068115234,41.755001068115234,41.56999969482422,41.70500183105469,541356
2024-08-08 18:30:00+00:00,41.72499847412109,41.7599983215332,41.56499862670898,41.625,713018
2024-08-08 19:30:00+00:00,41.7599983215332,41.77999877929688,41.56499862670898,41.71500015258789,1339941
2024-08-09 13:30:00+00:00,41.775001525878906,41.91999816894531,41.619998931884766,41.720001220703125,662450
2024-08-09 14:30:00+00:00,41.84000015258789,41.93000030517578,41.650001525878906,41.775001525878906,654471
2024-08-09 15:30:00+00:00,41.92499923706055,41.93999862670898,41.810001373291016,41.834999084472656,1142189
2024-08-09 16:30:00+00:00,42.1150016784668,42.119998931884766,41.92499923706055,41.92499923706055,493210
2024-08-09 17:30:00+00:00,41.97999954223633,42.13999938964844,41.940799713134766,42.1150016784668,507590
2024-08-09 18:30:00+00:00,42.040000915527344,42.08000183105469,41.93000030517578,41.97999954223633,506142
2024-08-09 19:30:00+00:00,42.08000183105469,42.10499954223633,41.970001220703125,42.03499984741211,1049794
2024-08-12 13:30:00+00:00,41.994998931884766,42.650001525878906,41.84999847412109,42.2400016784668,3026141
2024-08-12 14:30:00+00:00,41.76499938964844,42.08000183105469,41.7599983215332,42.0,411532
2024-08-12 15:30:00+00:00,41.58000183105469,41.810001373291016,41.56999969482422,41.76900100708008,419311
2024-08-12 16:30:00+00:00,41.5,41.59999847412109,41.400001525878906,41.57500076293945,415778
2024-08-12 17:30:00+00:00,41.39500045776367,41.560001373291016,41.380001068115234,41.494998931884766,493720
2024-08-12 18:30:00+00:00,41.43000030517578,41.45009994506836,41.31999969482422,41.39500045776367,679939
2024-08-12 19:30:00+00:00,41.4900016784668,41.52000045776367,41.38999938964844,41.43999862670898,975717
2024-08-13 13:30:00+00:00,41.63999938964844,41.880001068115234,41.43000030517578,41.81999969482422,771971
2024-08-13 14:30:00+00:00,41.77999877929688,41.79840087890625,41.58000183105469,41.650001525878906,489928
2024-08-13 15:30:00+00:00,41.83330154418945,41.96689987182617,41.685001373291016,41.775001525878906,383189
2024-08-13 16:30:00+00:00,41.900001525878906,41.93000030517578,41.79999923706055,41.834999084472656,351800
2024-08-13 17:30:00+00:00,41.93999862670898,41.97999954223633,41.77000045776367,41.88999938964844,465831
2024-08-13 18:30:00+00:00,42.1150016784668,42.1150016784668,41.90999984741211,41.935001373291016,556442
2024-08-13 19:30:00+00:00,42.380001068115234,42.41999816894531,42.095001220703125,42.1150016784668,1739082
2024-08-14 13:30:00+00:00,42.334999084472656,42.4900016784668,42.25,42.43999862670898,533102
2024-08-14 14:30:00+00:00,42.25,42.34000015258789,42.13999938964844,42.32500076293945,461456
2024-08-14 15:30:00+00:00,42.07500076293945,42.34999847412109,42.06999969482422,42.255001068115234,557253
2024-08-14 16:30:00+00:00,42.13999938964844,42.18000030517578,42.04999923706055,42.07500076293945,396942
2024-08-14 17:30:00+00:00,42.19499969482422,42.27000045776367,42.11000061035156,42.1349983215332,351960
2024-08-14 18:30:00+00:00,42.27000045776367,42.369998931884766,42.19110107421875,42.19499969482422,791250
2024-08-14 19:30:00+00:00,42.33000183105469,42.400001525878906,42.22999954223633,42.26499938964844,1288429
2024-08-15 13:30:00+00:00,43.1150016784668,43.2599983215332,42.97999954223633,43.14080047607422,831028
2024-08-15 14:30:00+00:00,43.130001068115234,43.30500030517578,43.084999084472656,43.125,648911
2024-08-15 15:30:00+00:00,43.1599006652832,43.18999862670898,43.07500076293945,43.13999938964844,408461
2024-08-15 16:30:00+00:00,43.005001068115234,43.18000030517578,42.95000076293945,43.15499877929688,375838
2024-08-15 17:30:00+00:00,42.97999954223633,43.01499938964844,42.91910171508789,43.005001068115234,371907
2024-08-15 18:30:00+00:00,42.94499969482422,43.02000045776367,42.875,42.97999954223633,400570
2024-08-15 19:30:00+00:00,42.83000183105469,42.96500015258789,42.720001220703125,42.94499969482422,754160
2024-08-16 13:30:00+00:00,43.025001525878906,43.33000183105469,42.810001373291016,42.810001373291016,708690
2024-08-16 14:30:00+00:00,42.97499847412109,43.08000183105469,42.8650016784668,43.025001525878906,335408
2024-08-16 15:30:00+00:00,42.970001220703125,43.040000915527344,42.90999984741211,42.97499847412109,320152
2024-08-16 16:30:00+00:00,43.084999084472656,43.16999816894531,42.970001220703125,42.97499847412109,405188
2024-08-16 17:30:00+00:00,43.1349983215332,43.1349983215332,43.03499984741211,43.08000183105469,248484
2024-08-16 18:30:00+00:00,43.20000076293945,43.25,43.10499954223633,43.13880157470703,514260
2024-08-16 19:30:00+00:00,43.18000030517578,43.28499984741211,43.15499877929688,43.18999862670898,1112999
2024-08-19 13:30:00+00:00,43.505001068115234,43.619998931884766,43.25,43.25,732202
2024-08-19 14:30:00+00:00,43.375,43.560001373291016,43.369998931884766,43.5,379521
2024-08-19 15:30:00+00:00,43.5,43.5099983215332,43.375,43.375,371859
2024-08-19 16:30:00+00:00,43.5099983215332,43.540000915527344,43.459999084472656,43.4900016784668,283002
2024-08-19 17:30:00+00:00,43.57500076293945,43.60499954223633,43.470001220703125,43.5,397567
2024-08-19 18:30:00+00:00,43.53799819946289,43.63999938964844,43.52999877929688,43.57500076293945,436256
2024-08-19 19:30:00+00:00,43.650001525878906,43.66999816894531,43.5,43.53200149536133,974449
2024-08-20 13:30:00+00:00,43.834999084472656,43.90999984741211,43.38999938964844,43.47999954223633,1080316
2024-08-20 14:30:00+00:00,43.64500045776367,43.95000076293945,43.63999938964844,43.83000183105469,805859
2024-08-20 15:30:00+00:00,43.7682991027832,43.84000015258789,43.58000183105469,43.63999938964844,613667
2024-08-20 16:30:00+00:00,43.72809982299805,43.775001525878906,43.619998931884766,43.76499938964844,385553
2024-08-20 17:30:00+00:00,43.7599983215332,43.81999969482422,43.68009948730469,43.720001220703125,336692
2024-08-20 18:30:00+00:00,43.72999954223633,43.810001373291016,43.72999954223633,43.77000045776367,354625
2024-08-20 19:30:00+00:00,43.720001220703125,43.76499938964844,43.665000915527344,43.72999954223633,792616
2024-08-21 13:30:00+00:00,43.55500030517578,43.9900016784668,43.34000015258789,43.84999847412109,512437
2024-08-21 14:30:00+00:00,43.47999954223633,43.630001068115234,43.27999877929688,43.55500030517578,421165
2024-08-21 15:30:00+00:00,43.47999954223633,43.5099983215332,43.34999847412109,43.4900016784668,374804
2024-08-21 16:30:00+00:00,43.5099983215332,43.56999969482422,43.459999084472656,43.47999954223633,301753
2024-08-21 17:30:00+00:00,43.5099983215332,43.560001373291016,43.43999862670898,43.5,303918
2024-08-21 18:30:00+00:00,43.540000915527344,43.56999969482422,43.459999084472656,43.5099983215332,320599
2024-08-21 19:30:00+00:00,43.66999816894531,43.709999084472656,43.52000045776367,43.540000915527344,739471
2024-08-22 13:30:00+00:00,43.7599983215332,44.060001373291016,43.68999862670898,43.68999862670898,752606
2024-08-22 14:30:00+00:00,43.90999984741211,44.01499938964844,43.73500061035156,43.75,457050
2024-08-22 15:30:00+00:00,44.14500045776367,44.150001525878906,43.90999984741211,43.90999984741211,468907
2024-08-22 16:30:00+00:00,44.06119918823242,44.16999816894531,44.04999923706055,44.14500045776367,320331
2024-08-22 17:30:00+00:00,44.16880035400391,44.22999954223633,44.005001068115234,44.06499862670898,444252
2024-08-22 18:30:00+00:00,44.10499954223633,44.18999862670898,44.06850051879883,44.15999984741211,400837
2024-08-22 19:30:00+00:00,44.20000076293945,44.209999084472656,44.04999923706055,44.11000061035156,1093468
2024-08-23 13:30:00+00:00,45.14500045776367,45.14500045776367,44.34000015258789,44.5099983215332,838068
2024-08-23 14:30:00+00:00,45.505001068115234,45.51499938964844,45.005001068115234,45.14500045776367,784400
2024-08-23 15:30:00+00:00,45.060001373291016,45.59999847412109,45.005001068115234,45.505001068115234,468080
2024-08-23 16:30:00+00:00,45.18000030517578,45.20989990234375,44.959999084472656,45.060001373291016,221038
2024-08-23 17:30:00+00:00,45.29499816894531,45.30500030517578,45.1150016784668,45.16999816894531,250522
2024-08-23 18:30:00+00:00,45.32500076293945,45.348899841308594,45.22999954223633,45.29499816894531,474667
2024-08-23 19:30:00+00:00,45.38999938964844,45.43999862670898,45.2400016784668,45.31999969482422,920674
2024-08-26 13:30:00+00:00,45.77999877929688,45.81999969482422,45.5099983215332,45.75,864777
2024-08-26 14:30:00+00:00,45.46500015258789,45.83000183105469,45.41999816894531,45.77000045776367,765346
2024-08-26 15:30:00+00:00,45.52999877929688,45.6150016784668,45.45000076293945,45.459999084472656,505355
2024-08-26 16:30:00+00:00,45.619998931884766,45.650001525878906,45.5099983215332,45.52999877929688,387958
2024-08-26 17:30:00+00:00,45.57500076293945,45.625,45.459999084472656,45.619998931884766,392589
2024-08-26 18:30:00+00:00,45.64500045776367,45.65570068359375,45.54999923706055,45.57500076293945,554899
2024-08-26 19:30:00+00:00,45.63999938964844,45.810001373291016,45.5525016784668,45.63999938964844,1038019
2024-08-27 13:30:00+00:00,45.57500076293945,45.77000045776367,45.45389938354492,45.595001220703125,900362
2024-08-27 14:30:00+00:00,45.60499954223633,45.77999877929688,45.53499984741211,45.56999969482422,446303
2024-08-27 15:30:00+00:00,45.54410171508789,45.65499877929688,45.52999877929688,45.59000015258789,469281
2024-08-27 16:30:00+00:00,45.685001373291016,45.685001373291016,45.4900016784668,45.540000915527344,392480
2024-08-27 17:30:00+00:00,45.64500045776367,45.720001220703125,45.61000061035156,45.685001373291016,342938
2024-08-27 18:30:00+00:00,45.71189880371094,45.72499847412109,45.59999847412109,45.64500045776367,484829
2024-08-27 19:30:00+00:00,45.72999954223633,45.77999877929688,45.63999938964844,45.71120071411133,1125573
2024-08-28 13:30:00+00:00,46.005001068115234,46.290000915527344,45.56999969482422,45.56999969482422,1658536
2024-08-28 14:30:00+00:00,46.209999084472656,46.3849983215332,45.98500061035156,46.0,859719
2024-08-28 15:30:00+00:00,46.0099983215332,46.22499847412109,45.970001220703125,46.209999084472656,469736
2024-08-28 16:30:00+00:00,46.02999877929688,46.05189895629883,45.93999862670898,46.02000045776367,561628
2024-08-28 17:30:00+00:00,45.900001525878906,46.095001220703125,45.85599899291992,46.02470016479492,466553
2024-08-28 18:30:00+00:00,46.09999847412109,46.150001525878906,45.88999938964844,45.90999984741211,491402
2024-08-28 19:30:00+00:00,46.150001525878906,46.244998931884766,46.081199645996094,46.095001220703125,825920
2024-08-29 13:30:00+00:00,46.20000076293945,46.369998931884766,45.5099983215332,46.369998931884766,853928
2024-08-29 14:30:00+00:00,46.119998931884766,46.209999084472656,45.92499923706055,46.20500183105469,523711
2024-08-29 15:30:00+00:00,46.5,46.505001068115234,46.13999938964844,46.13999938964844,591461
2024-08-29 16:30:00+00:00,46.494998931884766,46.560001373291016,46.3849983215332,46.4995002746582,755885
2024-08-29 17:30:00+00:00,46.70000076293945,46.77000045776367,46.4900016784668,46.494998931884766,879356
2024-08-29 18:30:00+00:00,46.685001373291016,46.744998931884766,46.4900016784668,46.70000076293945,1391736
2024-08-29 19:30:00+00:00,46.53499984741211,46.720001220703125,46.40999984741211,46.685001373291016,1235609
2024-08-30 13:30:00+00:00,47.09999847412109,47.150001525878906,46.70000076293945,46.75,1039772
2024-08-30 14:30:00+00:00,46.90999984741211,47.11000061035156,46.88999938964844,47.09000015258789,662441
2024-08-30 15:30:00+00:00,46.95000076293945,47.16999816894531,46.81999969482422,46.91999816894531,1122614
2024-08-30 16:30:00+00:00,46.8650016784668,46.95500183105469,45.900001525878906,46.95000076293945,1689567
2024-08-30 17:30:00+00:00,46.95000076293945,47.0,46.83000183105469,46.8650016784668,882677
2024-08-30 18:30:00+00:00,46.994998931884766,47.05500030517578,46.89500045776367,46.95000076293945,1146072
2024-08-30 19:30:00+00:00,47.22999954223633,47.310001373291016,46.95000076293945,46.994998931884766,1868905
2024-09-03 13:30:00+00:00,46.525001525878906,47.310001373291016,46.459999084472656,47.16999816894531,1471710
2024-09-03 14:30:00+00:00,46.95000076293945,47.0,46.435001373291016,46.52000045776367,835700
2024-09-03 15:30:00+00:00,46.86410140991211,47.005001068115234,46.80500030517578,46.95500183105469,567345
2024-09-03 16:30:00+00:00,46.80500030517578,46.90999984741211,46.77000045776367,46.85499954223633,404881
2024-09-03 17:30:00+00:00,46.67499923706055,46.80500030517578,46.640098571777344,46.80500030517578,490543
2024-09-03 18:30:00+00:00,46.4900016784668,46.685001373291016,46.43000030517578,46.67499923706055,689447
2024-09-03 19:30:00+00:00,46.400001525878906,46.56499862670898,46.20500183105469,46.494998931884766,1389519
2024-09-04 13:30:00+00:00,46.66999816894531,46.80500030517578,46.27000045776367,46.34999847412109,894687
2024-09-04 14:30:00+00:00,46.45000076293945,46.7400016784668,46.45000076293945,46.66999816894531,635082
2024-09-04 15:30:00+00:00,46.35499954223633,46.45000076293945,46.32500076293945,46.43999862670898,384928
2024-09-04 16:30:00+00:00,46.220001220703125,46.43999862670898,46.18999862670898,46.3650016784668,354817
2024-09-04 17:30:00+00:00,46.025001525878906,46.22499847412109,45.97499847412109,46.220001220703125,400940
2024-09-04 18:30:00+00:00,46.0099983215332,46.05500030517578,45.88999938964844,46.025001525878906,587262
2024-09-04 19:30:00+00:00,46.060001373291016,46.16999816894531,45.90999984741211,46.0,1210386
2024-09-05 13:30:00+00:00,46.06999969482422,46.540000915527344,45.91999816894531,46.5,699546
2024-09-05 14:30:00+00:00,45.61000061035156,46.1349983215332,45.59999847412109,46.06999969482422,534075
2024-09-05 15:30:00+00:00,45.5,45.71500015258789,45.459999084472656,45.61000061035156,397747
2024-09-05 16:30:00+00:00,45.54999923706055,45.59000015258789,45.42470169067383,45.505001068115234,389748
2024-09-05 17:30:00+00:00,45.70500183105469,45.77999877929688,45.5099983215332,45.560001373291016,421894
2024-09-05 18:30:00+00:00,45.69499969482422,45.8650016784668,45.6349983215332,45.70000076293945,404414
2024-09-05 19:30:00+00:00,45.54750061035156,45.75,45.4900016784668,45.68999862670898,1569608
2024-09-06 13:30:00+00:00,45.45500183105469,45.93989944458008,45.435001373291016,45.61000061035156,700669
2024-09-06 14:30:00+00:00,44.95000076293945,45.58000183105469,44.915000915527344,45.459999084472656,703690
2024-09-06 15:30:00+00:00,44.619998931884766,45.040000915527344,44.619998931884766,44.95000076293945,511172
2024-09-06 16:30:00+00:00,44.6349983215332,44.775001525878906,44.494998931884766,44.619998931884766,746390
2024-09-06 17:30:00+00:00,44.40499877929688,44.71500015258789,44.38999938964844,44.6349983215332,556463
2024-09-06 18:30:00+00:00,44.48500061035156,44.54499816894531,44.33000183105469,44.40499877929688,617776
2024-09-06 19:30:00+00:00,44.4900016784668,44.52000045776367,44.34999847412109,44.47999954223633,1269256
2024-09-09 13:30:00+00:00,45.10499954223633,45.27000045776367,44.77000045776367,44.93000030517578,523296
2024-09-09 14:30:00+00:00,45.130001068115234,45.22999954223633,44.994998931884766,45.109500885009766,451046
2024-09-09 15:30:00+00:00,45.345001220703125,45.43999862670898,45.11199951171875,45.13999938964844,506455
2024-09-09 16:30:00+00:00,45.3849983215332,45.43999862670898,45.345001220703125,45.345001220703125,341566
2024-09-09 17:30:00+00:00,45.34999847412109,45.43000030517578,45.2599983215332,45.38999938964844,435429
2024-09-09 18:30:00+00:00,45.369998931884766,45.43999862670898,45.2400016784668,45.34999847412109,570498
2024-09-09 19:30:00+00:00,45.2599983215332,45.38999938964844,45.150001525878906,45.3650016784668,1194813
2024-09-10 13:30:00+00:00,44.36000061035156,45.400001525878906,44.275001525878906,45.400001525878906,663359
2024-09-10 14:30:00+00:00,44.19499969482422,44.37350082397461,44.119998931884766,44.34999847412109,720731
2024-09-10 15:30:00+00:00,44.084999084472656,44.23500061035156,44.02000045776367,44.19499969482422,789461
2024-09-10 16:30:00+00:00,44.45000076293945,44.45000076293945,44.04999923706055,44.084999084472656,767434
2024-09-10 17:30:00+00:00,44.73500061035156,44.73500061035156,44.45149993896485,44.459999084472656,448749
2024-09-10 18:30:00+00:00,44.900001525878906,44.970001220703125,44.70000076293945,44.72999954223633,1027361
2024-09-10 19:30:00+00:00,45.02000045776367,45.04999923706055,44.76499938964844,44.88999938964844,1301470
2024-09-11 13:30:00+00:00,43.68999862670898,44.66999816894531,43.65999984741211,44.619998931884766,1201903
2024-09-11 14:30:00+00:00,43.915000915527344,44.09999847412109,43.58000183105469,43.69499969482422,1163211
2024-09-11 15:30:00+00:00,44.04499816894531,44.09999847412109,43.902099609375,43.915000915527344,915569
2024-09-11 16:30:00+00:00,44.18999862670898,44.28680038452149,43.97999954223633,44.04999923706055,641712
2024-09-11 17:30:00+00:00,44.27999877929688,44.31999969482422,44.18190002441406,44.18999862670898,606280
2024-09-11 18:30:00+00:00,44.65999984741211,44.66999816894531,44.2400016784668,44.27999877929688,903200
2024-09-11 19:30:00+00:00,44.7400016784668,44.79999923706055,44.5099983215332,44.65499877929688,1736426
2024-09-12 13:30:00+00:00,45.31499862670898,45.970001220703125,45.13999938964844,45.380001068115234,2507942
2024-09-12 14:30:00+00:00,43.970001220703125,45.3650016784668,43.75,45.31499862670898,3780713
2024-09-12 15:30:00+00:00,43.915000915527344,44.310001373291016,43.90499877929688,43.97100067138672,1619553
2024-09-12 16:30:00+00:00,43.84000015258789,44.0,43.76499938964844,43.915000915527344,906789
2024-09-12 17:30:00+00:00,43.79999923706055,43.900001525878906,43.54499816894531,43.845001220703125,1284312
2024-09-12 18:30:00+00:00,43.6349983215332,43.83000183105469,43.4900016784668,43.79999923706055,796325
2024-09-12 19:30:00+00:00,43.86000061035156,43.86000061035156,43.59999847412109,43.63999938964844,1883803
2024-09-13 13:30:00+00:00,44.34000015258789,44.459999084472656,44.11000061035156,44.15999984741211,1253620
2024-09-13 14:30:00+00:00,44.20500183105469,44.5,44.119998931884766,44.34999847412109,845347
2024-09-13 15:30:00+00:00,44.45500183105469,44.505001068115234,44.18999862670898,44.20500183105469,799929
2024-09-13 16:30:00+00:00,44.53499984741211,44.54499816894531,44.38999938964844,44.45000076293945,721890
2024-09-13 17:30:00+00:00,44.4900016784668,44.650001525878906,44.41999816894531,44.53499984741211,741300
2024-09-13 18:30:00+00:00,44.69499969482422,44.71500015258789,44.45500183105469,44.47999954223633,1118399
2024-09-13 19:30:00+00:00,44.619998931884766,44.7400016784668,44.59999847412109,44.69089889526367,1636225
2024-09-16 13:30:00+00:00,44.96500015258789,45.130001068115234,44.709999084472656,44.84999847412109,850363
2024-09-16 14:30:00+00:00,44.56999969482422,44.97499847412109,44.560001373291016,44.959999084472656,581556
2024-09-16 15:30:00+00:00,44.75,44.875,44.56999969482422,44.57500076293945,2382137
2024-09-16 16:30:00+00:00,44.47499847412109,44.75,44.33000183105469,44.7400016784668,1028887
2024-09-16 17:30:00+00:00,44.53499984741211,44.560001373291016,44.31999969482422,44.47499847412109,725289
2024-09-16 18:30:00+00:00,44.619998931884766,44.63999938964844,44.45399856567383,44.53499984741211,1004697
2024-09-16 19:30:00+00:00,44.68000030517578,44.709999084472656,44.52999877929688,44.61750030517578,1471855
2024-09-17 13:30:00+00:00,45.185001373291016,45.2599983215332,44.75,44.97499847412109,1369542
2024-09-17 14:30:00+00:00,45.1349983215332,45.22499847412109,44.970001220703125,45.18999862670898,855164
2024-09-17 15:30:00+00:00,45.02999877929688,45.27999877929688,44.959999084472656,45.14500045776367,474939
2024-09-17 16:30:00+00:00,44.810001373291016,45.0281982421875,44.73500061035156,45.02000045776367,510466
2024-09-17 17:30:00+00:00,44.77999877929688,44.91999816894531,44.72499847412109,44.81499862670898,416194
2024-09-17 18:30:00+00:00,44.60499954223633,44.79999923706055,44.52999877929688,44.7599983215332,574698
2024-09-17 19:30:00+00:00,44.69499969482422,44.709999084472656,44.540000915527344,44.60499954223633,1066443
2024-09-18 13:30:00+00:00,44.93000030517578,45.150001525878906,44.61000061035156,44.7400016784668,1194057
2024-09-18 14:30:00+00:00,45.125,45.13999938964844,44.790000915527344,44.935001373291016,699985
2024-09-18 15:30:00+00:00,45.095001220703125,45.22999954223633,44.974098205566406,45.125,514205
2024-09-18 16:30:00+00:00,45.125,45.150001525878906,45.03499984741211,45.09000015258789,392542
2024-09-18 17:30:00+00:00,45.36000061035156,45.619998931884766,44.97999954223633,45.125,1888348
2024-09-18 18:30:00+00:00,45.59999847412109,45.80500030517578,45.209999084472656,45.369998931884766,1868938
2024-09-18 19:30:00+00:00,45.18000030517578,45.650001525878906,45.11000061035156,45.61000061035156,1815677
2024-09-19 13:30:00+00:00,46.345001220703125,46.40999984741211,45.59999847412109,46.27999877929688,1710331
2024-09-19 14:30:00+00:00,46.255001068115234,46.3849983215332,46.09999847412109,46.34000015258789,699683
2024-09-19 15:30:00+00:00,46.06999969482422,46.25,46.0,46.25,822518
2024-09-19 16:30:00+00:00,46.30500030517578,46.34000015258789,46.06999969482422,46.06999969482422,452024
2024-09-19 17:30:00+00:00,46.560001373291016,46.61000061035156,46.310001373291016,46.310001373291016,809531
2024-09-19 18:30:00+00:00,46.459999084472656,46.619998931884766,46.459999084472656,46.56999969482422,952701
2024-09-19 19:30:00+00:00,46.470001220703125,46.4900016784668,46.27000045776367,46.459999084472656,1399290
2024-09-20 13:30:00+00:00,45.97999954223633,46.369998931884766,45.959999084472656,46.290000915527344,1644999
2024-09-20 14:30:00+00:00,45.94499969482422,46.09000015258789,45.880001068115234,45.98500061035156,357660
2024-09-20 15:30:00+00:00,45.935001373291016,46.04499816894531,45.84000015258789,45.93999862670898,300380
2024-09-20 16:30:00+00:00,45.98699951171875,46.03499984741211,45.90999984741211,45.93999862670898,335169
2024-09-20 17:30:00+00:00,46.03499984741211,46.119998931884766,45.97499847412109,45.99420166015625,417009
2024-09-20 18:30:00+00:00,46.02000045776367,46.060001373291016,45.9099006652832,46.02999877929688,530266
2024-09-20 19:30:00+00:00,45.98500061035156,46.02000045776367,45.84999847412109,46.02000045776367,843488
2024-09-23 13:30:00+00:00,46.04499816894531,46.29999923706055,45.84999847412109,46.13999938964844,652658
2024-09-23 14:30:00+00:00,45.79499816894531,46.06499862670898,45.7599983215332,46.04990005493164,337780
2024-09-23 15:30:00+00:00,45.79999923706055,45.88999938964844,45.7599983215332,45.79499816894531,356773
2024-09-23 16:30:00+00:00,45.9900016784668,46.0,45.77000045776367,45.79999923706055,274725
2024-09-23 17:30:00+00:00,45.95000076293945,46.040000915527344,45.93000030517578,46.0,281180
2024-09-23 18:30:00+00:00,45.90999984741211,45.95000076293945,45.83000183105469,45.95000076293945,345038
2024-09-23 19:30:00+00:00,45.84999847412109,45.959999084472656,45.84000015258789,45.915000915527344,596248
2024-09-24 13:30:00+00:00,45.67499923706055,45.97999954223633,45.619998931884766,45.86000061035156,708530
2024-09-24 14:30:00+00:00,45.46500015258789,45.685001373291016,45.45000076293945,45.685001373291016,380488
2024-09-24 15:30:00+00:00,45.33000183105469,45.5099983215332,45.31999969482422,45.470001220703125,513837
2024-09-24 16:30:00+00:00,45.505001068115234,45.58000183105469,45.27999877929688,45.33000183105469,344108
2024-09-24 17:30:00+00:00,45.55379867553711,45.57500076293945,45.505001068115234,45.505001068115234,348317
2024-09-24 18:30:00+00:00,45.55179977416992,45.595001220703125,45.5,45.54999923706055,387619
2024-09-24 19:30:00+00:00,45.63999938964844,45.66999816894531,45.50400161743164,45.54999923706055,1034701
2024-09-25 13:30:00+00:00,45.02750015258789,45.68000030517578,44.970001220703125,45.68000030517578,625244
2024-09-25 14:30:00+00:00,45.17499923706055,45.25,44.97999954223633,45.02999877929688,661654
2024-09-25 15:30:00+00:00,45.18000030517578,45.27000045776367,45.10499954223633,45.17279815673828,330354
2024-09-25 16:30:00+00:00,44.97999954223633,45.18000030517578,44.93999862670898,45.16999816894531,357050
2024-09-25 17:30:00+00:00,44.900001525878906,45.0,44.84000015258789,44.970001220703125,463613
2024-09-25 18:30:00+00:00,44.79499816894531,44.93000030517578,44.7599983215332,44.900001525878906,512314
2024-09-25 19:30:00+00:00,44.75,44.810001373291016,44.70000076293945,44.790000915527344,1006358
2024-09-26 13:30:00+00:00,45.040000915527344,45.150001525878906,44.2400016784668,45.02999877929688,2186017
2024-09-26 14:30:00+00:00,45.13999938964844,45.31999969482422,45.040000915527344,45.040000915527344,795930
2024-09-26 15:30:00+00:00,45.21500015258789,45.32220077514648,45.01499938964844,45.130001068115234,860145
2024-09-26 16:30:00+00:00,45.36000061035156,45.380001068115234,45.15999984741211,45.220001220703125,812329
2024-09-26 17:30:00+00:00,45.34999847412109,45.43000030517578,45.27999877929688,45.35499954223633,549429
2024-09-26 18:30:00+00:00,45.345001220703125,45.40999984741211,45.275001525878906,45.349098205566406,725832
2024-09-26 19:30:00+00:00,45.290000915527344,45.380001068115234,45.15499877929688,45.34249877929688,1640491
2024-09-27 13:30:00+00:00,45.59999847412109,45.64500045776367,45.220001220703125,45.52000045776367,1004103
2024-09-27 14:30:00+00:00,45.79999923706055,45.834999084472656,45.52999877929688,45.59999847412109,842425
2024-09-27 15:30:00+00:00,45.77399826049805,45.95000076293945,45.71500015258789,45.79999923706055,465403
2024-09-27 16:30:00+00:00,45.80500030517578,45.83000183105469,45.709999084472656,45.775001525878906,523190
2024-09-27 17:30:00+00:00,45.57500076293945,45.86000061035156,45.54499816894531,45.810001373291016,618117
2024-09-27 18:30:00+00:00,45.540000915527344,45.625,45.494998931884766,45.58000183105469,595614
2024-09-27 19:30:00+00:00,45.470001220703125,45.540000915527344,45.43000030517578,45.52000045776367,1006333
2024-09-30 13:30:00+00:00,45.32500076293945,45.4900016784668,44.8650016784668,45.44499969482422,1002829
2024-09-30 14:30:00+00:00,45.56999969482422,45.60499954223633,45.29499816894531,45.33000183105469,761705
2024-09-30 15:30:00+00:00,45.57500076293945,45.65999984741211,45.5099983215332,45.59000015258789,590195
2024-09-30 16:30:00+00:00,45.625,45.709999084472656,45.54999923706055,45.57500076293945,556243
2024-09-30 17:30:00+00:00,45.25,45.70000076293945,45.09999847412109,45.625,865811
2024-09-30 18:30:00+00:00,45.4640007019043,45.4900016784668,45.209999084472656,45.25,514376
2024-09-30 19:30:00+00:00,45.72499847412109,45.77999877929688,45.45000076293945,45.46500015258789,1080785
2024-10-01 13:30:00+00:00,44.400001525878906,45.421199798583984,44.334999084472656,45.380001068115234,1445957
2024-10-01 14:30:00+00:00,44.72999954223633,44.77000045776367,44.31999969482422,44.40999984741211,700120
2024-10-01 15:30:00+00:00,44.790000915527344,44.84999847412109,44.70500183105469,44.720001220703125,417979
2024-10-01 16:30:00+00:00,44.512298583984375,44.79499816894531,44.4900016784668,44.79499816894531,423909
2024-10-01 17:30:00+00:00,44.76499938964844,44.84999847412109,44.4900016784668,44.5099983215332,389088
2024-10-01 18:30:00+00:00,44.69499969482422,44.845001220703125,44.64500045776367,44.77999877929688,483281
2024-10-01 19:30:00+00:00,44.459999084472656,44.69499969482422,44.43000030517578,44.69499969482422,1043168
2024-10-02 13:30:00+00:00,44.52000045776367,44.90999984741211,44.32500076293945,44.470001220703125,833989
2024-10-02 14:30:00+00:00,44.45500183105469,44.57979965209961,44.334999084472656,44.51499938964844,682294
2024-10-02 15:30:00+00:00,44.3849983215332,44.51499938964844,44.35010147094727,44.459999084472656,327663
2024-10-02 16:30:00+00:00,44.209999084472656,44.39500045776367,44.185001373291016,44.380001068115234,491651
2024-10-02 17:30:00+00:00,44.09000015258789,44.275001525878906,44.025001525878906,44.20000076293945,617070
2024-10-02 18:30:00+00:00,44.09000015258789,44.22999954223633,44.01399993896485,44.084999084472656,440411
2024-10-02 19:30:00+00:00,44.25,44.27999877929688,44.02000045776367,44.09000015258789,771590
2024-10-03 13:30:00+00:00,43.66999816894531,44.10499954223633,43.43999862670898,44.040000915527344,887648
2024-10-03 14:30:00+00:00,43.900001525878906,43.900001525878906,43.62760162353516,43.68000030517578,609521
2024-10-03 15:30:00+00:00,44.04499816894531,44.060001373291016,43.875,43.89500045776367,299954
2024-10-03 16:30:00+00:00,43.83990097045898,44.06499862670898,43.83000183105469,44.040000915527344,422378
2024-10-03 17:30:00+00:00,43.90499877929688,43.96500015258789,43.84000015258789,43.84000015258789,286687
2024-10-03 18:30:00+00:00,43.86000061035156,44.0099983215332,43.83000183105469,43.900001525878906,529936
2024-10-03 19:30:00+00:00,43.959999084472656,44.0099983215332,43.78499984741211,43.86000061035156,708123
2024-10-04 13:30:00+00:00,44.3650016784668,44.95000076293945,44.21500015258789,44.720001220703125,1328835
2024-10-04 14:30:00+00:00,44.29999923706055,44.560001373291016,44.16999816894531,44.34000015258789,631774
2024-10-04 15:30:00+00:00,44.40999984741211,44.5,44.244998931884766,44.29499816894531,501587
2024-10-04 16:30:00+00:00,44.616844177246094,44.625,44.38079833984375,44.40499877929688,379005
2024-10-04 17:30:00+00:00,44.54499816894531,44.709999084472656,44.4900016784668,44.6150016784668,434886
2024-10-04 18:30:00+00:00,44.61000061035156,44.65499877929688,44.4900016784668,44.540000915527344,415954
2024-10-04 19:30:00+00:00,44.685001373291016,44.71500015258789,44.584999084472656,44.60499954223633,780751
2024-10-07 13:30:00+00:00,44.540000915527344,44.68999862670898,44.2400016784668,44.58000183105469,875187
2024-10-07 14:30:00+00:00,44.560001373291016,44.60499954223633,44.459999084472656,44.540000915527344,497757
2024-10-07 15:30:00+00:00,44.52999877929688,44.56499862670898,44.435001373291016,44.560001373291016,279254
2024-10-07 16:30:00+00:00,44.470001220703125,44.54999923706055,44.435001373291016,44.52999877929688,192265
2024-10-07 17:30:00+00:00,44.2599983215332,44.470001220703125,44.25,44.46500015258789,242488
2024-10-07 18:30:00+00:00,44.27000045776367,44.29999923706055,44.025001525878906,44.25,522439
2024-10-07 19:30:00+00:00,44.470001220703125,44.470001220703125,44.21500015258789,44.27999877929688,764638
2024-10-08 13:30:00+00:00,44.310001373291016,44.72999954223633,44.29100036621094,44.56499862670898,637328
2024-10-08 14:30:00+00:00,44.415000915527344,44.459999084472656,44.15499877929688,44.30500030517578,388681
2024-10-08 15:30:00+00:00,44.41299819946289,44.449100494384766,44.33000183105469,44.41999816894531,377881
2024-10-08 16:30:00+00:00,44.29499816894531,44.43000030517578,44.255001068115234,44.40999984741211,290941
2024-10-08 17:30:00+00:00,44.375,44.40999984741211,44.22999954223633,44.29499816894531,513165
2024-10-08 18:30:00+00:00,44.34000015258789,44.4900016784668,44.290000915527344,44.375,552218
2024-10-08 19:30:00+00:00,44.25,44.43999862670898,44.22999954223633,44.34000015258789,793868
2024-10-09 13:30:00+00:00,44.650001525878906,44.869998931884766,44.150001525878906,44.33000183105469,998809
2024-10-09 14:30:00+00:00,45.05500030517578,45.05500030517578,44.58409881591797,44.650001525878906,553875
2024-10-09 15:30:00+00:00,44.9900016784668,45.10110092163086,44.959999084472656,45.04999923706055,506523
2024-10-09 16:30:00+00:00,44.97499847412109,45.02999877929688,44.91999816894531,45.0,397597
2024-10-09 17:30:00+00:00,44.95000076293945,45.06999969482422,44.93000030517578,44.97370147705078,1195972
2024-10-09 18:30:00+00:00,45.03549957275391,45.04499816894531,44.88999938964844,44.94499969482422,691108
2024-10-09 19:30:00+00:00,45.09000015258789,45.150001525878906,44.96500015258789,45.03499984741211,1127340
2024-10-10 13:30:00+00:00,44.970001220703125,45.057735443115234,44.79999923706055,44.900001525878906,707099
2024-10-10 14:30:00+00:00,44.79499816894531,45.03499984741211,44.75,44.95500183105469,929390
2024-10-10 15:30:00+00:00,44.80500030517578,44.84000015258789,44.66999816894531,44.79499816894531,399991
2024-10-10 16:30:00+00:00,44.67499923706055,44.81499862670898,44.494998931884766,44.810001373291016,525450
2024-10-10 17:30:00+00:00,44.65499877929688,44.70000076293945,44.5099983215332,44.67499923706055,320693
2024-10-10 18:30:00+00:00,44.744998931884766,44.80500030517578,44.63999938964844,44.650001525878906,618913
2024-10-10 19:30:00+00:00,44.94499969482422,44.97999954223633,44.7400016784668,44.75,815240
2024-10-11 13:30:00+00:00,46.47499847412109,46.52999877929688,45.34000015258789,45.400001525878906,2042648
2024-10-11 14:30:00+00:00,46.48500061035156,46.5807991027832,46.25,46.470699310302734,1130120
2024-10-11 15:30:00+00:00,46.27000045776367,46.525001525878906,46.25,46.48500061035156,805636
2024-10-11 16:30:00+00:00,46.119998931884766,46.34999847412109,46.084999084472656,46.27000045776367,490985
2024-10-11 17:30:00+00:00,46.185001373291016,46.244998931884766,46.02000045776367,46.119998931884766,807873
2024-10-11 18:30:00+00:00,46.27999877929688,46.400001525878906,46.1349983215332,46.18999862670898,1083820
2024-10-11 19:30:00+00:00,46.27000045776367,46.36000061035156,46.25,46.27999877929688,1196970
2024-10-14 13:30:00+00:00,46.685001373291016,46.744998931884766,46.09000015258789,46.18999862670898,1187105
2024-10-14 14:30:00+00:00,46.8849983215332,46.935001373291016,46.68999862670898,46.68999862670898,1111780
2024-10-14 15:30:00+00:00,46.994998931884766,47.084999084472656,46.83000183105469,46.8849983215332,712089
2024-10-14 16:30:00+00:00,47.01499938964844,47.04990005493164,46.91999816894531,46.994998931884766,964789
2024-10-14 17:30:00+00:00,47.1150016784668,47.125,46.92499923706055,47.0099983215332,693315
2024-10-14 18:30:00+00:00,47.1150016784668,47.14500045776367,46.9900016784668,47.11000061035156,880011
2024-10-14 19:30:00+00:00,47.130001068115234,47.20000076293945,47.084999084472656,47.1150016784668,1661836
2024-10-15 13:30:00+00:00,47.80500030517578,47.81499862670898,47.22499847412109,47.45000076293945,1569196
2024-10-15 14:30:00+00:00,47.84999847412109,47.915000915527344,47.560001373291016,47.79999923706055,1092377
2024-10-15 15:30:00+00:00,47.9900016784668,48.0099983215332,47.68009948730469,47.84999847412109,942752
2024-10-15 16:30:00+00:00,47.595001220703125,48.08000183105469,47.56499862670898,47.9900016784668,758626
2024-10-15 17:30:00+00:00,47.19499969482422,47.625,47.185001373291016,47.595001220703125,651586
2024-10-15 18:30:00+00:00,47.21500015258789,47.380001068115234,47.185001373291016,47.20000076293945,800828
2024-10-15 19:30:00+00:00,47.02999877929688,47.2400016784668,46.93999862670898,47.209999084472656,1609412
2024-10-16 13:30:00+00:00,49.369998931884766,50.11000061035156,48.73500061035156,48.73500061035156,6317753
2024-10-16 14:30:00+00:00,49.15499877929688,49.5,49.1150016784668,49.380001068115234,3159744
2024-10-16 15:30:00+00:00,49.17499923706055,49.34999847412109,49.1150016784668,49.150001525878906,2434743
2024-10-16 16:30:00+00:00,49.220001220703125,49.255001068115234,49.08000183105469,49.16999816894531,1777625
2024-10-16 17:30:00+00:00,49.15999984741211,49.33000183105469,49.04999923706055,49.21009826660156,4477483
2024-10-16 18:30:00+00:00,49.25,49.46500015258789,49.130001068115234,49.15999984741211,4374821
2024-10-16 19:30:00+00:00,49.20000076293945,49.43999862670898,49.130001068115234,49.25,3620445
2024-10-17 13:30:00+00:00,49.630001068115234,49.96020126342773,49.25,49.869998931884766,3222147
2024-10-17 14:30:00+00:00,49.810001373291016,49.959999084472656,49.54499816894531,49.625,1912732
2024-10-17 15:30:00+00:00,49.994998931884766,50.0099983215332,49.790000915527344,49.790000915527344,1295232
2024-10-17 16:30:00+00:00,50.22999954223633,50.470001220703125,49.96500015258789,49.994998931884766,1563792
2024-10-17 17:30:00+00:00,50.04999923706055,50.369998931884766,49.90999984741211,50.22999954223633,2293259
2024-10-17 18:30:00+00:00,50.084999084472656,50.130001068115234,49.09999847412109,50.05500030517578,1604560
2024-10-17 19:30:00+00:00,49.98500061035156,50.09000015258789,49.869998931884766,50.08000183105469,2121528
2024-10-18 13:30:00+00:00,49.185001373291016,50.150001525878906,48.95610046386719,50.11000061035156,2902615
2024-10-18 14:30:00+00:00,49.25,49.459999084472656,49.150001525878906,49.18999862670898,1452627
2024-10-18 15:30:00+00:00,49.470001220703125,49.49919891357422,49.22499847412109,49.255001068115234,821681
2024-10-18 16:30:00+00:00,49.22999954223633,49.47999954223633,49.18000030517578,49.46500015258789,734012
2024-10-18 17:30:00+00:00,49.34999847412109,49.3849983215332,49.20000076293945,49.23500061035156,914630
2024-10-18 18:30:00+00:00,49.21500015258789,49.3849983215332,49.15999984741211,49.345001220703125,947015
2024-10-18 19:30:00+00:00,49.15999984741211,49.27000045776367,49.125,49.21500015258789,1845925
2024-10-21 13:30:00+00:00,48.27629852294922,49.15719985961914,48.27629852294922,49.02999877929688,1115666
2024-10-21 14:30:00+00:00,48.113399505615234,48.43000030517578,48.0099983215332,48.27999877929688,798732
2024-10-21 15:30:00+00:00,48.25,48.27999877929688,48.060001373291016,48.11000061035156,533295
2024-10-21 16:30:00+00:00,48.206199645996094,48.334999084472656,48.20000076293945,48.25,518125
2024-10-21 17:30:00+00:00,48.09920120239258,48.209999084472656,47.96009826660156,48.20500183105469,650944
2024-10-21 18:30:00+00:00,47.959999084472656,48.18999862670898,47.88999938964844,48.09999847412109,988057
2024-10-21 19:30:00+00:00,47.93000030517578,47.95000076293945,47.86000061035156,47.95000076293945,1061220
2024-10-22 13:30:00+00:00,47.540000915527344,48.06999969482422,47.41999816894531,47.7400016784668,698141
2024-10-22 14:30:00+00:00,47.880001068115234,47.8849983215332,47.52999877929688,47.54999923706055,659014
2024-10-22 15:30:00+00:00,48.0,48.0099983215332,47.84000015258789,47.88999938964844,578387
2024-10-22 16:30:00+00:00,47.915000915527344,48.150001525878906,47.90999984741211,48.0,1103134
2024-10-22 17:30:00+00:00,47.880001068115234,47.97919845581055,47.86000061035156,47.915000915527344,645745
2024-10-22 18:30:00+00:00,47.95500183105469,47.9900016784668,47.75,47.880001068115234,903364
2024-10-22 19:30:00+00:00,48.02999877929688,48.09000015258789,47.93009948730469,47.95989990234375,997288
2024-10-23 13:30:00+00:00,48.130001068115234,48.36000061035156,47.77999877929688,47.810001373291016,874612
2024-10-23 14:30:00+00:00,47.95000076293945,48.15999984741211,47.93000030517578,48.14500045776367,525378
2024-10-23 15:30:00+00:00,48.1349983215332,48.1599006652832,47.93999862670898,47.95500183105469,641656
2024-10-23 16:30:00+00:00,48.06399917602539,48.22999954223633,48.05500030517578,48.1349983215332,472963
2024-10-23 17:30:00+00:00,48.130001068115234,48.1349983215332,47.93000030517578,48.06499862670898,1514668
2024-10-23 18:30:00+00:00,48.470001220703125,48.51649856567383,48.130001068115234,48.130001068115234,628613
2024-10-23 19:30:00+00:00,48.52999877929688,48.52999877929688,48.41999816894531,48.470001220703125,1195544
2024-10-24 13:30:00+00:00,48.619998931884766,48.66999816894531,48.27000045776367,48.6349983215332,1316844
2024-10-24 14:30:00+00:00,48.470001220703125,48.72999954223633,48.43999862670898,48.6150016784668,924353
2024-10-24 15:30:00+00:00,48.290000915527344,48.46500015258789,48.19499969482422,48.46500015258789,1065759
2024-10-24 16:30:00+00:00,48.505001068115234,48.525001525878906,48.27999877929688,48.28499984741211,425699
2024-10-24 17:30:00+00:00,48.39500045776367,48.505001068115234,48.33000183105469,48.5,353435
2024-10-24 18:30:00+00:00,48.459999084472656,48.47499847412109,48.345001220703125,48.38999938964844,487343
2024-10-24 19:30:00+00:00,48.45000076293945,48.52000045776367,48.310001373291016,48.45479965209961,1841970
2024-10-25 13:30:00+00:00,48.59000015258789,48.95000076293945,48.275001525878906,48.84999847412109,729833
2024-10-25 14:30:00+00:00,48.23500061035156,48.6349983215332,48.209999084472656,48.58000183105469,560929
2024-10-25 15:30:00+00:00,48.22999954223633,48.26499938964844,48.11000061035156,48.2400016784668,412882
2024-10-25 16:30:00+00:00,47.959999084472656,48.255001068115234,47.90999984741211,48.23500061035156,481530
2024-10-25 17:30:00+00:00,47.86000061035156,47.95000076293945,47.69010162353516,47.95000076293945,538380
2024-10-25 18:30:00+00:00,47.79999923706055,47.91999816894531,47.76499938964844,47.84000015258789,602350
2024-10-25 19:30:00+00:00,47.7400016784668,47.81999969482422,47.709999084472656,47.80500030517578,1052252
2024-10-28 13:30:00+00:00,48.31999969482422,48.52999877929688,47.970001220703125,48.119998931884766,865291
2024-10-28 14:30:00+00:00,48.52000045776367,48.52999877929688,48.18999862670898,48.310001373291016,555062
2024-10-28 15:30:00+00:00,48.57500076293945,48.59000015258789,48.375,48.51499938964844,524939
2024-10-28 16:30:00+00:00,48.53499984741211,48.59000015258789,48.43999862670898,48.57500076293945,442569
2024-10-28 17:30:00+00:00,48.584999084472656,48.625,48.47499847412109,48.52999877929688,496805
2024-10-28 18:30:00+00:00,48.6349983215332,48.665000915527344,48.55500030517578,48.59000015258789,628707
2024-10-28 19:30:00+00:00,48.59999847412109,48.68989944458008,48.560001373291016,48.6349983215332,1167211
2024-10-29 13:30:00+00:00,48.540000915527344,48.70000076293945,48.33000183105469,48.41999816894531,704946
2024-10-29 14:30:00+00:00,48.42499923706055,48.59999847412109,48.290000915527344,48.560001373291016,783566
2024-10-29 15:30:00+00:00,48.42129898071289,48.58000183105469,48.39500045776367,48.42499923706055,372461
2024-10-29 16:30:00+00:00,48.29100036621094,48.42599868774414,48.2400016784668,48.41999816894531,476109
2024-10-29 17:30:00+00:00,48.20500183105469,48.33000183105469,48.185001373291016,48.29999923706055,382869
2024-10-29 18:30:00+00:00,48.19499969482422,48.29499816894531,48.15999984741211,48.20000076293945,507845
2024-10-29 19:30:00+00:00,48.22999954223633,48.34000015258789,48.060001373291016,48.19499969482422,1276204
2024-10-30 13:30:00+00:00,49.15499877929688,49.3650016784668,48.220001220703125,48.220001220703125,970378
2024-10-30 14:30:00+00:00,49.06499862670898,49.15499877929688,48.95000076293945,49.150001525878906,665795
2024-10-30 15:30:00+00:00,49.04999923706055,49.18980026245117,49.01499938964844,49.06999969482422,682179
2024-10-30 16:30:00+00:00,48.95500183105469,49.060001373291016,48.95000076293945,49.05500030517578,675536
2024-10-30 17:30:00+00:00,48.75,48.95500183105469,48.68000030517578,48.95100021362305,1006443
2024-10-30 18:30:00+00:00,48.744998931884766,48.77000045776367,48.60499954223633,48.7400016784668,742963
2024-10-30 19:30:00+00:00,48.68999862670898,48.77999877929688,48.65999984741211,48.744998931884766,1371768
2024-10-31 13:30:00+00:00,48.52000045776367,48.81999969482422,48.459999084472656,48.66999816894531,830976
2024-10-31 14:30:00+00:00,48.30500030517578,48.619998931884766,48.22499847412109,48.51499938964844,795401
2024-10-31 15:30:00+00:00,48.65999984741211,48.665000915527344,48.27999877929688,48.3125,685901
2024-10-31 16:30:00+00:00,48.6349983215332,48.69779968261719,48.505001068115234,48.650001525878906,367409
2024-10-31 17:30:00+00:00,48.6150016784668,48.64899826049805,48.54999923706055,48.6349983215332,594530
2024-10-31 18:30:00+00:00,48.54999923706055,48.6349983215332,48.459999084472656,48.619998931884766,606220
2024-10-31 19:30:00+00:00,48.310001373291016,48.55500030517578,48.29999923706055,48.54999923706055,1108966
2024-11-01 13:30:00+00:00,48.91999816894531,48.959999084472656,48.47999954223633,48.709999084472656,805262
2024-11-01 14:30:00+00:00,48.67499923706055,48.93999862670898,48.53499984741211,48.915000915527344,551180
2024-11-01 15:30:00+00:00,48.3650016784668,48.67499923706055,48.36000061035156,48.67499923706055,375568
2024-11-01 16:30:00+00:00,48.2848014831543,48.38999938964844,48.165000915527344,48.345001220703125,386101
2024-11-01 17:30:00+00:00,48.06499862670898,48.290000915527344,47.97999954223633,48.28499984741211,502020
2024-11-01 18:30:00+00:00,47.95000076293945,48.11989974975586,47.93999862670898,48.060001373291016,629127
2024-11-01 19:30:00+00:00,47.84000015258789,48.0,47.81499862670898,47.95000076293945,927289
2024-11-04 14:30:00+00:00,47.47850036621094,47.8650016784668,47.19499969482422,47.86000061035156,1095692
2024-11-04 15:30:00+00:00,47.525001525878906,47.64500045776367,47.41999816894531,47.47999954223633,688094
2024-11-04 16:30:00+00:00,47.43999862670898,47.52000045776367,47.21500015258789,47.52000045776367,628160
2024-11-04 17:30:00+00:00,47.22499847412109,47.5099983215332,47.20000076293945,47.43999862670898,781403
2024-11-04 18:30:00+00:00,47.28060150146485,47.34000015258789,47.20000076293945,47.221099853515625,460461
2024-11-04 19:30:00+00:00,47.29999923706055,47.31999969482422,47.16999816894531,47.27999877929688,600300
2024-11-04 20:30:00+00:00,47.20000076293945,47.34000015258789,47.13999938964844,47.310001373291016,1230994
2024-11-05 14:30:00+00:00,47.6150016784668,47.78499984741211,47.220001220703125,47.290000915527344,591951
2024-11-05 15:30:00+00:00,47.56999969482422,47.869998931884766,47.53499984741211,47.61000061035156,499087
2024-11-05 16:30:00+00:00,47.523529052734375,47.630001068115234,47.47999954223633,47.58000183105469,357441
2024-11-05 17:30:00+00:00,47.57500076293945,47.63999938964844,47.494998931884766,47.52999877929688,343316
2024-11-05 18:30:00+00:00,47.470001220703125,47.59999847412109,47.459999084472656,47.57500076293945,284258
2024-11-05 19:30:00+00:00,47.5099983215332,47.540000915527344,47.369998931884766,47.47999954223633,382821
2024-11-05 20:30:00+00:00,47.619998931884766,47.63999938964844,47.47999954223633,47.505001068115234,856512
2024-11-06 14:30:00+00:00,50.58000183105469,50.84999847412109,50.0,50.27999877929688,4153203
2024-11-06 15:30:00+00:00,50.97999954223633,50.9900016784668,50.27000045776367,50.56999969482422,2059584
2024-11-06 16:30:00+00:00,51.39500045776367,51.40999984741211,50.970001220703125,50.97999954223633,1292494
2024-11-06 17:30:00+00:00,51.60499954223633,51.75,51.36000061035156,51.38999938964844,1069593
2024-11-06 18:30:00+00:00,51.3650016784668,51.7599983215332,51.28020095825195,51.61000061035156,1387560
2024-11-06 19:30:00+00:00,51.290000915527344,51.479000091552734,50.97999954223633,51.3650016784668,2076508
2024-11-06 20:30:00+00:00,51.25,51.400001525878906,51.10499954223633,51.29499816894531,3286820
2024-11-07 14:30:00+00:00,50.39500045776367,51.0099983215332,50.22499847412109,50.84000015258789,1246016
2024-11-07 15:30:00+00:00,49.72499847412109,50.47999954223633,49.61000061035156,50.39500045776367,1500425
2024-11-07 16:30:00+00:00,49.8849983215332,49.88999938964844,49.5900993347168,49.72999954223633,1182386
2024-11-07 17:30:00+00:00,49.744998931884766,49.8849983215332,49.65999984741211,49.8849983215332,704801
2024-11-07 18:30:00+00:00,49.68000030517578,49.970001220703125,49.6150016784668,49.744998931884766,746433
2024-11-07 19:30:00+00:00,49.665000915527344,49.79999923706055,49.34000015258789,49.67499923706055,964952
2024-11-07 20:30:00+00:00,49.560001373291016,49.720001220703125,49.52999877929688,49.665000915527344,1338932
2024-11-08 14:30:00+00:00,49.79499816894531,50.0,49.34999847412109,49.77000045776367,1062131
2024-11-08 15:30:00+00:00,49.959999084472656,50.0099983215332,49.73500061035156,49.790000915527344,677030
2024-11-08 16:30:00+00:00,49.8650016784668,49.970001220703125,49.790000915527344,49.959999084472656,712395
2024-11-08 17:30:00+00:00,49.93000030517578,49.96500015258789,49.84999847412109,49.869998931884766,407759
2024-11-08 18:30:00+00:00,50.22999954223633,50.255001068115234,49.91999816894531,49.935001373291016,701414
2024-11-08 19:30:00+00:00,50.26499938964844,50.35499954223633,50.209999084472656,50.23500061035156,694474
2024-11-08 20:30:00+00:00,50.220001220703125,50.30500030517578,50.1349983215332,50.26499938964844,1655712
2024-11-11 14:30:00+00:00,51.27000045776367,51.459999084472656,50.78499984741211,50.880001068115234,1139746
2024-11-11 15:30:00+00:00,51.1349983215332,51.38999938964844,51.06999969482422,51.27999877929688,422368
2024-11-11 16:30:00+00:00,51.275001525878906,51.33000183105469,51.119998931884766,51.13999938964844,568691
2024-11-11 17:30:00+00:00,51.02000045776367,51.310001373291016,50.915000915527344,51.26499938964844,521886
2024-11-11 18:30:00+00:00,51.11000061035156,51.119998931884766,50.95000076293945,51.02000045776367,361833
2024-11-11 19:30:00+00:00,51.09000015258789,51.21500015258789,51.0,51.10499954223633,870668
2024-11-11 20:30:00+00:00,51.060001373291016,51.119998931884766,50.959999084472656,51.09000015258789,1108515
2024-11-12 14:30:00+00:00,50.95000076293945,51.2599983215332,50.84999847412109,50.93999862670898,1186524
2024-11-12 15:30:00+00:00,50.73500061035156,51.060001373291016,50.65999984741211,50.94499969482422,648731
2024-11-12 16:30:00+00:00,50.60499954223633,50.755001068115234,50.47999954223633,50.73500061035156,530006
2024-11-12 17:30:00+00:00,50.64500045776367,50.650001525878906,50.375,50.60499954223633,417926
2024-11-12 18:30:00+00:00,50.845001220703125,50.88999938964844,50.61000061035156,50.64500045776367,493117
2024-11-12 19:30:00+00:00,50.79999923706055,50.94990158081055,50.7599983215332,50.845001220703125,748275
2024-11-12 20:30:00+00:00,50.77999877929688,50.83000183105469,50.67499923706055,50.79999923706055,1355399
2024-11-13 14:30:00+00:00,51.255001068115234,51.33000183105469,50.81999969482422,50.90999984741211,994743
2024-11-13 15:30:00+00:00,51.525001525878906,51.540000915527344,51.2400016784668,51.25,442246
2024-11-13 16:30:00+00:00,51.39500045776367,51.67990112304688,51.380001068115234,51.525001525878906,391820
2024-11-13 17:30:00+00:00,51.06499862670898,51.38999938964844,50.9900016784668,51.38999938964844,324963
2024-11-13 18:30:00+00:00,50.84999847412109,51.10499954223633,50.83000183105469,51.06499862670898,514314
2024-11-13 19:30:00+00:00,51.07500076293945,51.07500076293945,50.761375427246094,50.84999847412109,839890
2024-11-13 20:30:00+00:00,51.18000030517578,51.29999923706055,51.06499862670898,51.07500076293945,2061612
2024-11-14 14:30:00+00:00,51.09000015258789,51.28499984741211,50.70000076293945,51.28499984741211,836748
2024-11-14 15:30:00+00:00,51.02009963989258,51.27999877929688,51.0,51.095001220703125,698778
2024-11-14 16:30:00+00:00,50.470001220703125,51.04499816894531,50.45000076293945,51.025001525878906,2498755
2024-11-14 17:30:00+00:00,50.400001525878906,50.54999923706055,50.31999969482422,50.47499847412109,517102
2024-11-14 18:30:00+00:00,50.505001068115234,50.505001068115234,50.23500061035156,50.39500045776367,525351
2024-11-14 19:30:00+00:00,50.43000030517578,50.59999847412109,50.2400016784668,50.5,785232
2024-11-14 20:30:00+00:00,50.31999969482422,50.56999969482422,50.290000915527344,50.44499969482422,1212685
2024-11-15 14:30:00+00:00,50.05500030517578,50.650001525878906,50.02000045776367,50.27000045776367,1937557
2024-11-15 15:30:00+00:00,50.1150016784668,50.18999862670898,49.90999984741211,50.05500030517578,1159035
2024-11-15 16:30:00+00:00,49.84000015258789,50.119998931884766,49.78499984741211,50.11000061035156,760626
2024-11-15 17:30:00+00:00,49.935001373291016,49.979400634765625,49.7599983215332,49.84000015258789,1196529
2024-11-15 18:30:00+00:00,49.95000076293945,50.0,49.7400016784668,49.935001373291016,583009
2024-11-15 19:30:00+00:00,50.005001068115234,50.17509841918945,49.88999938964844,49.95500183105469,2717341
2024-11-15 20:30:00+00:00,49.869998931884766,50.060001373291016,49.86000061035156,50.005001068115234,1992437
2024-11-18 14:30:00+00:00,50.22999954223633,50.2599983215332,49.834999084472656,49.959999084472656,1093703
2024-11-18 15:30:00+00:00,50.290000915527344,50.34999847412109,50.060001373291016,50.22999954223633,707068
2024-11-18 16:30:00+00:00,50.48500061035156,50.52000045776367,50.310001373291016,50.310001373291016,404969
2024-11-18 17:30:00+00:00,50.65499877929688,50.790000915527344,50.459999084472656,50.48500061035156,858596
2024-11-18 18:30:00+00:00,50.625,50.75,50.59000015258789,50.650001525878906,548243
2024-11-18 19:30:00+00:00,50.560001373291016,50.6349983215332,50.5099983215332,50.625,669819
2024-11-18 20:30:00+00:00,50.61000061035156,50.630001068115234,50.5,50.56499862670898,1039077
2024-11-19 14:30:00+00:00,50.18999862670898,50.18999862670898,49.5906982421875,49.88999938964844,568602
2024-11-19 15:30:00+00:00,50.58000183105469,50.619998931884766,50.18999862670898,50.18999862670898,527984
2024-11-19 16:30:00+00:00,50.375,50.57500076293945,50.31999969482422,50.57500076293945,337918
2024-11-19 17:30:00+00:00,50.30500030517578,50.44499969482422,50.2400016784668,50.369998931884766,242613
2024-11-19 18:30:00+00:00,50.415000915527344,50.525001525878906,50.25,50.30500030517578,397386
2024-11-19 19:30:00+00:00,50.45009994506836,50.5,50.33000183105469,50.419700622558594,513788
2024-11-19 20:30:00+00:00,50.400001525878906,50.58000183105469,50.400001525878906,50.459999084472656,1087119
2024-11-20 14:30:00+00:00,50.650001525878906,50.875,50.290000915527344,50.709999084472656,891262
2024-11-20 15:30:00+00:00,50.45000076293945,50.94499969482422,50.45000076293945,50.64500045776367,745856
2024-11-20 16:30:00+00:00,50.47999954223633,50.61970138549805,50.400001525878906,50.459999084472656,645041
2024-11-20 17:30:00+00:00,50.6349983215332,50.65250015258789,50.432498931884766,50.47999954223633,451076
2024-11-20 18:30:00+00:00,50.69499969482422,50.709999084472656,50.5,50.6349983215332,512494
2024-11-20 19:30:00+00:00,50.82500076293945,50.86000061035156,50.665000915527344,50.69499969482422,526662
2024-11-20 20:30:00+00:00,50.7400016784668,50.959999084472656,50.709999084472656,50.82500076293945,1185347
2024-11-21 14:30:00+00:00,51.46500015258789,51.71590042114258,50.83000183105469,50.84999847412109,1055653
2024-11-21 15:30:00+00:00,51.83000183105469,51.8849983215332,51.41999816894531,51.470001220703125,817426
2024-11-21 16:30:00+00:00,51.80500030517578,52.08000183105469,51.71500015258789,51.84999847412109,738769
2024-11-21 17:30:00+00:00,51.886600494384766,52.0,51.775001525878906,51.810001373291016,369937
2024-11-21 18:30:00+00:00,51.810001373291016,51.959999084472656,51.76499938964844,51.89500045776367,516257
2024-11-21 19:30:00+00:00,51.72499847412109,51.81999969482422,51.61000061035156,51.810001373291016,589901
2024-11-21 20:30:00+00:00,51.3849983215332,51.7599983215332,51.36000061035156,51.72499847412109,1471438
2024-11-22 14:30:00+00:00,52.220001220703125,52.36000061035156,51.369998931884766,51.369998931884766,1267780
2024-11-22 15:30:00+00:00,52.59999847412109,52.68999862670898,52.20000076293945,52.22999954223633,1045817
2024-11-22 16:30:00+00:00,52.58000183105469,52.66999816894531,52.4900016784668,52.59999847412109,700050
2024-11-22 17:30:00+00:00,52.41999816894531,52.584999084472656,52.400001525878906,52.58000183105469,659098
2024-11-22 18:30:00+00:00,52.39979934692383,52.45000076293945,52.27999877929688,52.41999816894531,526109
2024-11-22 19:30:00+00:00,52.30490112304688,52.525001525878906,52.27000045776367,52.400001525878906,880152
2024-11-22 20:30:00+00:00,52.470001220703125,52.54999923706055,52.26499938964844,52.30500030517578,1564565
2024-11-25 14:30:00+00:00,53.90999984741211,53.91999816894531,53.15999984741211,53.2599983215332,1253100
2024-11-25 15:30:00+00:00,53.45000076293945,53.929500579833984,53.43999862670898,53.900001525878906,808888
2024-11-25 16:30:00+00:00,53.415000915527344,53.47999954223633,53.18999862670898,53.459999084472656,819297
2024-11-25 17:30:00+00:00,53.54999923706055,53.54999923706055,53.275001525878906,53.41999816894531,599415
2024-11-25 18:30:00+00:00,53.665000915527344,53.79999923706055,53.50749969482422,53.54999923706055,697244
2024-11-25 19:30:00+00:00,53.81999969482422,53.83000183105469,53.584999084472656,53.665000915527344,624861
2024-11-25 20:30:00+00:00,53.625,53.88999938964844,53.56999969482422,53.81999969482422,1505862
2024-11-26 14:30:00+00:00,53.59000015258789,53.79499816894531,53.27999877929688,53.7599983215332,621694
2024-11-26 15:30:00+00:00,53.63999938964844,53.73500061035156,53.46500015258789,53.59000015258789,379472
2024-11-26 16:30:00+00:00,53.55500030517578,53.67499923706055,53.47999954223633,53.63999938964844,421894
2024-11-26 17:30:00+00:00,53.56999969482422,53.625,53.46500015258789,53.560001373291016,271549
2024-11-26 18:30:00+00:00,53.69499969482422,53.70000076293945,53.47999954223633,53.54999923706055,378888
2024-11-26 19:30:00+00:00,53.630001068115234,53.77000045776367,53.625,53.68999862670898,1151338
2024-11-26 20:30:00+00:00,53.650001525878906,53.755001068115234,53.560001373291016,53.622100830078125,945130
2024-11-27 14:30:00+00:00,53.65999984741211,53.97999954223633,53.61000061035156,53.75,581496
2024-11-27 15:30:00+00:00,53.525001525878906,53.67499923706055,53.42499923706055,53.65999984741211,642139
2024-11-27 16:30:00+00:00,53.369998931884766,53.584999084472656,53.2599983215332,53.52999877929688,330668
2024-11-27 17:30:00+00:00,53.40999984741211,53.51810073852539,53.3125,53.37889862060547,458622
2024-11-27 18:30:00+00:00,53.32500076293945,53.38999938964844,53.220001220703125,53.38999938964844,303632
2024-11-27 19:30:00+00:00,53.470001220703125,53.470001220703125,53.275001525878906,53.33000183105469,472059
2024-11-27 20:30:00+00:00,53.470001220703125,53.560001373291016,53.3650016784668,53.46500015258789,631590
2024-11-29 14:30:00+00:00,53.290000915527344,53.75,53.06999969482422,53.59999847412109,452304
2024-11-29 15:30:00+00:00,53.3849983215332,53.46500015258789,53.20000076293945,53.29999923706055,382343
2024-11-29 16:30:00+00:00,53.51499938964844,53.58000183105469,53.369998931884766,53.3849983215332,430627
2024-12-02 14:30:00+00:00,52.84999847412109,53.5,52.65999984741211,53.5,493470
2024-12-02 15:30:00+00:00,52.93999862670898,53.0,52.52999877929688,52.84000015258789,443330
2024-12-02 16:30:00+00:00,52.77999877929688,52.97999954223633,52.7599983215332,52.93999862670898,324829
2024-12-02 17:30:00+00:00,52.91999816894531,53.02999877929688,52.755001068115234,52.775001525878906,407545
2024-12-02 18:30:00+00:00,52.900001525878906,53.0,52.79930114746094,52.91999816894531,387672
2024-12-02 19:30:00+00:00,52.95000076293945,52.9900016784668,52.845001220703125,52.89500045776367,419741
2024-12-02 20:30:00+00:00,52.75,52.95000076293945,52.73500061035156,52.95000076293945,906575
2024-12-03 14:30:00+00:00,52.34000015258789,52.8849983215332,52.332801818847656,52.7599983215332,684080
2024-12-03 15:30:00+00:00,51.91999816894531,52.34000015258789,51.91999816894531,52.32500076293945,667036
2024-12-03 16:30:00+00:00,52.13999938964844,52.20000076293945,51.83000183105469,51.91999816894531,937871
2024-12-03 17:30:00+00:00,52.30500030517578,52.32500076293945,52.13899993896485,52.14500045776367,425779
2024-12-03 18:30:00+00:00,52.22499847412109,52.30500030517578,52.15999984741211,52.30500030517578,371235
2024-12-03 19:30:00+00:00,52.290000915527344,52.310001373291016,52.165000915527344,52.22499847412109,498097
2024-12-03 20:30:00+00:00,52.09999847412109,52.31999969482422,52.09000015258789,52.28499984741211,893553
2024-12-04 14:30:00+00:00,51.84000015258789,52.41999816894531,51.75,52.22999954223633,609024
2024-12-04 15:30:00+00:00,51.7400016784668,51.94499969482422,51.720001220703125,51.83000183105469,353538
2024-12-04 16:30:00+00:00,51.619998931884766,51.86000061035156,51.59000015258789,51.73500061035156,251042
2024-12-04 17:30:00+00:00,51.709999084472656,51.84999847412109,51.60499954223633,51.61000061035156,294154
2024-12-04 18:30:00+00:00,51.880001068115234,51.880001068115234,51.625,51.70500183105469,431233
2024-12-04 19:30:00+00:00,51.970001220703125,52.04499816894531,51.845001220703125,51.880001068115234,469138
2024-12-04 20:30:00+00:00,52.0099983215332,52.09999847412109,51.95000076293945,51.96500015258789,664330
2024-12-05 14:30:00+00:00,52.08250045776367,52.5,51.94839859008789,52.0099983215332,627350
2024-12-05 15:30:00+00:00,52.52000045776367,52.52000045776367,52.06999969482422,52.09000015258789,422585
2024-12-05 16:30:00+00:00,52.34999847412109,52.51499938964844,52.209999084472656,52.51499938964844,429137
2024-12-05 17:30:00+00:00,52.3849983215332,52.53499984741211,52.31999969482422,52.34999847412109,415392
2024-12-05 18:30:00+00:00,52.45000076293945,52.58000183105469,52.3849983215332,52.39500045776367,589054
2024-12-05 19:30:00+00:00,52.46500015258789,52.52000045776367,52.310001373291016,52.44499969482422,556342
2024-12-05 20:30:00+00:00,52.119998931884766,52.5,52.09000015258789,52.46500015258789,766460
2024-12-06 14:30:00+00:00,51.84999847412109,52.59000015258789,51.845001220703125,52.2400016784668,564600
2024-12-06 15:30:00+00:00,51.95000076293945,52.09999847412109,51.77999877929688,51.84000015258789,236732
2024-12-06 16:30:00+00:00,51.93999862670898,52.02000045776367,51.84999847412109,51.95000076293945,215867
2024-12-06 17:30:00+00:00,52.07500076293945,52.15999984741211,51.880001068115234,51.92499923706055,245051
2024-12-06 18:30:00+00:00,51.97499847412109,52.07500076293945,51.90999984741211,52.07500076293945,198948
2024-12-06 19:30:00+00:00,52.0,52.04999923706055,51.900001525878906,51.97499847412109,472368
2024-12-06 20:30:00+00:00,52.15999984741211,52.2400016784668,51.970001220703125,51.9900016784668,731871
2024-12-09 14:30:00+00:00,51.90999984741211,52.26499938964844,51.84999847412109,52.2400016784668,524130
2024-12-09 15:30:00+00:00,51.72499847412109,51.93999862670898,51.54999923706055,51.90999984741211,529477
2024-12-09 16:30:00+00:00,51.63999938964844,51.875,51.56999969482422,51.72499847412109,329641
2024-12-09 17:30:00+00:00,51.57939910888672,51.68000030517578,51.55009841918945,51.625,256627
2024-12-09 18:30:00+00:00,51.52000045776367,51.6150016784668,51.48160171508789,51.58000183105469,280244
2024-12-09 19:30:00+00:00,51.505001068115234,51.58000183105469,51.375,51.51499938964844,435077
2024-12-09 20:30:00+00:00,51.334999084472656,51.560001373291016,51.2599983215332,51.505001068115234,971239
2024-12-10 14:30:00+00:00,51.25,51.54999923706055,50.77999877929688,51.54999923706055,596945
2024-12-10 15:30:00+00:00,51.70500183105469,51.775001525878906,51.25,51.25,669442
2024-12-10 16:30:00+00:00,51.595001220703125,51.810001373291016,51.56499862670898,51.68999862670898,399083
2024-12-10 17:30:00+00:00,51.54499816894531,51.775001525878906,51.47999954223633,51.595001220703125,368331
2024-12-10 18:30:00+00:00,51.525001525878906,51.58000183105469,51.393798828125,51.540000915527344,410402
2024-12-10 19:30:00+00:00,51.525001525878906,51.709999084472656,51.47999954223633,51.525001525878906,680933
2024-12-10 20:30:00+00:00,51.58000183105469,51.59000015258789,51.43999862670898,51.525001525878906,1578467
2024-12-11 14:30:00+00:00,51.54999923706055,52.2400016784668,51.36000061035156,52.0,1289997
2024-12-11 15:30:00+00:00,51.73500061035156,51.75,51.35499954223633,51.540000915527344,748148
2024-12-11 16:30:00+00:00,51.69499969482422,51.83000183105469,51.56999969482422,51.73277282714844,646129
2024-12-11 17:30:00+00:00,51.65999984741211,51.84000015258789,51.595001220703125,51.70000076293945,609067
2024-12-11 18:30:00+00:00,51.45500183105469,51.69499969482422,51.3650016784668,51.65999984741211,491668
2024-12-11 19:30:00+00:00,51.34000015258789,51.59999847412109,51.290000915527344,51.45500183105469,772470
2024-12-11 20:30:00+00:00,51.33000183105469,51.5,51.25,51.334999084472656,1379338
2024-12-12 14:30:00+00:00,51.47999954223633,51.810001373291016,51.09000015258789,51.5099983215332,1071148
2024-12-12 15:30:00+00:00,51.56389999389648,51.70500183105469,51.345001220703125,51.470001220703125,905252
2024-12-12 16:30:00+00:00,51.28499984741211,51.64500045776367,51.27999877929688,51.54999923706055,579887
2024-12-12 17:30:00+00:00,51.29999923706055,51.3650016784668,51.22010040283203,51.27999877929688,391343
2024-12-12 18:30:00+00:00,51.165000915527344,51.34999847412109,51.15999984741211,51.310001373291016,593611
2024-12-12 19:30:00+00:00,51.30500030517578,51.34999847412109,51.14500045776367,51.165000915527344,946282
2024-12-12 20:30:00+00:00,51.09000015258789,51.34999847412109,51.06999969482422,51.30500030517578,1244108
2024-12-13 14:30:00+00:00,50.97999954223633,51.33000183105469,50.72999954223633,51.22999954223633,894372
2024-12-13 15:30:00+00:00,51.21500015258789,51.220001220703125,50.8650016784668,50.970001220703125,569425
2024-12-13 16:30:00+00:00,50.83000183105469,51.21500015258789,50.80500030517578,51.209999084472656,491583
2024-12-13 17:30:00+00:00,51.005001068115234,51.0099983215332,50.75,50.82500076293945,379405
2024-12-13 18:30:00+00:00,50.935001373291016,51.095001220703125,50.88999938964844,51.005001068115234,464233
2024-12-13 19:30:00+00:00,50.96500015258789,51.150001525878906,50.93989944458008,50.93999862670898,1122893
2024-12-13 20:30:00+00:00,51.060001373291016,51.08000183105469,50.94499969482422,50.96500015258789,1053892
2024-12-16 14:30:00+00:00,50.915000915527344,51.15999984741211,50.63999938964844,51.15999984741211,991928
2024-12-16 15:30:00+00:00,50.97999954223633,51.15999984741211,50.88999938964844,50.900001525878906,757646
2024-12-16 16:30:00+00:00,51.02999877929688,51.09000015258789,50.94499969482422,50.9900016784668,604813
2024-12-16 17:30:00+00:00,51.21500015258789,51.21500015258789,50.96500015258789,51.03499984741211,463010
2024-12-16 18:30:00+00:00,50.9900016784668,51.25,50.92499923706055,51.220001220703125,652433
2024-12-16 19:30:00+00:00,51.18227767944336,51.20500183105469,50.90999984741211,51.0,871297
2024-12-16 20:30:00+00:00,51.34999847412109,51.369998931884766,51.09000015258789,51.185001373291016,1685099
2024-12-17 14:30:00+00:00,50.60499954223633,51.2400016784668,50.59999847412109,50.97999954223633,697746
2024-12-17 15:30:00+00:00,50.34999847412109,50.630001068115234,50.290000915527344,50.61000061035156,617240
2024-12-17 16:30:00+00:00,50.2400016784668,50.42499923706055,50.209999084472656,50.345001220703125,473773
2024-12-17 17:30:00+00:00,50.095001220703125,50.30500030517578,50.07500076293945,50.22999954223633,366179
2024-12-17 18:30:00+00:00,49.924800872802734,50.1057014465332,49.91999816894531,50.09999847412109,549317
2024-12-17 19:30:00+00:00,49.76499938964844,49.93000030517578,49.68000030517578,49.91999816894531,836039
2024-12-17 20:30:00+00:00,49.96500015258789,50.060001373291016,49.72999954223633,49.76499938964844,1467749
2024-12-18 14:30:00+00:00,50.11000061035156,50.2400016784668,49.869998931884766,50.119998931884766,607829
2024-12-18 15:30:00+00:00,49.93999862670898,50.25,49.88320159912109,50.084999084472656,1195140
2024-12-18 16:30:00+00:00,50.08000183105469,50.185001373291016,49.90499877929688,49.94499969482422,371459
2024-12-18 17:30:00+00:00,50.04010009765625,50.14500045776367,49.970001220703125,50.08000183105469,517230
2024-12-18 18:30:00+00:00,49.22999954223633,50.209999084472656,49.22999954223633,50.04499816894531,701514
2024-12-18 19:30:00+00:00,48.334999084472656,49.43999862670898,48.310001373291016,49.23500061035156,1173154
2024-12-18 20:30:00+00:00,47.61000061035156,48.380001068115234,47.56999969482422,48.34000015258789,2377998
2024-12-19 14:30:00+00:00,47.7400016784668,48.54729843139648,47.630001068115234,48.27000045776367,1394592
2024-12-19 15:30:00+00:00,48.095001220703125,48.185001373291016,47.625,47.73500061035156,905463
2024-12-19 16:30:00+00:00,47.665000915527344,48.130001068115234,47.665000915527344,48.084999084472656,566720
2024-12-19 17:30:00+00:00,47.73500061035156,47.77000045776367,47.45500183105469,47.665000915527344,548312
2024-12-19 18:30:00+00:00,47.38999938964844,47.831199645996094,47.380001068115234,47.72999954223633,739648
2024-12-19 19:30:00+00:00,47.43999862670898,47.4900016784668,47.18000030517578,47.38999938964844,804369
2024-12-19 20:30:00+00:00,47.41999816894531,47.61000061035156,47.22999954223633,47.43999862670898,1760000
2024-12-20 14:30:00+00:00,47.810001373291016,47.834999084472656,47.220001220703125,47.27999877929688,1762614
2024-12-20 15:30:00+00:00,48.25,48.30500030517578,47.79999923706055,47.810001373291016,733325
2024-12-20 16:30:00+00:00,48.45500183105469,48.525001525878906,48.22999954223633,48.25,741357
2024-12-20 17:30:00+00:00,48.1609001159668,48.56990051269531,48.150001525878906,48.45500183105469,486599
2024-12-20 18:30:00+00:00,48.220001220703125,48.34999847412109,48.125,48.15499877929688,529663
2024-12-20 19:30:00+00:00,48.209999084472656,48.31999969482422,48.10499954223633,48.209999084472656,620752
2024-12-20 20:30:00+00:00,47.93000030517578,48.34000015258789,47.900001525878906,48.220001220703125,1653884
2024-12-23 14:30:00+00:00,47.80619812011719,47.900001525878906,47.470001220703125,47.540000915527344,645668
2024-12-23 15:30:00+00:00,47.93000030517578,47.93000030517578,47.61000061035156,47.810001373291016,518458
2024-12-23 16:30:00+00:00,48.14500045776367,48.2599983215332,47.900001525878906,47.93000030517578,427783
2024-12-23 17:30:00+00:00,48.18999862670898,48.23500061035156,48.0,48.14500045776367,308442
2024-12-23 18:30:00+00:00,48.130001068115234,48.21189880371094,48.060001373291016,48.185001373291016,338402
2024-12-23 19:30:00+00:00,48.130001068115234,48.18000030517578,48.0099983215332,48.130001068115234,479086
2024-12-23 20:30:00+00:00,48.310001373291016,48.36000061035156,48.11000061035156,48.125,609595
2024-12-24 14:30:00+00:00,48.415000915527344,48.5,48.22999954223633,48.43999862670898,567930
2024-12-24 15:30:00+00:00,48.31999969482422,48.470001220703125,48.2400016784668,48.40999984741211,314122
2024-12-24 16:30:00+00:00,48.630001068115234,48.65999984741211,48.33000183105469,48.33000183105469,472429
2024-12-26 14:30:00+00:00,48.61000061035156,48.68999862670898,48.33000183105469,48.65999984741211,474556
2024-12-26 15:30:00+00:00,48.76499938964844,48.80500030517578,48.52999877929688,48.60499954223633,275485
2024-12-26 16:30:00+00:00,48.775001525878906,48.88999938964844,48.75,48.7599983215332,274538
2024-12-26 17:30:00+00:00,48.84000015258789,48.8849983215332,48.720001220703125,48.77999877929688,221423
2024-12-26 18:30:00+00:00,48.72999954223633,48.845001220703125,48.71009826660156,48.84000015258789,273511
2024-12-26 19:30:00+00:00,48.755001068115234,48.810001373291016,48.70209884643555,48.7400016784668,303956
2024-12-26 20:30:00+00:00,49.02000045776367,49.125,48.72499847412109,48.75,825167
2024-12-27 14:30:00+00:00,48.540000915527344,49.2599983215332,48.540000915527344,48.81499862670898,483911
2024-12-27 15:30:00+00:00,48.63999938964844,48.790000915527344,48.470001220703125,48.540000915527344,354194
2024-12-27 16:30:00+00:00,48.34379959106445,48.64500045776367,48.2599983215332,48.63999938964844,392337
2024-12-27 17:30:00+00:00,48.38999938964844,48.45000076293945,48.2400016784668,48.34000015258789,271503
2024-12-27 18:30:00+00:00,48.54999923706055,48.6150016784668,48.36000061035156,48.380001068115234,233080
2024-12-27 19:30:00+00:00,48.43999862670898,48.65999984741211,48.40999984741211,48.55500030517578,322727
2024-12-27 20:30:00+00:00,48.5,48.64500045776367,48.27999877929688,48.43999862670898,782313
2024-12-30 14:30:00+00:00,47.86000061035156,48.119998931884766,47.65499877929688,47.93000030517578,664310
2024-12-30 15:30:00+00:00,48.14500045776367,48.23500061035156,47.77999877929688,47.8650016784668,435838
2024-12-30 16:30:00+00:00,48.26499938964844,48.31999969482422,48.09370040893555,48.13999938964844,310304
2024-12-30 17:30:00+00:00,48.345001220703125,48.470001220703125,48.18999862670898,48.2599983215332,287320
2024-12-30 18:30:00+00:00,48.45500183105469,48.459999084472656,48.310001373291016,48.34000015258789,398971
2024-12-30 19:30:00+00:00,48.375,48.5088005065918,48.375,48.45500183105469,511477
2024-12-30 20:30:00+00:00,48.25,48.584999084472656,48.22499847412109,48.380001068115234,1104731
2024-12-31 14:30:00+00:00,48.08000183105469,48.310001373291016,47.92499923706055,47.959999084472656,489176
2024-12-31 15:30:00+00:00,47.8849983215332,48.084999084472656,47.83000183105469,48.060001373291016,371616
2024-12-31 16:30:00+00:00,47.665000915527344,47.93999862670898,47.630001068115234,47.880001068115234,277339
2024-12-31 17:30:00+00:00,47.67499923706055,47.93000030517578,47.6349983215332,47.665000915527344,362097
2024-12-31 18:30:00+00:00,47.68999862670898,47.90999984741211,47.65499877929688,47.664642333984375,390098
2024-12-31 19:30:00+00:00,47.86000061035156,47.869998931884766,47.619998931884766,47.68000030517578,372051
2024-12-31 20:30:00+00:00,47.86000061035156,47.90499877929688,47.709999084472656,47.85499954223633,1009273
2025-01-02 14:30:00+00:00,47.720001220703125,48.29999923706055,47.68000030517578,48.18000030517578,1081109
2025-01-02 15:30:00+00:00,48.03200149536133,48.040000915527344,47.540000915527344,47.71500015258789,710501
2025-01-02 16:30:00+00:00,47.90499877929688,48.18999862670898,47.86000061035156,48.02999877929688,562593
2025-01-02 17:30:00+00:00,47.73899841308594,47.88999938964844,47.630001068115234,47.88999938964844,493284
2025-01-02 18:30:00+00:00,47.8849983215332,47.88999938964844,47.56999969482422,47.72999954223633,509993
2025-01-02 19:30:00+00:00,47.9379997253418,47.97999954223633,47.7400016784668,47.8849983215332,534791
2025-01-02 20:30:00+00:00,47.880001068115234,48.02999877929688,47.790000915527344,47.93999862670898,913523
2025-01-03 14:30:00+00:00,48.33890151977539,48.33890151977539,47.83000183105469,48.02000045776367,1098751
2025-01-03 15:30:00+00:00,48.36000061035156,48.38999938964844,48.20000076293945,48.33000183105469,774171
2025-01-03 16:30:00+00:00,48.43999862670898,48.47999954223633,48.31499862670898,48.34999847412109,411433
2025-01-03 17:30:00+00:00,48.49430084228516,48.51499938964844,48.38399887084961,48.43999862670898,445644
2025-01-03 18:30:00+00:00,48.5,48.56499862670898,48.400001525878906,48.5,316110
2025-01-03 19:30:00+00:00,48.70500183105469,48.709999084472656,48.5,48.5,494352
2025-01-03 20:30:00+00:00,48.84999847412109,48.88999938964844,48.68000030517578,48.70500183105469,1254073
2025-01-06 14:30:00+00:00,49.3650016784668,49.47999954223633,48.869998931884766,49.209999084472656,724546
2025-01-06 15:30:00+00:00,49.45500183105469,49.51499938964844,49.02050018310547,49.36000061035156,484478
2025-01-06 16:30:00+00:00,49.5099983215332,49.66999816894531,49.45500183105469,49.4630012512207,426264
2025-01-06 17:30:00+00:00,49.35499954223633,49.4900016784668,49.29999923706055,49.4900016784668,407795
2025-01-06 18:30:00+00:00,48.994998931884766,49.35649871826172,48.994998931884766,49.35649871826172,347311
2025-01-06 19:30:00+00:00,48.77000045776367,49.025001525878906,48.66999816894531,48.9900016784668,436224
2025-01-06 20:30:00+00:00,48.75,48.84999847412109,48.650001525878906,48.76499938964844,764941
2025-01-07 14:30:00+00:00,49.150001525878906,49.43999862670898,48.540000915527344,49.310001373291016,875160
2025-01-07 15:30:00+00:00,49.290000915527344,49.459999084472656,48.8849983215332,49.16999816894531,706539
2025-01-07 16:30:00+00:00,48.880001068115234,49.36650085449219,48.86000061035156,49.28499984741211,601732
2025-01-07 17:30:00+00:00,48.98500061035156,49.040000915527344,48.76499938964844,48.880001068115234,567973
2025-01-07 18:30:00+00:00,48.84999847412109,49.01969909667969,48.80490112304688,48.97999954223633,394041
2025-01-07 19:30:00+00:00,48.52999877929688,48.89809036254883,48.48500061035156,48.84000015258789,602116
2025-01-07 20:30:00+00:00,48.71099853515625,48.790000915527344,48.470001220703125,48.52999877929688,927135
2025-01-08 14:30:00+00:00,47.94499969482422,48.68999862670898,47.88999938964844,48.65999984741211,794499
2025-01-08 15:30:00+00:00,48.26499938964844,48.40999984741211,47.93000030517578,47.94269943237305,454344
2025-01-08 16:30:00+00:00,48.290000915527344,48.470001220703125,48.2400016784668,48.26499938964844,389124
2025-01-08 17:30:00+00:00,48.46549987792969,48.525001525878906,48.220001220703125,48.290000915527344,471394
2025-01-08 18:30:00+00:00,48.54850006103516,48.630001068115234,48.345001220703125,48.46500015258789,380614
2025-01-08 19:30:00+00:00,48.494998931884766,48.540000915527344,48.39239883422852,48.540000915527344,388293
2025-01-08 20:30:00+00:00,48.52000045776367,48.584999084472656,48.40999984741211,48.5,784349
2025-01-10 14:30:00+00:00,47.43000030517578,48.09000015258789,47.220001220703125,47.88999938964844,792172
2025-01-10 15:30:00+00:00,47.23500061035156,47.505001068115234,47.16999816894531,47.40999984741211,753118
2025-01-10 16:30:00+00:00,47.209999084472656,47.29499816894531,47.04999923706055,47.23500061035156,499273
2025-01-10 17:30:00+00:00,47.38999938964844,47.45000076293945,47.19210052490234,47.20009994506836,1000353
2025-01-10 18:30:00+00:00,47.415000915527344,47.4900016784668,47.2599983215332,47.39500045776367,646588
2025-01-10 19:30:00+00:00,47.15999984741211,47.48500061035156,47.130001068115234,47.41419982910156,1038636
2025-01-10 20:30:00+00:00,47.380001068115234,47.494998931884766,47.13999938964844,47.13999938964844,1431824
2025-01-13 14:30:00+00:00,47.630001068115234,48.09999847412109,47.40999984741211,47.540000915527344,1118395
2025-01-13 15:30:00+00:00,47.70500183105469,48.0099983215332,47.61000061035156,47.6349983215332,1042270
2025-01-13 16:30:00+00:00,47.66999816894531,47.77000045776367,47.4900016784668,47.70500183105469,550478
2025-01-13 17:30:00+00:00,47.81999969482422,47.81999969482422,47.6349983215332,47.65999984741211,471175
2025-01-13 18:30:00+00:00,47.994998931884766,48.0099983215332,47.76499938964844,47.83000183105469,925865
2025-01-13 19:30:00+00:00,48.21500015258789,48.290000915527344,47.959999084472656,47.994998931884766,961371
2025-01-13 20:30:00+00:00,48.36000061035156,48.40999984741211,48.16999816894531,48.209999084472656,1454233
2025-01-14 14:30:00+00:00,49.005001068115234,49.1150016784668,48.810001373291016,48.880001068115234,1251362
2025-01-14 15:30:00+00:00,48.880001068115234,49.15499877929688,48.880001068115234,49.0099983215332,987178
2025-01-14 16:30:00+00:00,48.790000915527344,48.92499923706055,48.67499923706055,48.8849983215332,736841
2025-01-14 17:30:00+00:00,49.11000061035156,49.1150016784668,48.70500183105469,48.790000915527344,669890
2025-01-14 18:30:00+00:00,49.1349983215332,49.345001220703125,49.095001220703125,49.09999847412109,973375
2025-01-14 19:30:00+00:00,49.02000045776367,49.15999984741211,48.8650016784668,49.13999938964844,887519
2025-01-14 20:30:00+00:00,49.04999923706055,49.119998931884766,48.97999954223633,49.02999877929688,1715730
2025-01-15 14:30:00+00:00,50.65999984741211,50.880001068115234,50.2400016784668,50.45000076293945,2324392
2025-01-15 15:30:00+00:00,50.67499923706055,50.7400016784668,50.33000183105469,50.650001525878906,2414946
2025-01-15 16:30:00+00:00,50.57500076293945,50.744998931884766,50.56999969482422,50.63999938964844,1375224
2025-01-15 17:30:00+00:00,50.65700149536133,50.68999862670898,50.45000076293945,50.56999969482422,908476
2025-01-15 18:30:00+00:00,50.95000076293945,50.98500061035156,50.625,50.65999984741211,1043727
2025-01-15 19:30:00+00:00,50.96500015258789,51.119998931884766,50.900001525878906,50.95000076293945,1364695
2025-01-15 20:30:00+00:00,50.86000061035156,51.084999084472656,50.84000015258789,50.96500015258789,2222036
2025-01-16 14:30:00+00:00,47.4286994934082,49.209999084472656,47.42010116577149,47.88999938964844,5464004
2025-01-16 15:30:00+00:00,47.92499923706055,48.0099983215332,47.20000076293945,47.43000030517578,3195466
2025-01-16 16:30:00+00:00,48.22499847412109,48.22999954223633,47.80500030517578,47.91999816894531,1739410
2025-01-16 17:30:00+00:00,48.415000915527344,48.51499938964844,48.130001068115234,48.220001220703125,1156259
2025-01-16 18:30:00+00:00,48.01499938964844,48.58000183105469,47.91189956665039,48.415000915527344,1185532
2025-01-16 19:30:00+00:00,47.880001068115234,48.09999847412109,47.66400146484375,48.01620101928711,1801527
2025-01-16 20:30:00+00:00,48.040000915527344,48.29999923706055,47.86000061035156,47.869998931884766,2711501
2025-01-17 14:30:00+00:00,48.06010055541992,48.77999877929688,47.40999984741211,48.77999877929688,4183211
2025-01-17 15:30:00+00:00,48.084999084472656,48.220001220703125,47.92499923706055,48.06999969482422,2257132
2025-01-17 16:30:00+00:00,48.16999816894531,48.22499847412109,47.90999984741211,48.084999084472656,1329726
2025-01-17 17:30:00+00:00,47.9900016784668,48.22999954223633,47.970001220703125,48.17499923706055,1021609
2025-01-17 18:30:00+00:00,48.18999862670898,48.2400016784668,47.880001068115234,47.9900016784668,955881
2025-01-17 19:30:00+00:00,48.20000076293945,48.25,48.0,48.19499969482422,1195001
2025-01-17 20:30:00+00:00,48.33000183105469,48.43000030517578,48.18000030517578,48.18999862670898,1827222
2025-01-21 14:30:00+00:00,48.91999816894531,49.150001525878906,48.32609939575195,48.65999984741211,1822729
2025-01-21 15:30:00+00:00,49.29499816894531,49.40499877929688,48.810001373291016,48.91999816894531,834111
2025-01-21 16:30:00+00:00,49.21500015258789,49.36000061035156,49.14500045776367,49.290000915527344,937299
2025-01-21 17:30:00+00:00,49.02740097045898,49.2599983215332,49.0,49.21500015258789,793449
2025-01-21 18:30:00+00:00,49.18999862670898,49.255001068115234,48.9900016784668,49.025001525878906,871644
2025-01-21 19:30:00+00:00,49.08000183105469,49.19499969482422,48.98500061035156,49.185001373291016,985706
2025-01-21 20:30:00+00:00,49.31999969482422,49.375,49.040000915527344,49.09000015258789,1806577
2025-01-22 14:30:00+00:00,48.27999877929688,49.09000015258789,48.130001068115234,48.9900016784668,1163050
2025-01-22 15:30:00+00:00,48.32500076293945,48.35499954223633,47.93999862670898,48.27999877929688,1608050
2025-01-22 16:30:00+00:00,48.34000015258789,48.3849983215332,48.18999862670898,48.32500076293945,864864
2025-01-22 17:30:00+00:00,48.43000030517578,48.51499938964844,48.31999969482422,48.345001220703125,716070
2025-01-22 18:30:00+00:00,48.584999084472656,48.595001220703125,48.36000061035156,48.43000030517578,914142
2025-01-22 19:30:00+00:00,48.65499877929688,48.744998931884766,48.56999969482422,48.59000015258789,1113049
2025-01-22 20:30:00+00:00,48.630001068115234,48.75,48.619998931884766,48.65999984741211,1508765
2025-01-23 14:30:00+00:00,48.68000030517578,48.95000076293945,48.60499954223633,48.7400016784668,789321
2025-01-23 15:30:00+00:00,48.73500061035156,48.91299819946289,48.46179962158203,48.66999816894531,1025326
2025-01-23 16:30:00+00:00,48.625,48.75,48.53499984741211,48.73500061035156,730546
2025-01-23 17:30:00+00:00,48.51499938964844,48.630001068115234,48.5,48.630001068115234,784934
2025-01-23 18:30:00+00:00,48.3650016784668,48.52000045776367,48.2599983215332,48.5099983215332,639612
2025-01-23 19:30:00+00:00,48.255001068115234,48.40999984741211,48.209999084472656,48.375,846748
2025-01-23 20:30:00+00:00,48.41999816894531,48.45000076293945,48.149898529052734,48.255001068115234,1272705
2025-01-24 14:30:00+00:00,48.97499847412109,49.02999877929688,48.16999816894531,48.16999816894531,776684
2025-01-24 15:30:00+00:00,49.03499984741211,49.095001220703125,48.83000183105469,48.97499847412109,452185
2025-01-24 16:30:00+00:00,49.209999084472656,49.24980163574219,48.96500015258789,49.03499984741211,605504
2025-01-24 17:30:00+00:00,49.209999084472656,49.380001068115234,49.16999816894531,49.20500183105469,726702
2025-01-24 18:30:00+00:00,49.084999084472656,49.345001220703125,49.03499984741211,49.21500015258789,545790
2025-01-24 19:30:00+00:00,48.90999984741211,49.150001525878906,48.88999938964844,49.09000015258789,536597
2025-01-24 20:30:00+00:00,49.08000183105469,49.11000061035156,48.875,48.915000915527344,1104034
2025-01-27 14:30:00+00:00,49.47999954223633,49.720001220703125,49.150001525878906,49.25,802311
2025-01-27 15:30:00+00:00,49.369998931884766,49.5,49.244998931884766,49.459999084472656,563425
2025-01-27 16:30:00+00:00,49.28379821777344,49.369998931884766,49.185001373291016,49.369998931884766,576383
2025-01-27 17:30:00+00:00,49.15499877929688,49.29999923706055,49.02000045776367,49.27999877929688,518879
2025-01-27 18:30:00+00:00,49.36000061035156,49.38750076293945,49.06999969482422,49.15499877929688,556784
2025-01-27 19:30:00+00:00,49.34999847412109,49.5,49.22999954223633,49.36000061035156,673718
2025-01-27 20:30:00+00:00,49.59000015258789,49.59999847412109,49.290000915527344,49.35499954223633,1108737
2025-01-28 14:30:00+00:00,49.34000015258789,49.7599983215332,49.209999084472656,49.59999847412109,742483
2025-01-28 15:30:00+00:00,49.22999954223633,49.54999923706055,49.209999084472656,49.34000015258789,410523
2025-01-28 16:30:00+00:00,49.06999969482422,49.2400016784668,48.85499954223633,49.220001220703125,458634
2025-01-28 17:30:00+00:00,49.15499877929688,49.27999877929688,48.970001220703125,49.07500076293945,536610
2025-01-28 18:30:00+00:00,48.43999862670898,49.150001525878906,47.959999084472656,49.150001525878906,2799992
2025-01-28 19:30:00+00:00,48.35499954223633,48.560001373291016,48.27999877929688,48.44499969482422,1488798
2025-01-28 20:30:00+00:00,48.43999862670898,48.61000061035156,48.33000183105469,48.34999847412109,3341292
2025-01-29 14:30:00+00:00,48.79999923706055,49.1775016784668,48.29999923706055,48.34999847412109,1666863
2025-01-29 15:30:00+00:00,48.209999084472656,48.86000061035156,48.130001068115234,48.79999923706055,1626553
2025-01-29 16:30:00+00:00,48.19499969482422,48.334999084472656,48.13999938964844,48.20000076293945,1152330
2025-01-29 17:30:00+00:00,48.11000061035156,48.2400016784668,47.915000915527344,48.19499969482422,1335566
2025-01-29 18:30:00+00:00,47.685001373291016,48.15999984741211,47.665000915527344,48.10499954223633,1400340
2025-01-29 19:30:00+00:00,47.79499816894531,48.02999877929688,47.61000061035156,47.68000030517578,1869847
2025-01-29 20:30:00+00:00,47.65999984741211,47.84999847412109,47.54999923706055,47.79499816894531,2579313
2025-01-30 14:30:00+00:00,48.040000915527344,48.369998931884766,47.880001068115234,48.20000076293945,1216131
2025-01-30 15:30:00+00:00,48.16999816894531,48.32989883422852,48.025001525878906,48.040000915527344,572713
2025-01-30 16:30:00+00:00,48.15999984741211,48.40999984741211,48.130001068115234,48.16519927978516,492537
2025-01-30 17:30:00+00:00,48.255001068115234,48.31999969482422,48.04999923706055,48.16999816894531,633838
2025-01-30 18:30:00+00:00,48.40499877929688,48.45000076293945,48.25,48.2599983215332,622066
2025-01-30 19:30:00+00:00,48.3849983215332,48.459999084472656,48.369998931884766,48.40999984741211,609811
2025-01-30 20:30:00+00:00,48.0099983215332,48.380001068115234,47.70000076293945,48.380001068115234,1199065
2025-01-31 14:30:00+00:00,48.02000045776367,48.20500183105469,47.77999877929688,48.0,884686
2025-01-31 15:30:00+00:00,47.89500045776367,48.060001373291016,47.72499847412109,48.02999877929688,689928
2025-01-31 16:30:00+00:00,48.19499969482422,48.20000076293945,47.88999938964844,47.900001525878906,391247
2025-01-31 17:30:00+00:00,48.05049896240234,48.34999847412109,47.9900016784668,48.20000076293945,515513
2025-01-31 18:30:00+00:00,47.97499847412109,48.18000030517578,47.7599983215332,48.04499816894531,1643026
2025-01-31 19:30:00+00:00,47.77000045776367,48.07500076293945,47.66999816894531,47.970001220703125,588349
2025-01-31 20:30:00+00:00,47.77999877929688,48.01499938964844,47.75,47.77999877929688,1130655
2025-02-03 14:30:00+00:00,47.33000183105469,47.34999847412109,46.54999923706055,46.84000015258789,1689127
2025-02-03 15:30:00+00:00,47.290000915527344,47.43999862670898,47.0099983215332,47.33000183105469,1059137
2025-02-03 16:30:00+00:00,47.04999923706055,47.40999984741211,46.94499969482422,47.290000915527344,1081831
2025-02-03 17:30:00+00:00,47.06999969482422,47.11859893798828,46.81999969482422,47.04800033569336,929125
2025-02-03 18:30:00+00:00,47.095001220703125,47.29499816894531,47.0099983215332,47.07500076293945,888768
2025-02-03 19:30:00+00:00,47.05630111694336,47.15999984741211,47.02000045776367,47.095001220703125,894067
2025-02-03 20:30:00+00:00,46.880001068115234,47.20000076293945,46.84999847412109,47.060001373291016,1626293
2025-02-04 14:30:00+00:00,47.60900115966797,47.630001068115234,46.97499847412109,47.150001525878906,1740590
2025-02-04 15:30:00+00:00,47.81999969482422,47.83000183105469,47.494998931884766,47.60829925537109,1532026
2025-02-04 16:30:00+00:00,47.5099983215332,47.83000183105469,47.5,47.81999969482422,1119991
2025-02-04 17:30:00+00:00,47.47499847412109,47.584999084472656,47.470001220703125,47.5099983215332,668616
2025-02-04 18:30:00+00:00,47.61000061035156,47.6150016784668,47.40499877929688,47.47499847412109,686265
2025-02-04 19:30:00+00:00,47.44499969482422,47.68999862670898,47.43999862670898,47.6150016784668,1201214
2025-02-04 20:30:00+00:00,47.45500183105469,47.56999969482422,47.43000030517578,47.44499969482422,1293594
2025-02-05 14:30:00+00:00,48.09999847412109,48.19499969482422,47.72999954223633,47.81999969482422,1767013
2025-02-05 15:30:00+00:00,47.834999084472656,48.15999984741211,47.80500030517578,48.09000015258789,1273703
2025-02-05 16:30:00+00:00,47.459999084472656,47.84199905395508,47.435001373291016,47.834999084472656,946304
2025-02-05 17:30:00+00:00,47.4900016784668,47.56499862670898,47.415000915527344,47.46500015258789,938390
2025-02-05 18:30:00+00:00,47.3827018737793,47.52000045776367,47.30500030517578,47.4900016784668,943495
2025-02-05 19:30:00+00:00,47.51639938354492,47.560001373291016,47.28900146484375,47.3849983215332,996081
2025-02-05 20:30:00+00:00,47.380001068115234,47.59999847412109,47.29999923706055,47.51499938964844,2314640
2025-02-06 14:30:00+00:00,47.665000915527344,48.06999969482422,47.560001373291016,47.93000030517578,955253
2025-02-06 15:30:00+00:00,47.5,47.70000076293945,47.38999938964844,47.665000915527344,1249459
2025-02-06 16:30:00+00:00,47.69499969482422,47.86000061035156,47.4900016784668,47.5,922586
2025-02-06 17:30:00+00:00,47.7400016784668,47.790000915527344,47.674198150634766,47.68999862670898,619033
2025-02-06 18:30:00+00:00,47.584999084472656,47.75,47.56999969482422,47.73500061035156,548558
2025-02-06 19:30:00+00:00,47.584999084472656,47.619998931884766,47.415000915527344,47.58000183105469,916488
2025-02-06 20:30:00+00:00,47.7400016784668,47.75,47.41999816894531,47.584999084472656,2466870
2025-02-07 14:30:00+00:00,47.43000030517578,48.0,47.38999938964844,47.810001373291016,1009757
2025-02-07 15:30:00+00:00,47.09000015258789,47.5192985534668,46.8849983215332,47.43000030517578,1070783
2025-02-07 16:30:00+00:00,47.23500061035156,47.31999969482422,47.060001373291016,47.095001220703125,1817236
2025-02-07 17:30:00+00:00,47.34000015258789,47.40890121459961,47.209999084472656,47.2400016784668,626443
2025-02-07 18:30:00+00:00,47.209999084472656,47.369998931884766,47.20000076293945,47.34000015258789,552742
2025-02-07 19:30:00+00:00,47.22010040283203,47.28499984741211,47.17499923706055,47.209999084472656,649317
2025-02-07 20:30:00+00:00,47.22999954223633,47.366580963134766,47.209999084472656,47.22999954223633,887214
2025-02-10 14:30:00+00:00,46.650001525878906,47.31999969482422,46.58000183105469,47.27999877929688,737277
2025-02-10 15:30:00+00:00,46.56999969482422,46.72150039672852,46.47499847412109,46.65999984741211,562790
2025-02-10 16:30:00+00:00,46.56999969482422,46.70000076293945,46.494998931884766,46.56999969482422,472989
2025-02-10 17:30:00+00:00,46.775001525878906,46.880001068115234,46.57500076293945,46.57500076293945,340380
2025-02-10 18:30:00+00:00,46.89500045776367,46.928001403808594,46.7400016784668,46.77303314208984,443154
2025-02-10 19:30:00+00:00,46.88999938964844,46.95000076293945,46.80500030517578,46.900001525878906,582226
2025-02-10 20:30:00+00:00,46.8849983215332,46.9900016784668,46.84000015258789,46.8849983215332,1658362
2025-02-11 14:30:00+00:00,46.89500045776367,46.95000076293945,46.46009826660156,46.68999862670898,768931
2025-02-11 15:30:00+00:00,47.185001373291016,47.29499816894531,46.880001068115234,46.89500045776367,1020291
2025-02-11 16:30:00+00:00,47.61000061035156,47.66999816894531,47.18999862670898,47.18999862670898,1207744
2025-02-11 17:30:00+00:00,47.45500183105469,47.65499877929688,47.45000076293945,47.60599899291992,582342
2025-02-11 18:30:00+00:00,47.47999954223633,47.525001525878906,47.43999862670898,47.45000076293945,577057
2025-02-11 19:30:00+00:00,47.560001373291016,47.65999984741211,47.47010040283203,47.47010040283203,858192
2025-02-11 20:30:00+00:00,47.61000061035156,47.67499923706055,47.55500030517578,47.55500030517578,1180310
2025-02-12 14:30:00+00:00,47.27000045776367,47.380001068115234,46.98500061035156,47.150001525878906,925426
2025-02-12 15:30:00+00:00,47.095001220703125,47.470001220703125,46.9900016784668,47.2599983215332,991611
2025-02-12 16:30:00+00:00,47.41999816894531,47.494998931884766,47.0,47.084999084472656,689751
2025-02-12 17:30:00+00:00,47.30500030517578,47.45500183105469,47.290000915527344,47.415000915527344,405851
2025-02-12 18:30:00+00:00,47.36000061035156,47.43000030517578,47.29499816894531,47.30500030517578,415942
2025-02-12 19:30:00+00:00,47.47499847412109,47.619998931884766,47.34999847412109,47.35499954223633,495790
2025-02-12 20:30:00+00:00,47.5,47.55500030517578,47.41999816894531,47.47999954223633,964566
2025-02-13 14:30:00+00:00,47.314300537109375,47.560001373291016,47.13999938964844,47.505001068115234,612679
2025-02-13 15:30:00+00:00,47.09999847412109,47.31499862670898,46.845001220703125,47.31499862670898,1064424
2025-02-13 16:30:00+00:00,47.14970016479492,47.220001220703125,47.040000915527344,47.09999847412109,657880
2025-02-13 17:30:00+00:00,47.06499862670898,47.15499877929688,47.005001068115234,47.13999938964844,416792
2025-02-13 18:30:00+00:00,47.2400016784668,47.27999877929688,46.97999954223633,47.06999969482422,597676
2025-02-13 19:30:00+00:00,47.36000061035156,47.375,47.18000030517578,47.244998931884766,438391
2025-02-13 20:30:00+00:00,47.38999938964844,47.43999862670898,47.310001373291016,47.36000061035156,1022737
2025-02-14 14:30:00+00:00,47.775001525878906,48.04999923706055,47.5,47.560001373291016,884469
2025-02-14 15:30:00+00:00,47.64500045776367,47.869998931884766,47.64500045776367,47.77999877929688,570072
2025-02-14 16:30:00+00:00,47.720001220703125,47.77000045776367,47.61240005493164,47.63999938964844,343709
2025-02-14 17:30:00+00:00,47.625,47.77999877929688,47.56499862670898,47.72990036010742,386705
2025-02-14 18:30:00+00:00,47.69499969482422,47.7599983215332,47.625,47.625,363423
2025-02-14 19:30:00+00:00,47.625,47.77999877929688,47.619998931884766,47.69499969482422,518505
2025-02-14 20:30:00+00:00,47.72499847412109,47.77000045776367,47.52999877929688,47.625,873249
2025-02-18 14:30:00+00:00,47.72499847412109,47.880001068115234,47.560001373291016,47.880001068115234,877870
2025-02-18 15:30:00+00:00,47.595001220703125,47.89500045776367,46.84999847412109,47.72999954223633,580155
2025-02-18 16:30:00+00:00,47.775001525878906,47.84989929199219,47.58000183105469,47.59999847412109,555099
2025-02-18 17:30:00+00:00,47.94029998779297,47.95000076293945,47.744998931884766,47.77000045776367,394474
2025-02-18 18:30:00+00:00,47.81999969482422,47.99599838256836,47.755001068115234,47.93999862670898,467093
2025-02-18 19:30:00+00:00,47.88999938964844,47.93989944458008,47.77000045776367,47.82500076293945,552165
2025-02-18 20:30:00+00:00,47.93999862670898,47.95000076293945,47.810001373291016,47.89500045776367,800541
2025-02-19 14:30:00+00:00,47.380001068115234,47.59999847412109,47.209999084472656,47.47999954223633,1109161
2025-02-19 15:30:00+00:00,47.01499938964844,47.380001068115234,46.04499816894531,47.380001068115234,4232212
2025-02-19 16:30:00+00:00,47.02000045776367,47.20500183105469,46.97999954223633,47.0099983215332,674882
2025-02-19 17:30:00+00:00,47.02000045776367,47.03829956054688,46.8849983215332,47.025001525878906,521731
2025-02-19 18:30:00+00:00,47.244998931884766,47.2599983215332,46.959999084472656,47.025001525878906,609807
2025-02-19 19:30:00+00:00,47.18999862670898,47.28499984741211,47.125,47.25,701853
2025-02-19 20:30:00+00:00,47.130001068115234,47.30500030517578,47.060001373291016,47.20000076293945,1338525
2025-02-20 14:30:00+00:00,46.459999084472656,47.2400016784668,46.45000076293945,47.09999847412109,1132535
2025-02-20 15:30:00+00:00,46.22499847412109,46.525001525878906,46.150001525878906,46.459999084472656,731156
2025-02-20 16:30:00+00:00,46.43999862670898,46.52999877929688,46.20000076293945,46.220001220703125,860543
2025-02-20 17:30:00+00:00,46.47999954223633,46.54999923706055,46.40999984741211,46.43999862670898,330536
2025-02-20 18:30:00+00:00,46.625,46.63999938964844,46.459999084472656,46.470001220703125,603064
2025-02-20 19:30:00+00:00,46.810001373291016,46.83000183105469,46.619998931884766,46.625,672615
2025-02-20 20:30:00+00:00,46.76499938964844,46.93000030517578,46.75,46.810001373291016,1174767
2025-02-21 14:30:00+00:00,46.55500030517578,46.93000030517578,46.55500030517578,46.79999923706055,1023652
2025-02-21 15:30:00+00:00,46.45500183105469,46.630001068115234,46.41999816894531,46.55500030517578,713985
2025-02-21 16:30:00+00:00,46.48500061035156,46.52000045776367,46.34999847412109,46.45500183105469,802322
2025-02-21 17:30:00+00:00,45.91999816894531,46.52000045776367,45.91999816894531,46.47999954223633,932397
2025-02-21 18:30:00+00:00,45.83000183105469,46.04999923706055,45.790000915527344,45.92499923706055,941456
2025-02-21 19:30:00+00:00,45.90999984741211,45.9370002746582,45.74470138549805,45.83000183105469,996346
2025-02-21 20:30:00+00:00,45.90499877929688,46.04869842529297,45.84000015258789,45.90999984741211,1327830
2025-02-24 14:30:00+00:00,45.775001525878906,46.18999862670898,45.415000915527344,46.08000183105469,1166911
2025-02-24 15:30:00+00:00,45.875,46.02999877929688,45.73500061035156,45.77000045776367,739734
2025-02-24 16:30:00+00:00,45.95500183105469,46.02000045776367,45.85499954223633,45.880001068115234,617793
2025-02-24 17:30:00+00:00,46.02000045776367,46.11750030517578,45.91999816894531,45.95000076293945,523730
2025-02-24 18:30:00+00:00,45.85499954223633,46.060001373291016,45.84999847412109,46.02999877929688,787579
2025-02-24 19:30:00+00:00,45.71500015258789,45.900001525878906,45.69499969482422,45.85499954223633,661916
2025-02-24 20:30:00+00:00,45.619998931884766,45.7599983215332,45.560001373291016,45.71500015258789,1224725
2025-02-25 14:30:00+00:00,45.40999984741211,46.0,45.3650016784668,45.9900016784668,1291343
2025-02-25 15:30:00+00:00,45.6349983215332,45.810001373291016,45.3650016784668,45.43000030517578,1973283
2025-02-25 16:30:00+00:00,45.84000015258789,45.84000015258789,45.43000030517578,45.63999938964844,1346053
2025-02-25 17:30:00+00:00,46.01499938964844,46.20000076293945,45.83000183105469,45.84000015258789,848282
2025-02-25 18:30:00+00:00,45.7223014831543,46.19499969482422,45.709999084472656,46.0099983215332,828845
2025-02-25 19:30:00+00:00,46.185001373291016,46.19499969482422,45.72499847412109,45.72499847412109,1044666
2025-02-25 20:30:00+00:00,45.90999984741211,46.185001373291016,45.880001068115234,46.185001373291016,1822823
2025-02-26 14:30:00+00:00,46.3849983215332,46.5,46.08000183105469,46.18999862670898,1066980
2025-02-26 15:30:00+00:00,46.3650016784668,46.540000915527344,46.27000045776367,46.3849983215332,724355
2025-02-26 16:30:00+00:00,46.22999954223633,46.45000076293945,46.130001068115234,46.3650016784668,1140360
2025-02-26 17:30:00+00:00,45.93000030517578,46.2400016784668,45.92250061035156,46.23500061035156,971698
2025-02-26 18:30:00+00:00,45.78419876098633,45.97999954223633,45.73500061035156,45.91999816894531,923926
2025-02-26 19:30:00+00:00,45.720001220703125,45.90499877929688,45.6609992980957,45.790000915527344,902505
2025-02-26 20:30:00+00:00,45.75,45.86000061035156,45.60499954223633,45.72499847412109,1584225
2025-02-27 14:30:00+00:00,46.56999969482422,46.76499938964844,45.81999969482422,45.81999969482422,997493
2025-02-27 15:30:00+00:00,46.57500076293945,46.68999862670898,46.45000076293945,46.56499862670898,463096
2025-02-27 16:30:00+00:00,46.540000915527344,46.63999938964844,46.37319946289063,46.56999969482422,464033
2025-02-27 17:30:00+00:00,46.47850036621094,46.595001220703125,46.29999923706055,46.54999923706055,702115
2025-02-27 18:30:00+00:00,46.38999938964844,46.58000183105469,46.369998931884766,46.47999954223633,594743
2025-02-27 19:30:00+00:00,46.15499877929688,46.38999938964844,46.119998931884766,46.380001068115234,859449
2025-02-27 20:30:00+00:00,46.27999877929688,46.28499984741211,46.14500045776367,46.15999984741211,1108895
2025-02-28 14:30:00+00:00,46.77999877929688,46.83000183105469,46.43000030517578,46.45000076293945,875809
2025-02-28 15:30:00+00:00,46.60499954223633,46.81999969482422,46.57210540771485,46.77000045776367,565201
2025-02-28 16:30:00+00:00,46.47999954223633,46.75,46.47499847412109,46.59999847412109,525334
2025-02-28 17:30:00+00:00,46.244998931884766,46.4900016784668,46.08000183105469,46.48500061035156,629919
2025-02-28 18:30:00+00:00,46.38999938964844,46.43999862670898,46.19499969482422,46.244998931884766,721740
2025-02-28 19:30:00+00:00,46.685001373291016,46.68999862670898,46.375,46.39500045776367,650783
2025-02-28 20:30:00+00:00,46.88999938964844,46.93999862670898,46.54999923706055,46.685001373291016,1214864
2025-03-03 14:30:00+00:00,47.11000061035156,47.369998931884766,46.959999084472656,47.11000061035156,925437
2025-03-03 15:30:00+00:00,46.8650016784668,47.2400016784668,46.86000061035156,47.11000061035156,884674
2025-03-03 16:30:00+00:00,47.06999969482422,47.12580108642578,46.665000915527344,46.875,931685
2025-03-03 17:30:00+00:00,46.56499862670898,47.1349983215332,46.55009841918945,47.07500076293945,816260
2025-03-03 18:30:00+00:00,46.70500183105469,46.810001373291016,46.51499938964844,46.56499862670898,942211
2025-03-03 19:30:00+00:00,45.81499862670898,46.775001525878906,45.79999923706055,46.70500183105469,1321151
2025-03-03 20:30:00+00:00,46.2400016784668,46.2400016784668,45.77000045776367,45.810001373291016,1639098
2025-03-04 14:30:00+00:00,44.58000183105469,45.75,44.18000030517578,45.5,1611545
2025-03-04 15:30:00+00:00,44.310001373291016,44.88999938964844,44.23500061035156,44.58000183105469,1738062
2025-03-04 16:30:00+00:00,44.89500045776367,44.935001373291016,44.290000915527344,44.30500030517578,1086801
2025-03-04 17:30:00+00:00,45.11000061035156,45.22999954223633,44.72499847412109,44.88999938964844,800753
2025-03-04 18:30:00+00:00,45.255001068115234,45.4900016784668,44.9900016784668,45.10499954223633,971201
2025-03-04 19:30:00+00:00,45.36000061035156,45.52000045776367,45.15499877929688,45.25,875489
2025-03-04 20:30:00+00:00,44.59999847412109,45.35499954223633,44.45009994506836,45.345001220703125,1633654
2025-03-05 14:30:00+00:00,44.220001220703125,45.0,44.08000183105469,44.58000183105469,1200078
2025-03-05 15:30:00+00:00,43.94499969482422,44.45500183105469,43.875,44.220001220703125,742186
2025-03-05 16:30:00+00:00,44.16999816894531,44.459999084472656,43.89500045776367,43.95000076293945,927710
2025-03-05 17:30:00+00:00,44.310001373291016,44.40499877929688,44.125,44.18000030517578,723461
2025-03-05 18:30:00+00:00,44.67499923706055,44.834999084472656,44.209999084472656,44.290000915527344,691676
2025-03-05 19:30:00+00:00,44.7421989440918,44.91999816894531,44.59439849853516,44.68000030517578,867801
2025-03-05 20:30:00+00:00,44.66999816894531,44.744998931884766,44.47999954223633,44.7400016784668,1355612
2025-03-06 14:30:00+00:00,44.56999969482422,44.61000061035156,43.84000015258789,44.209999084472656,1511032
2025-03-06 15:30:00+00:00,44.68999862670898,44.775001525878906,44.34439849853516,44.560001373291016,1477656
2025-03-06 16:30:00+00:00,44.244998931884766,44.81999969482422,44.209999084472656,44.66999816894531,775112
2025-03-06 17:30:00+00:00,44.290000915527344,44.435001373291016,44.141998291015625,44.23500061035156,836494
2025-03-06 18:30:00+00:00,44.15999984741211,44.380001068115234,44.084999084472656,44.28499984741211,726611
2025-03-06 19:30:00+00:00,44.40999984741211,44.619998931884766,44.1150016784668,44.15999984741211,1301528
2025-03-06 20:30:00+00:00,44.380001068115234,44.61000061035156,44.36000061035156,44.41999816894531,1796513
2025-03-07 14:30:00+00:00,43.8849983215332,44.40999984741211,43.720001220703125,44.380001068115234,1374386
2025-03-07 15:30:00+00:00,43.685001373291016,44.150001525878906,43.63999938964844,43.880001068115234,1365708
2025-03-07 16:30:00+00:00,43.78499984741211,43.82500076293945,43.58000183105469,43.68999862670898,1118528
2025-03-07 17:30:00+00:00,44.209999084472656,44.380001068115234,43.7400016784668,43.77999877929688,1171755
2025-03-07 18:30:00+00:00,44.625,44.66999816894531,44.15999984741211,44.220001220703125,839732
2025-03-07 19:30:00+00:00,44.619998931884766,44.720001220703125,44.54999923706055,44.62419891357422,1019072
2025-03-07 20:30:00+00:00,44.70000076293945,44.790000915527344,44.415000915527344,44.619998931884766,1891010
2025-03-10 13:30:00+00:00,43.720001220703125,44.30080032348633,43.59999847412109,43.79999923706055,2739764
2025-03-10 14:30:00+00:00,43.23500061035156,43.7599983215332,43.18000030517578,43.720001220703125,2250390
2025-03-10 15:30:00+00:00,43.16999816894531,43.59999847412109,43.14500045776367,43.22999954223633,1792466
2025-03-10 16:30:00+00:00,42.650001525878906,43.25,42.64500045776367,43.16999816894531,1676582
2025-03-10 17:30:00+00:00,42.400001525878906,42.68999862670898,42.375,42.65499877929688,1947787
2025-03-10 18:30:00+00:00,42.42499923706055,42.56999969482422,41.97499847412109,42.393798828125,1879584
2025-03-10 19:30:00+00:00,42.380001068115234,42.720001220703125,42.25,42.42499923706055,2966059
2025-03-11 13:30:00+00:00,41.79999923706055,42.709999084472656,41.77999877929688,42.400001525878906,1810521
2025-03-11 14:30:00+00:00,41.650001525878906,41.90999984741211,41.400001525878906,41.79499816894531,1358671
2025-03-11 15:30:00+00:00,41.76499938964844,41.86000061035156,41.56999969482422,41.66999816894531,1325324
2025-03-11 16:30:00+00:00,41.485801696777344,41.810001373291016,41.47999954223633,41.77000045776367,1227829
2025-03-11 17:30:00+00:00,42.005001068115234,42.160099029541016,41.45000076293945,41.47999954223633,2342841
2025-03-11 18:30:00+00:00,41.900001525878906,42.2400016784668,41.77000045776367,42.0,3729398
2025-03-11 19:30:00+00:00,41.54999923706055,42.025001525878906,41.52000045776367,41.90499877929688,2824420
2025-03-12 13:30:00+00:00,41.369998931884766,42.209999084472656,41.31499862670898,42.119998931884766,1563876
2025-03-12 14:30:00+00:00,41.47999954223633,41.4900016784668,41.02000045776367,41.3650016784668,1313709
2025-03-12 15:30:00+00:00,41.58000183105469,41.665000915527344,41.375,41.47999954223633,1338236
2025-03-12 16:30:00+00:00,41.810001373291016,41.81769943237305,41.40499877929688,41.59000015258789,1164543
2025-03-12 17:30:00+00:00,42.0,42.040000915527344,41.79499816894531,41.79999923706055,1472092
2025-03-12 18:30:00+00:00,41.79499816894531,42.06729888916016,41.7599983215332,42.0,2404918
2025-03-12 19:30:00+00:00,41.68000030517578,41.82500076293945,41.65999984741211,41.79999923706055,2375819
2025-03-13 13:30:00+00:00,41.81999969482422,41.970001220703125,41.5,41.93000030517578,1049511
2025-03-13 14:30:00+00:00,41.44499969482422,41.88999938964844,41.41999816894531,41.83000183105469,1116285
2025-03-13 15:30:00+00:00,41.20000076293945,41.52999877929688,41.20000076293945,41.44499969482422,1016579
2025-03-13 16:30:00+00:00,41.244998931884766,41.375,41.119998931884766,41.20000076293945,888247
2025-03-13 17:30:00+00:00,41.04499816894531,41.2400016784668,40.9900016784668,41.2400016784668,1145374
2025-03-13 18:30:00+00:00,40.935001373291016,41.165000915527344,40.869998931884766,41.04499816894531,1398019
2025-03-13 19:30:00+00:00,40.90999984741211,40.97999954223633,40.810001373291016,40.93999862670898,1805900
2025-03-14 13:30:00+00:00,41.56499862670898,41.71500015258789,41.130001068115234,41.31999969482422,1363143
2025-03-14 14:30:00+00:00,41.77000045776367,41.84999847412109,41.51449966430664,41.560001373291016,883311
2025-03-14 15:30:00+00:00,41.709999084472656,41.83000183105469,41.630001068115234,41.76499938964844,806698
2025-03-14 16:30:00+00:00,41.94499969482422,41.97999954223633,41.68999862670898,41.71500015258789,998759
2025-03-14 17:30:00+00:00,41.682498931884766,42.0,41.6349983215332,41.95000076293945,962979
2025-03-14 18:30:00+00:00,41.900001525878906,41.96500015258789,41.68999862670898,41.68999862670898,1908095
2025-03-14 19:30:00+00:00,42.0099983215332,42.095001220703125,41.78499984741211,41.900001525878906,1988760
2025-03-17 13:30:00+00:00,41.92499923706055,42.09000015258789,41.67499923706055,41.97999954223633,1426398
2025-03-17 14:30:00+00:00,42.18000030517578,42.2400016784668,41.90999984741211,41.92499923706055,1188238
2025-03-17 15:30:00+00:00,42.165000915527344,42.22999954223633,42.02000045776367,42.16999816894531,794569
2025-03-17 16:30:00+00:00,42.25,42.29999923706055,42.130001068115234,42.165000915527344,729447
2025-03-17 17:30:00+00:00,42.33000183105469,42.41999816894531,42.22999954223633,42.255001068115234,789425
2025-03-17 18:30:00+00:00,42.435001373291016,42.5,42.2599983215332,42.334999084472656,1269749
2025-03-17 19:30:00+00:00,42.16999816894531,42.45000076293945,42.15999984741211,42.43000030517578,1448566
2025-03-18 13:30:00+00:00,42.209999084472656,42.41999816894531,42.08000183105469,42.36000061035156,1186479
2025-03-18 14:30:00+00:00,42.255001068115234,42.33000183105469,42.07500076293945,42.21500015258789,1104166
2025-03-18 15:30:00+00:00,42.470001220703125,42.470001220703125,42.22999954223633,42.255001068115234,1265985
2025-03-18 16:30:00+00:00,42.32500076293945,42.4900016784668,42.31499862670898,42.46500015258789,1763764
2025-03-18 17:30:00+00:00,42.41999816894531,42.53499984741211,42.29499816894531,42.31999969482422,683999
2025-03-18 18:30:00+00:00,42.46500015258789,42.48500061035156,42.31999969482422,42.41999816894531,1116046
2025-03-18 19:30:00+00:00,42.28499984741211,42.5,42.220001220703125,42.470001220703125,2219376
2025-03-19 13:30:00+00:00,42.47499847412109,42.52750015258789,42.18000030517578,42.27999877929688,811085
2025-03-19 14:30:00+00:00,42.46500015258789,42.56999969482422,42.40999984741211,42.470001220703125,753581
2025-03-19 15:30:00+00:00,42.625,42.709999084472656,42.46500015258789,42.46500015258789,1439920
2025-03-19 16:30:00+00:00,42.415000915527344,42.70000076293945,42.380001068115234,42.6255989074707,1137603
2025-03-19 17:30:00+00:00,42.44499969482422,42.52999877929688,42.16999816894531,42.415000915527344,1314034
2025-03-19 18:30:00+00:00,42.4900016784668,42.91999816894531,42.41999816894531,42.44499969482422,1624642
2025-03-19 19:30:00+00:00,42.68000030517578,42.68999862670898,42.46500015258789,42.4900016784668,2021560
2025-03-20 13:30:00+00:00,42.970001220703125,43.06499862670898,42.20000076293945,42.2599983215332,1009197
2025-03-20 14:30:00+00:00,43.01499938964844,43.09000015258789,42.89500045776367,42.97999954223633,791444
2025-03-20 15:30:00+00:00,42.775001525878906,43.02999877929688,42.7400016784668,43.0099983215332,787074
2025-03-20 16:30:00+00:00,42.70000076293945,42.88899993896485,42.68009948730469,42.77999877929688,829642
2025-03-20 17:30:00+00:00,42.69499969482422,42.82500076293945,42.685001373291016,42.70500183105469,917516
2025-03-20 18:30:00+00:00,42.73600006103516,42.82989883422852,42.619998931884766,42.70000076293945,1012865
2025-03-20 19:30:00+00:00,42.595001220703125,42.81999969482422,42.560001373291016,42.73500061035156,1709496
2025-03-21 13:30:00+00:00,42.30500030517578,42.70000076293945,42.119998931884766,42.34999847412109,2673163
2025-03-21 14:30:00+00:00,42.48500061035156,42.59000015258789,42.27999877929688,42.30500030517578,843725
2025-03-21 15:30:00+00:00,42.650001525878906,42.66999816894531,42.40499877929688,42.47999954223633,920517
2025-03-21 16:30:00+00:00,42.84999847412109,42.85499954223633,42.54999923706055,42.650001525878906,819362
2025-03-21 17:30:00+00:00,42.73500061035156,43.005001068115234,42.67499923706055,42.86000061035156,998928
2025-03-21 18:30:00+00:00,42.470001220703125,42.81499862670898,42.45000076293945,42.7400016784668,3110005
2025-03-21 19:30:00+00:00,42.810001373291016,42.83000183105469,42.40999984741211,42.470001220703125,4349071
2025-03-24 13:30:00+00:00,43.584999084472656,43.67499923706055,43.11000061035156,43.220001220703125,952609
2025-03-24 14:30:00+00:00,43.7400016784668,43.76499938964844,43.494998931884766,43.584999084472656,576021
2025-03-24 15:30:00+00:00,43.650001525878906,43.79999923706055,43.64500045776367,43.73310089111328,521568
2025-03-24 16:30:00+00:00,43.56499862670898,43.665000915527344,43.52009963989258,43.65999984741211,445999
2025-03-24 17:30:00+00:00,43.40499877929688,43.60499954223633,43.35499954223633,43.56499862670898,732705
2025-03-24 18:30:00+00:00,43.70000076293945,43.7599983215332,43.400001525878906,43.40499877929688,784823
2025-03-24 19:30:00+00:00,43.72499847412109,43.86000061035156,43.65999984741211,43.70500183105469,1286656
2025-03-25 13:30:00+00:00,43.7599983215332,43.900001525878906,43.48939895629883,43.77999877929688,1036968
2025-03-25 14:30:00+00:00,43.95500183105469,43.97499847412109,43.7599983215332,43.7599983215332,626564
2025-03-25 15:30:00+00:00,43.900001525878906,43.9901008605957,43.81999969482422,43.959999084472656,543017
2025-03-25 16:30:00+00:00,43.915000915527344,44.0,43.89500045776367,43.89500045776367,490688
2025-03-25 17:30:00+00:00,43.84999847412109,44.02999877929688,43.84999847412109,43.915000915527344,667693
2025-03-25 18:30:00+00:00,43.775001525878906,43.8849983215332,43.76499938964844,43.85499954223633,877533
2025-03-25 19:30:00+00:00,43.70500183105469,43.84999847412109,43.63999938964844,43.775001525878906,1264319
2025-03-26 13:30:00+00:00,44.25,44.45500183105469,43.834999084472656,43.91999816894531,900347
2025-03-26 14:30:00+00:00,43.810001373291016,44.31499862670898,43.790000915527344,44.25,649975
2025-03-26 15:30:00+00:00,43.83000183105469,43.95500183105469,43.720001220703125,43.81499862670898,569634
2025-03-26 16:30:00+00:00,43.65499877929688,43.86000061035156,43.64500045776367,43.83000183105469,753056
2025-03-26 17:30:00+00:00,43.744998931884766,43.77000045776367,43.59999847412109,43.650001525878906,545599
2025-03-26 18:30:00+00:00,43.625,43.79999923706055,43.57500076293945,43.7400016784668,760501
2025-03-26 19:30:00+00:00,43.75,43.81999969482422,43.59999847412109,43.625,1291867
2025-03-27 13:30:00+00:00,43.80500030517578,43.900001525878906,43.34000015258789,43.73500061035156,1112782
2025-03-27 14:30:00+00:00,43.60499954223633,43.85499954223633,43.60499954223633,43.810001373291016,771634
2025-03-27 15:30:00+00:00,43.52989959716797,43.6150016784668,43.40999984741211,43.61000061035156,633970
2025-03-27 16:30:00+00:00,43.23500061035156,43.584999084472656,43.22499847412109,43.525001525878906,761160
2025-03-27 17:30:00+00:00,43.255001068115234,43.34000015258789,43.130001068115234,43.22999954223633,784542
2025-03-27 18:30:00+00:00,43.5,43.52999877929688,43.22999954223633,43.255001068115234,1047667
2025-03-27 19:30:00+00:00,43.220001220703125,43.52000045776367,43.209999084472656,43.5099983215332,1390373
2025-03-28 13:30:00+00:00,42.59000015258789,43.43000030517578,42.560001373291016,43.15999984741211,934180
2025-03-28 14:30:00+00:00,42.45500183105469,42.66049957275391,42.3650016784668,42.59000015258789,636210
2025-03-28 15:30:00+00:00,42.27999877929688,42.59619903564453,42.26499938964844,42.45000076293945,432113
2025-03-28 16:30:00+00:00,42.16999816894531,42.33440017700195,42.150001525878906,42.27000045776367,497653
2025-03-28 17:30:00+00:00,42.31840133666992,42.38999938964844,42.14500045776367,42.16999816894531,539374
2025-03-28 18:30:00+00:00,42.209999084472656,42.38560104370117,42.20100021362305,42.310001373291016,744456
2025-03-28 19:30:00+00:00,42.22999954223633,42.400001525878906,42.150001525878906,42.209999084472656,1242362
2025-03-31 13:30:00+00:00,41.47999954223633,41.68999862670898,41.15999984741211,41.38999938964844,1177735
2025-03-31 14:30:00+00:00,41.79499816894531,41.88999938964844,41.45500183105469,41.4900016784668,655292
2025-03-31 15:30:00+00:00,41.935001373291016,41.935001373291016,41.685001373291016,41.790000915527344,542810
2025-03-31 16:30:00+00:00,41.88999938964844,42.005001068115234,41.79499816894531,41.93000030517578,587648
2025-03-31 17:30:00+00:00,42.04499816894531,42.1150016784668,41.744998931884766,41.88999938964844,749004
2025-03-31 18:30:00+00:00,42.06800079345703,42.25,41.99169921875,42.040000915527344,971611
2025-03-31 19:30:00+00:00,42.220001220703125,42.34000015258789,41.9900016784668,42.06999969482422,2174923
2025-04-01 13:30:00+00:00,41.39500045776367,41.9900016784668,41.334999084472656,41.86000061035156,1574223
2025-04-01 14:30:00+00:00,41.77000045776367,41.93999862670898,41.369998931884766,41.39500045776367,1681566
2025-04-01 15:30:00+00:00,41.81499862670898,42.0099983215332,41.73500061035156,41.7599983215332,886064
2025-04-01 16:30:00+00:00,41.6150016784668,41.8849983215332,41.6150016784668,41.81999969482422,671212
2025-04-01 17:30:00+00:00,41.470001220703125,41.709999084472656,41.41999816894531,41.6150016784668,677601
2025-04-01 18:30:00+00:00,41.720001220703125,41.77999877929688,41.45500183105469,41.459999084472656,928511
2025-04-01 19:30:00+00:00,41.7599983215332,41.81499862670898,41.68000030517578,41.71500015258789,1368367
2025-04-02 13:30:00+00:00,42.39500045776367,42.40999984741211,41.27000045776367,41.27000045776367,1437741
2025-04-02 14:30:00+00:00,42.57500076293945,42.64500045776367,42.3849983215332,42.39500045776367,1282828
2025-04-02 15:30:00+00:00,42.57500076293945,42.65499877929688,42.43999862670898,42.56999969482422,598181
2025-04-02 16:30:00+00:00,42.78499984741211,42.935001373291016,42.48500061035156,42.57500076293945,730072
2025-04-02 17:30:00+00:00,42.560001373291016,42.790000915527344,42.54999923706055,42.790000915527344,801368
2025-04-02 18:30:00+00:00,42.81999969482422,42.84600067138672,42.55500030517578,42.55500030517578,832773
2025-04-02 19:30:00+00:00,42.98500061035156,43.06999969482422,42.77999877929688,42.81999969482422,2382003
2025-04-03 13:30:00+00:00,40.04999923706055,41.220001220703125,39.9900016784668,41.14500045776367,2672248
2025-04-03 14:30:00+00:00,39.665000915527344,40.150001525878906,39.52999877929688,40.05500030517578,2312607
2025-04-03 15:30:00+00:00,39.900001525878906,39.900001525878906,39.54499816894531,39.65999984741211,1870895
2025-04-03 16:30:00+00:00,39.47999954223633,39.93000030517578,39.38999938964844,39.89879989624024,1510665
2025-04-03 17:30:00+00:00,39.31499862670898,39.68999862670898,39.30500030517578,39.470001220703125,1437991
2025-04-03 18:30:00+00:00,39.025001525878906,39.44499969482422,38.959999084472656,39.31999969482422,1757663
2025-04-03 19:30:00+00:00,38.790000915527344,39.03499984741211,38.709999084472656,39.025001525878906,2540365
2025-04-04 13:30:00+00:00,36.494998931884766,37.68999862670898,36.48500061035156,37.369998931884766,2913614
2025-04-04 14:30:00+00:00,36.48500061035156,37.02000045776367,35.7400016784668,36.47999954223633,2733416
2025-04-04 15:30:00+00:00,36.220001220703125,36.630001068115234,35.970001220703125,36.5,1805671
2025-04-04 16:30:00+00:00,36.54999923706055,36.60499954223633,36.119998931884766,36.220001220703125,1744652
2025-04-04 17:30:00+00:00,36.79999923706055,37.150001525878906,36.35380172729492,36.54999923706055,1822177
2025-04-04 18:30:00+00:00,37.1150016784668,37.23500061035156,36.61000061035156,36.79999923706055,2407774
2025-04-04 19:30:00+00:00,36.83000183105469,37.400001525878906,36.66999816894531,37.1150016784668,3344226
2025-04-07 13:30:00+00:00,36.25,38.32989883422852,35.18000030517578,35.79999923706055,4457590
2025-04-07 14:30:00+00:00,36.040000915527344,37.43000030517578,35.88999938964844,36.27000045776367,3683781
2025-04-07 15:30:00+00:00,36.44720077514648,37.0,36.04499816894531,36.04499816894531,1813621
2025-04-07 16:30:00+00:00,36.78499984741211,36.845001220703125,36.03499984741211,36.43999862670898,1938827
2025-04-07 17:30:00+00:00,36.65999984741211,37.209999084472656,36.459999084472656,36.790000915527344,2314401
2025-04-07 18:30:00+00:00,36.43999862670898,36.9900016784668,36.43000030517578,36.66999816894531,2050317
2025-04-07 19:30:00+00:00,36.790000915527344,36.90999984741211,36.43999862670898,36.43999862670898,2160469
2025-04-08 13:30:00+00:00,38.38999938964844,38.60499954223633,37.880001068115234,37.93999862670898,1940866
2025-04-08 14:30:00+00:00,37.43830108642578,38.46500015258789,37.42499923706055,38.38999938964844,1536855
2025-04-08 15:30:00+00:00,37.61000061035156,37.96500015258789,37.41999816894531,37.43000030517578,1364197
2025-04-08 16:30:00+00:00,36.79999923706055,37.68999862670898,36.72499847412109,37.619998931884766,2537755
2025-04-08 17:30:00+00:00,36.7599983215332,37.35499954223633,36.73500061035156,36.79759979248047,1812766
2025-04-08 18:30:00+00:00,36.34000015258789,37.38999938964844,36.150001525878906,36.7599983215332,3076185
2025-04-08 19:30:00+00:00,36.369998931884766,36.46500015258789,35.724998474121094,36.34000015258789,2956163
2025-04-09 13:30:00+00:00,36.01499938964844,36.560001373291016,35.689998626708984,35.81999969482422,2674100
2025-04-09 14:30:00+00:00,35.849998474121094,36.22999954223633,35.5099983215332,36.01499938964844,2290790
2025-04-09 15:30:00+00:00,35.7599983215332,35.97999954223633,35.4900016784668,35.849998474121094,1699670
2025-04-09 16:30:00+00:00,37.8650016784668,38.790000915527344,35.529998779296875,35.7400016784668,3015538
2025-04-09 17:30:00+00:00,39.65999984741211,39.79999923706055,37.75,37.8650016784668,3943797
2025-04-09 18:30:00+00:00,39.3296012878418,39.84999847412109,38.72999954223633,39.64500045776367,2584465
2025-04-09 19:30:00+00:00,39.290000915527344,39.59000015258789,39.060001373291016,39.33000183105469,3081233
2025-04-10 13:30:00+00:00,37.709999084472656,38.47999954223633,37.44499969482422,38.459999084472656,2344588
2025-04-10 14:30:00+00:00,37.560001373291016,37.91999816894531,37.540000915527344,37.72999954223633,1539945
2025-04-10 15:30:00+00:00,36.52000045776367,37.59999847412109,36.38999938964844,37.560001373291016,1877761
2025-04-10 16:30:00+00:00,36.915000915527344,37.39500045776367,36.36000061035156,36.52000045776367,1910520
2025-04-10 17:30:00+00:00,37.59000015258789,37.65999984741211,36.79711532592773,36.90999984741211,2587915
2025-04-10 18:30:00+00:00,36.9900016784668,37.70000076293945,36.97999954223633,37.59999847412109,2864187
2025-04-10 19:30:00+00:00,37.2400016784668,37.33000183105469,36.619998931884766,36.97999954223633,3810960
2025-04-11 13:30:00+00:00,36.60499954223633,37.47499847412109,36.540000915527344,37.0,2208079
2025-04-11 14:30:00+00:00,36.584999084472656,37.34000015258789,36.4900016784668,36.61000061035156,2432938
2025-04-11 15:30:00+00:00,36.71500015258789,36.845001220703125,36.47999954223633,36.584999084472656,1583937
2025-04-11 16:30:00+00:00,37.165000915527344,37.41999816894531,36.71500015258789,36.720001220703125,2875685
2025-04-11 17:30:00+00:00,37.41999816894531,37.89500045776367,37.119998931884766,37.16999816894531,2146435
2025-04-11 18:30:00+00:00,37.9005012512207,37.96500015258789,37.380001068115234,37.41999816894531,2281152
2025-04-11 19:30:00+00:00,37.86000061035156,37.95000076293945,37.78499984741211,37.900001525878906,3095725
2025-04-14 13:30:00+00:00,38.47499847412109,38.775001525878906,38.27999877929688,38.5099983215332,2210213
2025-04-14 14:30:00+00:00,38.0099983215332,38.54499816894531,38.0004997253418,38.4900016784668,1680061
2025-04-14 15:30:00+00:00,38.01499938964844,38.17499923706055,37.77000045776367,38.010101318359375,1553398
2025-04-14 16:30:00+00:00,38.2400016784668,38.47999954223633,37.95000076293945,38.01499938964844,1503707
2025-04-14 17:30:00+00:00,38.34999847412109,38.470001220703125,38.16999816894531,38.23500061035156,1141104
2025-04-14 18:30:00+00:00,38.3650016784668,38.510101318359375,38.31499862670898,38.34999847412109,1485940
2025-04-14 19:30:00+00:00,38.18999862670898,38.43999862670898,38.130001068115234,38.369998931884766,1823545
2025-04-15 13:30:00+00:00,38.97999954223633,39.380001068115234,38.2400016784668,38.2400016784668,2587170
2025-04-15 14:30:00+00:00,39.00139999389648,39.14500045776367,38.83702087402344,38.9900016784668,1668339
2025-04-15 15:30:00+00:00,39.095001220703125,39.15999984741211,38.994998931884766,39.00550079345703,1029354
2025-04-15 16:30:00+00:00,38.8849983215332,39.13999938964844,38.77999877929688,39.095001220703125,1260633
2025-04-15 17:30:00+00:00,38.70500183105469,38.95500183105469,38.66999816894531,38.8849983215332,958005
2025-04-15 18:30:00+00:00,38.68999862670898,38.845001220703125,38.65499877929688,38.70000076293945,986662
2025-04-15 19:30:00+00:00,38.63999938964844,38.75830078125,38.540000915527344,38.68999862670898,1626444
2025-04-16 13:30:00+00:00,38.04999923706055,39.150001525878906,37.77999877929688,38.220001220703125,4408597
2025-04-16 14:30:00+00:00,38.48500061035156,38.56999969482422,37.86000061035156,38.060001373291016,2583085
2025-04-16 15:30:00+00:00,38.30500030517578,38.58000183105469,38.185001373291016,38.48500061035156,1070257
2025-04-16 16:30:00+00:00,38.39720153808594,38.42499923706055,38.09999847412109,38.29999923706055,1394501
2025-04-16 17:30:00+00:00,37.97499847412109,38.400001525878906,37.68000030517578,38.400001525878906,1880070
2025-04-16 18:30:00+00:00,37.47499847412109,38.0,37.43000030517578,37.970001220703125,1912189
2025-04-16 19:30:00+00:00,37.79119873046875,37.84000015258789,37.47499847412109,37.47499847412109,2393889
2025-04-17 13:30:00+00:00,38.29999923706055,38.43999862670898,37.79999923706055,37.93999862670898,3168992
2025-04-17 14:30:00+00:00,38.34999847412109,38.52000045776367,38.19499969482422,38.29999923706055,1479041
2025-04-17 15:30:00+00:00,38.51499938964844,38.54999923706055,38.1150016784668,38.35499954223633,1438359
2025-04-17 16:30:00+00:00,38.40999984741211,38.665000915527344,38.38420104980469,38.51499938964844,981124
2025-04-17 17:30:00+00:00,38.52000045776367,38.68199920654297,38.40999984741211,38.40999984741211,970068
2025-04-17 18:30:00+00:00,38.28499984741211,38.64500045776367,38.22999954223633,38.525001525878906,1123861
2025-04-17 19:30:00+00:00,38.20000076293945,38.400001525878906,38.16999816894531,38.27999877929688,1471166
2025-04-21 13:30:00+00:00,37.46500015258789,38.08000183105469,37.40999984741211,37.90999984741211,1036484
2025-04-21 14:30:00+00:00,37.369998931884766,37.584999084472656,37.33000183105469,37.459999084472656,903815
2025-04-21 15:30:00+00:00,37.5,37.54499816894531,37.244998931884766,37.375,782750
2025-04-21 16:30:00+00:00,37.40499877929688,37.619998931884766,37.31999969482422,37.5,894583
2025-04-21 17:30:00+00:00,37.540000915527344,37.55500030517578,37.39500045776367,37.40499877929688,1230132
2025-04-21 18:30:00+00:00,37.5989990234375,37.66999816894531,37.46500015258789,37.540000915527344,1186209
2025-04-21 19:30:00+00:00,37.81999969482422,37.880001068115234,37.59000015258789,37.59999847412109,2009557
2025-04-22 13:30:00+00:00,38.55500030517578,38.83000183105469,38.15999984741211,38.2599983215332,1198891
2025-04-22 14:30:00+00:00,38.69499969482422,38.91999816894531,38.5,38.54999923706055,803107
2025-04-22 15:30:00+00:00,38.93999862670898,39.0,38.52999877929688,38.68999862670898,865150
2025-04-22 16:30:00+00:00,38.369998931884766,38.95500183105469,38.31499862670898,38.93999862670898,1294702
2025-04-22 17:30:00+00:00,38.790000915527344,38.84999847412109,38.31999969482422,38.36000061035156,906555
2025-04-22 18:30:00+00:00,38.84000015258789,39.01179885864258,38.79499816894531,38.79499816894531,785382
2025-04-22 19:30:00+00:00,38.9900016784668,39.06499862670898,38.81100082397461,38.84000015258789,1144026
2025-04-23 13:30:00+00:00,40.435001373291016,41.150001525878906,39.98500061035156,40.0,3262291
2025-04-23 14:30:00+00:00,39.67499923706055,40.48500061035156,39.619998931884766,40.43000030517578,2487194
2025-04-23 15:30:00+00:00,39.5,39.775001525878906,39.32500076293945,39.68000030517578,937744
2025-04-23 16:30:00+00:00,39.66999816894531,39.79499816894531,39.45000076293945,39.4900016784668,950194
2025-04-23 17:30:00+00:00,39.540000915527344,39.81999969482422,39.5,39.67499923706055,885418
2025-04-23 18:30:00+00:00,39.369998931884766,39.619998931884766,39.31499862670898,39.540000915527344,813708
2025-04-23 19:30:00+00:00,39.4900016784668,39.59000015258789,39.35499954223633,39.369998931884766,1271818
2025-04-24 13:30:00+00:00,39.720001220703125,39.744998931884766,39.255001068115234,39.29999923706055,858200
2025-04-24 14:30:00+00:00,39.68999862670898,39.77999877929688,39.54499816894531,39.720001220703125,660319
2025-04-24 15:30:00+00:00,39.900001525878906,40.0099983215332,39.6349983215332,39.68999862670898,653457
2025-04-24 16:30:00+00:00,40.07500076293945,40.1150016784668,39.86000061035156,39.88999938964844,544704
2025-04-24 17:30:00+00:00,40.02000045776367,40.20000076293945,40.0,40.07500076293945,799544
2025-04-24 18:30:00+00:00,40.02999877929688,40.17499923706055,39.95500183105469,40.02000045776367,636748
2025-04-24 19:30:00+00:00,40.040000915527344,40.18999862670898,39.994998931884766,40.02999877929688,1431803
2025-04-25 13:30:00+00:00,39.720001220703125,40.12630081176758,39.66999816894531,39.7599983215332,1035443
2025-04-25 14:30:00+00:00,39.775001525878906,39.93999862670898,39.65999984741211,39.72999954223633,711458
2025-04-25 15:30:00+00:00,39.86000061035156,39.915000915527344,39.71500015258789,39.775001525878906,493911
2025-04-25 16:30:00+00:00,39.994998931884766,39.99800109863281,39.80500030517578,39.869998931884766,465470
2025-04-25 17:30:00+00:00,39.8849983215332,40.00822830200195,39.650001525878906,39.9900016784668,785829
2025-04-25 18:30:00+00:00,39.90999984741211,40.06999969482422,39.86000061035156,39.8849983215332,721805
2025-04-25 19:30:00+00:00,39.900001525878906,39.93999862670898,39.77470016479492,39.90499877929688,1010392
2025-04-28 13:30:00+00:00,40.150001525878906,40.38999938964844,40.040000915527344,40.04999923706055,655289
2025-04-28 14:30:00+00:00,39.875,40.20000076293945,39.8650016784668,40.15499877929688,623968
2025-04-28 15:30:00+00:00,39.810001373291016,40.0,39.775001525878906,39.869998931884766,416312
2025-04-28 16:30:00+00:00,39.79499816894531,39.95000076293945,39.78499984741211,39.81999969482422,494609
2025-04-28 17:30:00+00:00,39.97999954223633,40.01580047607422,39.775001525878906,39.79499816894531,493373
2025-04-28 18:30:00+00:00,40.10499954223633,40.15999984741211,39.94499969482422,39.9900016784668,515527
2025-04-28 19:30:00+00:00,40.1349983215332,40.22999954223633,40.06499862670898,40.09999847412109,860311
2025-04-29 13:30:00+00:00,39.78499984741211,40.22990036010742,39.7599983215332,39.95000076293945,1293836
2025-04-29 14:30:00+00:00,40.25,40.2599983215332,39.77000045776367,39.77999877929688,808914
2025-04-29 15:30:00+00:00,40.310001373291016,40.31999969482422,40.09999847412109,40.2400016784668,551885
2025-04-29 16:30:00+00:00,40.33000183105469,40.35499954223633,40.11000061035156,40.310001373291016,673820
2025-04-29 17:30:00+00:00,40.47999954223633,40.51499938964844,40.30500030517578,40.33000183105469,943074
2025-04-29 18:30:00+00:00,40.53499984741211,40.56499862670898,40.41999816894531,40.48500061035156,1140086
2025-04-29 19:30:00+00:00,40.4900016784668,40.55500030517578,40.400001525878906,40.53499984741211,1654250
2025-04-30 13:30:00+00:00,39.79010009765625,39.81499862670898,39.28499984741211,39.72999954223633,1112306
2025-04-30 14:30:00+00:00,39.84870147705078,39.994998931884766,39.65499877929688,39.79499816894531,783612
2025-04-30 15:30:00+00:00,39.834999084472656,40.02000045776367,39.81999969482422,39.84999847412109,746400
2025-04-30 16:30:00+00:00,39.96500015258789,39.97499847412109,39.76499938964844,39.834999084472656,511875
2025-04-30 17:30:00+00:00,40.0,40.27930068969727,39.95500183105469,39.959999084472656,973109
2025-04-30 18:30:00+00:00,40.005001068115234,40.119998931884766,39.845001220703125,39.9900016784668,1279935
2025-04-30 19:30:00+00:00,40.33000183105469,40.470001220703125,39.90499877929688,40.0099983215332,1813754
2025-05-01 13:30:00+00:00,40.685001373291016,40.77999877929688,39.9900016784668,40.15999984741211,1312019
2025-05-01 14:30:00+00:00,40.85449981689453,40.90999984741211,40.56499862670898,40.685001373291016,997397
2025-05-01 15:30:00+00:00,40.67499923706055,40.869998931884766,40.595001220703125,40.86000061035156,983612
2025-05-01 16:30:00+00:00,40.66999816894531,40.7599983215332,40.59999847412109,40.68000030517578,456998
2025-05-01 17:30:00+00:00,40.63029861450195,40.714500427246094,40.54499816894531,40.66999816894531,503753
2025-05-01 18:30:00+00:00,40.79499816894531,40.79999923706055,40.619998931884766,40.6349983215332,610166
2025-05-01 19:30:00+00:00,40.4900016784668,40.86000061035156,40.43000030517578,40.79999923706055,1051219
2025-05-02 13:30:00+00:00,41.32500076293945,41.400001525878906,40.75,40.83000183105469,689519
2025-05-02 14:30:00+00:00,41.185001373291016,41.34000015258789,41.1349983215332,41.31999969482422,662552
2025-05-02 15:30:00+00:00,41.470001220703125,41.54499816894531,41.17499923706055,41.185001373291016,657168
2025-05-02 16:30:00+00:00,41.40999984741211,41.52000045776367,41.34999847412109,41.459999084472656,499993
2025-05-02 17:30:00+00:00,41.43000030517578,41.470001220703125,41.38999938964844,41.40499877929688,403025
2025-05-02 18:30:00+00:00,41.57500076293945,41.59999847412109,41.38999938964844,41.42499923706055,610362
2025-05-02 19:30:00+00:00,41.45500183105469,41.56999969482422,41.415000915527344,41.56999969482422,1223293
2025-05-05 13:30:00+00:00,41.81999969482422,41.834999084472656,40.94110107421875,41.0,925104
2025-05-05 14:30:00+00:00,41.89500045776367,41.959999084472656,41.77000045776367,41.81999969482422,562904
2025-05-05 15:30:00+00:00,41.92900085449219,42.01649856567383,41.810001373291016,41.89500045776367,504881
2025-05-05 16:30:00+00:00,41.790000915527344,41.970001220703125,41.790000915527344,41.93000030517578,367111
2025-05-05 17:30:00+00:00,41.845001220703125,41.970001220703125,41.79499816894531,41.79499816894531,480606
2025-05-05 18:30:00+00:00,41.67499923706055,41.86000061035156,41.625,41.845001220703125,445766
2025-05-05 19:30:00+00:00,41.45000076293945,41.70000076293945,41.41999816894531,41.66999816894531,683731
2025-05-06 13:30:00+00:00,41.26499938964844,41.28499984741211,40.88600158691406,40.97999954223633,686603
2025-05-06 14:30:00+00:00,41.334999084472656,41.369998931884766,41.220001220703125,41.26499938964844,436825
2025-05-06 15:30:00+00:00,41.220001220703125,41.39500045776367,41.165000915527344,41.34000015258789,518387
2025-05-06 16:30:00+00:00,41.06499862670898,41.27000045776367,41.04499816894531,41.22999954223633,330555
2025-05-06 17:30:00+00:00,41.165000915527344,41.16999816894531,40.93000030517578,41.06999969482422,399564
2025-05-06 18:30:00+00:00,41.165000915527344,41.21500015258789,41.10499954223633,41.15499877929688,357479
2025-05-06 19:30:00+00:00,40.970001220703125,41.209999084472656,40.94499969482422,41.165000915527344,1036916
2025-05-07 13:30:00+00:00,41.44200134277344,41.63999938964844,41.209999084472656,41.25,890006
2025-05-07 14:30:00+00:00,41.57500076293945,41.584999084472656,41.369998931884766,41.44499969482422,524103
2025-05-07 15:30:00+00:00,41.459999084472656,41.68000030517578,41.459999084472656,41.57500076293945,544332
2025-05-07 16:30:00+00:00,41.5099983215332,41.619998931884766,41.470001220703125,41.470001220703125,360694
2025-05-07 17:30:00+00:00,41.29999923706055,41.5099983215332,41.130001068115234,41.505001068115234,782880
2025-05-07 18:30:00+00:00,41.21500015258789,41.59999847412109,41.20000076293945,41.29999923706055,1221187
2025-05-07 19:30:00+00:00,41.27000045776367,41.53499984741211,41.15999984741211,41.21500015258789,1415869
2025-05-08 13:30:00+00:00,41.93000030517578,42.06999969482422,41.5,41.77999877929688,1010789
2025-05-08 14:30:00+00:00,42.04499816894531,42.130001068115234,41.71500015258789,41.93000030517578,806761
2025-05-08 15:30:00+00:00,42.150001525878906,42.34000015258789,41.970001220703125,42.04499816894531,833390
2025-05-08 16:30:00+00:00,42.18899917602539,42.34999847412109,42.13999938964844,42.150001525878906,496589
2025-05-08 17:30:00+00:00,42.18999862670898,42.22999954223633,42.11000061035156,42.18999862670898,594741
2025-05-08 18:30:00+00:00,42.23500061035156,42.244998931884766,42.06999969482422,42.185001373291016,570255
2025-05-08 19:30:00+00:00,42.130001068115234,42.244998931884766,42.0099983215332,42.23500061035156,1415578
2025-05-09 13:30:00+00:00,41.93000030517578,42.275001525878906,41.845001220703125,42.13999938964844,1024509
2025-05-09 14:30:00+00:00,42.07500076293945,42.084999084472656,41.86000061035156,41.93000030517578,794018
2025-05-09 15:30:00+00:00,41.915000915527344,42.09999847412109,41.90999984741211,42.06999969482422,430003
2025-05-09 16:30:00+00:00,41.915000915527344,41.95000076293945,41.81499862670898,41.915000915527344,733428
2025-05-09 17:30:00+00:00,41.96500015258789,42.06999969482422,41.90999984741211,41.91999816894531,476711
2025-05-09 18:30:00+00:00,42.06999969482422,42.14500045776367,41.959999084472656,41.970001220703125,645232
2025-05-09 19:30:00+00:00,42.0,42.09999847412109,41.94499969482422,42.07500076293945,944267
2025-05-12 13:30:00+00:00,43.93000030517578,44.36000061035156,43.84999847412109,43.90999984741211,1548111
2025-05-12 14:30:00+00:00,43.810001373291016,44.0099983215332,43.71500015258789,43.93000030517578,1055920
2025-05-12 15:30:00+00:00,43.93000030517578,43.97499847412109,43.77999877929688,43.81769943237305,973115
2025-05-12 16:30:00+00:00,44.06999969482422,44.20000076293945,43.92250061035156,43.92250061035156,1127438
2025-05-12 17:30:00+00:00,44.035400390625,44.150001525878906,43.959999084472656,44.08000183105469,1891204
2025-05-12 18:30:00+00:00,43.96500015258789,44.13999938964844,43.959999084472656,44.03499984741211,1377704
2025-05-12 19:30:00+00:00,44.0099983215332,44.02000045776367,43.92499923706055,43.96500015258789,1293832
2025-05-13 13:30:00+00:00,44.04999923706055,44.13999938964844,43.810001373291016,44.0,980120
2025-05-13 14:30:00+00:00,44.22999954223633,44.29999923706055,43.97499847412109,44.04999923706055,1623077
2025-05-13 15:30:00+00:00,44.255001068115234,44.41999816894531,44.20000076293945,44.22999954223633,1032666
2025-05-13 16:30:00+00:00,44.380001068115234,44.43000030517578,44.209999084472656,44.255001068115234,676254
2025-05-13 17:30:00+00:00,44.345001220703125,44.5,44.310001373291016,44.3849983215332,1133296
2025-05-13 18:30:00+00:00,44.31499862670898,44.459999084472656,44.27999877929688,44.345001220703125,1205061
2025-05-13 19:30:00+00:00,44.34999847412109,44.43999862670898,44.31499862670898,44.31499862670898,1176364
2025-05-14 13:30:00+00:00,44.209999084472656,44.31999969482422,44.0,44.220001220703125,695962
2025-05-14 14:30:00+00:00,44.2401008605957,44.27999877929688,44.08000183105469,44.20000076293945,630964
2025-05-14 15:30:00+00:00,44.26499938964844,44.33000183105469,44.18000030517578,44.2400016784668,446881
2025-05-14 16:30:00+00:00,44.13999938964844,44.33480072021485,44.060001373291016,44.27000045776367,527238
2025-05-14 17:30:00+00:00,44.08000183105469,44.22800064086914,44.060001373291016,44.1349983215332,381029
2025-05-14 18:30:00+00:00,44.119998931884766,44.20000076293945,44.043701171875,44.084999084472656,556945
2025-05-14 19:30:00+00:00,44.220001220703125,44.34999847412109,44.1150016784668,44.119998931884766,1099482
2025-05-15 13:30:00+00:00,44.30500030517578,44.63999938964844,44.22999954223633,44.22999954223633,866388
2025-05-15 14:30:00+00:00,44.3849983215332,44.42499923706055,44.220001220703125,44.310001373291016,617356
2025-05-15 15:30:00+00:00,44.3650016784668,44.560001373291016,44.34999847412109,44.3849983215332,537600
2025-05-15 16:30:00+00:00,44.43999862670898,44.46500015258789,44.34999847412109,44.3650016784668,362568
2025-05-15 17:30:00+00:00,44.51499938964844,44.51499938964844,44.369998931884766,44.435001373291016,560967
2025-05-15 18:30:00+00:00,44.63990020751953,44.65999984741211,44.470001220703125,44.5099983215332,655195
2025-05-15 19:30:00+00:00,44.58000183105469,44.6879997253418,44.4901008605957,44.6349983215332,1127842
2025-05-16 13:30:00+00:00,44.53499984741211,44.649898529052734,44.29999923706055,44.61000061035156,1187101
2025-05-16 14:30:00+00:00,44.7599983215332,44.790000915527344,44.47999954223633,44.540000915527344,914191
2025-05-16 15:30:00+00:00,44.85499954223633,44.915000915527344,44.73500061035156,44.75,568151
2025-05-16 16:30:00+00:00,44.92499923706055,44.994998931884766,44.79499816894531,44.84999847412109,516822
2025-05-16 17:30:00+00:00,44.90499877929688,44.970001220703125,44.86000061035156,44.92499923706055,867805
2025-05-16 18:30:00+00:00,44.875,44.9900016784668,44.86000061035156,44.90169906616211,836522
2025-05-16 19:30:00+00:00,44.90999984741211,44.93999862670898,44.869998931884766,44.875,1035696
2025-05-19 13:30:00+00:00,44.72499847412109,44.8650016784668,44.310001373291016,44.400001525878906,654518
2025-05-19 14:30:00+00:00,44.630001068115234,44.83000183105469,44.60929870605469,44.72499847412109,515463
2025-05-19 15:30:00+00:00,44.790000915527344,44.79999923706055,44.625,44.625,346327
2025-05-19 16:30:00+00:00,44.79999923706055,44.869998931884766,44.7599983215332,44.78010177612305,342863
2025-05-19 17:30:00+00:00,44.720001220703125,44.84000015258789,44.650001525878906,44.79999923706055,521283
2025-05-19 18:30:00+00:00,44.68000030517578,44.755001068115234,44.65499877929688,44.71500015258789,401322
2025-05-19 19:30:00+00:00,44.790000915527344,44.79999923706055,44.64500045776367,44.68000030517578,936960
2025-05-20 13:30:00+00:00,44.665000915527344,44.709999084472656,44.46500015258789,44.66999816894531,537861
2025-05-20 14:30:00+00:00,44.619998931884766,44.720001220703125,44.56499862670898,44.650001525878906,289228
2025-05-20 15:30:00+00:00,44.6150016784668,44.66999816894531,44.5536003112793,44.625,322229
2025-05-20 16:30:00+00:00,44.52000045776367,44.619998931884766,44.51499938964844,44.619998931884766,350152
2025-05-20 17:30:00+00:00,44.290000915527344,44.55500030517578,44.28499984741211,44.51499938964844,416260
2025-05-20 18:30:00+00:00,44.376800537109375,44.38999938964844,44.2599983215332,44.28499984741211,633836
2025-05-20 19:30:00+00:00,44.41999816894531,44.45989990234375,44.369998931884766,44.380001068115234,902447
2025-05-21 13:30:00+00:00,43.84999847412109,44.125,43.84999847412109,44.06999969482422,627454
2025-05-21 14:30:00+00:00,43.77009963989258,43.880001068115234,43.72010040283203,43.81499862670898,374980
2025-05-21 15:30:00+00:00,43.790000915527344,43.837799072265625,43.75,43.775001525878906,440861
2025-05-21 16:30:00+00:00,43.32500076293945,43.84000015258789,43.31499862670898,43.79499816894531,541262
2025-05-21 17:30:00+00:00,43.26499938964844,43.51499938964844,43.20000076293945,43.32500076293945,968316
2025-05-21 18:30:00+00:00,42.91899871826172,43.29499816894531,42.900001525878906,43.2599983215332,943987
2025-05-21 19:30:00+00:00,42.88999938964844,43.09999847412109,42.86000061035156,42.915000915527344,1140743
2025-05-22 13:30:00+00:00,42.775001525878906,42.91999816894531,42.625,42.88999938964844,874776
2025-05-22 14:30:00+00:00,42.95000076293945,43.005001068115234,42.73500061035156,42.775001525878906,830921
2025-05-22 15:30:00+00:00,43.15999984741211,43.275001525878906,42.93000030517578,42.93999862670898,656076
2025-05-22 16:30:00+00:00,43.19499969482422,43.22499847412109,43.0099983215332,43.15999984741211,641710
2025-05-22 17:30:00+00:00,43.29499816894531,43.30849838256836,43.17499923706055,43.20000076293945,542598
2025-05-22 18:30:00+00:00,43.42499923706055,43.45500183105469,43.23500061035156,43.290000915527344,763415
2025-05-22 19:30:00+00:00,43.119998931884766,43.42499923706055,43.06999969482422,43.42499923706055,1216426
2025-05-23 13:30:00+00:00,42.54999923706055,42.75,42.209999084472656,42.220001220703125,894516
2025-05-23 14:30:00+00:00,42.6150016784668,42.65999984741211,42.47499847412109,42.54499816894531,434511
2025-05-23 15:30:00+00:00,42.76499938964844,42.810001373291016,42.61000061035156,42.6150016784668,553480
2025-05-23 16:30:00+00:00,42.98500061035156,42.98500061035156,42.70000076293945,42.7599983215332,645265
2025-05-23 17:30:00+00:00,43.005001068115234,43.11000061035156,42.94499969482422,42.97999954223633,500749
2025-05-23 18:30:00+00:00,42.9900016784668,43.10499954223633,42.9900016784668,43.01499938964844,493942
2025-05-23 19:30:00+00:00,42.93000030517578,43.09000015258789,42.86000061035156,42.994998931884766,1093329
2025-05-27 13:30:00+00:00,43.310001373291016,43.560001373291016,43.025001525878906,43.54999923706055,924569
2025-05-27 14:30:00+00:00,43.44499969482422,43.46500015258789,43.2599983215332,43.31499862670898,799608
2025-05-27 15:30:00+00:00,43.47499847412109,43.52000045776367,43.400001525878906,43.44499969482422,515298
2025-05-27 16:30:00+00:00,43.57500076293945,43.58700180053711,43.45000076293945,43.47499847412109,577735
2025-05-27 17:30:00+00:00,43.69400024414063,43.70690155029297,43.56499862670898,43.57500076293945,816256
2025-05-27 18:30:00+00:00,43.66999816894531,43.747100830078125,43.650001525878906,43.70000076293945,635899
2025-05-27 19:30:00+00:00,43.72999954223633,43.7400016784668,43.61190032958984,43.66999816894531,929389
2025-05-28 13:30:00+00:00,43.54999923706055,43.869998931884766,43.51499938964844,43.7400016784668,639725
2025-05-28 14:30:00+00:00,43.36000061035156,43.59999847412109,43.36000061035156,43.54990005493164,463236
2025-05-28 15:30:00+00:00,43.4900016784668,43.505001068115234,43.29999923706055,43.3650016784668,399696
2025-05-28 16:30:00+00:00,43.52000045776367,43.560001373291016,43.43999862670898,43.48500061035156,406247
2025-05-28 17:30:00+00:00,43.525001525878906,43.54499816894531,43.41999816894531,43.51499938964844,386619
2025-05-28 18:30:00+00:00,43.40999984741211,43.540000915527344,43.3650016784668,43.525001525878906,705488
2025-05-28 19:30:00+00:00,43.22999954223633,43.42499923706055,43.15999984741211,43.40999984741211,932679
2025-05-29 13:30:00+00:00,43.33000183105469,43.59999847412109,43.2400016784668,43.54999923706055,668112
2025-05-29 14:30:00+00:00,43.46500015258789,43.4900016784668,43.17499923706055,43.32500076293945,906044
2025-05-29 15:30:00+00:00,43.435001373291016,43.47999954223633,43.2599983215332,43.46009826660156,729986
2025-05-29 16:30:00+00:00,43.40999984741211,43.5099983215332,43.38999938964844,43.43999862670898,429647
2025-05-29 17:30:00+00:00,43.525001525878906,43.56999969482422,43.40999984741211,43.40999984741211,504389
2025-05-29 18:30:00+00:00,43.53499984741211,43.630001068115234,43.505001068115234,43.52000045776367,848617
2025-05-29 19:30:00+00:00,43.76499938964844,43.77999877929688,43.52999877929688,43.53499984741211,1214622
2025-05-30 13:30:00+00:00,43.52999877929688,43.72999954223633,43.20000076293945,43.56999969482422,592830
2025-05-30 14:30:00+00:00,43.56999969482422,43.61000061035156,43.46500015258789,43.52999877929688,346706
2025-05-30 15:30:00+00:00,43.43999862670898,43.60760116577149,43.415000915527344,43.56999969482422,369235
2025-05-30 16:30:00+00:00,43.5,43.51969909667969,43.29999923706055,43.45000076293945,419953
2025-05-30 17:30:00+00:00,43.625,43.70000076293945,43.46500015258789,43.5099983215332,550428
2025-05-30 18:30:00+00:00,43.720001220703125,43.744998931884766,43.55500030517578,43.630001068115234,821676
2025-05-30 19:30:00+00:00,43.56999969482422,43.77780151367188,43.54999923706055,43.72100067138672,1293711
2025-06-02 13:30:00+00:00,43.30500030517578,43.43999862670898,42.775001525878906,43.310001373291016,1184494
2025-06-02 14:30:00+00:00,43.33000183105469,43.40999984741211,43.23500061035156,43.30550003051758,701726
2025-06-02 15:30:00+00:00,43.40499877929688,43.470001220703125,43.30500030517578,43.34000015258789,590324
2025-06-02 16:30:00+00:00,43.43999862670898,43.52000045776367,43.37129974365234,43.40499877929688,558826
2025-06-02 17:30:00+00:00,43.5099983215332,43.54999923706055,43.40999984741211,43.45000076293945,617035
2025-06-02 18:30:00+00:00,43.60499954223633,43.625,43.51499938964844,43.51499938964844,561007
2025-06-02 19:30:00+00:00,43.630001068115234,43.63999938964844,43.525001525878906,43.60499954223633,917811
2025-06-03 13:30:00+00:00,44.07500076293945,44.08000183105469,43.5,43.58000183105469,1184003
2025-06-03 14:30:00+00:00,44.2400016784668,44.2599983215332,44.01499938964844,44.07500076293945,882028
2025-06-03 15:30:00+00:00,44.334999084472656,44.358001708984375,44.16999816894531,44.25,2072465
2025-06-03 16:30:00+00:00,44.44499969482422,44.47499847412109,44.32500076293945,44.334999084472656,623416
2025-06-03 17:30:00+00:00,44.36000061035156,44.459999084472656,44.275001525878906,44.44499969482422,836443
2025-06-03 18:30:00+00:00,44.275001525878906,44.39500045776367,44.2400016784668,44.35499954223633,974984
2025-06-03 19:30:00+00:00,44.369998931884766,44.41999816894531,44.25,44.275001525878906,1570333
2025-06-04 13:30:00+00:00,44.43000030517578,44.72999954223633,44.29499816894531,44.47999954223633,1573979
2025-06-04 14:30:00+00:00,44.17499923706055,44.47999954223633,44.13999938964844,44.435001373291016,738530
2025-06-04 15:30:00+00:00,43.98500061035156,44.185001373291016,43.956298828125,44.16999816894531,593727
2025-06-04 16:30:00+00:00,44.095001220703125,44.119998931884766,43.97010040283203,43.97999954223633,387874
2025-06-04 17:30:00+00:00,43.994998931884766,44.11000061035156,43.9900016784668,44.09000015258789,436718
2025-06-04 18:30:00+00:00,43.94459915161133,44.0,43.85499954223633,43.994998931884766,802013
2025-06-04 19:30:00+00:00,43.875,44.02999877929688,43.869998931884766,43.94499969482422,1051416
2025-06-05 13:30:00+00:00,43.720001220703125,44.150001525878906,43.4900016784668,44.150001525878906,964395
2025-06-05 14:30:00+00:00,43.86000061035156,43.88999938964844,43.59999847412109,43.720001220703125,720448
2025-06-05 15:30:00+00:00,43.959999084472656,43.9900016784668,43.83000183105469,43.86000061035156,441683
2025-06-05 16:30:00+00:00,43.86000061035156,43.96770095825195,43.709999084472656,43.95500183105469,427541
2025-06-05 17:30:00+00:00,43.79999923706055,43.92580032348633,43.68000030517578,43.86989974975586,431981
2025-06-05 18:30:00+00:00,43.619998931884766,43.880001068115234,43.494998931884766,43.79499816894531,654404
2025-06-05 19:30:00+00:00,43.68999862670898,43.78499984741211,43.61000061035156,43.619998931884766,868548
2025-06-06 13:30:00+00:00,44.595001220703125,44.7599983215332,44.38999938964844,44.45000076293945,1290313
2025-06-06 14:30:00+00:00,44.525001525878906,44.66999816894531,44.44499969482422,44.595001220703125,888721
2025-06-06 15:30:00+00:00,44.525001525878906,44.58000183105469,44.45009994506836,44.52999877929688,624668
2025-06-06 16:30:00+00:00,44.435001373291016,44.55720138549805,44.38999938964844,44.525001525878906,556983
2025-06-06 17:30:00+00:00,44.505001068115234,44.56499862670898,44.38999938964844,44.43000030517578,626281
2025-06-06 18:30:00+00:00,44.65499877929688,44.68569946289063,44.5,44.5,904966
2025-06-06 19:30:00+00:00,44.73500061035156,44.83000183105469,44.65999984741211,44.65999984741211,1619018
2025-06-09 13:30:00+00:00,45.09000015258789,45.25,44.7599983215332,45.0,817045
2025-06-09 14:30:00+00:00,44.845001220703125,45.10499954223633,44.845001220703125,45.08000183105469,457934
2025-06-09 15:30:00+00:00,44.90499877929688,44.95000076293945,44.84999847412109,44.85499954223633,428246
2025-06-09 16:30:00+00:00,45.0099983215332,45.0099983215332,44.8650016784668,44.90499877929688,321203
2025-06-09 17:30:00+00:00,45.1150016784668,45.1349983215332,44.994998931884766,45.0099983215332,362002
2025-06-09 18:30:00+00:00,44.94499969482422,45.13999938964844,44.93999862670898,45.1150016784668,514285
2025-06-09 19:30:00+00:00,44.86000061035156,44.97499847412109,44.84000015258789,44.92499923706055,1030275
2025-06-10 13:30:00+00:00,45.15499877929688,45.209999084472656,44.81999969482422,44.9900016784668,801353
2025-06-10 14:30:00+00:00,45.38999938964844,45.400001525878906,45.1150016784668,45.165000915527344,456205
2025-06-10 15:30:00+00:00,45.25,45.3849983215332,45.22869873046875,45.3849983215332,451636
2025-06-10 16:30:00+00:00,45.255001068115234,45.31499862670898,45.21009826660156,45.25,339375
2025-06-10 17:30:00+00:00,44.9900016784668,45.290000915527344,44.98500061035156,45.255001068115234,458304
2025-06-10 18:30:00+00:00,45.11479949951172,45.19499969482422,44.97999954223633,44.98500061035156,429898
2025-06-10 19:30:00+00:00,45.25,45.27999877929688,45.060001373291016,45.119998931884766,912236
2025-06-11 13:30:00+00:00,44.69499969482422,45.11000061035156,44.310001373291016,45.08000183105469,2592217
2025-06-11 14:30:00+00:00,44.584999084472656,44.70000076293945,44.5,44.68999862670898,1635747
2025-06-11 15:30:00+00:00,44.43000030517578,44.625,44.36000061035156,44.59000015258789,1318526
2025-06-11 16:30:00+00:00,44.63629913330078,44.64500045776367,44.35499954223633,44.43000030517578,1708855
2025-06-11 17:30:00+00:00,44.20500183105469,44.650001525878906,44.2046012878418,44.6328010559082,984729
2025-06-11 18:30:00+00:00,44.2400016784668,44.39500045776367,44.125,44.20000076293945,1462256
2025-06-11 19:30:00+00:00,44.220001220703125,44.28499984741211,44.15999984741211,44.2400016784668,1711376
2025-06-12 13:30:00+00:00,44.06499862670898,44.10499954223633,43.595001220703125,44.0099983215332,2654667
2025-06-12 14:30:00+00:00,43.8849983215332,44.125,43.84000015258789,44.060001373291016,915831
2025-06-12 15:30:00+00:00,43.97790145874024,44.03499984741211,43.790000915527344,43.880001068115234,907524
2025-06-12 16:30:00+00:00,44.07500076293945,44.09999847412109,43.88999938964844,43.970001220703125,696493
2025-06-12 17:30:00+00:00,44.025001525878906,44.125,44.025001525878906,44.084999084472656,627568
2025-06-12 18:30:00+00:00,44.13999938964844,44.15999984741211,44.0099983215332,44.02000045776367,781052
2025-06-12 19:30:00+00:00,44.16999816894531,44.16999816894531,44.07500076293945,44.13999938964844,1425523
2025-06-13 13:30:00+00:00,43.22499847412109,43.80500030517578,43.22499847412109,43.70000076293945,1450334
2025-06-13 14:30:00+00:00,43.6349983215332,43.6349983215332,43.20500183105469,43.26499938964844,1015075
2025-06-13 15:30:00+00:00,43.52999877929688,43.67499923706055,43.52000045776367,43.630001068115234,705350
2025-06-13 16:30:00+00:00,43.39670181274414,43.59000015258789,43.38999938964844,43.525001525878906,627656
2025-06-13 17:30:00+00:00,43.040000915527344,43.43999862670898,43.02999877929688,43.400001525878906,896120
2025-06-13 18:30:00+00:00,42.875,43.09000015258789,42.869998931884766,43.040000915527344,1367567
2025-06-13 19:30:00+00:00,42.97999954223633,42.9900016784668,42.84999847412109,42.880001068115234,1827620
2025-06-16 13:30:00+00:00,43.5099983215332,43.61000061035156,43.19499969482422,43.560001373291016,2694111
2025-06-16 14:30:00+00:00,43.44499969482422,43.61000061035156,43.40499877929688,43.505001068115234,1225602
2025-06-16 15:30:00+00:00,43.415000915527344,43.5099983215332,43.38999938964844,43.44499969482422,1039911
2025-06-16 16:30:00+00:00,43.275001525878906,43.45000076293945,43.22499847412109,43.415000915527344,2604472
2025-06-16 17:30:00+00:00,43.15499877929688,43.334999084472656,43.119998931884766,43.275001525878906,899186
2025-06-16 18:30:00+00:00,43.19499969482422,43.290000915527344,43.119998931884766,43.1505012512207,1288000
2025-06-16 19:30:00+00:00,43.150001525878906,43.209999084472656,43.09999847412109,43.20000076293945,2157914
2025-06-17 13:30:00+00:00,43.1349983215332,43.16999816894531,42.76499938964844,42.787899017333984,1394881
2025-06-17 14:30:00+00:00,42.90999984741211,43.14500045776367,42.90349960327149,43.1349983215332,1201059
2025-06-17 15:30:00+00:00,43.005001068115234,43.025001525878906,42.84999847412109,42.90499877929688,725592
2025-06-17 16:30:00+00:00,42.66999816894531,43.04999923706055,42.64500045776367,43.00830078125,876423
2025-06-17 17:30:00+00:00,42.72999954223633,42.78499984741211,42.61000061035156,42.65999984741211,1163069
2025-06-17 18:30:00+00:00,42.73500061035156,42.799800872802734,42.66999816894531,42.72999954223633,1425085
2025-06-17 19:30:00+00:00,42.68999862670898,42.76539993286133,42.650001525878906,42.73500061035156,1872861
2025-06-18 13:30:00+00:00,43.29499816894531,43.35499954223633,42.54999923706055,42.560001373291016,1772195
2025-06-18 14:30:00+00:00,43.220001220703125,43.41999816894531,43.185001373291016,43.29999923706055,1159688
2025-06-18 15:30:00+00:00,43.29999923706055,43.31499862670898,43.125,43.209999084472656,926498
2025-06-18 16:30:00+00:00,43.2400016784668,43.29999923706055,43.180999755859375,43.29999923706055,1223321
2025-06-18 17:30:00+00:00,43.28499984741211,43.40999984741211,43.19499969482422,43.25,1523622
2025-06-18 18:30:00+00:00,43.14500045776367,43.400001525878906,43.11000061035156,43.28499984741211,1547555
2025-06-18 19:30:00+00:00,43.27000045776367,43.29990005493164,43.130001068115234,43.13999938964844,1991690
2025-06-20 13:30:00+00:00,43.345001220703125,43.54999923706055,43.28499984741211,43.34999847412109,3026006
2025-06-20 14:30:00+00:00,43.375,43.415000915527344,43.244998931884766,43.34999847412109,1036879
2025-06-20 15:30:00+00:00,43.380001068115234,43.45000076293945,43.30500030517578,43.375,779365
2025-06-20 16:30:00+00:00,43.334999084472656,43.43000030517578,43.334999084472656,43.375,758581
2025-06-20 17:30:00+00:00,43.29499816894531,43.345001220703125,43.18009948730469,43.33000183105469,841840
2025-06-20 18:30:00+00:00,43.28990173339844,43.334999084472656,43.21500015258789,43.29499816894531,920778
2025-06-20 19:30:00+00:00,43.290000915527344,43.43999862670898,43.22999954223633,43.28499984741211,2871563
2025-06-23 13:30:00+00:00,43.57350158691406,43.73500061035156,43.09000015258789,43.17499923706055,1454295
2025-06-23 14:30:00+00:00,43.435001373291016,43.625,43.36000061035156,43.57500076293945,756688
2025-06-23 15:30:00+00:00,43.1349983215332,43.43999862670898,43.1349983215332,43.40499877929688,640659
2025-06-23 16:30:00+00:00,43.540000915527344,43.54499816894531,42.95000076293945,43.130001068115234,969513
2025-06-23 17:30:00+00:00,43.69499969482422,43.810001373291016,43.54499816894531,43.54499816894531,1162822
2025-06-23 18:30:00+00:00,43.84000015258789,43.900001525878906,43.69409942626953,43.70000076293945,1427947
2025-06-23 19:30:00+00:00,44.06999969482422,44.1150016784668,43.83420181274414,43.83420181274414,1725980
2025-06-24 13:30:00+00:00,44.77000045776367,44.834999084472656,44.43000030517578,44.51499938964844,2269536
2025-06-24 14:30:00+00:00,44.88579940795898,44.94499969482422,44.720001220703125,44.77000045776367,1804105
2025-06-24 15:30:00+00:00,44.650001525878906,44.900001525878906,44.625,44.8849983215332,526454
2025-06-24 16:30:00+00:00,44.68000030517578,44.744998931884766,44.6150016784668,44.648399353027344,639892
2025-06-24 17:30:00+00:00,44.650001525878906,44.7400016784668,44.62350082397461,44.685001373291016,1007568
2025-06-24 18:30:00+00:00,44.625,44.65999984741211,44.54499816894531,44.65499877929688,643463
2025-06-24 19:30:00+00:00,44.52999877929688,44.720001220703125,44.52999877929688,44.619998931884766,1285570
2025-06-25 13:30:00+00:00,44.54499816894531,44.630001068115234,44.33000183105469,44.40999984741211,1108524
2025-06-25 14:30:00+00:00,44.64500045776367,44.685001373291016,44.494998931884766,44.54499816894531,783261
2025-06-25 15:30:00+00:00,44.84999847412109,44.869998931884766,44.625,44.665000915527344,624630
2025-06-25 16:30:00+00:00,44.81499862670898,44.869998931884766,44.70500183105469,44.84999847412109,1146099
2025-06-25 17:30:00+00:00,44.7400016784668,44.84000015258789,44.7400016784668,44.810001373291016,562951
2025-06-25 18:30:00+00:00,44.8849983215332,44.90999984741211,44.72999954223633,44.744998931884766,886344
2025-06-25 19:30:00+00:00,44.845001220703125,44.90999984741211,44.790000915527344,44.8849983215332,1742248
2025-06-26 13:30:00+00:00,45.459999084472656,45.4900016784668,44.935001373291016,45.0,2075469
2025-06-26 14:30:00+00:00,45.5099983215332,45.68000030517578,45.459999084472656,45.459999084472656,2154119
2025-06-26 15:30:00+00:00,45.42499923706055,45.56499862670898,45.400001525878906,45.5,1339323
2025-06-26 16:30:00+00:00,45.46500015258789,45.505001068115234,45.38460159301758,45.42499923706055,664570
2025-06-26 17:30:00+00:00,45.55500030517578,45.58000183105469,45.45000076293945,45.46500015258789,1817747
2025-06-26 18:30:00+00:00,45.54499816894531,45.61539840698242,45.5,45.55500030517578,1586809
2025-06-26 19:30:00+00:00,45.61000061035156,45.65999984741211,45.505001068115234,45.540000915527344,2515947
2025-06-27 13:30:00+00:00,45.810001373291016,45.84999847412109,45.59999847412109,45.63999938964844,1484204
2025-06-27 14:30:00+00:00,45.900001525878906,46.25,45.790000915527344,45.79999923706055,5068814
2025-06-27 15:30:00+00:00,45.89500045776367,45.95000076293945,45.79999923706055,45.89500045776367,870470
2025-06-27 16:30:00+00:00,45.84980010986328,45.97999954223633,45.83000183105469,45.900001525878906,641816
2025-06-27 17:30:00+00:00,45.65999984741211,45.869998931884766,45.61000061035156,45.845001220703125,937450
2025-06-27 18:30:00+00:00,45.67499923706055,45.709999084472656,45.525001525878906,45.65999984741211,1178083
2025-06-27 19:30:00+00:00,45.755001068115234,45.834999084472656,45.6510009765625,45.67499923706055,2250184
2025-06-30 13:30:00+00:00,45.56499862670898,45.69810104370117,45.33000183105469,45.400001525878906,1761926
2025-06-30 14:30:00+00:00,45.39500045776367,45.595001220703125,45.380001068115234,45.56999969482422,1376487
2025-06-30 15:30:00+00:00,45.435001373291016,45.54999923706055,45.400001525878906,45.400001525878906,1322682
2025-06-30 16:30:00+00:00,45.30009841918945,45.4900016784668,45.290000915527344,45.435001373291016,722763
2025-06-30 17:30:00+00:00,45.27000045776367,45.33000183105469,45.18170166015625,45.3031005859375,819385
2025-06-30 18:30:00+00:00,45.334999084472656,45.400001525878906,45.244998931884766,45.275001525878906,2111874
2025-06-30 19:30:00+00:00,45.23500061035156,45.34000015258789,45.14500045776367,45.334999084472656,2417344
2025-07-01 13:30:00+00:00,45.44839859008789,45.494998931884766,44.90499877929688,44.970001220703125,2211950
2025-07-01 14:30:00+00:00,45.935001373291016,45.94540023803711,45.43999862670898,45.43999862670898,2143488
2025-07-01 15:30:00+00:00,46.48500061035156,46.51499938964844,45.8849983215332,45.935001373291016,1666342
2025-07-01 16:30:00+00:00,46.31999969482422,46.58000183105469,46.040000915527344,46.47999954223633,1409241
2025-07-01 17:30:00+00:00,46.30500030517578,46.41999816894531,46.18999862670898,46.32500076293945,1190293
2025-07-01 18:30:00+00:00,46.44499969482422,46.459999084472656,46.27999877929688,46.30009841918945,1792749
2025-07-01 19:30:00+00:00,46.48500061035156,46.5099983215332,46.38999938964844,46.45000076293945,2592762
2025-07-02 13:30:00+00:00,46.81999969482422,46.84000015258789,46.56999969482422,46.70000076293945,2627328
2025-07-02 14:30:00+00:00,47.27999877929688,47.38999938964844,46.81999969482422,46.81999969482422,3827759
2025-07-02 15:30:00+00:00,47.23500061035156,47.40499877929688,47.18999862670898,47.27999877929688,1262317
2025-07-02 16:30:00+00:00,47.1150016784668,47.27999877929688,47.040000915527344,47.22999954223633,1220047
2025-07-02 17:30:00+00:00,47.27000045776367,47.29999923706055,47.04999923706055,47.11000061035156,857573
2025-07-02 18:30:00+00:00,47.36000061035156,47.459999084472656,47.255001068115234,47.278099060058594,1180799
2025-07-02 19:30:00+00:00,47.5,47.5099983215332,47.33000183105469,47.35499954223633,2872280
2025-07-03 13:30:00+00:00,47.79999923706055,48.05500030517578,47.52999877929688,47.68000030517578,2067750
2025-07-03 14:30:00+00:00,47.82500076293945,47.9900016784668,47.7599983215332,47.80500030517578,1315593
2025-07-03 15:30:00+00:00,47.834999084472656,47.935001373291016,47.80500030517578,47.82500076293945,1010401
2025-07-07 13:30:00+00:00,48.10499954223633,48.38999938964844,47.95000076293945,48.11000061035156,2962704
2025-07-07 14:30:00+00:00,48.040000915527344,48.18999862670898,47.959999084472656,48.10459899902344,1487021
2025-07-07 15:30:00+00:00,47.73500061035156,48.05500030517578,47.630001068115234,48.02999877929688,2507217
2025-07-07 16:30:00+00:00,47.70500183105469,47.77000045776367,47.52999877929688,47.72999954223633,632204
2025-07-07 17:30:00+00:00,47.5098991394043,47.790000915527344,47.459999084472656,47.709999084472656,877926
2025-07-07 18:30:00+00:00,47.63999938964844,47.7599983215332,47.5,47.5,1575344
2025-07-07 19:30:00+00:00,47.790000915527344,47.810001373291016,47.584999084472656,47.63999938964844,1678990
2025-07-08 13:30:00+00:00,47.72499847412109,47.92499923706055,47.56499862670898,47.790000915527344,1231956
2025-07-08 14:30:00+00:00,47.650001525878906,47.84999847412109,47.58369827270508,47.720001220703125,1190110
2025-07-08 15:30:00+00:00,47.650001525878906,47.72499847412109,47.48500061035156,47.64360046386719,1073144
2025-07-08 16:30:00+00:00,47.58000183105469,47.68000030517578,47.4900016784668,47.65999984741211,1367277
2025-07-08 17:30:00+00:00,47.685001373291016,47.755001068115234,47.56499862670898,47.584999084472656,1904225
2025-07-08 18:30:00+00:00,47.709999084472656,47.75,47.61000061035156,47.685001373291016,1296106
2025-07-08 19:30:00+00:00,47.665000915527344,47.75,47.63999938964844,47.71500015258789,3040506
2025-07-09 13:30:00+00:00,47.61520004272461,48.11000061035156,47.6150016784668,47.97999954223633,2210285
2025-07-09 14:30:00+00:00,47.42499923706055,47.6349983215332,47.30009841918945,47.619998931884766,806885
2025-07-09 15:30:00+00:00,47.26499938964844,47.45500183105469,47.230098724365234,47.43000030517578,554844
2025-07-09 16:30:00+00:00,47.35499954223633,47.48989868164063,47.185001373291016,47.26499938964844,626608
2025-07-09 17:30:00+00:00,47.165000915527344,47.459999084472656,47.13999938964844,47.36000061035156,1036235
2025-07-09 18:30:00+00:00,47.25,47.28499984741211,47.1349983215332,47.20000076293945,896066
2025-07-09 19:30:00+00:00,47.29999923706055,47.34000015258789,47.220001220703125,47.25,1687797
2025-07-10 13:30:00+00:00,47.744998931884766,47.75,47.185001373291016,47.310001373291016,1305919
2025-07-10 14:30:00+00:00,47.77000045776367,47.875,47.68999862670898,47.744998931884766,1022993
2025-07-10 15:30:00+00:00,47.70500183105469,47.79499816894531,47.58000183105469,47.76499938964844,838281
2025-07-10 16:30:00+00:00,47.69660186767578,47.79999923706055,47.69469833374024,47.70000076293945,837747
2025-07-10 17:30:00+00:00,47.665000915527344,47.790000915527344,47.619998931884766,47.68999862670898,798003
2025-07-10 18:30:00+00:00,47.61000061035156,47.69499969482422,47.47999954223633,47.660099029541016,991918
2025-07-10 19:30:00+00:00,47.54999923706055,47.64500045776367,47.47999954223633,47.60499954223633,1575979
2025-07-11 13:30:00+00:00,46.935001373291016,47.09999847412109,46.755001068115234,47.0,1615833
2025-07-11 14:30:00+00:00,47.119998931884766,47.18999862670898,46.92499923706055,46.93999862670898,1318250
2025-07-11 15:30:00+00:00,47.1150016784668,47.185001373291016,47.02999877929688,47.119998931884766,951806
2025-07-11 16:30:00+00:00,47.209999084472656,47.255001068115234,47.1150016784668,47.1150016784668,1366782
2025-07-11 17:30:00+00:00,47.19499969482422,47.27999877929688,47.17100143432617,47.21500015258789,735418
2025-07-11 18:30:00+00:00,47.272499084472656,47.3849983215332,47.18000030517578,47.18999862670898,920800
2025-07-11 19:30:00+00:00,47.130001068115234,47.310001373291016,47.09999847412109,47.275001525878906,1589975
2025-07-14 13:30:00+00:00,46.84999847412109,47.2599983215332,46.78499984741211,47.2599983215332,2334309
2025-07-14 14:30:00+00:00,46.935001373291016,47.095001220703125,46.81499862670898,46.86000061035156,1262416
2025-07-14 15:30:00+00:00,46.935001373291016,47.095001220703125,46.875,46.93999862670898,1520218
2025-07-14 16:30:00+00:00,46.98500061035156,46.994998931884766,46.84999847412109,46.93999862670898,942489
2025-07-14 17:30:00+00:00,47.005001068115234,47.04999923706055,46.915000915527344,46.98500061035156,874587
2025-07-14 18:30:00+00:00,46.93999862670898,47.09000015258789,46.91999816894531,47.005001068115234,2656533
2025-07-14 19:30:00+00:00,47.025001525878906,47.06999969482422,46.915000915527344,46.94499969482422,2670764
2025-07-15 13:30:00+00:00,46.48500061035156,47.08000183105469,46.41999816894531,46.86000061035156,2830110
2025-07-15 14:30:00+00:00,46.3650016784668,46.59999847412109,46.29999923706055,46.48500061035156,2240589
2025-07-15 15:30:00+00:00,46.31999969482422,46.52000045776367,46.2599983215332,46.369998931884766,1138747
2025-07-15 16:30:00+00:00,46.16999816894531,46.400001525878906,46.01499938964844,46.310001373291016,1318400
2025-07-15 17:30:00+00:00,45.97999954223633,46.1974983215332,45.84000015258789,46.17470169067383,1615243
2025-07-15 18:30:00+00:00,45.98500061035156,46.06999969482422,45.84000015258789,45.97999954223633,1592340
2025-07-15 19:30:00+00:00,45.665000915527344,46.005001068115234,45.63999938964844,45.98500061035156,2678400
2025-07-16 13:30:00+00:00,45.64500045776367,46.18999862670898,45.619998931884766,45.959999084472656,2666848
2025-07-16 14:30:00+00:00,45.28499984741211,45.685001373291016,45.060001373291016,45.64500045776367,2464191
2025-07-16 15:30:00+00:00,45.255001068115234,45.35499954223633,44.96500015258789,45.290000915527344,2292668
2025-07-16 16:30:00+00:00,45.470001220703125,45.56999969482422,45.255001068115234,45.2598991394043,1685763
2025-07-16 17:30:00+00:00,45.48500061035156,45.4900016784668,45.369998931884766,45.47999954223633,2457032
2025-07-16 18:30:00+00:00,45.68999862670898,45.72999954223633,45.45000076293945,45.48500061035156,3429305
2025-07-16 19:30:00+00:00,45.68000030517578,45.7400016784668,45.56999969482422,45.68999862670898,3563609
2025-07-17 13:30:00+00:00,44.584999084472656,45.59999847412109,43.91609954833984,44.150001525878906,7993479
2025-07-17 14:30:00+00:00,44.78499984741211,44.8849983215332,44.275001525878906,44.59000015258789,3796220
2025-07-17 15:30:00+00:00,44.834999084472656,45.11000061035156,44.76499938964844,44.78499984741211,2182399
2025-07-17 16:30:00+00:00,44.79499816894531,44.93999862670898,44.70000076293945,44.834999084472656,2416564
2025-07-17 17:30:00+00:00,45.26499938964844,45.275001525878906,44.70500183105469,44.79499816894531,2343883
2025-07-17 18:30:00+00:00,45.19499969482422,45.39500045776367,45.18899917602539,45.27000045776367,2122613
2025-07-17 19:30:00+00:00,45.21500015258789,45.27000045776367,45.095001220703125,45.19499969482422,2720865
2025-07-18 13:30:00+00:00,45.20500183105469,45.52000045776367,45.119998931884766,45.41999816894531,3263862
2025-07-18 14:30:00+00:00,45.39500045776367,45.44499969482422,45.07500076293945,45.209999084472656,2282779
2025-07-18 15:30:00+00:00,45.51499938964844,45.630001068115234,45.38999938964844,45.39500045776367,1850041
2025-07-18 16:30:00+00:00,45.584999084472656,45.775001525878906,45.459999084472656,45.51499938964844,1174978
2025-07-18 17:30:00+00:00,45.70000076293945,45.915000915527344,45.59000015258789,45.59000015258789,1237305
2025-07-18 18:30:00+00:00,45.845001220703125,45.88999938964844,45.69499969482422,45.69499969482422,1491294
2025-07-18 19:30:00+00:00,45.68999862670898,45.845001220703125,45.65499877929688,45.845001220703125,2487301
2025-07-21 13:30:00+00:00,46.290000915527344,46.369998931884766,45.75,45.77999877929688,1540741
2025-07-21 14:30:00+00:00,46.39500045776367,46.4870491027832,46.20500183105469,46.290000915527344,1636686
2025-07-21 15:30:00+00:00,46.39500045776367,46.5,46.380001068115234,46.40499877929688,942740
2025-07-21 16:30:00+00:00,46.31499862670898,46.45000076293945,46.275001525878906,46.38999938964844,796816
2025-07-21 17:30:00+00:00,46.22499847412109,46.33000183105469,46.20000076293945,46.31499862670898,948834
2025-07-21 18:30:00+00:00,45.8650016784668,46.23500061035156,45.8650016784668,46.22499847412109,1341323
2025-07-21 19:30:00+00:00,45.810001373291016,45.94499969482422,45.75,45.8650016784668,1771764
2025-07-22 13:30:00+00:00,46.1349983215332,46.27000045776367,45.810001373291016,45.81999969482422,1809156
2025-07-22 14:30:00+00:00,46.290000915527344,46.41999816894531,46.1150016784668,46.130001068115234,1408208
2025-07-22 15:30:00+00:00,46.560001373291016,46.60499954223633,46.28499984741211,46.29119873046875,911097
2025-07-22 16:30:00+00:00,46.400001525878906,46.584999084472656,46.26499938964844,46.560001373291016,903155
2025-07-22 17:30:00+00:00,46.277099609375,46.56499862670898,46.25,46.400001525878906,1527340
2025-07-22 18:30:00+00:00,46.17499923706055,46.380001068115234,46.15499877929688,46.275001525878906,832249
2025-07-22 19:30:00+00:00,46.14500045776367,46.2599983215332,46.14450073242188,46.18000030517578,1545300
2025-07-23 13:30:00+00:00,46.2599983215332,46.650001525878906,46.130001068115234,46.51499938964844,1404534
2025-07-23 14:30:00+00:00,46.2400016784668,46.31999969482422,46.1150016784668,46.255001068115234,1120769
2025-07-23 15:30:00+00:00,46.35499954223633,46.38999938964844,46.125,46.25,718489
2025-07-23 16:30:00+00:00,46.290000915527344,46.43000030517578,46.244998931884766,46.34999847412109,558983
2025-07-23 17:30:00+00:00,46.334999084472656,46.38999938964844,46.220001220703125,46.290000915527344,671994
2025-07-23 18:30:00+00:00,46.30500030517578,46.39500045776367,46.2599983215332,46.334999084472656,734479
2025-07-23 19:30:00+00:00,46.32500076293945,46.36000061035156,46.2599983215332,46.30009841918945,1331216
2025-07-24 13:30:00+00:00,46.52999877929688,46.56999969482422,46.125,46.2400016784668,1445698
2025-07-24 14:30:00+00:00,46.560001373291016,46.69499969482422,46.459999084472656,46.525001525878906,1354959
2025-07-24 15:30:00+00:00,46.53499984741211,46.619998931884766,46.45000076293945,46.55500030517578,1117461
2025-07-24 16:30:00+00:00,46.45000076293945,46.584999084472656,46.38999938964844,46.52999877929688,604410
2025-07-24 17:30:00+00:00,46.4301986694336,46.55500030517578,46.390098571777344,46.45000076293945,675173
2025-07-24 18:30:00+00:00,46.28499984741211,46.44990158081055,46.255001068115234,46.435001373291016,1137744
2025-07-24 19:30:00+00:00,46.07500076293945,46.28499984741211,46.04999923706055,46.27999877929688,1477995
2025-07-25 13:30:00+00:00,45.82500076293945,46.18000030517578,45.5099983215332,46.130001068115234,979293
2025-07-25 14:30:00+00:00,45.915000915527344,46.005001068115234,45.790000915527344,45.82989883422852,819620
2025-07-25 15:30:00+00:00,46.05500030517578,46.05500030517578,45.8849983215332,45.90999984741211,555565
2025-07-25 16:30:00+00:00,46.21500015258789,46.22999954223633,46.025001525878906,46.05500030517578,633342
2025-07-25 17:30:00+00:00,46.23500061035156,46.29999923706055,46.185001373291016,46.21500015258789,1470918
2025-07-25 18:30:00+00:00,46.275001525878906,46.34000015258789,46.23500061035156,46.23500061035156,979350
2025-07-25 19:30:00+00:00,46.334999084472656,46.36000061035156,46.22999954223633,46.275001525878906,1382169
2025-07-28 13:30:00+00:00,46.255001068115234,46.36000061035156,46.03499984741211,46.25,684542
2025-07-28 14:30:00+00:00,46.06499862670898,46.275001525878906,46.01499938964844,46.2599983215332,680765
2025-07-28 15:30:00+00:00,46.1150016784668,46.18000030517578,46.025001525878906,46.060001373291016,406963
2025-07-28 16:30:00+00:00,46.0,46.127201080322266,45.970001220703125,46.11000061035156,442461
2025-07-28 17:30:00+00:00,45.88999938964844,46.060001373291016,45.84469985961914,46.005001068115234,535955
2025-07-28 18:30:00+00:00,45.96500015258789,45.98500061035156,45.8849983215332,45.88999938964844,576803
2025-07-28 19:30:00+00:00,46.09000015258789,46.09999847412109,45.95000076293945,45.96500015258789,1235480
2025-07-29 13:30:00+00:00,46.1349983215332,46.3650016784668,46.07350158691406,46.29999923706055,875771
2025-07-29 14:30:00+00:00,46.02000045776367,46.16999816894531,45.97999954223633,46.1349983215332,786742
2025-07-29 15:30:00+00:00,46.119998931884766,46.185001373291016,45.93999862670898,46.02999877929688,848897
2025-07-29 16:30:00+00:00,46.16999816894531,46.25,46.09999847412109,46.119998931884766,601492
2025-07-29 17:30:00+00:00,46.084999084472656,46.19499969482422,46.03499984741211,46.17243194580078,608928
2025-07-29 18:30:00+00:00,46.130001068115234,46.25,46.084999084472656,46.084999084472656,989935
2025-07-29 19:30:00+00:00,46.09999847412109,46.150001525878906,46.040000915527344,46.125,1503823
2025-07-30 13:30:00+00:00,46.275001525878906,46.29999923706055,45.970001220703125,46.290000915527344,708991
2025-07-30 14:30:00+00:00,46.13999938964844,46.310001373291016,46.08000183105469,46.275001525878906,884529
2025-07-30 15:30:00+00:00,46.44499969482422,46.45000076293945,46.11000061035156,46.13999938964844,789864
2025-07-30 16:30:00+00:00,46.44499969482422,46.52000045776367,46.39500045776367,46.44499969482422,1061054
2025-07-30 17:30:00+00:00,46.459999084472656,46.58000183105469,46.35499954223633,46.44499969482422,1630363
2025-07-30 18:30:00+00:00,45.76499938964844,46.55500030517578,45.665000915527344,46.45500183105469,2341333
2025-07-30 19:30:00+00:00,45.900001525878906,45.95000076293945,45.650001525878906,45.76499938964844,1921487
2025-07-31 13:30:00+00:00,45.40499877929688,45.90999984741211,45.34999847412109,45.709999084472656,1295297
2025-07-31 14:30:00+00:00,45.005001068115234,45.46500015258789,44.98500061035156,45.4099006652832,1652265
2025-07-31 15:30:00+00:00,45.20500183105469,45.21500015258789,44.9900016784668,45.005001068115234,1424183
2025-07-31 16:30:00+00:00,44.994998931884766,45.28499984741211,44.96500015258789,45.20500183105469,998217
2025-07-31 17:30:00+00:00,45.07500076293945,45.125,44.875,44.9900016784668,904346
2025-07-31 18:30:00+00:00,45.01499938964844,45.220001220703125,45.0,45.07500076293945,1076447
2025-07-31 19:30:00+00:00,44.93999862670898,45.06999969482422,44.83000183105469,45.02000045776367,1657435
2025-08-01 13:30:00+00:00,43.85499954223633,44.54499816894531,43.459999084472656,44.31999969482422,1977452
2025-08-01 14:30:00+00:00,43.60499954223633,43.95669937133789,43.56230163574219,43.83000183105469,1204025
2025-08-01 15:30:00+00:00,43.96500015258789,44.05500030517578,43.584999084472656,43.60499954223633,783164
2025-08-01 16:30:00+00:00,43.81999969482422,43.9900016784668,43.75,43.959999084472656,893032
2025-08-01 17:30:00+00:00,43.86640167236328,43.97669982910156,43.7047004699707,43.81499862670898,766859
2025-08-01 18:30:00+00:00,43.94499969482422,43.9900016784668,43.78200149536133,43.86000061035156,1038828
2025-08-01 19:30:00+00:00,43.90999984741211,43.994998931884766,43.80500030517578,43.95000076293945,1626228
2025-08-04 13:30:00+00:00,44.1349983215332,44.19990158081055,43.98500061035156,44.06999969482422,847158
2025-08-04 14:30:00+00:00,44.23500061035156,44.31499862670898,44.08000183105469,44.130001068115234,636801
2025-08-04 15:30:00+00:00,44.25,44.334999084472656,44.20500183105469,44.23500061035156,562392
2025-08-04 16:30:00+00:00,44.31499862670898,44.42499923706055,44.25385665893555,44.2599983215332,407357
2025-08-04 17:30:00+00:00,44.345001220703125,44.34989929199219,44.22999954223633,44.31499862670898,458521
2025-08-04 18:30:00+00:00,44.44499969482422,44.494998931884766,44.31999969482422,44.34000015258789,652184
2025-08-04 19:30:00+00:00,44.42499923706055,44.46500015258789,44.38999938964844,44.44499969482422,1488847
2025-08-05 13:30:00+00:00,44.165000915527344,44.61000061035156,44.095001220703125,44.59999847412109,836842
2025-08-05 14:30:00+00:00,44.209999084472656,44.2599983215332,43.83000183105469,44.15999984741211,1239682
2025-08-05 15:30:00+00:00,44.415000915527344,44.41999816894531,44.17499923706055,44.20000076293945,455383
2025-08-05 16:30:00+00:00,44.6150016784668,44.650001525878906,44.34999847412109,44.41999816894531,451052
2025-08-05 17:30:00+00:00,44.51499938964844,44.70500183105469,44.43999862670898,44.6150016784668,485179
2025-08-05 18:30:00+00:00,44.6150016784668,44.665000915527344,44.4900016784668,44.5099983215332,530432
2025-08-05 19:30:00+00:00,44.584999084472656,44.665000915527344,44.560001373291016,44.6150016784668,1179839
2025-08-06 13:30:00+00:00,44.4900016784668,44.7599983215332,44.459999084472656,44.70000076293945,682796
2025-08-06 14:30:00+00:00,44.66999816894531,44.70500183105469,44.47999954223633,44.4900016784668,492985
2025-08-06 15:30:00+00:00,44.58000183105469,44.72999954223633,44.56499862670898,44.66999816894531,462166
2025-08-06 16:30:00+00:00,44.52999877929688,44.6349983215332,44.44570159912109,44.56999969482422,435593
2025-08-06 17:30:00+00:00,44.584999084472656,44.64500045776367,44.52000045776367,44.52999877929688,319833
2025-08-06 18:30:00+00:00,44.54999923706055,44.59999847412109,44.43999862670898,44.584999084472656,570410
2025-08-06 19:30:00+00:00,44.45500183105469,44.60499954223633,44.40999984741211,44.560001373291016,1077806
2025-08-07 13:30:00+00:00,44.24100112915039,44.880001068115234,44.18999862670898,44.869998931884766,770944
2025-08-07 14:30:00+00:00,44.02999877929688,44.24509811401367,43.95500183105469,44.2400016784668,527374
2025-08-07 15:30:00+00:00,44.27000045776367,44.310001373291016,43.97999954223633,44.040000915527344,440935
2025-08-07 16:30:00+00:00,44.15499877929688,44.310001373291016,44.08000183105469,44.27000045776367,530577
2025-08-07 17:30:00+00:00,44.119998931884766,44.22999954223633,44.070499420166016,44.150001525878906,454983
2025-08-07 18:30:00+00:00,44.10499954223633,44.220001220703125,44.06499862670898,44.119998931884766,510260
2025-08-07 19:30:00+00:00,44.11000061035156,44.18999862670898,44.02000045776367,44.11000061035156,1076759
2025-08-08 13:30:00+00:00,44.43000030517578,44.685001373291016,44.14500045776367,44.5,810429
2025-08-08 14:30:00+00:00,44.63999938964844,44.650001525878906,44.415000915527344,44.43000030517578,727754
2025-08-08 15:30:00+00:00,44.6150016784668,44.7400016784668,44.493499755859375,44.6349983215332,553611
2025-08-08 16:30:00+00:00,44.77000045776367,44.77000045776367,44.59999847412109,44.6150016784668,365793
2025-08-08 17:30:00+00:00,44.90499877929688,44.93999862670898,44.75,44.76499938964844,762708
2025-08-08 18:30:00+00:00,44.85499954223633,44.93999862670898,44.79499816894531,44.90499877929688,678936
2025-08-08 19:30:00+00:00,44.86000061035156,44.86000061035156,44.65499877929688,44.84999847412109,1287347
2025-08-11 13:30:00+00:00,44.57500076293945,45.06999969482422,44.55009841918945,44.83000183105469,614566
2025-08-11 14:30:00+00:00,44.625,44.63999938964844,44.3849983215332,44.56999969482422,719427
2025-08-11 15:30:00+00:00,44.70000076293945,44.77000045776367,44.564701080322266,44.619998931884766,639132
2025-08-11 16:30:00+00:00,44.52000045776367,44.70500183105469,44.5,44.70000076293945,360189
2025-08-11 17:30:00+00:00,44.43000030517578,44.59000015258789,44.40499877929688,44.525001525878906,608731
2025-08-11 18:30:00+00:00,44.540000915527344,44.54499816894531,44.34000015258789,44.435001373291016,757378
2025-08-11 19:30:00+00:00,44.58000183105469,44.59000015258789,44.43170166015625,44.52999877929688,1315925
2025-08-12 13:30:00+00:00,45.44499969482422,45.5099983215332,44.86000061035156,44.97999954223633,1225139
2025-08-12 14:30:00+00:00,45.42499923706055,45.625,45.27999877929688,45.44499969482422,1320805
2025-08-12 15:30:00+00:00,45.57500076293945,45.59000015258789,45.38999938964844,45.43000030517578,789787
2025-08-12 16:30:00+00:00,45.57500076293945,45.64500045776367,45.4900016784668,45.58000183105469,760496
2025-08-12 17:30:00+00:00,45.640098571777344,45.709999084472656,45.54999923706055,45.56999969482422,991493
2025-08-12 18:30:00+00:00,45.685001373291016,45.7599983215332,45.58000183105469,45.63999938964844,817474
2025-08-12 19:30:00+00:00,45.7599983215332,45.79999923706055,45.65999984741211,45.685001373291016,1645838
2025-08-13 13:30:00+00:00,46.040000915527344,46.084999084472656,45.619998931884766,45.810001373291016,911612
2025-08-13 14:30:00+00:00,46.16999816894531,46.185001373291016,45.8849983215332,46.03929901123047,932216
2025-08-13 15:30:00+00:00,46.209999084472656,46.3650016784668,46.125,46.17499923706055,1523706
2025-08-13 16:30:00+00:00,46.32500076293945,46.34000015258789,46.15999984741211,46.212799072265625,950629
2025-08-13 17:30:00+00:00,46.3650016784668,46.38999938964844,46.29050064086914,46.320098876953125,639174
2025-08-13 18:30:00+00:00,46.55500030517578,46.560001373291016,46.34000015258789,46.3650016784668,1142221
2025-08-13 19:30:00+00:00,46.59999847412109,46.69499969482422,46.46500015258789,46.55500030517578,2693055
2025-08-14 13:30:00+00:00,46.26499938964844,46.29999923706055,45.97999954223633,46.27000045776367,1144221
2025-08-14 14:30:00+00:00,46.3650016784668,46.39500045776367,46.209999084472656,46.2599983215332,700995
2025-08-14 15:30:00+00:00,46.21500015258789,46.40999984741211,46.20000076293945,46.369998931884766,715239
2025-08-14 16:30:00+00:00,46.43579864501953,46.43579864501953,46.20500183105469,46.21630096435547,335502
2025-08-14 17:30:00+00:00,46.55500030517578,46.60499954223633,46.43000030517578,46.43470001220703,458806
2025-08-14 18:30:00+00:00,46.71500015258789,46.80500030517578,46.55500030517578,46.55559921264648,679440
2025-08-14 19:30:00+00:00,46.81999969482422,46.869998931884766,46.64500045776367,46.71500015258789,1070017
2025-08-15 13:30:00+00:00,46.2599983215332,47.09000015258789,46.119998931884766,46.959999084472656,1569924
2025-08-15 14:30:00+00:00,46.23500061035156,46.28499984741211,46.09999847412109,46.2599983215332,651517
2025-08-15 15:30:00+00:00,46.275001525878906,46.32500076293945,46.185001373291016,46.2400016784668,553277
2025-08-15 16:30:00+00:00,46.27510070800781,46.334999084472656,46.165000915527344,46.27000045776367,428324
2025-08-15 17:30:00+00:00,46.18000030517578,46.28499984741211,46.119998931884766,46.275001525878906,562742
2025-08-15 18:30:00+00:00,46.06499862670898,46.22499847412109,46.04100036621094,46.17010116577149,847751
2025-08-15 19:30:00+00:00,45.95000076293945,46.150001525878906,45.93999862670898,46.06999969482422,1908408
2025-08-18 13:30:00+00:00,45.755001068115234,46.040000915527344,45.72999954223633,45.810001373291016,587492
2025-08-18 14:30:00+00:00,45.90499877929688,45.97999954223633,45.72249984741211,45.75,623365
2025-08-18 15:30:00+00:00,46.0098991394043,46.025001525878906,45.88999938964844,45.89500045776367,374542
2025-08-18 16:30:00+00:00,46.0609016418457,46.13999938964844,45.94499969482422,46.005001068115234,816040
2025-08-18 17:30:00+00:00,46.040000915527344,46.119998931884766,45.959999084472656,46.06499862670898,819944
2025-08-18 18:30:00+00:00,46.01499938964844,46.095001220703125,45.99580001831055,46.04499816894531,583914
2025-08-18 19:30:00+00:00,46.119998931884766,46.15499877929688,46.0099983215332,46.01499938964844,892022
2025-08-19 13:30:00+00:00,46.46009826660156,46.46500015258789,45.95000076293945,46.04999923706055,743126
2025-08-19 14:30:00+00:00,46.310001373291016,46.56999969482422,46.2599983215332,46.459999084472656,668925
2025-08-19 15:30:00+00:00,46.084999084472656,46.3650016784668,46.07500076293945,46.310001373291016,492784
2025-08-19 16:30:00+00:00,46.05500030517578,46.20000076293945,46.0,46.084999084472656,490966
2025-08-19 17:30:00+00:00,46.03499984741211,46.1150016784668,46.02000045776367,46.060001373291016,482398
2025-08-19 18:30:00+00:00,46.149898529052734,46.18999862670898,46.0099983215332,46.03499984741211,753642
2025-08-19 19:30:00+00:00,46.22999954223633,46.2400016784668,46.07500076293945,46.14500045776367,1023056
2025-08-20 13:30:00+00:00,46.11000061035156,46.52999877929688,46.060001373291016,46.29999923706055,934485
2025-08-20 14:30:00+00:00,46.25,46.26750183105469,45.95500183105469,46.1150016784668,795563
2025-08-20 15:30:00+00:00,46.18999862670898,46.34000015258789,46.125,46.244998931884766,824990
2025-08-20 16:30:00+00:00,46.209999084472656,46.26800155639648,46.04999923706055,46.18999862670898,786931
2025-08-20 17:30:00+00:00,46.275001525878906,46.325801849365234,46.18000030517578,46.20500183105469,794300
2025-08-20 18:30:00+00:00,46.40499877929688,46.45000076293945,46.2400016784668,46.275001525878906,1251131
2025-08-20 19:30:00+00:00,46.400001525878906,46.5099983215332,46.39500045776367,46.40499877929688,1418572
2025-08-21 13:30:00+00:00,46.32500076293945,46.345001220703125,45.86000061035156,46.220001220703125,562202
2025-08-21 14:30:00+00:00,46.20000076293945,46.334999084472656,46.04499816894531,46.32500076293945,803966
2025-08-21 15:30:00+00:00,46.17499923706055,46.30500030517578,46.082801818847656,46.19029998779297,486530
2025-08-21 16:30:00+00:00,46.18000030517578,46.27000045776367,46.125,46.17499923706055,392109
2025-08-21 17:30:00+00:00,46.30500030517578,46.3849983215332,46.165000915527344,46.18000030517578,648191
2025-08-21 18:30:00+00:00,46.20000076293945,46.375,46.19010162353516,46.30189895629883,368883
2025-08-21 19:30:00+00:00,46.20000076293945,46.23500061035156,46.10499954223633,46.19499969482422,870089
2025-08-22 13:30:00+00:00,47.47809982299805,47.61000061035156,46.38999938964844,46.5,1634754
2025-08-22 14:30:00+00:00,48.08000183105469,48.1349983215332,47.47999954223633,47.47999954223633,2029075
2025-08-22 15:30:00+00:00,48.09000015258789,48.185001373291016,48.0,48.08000183105469,1138207
2025-08-22 16:30:00+00:00,48.255001068115234,48.36000061035156,48.08000183105469,48.09999847412109,1342496
2025-08-22 17:30:00+00:00,48.26459884643555,48.345001220703125,48.21500015258789,48.255001068115234,1393670
2025-08-22 18:30:00+00:00,48.22499847412109,48.34999847412109,48.17250061035156,48.26499938964844,1831608
2025-08-22 19:30:00+00:00,48.26499938964844,48.290000915527344,48.16999816894531,48.22499847412109,1679122
2025-08-25 13:30:00+00:00,48.244998931884766,48.25,48.0,48.09999847412109,990178
2025-08-25 14:30:00+00:00,48.125,48.26499938964844,48.095001220703125,48.244998931884766,1327368
2025-08-25 15:30:00+00:00,48.084999084472656,48.150001525878906,47.97999954223633,48.130001068115234,1099447
2025-08-25 16:30:00+00:00,48.10499954223633,48.13579940795898,48.025001525878906,48.08000183105469,436348
2025-08-25 17:30:00+00:00,48.04499816894531,48.13999938964844,48.02999877929688,48.10350036621094,733461
2025-08-25 18:30:00+00:00,48.14500045776367,48.17499923706055,48.040000915527344,48.040000915527344,969168
2025-08-25 19:30:00+00:00,48.15999984741211,48.22999954223633,48.1349983215332,48.13999938964844,1087762
2025-08-26 13:30:00+00:00,48.095001220703125,48.18000030517578,47.93999862670898,47.93999862670898,593784
2025-08-26 14:30:00+00:00,48.150001525878906,48.185001373291016,48.005001068115234,48.09000015258789,466531
2025-08-26 15:30:00+00:00,48.3849983215332,48.41999816894531,48.15999984741211,48.15999984741211,462537
2025-08-26 16:30:00+00:00,48.459999084472656,48.5099983215332,48.375,48.380001068115234,410373
2025-08-26 17:30:00+00:00,48.5099983215332,48.52000045776367,48.375,48.470001220703125,782260
2025-08-26 18:30:00+00:00,48.57500076293945,48.61000061035156,48.459999084472656,48.505001068115234,1553422
2025-08-26 19:30:00+00:00,48.56999969482422,48.619998931884766,48.46500015258789,48.57500076293945,1795058
2025-08-27 13:30:00+00:00,48.584999084472656,48.994998931884766,48.380001068115234,48.5,706089
2025-08-27 14:30:00+00:00,48.8577995300293,48.86000061035156,48.5,48.57500076293945,825478
2025-08-27 15:30:00+00:00,48.709999084472656,48.85979843139648,48.60499954223633,48.84999847412109,1138330
2025-08-27 16:30:00+00:00,48.82500076293945,48.86000061035156,48.64500045776367,48.70500183105469,1207931
2025-08-27 17:30:00+00:00,48.79499816894531,48.90999984741211,48.790000915527344,48.81999969482422,1062465
2025-08-27 18:30:00+00:00,48.80500030517578,48.86000061035156,48.744998931884766,48.790000915527344,1087125
2025-08-27 19:30:00+00:00,48.75,48.900001525878906,48.75,48.80500030517578,1337660
2025-08-28 13:30:00+00:00,48.66999816894531,48.97999954223633,48.59999847412109,48.970001220703125,1009909
2025-08-28 14:30:00+00:00,48.44010162353516,48.709999084472656,48.38999938964844,48.68999862670898,1680155
2025-08-28 15:30:00+00:00,48.56999969482422,48.619998931884766,48.43999862670898,48.44499969482422,1156458
2025-08-28 16:30:00+00:00,48.39500045776367,48.619998931884766,48.380001068115234,48.56999969482422,1290127
2025-08-28 17:30:00+00:00,48.46500015258789,48.54999923706055,48.3849983215332,48.39500045776367,538502
2025-08-28 18:30:00+00:00,48.64500045776367,48.68000030517578,48.459999084472656,48.46500015258789,1659659
2025-08-28 19:30:00+00:00,48.685001373291016,48.775001525878906,48.625,48.64459991455078,1389573
2025-08-29 13:30:00+00:00,48.72999954223633,49.02999877929688,48.67499923706055,48.68999862670898,578919
2025-08-29 14:30:00+00:00,48.84000015258789,48.909698486328125,48.58000183105469,48.7400016784668,1602205
2025-08-29 15:30:00+00:00,48.93000030517578,49.060001373291016,48.82500076293945,48.84999847412109,1512110
2025-08-29 16:30:00+00:00,49.01499938964844,49.035400390625,48.93000030517578,48.93999862670898,841689
2025-08-29 17:30:00+00:00,48.97420120239258,49.04999923706055,48.90999984741211,49.02000045776367,1472542
2025-08-29 18:30:00+00:00,48.85499954223633,49.03499984741211,48.844200134277344,48.97499847412109,1418345
2025-08-29 19:30:00+00:00,48.869998931884766,48.89500045776367,48.73500061035156,48.86000061035156,2037423
2025-09-02 13:30:00+00:00,48.34000015258789,48.4900016784668,47.970001220703125,48.34000015258789,1094517
2025-09-02 14:30:00+00:00,48.06010055541992,48.375,48.0099983215332,48.33000183105469,697087
2025-09-02 15:30:00+00:00,47.97499847412109,48.06999969482422,47.95000076293945,48.060001373291016,490882
2025-09-02 16:30:00+00:00,48.130001068115234,48.15999984741211,47.970001220703125,47.97499847412109,462963
2025-09-02 17:30:00+00:00,48.20000076293945,48.29019927978516,48.130001068115234,48.130001068115234,561594
2025-09-02 18:30:00+00:00,48.40499877929688,48.415000915527344,48.18000030517578,48.20000076293945,1106226
2025-09-02 19:30:00+00:00,48.5099983215332,48.54499816894531,48.3849983215332,48.40499877929688,1366769
2025-09-03 13:30:00+00:00,48.4900016784668,48.93999862670898,48.369998931884766,48.47999954223633,1116190
2025-09-03 14:30:00+00:00,48.3650016784668,48.59999847412109,48.34000015258789,48.5,765015
2025-09-03 15:30:00+00:00,48.31499862670898,48.39509963989258,48.23500061035156,48.369998931884766,491873
2025-09-03 16:30:00+00:00,48.324501037597656,48.334999084472656,48.17499923706055,48.310001373291016,982599
2025-09-03 17:30:00+00:00,48.22499847412109,48.36000061035156,48.02000045776367,48.32500076293945,1253012
2025-09-03 18:30:00+00:00,48.20500183105469,48.27999877929688,48.1349983215332,48.22499847412109,1027742
2025-09-03 19:30:00+00:00,48.540000915527344,48.54999923706055,48.209999084472656,48.209999084472656,1417214
2025-09-04 13:30:00+00:00,48.7400016784668,48.869998931884766,48.41999816894531,48.7599983215332,629653
2025-09-04 14:30:00+00:00,48.84999847412109,48.89500045776367,48.720001220703125,48.73500061035156,472137
2025-09-04 15:30:00+00:00,48.84999847412109,48.915000915527344,48.81999969482422,48.84000015258789,404750
2025-09-04 16:30:00+00:00,49.0099983215332,49.0099983215332,48.810001373291016,48.845001220703125,513232
2025-09-04 17:30:00+00:00,49.165000915527344,49.20000076293945,48.96500015258789,49.01900100708008,724102
2025-09-04 18:30:00+00:00,49.09999847412109,49.18000030517578,49.06010055541992,49.15999984741211,880371
2025-09-04 19:30:00+00:00,49.15999984741211,49.16999816894531,49.0,49.095001220703125,1103166
2025-09-05 13:30:00+00:00,48.720001220703125,49.45000076293945,48.68000030517578,49.34999847412109,1326894
2025-09-05 14:30:00+00:00,48.67010116577149,48.73500061035156,48.36000061035156,48.71500015258789,983888
2025-09-05 15:30:00+00:00,48.67499923706055,48.79999923706055,48.59999847412109,48.68000030517578,478123
2025-09-05 16:30:00+00:00,48.78499984741211,48.90999984741211,48.650001525878906,48.68000030517578,446535
2025-09-05 17:30:00+00:00,48.70000076293945,48.834999084472656,48.61000061035156,48.78499984741211,619524
2025-09-05 18:30:00+00:00,48.85499954223633,48.89500045776367,48.70000076293945,48.70000076293945,711005
2025-09-05 19:30:00+00:00,48.81999969482422,49.01499938964844,48.790000915527344,48.86000061035156,1942128
2025-09-08 13:30:00+00:00,48.13999938964844,48.84000015258789,48.02999877929688,48.84000015258789,1011753
2025-09-08 14:30:00+00:00,48.494998931884766,48.58000183105469,48.119998931884766,48.1349983215332,869062
2025-09-08 15:30:00+00:00,48.29499816894531,48.5099983215332,48.16350173950195,48.4900016784668,533630
2025-09-08 16:30:00+00:00,48.43999862670898,48.47999954223633,48.255001068115234,48.29999923706055,457193
2025-09-08 17:30:00+00:00,48.43000030517578,48.47499847412109,48.20500183105469,48.43999862670898,631940
2025-09-08 18:30:00+00:00,48.47999954223633,48.650001525878906,48.40999984741211,48.43000030517578,653511
2025-09-08 19:30:00+00:00,48.67699813842773,48.720001220703125,48.47999954223633,48.47999954223633,1952751
2025-09-09 13:30:00+00:00,49.65499877929688,49.93000030517578,48.560001373291016,48.59999847412109,5241633
2025-09-09 14:30:00+00:00,49.915000915527344,49.92499923706055,49.47999954223633,49.65499877929688,2819828
2025-09-09 15:30:00+00:00,49.54999923706055,49.9900016784668,49.42499923706055,49.91999816894531,1528791
2025-09-09 16:30:00+00:00,49.345001220703125,49.7400016784668,49.27999877929688,49.540000915527344,1642871
2025-09-09 17:30:00+00:00,49.625,49.67499923706055,49.31499862670898,49.33990097045898,1079510
2025-09-09 18:30:00+00:00,49.274600982666016,49.709999084472656,49.244998931884766,49.625,1320229
2025-09-09 19:30:00+00:00,49.36000061035156,49.45500183105469,49.255001068115234,49.275001525878906,2134938
2025-09-10 13:30:00+00:00,49.275001525878906,49.7400016784668,49.165000915527344,49.5099983215332,1632831
2025-09-10 14:30:00+00:00,49.025001525878906,49.275001525878906,48.92499923706055,49.275001525878906,1171244
2025-09-10 15:30:00+00:00,49.11249923706055,49.27000045776367,48.970001220703125,49.025001525878906,952146
2025-09-10 16:30:00+00:00,49.15999984741211,49.366798400878906,49.08000183105469,49.1150016784668,890403
2025-09-10 17:30:00+00:00,49.1349983215332,49.255001068115234,49.04499816894531,49.16180038452149,758760
2025-09-10 18:30:00+00:00,49.01499938964844,49.22570037841797,49.01499938964844,49.1349983215332,877350
2025-09-10 19:30:00+00:00,49.18999862670898,49.2400016784668,48.959999084472656,49.04999923706055,1639690
2025-09-11 13:30:00+00:00,49.345001220703125,49.540000915527344,49.04499816894531,49.29999923706055,1489974
2025-09-11 14:30:00+00:00,49.29499816894531,49.45000076293945,49.130001068115234,49.345001220703125,1092818
2025-09-11 15:30:00+00:00,49.23500061035156,49.35499954223633,49.209999084472656,49.29999923706055,715921
2025-09-11 16:30:00+00:00,49.30500030517578,49.35499954223633,49.20000076293945,49.2400016784668,615925
2025-09-11 17:30:00+00:00,49.140098571777344,49.355098724365234,49.130001068115234,49.30500030517578,929579
2025-09-11 18:30:00+00:00,49.17499923706055,49.25,49.07500076293945,49.14500045776367,781857
2025-09-11 19:30:00+00:00,49.33000183105469,49.34000015258789,49.18000030517578,49.18000030517578,1898073
2025-09-12 13:30:00+00:00,48.95000076293945,49.38010025024414,48.93349838256836,49.34999847412109,1190294
2025-09-12 14:30:00+00:00,48.86000061035156,49.0099983215332,48.81499862670898,48.95000076293945,885737
2025-09-12 15:30:00+00:00,48.970001220703125,48.970001220703125,48.79999923706055,48.86000061035156,736897
2025-09-12 16:30:00+00:00,49.15499877929688,49.20500183105469,48.94499969482422,48.97499847412109,768676
2025-09-12 17:30:00+00:00,49.07500076293945,49.16999816894531,49.01499938964844,49.15499877929688,640291
2025-09-12 18:30:00+00:00,49.13990020751953,49.220001220703125,49.06999969482422,49.07500076293945,631048
2025-09-12 19:30:00+00:00,49.125,49.20500183105469,49.01499938964844,49.1349983215332,1706353
2025-09-15 13:30:00+00:00,49.477500915527344,49.494998931884766,49.130001068115234,49.15999984741211,838557
2025-09-15 14:30:00+00:00,49.220001220703125,49.56499862670898,49.20500183105469,49.470001220703125,736148
2025-09-15 15:30:00+00:00,49.165000915527344,49.255001068115234,49.0099983215332,49.21820068359375,756103
2025-09-15 16:30:00+00:00,49.130001068115234,49.244998931884766,49.09999847412109,49.165000915527344,563658
2025-09-15 17:30:00+00:00,49.22499847412109,49.290000915527344,49.04499816894531,49.1349983215332,536543
2025-09-15 18:30:00+00:00,49.26499938964844,49.334999084472656,49.20500183105469,49.22499847412109,878237
2025-09-15 19:30:00+00:00,49.290000915527344,49.36000061035156,49.18999862670898,49.2599983215332,1528582
2025-09-16 13:30:00+00:00,48.19499969482422,49.470001220703125,48.14500045776367,49.470001220703125,1878367
2025-09-16 14:30:00+00:00,48.060001373291016,48.29999923706055,48.02999877929688,48.20000076293945,1275144
2025-09-16 15:30:00+00:00,48.20550155639648,48.275001525878906,48.04499816894531,48.04999923706055,1020225
2025-09-16 16:30:00+00:00,48.27000045776367,48.345001220703125,48.18000030517578,48.20500183105469,827125
2025-09-16 17:30:00+00:00,48.48500061035156,48.59999847412109,48.2599983215332,48.275001525878906,1136469
2025-09-16 18:30:00+00:00,48.32500076293945,48.58000183105469,48.310001373291016,48.48500061035156,932928
2025-09-16 19:30:00+00:00,48.415000915527344,48.54999923706055,48.310001373291016,48.33000183105469,1998251
2025-09-17 13:30:00+00:00,49.345001220703125,49.53499984741211,48.56999969482422,48.59999847412109,1442073
2025-09-17 14:30:00+00:00,49.480098724365234,49.57500076293945,49.310001373291016,49.34999847412109,767440
2025-09-17 15:30:00+00:00,49.408199310302734,49.625,49.3849983215332,49.48500061035156,679928
2025-09-17 16:30:00+00:00,49.46820068359375,49.52000045776367,49.380001068115234,49.40999984741211,620156
2025-09-17 17:30:00+00:00,50.07500076293945,50.16999816894531,49.38999938964844,49.46500015258789,2159587
2025-09-17 18:30:00+00:00,49.4900016784668,50.09000015258789,49.0099983215332,50.08000183105469,2470091
2025-09-17 19:30:00+00:00,49.6349983215332,49.709999084472656,49.43999862670898,49.47999954223633,2357630
2025-09-18 13:30:00+00:00,50.26499938964844,50.27000045776367,49.40999984741211,49.66999816894531,2058805
2025-09-18 14:30:00+00:00,49.69499969482422,50.35499954223633,49.59000015258789,50.27000045776367,1644291
2025-09-18 15:30:00+00:00,49.97990036010742,50.0,49.70000076293945,49.70000076293945,866709
2025-09-18 16:30:00+00:00,50.05500030517578,50.18820190429688,49.95500183105469,49.97499847412109,565821
2025-09-18 17:30:00+00:00,49.935001373291016,50.1150016784668,49.91999816894531,50.05500030517578,863484
2025-09-18 18:30:00+00:00,50.150001525878906,50.25,49.91999816894531,49.935001373291016,841558
2025-09-18 19:30:00+00:00,50.18999862670898,50.23500061035156,50.04010009765625,50.150001525878906,1833391
2025-09-19 13:30:00+00:00,50.28499984741211,50.5,50.025001525878906,50.43999862670898,2437653
2025-09-19 14:30:00+00:00,50.165000915527344,50.36000061035156,50.09999847412109,50.27999877929688,803287
2025-09-19 15:30:00+00:00,50.41999816894531,50.5,50.1150016784668,50.165000915527344,769139
2025-09-19 16:30:00+00:00,50.45000076293945,50.45000076293945,50.32500076293945,50.428199768066406,471783
2025-09-19 17:30:00+00:00,50.33000183105469,50.45500183105469,50.29999923706055,50.43999862670898,727455
2025-09-19 18:30:00+00:00,50.470001220703125,50.47999954223633,50.27000045776367,50.33000183105469,828236
2025-09-19 19:30:00+00:00,50.400001525878906,50.52000045776367,50.31999969482422,50.46500015258789,1793052
2025-09-22 13:30:00+00:00,49.82500076293945,50.06999969482422,49.70500183105469,49.93999862670898,1089889
2025-09-22 14:30:00+00:00,49.875,49.95500183105469,49.744998931884766,49.81999969482422,604174
2025-09-22 15:30:00+00:00,49.68000030517578,49.88999938964844,49.625,49.875,516647
2025-09-22 16:30:00+00:00,49.61000061035156,49.69499969482422,49.54999923706055,49.68000030517578,425580
2025-09-22 17:30:00+00:00,49.369998931884766,49.67499923706055,49.36000061035156,49.61840057373047,452558
2025-09-22 18:30:00+00:00,49.32500076293945,49.39500045776367,49.23500061035156,49.36000061035156,560735
2025-09-22 19:30:00+00:00,49.494998931884766,49.59999847412109,49.310001373291016,49.32379913330078,1368268
2025-09-23 13:30:00+00:00,49.9099006652832,50.220001220703125,49.400001525878906,49.459999084472656,1057710
2025-09-23 14:30:00+00:00,49.76499938964844,50.0181999206543,49.755001068115234,49.900299072265625,550935
2025-09-23 15:30:00+00:00,49.70500183105469,49.80500030517578,49.65999984741211,49.76499938964844,539869
2025-09-23 16:30:00+00:00,49.428199768066406,49.709999084472656,49.428199768066406,49.70000076293945,694521
2025-09-23 17:30:00+00:00,49.125,49.45500183105469,49.09999847412109,49.41999816894531,566955
2025-09-23 18:30:00+00:00,49.21500015258789,49.29999923706055,49.1150016784668,49.130001068115234,634887
2025-09-23 19:30:00+00:00,49.36000061035156,49.39500045776367,49.185001373291016,49.21500015258789,1167721
2025-09-24 13:30:00+00:00,49.47499847412109,49.625,49.244998931884766,49.27999877929688,795530
2025-09-24 14:30:00+00:00,49.25,49.58000183105469,49.220001220703125,49.470001220703125,623020
2025-09-24 15:30:00+00:00,49.227500915527344,49.32500076293945,49.09999847412109,49.255001068115234,532329
2025-09-24 16:30:00+00:00,49.095001220703125,49.2599983215332,49.08000183105469,49.22999954223633,358695
2025-09-24 17:30:00+00:00,49.06499862670898,49.14500045776367,48.915000915527344,49.09000015258789,414154
2025-09-24 18:30:00+00:00,49.09000015258789,49.12749862670898,48.97999954223633,49.06449890136719,610461
2025-09-24 19:30:00+00:00,49.16999816894531,49.244998931884766,49.06999969482422,49.09000015258789,1594780
2025-09-25 13:30:00+00:00,49.07500076293945,49.33000183105469,48.80500030517578,49.040000915527344,946937
2025-09-25 14:30:00+00:00,48.92499923706055,49.18000030517578,48.89400100708008,49.08000183105469,645003
2025-09-25 15:30:00+00:00,48.93999862670898,49.11000061035156,48.89500045776367,48.93000030517578,467553
2025-09-25 16:30:00+00:00,48.915000915527344,49.060001373291016,48.86000061035156,48.93999862670898,387499
2025-09-25 17:30:00+00:00,48.96020126342773,49.025001525878906,48.81499862670898,48.919898986816406,514513
2025-09-25 18:30:00+00:00,48.90999984741211,49.06499862670898,48.88999938964844,48.9650993347168,614478
2025-09-25 19:30:00+00:00,49.01499938964844,49.02999877929688,48.88999938964844,48.90999984741211,1132306
2025-09-26 13:30:00+00:00,49.244998931884766,49.720001220703125,49.220001220703125,49.400001525878906,881054
2025-09-26 14:30:00+00:00,49.34180068969727,49.34180068969727,49.06999969482422,49.25,692465
2025-09-26 15:30:00+00:00,49.41999816894531,49.42499923706055,49.18000030517578,49.34999847412109,455803
2025-09-26 16:30:00+00:00,49.400001525878906,49.46500015258789,49.34000015258789,49.40999984741211,482605
2025-09-26 17:30:00+00:00,49.5,49.5099983215332,49.34000015258789,49.400001525878906,562195
2025-09-26 18:30:00+00:00,49.42359924316406,49.53499984741211,49.34999847412109,49.5099983215332,746387
2025-09-26 19:30:00+00:00,49.435001373291016,49.48500061035156,49.34999847412109,49.43000030517578,1473718
2025-09-29 13:30:00+00:00,48.72499847412109,49.51279830932617,48.704200744628906,49.41999816894531,1664064
2025-09-29 14:30:00+00:00,48.69499969482422,48.875,48.51499938964844,48.71500015258789,1143491
2025-09-29 15:30:00+00:00,48.68999862670898,48.709999084472656,48.560001373291016,48.69499969482422,498907
2025-09-29 16:30:00+00:00,48.65499877929688,48.78179931640625,48.650001525878906,48.70000076293945,561348
2025-09-29 17:30:00+00:00,48.775001525878906,48.775001525878906,48.560001373291016,48.65499877929688,637935
2025-09-29 18:30:00+00:00,48.8849983215332,48.89500045776367,48.72499847412109,48.77000045776367,945292
2025-09-29 19:30:00+00:00,48.9900016784668,48.9900016784668,48.85499954223633,48.88529968261719,1795894
2025-09-30 13:30:00+00:00,47.9900016784668,48.71960067749024,47.97999954223633,48.52000045776367,2779013
2025-09-30 14:30:00+00:00,47.6349983215332,47.98500061035156,47.53499984741211,47.98500061035156,1197695
2025-09-30 15:30:00+00:00,47.7599983215332,47.81499862670898,47.51499938964844,47.630001068115234,688343
2025-09-30 16:30:00+00:00,47.54499816894531,47.78499984741211,47.46500015258789,47.7599983215332,582003
2025-09-30 17:30:00+00:00,47.775001525878906,47.86000061035156,47.494998931884766,47.540000915527344,580781
2025-09-30 18:30:00+00:00,48.15999984741211,48.18999862670898,47.77999877929688,47.77999877929688,643704
2025-09-30 19:30:00+00:00,48.31499862670898,48.36000061035156,48.15499877929688,48.15499877929688,1236247
2025-10-01 13:30:00+00:00,48.09999847412109,48.34999847412109,47.81999969482422,48.18000030517578,2172640
2025-10-01 14:30:00+00:00,48.130001068115234,48.185001373291016,47.98500061035156,48.09999847412109,1003741
2025-10-01 15:30:00+00:00,48.04499816894531,48.28499984741211,48.02000045776367,48.130001068115234,719104
2025-10-01 16:30:00+00:00,47.98500061035156,48.06499862670898,47.84000015258789,48.04499816894531,541816
2025-10-01 17:30:00+00:00,47.91999816894531,48.0,47.84000015258789,47.98500061035156,578642
2025-10-01 18:30:00+00:00,47.935001373291016,48.02999877929688,47.86000061035156,47.92499923706055,769347
2025-10-01 19:30:00+00:00,47.880001068115234,47.95500183105469,47.84000015258789,47.93999862670898,1374110
2025-10-02 13:30:00+00:00,47.720001220703125,48.1150016784668,47.630001068115234,47.86000061035156,939421
2025-10-02 14:30:00+00:00,47.685001373291016,47.8385009765625,47.61180114746094,47.720001220703125,559226
2025-10-02 15:30:00+00:00,47.755001068115234,47.81499862670898,47.62387847900391,47.68999862670898,562288
2025-10-02 16:30:00+00:00,47.76499938964844,47.81869888305664,47.70000076293945,47.75,418023
2025-10-02 17:30:00+00:00,47.98500061035156,48.0,47.72999954223633,47.76499938964844,596072
2025-10-02 18:30:00+00:00,48.04999923706055,48.084999084472656,47.970001220703125,47.97999954223633,761984
2025-10-02 19:30:00+00:00,47.91999816894531,48.04999923706055,47.900001525878906,48.04999923706055,1335091
2025-10-03 13:30:00+00:00,48.31079864501953,48.45000076293945,48.02999877929688,48.02999877929688,954064
2025-10-03 14:30:00+00:00,47.971099853515625,48.375,47.94499969482422,48.31499862670898,662014
2025-10-03 15:30:00+00:00,48.23109817504883,48.275001525878906,47.845001220703125,47.97499847412109,661925
2025-10-03 16:30:00+00:00,48.25,48.310001373291016,48.17900085449219,48.230098724365234,834612
2025-10-03 17:30:00+00:00,48.244998931884766,48.30500030517578,48.11000061035156,48.244998931884766,637027
2025-10-03 18:30:00+00:00,48.11000061035156,48.27999877929688,48.095001220703125,48.25,668088
2025-10-03 19:30:00+00:00,48.06999969482422,48.18000030517578,47.9900016784668,48.1150016784668,1761400
