Date,Close,High,Low,Open,Volume
2025-07-11 13:30:00+00:00,114.69499969482422,114.87000274658205,114.52999877929688,114.8499984741211,284113
2025-07-11 13:35:00+00:00,114.83000183105467,114.9000015258789,114.56500244140624,114.68499755859376,204361
2025-07-11 13:40:00+00:00,115.10679626464844,115.16999816894533,114.81300354003906,114.83499908447266,183132
2025-07-11 13:45:00+00:00,114.79000091552734,115.125,114.7300033569336,115.125,132409
2025-07-11 13:50:00+00:00,114.70999908447266,114.81999969482422,114.66999816894533,114.77999877929688,87792
2025-07-11 13:55:00+00:00,114.61000061035156,114.77999877929688,114.5999984741211,114.6999969482422,125211
2025-07-11 14:00:00+00:00,114.5814971923828,114.62000274658205,114.50530242919922,114.61000061035156,134745
2025-07-11 14:05:00+00:00,114.80999755859376,114.80999755859376,114.54499816894533,114.58999633789062,142058
2025-07-11 14:10:00+00:00,114.86000061035156,114.90979766845705,114.7699966430664,114.81999969482422,112559
2025-07-11 14:15:00+00:00,114.88999938964844,114.9499969482422,114.8000030517578,114.86000061035156,92214
2025-07-11 14:20:00+00:00,115.19329833984376,115.19329833984376,114.8949966430664,114.9000015258789,114708
2025-07-11 14:25:00+00:00,115.18000030517578,115.2699966430664,115.11000061035156,115.19000244140624,115885
2025-07-11 14:30:00+00:00,115.19499969482422,115.2979965209961,115.1500015258789,115.16999816894533,111262
2025-07-11 14:35:00+00:00,115.08000183105467,115.25499725341795,115.08000183105467,115.19439697265624,136278
2025-07-11 14:40:00+00:00,115.0199966430664,115.08999633789062,114.93000030517578,115.08499908447266,85534
2025-07-11 14:45:00+00:00,115.0199966430664,115.02999877929688,114.9250030517578,115.01000213623048,77649
2025-07-11 14:50:00+00:00,115.125,115.13500213623048,115.0199966430664,115.02040100097656,81171
2025-07-11 14:55:00+00:00,115.3249969482422,115.40499877929688,115.12999725341795,115.12999725341795,106589
2025-07-11 15:00:00+00:00,115.30500030517578,115.37000274658205,115.29000091552734,115.31999969482422,80937
2025-07-11 15:05:00+00:00,115.4000015258789,115.44149780273438,115.30999755859376,115.30999755859376,101574
2025-07-11 15:10:00+00:00,115.44000244140624,115.54000091552734,115.3499984741211,115.41500091552734,140290
2025-07-11 15:15:00+00:00,115.37999725341795,115.44499969482422,115.33999633789062,115.44000244140624,113643
2025-07-11 15:20:00+00:00,115.41000366210938,115.4800033569336,115.31999969482422,115.38999938964844,99492
2025-07-11 15:25:00+00:00,115.25499725341795,115.40499877929688,115.20999908447266,115.4000015258789,168802
2025-07-11 15:30:00+00:00,115.31500244140624,115.31999969482422,115.1449966430664,115.23999786376952,91940
2025-07-11 15:35:00+00:00,115.31999969482422,115.44000244140624,115.30500030517578,115.31500244140624,105828
2025-07-11 15:40:00+00:00,115.45999908447266,115.51139831542967,115.3000030517578,115.33000183105467,154359
2025-07-11 15:45:00+00:00,115.4800033569336,115.52999877929688,115.41999816894533,115.45999908447266,113356
2025-07-11 15:50:00+00:00,115.4801025390625,115.58999633789062,115.4749984741211,115.48999786376952,90672
2025-07-11 15:55:00+00:00,115.49500274658205,115.5199966430664,115.4499969482422,115.48490142822266,57420
2025-07-11 16:00:00+00:00,115.41000366210938,115.5199966430664,115.37000274658205,115.48999786376952,105627
2025-07-11 16:05:00+00:00,115.30999755859376,115.4250030517578,115.26000213623048,115.40499877929688,97401
2025-07-11 16:10:00+00:00,115.38999938964844,115.4000015258789,115.26000213623048,115.31500244140624,71917
2025-07-11 16:15:00+00:00,115.33999633789062,115.44499969482422,115.31500244140624,115.38999938964844,66244
2025-07-11 16:20:00+00:00,115.3550033569336,115.36000061035156,115.29000091552734,115.3550033569336,61485
2025-07-11 16:25:00+00:00,115.37000274658205,115.37999725341795,115.31400299072266,115.36000061035156,49809
2025-07-11 16:30:00+00:00,115.4499969482422,115.4499969482422,115.33499908447266,115.36000061035156,47094
2025-07-11 16:35:00+00:00,115.44010162353516,115.51000213623048,115.44010162353516,115.4499969482422,53524
2025-07-11 16:40:00+00:00,115.40370178222656,115.45770263671876,115.36000061035156,115.44750213623048,87784
2025-07-11 16:45:00+00:00,115.47000122070312,115.49359893798828,115.41000366210938,115.41000366210938,77770
2025-07-11 16:50:00+00:00,115.44000244140624,115.51499938964844,115.41999816894533,115.47000122070312,54372
2025-07-11 16:55:00+00:00,115.36000061035156,115.44499969482422,115.34500122070312,115.44000244140624,59532
2025-07-11 17:00:00+00:00,115.27999877929688,115.37999725341795,115.26000213623048,115.36499786376952,88429
2025-07-11 17:05:00+00:00,115.31999969482422,115.33000183105467,115.19000244140624,115.2699966430664,58887
2025-07-11 17:10:00+00:00,115.36000061035156,115.3949966430664,115.30999755859376,115.3249969482422,61280
2025-07-11 17:15:00+00:00,115.3000030517578,115.38510131835938,115.28500366210938,115.37000274658205,63555
2025-07-11 17:20:00+00:00,115.3550033569336,115.3550033569336,115.3000030517578,115.30999755859376,43894
2025-07-11 17:25:00+00:00,115.30999755859376,115.38929748535156,115.30500030517578,115.33999633789062,68466
2025-07-11 17:30:00+00:00,115.4001007080078,115.44000244140624,115.30500030517578,115.30500030517578,60519
2025-07-11 17:35:00+00:00,115.44000244140624,115.4800033569336,115.38500213623048,115.41000366210938,75726
2025-07-11 17:40:00+00:00,115.54499816894533,115.55999755859376,115.41999816894533,115.4499969482422,72920
2025-07-11 17:45:00+00:00,115.5749969482422,115.58000183105467,115.49500274658205,115.54499816894533,62243
2025-07-11 17:50:00+00:00,115.55999755859376,115.59500122070312,115.53500366210938,115.56999969482422,57594
2025-07-11 17:55:00+00:00,115.62000274658205,115.63500213623048,115.5500030517578,115.5500030517578,66953
2025-07-11 18:00:00+00:00,115.5999984741211,115.6500015258789,115.5500030517578,115.62999725341795,87410
2025-07-11 18:05:00+00:00,115.44000244140624,115.61000061035156,115.4000015258789,115.5999984741211,65334
2025-07-11 18:10:00+00:00,115.3949966430664,115.4564971923828,115.36000061035156,115.43499755859376,85746
2025-07-11 18:15:00+00:00,115.26000213623048,115.41000366210938,115.24250030517578,115.3949966430664,87126
2025-07-11 18:20:00+00:00,115.21499633789062,115.2750015258789,115.19010162353516,115.25499725341795,65317
2025-07-11 18:25:00+00:00,115.25,115.3499984741211,115.20999908447266,115.2300033569336,70149
2025-07-11 18:30:00+00:00,115.45500183105467,115.45500183105467,115.25,115.25,68835
2025-07-11 18:35:00+00:00,115.58989715576172,115.58999633789062,115.44000244140624,115.45099639892578,69283
2025-07-11 18:40:00+00:00,115.61499786376952,115.625,115.54499816894533,115.58519744873048,79106
2025-07-11 18:45:00+00:00,115.68000030517578,115.69000244140624,115.62000274658205,115.62000274658205,89408
2025-07-11 18:50:00+00:00,115.66000366210938,115.69499969482422,115.64839935302734,115.68499755859376,77293
2025-07-11 18:55:00+00:00,115.69499969482422,115.76000213623048,115.65499877929688,115.65499877929688,77925
2025-07-11 19:00:00+00:00,115.6050033569336,115.73999786376952,115.5500030517578,115.69000244140624,74774
2025-07-11 19:05:00+00:00,115.54000091552734,115.62000274658205,115.51499938964844,115.6050033569336,132353
2025-07-11 19:10:00+00:00,115.54969787597656,115.58999633789062,115.51000213623048,115.54000091552734,112747
2025-07-11 19:15:00+00:00,115.56999969482422,115.5999984741211,115.48999786376952,115.55500030517578,76407
2025-07-11 19:20:00+00:00,115.42150115966795,115.56999969482422,115.41500091552734,115.56500244140624,101837
2025-07-11 19:25:00+00:00,115.3550033569336,115.4499969482422,115.31999969482422,115.4250030517578,125752
2025-07-11 19:30:00+00:00,115.54499816894533,115.5500030517578,115.3550033569336,115.36000061035156,198683
2025-07-11 19:35:00+00:00,115.56500244140624,115.60990142822266,115.5250015258789,115.5500030517578,120836
2025-07-11 19:40:00+00:00,115.54499816894533,115.61499786376952,115.5250015258789,115.56189727783205,124239
2025-07-11 19:45:00+00:00,115.51000213623048,115.58999633789062,115.47000122070312,115.54499816894533,195016
2025-07-11 19:50:00+00:00,115.1999969482422,115.56500244140624,115.18499755859376,115.5,989148
2025-07-11 19:55:00+00:00,115.3949966430664,115.4800033569336,115.1750030517578,115.1999969482422,1071512
2025-07-14 13:30:00+00:00,114.94499969482422,115.2249984741211,114.50499725341795,115.2249984741211,271813
2025-07-14 13:35:00+00:00,114.44000244140624,114.9749984741211,114.3000030517578,114.9499969482422,189195
2025-07-14 13:40:00+00:00,114.48500061035156,114.55999755859376,114.16999816894533,114.41999816894533,224617
2025-07-14 13:45:00+00:00,114.45999908447266,114.69000244140624,114.45999908447266,114.5199966430664,154286
2025-07-14 13:50:00+00:00,114.4499969482422,114.5,114.25,114.4499969482422,144122
2025-07-14 13:55:00+00:00,114.36000061035156,114.52999877929688,114.3499984741211,114.44000244140624,102975
2025-07-14 14:00:00+00:00,114.18000030517578,114.36000061035156,114.04000091552734,114.36000061035156,156606
2025-07-14 14:05:00+00:00,113.97000122070312,114.22000122070312,113.91999816894533,114.20999908447266,230452
2025-07-14 14:10:00+00:00,113.78500366210938,113.9749984741211,113.58999633789062,113.97000122070312,298312
2025-07-14 14:15:00+00:00,113.86000061035156,114.0,113.68000030517578,113.79000091552734,151475
2025-07-14 14:20:00+00:00,113.52999877929688,113.8499984741211,113.43000030517578,113.8499984741211,130467
2025-07-14 14:25:00+00:00,113.68000030517578,113.6999969482422,113.48999786376952,113.52999877929688,108891
2025-07-14 14:30:00+00:00,114.18000030517578,114.20999908447266,113.66999816894533,113.66999816894533,158856
2025-07-14 14:35:00+00:00,114.19000244140624,114.33000183105467,114.14520263671876,114.20999908447266,100805
2025-07-14 14:40:00+00:00,114.2699966430664,114.3499984741211,114.19000244140624,114.19000244140624,104021
2025-07-14 14:45:00+00:00,113.86479949951172,114.36000061035156,113.8499984741211,114.2699966430664,131146
2025-07-14 14:50:00+00:00,113.87999725341795,113.9499969482422,113.80999755859376,113.86000061035156,86268
2025-07-14 14:55:00+00:00,113.91000366210938,114.04000091552734,113.88999938964844,113.88999938964844,87341
2025-07-14 15:00:00+00:00,113.91000366210938,114.125,113.8550033569336,113.9000015258789,153201
2025-07-14 15:05:00+00:00,113.88999938964844,113.9800033569336,113.76000213623048,113.91000366210938,111006
2025-07-14 15:10:00+00:00,113.75,113.98739624023438,113.61000061035156,113.88999938964844,128536
2025-07-14 15:15:00+00:00,113.51000213623048,113.75,113.43000030517578,113.75,153779
2025-07-14 15:20:00+00:00,113.61000061035156,113.76499938964844,113.49500274658205,113.5199966430664,86477
2025-07-14 15:25:00+00:00,113.61000061035156,113.73999786376952,113.52999877929688,113.5999984741211,137249
2025-07-14 15:30:00+00:00,113.56999969482422,113.77999877929688,113.55999755859376,113.61499786376952,124123
2025-07-14 15:35:00+00:00,113.77999877929688,113.78500366210938,113.58000183105467,113.69000244140624,151148
2025-07-14 15:40:00+00:00,113.88999938964844,113.91500091552734,113.76499938964844,113.7750015258789,83827
2025-07-14 15:45:00+00:00,113.62000274658205,113.91999816894533,113.6050033569336,113.8865966796875,107137
2025-07-14 15:50:00+00:00,113.5500030517578,113.6500015258789,113.54000091552734,113.5999984741211,62144
2025-07-14 15:55:00+00:00,113.56999969482422,113.58999633789062,113.48999786376952,113.5500030517578,89976
2025-07-14 16:00:00+00:00,113.70999908447266,113.7300033569336,113.5500030517578,113.58000183105467,68452
2025-07-14 16:05:00+00:00,113.5999984741211,113.7180404663086,113.55999755859376,113.70230102539062,51517
2025-07-14 16:10:00+00:00,113.45999908447266,113.5999984741211,113.43000030517578,113.5999984741211,79212
2025-07-14 16:15:00+00:00,113.31999969482422,113.4800033569336,113.29000091552734,113.4499969482422,64982
2025-07-14 16:20:00+00:00,113.3550033569336,113.41999816894533,113.22000122070312,113.31500244140624,245749
2025-07-14 16:25:00+00:00,113.38999938964844,113.5199966430664,113.3499984741211,113.37000274658205,177393
2025-07-14 16:30:00+00:00,113.37999725341795,113.43340301513672,113.29000091552734,113.38500213623048,85053
2025-07-14 16:35:00+00:00,113.23999786376952,113.48999786376952,113.2249984741211,113.37999725341795,75394
2025-07-14 16:40:00+00:00,113.3499984741211,113.41000366210938,113.23999786376952,113.25,88726
2025-07-14 16:45:00+00:00,113.33499908447266,113.47000122070312,113.30500030517578,113.3550033569336,67743
2025-07-14 16:50:00+00:00,113.36000061035156,113.37000274658205,113.2249984741211,113.33499908447266,101550
2025-07-14 16:55:00+00:00,113.4499969482422,113.47989654541016,113.30500030517578,113.3499984741211,68809
2025-07-14 17:00:00+00:00,113.6500015258789,113.69000244140624,113.43499755859376,113.4499969482422,102412
2025-07-14 17:05:00+00:00,113.38999938964844,113.6449966430664,113.37000274658205,113.6449966430664,76995
2025-07-14 17:10:00+00:00,113.40699768066406,113.44000244140624,113.364501953125,113.41000366210938,66874
2025-07-14 17:15:00+00:00,113.33499908447266,113.41500091552734,113.27999877929688,113.40499877929688,113068
2025-07-14 17:20:00+00:00,113.43000030517578,113.43000030517578,113.22000122070312,113.33999633789062,83867
2025-07-14 17:25:00+00:00,113.55999755859376,113.6052017211914,113.40129852294922,113.41500091552734,142788
2025-07-14 17:30:00+00:00,113.5749969482422,113.63999938964844,113.48999786376952,113.5540008544922,53302
2025-07-14 17:35:00+00:00,113.62000274658205,113.63500213623048,113.52999877929688,113.58000183105467,96177
2025-07-14 17:40:00+00:00,113.74500274658205,113.77860260009766,113.625,113.625,77765
2025-07-14 17:45:00+00:00,113.6980972290039,113.76000213623048,113.69499969482422,113.75,75022
2025-07-14 17:50:00+00:00,113.5500030517578,113.6999969482422,113.46499633789062,113.6999969482422,61583
2025-07-14 17:55:00+00:00,113.50499725341795,113.56500244140624,113.47000122070312,113.53469848632812,77885
2025-07-14 18:00:00+00:00,113.61000061035156,113.61000061035156,113.48999786376952,113.51000213623048,68047
2025-07-14 18:05:00+00:00,113.6958999633789,113.72000122070312,113.62000274658205,113.62000274658205,73776
2025-07-14 18:10:00+00:00,113.79000091552734,113.8000030517578,113.69000244140624,113.6999969482422,71242
2025-07-14 18:15:00+00:00,113.83999633789062,113.83999633789062,113.76000213623048,113.79499816894533,76351
2025-07-14 18:20:00+00:00,113.79499816894533,113.875,113.75900268554688,113.83000183105467,75006
2025-07-14 18:25:00+00:00,113.80999755859376,113.91999816894533,113.7249984741211,113.79119873046876,139823
2025-07-14 18:30:00+00:00,113.91999816894533,113.93000030517578,113.79000091552734,113.80999755859376,63026
2025-07-14 18:35:00+00:00,113.96980285644533,114.01000213623048,113.93000030517578,113.93000030517578,59362
2025-07-14 18:40:00+00:00,114.05879974365234,114.06999969482422,113.96499633789062,113.96499633789062,49464
2025-07-14 18:45:00+00:00,114.0,114.08999633789062,114.0,114.0500030517578,55006
2025-07-14 18:50:00+00:00,113.98999786376952,114.0500030517578,113.98999786376952,114.0,60151
2025-07-14 18:55:00+00:00,114.00499725341795,114.04000091552734,113.96499633789062,114.0,89411
2025-07-14 19:00:00+00:00,113.94499969482422,114.0999984741211,113.91500091552734,114.00499725341795,96153
2025-07-14 19:05:00+00:00,113.95500183105467,114.01000213623048,113.91000366210938,113.94499969482422,90062
2025-07-14 19:10:00+00:00,114.05999755859376,114.09829711914062,113.91000366210938,113.97000122070312,77843
2025-07-14 19:15:00+00:00,114.02999877929688,114.05999755859376,113.97000122070312,114.05500030517578,67922
2025-07-14 19:20:00+00:00,114.04000091552734,114.09500122070312,114.0,114.0199966430664,115363
2025-07-14 19:25:00+00:00,113.91999816894533,114.13990020751952,113.91000366210938,114.0500030517578,114203
2025-07-14 19:30:00+00:00,113.87999725341795,113.94499969482422,113.7300033569336,113.93000030517578,156167
2025-07-14 19:35:00+00:00,113.93399810791016,114.01000213623048,113.86000061035156,113.875,119695
2025-07-14 19:40:00+00:00,113.875,113.95500183105467,113.8499984741211,113.93499755859376,117157
2025-07-14 19:45:00+00:00,114.0500030517578,114.08999633789062,113.79000091552734,113.875,259925
2025-07-14 19:50:00+00:00,113.83000183105467,114.0500030517578,113.77999877929688,114.0500030517578,911552
2025-07-14 19:55:00+00:00,113.94499969482422,114.06999969482422,113.80999755859376,113.8249969482422,535181
2025-07-15 13:30:00+00:00,113.86750030517578,114.05500030517578,113.66000366210938,113.66000366210938,265993
2025-07-15 13:35:00+00:00,113.66999816894533,113.94000244140624,113.62999725341795,113.86499786376952,181387
2025-07-15 13:40:00+00:00,113.58999633789062,113.75,113.5500030517578,113.68000030517578,123551
2025-07-15 13:45:00+00:00,113.62989807128906,113.7699966430664,113.53500366210938,113.5999984741211,112671
2025-07-15 13:50:00+00:00,113.7300033569336,113.8000030517578,113.61000061035156,113.62000274658205,96504
2025-07-15 13:55:00+00:00,113.3550033569336,113.7699966430664,113.33999633789062,113.7300033569336,141467
2025-07-15 14:00:00+00:00,113.4000015258789,113.51000213623048,113.33999633789062,113.36000061035156,125384
2025-07-15 14:05:00+00:00,113.24500274658205,113.45999908447266,113.24500274658205,113.41500091552734,117445
2025-07-15 14:10:00+00:00,113.21499633789062,113.30500030517578,113.09500122070312,113.23999786376952,115890
2025-07-15 14:15:00+00:00,113.30999755859376,113.30999755859376,113.0915985107422,113.21990203857422,150496
2025-07-15 14:20:00+00:00,113.33000183105467,113.37000274658205,113.1999969482422,113.29850006103516,154460
2025-07-15 14:25:00+00:00,113.08999633789062,113.3249969482422,113.08999633789062,113.31999969482422,110102
2025-07-15 14:30:00+00:00,113.05999755859376,113.12999725341795,112.94000244140624,113.0999984741211,292044
2025-07-15 14:35:00+00:00,113.23999786376952,113.2699966430664,113.06500244140624,113.06500244140624,167727
2025-07-15 14:40:00+00:00,113.2750015258789,113.33999633789062,113.18000030517578,113.22000122070312,64152
2025-07-15 14:45:00+00:00,113.3000030517578,113.3550033569336,113.21499633789062,113.3000030517578,78815
2025-07-15 14:50:00+00:00,113.01000213623048,113.29979705810548,112.9800033569336,113.29979705810548,112675
2025-07-15 14:55:00+00:00,113.01000213623048,113.0500030517578,112.9499969482422,112.98999786376952,94850
2025-07-15 15:00:00+00:00,113.08000183105467,113.16000366210938,112.95500183105467,113.0199966430664,128222
2025-07-15 15:05:00+00:00,113.16000366210938,113.19000244140624,113.0999984741211,113.1050033569336,67465
2025-07-15 15:10:00+00:00,112.87999725341795,113.18000030517578,112.87999725341795,113.15499877929688,82225
2025-07-15 15:15:00+00:00,112.86000061035156,112.9250030517578,112.76000213623048,112.88999938964844,145009
2025-07-15 15:20:00+00:00,112.96499633789062,112.97000122070312,112.84500122070312,112.86000061035156,158469
2025-07-15 15:25:00+00:00,112.96379852294922,113.0999984741211,112.94000244140624,112.97000122070312,100003
2025-07-15 15:30:00+00:00,113.16000366210938,113.27999877929688,112.9800033569336,112.9800033569336,118139
2025-07-15 15:35:00+00:00,113.0749969482422,113.20999908447266,113.06999969482422,113.16000366210938,57140
2025-07-15 15:40:00+00:00,112.9499969482422,113.1500015258789,112.9499969482422,113.08000183105467,72502
2025-07-15 15:45:00+00:00,113.0500030517578,113.06500244140624,112.88999938964844,112.94000244140624,70077
2025-07-15 15:50:00+00:00,113.01000213623048,113.1050033569336,113.01000213623048,113.04499816894533,68311
2025-07-15 15:55:00+00:00,113.1500015258789,113.18000030517578,112.9499969482422,113.01000213623048,63251
2025-07-15 16:00:00+00:00,113.0500030517578,113.16000366210938,113.04000091552734,113.1500015258789,62271
2025-07-15 16:05:00+00:00,112.93499755859376,113.05979919433594,112.83000183105467,113.05979919433594,94518
2025-07-15 16:10:00+00:00,112.9749984741211,112.99500274658205,112.88999938964844,112.93000030517578,58346
2025-07-15 16:15:00+00:00,113.04000091552734,113.18000030517578,112.95500183105467,112.9749984741211,79287
2025-07-15 16:20:00+00:00,113.01000213623048,113.08999633789062,112.9800033569336,113.0199966430664,48554
2025-07-15 16:25:00+00:00,112.79000091552734,113.0156021118164,112.7699966430664,113.00499725341795,101417
2025-07-15 16:30:00+00:00,112.77999877929688,112.83000183105467,112.75,112.78500366210938,68661
2025-07-15 16:35:00+00:00,112.70999908447266,112.80999755859376,112.66999816894533,112.77999877929688,50104
2025-07-15 16:40:00+00:00,112.86499786376952,112.875,112.66999816894533,112.69000244140624,60356
2025-07-15 16:45:00+00:00,112.80500030517578,112.9250030517578,112.77999877929688,112.87000274658205,49343
2025-07-15 16:50:00+00:00,112.81999969482422,112.8501968383789,112.75499725341795,112.81999969482422,43577
2025-07-15 16:55:00+00:00,112.6999969482422,112.83999633789062,112.69499969482422,112.81999969482422,69114
2025-07-15 17:00:00+00:00,112.68000030517578,112.7699966430664,112.62999725341795,112.70500183105467,114967
2025-07-15 17:05:00+00:00,112.68499755859376,112.70999908447266,112.59500122070312,112.66500091552734,75941
2025-07-15 17:10:00+00:00,112.814697265625,112.83000183105467,112.68499755859376,112.68499755859376,68826
2025-07-15 17:15:00+00:00,112.96499633789062,112.98999786376952,112.7300033569336,112.83000183105467,86100
2025-07-15 17:20:00+00:00,112.9749984741211,113.0,112.93000030517578,112.95999908447266,517565
2025-07-15 17:25:00+00:00,113.06500244140624,113.08999633789062,112.9800033569336,112.9800033569336,90622
2025-07-15 17:30:00+00:00,113.06500244140624,113.17510223388672,113.04499816894533,113.06749725341795,77445
2025-07-15 17:35:00+00:00,112.91999816894533,113.0500030517578,112.9000015258789,113.0500030517578,58775
2025-07-15 17:40:00+00:00,112.92019653320312,112.93499755859376,112.86499786376952,112.9186019897461,45371
2025-07-15 17:45:00+00:00,112.88999938964844,112.98999786376952,112.87999725341795,112.93000030517578,52431
2025-07-15 17:50:00+00:00,113.0250015258789,113.05500030517578,112.818603515625,112.88999938964844,62261
2025-07-15 17:55:00+00:00,112.9749984741211,113.06500244140624,112.96499633789062,113.0199966430664,59998
2025-07-15 18:00:00+00:00,113.02999877929688,113.03379821777344,112.88999938964844,112.97000122070312,92031
2025-07-15 18:05:00+00:00,113.1449966430664,113.19499969482422,113.0199966430664,113.02159881591795,66922
2025-07-15 18:10:00+00:00,113.26499938964844,113.27999877929688,113.12999725341795,113.13500213623048,66747
2025-07-15 18:15:00+00:00,113.27999877929688,113.33000183105467,113.22000122070312,113.26499938964844,69284
2025-07-15 18:20:00+00:00,113.33999633789062,113.37999725341795,113.29000091552734,113.29000091552734,46209
2025-07-15 18:25:00+00:00,113.31999969482422,113.38980102539062,113.31500244140624,113.3499984741211,73488
2025-07-15 18:30:00+00:00,113.31999969482422,113.33580017089844,113.27999877929688,113.33000183105467,56222
2025-07-15 18:35:00+00:00,113.3499984741211,113.41529846191406,113.27999877929688,113.31500244140624,72717
2025-07-15 18:40:00+00:00,113.16000366210938,113.3499984741211,113.16000366210938,113.3499984741211,52646
2025-07-15 18:45:00+00:00,113.125,113.1750030517578,113.08000183105467,113.15879821777344,77196
2025-07-15 18:50:00+00:00,112.9800033569336,113.125,112.91999816894533,113.12000274658205,81602
2025-07-15 18:55:00+00:00,112.8949966430664,112.94000244140624,112.8499984741211,112.93000030517578,76950
2025-07-15 19:00:00+00:00,112.94499969482422,112.95999908447266,112.83999633789062,112.88999938964844,80356
2025-07-15 19:05:00+00:00,112.87000274658205,112.93000030517578,112.76499938964844,112.93000030517578,79950
2025-07-15 19:10:00+00:00,112.8550033569336,112.87000274658205,112.81500244140624,112.86029815673828,49547
2025-07-15 19:15:00+00:00,112.91999816894533,112.96499633789062,112.7699966430664,112.8499984741211,75253
2025-07-15 19:20:00+00:00,112.99849700927734,113.04000091552734,112.93000030517578,112.93000030517578,98464
2025-07-15 19:25:00+00:00,112.9290008544922,112.99500274658205,112.91000366210938,112.99500274658205,106931
2025-07-15 19:30:00+00:00,112.87000274658205,112.93000030517578,112.8301010131836,112.93000030517578,247845
2025-07-15 19:35:00+00:00,112.95500183105467,112.9551010131836,112.83999633789062,112.86499786376952,112788
2025-07-15 19:40:00+00:00,113.06500244140624,113.12999725341795,112.94000244140624,112.95999908447266,124354
2025-07-15 19:45:00+00:00,113.12000274658205,113.1750030517578,113.0,113.05999755859376,149910
2025-07-15 19:50:00+00:00,113.12999725341795,113.18499755859376,112.97000122070312,113.12000274658205,950008
2025-07-15 19:55:00+00:00,112.91000366210938,113.14739990234376,112.87000274658205,113.12000274658205,562154
2025-07-16 13:30:00+00:00,113.23999786376952,113.5,112.76000213623048,112.875,187986
2025-07-16 13:35:00+00:00,113.09960174560548,113.29000091552734,113.02999877929688,113.20999908447266,144069
2025-07-16 13:40:00+00:00,113.04000091552734,113.08999633789062,112.80999755859376,113.08999633789062,108419
2025-07-16 13:45:00+00:00,112.81999969482422,113.12000274658205,112.81999969482422,113.03500366210938,100512
2025-07-16 13:50:00+00:00,112.93000030517578,112.95999908447266,112.7699966430664,112.8249969482422,88003
2025-07-16 13:55:00+00:00,112.66500091552734,112.93000030517578,112.6500015258789,112.93000030517578,84841
2025-07-16 14:00:00+00:00,112.6500015258789,112.7249984741211,112.55999755859376,112.68000030517578,103691
2025-07-16 14:05:00+00:00,112.5,112.69100189208984,112.44000244140624,112.66500091552734,103334
2025-07-16 14:10:00+00:00,112.63999938964844,112.6500015258789,112.5,112.5,66088
2025-07-16 14:15:00+00:00,112.9000015258789,112.9385986328125,112.62000274658205,112.63999938964844,80080
2025-07-16 14:20:00+00:00,112.76010131835938,112.9000015258789,112.68499755859376,112.9000015258789,70538
2025-07-16 14:25:00+00:00,112.83000183105467,112.91000366210938,112.75499725341795,112.76000213623048,98392
2025-07-16 14:30:00+00:00,112.2969970703125,112.80999755859376,112.26000213623048,112.8000030517578,187885
2025-07-16 14:35:00+00:00,112.38999938964844,112.4000015258789,112.0999984741211,112.3000030517578,109850
2025-07-16 14:40:00+00:00,112.54329681396484,112.5500030517578,112.27999877929688,112.38999938964844,85389
2025-07-16 14:45:00+00:00,112.4000015258789,112.58000183105467,112.4000015258789,112.55699920654295,90685
2025-07-16 14:50:00+00:00,112.41000366210938,112.67859649658205,112.37999725341795,112.4000015258789,139656
2025-07-16 14:55:00+00:00,112.46499633789062,112.51000213623048,112.29000091552734,112.41999816894533,86963
2025-07-16 15:00:00+00:00,112.44000244140624,112.5199966430664,112.33000183105467,112.45999908447266,65494
2025-07-16 15:05:00+00:00,112.44499969482422,112.48999786376952,112.36000061035156,112.44000244140624,62701
2025-07-16 15:10:00+00:00,112.59500122070312,112.62000274658205,112.41999816894533,112.4499969482422,65738
2025-07-16 15:15:00+00:00,112.23999786376952,112.5999984741211,112.18000030517578,112.58000183105467,214048
2025-07-16 15:20:00+00:00,112.2699966430664,112.38999938964844,112.2300033569336,112.25,110439
2025-07-16 15:25:00+00:00,112.4800033569336,112.5199966430664,112.23999786376952,112.25,63820
2025-07-16 15:30:00+00:00,112.19000244140624,112.4749984741211,112.1750030517578,112.47000122070312,122943
2025-07-16 15:35:00+00:00,112.26000213623048,112.30999755859376,112.16999816894533,112.18000030517578,57104
2025-07-16 15:40:00+00:00,112.37999725341795,112.43000030517578,112.18499755859376,112.30999755859376,90845
2025-07-16 15:45:00+00:00,112.39700317382812,112.44000244140624,112.33999633789062,112.37999725341795,69147
2025-07-16 15:50:00+00:00,112.48999786376952,112.54000091552734,112.37999725341795,112.38999938964844,63987
2025-07-16 15:55:00+00:00,112.83159637451172,112.91000366210938,112.48999786376952,112.48999786376952,346321
2025-07-16 16:00:00+00:00,112.63999938964844,112.83000183105467,112.62000274658205,112.81999969482422,74428
2025-07-16 16:05:00+00:00,112.76000213623048,112.77999877929688,112.63999938964844,112.6449966430664,68118
2025-07-16 16:10:00+00:00,112.58000183105467,112.78500366210938,112.55500030517578,112.7699966430664,68857
2025-07-16 16:15:00+00:00,112.68350219726562,112.6999969482422,112.43000030517578,112.58000183105467,62795
2025-07-16 16:20:00+00:00,112.81999969482422,112.81999969482422,112.56999969482422,112.69000244140624,86195
2025-07-16 16:25:00+00:00,112.7699966430664,112.86499786376952,112.76000213623048,112.83999633789062,58026
2025-07-16 16:30:00+00:00,112.75,112.8000030517578,112.68000030517578,112.77999877929688,70650
2025-07-16 16:35:00+00:00,112.9000015258789,112.91999816894533,112.74500274658205,112.75869750976562,85758
2025-07-16 16:40:00+00:00,112.93000030517578,112.95999908447266,112.87989807128906,112.91000366210938,53844
2025-07-16 16:45:00+00:00,113.03500366210938,113.06999969482422,112.88999938964844,112.94000244140624,66571
2025-07-16 16:50:00+00:00,113.0,113.12000274658205,112.98999786376952,113.04090118408205,78206
2025-07-16 16:55:00+00:00,112.94000244140624,113.02999877929688,112.88980102539062,113.0,64687
2025-07-16 17:00:00+00:00,112.97000122070312,113.04000091552734,112.91999816894533,112.93499755859376,49398
2025-07-16 17:05:00+00:00,113.12999725341795,113.13999938964844,112.9499969482422,112.95999908447266,47755
2025-07-16 17:10:00+00:00,113.19000244140624,113.25,113.12999725341795,113.12999725341795,54675
2025-07-16 17:15:00+00:00,113.068603515625,113.2249984741211,113.0199966430664,113.19499969482422,62520
2025-07-16 17:20:00+00:00,112.88999938964844,113.08000183105467,112.87999725341795,113.08000183105467,86277
2025-07-16 17:25:00+00:00,112.88500213623048,112.91999816894533,112.81999969482422,112.9000015258789,43937
2025-07-16 17:30:00+00:00,112.83999633789062,112.91000366210938,112.80999755859376,112.8949966430664,48169
2025-07-16 17:35:00+00:00,112.86000061035156,112.87999725341795,112.8000030517578,112.83499908447266,51437
2025-07-16 17:40:00+00:00,112.9000015258789,112.9499969482422,112.83499908447266,112.83999633789062,39665
2025-07-16 17:45:00+00:00,112.9499969482422,113.0,112.87999725341795,112.91000366210938,46838
2025-07-16 17:50:00+00:00,112.99500274658205,113.0250015258789,112.9499969482422,112.9499969482422,62065
2025-07-16 17:55:00+00:00,112.95580291748048,113.01499938964844,112.90499877929688,113.0,51872
2025-07-16 18:00:00+00:00,113.04000091552734,113.0500030517578,112.86000061035156,112.95999908447266,73344
2025-07-16 18:05:00+00:00,112.9499969482422,113.08999633789062,112.94000244140624,113.04000091552734,62326
2025-07-16 18:10:00+00:00,112.98999786376952,112.99500274658205,112.8479995727539,112.95999908447266,55414
2025-07-16 18:15:00+00:00,112.875,112.9800033569336,112.875,112.9800033569336,55140
2025-07-16 18:20:00+00:00,112.75,112.87000274658205,112.73999786376952,112.87000274658205,94420
2025-07-16 18:25:00+00:00,112.66999816894533,112.75,112.66000366210938,112.75,65000
2025-07-16 18:30:00+00:00,112.83000183105467,112.83070373535156,112.66999816894533,112.68000030517578,121231
2025-07-16 18:35:00+00:00,112.75,112.83999633789062,112.72000122070312,112.83000183105467,57651
2025-07-16 18:40:00+00:00,112.7699966430664,112.8000030517578,112.71749877929688,112.74500274658205,88729
2025-07-16 18:45:00+00:00,112.66500091552734,112.76499938964844,112.66500091552734,112.76499938964844,69154
2025-07-16 18:50:00+00:00,112.73999786376952,112.75,112.63500213623048,112.66999816894533,164972
2025-07-16 18:55:00+00:00,112.8550033569336,112.87000274658205,112.77999877929688,112.8000030517578,93837
2025-07-16 19:00:00+00:00,112.77999877929688,112.97000122070312,112.75,112.86000061035156,73151
2025-07-16 19:05:00+00:00,112.77999877929688,112.81999969482422,112.72000122070312,112.77999877929688,49074
2025-07-16 19:10:00+00:00,112.75,112.8000030517578,112.6999969482422,112.77999877929688,52319
2025-07-16 19:15:00+00:00,112.52999877929688,112.75499725341795,112.51000213623048,112.75499725341795,74730
2025-07-16 19:20:00+00:00,112.62000274658205,112.63999938964844,112.48159790039062,112.53500366210938,52240
2025-07-16 19:25:00+00:00,112.63500213623048,112.65550231933594,112.5500030517578,112.63500213623048,72711
2025-07-16 19:30:00+00:00,112.60099792480467,112.69000244140624,112.55999755859376,112.63999938964844,91311
2025-07-16 19:35:00+00:00,112.6449966430664,112.66000366210938,112.58000183105467,112.6050033569336,77403
2025-07-16 19:40:00+00:00,112.66999816894533,112.7300033569336,112.60099792480467,112.63999938964844,83565
2025-07-16 19:45:00+00:00,112.6999969482422,112.7300033569336,112.58000183105467,112.66999816894533,108967
2025-07-16 19:50:00+00:00,112.4499969482422,112.69000244140624,112.44000244140624,112.69000244140624,897405
2025-07-16 19:55:00+00:00,112.2300033569336,112.51000213623048,112.20999908447266,112.4499969482422,787431
2025-07-17 13:30:00+00:00,111.55999755859376,111.66000366210938,111.08999633789062,111.48999786376952,416251
2025-07-17 13:35:00+00:00,111.73999786376952,111.8000030517578,111.44000244140624,111.58999633789062,156859
2025-07-17 13:40:00+00:00,112.0500030517578,112.0999984741211,111.76000213623048,111.76000213623048,119072
2025-07-17 13:45:00+00:00,112.06999969482422,112.08999633789062,111.95999908447266,112.05999755859376,130070
2025-07-17 13:50:00+00:00,112.125,112.2300033569336,111.99299621582033,112.06999969482422,157462
2025-07-17 13:55:00+00:00,112.0250015258789,112.12999725341795,111.9352035522461,112.12000274658205,140169
2025-07-17 14:00:00+00:00,111.93000030517578,112.0500030517578,111.92009735107422,112.02279663085938,148584
2025-07-17 14:05:00+00:00,112.0199966430664,112.0500030517578,111.87999725341795,111.91999816894533,137965
2025-07-17 14:10:00+00:00,112.08000183105467,112.1050033569336,111.95999908447266,112.02999877929688,142287
2025-07-17 14:15:00+00:00,111.93000030517578,112.16000366210938,111.91500091552734,112.08499908447266,109075
2025-07-17 14:20:00+00:00,112.01000213623048,112.08999633789062,111.87000274658205,111.91500091552734,140195
2025-07-17 14:25:00+00:00,111.80500030517578,112.00499725341795,111.73999786376952,111.99500274658205,147439
2025-07-17 14:30:00+00:00,111.9000015258789,111.97000122070312,111.78500366210938,111.80500030517578,97227
2025-07-17 14:35:00+00:00,111.81999969482422,111.93000030517578,111.75,111.9000015258789,100754
2025-07-17 14:40:00+00:00,111.8000030517578,111.86000061035156,111.76000213623048,111.8249969482422,93033
2025-07-17 14:45:00+00:00,111.81999969482422,111.91999816894533,111.76000213623048,111.79499816894533,102033
2025-07-17 14:50:00+00:00,112.0199966430664,112.04000091552734,111.81999969482422,111.8249969482422,104512
2025-07-17 14:55:00+00:00,111.94010162353516,112.08499908447266,111.87999725341795,112.02999877929688,83716
2025-07-17 15:00:00+00:00,111.83499908447266,111.99500274658205,111.83499908447266,111.94000244140624,94757
2025-07-17 15:05:00+00:00,111.83000183105467,111.87999725341795,111.72000122070312,111.83000183105467,99981
2025-07-17 15:10:00+00:00,111.625,111.88999938964844,111.6176986694336,111.81999969482422,102080
2025-07-17 15:15:00+00:00,111.71499633789062,111.7248992919922,111.625,111.62999725341795,92394
2025-07-17 15:20:00+00:00,111.79499816894533,111.79499816894533,111.69000244140624,111.71499633789062,73258
2025-07-17 15:25:00+00:00,111.8499984741211,111.88999938964844,111.76000213623048,111.7699966430664,65154
2025-07-17 15:30:00+00:00,111.86000061035156,111.9499969482422,111.8499984741211,111.8550033569336,73226
2025-07-17 15:35:00+00:00,111.94000244140624,112.01000213623048,111.83000183105467,111.86969757080078,70728
2025-07-17 15:40:00+00:00,111.93000030517578,112.0,111.8844985961914,111.93399810791016,56698
2025-07-17 15:45:00+00:00,111.9250030517578,111.9499969482422,111.83999633789062,111.93000030517578,92948
2025-07-17 15:50:00+00:00,111.9800033569336,112.04000091552734,111.91999816894533,111.9250030517578,80490
2025-07-17 15:55:00+00:00,111.93000030517578,112.08999633789062,111.93000030517578,111.9749984741211,105681
2025-07-17 16:00:00+00:00,112.0199966430664,112.05999755859376,111.88500213623048,111.94000244140624,90371
2025-07-17 16:05:00+00:00,111.86000061035156,112.02999877929688,111.83499908447266,112.0199966430664,90453
2025-07-17 16:10:00+00:00,111.7969970703125,111.86499786376952,111.74500274658205,111.86499786376952,72569
2025-07-17 16:15:00+00:00,111.7699966430664,111.80010223388672,111.6999969482422,111.8000030517578,82311
2025-07-17 16:20:00+00:00,111.63999938964844,111.79499816894533,111.625,111.77999877929688,88668
2025-07-17 16:25:00+00:00,111.7699966430664,111.77999877929688,111.62000274658205,111.6500015258789,76811
2025-07-17 16:30:00+00:00,111.83000183105467,111.88999938964844,111.76000213623048,111.7699966430664,67688
2025-07-17 16:35:00+00:00,111.72000122070312,111.86000061035156,111.6999969482422,111.81999969482422,52611
2025-07-17 16:40:00+00:00,111.7249984741211,111.73999786376952,111.6449966430664,111.72000122070312,62065
2025-07-17 16:45:00+00:00,111.7249984741211,111.79000091552734,111.66999816894533,111.7300033569336,65336
2025-07-17 16:50:00+00:00,111.81999969482422,111.81999969482422,111.72000122070312,111.72000122070312,63343
2025-07-17 16:55:00+00:00,111.81999969482422,111.87000274658205,111.79000091552734,111.81500244140624,69525
2025-07-17 17:00:00+00:00,111.86499786376952,111.94989776611328,111.818603515625,111.83000183105467,60478
2025-07-17 17:05:00+00:00,111.65499877929688,111.87000274658205,111.65499877929688,111.87000274658205,68885
2025-07-17 17:10:00+00:00,111.58000183105467,111.65029907226562,111.55500030517578,111.65029907226562,67048
2025-07-17 17:15:00+00:00,111.5364990234375,111.58499908447266,111.52999877929688,111.58000183105467,57414
2025-07-17 17:20:00+00:00,111.5999984741211,111.62000274658205,111.51010131835938,111.52999877929688,65874
2025-07-17 17:25:00+00:00,111.63500213623048,111.69000244140624,111.58499908447266,111.61000061035156,82678
2025-07-17 17:30:00+00:00,111.70999908447266,111.72000122070312,111.62000274658205,111.63500213623048,88726
2025-07-17 17:35:00+00:00,111.76000213623048,111.7699966430664,111.6750030517578,111.6999969482422,73301
2025-07-17 17:40:00+00:00,111.625,111.7699966430664,111.62000274658205,111.76000213623048,65744
2025-07-17 17:45:00+00:00,111.65499877929688,111.66000366210938,111.5500030517578,111.625,131416
2025-07-17 17:50:00+00:00,111.5884017944336,111.66999816894533,111.5500030517578,111.6500015258789,103785
2025-07-17 17:55:00+00:00,111.68000030517578,111.70999908447266,111.56999969482422,111.5749969482422,94040
2025-07-17 18:00:00+00:00,111.70500183105467,111.73500061035156,111.63999938964844,111.66999816894533,71870
2025-07-17 18:05:00+00:00,111.7249984741211,111.74500274658205,111.62999725341795,111.70500183105467,82282
2025-07-17 18:10:00+00:00,111.7300033569336,111.79000091552734,111.69000244140624,111.72329711914062,84881
2025-07-17 18:15:00+00:00,111.6999969482422,111.75,111.5999984741211,111.72000122070312,87190
2025-07-17 18:20:00+00:00,111.83499908447266,111.87000274658205,111.70369720458984,111.70999908447266,89593
2025-07-17 18:25:00+00:00,111.86499786376952,111.8947982788086,111.80999755859376,111.83499908447266,93721
2025-07-17 18:30:00+00:00,111.83999633789062,111.86000061035156,111.77999877929688,111.86000061035156,95688
2025-07-17 18:35:00+00:00,111.7511978149414,111.8499984741211,111.75,111.83000183105467,83360
2025-07-17 18:40:00+00:00,111.72000122070312,111.81999969482422,111.72000122070312,111.75499725341795,109664
2025-07-17 18:45:00+00:00,111.83999633789062,111.88500213623048,111.69499969482422,111.73500061035156,79339
2025-07-17 18:50:00+00:00,111.81500244140624,111.90499877929688,111.80999755859376,111.83999633789062,63606
2025-07-17 18:55:00+00:00,111.79000091552734,111.8499984741211,111.76000213623048,111.8249969482422,89326
2025-07-17 19:00:00+00:00,111.77999877929688,111.83000183105467,111.7699966430664,111.8000030517578,189211
2025-07-17 19:05:00+00:00,111.9000015258789,111.91999816894533,111.7699966430664,111.77999877929688,312617
2025-07-17 19:10:00+00:00,111.9800033569336,111.98500061035156,111.80999755859376,111.9000015258789,165146
2025-07-17 19:15:00+00:00,111.7750015258789,111.99520111083984,111.75499725341795,111.98999786376952,154452
2025-07-17 19:20:00+00:00,111.81490325927734,111.8499984741211,111.7750015258789,111.7750015258789,102591
2025-07-17 19:25:00+00:00,111.7699966430664,111.8499984741211,111.75499725341795,111.81999969482422,119801
2025-07-17 19:30:00+00:00,111.80999755859376,111.86499786376952,111.77249908447266,111.7750015258789,123495
2025-07-17 19:35:00+00:00,111.86299896240234,111.93499755859376,111.8000030517578,111.80500030517578,132212
2025-07-17 19:40:00+00:00,111.83000183105467,111.91000366210938,111.81999969482422,111.86000061035156,150015
2025-07-17 19:45:00+00:00,111.83000183105467,111.86499786376952,111.73999786376952,111.83000183105467,197187
2025-07-17 19:50:00+00:00,111.62000274658205,111.83000183105467,111.5999984741211,111.81999969482422,1058319
2025-07-17 19:55:00+00:00,111.76000213623048,111.91500091552734,111.59500122070312,111.62000274658205,1161354
2025-07-18 13:30:00+00:00,110.04000091552734,111.7300033569336,109.75,111.11000061035156,2630931
2025-07-18 13:35:00+00:00,109.5,110.48999786376952,109.36000061035156,110.05999755859376,896642
2025-07-18 13:40:00+00:00,110.08000183105467,110.2699966430664,109.4000015258789,109.5,523148
2025-07-18 13:45:00+00:00,110.56999969482422,110.63999938964844,109.97000122070312,110.0999984741211,594122
2025-07-18 13:50:00+00:00,110.75,110.84220123291016,110.52999877929688,110.57009887695312,459562
2025-07-18 13:55:00+00:00,110.91000366210938,110.95999908447266,110.6500015258789,110.73999786376952,293260
2025-07-18 14:00:00+00:00,110.83999633789062,111.08000183105467,110.66999816894533,110.91500091552734,247286
2025-07-18 14:05:00+00:00,110.9250030517578,110.9800033569336,110.70999908447266,110.86000061035156,189948
2025-07-18 14:10:00+00:00,110.66000366210938,110.91999816894533,110.6050033569336,110.91999816894533,291123
2025-07-18 14:15:00+00:00,110.78119659423828,110.9000015258789,110.55999755859376,110.63999938964844,381293
2025-07-18 14:20:00+00:00,110.76499938964844,110.8499984741211,110.6500015258789,110.7750015258789,194339
2025-07-18 14:25:00+00:00,110.41500091552734,110.79000091552734,110.38500213623048,110.77349853515624,187438
2025-07-18 14:30:00+00:00,110.16000366210938,110.43000030517578,110.12000274658205,110.43000030517578,276099
2025-07-18 14:35:00+00:00,109.86000061035156,110.1500015258789,109.83999633789062,110.1449966430664,361368
2025-07-18 14:40:00+00:00,109.91999816894533,109.9250030517578,109.75,109.86499786376952,257479
2025-07-18 14:45:00+00:00,110.4000015258789,110.44000244140624,109.85479736328124,109.91000366210938,359715
2025-07-18 14:50:00+00:00,110.4800033569336,110.48490142822266,110.23999786376952,110.41000366210938,199682
2025-07-18 14:55:00+00:00,110.16999816894533,110.5,110.11000061035156,110.47000122070312,178754
2025-07-18 15:00:00+00:00,110.31999969482422,110.36499786376952,110.04000091552734,110.1416015625,209022
2025-07-18 15:05:00+00:00,109.90499877929688,110.37000274658205,109.90499877929688,110.3249969482422,251484
2025-07-18 15:10:00+00:00,109.45999908447266,109.94000244140624,109.25,109.90499877929688,445674
2025-07-18 15:15:00+00:00,109.25,109.4499969482422,109.0999984741211,109.44000244140624,489526
2025-07-18 15:20:00+00:00,109.0915985107422,109.30999755859376,109.0199966430664,109.23999786376952,657106
2025-07-18 15:25:00+00:00,109.44000244140624,109.5500030517578,109.08000183105467,109.08999633789062,425495
2025-07-18 15:30:00+00:00,109.12000274658205,109.45999908447266,108.97000122070312,109.43000030517578,493242
2025-07-18 15:35:00+00:00,108.87999725341795,109.30999755859376,108.81999969482422,109.11499786376952,481403
2025-07-18 15:40:00+00:00,108.83509826660156,109.12999725341795,108.81999969482422,108.87999725341795,254187
2025-07-18 15:45:00+00:00,108.61000061035156,108.88999938964844,108.56990051269533,108.83000183105467,282407
2025-07-18 15:50:00+00:00,108.9834976196289,109.08999633789062,108.5999984741211,108.61000061035156,537482
2025-07-18 15:55:00+00:00,108.83000183105467,109.0749969482422,108.81990051269533,108.95999908447266,349981
2025-07-18 16:00:00+00:00,108.52050018310548,108.86000061035156,108.29499816894533,108.83999633789062,472620
2025-07-18 16:05:00+00:00,108.52999877929688,108.73999786376952,108.43499755859376,108.51000213623048,323831
2025-07-18 16:10:00+00:00,108.70999908447266,108.78070068359376,108.47000122070312,108.51000213623048,246860
2025-07-18 16:15:00+00:00,108.52999877929688,108.72000122070312,108.51499938964844,108.70999908447266,332650
2025-07-18 16:20:00+00:00,108.18000030517578,108.52999877929688,108.16000366210938,108.52999877929688,286813
2025-07-18 16:25:00+00:00,108.12999725341795,108.3000030517578,108.05500030517578,108.18000030517578,264720
2025-07-18 16:30:00+00:00,108.15499877929688,108.20999908447266,107.9499969482422,108.12000274658205,475894
2025-07-18 16:35:00+00:00,108.08999633789062,108.29000091552734,108.05999755859376,108.1500015258789,298148
2025-07-18 16:40:00+00:00,108.03269958496094,108.16000366210938,107.9499969482422,108.08499908447266,253547
2025-07-18 16:45:00+00:00,108.22000122070312,108.29000091552734,108.0199966430664,108.0500030517578,183618
2025-07-18 16:50:00+00:00,108.125,108.20999908447266,108.01000213623048,108.20999908447266,407738
2025-07-18 16:55:00+00:00,107.98999786376952,108.12999725341795,107.94000244140624,108.12999725341795,252920
2025-07-18 17:00:00+00:00,108.0500030517578,108.08999633789062,107.93499755859376,108.0199966430664,189199
2025-07-18 17:05:00+00:00,108.20500183105467,108.21530151367188,108.05999755859376,108.06500244140624,143823
2025-07-18 17:10:00+00:00,108.3550033569336,108.37000274658205,108.12999725341795,108.20999908447266,165155
2025-07-18 17:15:00+00:00,108.1500015258789,108.36000061035156,108.08999633789062,108.36000061035156,116503
2025-07-18 17:20:00+00:00,108.19000244140624,108.19000244140624,107.98999786376952,108.13999938964844,225082
2025-07-18 17:25:00+00:00,108.13999938964844,108.23500061035156,108.08999633789062,108.19000244140624,119315
2025-07-18 17:30:00+00:00,108.22000122070312,108.26000213623048,108.1500015258789,108.1500015258789,123867
2025-07-18 17:35:00+00:00,108.36000061035156,108.47000122070312,108.2300033569336,108.2300033569336,183049
2025-07-18 17:40:00+00:00,108.06999969482422,108.45999908447266,108.05999755859376,108.37000274658205,149556
2025-07-18 17:45:00+00:00,108.26499938964844,108.2750015258789,108.05999755859376,108.08000183105467,129972
2025-07-18 17:50:00+00:00,108.24659729003906,108.28500366210938,108.13500213623048,108.2699966430664,159058
2025-07-18 17:55:00+00:00,108.30500030517578,108.33000183105467,108.22000122070312,108.25,141375
2025-07-18 18:00:00+00:00,108.20999908447266,108.30999755859376,108.18000030517578,108.3000030517578,148145
2025-07-18 18:05:00+00:00,108.1750030517578,108.3000030517578,108.1750030517578,108.1999969482422,105707
2025-07-18 18:10:00+00:00,108.01000213623048,108.25,108.0,108.16999816894533,222584
2025-07-18 18:15:00+00:00,107.86000061035156,108.04000091552734,107.7750015258789,108.0199966430664,291443
2025-07-18 18:20:00+00:00,107.80999755859376,108.05999755859376,107.79499816894533,107.86000061035156,292324
2025-07-18 18:25:00+00:00,107.41500091552734,107.81999969482422,107.33999633789062,107.81999969482422,440544
2025-07-18 18:30:00+00:00,107.91999816894533,107.9499969482422,107.4040985107422,107.41000366210938,344223
2025-07-18 18:35:00+00:00,107.77999877929688,107.98999786376952,107.75,107.91999816894533,187659
2025-07-18 18:40:00+00:00,107.74500274658205,107.79959869384766,107.4800033569336,107.77999877929688,423653
2025-07-18 18:45:00+00:00,107.7249984741211,107.83999633789062,107.62000274658205,107.73999786376952,226550
2025-07-18 18:50:00+00:00,107.80999755859376,107.87000274658205,107.66000366210938,107.70999908447266,201736
2025-07-18 18:55:00+00:00,107.83999633789062,107.83999633789062,107.6500015258789,107.80999755859376,212068
2025-07-18 19:00:00+00:00,107.79000091552734,107.88999938964844,107.68000030517578,107.84519958496094,310989
2025-07-18 19:05:00+00:00,107.8249969482422,107.8550033569336,107.66999816894533,107.79499816894533,326955
2025-07-18 19:10:00+00:00,107.86000061035156,107.875,107.68499755859376,107.83000183105467,223540
2025-07-18 19:15:00+00:00,108.02999877929688,108.02999877929688,107.81500244140624,107.86000061035156,246396
2025-07-18 19:20:00+00:00,108.13999938964844,108.16500091552734,107.94000244140624,108.0199966430664,277081
2025-07-18 19:25:00+00:00,108.1873016357422,108.27999877929688,108.00499725341795,108.13999938964844,321497
2025-07-18 19:30:00+00:00,107.98470306396484,108.18000030517578,107.9800033569336,108.18000030517578,371910
2025-07-18 19:35:00+00:00,107.9499969482422,108.0500030517578,107.94499969482422,107.98999786376952,288494
2025-07-18 19:40:00+00:00,107.91999816894533,108.0,107.91000366210938,107.94000244140624,379691
2025-07-18 19:45:00+00:00,107.86000061035156,107.95999908447266,107.7699966430664,107.91999816894533,399632
2025-07-18 19:50:00+00:00,107.9800033569336,108.00499725341795,107.78500366210938,107.87000274658205,731321
2025-07-18 19:55:00+00:00,107.7699966430664,107.97000122070312,107.75499725341795,107.97000122070312,2064467
2025-07-21 13:30:00+00:00,108.5250015258789,108.62000274658205,107.44000244140624,107.5999984741211,1048867
2025-07-21 13:35:00+00:00,108.3550033569336,108.56999969482422,108.06999969482422,108.47000122070312,483848
2025-07-21 13:40:00+00:00,108.18340301513672,108.4000015258789,108.0,108.3550033569336,321267
2025-07-21 13:45:00+00:00,108.0500030517578,108.20999908447266,107.70999908447266,108.19000244140624,332024
2025-07-21 13:50:00+00:00,107.91000366210938,108.11000061035156,107.79830169677734,108.0500030517578,174670
2025-07-21 13:55:00+00:00,107.97000122070312,108.0,107.75,107.91629791259766,188621
2025-07-21 14:00:00+00:00,108.1500015258789,108.25,107.94000244140624,107.9800033569336,378398
2025-07-21 14:05:00+00:00,107.6999969482422,108.19000244140624,107.69000244140624,108.1500015258789,240690
2025-07-21 14:10:00+00:00,107.9800033569336,107.9800033569336,107.62000274658205,107.69000244140624,247467
2025-07-21 14:15:00+00:00,108.06999969482422,108.06999969482422,107.8000030517578,107.9749984741211,183425
2025-07-21 14:20:00+00:00,108.33000183105467,108.3499984741211,107.91999816894533,108.06999969482422,231968
2025-07-21 14:25:00+00:00,108.1999969482422,108.37000274658205,108.19499969482422,108.33000183105467,135615
2025-07-21 14:30:00+00:00,108.12000274658205,108.24620056152344,108.05999755859376,108.19000244140624,142005
2025-07-21 14:35:00+00:00,108.26000213623048,108.33920288085938,108.11000061035156,108.12069702148438,162364
2025-07-21 14:40:00+00:00,108.20500183105467,108.3499984741211,108.18499755859376,108.26000213623048,180639
2025-07-21 14:45:00+00:00,108.25,108.37999725341795,108.18499755859376,108.1999969482422,164076
2025-07-21 14:50:00+00:00,108.29000091552734,108.33000183105467,108.1750030517578,108.23999786376952,292691
2025-07-21 14:55:00+00:00,108.37010192871094,108.375,108.20020294189452,108.29499816894533,222502
2025-07-21 15:00:00+00:00,108.55999755859376,108.66000366210938,108.36000061035156,108.375,184033
2025-07-21 15:05:00+00:00,108.72000122070312,108.7249984741211,108.4800033569336,108.5500030517578,123908
2025-07-21 15:10:00+00:00,108.5999984741211,108.7300033569336,108.56999969482422,108.72000122070312,109832
2025-07-21 15:15:00+00:00,108.39510345458984,108.62000274658205,108.375,108.5999984741211,140970
2025-07-21 15:20:00+00:00,108.61000061035156,108.61000061035156,108.38999938964844,108.38999938964844,136709
2025-07-21 15:25:00+00:00,108.49500274658205,108.63999938964844,108.49500274658205,108.62000274658205,127383
2025-07-21 15:30:00+00:00,108.36499786376952,108.54859924316406,108.33390045166016,108.48999786376952,170194
2025-07-21 15:35:00+00:00,108.30500030517578,108.41000366210938,108.24500274658205,108.36000061035156,109489
2025-07-21 15:40:00+00:00,108.13040161132812,108.30999755859376,108.11499786376952,108.30999755859376,106693
2025-07-21 15:45:00+00:00,108.05470275878906,108.20500183105467,108.03500366210938,108.12000274658205,123409
2025-07-21 15:50:00+00:00,108.12000274658205,108.12000274658205,107.95999908447266,108.0500030517578,176893
2025-07-21 15:55:00+00:00,108.27330017089844,108.27330017089844,108.11499786376952,108.125,171646
2025-07-21 16:00:00+00:00,108.56999969482422,108.58000183105467,108.2750015258789,108.2750015258789,167306
2025-07-21 16:05:00+00:00,108.5749969482422,108.66999816894533,108.54000091552734,108.56999969482422,130968
2025-07-21 16:10:00+00:00,108.52999877929688,108.61000061035156,108.48999786376952,108.5739974975586,83344
2025-07-21 16:15:00+00:00,108.4800033569336,108.5707015991211,108.43499755859376,108.5250015258789,130631
2025-07-21 16:20:00+00:00,108.7249984741211,108.7300033569336,108.44000244140624,108.4800033569336,117997
2025-07-21 16:25:00+00:00,108.5500030517578,108.7300033569336,108.51000213623048,108.7249984741211,111068
2025-07-21 16:30:00+00:00,108.54499816894533,108.58000183105467,108.4800033569336,108.5500030517578,122502
2025-07-21 16:35:00+00:00,108.45500183105467,108.61000061035156,108.4499969482422,108.54000091552734,91465
2025-07-21 16:40:00+00:00,108.41999816894533,108.48999786376952,108.4000015258789,108.4499969482422,90089
2025-07-21 16:45:00+00:00,108.5500030517578,108.59500122070312,108.4000015258789,108.41000366210938,70676
2025-07-21 16:50:00+00:00,108.40499877929688,108.58999633789062,108.36499786376952,108.5500030517578,93327
2025-07-21 16:55:00+00:00,108.40499877929688,108.48999786376952,108.3949966430664,108.40499877929688,66441
2025-07-21 17:00:00+00:00,108.43499755859376,108.48999786376952,108.3499984741211,108.43000030517578,122135
2025-07-21 17:05:00+00:00,108.56999969482422,108.58000183105467,108.41000366210938,108.43000030517578,89413
2025-07-21 17:10:00+00:00,108.4749984741211,108.69000244140624,108.4749984741211,108.58000183105467,93993
2025-07-21 17:15:00+00:00,108.4749984741211,108.55500030517578,108.47000122070312,108.4749984741211,95001
2025-07-21 17:20:00+00:00,108.48500061035156,108.5999984741211,108.47000122070312,108.47000122070312,83420
2025-07-21 17:25:00+00:00,108.51499938964844,108.6050033569336,108.47000122070312,108.48500061035156,91582
2025-07-21 17:30:00+00:00,108.5500030517578,108.58999633789062,108.48500061035156,108.5199966430664,81849
2025-07-21 17:35:00+00:00,108.63999938964844,108.65499877929688,108.54000091552734,108.5500030517578,104829
2025-07-21 17:40:00+00:00,108.5749969482422,108.62999725341795,108.5199966430664,108.62999725341795,82541
2025-07-21 17:45:00+00:00,108.49500274658205,108.57969665527344,108.43499755859376,108.5749969482422,73486
2025-07-21 17:50:00+00:00,108.48999786376952,108.5199966430664,108.44499969482422,108.5,67374
2025-07-21 17:55:00+00:00,108.5,108.55999755859376,108.4800033569336,108.48580169677734,77633
2025-07-21 18:00:00+00:00,108.5,108.5749969482422,108.45999908447266,108.5,115227
2025-07-21 18:05:00+00:00,108.36499786376952,108.5,108.3499984741211,108.49500274658205,109589
2025-07-21 18:10:00+00:00,108.41000366210938,108.48500061035156,108.36499786376952,108.37000274658205,112707
2025-07-21 18:15:00+00:00,108.38999938964844,108.41500091552734,108.30500030517578,108.41500091552734,73378
2025-07-21 18:20:00+00:00,108.375,108.43499755859376,108.36499786376952,108.3949966430664,80679
2025-07-21 18:25:00+00:00,108.36499786376952,108.3949966430664,108.33999633789062,108.37000274658205,58708
2025-07-21 18:30:00+00:00,108.34500122070312,108.375,108.28500366210938,108.36499786376952,89481
2025-07-21 18:35:00+00:00,108.4000015258789,108.41500091552734,108.31500244140624,108.3467025756836,86407
2025-07-21 18:40:00+00:00,108.3949966430664,108.43000030517578,108.36000061035156,108.38999938964844,126268
2025-07-21 18:45:00+00:00,108.30500030517578,108.41000366210938,108.27839660644533,108.38999938964844,78442
2025-07-21 18:50:00+00:00,108.23999786376952,108.30500030517578,108.18499755859376,108.30500030517578,91977
2025-07-21 18:55:00+00:00,108.22000122070312,108.25499725341795,108.14009857177734,108.2300033569336,136541
2025-07-21 19:00:00+00:00,108.06500244140624,108.2300033569336,108.0593032836914,108.2249984741211,144398
2025-07-21 19:05:00+00:00,108.1050033569336,108.26000213623048,108.05999755859376,108.06500244140624,105287
2025-07-21 19:10:00+00:00,108.06282043457033,108.12000274658205,108.0250015258789,108.11000061035156,117359
2025-07-21 19:15:00+00:00,108.08999633789062,108.12999725341795,108.01499938964844,108.05999755859376,107405
2025-07-21 19:20:00+00:00,108.08499908447266,108.15499877929688,108.06999969482422,108.0999984741211,139303
2025-07-21 19:25:00+00:00,107.94499969482422,108.08999633789062,107.91999816894533,108.08000183105467,170231
2025-07-21 19:30:00+00:00,107.93499755859376,108.05500030517578,107.91999816894533,107.95999908447266,160063
2025-07-21 19:35:00+00:00,107.9499969482422,108.05500030517578,107.93499755859376,107.93499755859376,187309
2025-07-21 19:40:00+00:00,107.87000274658205,107.9800033569336,107.8550033569336,107.9499969482422,192223
2025-07-21 19:45:00+00:00,107.87000274658205,107.91999816894533,107.8249969482422,107.875,177381
2025-07-21 19:50:00+00:00,107.96499633789062,108.01000213623048,107.78070068359376,107.87000274658205,337404
2025-07-21 19:55:00+00:00,108.0749969482422,108.08999633789062,107.88500213623048,107.96499633789062,855192
2025-07-22 13:30:00+00:00,108.5,108.61000061035156,107.9000015258789,107.9800033569336,358382
2025-07-22 13:35:00+00:00,108.5718994140625,108.7300033569336,108.375,108.52999877929688,322469
2025-07-22 13:40:00+00:00,108.8196029663086,108.88909912109376,108.48500061035156,108.55999755859376,151947
2025-07-22 13:45:00+00:00,109.04000091552734,109.05500030517578,108.81999969482422,108.83000183105467,195049
2025-07-22 13:50:00+00:00,109.26000213623048,109.37999725341795,108.98999786376952,109.05999755859376,182197
2025-07-22 13:55:00+00:00,109.1500015258789,109.44000244140624,109.04499816894533,109.26000213623048,246489
2025-07-22 14:00:00+00:00,108.62999725341795,109.1500015258789,108.48999786376952,109.1500015258789,179476
2025-07-22 14:05:00+00:00,108.3499984741211,108.6999969482422,108.3000030517578,108.66000366210938,158157
2025-07-22 14:10:00+00:00,108.4499969482422,108.5,108.19000244140624,108.34500122070312,113622
2025-07-22 14:15:00+00:00,108.49500274658205,108.52999877929688,108.4000015258789,108.4499969482422,91884
2025-07-22 14:20:00+00:00,108.4000015258789,108.49500274658205,108.20929718017578,108.48999786376952,109406
2025-07-22 14:25:00+00:00,108.47000122070312,108.55989837646484,108.38999938964844,108.38999938964844,125990
2025-07-22 14:30:00+00:00,108.29499816894533,108.47000122070312,108.26000213623048,108.47000122070312,122898
2025-07-22 14:35:00+00:00,108.17179870605467,108.375,108.08999633789062,108.29989624023438,141498
2025-07-22 14:40:00+00:00,107.98999786376952,108.16999816894533,107.9749984741211,108.16500091552734,114284
2025-07-22 14:45:00+00:00,107.94000244140624,108.0,107.9000015258789,107.98999786376952,115588
2025-07-22 14:50:00+00:00,107.8499984741211,107.9499969482422,107.81999969482422,107.9499969482422,118582
2025-07-22 14:55:00+00:00,107.70500183105467,107.87000274658205,107.6999969482422,107.84200286865234,182807
2025-07-22 15:00:00+00:00,107.7300033569336,107.91000366210938,107.63009643554688,107.70999908447266,201904
2025-07-22 15:05:00+00:00,107.83499908447266,107.87000274658205,107.69840240478516,107.72000122070312,167766
2025-07-22 15:10:00+00:00,107.6999969482422,107.87010192871094,107.61000061035156,107.83999633789062,141958
2025-07-22 15:15:00+00:00,107.81999969482422,107.8499984741211,107.68000030517578,107.69000244140624,106188
2025-07-22 15:20:00+00:00,107.9250030517578,107.95999908447266,107.77999877929688,107.82039642333984,94178
2025-07-22 15:25:00+00:00,107.97000122070312,108.04499816894533,107.91999816894533,107.92520141601562,107126
2025-07-22 15:30:00+00:00,108.0749969482422,108.08999633789062,107.94499969482422,107.95999908447266,102910
2025-07-22 15:35:00+00:00,107.8499984741211,108.16999816894533,107.77999877929688,108.06999969482422,155996
2025-07-22 15:40:00+00:00,108.04000091552734,108.11000061035156,107.83999633789062,107.86000061035156,112200
2025-07-22 15:45:00+00:00,107.95500183105467,108.0999984741211,107.95500183105467,108.0500030517578,107312
2025-07-22 15:50:00+00:00,107.83999633789062,107.96620178222656,107.83999633789062,107.95999908447266,90274
2025-07-22 15:55:00+00:00,107.91999816894533,107.96499633789062,107.83000183105467,107.86000061035156,133954
2025-07-22 16:00:00+00:00,108.01000213623048,108.0500030517578,107.87999725341795,107.93000030517578,111327
2025-07-22 16:05:00+00:00,108.02999877929688,108.22000122070312,108.01499938964844,108.01499938964844,155021
2025-07-22 16:10:00+00:00,108.19000244140624,108.20999908447266,107.97000122070312,108.01499938964844,126301
2025-07-22 16:15:00+00:00,108.27999877929688,108.31999969482422,108.12999725341795,108.19000244140624,222037
2025-07-22 16:20:00+00:00,108.2750015258789,108.28990173339844,108.1750030517578,108.2699966430664,123387
2025-07-22 16:25:00+00:00,108.25,108.36499786376952,108.19000244140624,108.2750015258789,108013
2025-07-22 16:30:00+00:00,108.31999969482422,108.33000183105467,108.1500015258789,108.25,61704
2025-07-22 16:35:00+00:00,108.18000030517578,108.34519958496094,108.12000274658205,108.31500244140624,133689
2025-07-22 16:40:00+00:00,108.21499633789062,108.2750015258789,108.05999755859376,108.16000366210938,65854
2025-07-22 16:45:00+00:00,108.30999755859376,108.33999633789062,108.1999969482422,108.22000122070312,63273
2025-07-22 16:50:00+00:00,108.2699966430664,108.31500244140624,108.18830108642578,108.30999755859376,55448
2025-07-22 16:55:00+00:00,108.2750015258789,108.30500030517578,108.24500274658205,108.2699966430664,48476
2025-07-22 17:00:00+00:00,108.25,108.33999633789062,108.23999786376952,108.27999877929688,88255
2025-07-22 17:05:00+00:00,108.38999938964844,108.4000015258789,108.2300033569336,108.25,80790
2025-07-22 17:10:00+00:00,108.38500213623048,108.41000366210938,108.33000183105467,108.37999725341795,61628
2025-07-22 17:15:00+00:00,108.46499633789062,108.47000122070312,108.36000061035156,108.38500213623048,89621
2025-07-22 17:20:00+00:00,108.51809692382812,108.5199966430664,108.41999816894533,108.45999908447266,93018
2025-07-22 17:25:00+00:00,108.61280059814452,108.62999725341795,108.51499938964844,108.51499938964844,85595
2025-07-22 17:30:00+00:00,108.59500122070312,108.6500015258789,108.58000183105467,108.61000061035156,78627
2025-07-22 17:35:00+00:00,108.66000366210938,108.66000366210938,108.55999755859376,108.59500122070312,59339
2025-07-22 17:40:00+00:00,108.65899658203124,108.68499755859376,108.62000274658205,108.625,66414
2025-07-22 17:45:00+00:00,108.56500244140624,108.6750030517578,108.55999755859376,108.65499877929688,68205
2025-07-22 17:50:00+00:00,108.48500061035156,108.5999984741211,108.48500061035156,108.57830047607422,72704
2025-07-22 17:55:00+00:00,108.41500091552734,108.48410034179688,108.37999725341795,108.4800033569336,57810
2025-07-22 18:00:00+00:00,108.4499969482422,108.5199966430664,108.37000274658205,108.41000366210938,98832
2025-07-22 18:05:00+00:00,108.51000213623048,108.58999633789062,108.4499969482422,108.4499969482422,104175
2025-07-22 18:10:00+00:00,108.49500274658205,108.54000091552734,108.4749984741211,108.5,58913
2025-07-22 18:15:00+00:00,108.43000030517578,108.52999877929688,108.37999725341795,108.5,86961
2025-07-22 18:20:00+00:00,108.5199966430664,108.5500030517578,108.3550033569336,108.43000030517578,97771
2025-07-22 18:25:00+00:00,108.54000091552734,108.5500030517578,108.41999816894533,108.51499938964844,100816
2025-07-22 18:30:00+00:00,108.5999984741211,108.5999984741211,108.51000213623048,108.54000091552734,99215
2025-07-22 18:35:00+00:00,108.5999984741211,108.6999969482422,108.55999755859376,108.58999633789062,155477
2025-07-22 18:40:00+00:00,108.5250015258789,108.68000030517578,108.5199966430664,108.63500213623048,109742
2025-07-22 18:45:00+00:00,108.52999877929688,108.56999969482422,108.5,108.5199966430664,78651
2025-07-22 18:50:00+00:00,108.65499877929688,108.6999969482422,108.52999877929688,108.53500366210938,100543
2025-07-22 18:55:00+00:00,108.58000183105467,108.6500015258789,108.51499938964844,108.6500015258789,79305
2025-07-22 19:00:00+00:00,108.5999984741211,108.66000366210938,108.54499816894533,108.56999969482422,88673
2025-07-22 19:05:00+00:00,108.55999755859376,108.5999984741211,108.5,108.5999984741211,79068
2025-07-22 19:10:00+00:00,108.58619689941406,108.61000061035156,108.53500366210938,108.55999755859376,117580
2025-07-22 19:15:00+00:00,108.625,108.63009643554688,108.54499816894533,108.58999633789062,145875
2025-07-22 19:20:00+00:00,108.55999755859376,108.63999938964844,108.54000091552734,108.62000274658205,131960
2025-07-22 19:25:00+00:00,108.55999755859376,108.58000183105467,108.47000122070312,108.5500030517578,152680
2025-07-22 19:30:00+00:00,108.54499816894533,108.58999633789062,108.52999877929688,108.56999969482422,134160
2025-07-22 19:35:00+00:00,108.51499938964844,108.55999755859376,108.47480010986328,108.54000091552734,124923
2025-07-22 19:40:00+00:00,108.56999969482422,108.57260131835938,108.44499969482422,108.5199966430664,120934
2025-07-22 19:45:00+00:00,108.6750030517578,108.72000122070312,108.55999755859376,108.56500244140624,172479
2025-07-22 19:50:00+00:00,108.4250030517578,108.6750030517578,108.4000015258789,108.66999816894533,1068812
2025-07-22 19:55:00+00:00,108.51000213623048,108.63500213623048,108.4250030517578,108.43000030517578,777066
2025-07-23 13:30:00+00:00,109.12079620361328,109.29000091552734,108.8499984741211,108.91500091552734,240942
2025-07-23 13:35:00+00:00,109.20999908447266,109.2699966430664,109.02999877929688,109.16500091552734,209923
2025-07-23 13:40:00+00:00,109.16999816894533,109.19000244140624,108.87999725341795,109.19000244140624,166069
2025-07-23 13:45:00+00:00,109.12999725341795,109.46199798583984,109.0999984741211,109.1750030517578,171945
2025-07-23 13:50:00+00:00,109.0500030517578,109.1999969482422,108.87000274658205,109.16999816894533,112170
2025-07-23 13:55:00+00:00,109.13999938964844,109.19000244140624,108.9800033569336,109.03500366210938,121058
2025-07-23 14:00:00+00:00,109.37000274658205,109.37999725341795,109.13999938964844,109.15499877929688,152694
2025-07-23 14:05:00+00:00,109.44000244140624,109.5500030517578,109.30999755859376,109.37999725341795,166571
2025-07-23 14:10:00+00:00,109.47000122070312,109.53199768066406,109.31999969482422,109.43000030517578,169508
2025-07-23 14:15:00+00:00,109.52999877929688,109.60009765625,109.31999969482422,109.45999908447266,128516
2025-07-23 14:20:00+00:00,109.4800033569336,109.58999633789062,109.35009765625,109.51499938964844,139850
2025-07-23 14:25:00+00:00,109.37999725341795,109.5999984741211,109.36499786376952,109.48999786376952,141866
2025-07-23 14:30:00+00:00,109.4499969482422,109.58999633789062,109.3499984741211,109.38999938964844,171838
2025-07-23 14:35:00+00:00,109.51499938964844,109.55999755859376,109.41000366210938,109.46499633789062,122446
2025-07-23 14:40:00+00:00,109.36499786376952,109.5500030517578,109.33000183105467,109.5199966430664,259471
2025-07-23 14:45:00+00:00,109.1999969482422,109.48999786376952,109.19499969482422,109.37000274658205,148165
2025-07-23 14:50:00+00:00,109.1750030517578,109.1999969482422,109.09500122070312,109.18000030517578,138558
2025-07-23 14:55:00+00:00,109.24500274658205,109.29989624023438,109.18499755859376,109.18499755859376,74951
2025-07-23 15:00:00+00:00,109.26000213623048,109.33000183105467,109.18000030517578,109.31009674072266,99120
2025-07-23 15:05:00+00:00,109.52999877929688,109.5500030517578,109.2301025390625,109.25499725341795,151824
2025-07-23 15:10:00+00:00,109.62000274658205,109.66999816894533,109.52999877929688,109.53900146484376,196649
2025-07-23 15:15:00+00:00,109.62999725341795,109.70999908447266,109.59500122070312,109.61000061035156,152273
2025-07-23 15:20:00+00:00,109.5,109.62529754638672,109.46499633789062,109.625,108875
2025-07-23 15:25:00+00:00,109.41999816894533,109.58999633789062,109.36499786376952,109.51000213623048,162385
2025-07-23 15:30:00+00:00,109.4250030517578,109.54000091552734,109.3499984741211,109.43000030517578,119281
2025-07-23 15:35:00+00:00,109.3499984741211,109.4800033569336,109.29000091552734,109.43440246582033,99625
2025-07-23 15:40:00+00:00,109.47000122070312,109.4800033569336,109.33000183105467,109.34500122070312,58351
2025-07-23 15:45:00+00:00,109.51499938964844,109.55500030517578,109.4093017578125,109.47000122070312,82510
2025-07-23 15:50:00+00:00,109.52999877929688,109.6050033569336,109.45999908447266,109.4637222290039,104415
2025-07-23 15:55:00+00:00,109.73500061035156,109.7500991821289,109.52999877929688,109.52999877929688,172338
2025-07-23 16:00:00+00:00,109.81500244140624,109.8249969482422,109.6050033569336,109.73999786376952,153415
2025-07-23 16:05:00+00:00,109.70999908447266,109.91000366210938,109.6999969482422,109.81999969482422,134608
2025-07-23 16:10:00+00:00,109.7699966430664,109.8000030517578,109.68499755859376,109.72000122070312,113459
2025-07-23 16:15:00+00:00,109.91000366210938,109.93000030517578,109.7249984741211,109.76000213623048,97770
2025-07-23 16:20:00+00:00,109.91999816894533,109.97000122070312,109.83499908447266,109.91000366210938,89993
2025-07-23 16:25:00+00:00,109.81999969482422,109.94000244140624,109.81999969482422,109.91999816894533,77483
2025-07-23 16:30:00+00:00,109.78500366210938,109.91999816894533,109.76010131835938,109.81999969482422,106872
2025-07-23 16:35:00+00:00,109.75,109.83000183105467,109.73999786376952,109.79000091552734,73864
2025-07-23 16:40:00+00:00,109.56600189208984,109.76499938964844,109.55999755859376,109.75,80814
2025-07-23 16:45:00+00:00,109.45999908447266,109.63999938964844,109.44000244140624,109.55999755859376,91183
2025-07-23 16:50:00+00:00,109.44000244140624,109.5250015258789,109.44000244140624,109.45999908447266,70787
2025-07-23 16:55:00+00:00,109.4800033569336,109.54000091552734,109.41999816894533,109.43499755859376,140148
2025-07-23 17:00:00+00:00,109.5999984741211,109.62650299072266,109.44499969482422,109.4800033569336,69964
2025-07-23 17:05:00+00:00,109.66500091552734,109.68000030517578,109.60009765625,109.61499786376952,86148
2025-07-23 17:10:00+00:00,109.73999786376952,109.79499816894533,109.6500015258789,109.66999816894533,123012
2025-07-23 17:15:00+00:00,109.8000030517578,109.88999938964844,109.7301025390625,109.75,87308
2025-07-23 17:20:00+00:00,109.81999969482422,109.8499984741211,109.75,109.8249969482422,60300
2025-07-23 17:25:00+00:00,109.74500274658205,109.86000061035156,109.74500274658205,109.81999969482422,77352
2025-07-23 17:30:00+00:00,109.69000244140624,109.8000030517578,109.68000030517578,109.75,80736
2025-07-23 17:35:00+00:00,109.70500183105467,109.73999786376952,109.6449966430664,109.68499755859376,78942
2025-07-23 17:40:00+00:00,109.77999877929688,109.8000030517578,109.68499755859376,109.70500183105467,95554
2025-07-23 17:45:00+00:00,109.8000030517578,109.87000274658205,109.76000213623048,109.7750015258789,103934
2025-07-23 17:50:00+00:00,109.78089904785156,109.81999969482422,109.63999938964844,109.8000030517578,128076
2025-07-23 17:55:00+00:00,109.79499816894533,109.8249969482422,109.75499725341795,109.79010009765624,123228
2025-07-23 18:00:00+00:00,109.96499633789062,109.97000122070312,109.8000030517578,109.8000030517578,85431
2025-07-23 18:05:00+00:00,109.79499816894533,109.97899627685548,109.79000091552734,109.96499633789062,86781
2025-07-23 18:10:00+00:00,109.83000183105467,109.86499786376952,109.75,109.79000091552734,71866
2025-07-23 18:15:00+00:00,109.87582397460938,109.8949966430664,109.8249969482422,109.86000061035156,72957
2025-07-23 18:20:00+00:00,109.80500030517578,109.9000015258789,109.7300033569336,109.87999725341795,67859
2025-07-23 18:25:00+00:00,109.76499938964844,109.8000030517578,109.71499633789062,109.8000030517578,106353
2025-07-23 18:30:00+00:00,109.8499984741211,109.87000274658205,109.7699966430664,109.7699966430664,84448
2025-07-23 18:35:00+00:00,109.81999969482422,109.9000015258789,109.81999969482422,109.8499984741211,72522
2025-07-23 18:40:00+00:00,109.91000366210938,109.93000030517578,109.80500030517578,109.80999755859376,62967
2025-07-23 18:45:00+00:00,109.91000366210938,109.93000030517578,109.87989807128906,109.91000366210938,63396
2025-07-23 18:50:00+00:00,109.9250030517578,109.94000244140624,109.86000061035156,109.91500091552734,65062
2025-07-23 18:55:00+00:00,109.73999786376952,109.91999816894533,109.7249984741211,109.91999816894533,114731
2025-07-23 19:00:00+00:00,109.76000213623048,109.83999633789062,109.75,109.76000213623048,80784
2025-07-23 19:05:00+00:00,109.67669677734376,109.76000213623048,109.62999725341795,109.75499725341795,91108
2025-07-23 19:10:00+00:00,109.66500091552734,109.72000122070312,109.6500015258789,109.66999816894533,99925
2025-07-23 19:15:00+00:00,109.58999633789062,109.6698989868164,109.56999969482422,109.66500091552734,95336
2025-07-23 19:20:00+00:00,109.63500213623048,109.6449966430664,109.5999984741211,109.5999984741211,93110
2025-07-23 19:25:00+00:00,109.66999816894533,109.6999969482422,109.6050033569336,109.63999938964844,89584
2025-07-23 19:30:00+00:00,109.76499938964844,109.8249969482422,109.6510009765625,109.66999816894533,153726
2025-07-23 19:35:00+00:00,109.79499816894533,109.83999633789062,109.73999786376952,109.76499938964844,100830
2025-07-23 19:40:00+00:00,109.83000183105467,109.87000274658205,109.76499938964844,109.79989624023438,128121
2025-07-23 19:45:00+00:00,109.91000366210938,109.96499633789062,109.81500244140624,109.8249969482422,146078
2025-07-23 19:50:00+00:00,109.94000244140624,110.0,109.83000183105467,109.91000366210938,1029963
2025-07-23 19:55:00+00:00,109.98999786376952,109.98999786376952,109.81500244140624,109.94000244140624,619038
2025-07-24 13:30:00+00:00,109.33999633789062,109.72000122070312,109.12999725341795,109.37999725341795,377704
2025-07-24 13:35:00+00:00,109.30999755859376,109.37999725341795,109.125,109.33000183105467,116243
2025-07-24 13:40:00+00:00,109.27999877929688,109.30999755859376,109.16500091552734,109.30999755859376,122868
2025-07-24 13:45:00+00:00,109.4000015258789,109.53500366210938,109.29000091552734,109.29000091552734,100979
2025-07-24 13:50:00+00:00,109.41000366210938,109.55999755859376,109.36499786376952,109.41999816894533,133288
2025-07-24 13:55:00+00:00,109.41000366210938,109.472900390625,109.26499938964844,109.4000015258789,190622
2025-07-24 14:00:00+00:00,109.61000061035156,109.72000122070312,109.31999969482422,109.41000366210938,138483
2025-07-24 14:05:00+00:00,109.6449966430664,109.66999816894533,109.46499633789062,109.61000061035156,139409
2025-07-24 14:10:00+00:00,109.68990325927734,109.79499816894533,109.58999633789062,109.6449966430664,164564
2025-07-24 14:15:00+00:00,109.68000030517578,109.6999969482422,109.48999786376952,109.68499755859376,125851
2025-07-24 14:20:00+00:00,109.8550033569336,109.87999725341795,109.625,109.68000030517578,186558
2025-07-24 14:25:00+00:00,109.9800033569336,110.0,109.84500122070312,109.86000061035156,107599
2025-07-24 14:30:00+00:00,110.09500122070312,110.0999984741211,109.91999816894533,109.9800033569336,170819
2025-07-24 14:35:00+00:00,110.13999938964844,110.19000244140624,110.02999877929688,110.09500122070312,196593
2025-07-24 14:40:00+00:00,110.25499725341795,110.2750015258789,110.1500015258789,110.16220092773438,91607
2025-07-24 14:45:00+00:00,110.41500091552734,110.44519805908205,110.23999786376952,110.26000213623048,81749
2025-07-24 14:50:00+00:00,110.48500061035156,110.5199966430664,110.36000061035156,110.41999816894533,120731
2025-07-24 14:55:00+00:00,110.3499984741211,110.4800033569336,110.23999786376952,110.4800033569336,115899
2025-07-24 15:00:00+00:00,110.29000091552734,110.45999908447266,110.29000091552734,110.3499984741211,121931
2025-07-24 15:05:00+00:00,110.4749984741211,110.48500061035156,110.13999938964844,110.28800201416016,193654
2025-07-24 15:10:00+00:00,110.5,110.625,110.4499969482422,110.47000122070312,140649
2025-07-24 15:15:00+00:00,110.33999633789062,110.56999969482422,110.3249969482422,110.5,176265
2025-07-24 15:20:00+00:00,110.11000061035156,110.36499786376952,110.0500030517578,110.34500122070312,117823
2025-07-24 15:25:00+00:00,110.38500213623048,110.40499877929688,110.0250015258789,110.11499786376952,109194
2025-07-24 15:30:00+00:00,110.26699829101562,110.38500213623048,110.25,110.37999725341795,89691
2025-07-24 15:35:00+00:00,110.5,110.52999877929688,110.26000213623048,110.2699966430664,87180
2025-07-24 15:40:00+00:00,110.5749969482422,110.61990356445312,110.41500091552734,110.48999786376952,80300
2025-07-24 15:45:00+00:00,110.54000091552734,110.5999984741211,110.52999877929688,110.55999755859376,77207
2025-07-24 15:50:00+00:00,110.59500122070312,110.6449966430664,110.54000091552734,110.54499816894533,71883
2025-07-24 15:55:00+00:00,110.66500091552734,110.71499633789062,110.59500122070312,110.59500122070312,71879
2025-07-24 16:00:00+00:00,110.76000213623048,110.7750015258789,110.58499908447266,110.66500091552734,102293
2025-07-24 16:05:00+00:00,110.63500213623048,110.7698974609375,110.61499786376952,110.75,105957
2025-07-24 16:10:00+00:00,110.51000213623048,110.63999938964844,110.4800033569336,110.63839721679688,72405
2025-07-24 16:15:00+00:00,110.49500274658205,110.62000274658205,110.4499969482422,110.51000213623048,100522
2025-07-24 16:20:00+00:00,110.44499969482422,110.55999755859376,110.38999938964844,110.49500274658205,85630
2025-07-24 16:25:00+00:00,110.45999908447266,110.48999786376952,110.3949966430664,110.44499969482422,75487
2025-07-24 16:30:00+00:00,109.94000244140624,110.56500244140624,109.61000061035156,110.45999908447266,543716
2025-07-24 16:35:00+00:00,110.44000244140624,110.5,109.91999816894533,109.93499755859376,143626
2025-07-24 16:40:00+00:00,110.62999725341795,110.62999725341795,110.43000030517578,110.43000030517578,122259
2025-07-24 16:45:00+00:00,110.5199966430664,110.7249984741211,110.45800018310548,110.6500015258789,132393
2025-07-24 16:50:00+00:00,110.5,110.625,110.45500183105467,110.5250015258789,116326
2025-07-24 16:55:00+00:00,110.33999633789062,110.49539947509766,110.3000030517578,110.48999786376952,112368
2025-07-24 17:00:00+00:00,110.5199966430664,110.56999969482422,110.33499908447266,110.36000061035156,164951
2025-07-24 17:05:00+00:00,110.62999725341795,110.69000244140624,110.49500274658205,110.5199966430664,74504
2025-07-24 17:10:00+00:00,110.73999786376952,110.8000030517578,110.61000061035156,110.6449966430664,71883
2025-07-24 17:15:00+00:00,110.58989715576172,110.75,110.55500030517578,110.73999786376952,90739
2025-07-24 17:20:00+00:00,110.4800033569336,110.625,110.4800033569336,110.58999633789062,73387
2025-07-24 17:25:00+00:00,110.61000061035156,110.625,110.45500183105467,110.47000122070312,63725
2025-07-24 17:30:00+00:00,110.58000183105467,110.66999816894533,110.53009796142578,110.6050033569336,64126
2025-07-24 17:35:00+00:00,110.58999633789062,110.6449966430664,110.5500030517578,110.58499908447266,68167
2025-07-24 17:40:00+00:00,110.54000091552734,110.62000274658205,110.5199966430664,110.59500122070312,53398
2025-07-24 17:45:00+00:00,110.62000274658205,110.62000274658205,110.5199966430664,110.53500366210938,52836
2025-07-24 17:50:00+00:00,110.58000183105467,110.625,110.55419921875,110.625,66377
2025-07-24 17:55:00+00:00,110.54499816894533,110.64620208740234,110.54000091552734,110.5749969482422,47029
2025-07-24 18:00:00+00:00,110.68499755859376,110.74500274658205,110.5500030517578,110.5500030517578,71187
2025-07-24 18:05:00+00:00,110.66000366210938,110.68499755859376,110.56500244140624,110.68000030517578,80606
2025-07-24 18:10:00+00:00,110.75499725341795,110.79000091552734,110.6500015258789,110.66000366210938,77300
2025-07-24 18:15:00+00:00,110.72000122070312,110.8249969482422,110.70970153808594,110.76000213623048,87107
2025-07-24 18:20:00+00:00,110.75499725341795,110.77999877929688,110.71499633789062,110.72000122070312,62476
2025-07-24 18:25:00+00:00,110.83999633789062,110.91999816894533,110.74400329589844,110.75,91236
2025-07-24 18:30:00+00:00,110.8499984741211,110.8979034423828,110.7699966430664,110.83499908447266,78495
2025-07-24 18:35:00+00:00,110.83000183105467,110.87999725341795,110.80999755859376,110.8499984741211,57234
2025-07-24 18:40:00+00:00,110.83499908447266,110.86499786376952,110.80899810791016,110.83999633789062,58214
2025-07-24 18:45:00+00:00,110.79499816894533,110.83999633789062,110.7300033569336,110.83999633789062,100674
2025-07-24 18:50:00+00:00,110.73500061035156,110.8000030517578,110.70500183105467,110.8000030517578,60229
2025-07-24 18:55:00+00:00,110.69000244140624,110.73999786376952,110.6500015258789,110.7300033569336,122448
2025-07-24 19:00:00+00:00,110.66500091552734,110.72000122070312,110.50499725341795,110.69989776611328,98328
2025-07-24 19:05:00+00:00,110.66000366210938,110.6999969482422,110.62358856201172,110.66000366210938,60258
2025-07-24 19:10:00+00:00,110.73999786376952,110.76499938964844,110.643798828125,110.643798828125,70936
2025-07-24 19:15:00+00:00,110.74500274658205,110.78500366210938,110.71499633789062,110.73500061035156,159983
2025-07-24 19:20:00+00:00,110.72100067138672,110.7699966430664,110.6707000732422,110.75,165341
2025-07-24 19:25:00+00:00,110.58000183105467,110.69000244140624,110.55999755859376,110.6750030517578,207554
2025-07-24 19:30:00+00:00,110.71499633789062,110.79499816894533,110.58999633789062,110.58999633789062,159785
2025-07-24 19:35:00+00:00,110.71499633789062,110.76499938964844,110.66999816894533,110.70500183105467,109784
2025-07-24 19:40:00+00:00,110.7699966430664,110.78500366210938,110.66999816894533,110.70999908447266,181141
2025-07-24 19:45:00+00:00,110.69000244140624,110.77999877929688,110.58999633789062,110.7699966430664,204831
2025-07-24 19:50:00+00:00,110.86840057373048,110.90499877929688,110.625,110.6999969482422,1035182
2025-07-24 19:55:00+00:00,110.83000183105467,110.9499969482422,110.77999877929688,110.87000274658205,663442
2025-07-25 13:30:00+00:00,110.70999908447266,110.93000030517578,110.6500015258789,110.7300033569336,279856
2025-07-25 13:35:00+00:00,110.6500015258789,110.8499984741211,110.6500015258789,110.72000122070312,133362
2025-07-25 13:40:00+00:00,110.55500030517578,110.79499816894533,110.54000091552734,110.6500015258789,221382
2025-07-25 13:45:00+00:00,110.41999816894533,110.5749969482422,110.29499816894533,110.55999755859376,163989
2025-07-25 13:50:00+00:00,110.16999816894533,110.43000030517578,110.16010284423828,110.41500091552734,143936
2025-07-25 13:55:00+00:00,110.16300201416016,110.20500183105467,110.11000061035156,110.16000366210938,89259
2025-07-25 14:00:00+00:00,110.08499908447266,110.3000030517578,110.06999969482422,110.1500015258789,198221
2025-07-25 14:05:00+00:00,109.98999786376952,110.12999725341795,109.93000030517578,110.08000183105467,167098
2025-07-25 14:10:00+00:00,109.76000213623048,110.03500366210938,109.75,109.97470092773438,170142
2025-07-25 14:15:00+00:00,109.98999786376952,110.0199966430664,109.6999969482422,109.75,138317
2025-07-25 14:20:00+00:00,109.8499984741211,110.0199966430664,109.81999969482422,109.98999786376952,121128
2025-07-25 14:25:00+00:00,109.87000274658205,109.9800033569336,109.83999633789062,109.83999633789062,124234
2025-07-25 14:30:00+00:00,109.8249969482422,109.92990112304688,109.81999969482422,109.875,113845
2025-07-25 14:35:00+00:00,109.9800033569336,110.02999877929688,109.83000183105467,109.83000183105467,81215
2025-07-25 14:40:00+00:00,109.86000061035156,109.98999786376952,109.83999633789062,109.97419738769533,79996
2025-07-25 14:45:00+00:00,109.7699966430664,109.95999908447266,109.7300033569336,109.86000061035156,95292
2025-07-25 14:50:00+00:00,109.875,109.91999816894533,109.7750015258789,109.79000091552734,88544
2025-07-25 14:55:00+00:00,109.91000366210938,109.91000366210938,109.76499938964844,109.87000274658205,138925
2025-07-25 15:00:00+00:00,110.01000213623048,110.0999984741211,109.8249969482422,109.9000015258789,114121
2025-07-25 15:05:00+00:00,110.11000061035156,110.1352996826172,110.0199966430664,110.02989959716795,72050
2025-07-25 15:10:00+00:00,110.08000183105467,110.12000274658205,109.9250030517578,110.12000274658205,94622
2025-07-25 15:15:00+00:00,109.97000122070312,110.19000244140624,109.96009826660156,110.1449966430664,86921
2025-07-25 15:20:00+00:00,110.03500366210938,110.12000274658205,109.95500183105467,109.9749984741211,86749
2025-07-25 15:25:00+00:00,110.0999984741211,110.20999908447266,110.0199966430664,110.03500366210938,125908
2025-07-25 15:30:00+00:00,110.16000366210938,110.16999816894533,109.98500061035156,110.08000183105467,75764
2025-07-25 15:35:00+00:00,110.20999908447266,110.27999877929688,110.0500030517578,110.16999816894533,104612
2025-07-25 15:40:00+00:00,110.18499755859376,110.22000122070312,110.13999938964844,110.21499633789062,40260
2025-07-25 15:45:00+00:00,110.1050033569336,110.20500183105467,110.0999984741211,110.18499755859376,45236
2025-07-25 15:50:00+00:00,110.1050033569336,110.1500015258789,110.05999755859376,110.11000061035156,61117
2025-07-25 15:55:00+00:00,110.0500030517578,110.12000274658205,110.0,110.0999984741211,78532
2025-07-25 16:00:00+00:00,110.16999816894533,110.2300033569336,110.05999755859376,110.05999755859376,52781
2025-07-25 16:05:00+00:00,110.1999969482422,110.24500274658205,110.16999816894533,110.16999816894533,56779
2025-07-25 16:10:00+00:00,110.3000030517578,110.31500244140624,110.19499969482422,110.20999908447266,79643
2025-07-25 16:15:00+00:00,110.34500122070312,110.375,110.2300033569336,110.30999755859376,59787
2025-07-25 16:20:00+00:00,110.3499984741211,110.40499877929688,110.30999755859376,110.33999633789062,69629
2025-07-25 16:25:00+00:00,110.45500183105467,110.52999877929688,110.36000061035156,110.36000061035156,51170
2025-07-25 16:30:00+00:00,110.48999786376952,110.5,110.45500183105467,110.46499633789062,340492
2025-07-25 16:35:00+00:00,110.4499969482422,110.54000091552734,110.4499969482422,110.48999786376952,50472
2025-07-25 16:40:00+00:00,110.43499755859376,110.51000213623048,110.40249633789062,110.43810272216795,75842
2025-07-25 16:45:00+00:00,110.5500030517578,110.5500030517578,110.44000244140624,110.44000244140624,44103
2025-07-25 16:50:00+00:00,110.5500030517578,110.63999938964844,110.52999877929688,110.55010223388672,44237
2025-07-25 16:55:00+00:00,110.61499786376952,110.62999725341795,110.53849792480467,110.54000091552734,44744
2025-07-25 17:00:00+00:00,110.66999816894533,110.68000030517578,110.56999969482422,110.62000274658205,65937
2025-07-25 17:05:00+00:00,110.68000030517578,110.68070220947266,110.62000274658205,110.66999816894533,54552
2025-07-25 17:10:00+00:00,110.6500015258789,110.72000122070312,110.61000061035156,110.69000244140624,92140
2025-07-25 17:15:00+00:00,110.625,110.66999816894533,110.58999633789062,110.6500015258789,59296
2025-07-25 17:20:00+00:00,110.63300323486328,110.67520141601562,110.58999633789062,110.62999725341795,60026
2025-07-25 17:25:00+00:00,110.69000244140624,110.73500061035156,110.62000274658205,110.63999938964844,41171
2025-07-25 17:30:00+00:00,110.68000030517578,110.75499725341795,110.65499877929688,110.69499969482422,67104
2025-07-25 17:35:00+00:00,110.63999938964844,110.70500183105467,110.63500213623048,110.68499755859376,72506
2025-07-25 17:40:00+00:00,110.70500183105467,110.71499633789062,110.61499786376952,110.63500213623048,65374
2025-07-25 17:45:00+00:00,110.6999969482422,110.73999786376952,110.68299865722656,110.70500183105467,47532
2025-07-25 17:50:00+00:00,110.76499938964844,110.77999877929688,110.70500183105467,110.70500183105467,215282
2025-07-25 17:55:00+00:00,110.7699966430664,110.7759017944336,110.7301025390625,110.76010131835938,38816
2025-07-25 18:00:00+00:00,110.80989837646484,110.83000183105467,110.77760314941406,110.77999877929688,51938
2025-07-25 18:05:00+00:00,110.8000030517578,110.8499984741211,110.77999877929688,110.79499816894533,62896
2025-07-25 18:10:00+00:00,110.84500122070312,110.9000015258789,110.77999877929688,110.8000030517578,89500
2025-07-25 18:15:00+00:00,110.9000015258789,110.91999816894533,110.83999633789062,110.84500122070312,47009
2025-07-25 18:20:00+00:00,110.8499984741211,110.9000015258789,110.83000183105467,110.8949966430664,52570
2025-07-25 18:25:00+00:00,110.79000091552734,110.8499984741211,110.7300033569336,110.8499984741211,66170
2025-07-25 18:30:00+00:00,110.8000030517578,110.80999755859376,110.75,110.8000030517578,58543
2025-07-25 18:35:00+00:00,110.83999633789062,110.90499877929688,110.80500030517578,110.80999755859376,66718
2025-07-25 18:40:00+00:00,110.7750015258789,110.86820220947266,110.7750015258789,110.8499984741211,39328
2025-07-25 18:45:00+00:00,110.86499786376952,110.86499786376952,110.77999877929688,110.77999877929688,45492
2025-07-25 18:50:00+00:00,110.93499755859376,110.97000122070312,110.83499908447266,110.86499786376952,63218
2025-07-25 18:55:00+00:00,110.93499755859376,110.97000122070312,110.88999938964844,110.94000244140624,56272
2025-07-25 19:00:00+00:00,110.95999908447266,110.95999908447266,110.9000015258789,110.93000030517578,72954
2025-07-25 19:05:00+00:00,110.8949966430664,110.9800033569336,110.8949966430664,110.95999908447266,66818
2025-07-25 19:10:00+00:00,110.91500091552734,110.9499969482422,110.8949966430664,110.8949966430664,64410
2025-07-25 19:15:00+00:00,110.85240173339844,110.91500091552734,110.84500122070312,110.91500091552734,78392
2025-07-25 19:20:00+00:00,110.72000122070312,110.86000061035156,110.6999969482422,110.8499984741211,105368
2025-07-25 19:25:00+00:00,110.7249984741211,110.77999877929688,110.69000244140624,110.7300033569336,60790
2025-07-25 19:30:00+00:00,110.79499816894533,110.80999755859376,110.7249984741211,110.7249984741211,85875
2025-07-25 19:35:00+00:00,110.80999755859376,110.8499984741211,110.7699966430664,110.80999755859376,73866
2025-07-25 19:40:00+00:00,110.79499816894533,110.8499984741211,110.79010009765624,110.80500030517578,92410
2025-07-25 19:45:00+00:00,110.70999908447266,110.81999969482422,110.6999969482422,110.79499816894533,127615
2025-07-25 19:50:00+00:00,110.4499969482422,110.6999969482422,110.44499969482422,110.6999969482422,283443
2025-07-25 19:55:00+00:00,110.43499755859376,110.5250015258789,110.37000274658205,110.4499969482422,1059179
2025-07-28 13:30:00+00:00,111.69499969482422,111.80999755859376,110.83999633789062,111.0,584282
2025-07-28 13:35:00+00:00,111.65499877929688,111.83999633789062,111.5500030517578,111.66000366210938,150868
2025-07-28 13:40:00+00:00,111.30999755859376,111.66999816894533,111.2750015258789,111.66999816894533,152157
2025-07-28 13:45:00+00:00,111.26000213623048,111.38999938964844,111.19000244140624,111.30500030517578,222367
2025-07-28 13:50:00+00:00,111.4499969482422,111.47000122070312,111.17120361328124,111.29000091552734,106887
2025-07-28 13:55:00+00:00,111.41999816894533,111.45500183105467,111.29499816894533,111.44499969482422,115436
2025-07-28 14:00:00+00:00,111.6500015258789,111.66000366210938,111.375,111.41999816894533,195328
2025-07-28 14:05:00+00:00,111.6999969482422,111.81500244140624,111.56999969482422,111.66000366210938,259753
2025-07-28 14:10:00+00:00,111.54000091552734,111.71499633789062,111.53479766845705,111.6999969482422,129553
2025-07-28 14:15:00+00:00,111.7300033569336,111.7300033569336,111.45999908447266,111.54000091552734,123530
2025-07-28 14:20:00+00:00,111.45500183105467,111.73999786376952,111.42990112304688,111.73999786376952,133337
2025-07-28 14:25:00+00:00,111.66999816894533,111.69499969482422,111.4001007080078,111.44719696044922,111634
2025-07-28 14:30:00+00:00,111.54000091552734,111.66000366210938,111.50499725341795,111.66000366210938,105072
2025-07-28 14:35:00+00:00,111.5500030517578,111.61000061035156,111.49500274658205,111.5500030517578,79320
2025-07-28 14:40:00+00:00,111.61499786376952,111.61499786376952,111.45999908447266,111.54000091552734,138291
2025-07-28 14:45:00+00:00,111.71499633789062,111.73500061035156,111.5250015258789,111.56999969482422,100861
2025-07-28 14:50:00+00:00,111.74500274658205,111.80500030517578,111.66000366210938,111.72000122070312,90299
2025-07-28 14:55:00+00:00,111.79000091552734,111.81999969482422,111.66999816894533,111.73999786376952,76116
2025-07-28 15:00:00+00:00,111.84400177001952,111.8499984741211,111.71099853515624,111.78500366210938,89934
2025-07-28 15:05:00+00:00,111.73999786376952,111.875,111.73999786376952,111.8458023071289,69271
2025-07-28 15:10:00+00:00,111.86990356445312,111.87000274658205,111.66000366210938,111.73999786376952,86292
2025-07-28 15:15:00+00:00,112.05999755859376,112.05999755859376,111.86000061035156,111.87000274658205,137421
2025-07-28 15:20:00+00:00,111.97000122070312,112.10780334472656,111.93000030517578,112.0500030517578,99354
2025-07-28 15:25:00+00:00,111.88999938964844,111.96499633789062,111.78500366210938,111.95999908447266,82878
2025-07-28 15:30:00+00:00,111.93000030517578,111.98999786376952,111.83499908447266,111.88999938964844,65997
2025-07-28 15:35:00+00:00,111.84500122070312,111.94000244140624,111.7699966430664,111.94000244140624,81532
2025-07-28 15:40:00+00:00,111.8249969482422,111.91500091552734,111.81999969482422,111.84500122070312,70882
2025-07-28 15:45:00+00:00,111.8499984741211,111.9749984741211,111.81999969482422,111.8249969482422,64465
2025-07-28 15:50:00+00:00,111.95449829101562,111.97000122070312,111.8499984741211,111.8499984741211,60944
2025-07-28 15:55:00+00:00,111.86499786376952,111.95500183105467,111.84500122070312,111.9499969482422,85597
2025-07-28 16:00:00+00:00,111.8499984741211,111.95800018310548,111.83000183105467,111.86849975585938,79033
2025-07-28 16:05:00+00:00,111.80999755859376,111.86499786376952,111.78500366210938,111.8499984741211,63624
2025-07-28 16:10:00+00:00,111.75240325927734,111.82520294189452,111.7300033569336,111.80500030517578,64929
2025-07-28 16:15:00+00:00,111.79499816894533,111.84500122070312,111.73500061035156,111.75,66500
2025-07-28 16:20:00+00:00,111.78019714355467,111.83499908447266,111.76000213623048,111.79499816894533,75779
2025-07-28 16:25:00+00:00,111.78500366210938,111.83779907226562,111.75499725341795,111.79000091552734,71404
2025-07-28 16:30:00+00:00,111.7699966430664,111.79000091552734,111.7249984741211,111.79000091552734,62986
2025-07-28 16:35:00+00:00,111.75,111.78500366210938,111.73500061035156,111.7699966430664,39959
2025-07-28 16:40:00+00:00,111.68499755859376,111.75499725341795,111.68000030517578,111.75,61023
2025-07-28 16:45:00+00:00,111.69000244140624,111.72000122070312,111.56999969482422,111.68499755859376,100145
2025-07-28 16:50:00+00:00,111.69000244140624,111.6999969482422,111.6449966430664,111.68499755859376,35164
2025-07-28 16:55:00+00:00,111.7300033569336,111.73500061035156,111.6449966430664,111.68499755859376,30453
2025-07-28 17:00:00+00:00,111.83999633789062,111.83999633789062,111.7300033569336,111.7300033569336,63259
2025-07-28 17:05:00+00:00,111.8000030517578,111.86000061035156,111.8000030517578,111.83999633789062,55914
2025-07-28 17:10:00+00:00,111.76000213623048,111.8000030517578,111.7500991821289,111.79499816894533,41200
2025-07-28 17:15:00+00:00,111.61000061035156,111.76000213623048,111.61000061035156,111.75499725341795,83766
2025-07-28 17:20:00+00:00,111.5,111.66000366210938,111.43499755859376,111.61000061035156,152419
2025-07-28 17:25:00+00:00,111.48999786376952,111.54000091552734,111.44499969482422,111.51000213623048,105718
2025-07-28 17:30:00+00:00,111.43000030517578,111.51000213623048,111.39649963378906,111.49500274658205,95548
2025-07-28 17:35:00+00:00,111.46499633789062,111.48999786376952,111.38179779052734,111.4250030517578,64811
2025-07-28 17:40:00+00:00,111.47879791259766,111.48999786376952,111.4000015258789,111.46499633789062,54677
2025-07-28 17:45:00+00:00,111.5199966430664,111.56999969482422,111.44000244140624,111.47679901123048,60077
2025-07-28 17:50:00+00:00,111.55500030517578,111.56999969482422,111.50499725341795,111.51000213623048,52578
2025-07-28 17:55:00+00:00,111.48999786376952,111.58000183105467,111.4749984741211,111.55960083007812,51736
2025-07-28 18:00:00+00:00,111.41500091552734,111.48999786376952,111.38500213623048,111.48999786376952,84911
2025-07-28 18:05:00+00:00,111.38999938964844,111.43000030517578,111.3499984741211,111.41010284423828,56607
2025-07-28 18:10:00+00:00,111.36499786376952,111.41500091552734,111.31999969482422,111.375,53629
2025-07-28 18:15:00+00:00,111.40499877929688,111.45500183105467,111.3550033569336,111.36000061035156,57432
2025-07-28 18:20:00+00:00,111.45999908447266,111.50749969482422,111.4001007080078,111.4001007080078,67553
2025-07-28 18:25:00+00:00,111.56009674072266,111.58000183105467,111.43499755859376,111.46499633789062,56153
2025-07-28 18:30:00+00:00,111.6449966430664,111.66000366210938,111.56500244140624,111.56999969482422,101167
2025-07-28 18:35:00+00:00,111.68000030517578,111.72000122070312,111.58499908447266,111.63999938964844,196987
2025-07-28 18:40:00+00:00,111.5999984741211,111.68000030517578,111.58999633789062,111.66999816894533,62148
2025-07-28 18:45:00+00:00,111.4499969482422,111.58999633789062,111.44000244140624,111.58999633789062,107895
2025-07-28 18:50:00+00:00,111.41500091552734,111.4749984741211,111.34500122070312,111.45999908447266,105855
2025-07-28 18:55:00+00:00,111.44499969482422,111.44499969482422,111.38500213623048,111.41500091552734,83143
2025-07-28 19:00:00+00:00,111.31500244140624,111.4481964111328,111.29499816894533,111.4481964111328,97528
2025-07-28 19:05:00+00:00,111.3550033569336,111.3550033569336,111.24500274658205,111.31999969482422,81668
2025-07-28 19:10:00+00:00,111.3949966430664,111.4197998046875,111.33000183105467,111.3550033569336,67037
2025-07-28 19:15:00+00:00,111.40499877929688,111.41000366210938,111.31999969482422,111.4000015258789,97331
2025-07-28 19:20:00+00:00,111.3249969482422,111.43000030517578,111.3000030517578,111.41000366210938,93185
2025-07-28 19:25:00+00:00,111.30999755859376,111.34500122070312,111.29000091552734,111.3249969482422,95036
2025-07-28 19:30:00+00:00,111.26499938964844,111.35649871826172,111.24500274658205,111.30500030517578,179969
2025-07-28 19:35:00+00:00,111.30500030517578,111.30500030517578,111.26000213623048,111.26180267333984,116711
2025-07-28 19:40:00+00:00,111.36139678955078,111.38999938964844,111.28500366210938,111.3000030517578,115772
2025-07-28 19:45:00+00:00,111.40499877929688,111.45999908447266,111.3499984741211,111.36499786376952,180801
2025-07-28 19:50:00+00:00,111.5500030517578,111.66000366210938,111.38999938964844,111.41000366210938,978245
2025-07-28 19:55:00+00:00,111.45999908447266,111.63999938964844,111.38999938964844,111.55999755859376,919477
2025-07-29 13:30:00+00:00,112.05999755859376,112.25,111.72000122070312,111.9000015258789,484128
2025-07-29 13:35:00+00:00,111.8125991821289,112.13500213623048,111.58999633789062,112.0500030517578,267545
2025-07-29 13:40:00+00:00,111.72000122070312,111.86000061035156,111.69000244140624,111.8249969482422,153803
2025-07-29 13:45:00+00:00,111.5386962890625,111.88500213623048,111.41000366210938,111.7300033569336,358425
2025-07-29 13:50:00+00:00,111.6999969482422,111.76000213623048,111.44499969482422,111.53500366210938,152329
2025-07-29 13:55:00+00:00,111.80500030517578,111.88999938964844,111.65499877929688,111.6999969482422,153979
2025-07-29 14:00:00+00:00,112.0500030517578,112.11000061035156,111.8000030517578,111.81999969482422,186334
2025-07-29 14:05:00+00:00,112.01000213623048,112.1050033569336,111.95999908447266,112.04499816894533,158114
2025-07-29 14:10:00+00:00,111.90499877929688,112.0199966430664,111.81999969482422,112.00499725341795,128586
2025-07-29 14:15:00+00:00,112.04000091552734,112.11000061035156,111.91000366210938,111.91000366210938,165790
2025-07-29 14:20:00+00:00,111.98500061035156,112.12000274658205,111.9800033569336,112.04000091552734,138927
2025-07-29 14:25:00+00:00,112.0999984741211,112.12999725341795,111.98999786376952,111.98999786376952,166329
2025-07-29 14:30:00+00:00,112.0199966430664,112.12999725341795,112.01000213623048,112.0999984741211,129897
2025-07-29 14:35:00+00:00,111.98999786376952,112.0199966430664,111.86000061035156,112.0199966430664,183071
2025-07-29 14:40:00+00:00,111.8949966430664,112.0,111.88500213623048,111.98500061035156,140062
2025-07-29 14:45:00+00:00,111.86000061035156,111.94499969482422,111.83000183105467,111.88999938964844,158333
2025-07-29 14:50:00+00:00,111.9250030517578,111.95999908447266,111.87000274658205,111.87000274658205,192961
2025-07-29 14:55:00+00:00,112.01499938964844,112.0250015258789,111.90499877929688,111.91999816894533,157254
2025-07-29 15:00:00+00:00,112.13500213623048,112.1500015258789,111.9800033569336,112.01000213623048,162759
2025-07-29 15:05:00+00:00,112.12999725341795,112.19499969482422,112.0,112.13999938964844,202896
2025-07-29 15:10:00+00:00,112.2750015258789,112.29000091552734,112.08999633789062,112.12999725341795,187482
2025-07-29 15:15:00+00:00,112.3197021484375,112.36499786376952,112.27999877929688,112.27999877929688,151287
2025-07-29 15:20:00+00:00,112.29499816894533,112.3550033569336,112.2699966430664,112.31999969482422,176147
2025-07-29 15:25:00+00:00,112.22000122070312,112.31500244140624,112.20999908447266,112.29000091552734,189025
2025-07-29 15:30:00+00:00,112.18000030517578,112.33999633789062,112.16000366210938,112.20999908447266,206989
2025-07-29 15:35:00+00:00,112.28500366210938,112.30999755859376,112.1449966430664,112.18499755859376,91658
2025-07-29 15:40:00+00:00,112.48999786376952,112.5,112.27999877929688,112.3000030517578,148164
2025-07-29 15:45:00+00:00,112.36000061035156,112.52999877929688,112.30999755859376,112.49500274658205,110236
2025-07-29 15:50:00+00:00,112.42579650878906,112.4800033569336,112.33000183105467,112.3499984741211,99098
2025-07-29 15:55:00+00:00,112.4250030517578,112.4800033569336,112.36499786376952,112.43000030517578,92173
2025-07-29 16:00:00+00:00,112.61499786376952,112.63999938964844,112.38999938964844,112.43000030517578,142652
2025-07-29 16:05:00+00:00,112.5749969482422,112.6500015258789,112.55999755859376,112.62000274658205,161577
2025-07-29 16:10:00+00:00,112.6750030517578,112.68499755859376,112.54000091552734,112.58499908447266,78176
2025-07-29 16:15:00+00:00,112.54000091552734,112.68499755859376,112.51000213623048,112.66999816894533,76481
2025-07-29 16:20:00+00:00,112.5999984741211,112.62000274658205,112.51000213623048,112.54000091552734,59164
2025-07-29 16:25:00+00:00,112.56999969482422,112.65499877929688,112.52999877929688,112.60009765625,65440
2025-07-29 16:30:00+00:00,112.49500274658205,112.58999633789062,112.46499633789062,112.56999969482422,87325
2025-07-29 16:35:00+00:00,112.33779907226562,112.48999786376952,112.32009887695312,112.48999786376952,95833
2025-07-29 16:40:00+00:00,112.19499969482422,112.38999938964844,112.19000244140624,112.33499908447266,132102
2025-07-29 16:45:00+00:00,112.0999984741211,112.20500183105467,112.06500244140624,112.19740295410156,89643
2025-07-29 16:50:00+00:00,112.06500244140624,112.16000366210938,112.0199966430664,112.0999984741211,87533
2025-07-29 16:55:00+00:00,112.08999633789062,112.1449966430664,112.03500366210938,112.06500244140624,75617
2025-07-29 17:00:00+00:00,112.2750015258789,112.30999755859376,112.08989715576172,112.08989715576172,81313
2025-07-29 17:05:00+00:00,112.29000091552734,112.3249969482422,112.2699966430664,112.2750015258789,61696
2025-07-29 17:10:00+00:00,112.1500015258789,112.28500366210938,112.12000274658205,112.28500366210938,91519
2025-07-29 17:15:00+00:00,112.02999877929688,112.19000244140624,111.96499633789062,112.1500015258789,127541
2025-07-29 17:20:00+00:00,112.0199966430664,112.06500244140624,111.9800033569336,112.03500366210938,53327
2025-07-29 17:25:00+00:00,111.93499755859376,112.08499908447266,111.91500091552734,112.0250015258789,92668
2025-07-29 17:30:00+00:00,111.91500091552734,111.9800033569336,111.91500091552734,111.91500091552734,60587
2025-07-29 17:35:00+00:00,111.94499969482422,112.00499725341795,111.88999938964844,111.91500091552734,115304
2025-07-29 17:40:00+00:00,112.26529693603516,112.2750015258789,111.91999816894533,111.94000244140624,108722
2025-07-29 17:45:00+00:00,112.3949966430664,112.56999969482422,112.2300033569336,112.2699966430664,194901
2025-07-29 17:50:00+00:00,112.4084014892578,112.55999755859376,112.37999725341795,112.41999816894533,108520
2025-07-29 17:55:00+00:00,112.45999908447266,112.49500274658205,112.3187026977539,112.41000366210938,275547
2025-07-29 18:00:00+00:00,112.56999969482422,112.56999969482422,112.37999725341795,112.44499969482422,181639
2025-07-29 18:05:00+00:00,112.43000030517578,112.58000183105467,112.37000274658205,112.58000183105467,75812
2025-07-29 18:10:00+00:00,112.3949966430664,112.47000122070312,112.3249969482422,112.43000030517578,79503
2025-07-29 18:15:00+00:00,112.3949966430664,112.4250030517578,112.3550033569336,112.40499877929688,146758
2025-07-29 18:20:00+00:00,112.3499984741211,112.47000122070312,112.2750015258789,112.38999938964844,630476
2025-07-29 18:25:00+00:00,112.30999755859376,112.43000030517578,112.28700256347656,112.36000061035156,134874
2025-07-29 18:30:00+00:00,112.3949966430664,112.44000244140624,112.23999786376952,112.30999755859376,109511
2025-07-29 18:35:00+00:00,112.51000213623048,112.51000213623048,112.33999633789062,112.38999938964844,94755
2025-07-29 18:40:00+00:00,112.61499786376952,112.62000274658205,112.5000991821289,112.51499938964844,82900
2025-07-29 18:45:00+00:00,112.63500213623048,112.6449966430664,112.55999755859376,112.61000061035156,83311
2025-07-29 18:50:00+00:00,112.68000030517578,112.73500061035156,112.61000061035156,112.62999725341795,93517
2025-07-29 18:55:00+00:00,112.52999877929688,112.68000030517578,112.51000213623048,112.6750030517578,106854
2025-07-29 19:00:00+00:00,112.4800033569336,112.55500030517578,112.47000122070312,112.53500366210938,93198
2025-07-29 19:05:00+00:00,112.55999755859376,112.58000183105467,112.45999908447266,112.47000122070312,110072
2025-07-29 19:10:00+00:00,112.6999969482422,112.6999969482422,112.55500030517578,112.56500244140624,102449
2025-07-29 19:15:00+00:00,112.52999877929688,112.69499969482422,112.50499725341795,112.69499969482422,168440
2025-07-29 19:20:00+00:00,112.55500030517578,112.6750030517578,112.49500274658205,112.52999877929688,130412
2025-07-29 19:25:00+00:00,112.54499816894533,112.58499908447266,112.52999877929688,112.55999755859376,118790
2025-07-29 19:30:00+00:00,112.54000091552734,112.5749969482422,112.4800033569336,112.5500030517578,285365
2025-07-29 19:35:00+00:00,112.56500244140624,112.6050033569336,112.47000122070312,112.53500366210938,277439
2025-07-29 19:40:00+00:00,112.68990325927734,112.69499969482422,112.54499816894533,112.56500244140624,153413
2025-07-29 19:45:00+00:00,112.73860168457033,112.77999877929688,112.66000366210938,112.68499755859376,170967
2025-07-29 19:50:00+00:00,112.8550033569336,112.86499786376952,112.69000244140624,112.73999786376952,1127123
2025-07-29 19:55:00+00:00,112.91999816894533,113.0,112.83000183105467,112.86000061035156,934234
2025-07-30 13:30:00+00:00,112.0749969482422,112.61000061035156,111.83190155029295,112.41000366210938,408637
2025-07-30 13:35:00+00:00,112.18000030517578,112.36000061035156,111.9800033569336,112.0749969482422,146590
2025-07-30 13:40:00+00:00,111.91999816894533,112.18000030517578,111.8499984741211,112.18000030517578,130263
2025-07-30 13:45:00+00:00,111.81500244140624,111.9749984741211,111.66999816894533,111.93499755859376,224714
2025-07-30 13:50:00+00:00,112.06500244140624,112.13500213623048,111.81430053710938,111.81999969482422,118469
2025-07-30 13:55:00+00:00,112.18499755859376,112.23500061035156,111.9499969482422,112.05999755859376,169323
2025-07-30 14:00:00+00:00,112.06999969482422,112.3000030517578,112.0500030517578,112.1999969482422,133711
2025-07-30 14:05:00+00:00,112.01000213623048,112.16999816894533,111.95010375976562,112.05999755859376,152569
2025-07-30 14:10:00+00:00,111.95999908447266,112.1750030517578,111.83999633789062,112.0199966430664,261202
2025-07-30 14:15:00+00:00,112.0250015258789,112.05999755859376,111.9499969482422,111.95999908447266,117535
2025-07-30 14:20:00+00:00,111.96499633789062,112.13999938964844,111.9499969482422,112.0199966430664,167993
2025-07-30 14:25:00+00:00,112.02999877929688,112.0500030517578,111.9499969482422,112.02999877929688,94339
2025-07-30 14:30:00+00:00,111.8249969482422,112.0199966430664,111.55999755859376,112.0199966430664,236666
2025-07-30 14:35:00+00:00,111.91999816894533,111.9499969482422,111.8000030517578,111.8249969482422,97871
2025-07-30 14:40:00+00:00,111.87249755859376,111.9800033569336,111.8499984741211,111.90499877929688,80565
2025-07-30 14:45:00+00:00,111.83999633789062,111.96499633789062,111.79000091552734,111.87000274658205,108871
2025-07-30 14:50:00+00:00,111.81999969482422,111.93000030517578,111.7300033569336,111.86000061035156,74405
2025-07-30 14:55:00+00:00,111.86000061035156,111.875,111.69000244140624,111.7699966430664,83384
2025-07-30 15:00:00+00:00,111.66000366210938,111.86499786376952,111.66000366210938,111.86499786376952,133356
2025-07-30 15:05:00+00:00,111.65499877929688,111.75,111.62999725341795,111.66000366210938,89013
2025-07-30 15:10:00+00:00,111.70999908447266,111.8499984741211,111.6500015258789,111.6500015258789,90301
2025-07-30 15:15:00+00:00,111.86499786376952,111.87999725341795,111.6750030517578,111.6999969482422,80141
2025-07-30 15:20:00+00:00,111.79000091552734,111.94499969482422,111.73999786376952,111.87000274658205,78663
2025-07-30 15:25:00+00:00,111.76000213623048,111.87000274658205,111.76000213623048,111.77999877929688,86855
2025-07-30 15:30:00+00:00,111.87999725341795,111.88999938964844,111.7699966430664,111.7699966430664,73431
2025-07-30 15:35:00+00:00,111.88999938964844,111.91000366210938,111.79000091552734,111.88999938964844,73604
2025-07-30 15:40:00+00:00,111.9000015258789,111.93000030517578,111.8499984741211,111.87999725341795,101036
2025-07-30 15:45:00+00:00,111.9000015258789,111.93000030517578,111.83000183105467,111.9000015258789,65211
2025-07-30 15:50:00+00:00,111.98699951171876,112.0,111.8550033569336,111.8949966430664,83455
2025-07-30 15:55:00+00:00,112.04000091552734,112.06500244140624,112.0199966430664,112.03500366210938,59668
2025-07-30 16:00:00+00:00,112.0199966430664,112.06500244140624,111.9800033569336,112.04010009765624,78488
2025-07-30 16:05:00+00:00,111.94000244140624,112.06500244140624,111.93499755859376,112.0199966430664,88572
2025-07-30 16:10:00+00:00,111.99500274658205,112.00499725341795,111.9250030517578,111.93499755859376,67565
2025-07-30 16:15:00+00:00,112.0647964477539,112.08000183105467,111.9499969482422,111.98999786376952,44832
2025-07-30 16:20:00+00:00,112.16999816894533,112.20999908447266,112.05500030517578,112.05999755859376,63015
2025-07-30 16:25:00+00:00,112.1750030517578,112.19000244140624,112.11000061035156,112.16000366210938,49452
2025-07-30 16:30:00+00:00,112.2300033569336,112.24500274658205,112.1500015258789,112.1750030517578,58170
2025-07-30 16:35:00+00:00,112.21829986572266,112.30999755859376,112.1999969482422,112.23500061035156,49850
2025-07-30 16:40:00+00:00,112.3000030517578,112.30999755859376,112.20999908447266,112.2300033569336,51363
2025-07-30 16:45:00+00:00,112.36000061035156,112.36499786376952,112.27999877929688,112.29000091552734,59647
2025-07-30 16:50:00+00:00,112.3499984741211,112.40499877929688,112.30999755859376,112.36000061035156,52293
2025-07-30 16:55:00+00:00,112.19499969482422,112.36000061035156,112.18499755859376,112.36000061035156,50966
2025-07-30 17:00:00+00:00,112.2300033569336,112.29000091552734,112.16999816894533,112.19000244140624,49319
2025-07-30 17:05:00+00:00,112.19499969482422,112.2699966430664,112.19499969482422,112.23999786376952,40464
2025-07-30 17:10:00+00:00,112.16999816894533,112.22000122070312,112.16999816894533,112.19499969482422,51969
2025-07-30 17:15:00+00:00,112.18000030517578,112.18499755859376,112.13999938964844,112.16999816894533,86804
2025-07-30 17:20:00+00:00,112.1500015258789,112.20500183105467,112.0999984741211,112.18499755859376,66247
2025-07-30 17:25:00+00:00,112.20500183105467,112.21499633789062,112.12999725341795,112.13999938964844,43793
2025-07-30 17:30:00+00:00,112.29499816894533,112.3188018798828,112.19000244140624,112.20500183105467,66821
2025-07-30 17:35:00+00:00,112.41000366210938,112.41500091552734,112.29000091552734,112.3000030517578,51603
2025-07-30 17:40:00+00:00,112.4114990234375,112.45999908447266,112.40499877929688,112.41560363769533,59623
2025-07-30 17:45:00+00:00,112.4250030517578,112.4800033569336,112.3550033569336,112.41000366210938,100578
2025-07-30 17:50:00+00:00,112.45500183105467,112.51000213623048,112.4250030517578,112.4250030517578,74314
2025-07-30 17:55:00+00:00,112.23999786376952,112.4499969482422,112.22000122070312,112.4499969482422,75861
2025-07-30 18:00:00+00:00,112.1501007080078,112.3249969482422,112.06999969482422,112.25,142467
2025-07-30 18:05:00+00:00,112.04000091552734,112.19000244140624,111.9800033569336,112.15499877929688,96212
2025-07-30 18:10:00+00:00,112.1050033569336,112.16999816894533,112.01000213623048,112.04000091552734,71101
2025-07-30 18:15:00+00:00,112.0999984741211,112.19000244140624,112.05999755859376,112.11000061035156,104171
2025-07-30 18:20:00+00:00,112.18000030517578,112.22820281982422,112.04499816894533,112.11000061035156,98704
2025-07-30 18:25:00+00:00,112.1999969482422,112.26529693603516,112.16999816894533,112.18000030517578,82615
2025-07-30 18:30:00+00:00,112.16000366210938,112.2699966430664,112.16000366210938,112.20999908447266,77969
2025-07-30 18:35:00+00:00,112.08000183105467,112.18499755859376,112.0199966430664,112.16000366210938,129734
2025-07-30 18:40:00+00:00,112.16000366210938,112.16500091552734,112.0199966430664,112.08000183105467,100908
2025-07-30 18:45:00+00:00,111.9800033569336,112.19499969482422,111.9499969482422,112.16999816894533,111242
2025-07-30 18:50:00+00:00,111.9052963256836,112.00910186767578,111.81999969482422,111.9800033569336,124359
2025-07-30 18:55:00+00:00,111.80999755859376,111.9499969482422,111.77999877929688,111.91000366210938,127767
2025-07-30 19:00:00+00:00,111.56500244140624,111.83999633789062,111.48999786376952,111.80999755859376,175270
2025-07-30 19:05:00+00:00,111.52130126953124,111.5999984741211,111.48999786376952,111.55999755859376,130787
2025-07-30 19:10:00+00:00,111.54000091552734,111.66500091552734,111.47000122070312,111.52999877929688,167980
2025-07-30 19:15:00+00:00,111.54850006103516,111.56500244140624,111.29499816894533,111.54000091552734,196049
2025-07-30 19:20:00+00:00,111.39990234375,111.54000091552734,111.37999725341795,111.54000091552734,143195
2025-07-30 19:25:00+00:00,111.375,111.4499969482422,111.29010009765624,111.4000015258789,168936
2025-07-30 19:30:00+00:00,111.40499877929688,111.55989837646484,111.33000183105467,111.4000015258789,182551
2025-07-30 19:35:00+00:00,111.3550033569336,111.44000244140624,111.26000213623048,111.40499877929688,168057
2025-07-30 19:40:00+00:00,111.50499725341795,111.54000091552734,111.34500122070312,111.3550033569336,165978
2025-07-30 19:45:00+00:00,111.69000244140624,111.76499938964844,111.5,111.50499725341795,254666
2025-07-30 19:50:00+00:00,111.78500366210938,111.80999755859376,111.63999938964844,111.69000244140624,1063188
2025-07-30 19:55:00+00:00,111.95999908447266,112.0999984741211,111.78500366210938,111.79000091552734,987586
2025-07-31 13:30:00+00:00,111.77999877929688,111.83499908447266,110.36000061035156,110.36000061035156,530067
2025-07-31 13:35:00+00:00,111.72000122070312,111.8949966430664,111.6500015258789,111.77999877929688,211710
2025-07-31 13:40:00+00:00,111.87000274658205,111.9499969482422,111.51000213623048,111.72000122070312,168285
2025-07-31 13:45:00+00:00,111.8206024169922,111.87999725341795,111.5199966430664,111.87000274658205,171362
2025-07-31 13:50:00+00:00,111.9000015258789,111.91999816894533,111.7300033569336,111.81999969482422,140947
2025-07-31 13:55:00+00:00,111.99500274658205,112.06500244140624,111.83999633789062,111.91000366210938,273544
2025-07-31 14:00:00+00:00,111.95999908447266,112.13999938964844,111.95999908447266,111.99500274658205,376823
2025-07-31 14:05:00+00:00,112.06999969482422,112.13500213623048,111.95500183105467,111.97000122070312,174904
2025-07-31 14:10:00+00:00,112.20500183105467,112.31999969482422,112.02999877929688,112.08000183105467,159142
2025-07-31 14:15:00+00:00,112.38999938964844,112.4499969482422,112.20700073242188,112.20700073242188,286001
2025-07-31 14:20:00+00:00,112.37999725341795,112.49500274658205,112.2699966430664,112.37000274658205,168363
2025-07-31 14:25:00+00:00,112.3499984741211,112.46499633789062,112.19000244140624,112.38999938964844,106153
2025-07-31 14:30:00+00:00,112.33999633789062,112.41999816894533,112.26010131835938,112.3499984741211,132531
2025-07-31 14:35:00+00:00,112.13999938964844,112.4499969482422,112.125,112.33499908447266,137174
2025-07-31 14:40:00+00:00,112.1050033569336,112.2300033569336,112.0500030517578,112.1500015258789,133245
2025-07-31 14:45:00+00:00,111.94000244140624,112.11499786376952,111.93000030517578,112.11499786376952,162088
2025-07-31 14:50:00+00:00,111.95500183105467,112.05999755859376,111.91000366210938,111.94000244140624,245913
2025-07-31 14:55:00+00:00,111.79499816894533,111.98999786376952,111.73999786376952,111.95500183105467,130227
2025-07-31 15:00:00+00:00,111.6449966430664,111.87000274658205,111.63500213623048,111.8000030517578,135602
2025-07-31 15:05:00+00:00,111.6999969482422,111.76000213623048,111.51000213623048,111.6500015258789,116663
2025-07-31 15:10:00+00:00,111.56999969482422,111.70999908447266,111.5,111.6999969482422,107308
2025-07-31 15:15:00+00:00,111.41999816894533,111.62999725341795,111.37000274658205,111.58000183105467,120935
2025-07-31 15:20:00+00:00,111.49500274658205,111.56999969482422,111.41500091552734,111.41500091552734,99060
2025-07-31 15:25:00+00:00,111.4000015258789,111.5250015258789,111.31999969482422,111.5,104854
2025-07-31 15:30:00+00:00,111.47000122070312,111.5386962890625,111.39299774169922,111.3949966430664,106484
2025-07-31 15:35:00+00:00,111.46499633789062,111.56999969482422,111.44000244140624,111.4800033569336,103033
2025-07-31 15:40:00+00:00,111.62000274658205,111.63500213623048,111.43000030517578,111.45999908447266,89149
2025-07-31 15:45:00+00:00,111.48999786376952,111.66000366210938,111.46990203857422,111.62000274658205,113961
2025-07-31 15:50:00+00:00,111.58499908447266,111.58499908447266,111.41999816894533,111.5,70208
2025-07-31 15:55:00+00:00,111.62670135498048,111.63500213623048,111.50499725341795,111.58999633789062,76273
2025-07-31 16:00:00+00:00,111.7300033569336,111.75,111.5999984741211,111.62999725341795,84752
2025-07-31 16:05:00+00:00,111.83000183105467,111.86499786376952,111.69499969482422,111.7300033569336,131813
2025-07-31 16:10:00+00:00,111.87000274658205,111.9000015258789,111.75,111.83499908447266,78779
2025-07-31 16:15:00+00:00,111.87999725341795,111.9000015258789,111.8000030517578,111.88999938964844,60898
2025-07-31 16:20:00+00:00,111.88999938964844,111.9250030517578,111.83999633789062,111.87999725341795,62360
2025-07-31 16:25:00+00:00,111.94499969482422,111.99500274658205,111.87999725341795,111.87999725341795,64278
2025-07-31 16:30:00+00:00,112.01000213623048,112.03500366210938,111.90499877929688,111.94000244140624,130537
2025-07-31 16:35:00+00:00,112.15499877929688,112.15499877929688,112.01000213623048,112.01000213623048,113506
2025-07-31 16:40:00+00:00,112.15499877929688,112.2249984741211,112.08000183105467,112.16000366210938,112520
2025-07-31 16:45:00+00:00,112.21499633789062,112.25530242919922,112.15499877929688,112.15499877929688,80395
2025-07-31 16:50:00+00:00,112.22000122070312,112.3000030517578,112.16000366210938,112.22000122070312,72646
2025-07-31 16:55:00+00:00,112.19000244140624,112.27999877929688,112.16000366210938,112.2249984741211,88909
2025-07-31 17:00:00+00:00,112.24500274658205,112.26000213623048,112.18000030517578,112.19000244140624,77079
2025-07-31 17:05:00+00:00,112.16999816894533,112.31500244140624,112.13500213623048,112.25,89261
2025-07-31 17:10:00+00:00,112.125,112.2300033569336,112.06999969482422,112.18000030517578,71629
2025-07-31 17:15:00+00:00,112.02999877929688,112.19499969482422,112.02999877929688,112.11499786376952,77556
2025-07-31 17:20:00+00:00,111.91000366210938,112.0749969482422,111.89250183105467,112.02999877929688,84510
2025-07-31 17:25:00+00:00,111.77999877929688,111.94499969482422,111.69000244140624,111.91999816894533,92318
2025-07-31 17:30:00+00:00,111.6500015258789,111.7750015258789,111.625,111.76499938964844,85662
2025-07-31 17:35:00+00:00,111.77999877929688,111.81999969482422,111.62999725341795,111.63999938964844,83599
2025-07-31 17:40:00+00:00,111.81500244140624,111.81500244140624,111.6500015258789,111.7699966430664,70190
2025-07-31 17:45:00+00:00,111.86000061035156,111.88999938964844,111.8000030517578,111.80999755859376,70040
2025-07-31 17:50:00+00:00,111.91000366210938,111.93499755859376,111.7699966430664,111.86000061035156,123968
2025-07-31 17:55:00+00:00,111.93000030517578,112.01000213623048,111.88999938964844,111.91000366210938,115741
2025-07-31 18:00:00+00:00,112.12999725341795,112.1500015258789,111.91999816894533,111.93000030517578,154016
2025-07-31 18:05:00+00:00,111.83000183105467,112.14830017089844,111.80999755859376,112.125,102381
2025-07-31 18:10:00+00:00,111.83000183105467,111.94499969482422,111.81999969482422,111.8280029296875,99177
2025-07-31 18:15:00+00:00,111.81999969482422,111.83999633789062,111.69000244140624,111.81999969482422,97084
2025-07-31 18:20:00+00:00,111.83999633789062,111.9499969482422,111.79000091552734,111.81999969482422,78688
2025-07-31 18:25:00+00:00,112.0,112.04000091552734,111.73999786376952,111.8550033569336,169824
2025-07-31 18:30:00+00:00,111.97000122070312,112.12989807128906,111.95999908447266,111.98999786376952,140323
2025-07-31 18:35:00+00:00,111.95999908447266,112.09500122070312,111.9250030517578,111.95999908447266,124729
2025-07-31 18:40:00+00:00,112.01499938964844,112.04000091552734,111.94000244140624,111.9800033569336,124439
2025-07-31 18:45:00+00:00,112.2750015258789,112.27999877929688,112.01499938964844,112.01499938964844,98556
2025-07-31 18:50:00+00:00,112.2300033569336,112.29499816894533,112.19499969482422,112.29000091552734,85726
2025-07-31 18:55:00+00:00,112.13999938964844,112.25499725341795,112.12999725341795,112.2300033569336,107506
2025-07-31 19:00:00+00:00,112.16000366210938,112.23500061035156,112.11499786376952,112.1500015258789,92858
2025-07-31 19:05:00+00:00,112.20899963378906,112.20999908447266,112.08499908447266,112.15499877929688,140945
2025-07-31 19:10:00+00:00,112.15699768066406,112.23500061035156,112.11499786376952,112.21499633789062,186393
2025-07-31 19:15:00+00:00,112.11000061035156,112.23500061035156,112.0999984741211,112.16500091552734,252989
2025-07-31 19:20:00+00:00,112.0749969482422,112.16000366210938,112.01000213623048,112.12000274658205,134582
2025-07-31 19:25:00+00:00,112.1050033569336,112.13999938964844,112.04499816894533,112.08000183105467,131792
2025-07-31 19:30:00+00:00,112.1750030517578,112.22000122070312,112.11000061035156,112.11000061035156,174920
2025-07-31 19:35:00+00:00,112.18499755859376,112.20500183105467,112.125,112.1750030517578,160744
2025-07-31 19:40:00+00:00,112.18000030517578,112.25499725341795,112.12000274658205,112.19000244140624,178036
2025-07-31 19:45:00+00:00,111.91000366210938,112.19499969482422,111.81999969482422,112.1750030517578,264466
2025-07-31 19:50:00+00:00,111.72000122070312,111.93000030517578,111.5999984741211,111.9000015258789,1171446
2025-07-31 19:55:00+00:00,111.72000122070312,111.94249725341795,111.6500015258789,111.72000122070312,1104531
2025-08-01 13:30:00+00:00,110.25,112.54000091552734,110.0500030517578,112.0,1179106
2025-08-01 13:35:00+00:00,110.87329864501952,111.22000122070312,109.9375,110.24500274658205,465927
2025-08-01 13:40:00+00:00,111.26499938964844,111.43080139160156,110.7699966430664,110.875,465599
2025-08-01 13:45:00+00:00,110.88500213623048,111.29000091552734,110.80999755859376,111.26499938964844,259322
2025-08-01 13:50:00+00:00,111.1999969482422,111.25,110.75,110.87000274658205,287487
2025-08-01 13:55:00+00:00,110.72000122070312,111.23999786376952,110.55999755859376,111.2300033569336,310934
2025-08-01 14:00:00+00:00,110.43000030517578,110.73999786376952,110.11000061035156,110.6999969482422,392211
2025-08-01 14:05:00+00:00,109.98500061035156,110.4800033569336,109.83260345458984,110.44000244140624,277822
2025-08-01 14:10:00+00:00,110.16999816894533,110.37999725341795,109.8949966430664,110.0,231587
2025-08-01 14:15:00+00:00,110.22000122070312,110.4250030517578,110.12999725341795,110.18000030517578,258004
2025-08-01 14:20:00+00:00,109.91000366210938,110.26969909667967,109.86000061035156,110.20999908447266,268061
2025-08-01 14:25:00+00:00,109.81999969482422,110.03500366210938,109.73999786376952,109.91500091552734,168755
2025-08-01 14:30:00+00:00,109.86000061035156,109.86000061035156,109.62000274658205,109.76000213623048,323307
2025-08-01 14:35:00+00:00,109.4000015258789,109.87000274658205,109.37999725341795,109.85440063476562,224544
2025-08-01 14:40:00+00:00,109.47000122070312,109.50499725341795,109.2249984741211,109.41500091552734,199278
2025-08-01 14:45:00+00:00,109.43000030517578,109.8499984741211,109.38999938964844,109.4800033569336,218186
2025-08-01 14:50:00+00:00,109.0999984741211,109.43000030517578,109.08000183105467,109.43000030517578,206803
2025-08-01 14:55:00+00:00,109.47000122070312,109.48999786376952,109.05999755859376,109.08000183105467,171733
2025-08-01 15:00:00+00:00,109.69000244140624,109.75,109.4800033569336,109.4800033569336,299577
2025-08-01 15:05:00+00:00,109.9000015258789,109.9800033569336,109.6500015258789,109.68000030517578,156339
2025-08-01 15:10:00+00:00,109.9499969482422,110.11000061035156,109.84500122070312,109.90989685058594,171114
2025-08-01 15:15:00+00:00,110.04000091552734,110.13500213623048,109.88999938964844,109.95500183105467,161925
2025-08-01 15:20:00+00:00,109.79499816894533,110.0749969482422,109.75499725341795,110.04000091552734,237964
2025-08-01 15:25:00+00:00,109.78500366210938,109.8550033569336,109.75499725341795,109.8000030517578,180367
2025-08-01 15:30:00+00:00,109.56999969482422,109.80999755859376,109.53929901123048,109.78500366210938,136599
2025-08-01 15:35:00+00:00,109.52999877929688,109.68000030517578,109.44499969482422,109.58000183105467,131302
2025-08-01 15:40:00+00:00,109.58999633789062,109.61000061035156,109.4000015258789,109.54000091552734,113623
2025-08-01 15:45:00+00:00,109.58000183105467,109.62999725341795,109.4499969482422,109.5967025756836,143875
2025-08-01 15:50:00+00:00,109.5,109.70999908447266,109.44000244140624,109.56999969482422,133296
2025-08-01 15:55:00+00:00,109.5706024169922,109.70999908447266,109.5,109.52999877929688,109858
2025-08-01 16:00:00+00:00,109.75499725341795,109.83000183105467,109.55999755859376,109.55999755859376,109468
2025-08-01 16:05:00+00:00,109.5500030517578,109.81999969482422,109.54000091552734,109.77999877929688,160825
2025-08-01 16:10:00+00:00,109.3000030517578,109.55999755859376,109.27749633789062,109.55750274658205,131652
2025-08-01 16:15:00+00:00,109.18499755859376,109.30149841308594,109.06999969482422,109.30149841308594,131418
2025-08-01 16:20:00+00:00,109.31999969482422,109.36990356445312,109.125,109.18499755859376,81733
2025-08-01 16:25:00+00:00,109.33000183105467,109.38999938964844,109.2699966430664,109.30999755859376,134934
2025-08-01 16:30:00+00:00,109.29000091552734,109.37000274658205,109.2300033569336,109.33999633789062,114845
2025-08-01 16:35:00+00:00,109.48999786376952,109.52999877929688,109.3000030517578,109.3000030517578,120349
2025-08-01 16:40:00+00:00,109.30500030517578,109.46649932861328,109.16000366210938,109.45999908447266,124431
2025-08-01 16:45:00+00:00,109.2699966430664,109.3550033569336,109.22000122070312,109.3000030517578,148061
2025-08-01 16:50:00+00:00,109.19000244140624,109.30999755859376,109.1500015258789,109.26499938964844,121414
2025-08-01 16:55:00+00:00,109.0999984741211,109.25,109.04499816894533,109.19000244140624,142451
2025-08-01 17:00:00+00:00,109.14231872558594,109.18499755859376,109.04499816894533,109.11000061035156,126690
2025-08-01 17:05:00+00:00,109.08999633789062,109.18499755859376,108.9749984741211,109.12999725341795,181646
2025-08-01 17:10:00+00:00,108.9250030517578,109.0999984741211,108.87000274658205,109.08999633789062,145402
2025-08-01 17:15:00+00:00,108.98999786376952,109.0500030517578,108.86000061035156,108.91999816894533,109244
2025-08-01 17:20:00+00:00,109.23500061035156,109.27040100097656,108.93000030517578,108.97000122070312,130450
2025-08-01 17:25:00+00:00,109.33499908447266,109.38999938964844,109.2300033569336,109.23999786376952,149999
2025-08-01 17:30:00+00:00,109.1500015258789,109.4000015258789,109.1500015258789,109.33000183105467,109790
2025-08-01 17:35:00+00:00,109.3000030517578,109.30999755859376,109.1500015258789,109.1500015258789,161494
2025-08-01 17:40:00+00:00,109.4250030517578,109.4499969482422,109.23999786376952,109.30999755859376,134375
2025-08-01 17:45:00+00:00,109.63500213623048,109.63500213623048,109.38999938964844,109.41000366210938,138647
2025-08-01 17:50:00+00:00,109.6449966430664,109.71499633789062,109.58499908447266,109.63999938964844,124053
2025-08-01 17:55:00+00:00,109.68000030517578,109.7270965576172,109.54499816894533,109.63999938964844,87413
2025-08-01 18:00:00+00:00,109.69000244140624,109.84100341796876,109.6500015258789,109.66999816894533,118097
2025-08-01 18:05:00+00:00,109.69499969482422,109.81340026855467,109.5500030517578,109.68000030517578,137908
2025-08-01 18:10:00+00:00,109.62999725341795,109.79000091552734,109.59500122070312,109.69499969482422,96370
2025-08-01 18:15:00+00:00,109.72779846191406,109.80989837646484,109.62999725341795,109.63999938964844,83192
2025-08-01 18:20:00+00:00,109.66500091552734,109.75,109.55049896240234,109.7300033569336,117844
2025-08-01 18:25:00+00:00,109.50499725341795,109.66999816894533,109.44000244140624,109.66190338134766,131287
2025-08-01 18:30:00+00:00,109.46499633789062,109.54000091552734,109.43000030517578,109.51000213623048,546087
2025-08-01 18:35:00+00:00,109.5,109.5999984741211,109.43000030517578,109.46499633789062,116926
2025-08-01 18:40:00+00:00,109.54499816894533,109.56999969482422,109.41999816894533,109.5,67141
2025-08-01 18:45:00+00:00,109.5,109.56999969482422,109.4499969482422,109.5500030517578,116441
2025-08-01 18:50:00+00:00,109.5,109.5500030517578,109.375,109.51000213623048,139106
2025-08-01 18:55:00+00:00,109.48500061035156,109.55999755859376,109.41999816894533,109.5,158200
2025-08-01 19:00:00+00:00,109.33000183105467,109.48999786376952,109.27999877929688,109.48500061035156,121008
2025-08-01 19:05:00+00:00,109.4000015258789,109.44000244140624,109.29499816894533,109.31999969482422,106895
2025-08-01 19:10:00+00:00,109.3949966430664,109.52999877929688,109.33999633789062,109.41500091552734,221032
2025-08-01 19:15:00+00:00,109.54000091552734,109.55500030517578,109.37999725341795,109.38999938964844,166458
2025-08-01 19:20:00+00:00,109.62999725341795,109.6500015258789,109.45999908447266,109.54010009765624,210056
2025-08-01 19:25:00+00:00,109.66000366210938,109.70999908447266,109.55999755859376,109.63009643554688,182260
2025-08-01 19:30:00+00:00,109.50499725341795,109.68000030517578,109.45140075683594,109.66000366210938,227728
2025-08-01 19:35:00+00:00,109.38999938964844,109.51000213623048,109.33999633789062,109.49500274658205,187901
2025-08-01 19:40:00+00:00,109.45999908447266,109.47000122070312,109.33499908447266,109.3949966430664,184255
2025-08-01 19:45:00+00:00,109.70249938964844,109.71499633789062,109.40499877929688,109.45500183105467,289226
2025-08-01 19:50:00+00:00,109.58999633789062,109.79499816894533,109.4749984741211,109.69000244140624,1174958
2025-08-01 19:55:00+00:00,109.61000061035156,109.66000366210938,109.43000030517578,109.58000183105467,954036
2025-08-04 13:30:00+00:00,109.5199966430664,109.91999816894533,109.19000244140624,109.22000122070312,398228
2025-08-04 13:35:00+00:00,109.48999786376952,109.62000274658205,109.20999908447266,109.54000091552734,237472
2025-08-04 13:40:00+00:00,109.70999908447266,109.76809692382812,109.4800033569336,109.5,150436
2025-08-04 13:45:00+00:00,109.66000366210938,109.6999969482422,109.48999786376952,109.6449966430664,155801
2025-08-04 13:50:00+00:00,109.35900115966795,109.73999786376952,109.27999877929688,109.66999816894533,158294
2025-08-04 13:55:00+00:00,109.0177993774414,109.3499984741211,108.97899627685548,109.3499984741211,192132
2025-08-04 14:00:00+00:00,109.07869720458984,109.13999938964844,108.84500122070312,109.01000213623048,187296
2025-08-04 14:05:00+00:00,108.5999984741211,109.11000061035156,108.53500366210938,109.08000183105467,339321
2025-08-04 14:10:00+00:00,108.4800033569336,108.66999816894533,108.43000030517578,108.58999633789062,189589
2025-08-04 14:15:00+00:00,108.625,108.66000366210938,108.36000061035156,108.48999786376952,164737
2025-08-04 14:20:00+00:00,108.8000030517578,108.86000061035156,108.49500274658205,108.62000274658205,219055
2025-08-04 14:25:00+00:00,108.7750015258789,108.83000183105467,108.68000030517578,108.79000091552734,169669
2025-08-04 14:30:00+00:00,108.51000213623048,108.8000030517578,108.45500183105467,108.78500366210938,198178
2025-08-04 14:35:00+00:00,108.6750030517578,108.70999908447266,108.51000213623048,108.5199966430664,147836
2025-08-04 14:40:00+00:00,108.75499725341795,108.80999755859376,108.56999969482422,108.66999816894533,149444
2025-08-04 14:45:00+00:00,109.11000061035156,109.16999816894533,108.75,108.75,188373
2025-08-04 14:50:00+00:00,109.32649993896484,109.61000061035156,109.08000183105467,109.11000061035156,377468
2025-08-04 14:55:00+00:00,109.13999938964844,109.41999816894533,109.13510131835938,109.3249969482422,136892
2025-08-04 15:00:00+00:00,109.05999755859376,109.19000244140624,109.02999877929688,109.1449966430664,112446
2025-08-04 15:05:00+00:00,109.08999633789062,109.125,109.02249908447266,109.0500030517578,86946
2025-08-04 15:10:00+00:00,109.11000061035156,109.26000213623048,109.04499816894533,109.1050033569336,104582
2025-08-04 15:15:00+00:00,108.83000183105467,109.13999938964844,108.83000183105467,109.12000274658205,165849
2025-08-04 15:20:00+00:00,108.77020263671876,108.9000015258789,108.72000122070312,108.83000183105467,94466
2025-08-04 15:25:00+00:00,108.59500122070312,108.7699966430664,108.58499908447266,108.7699966430664,146195
2025-08-04 15:30:00+00:00,108.68000030517578,108.70010375976562,108.58000183105467,108.5999984741211,108563
2025-08-04 15:35:00+00:00,108.62999725341795,108.69000244140624,108.58000183105467,108.66999816894533,134887
2025-08-04 15:40:00+00:00,108.58000183105467,108.65589904785156,108.55500030517578,108.62000274658205,94024
2025-08-04 15:45:00+00:00,108.4749984741211,108.61499786376952,108.45999908447266,108.58000183105467,104497
2025-08-04 15:50:00+00:00,108.41999816894533,108.50499725341795,108.37999725341795,108.48500061035156,96232
2025-08-04 15:55:00+00:00,108.3499984741211,108.47000122070312,108.28500366210938,108.4250030517578,150996
2025-08-04 16:00:00+00:00,108.31999969482422,108.41000366210938,108.15499877929688,108.3550033569336,136897
2025-08-04 16:05:00+00:00,108.31999969482422,108.37000274658205,108.24500274658205,108.31999969482422,164171
2025-08-04 16:10:00+00:00,108.26499938964844,108.43000030517578,108.1999969482422,108.33000183105467,129621
2025-08-04 16:15:00+00:00,108.33499908447266,108.33999633789062,108.1999969482422,108.2698974609375,80234
2025-08-04 16:20:00+00:00,108.34500122070312,108.37999725341795,108.27999877929688,108.3313980102539,103047
2025-08-04 16:25:00+00:00,108.3949966430664,108.48580169677734,108.3499984741211,108.3499984741211,118979
2025-08-04 16:30:00+00:00,108.31999969482422,108.47000122070312,108.3000030517578,108.4000015258789,106631
2025-08-04 16:35:00+00:00,108.29000091552734,108.31999969482422,108.20500183105467,108.31999969482422,91036
2025-08-04 16:40:00+00:00,108.13999938964844,108.30999755859376,108.11000061035156,108.29499816894533,102998
2025-08-04 16:45:00+00:00,108.10679626464844,108.16000366210938,108.05999755859376,108.13999938964844,88241
2025-08-04 16:50:00+00:00,108.13999938964844,108.16000366210938,108.04000091552734,108.11000061035156,83609
2025-08-04 16:55:00+00:00,108.28500366210938,108.30999755859376,108.12000274658205,108.1500015258789,132852
2025-08-04 17:00:00+00:00,108.09149932861328,108.31500244140624,108.05999755859376,108.29000091552734,99779
2025-08-04 17:05:00+00:00,108.02999877929688,108.11640167236328,107.98999786376952,108.0999984741211,167086
2025-08-04 17:10:00+00:00,108.0250015258789,108.14530181884766,108.01499938964844,108.02999877929688,95940
2025-08-04 17:15:00+00:00,107.87000274658205,108.0500030517578,107.86000061035156,108.02999877929688,145594
2025-08-04 17:20:00+00:00,107.79840087890624,107.88500213623048,107.73999786376952,107.875,229884
2025-08-04 17:25:00+00:00,107.70999908447266,107.8249969482422,107.68000030517578,107.8000030517578,171187
2025-08-04 17:30:00+00:00,107.6500015258789,107.76000213623048,107.61499786376952,107.71499633789062,138986
2025-08-04 17:35:00+00:00,107.54000091552734,107.68000030517578,107.47000122070312,107.6500015258789,193502
2025-08-04 17:40:00+00:00,107.47000122070312,107.58000183105467,107.45500183105467,107.54000091552734,165234
2025-08-04 17:45:00+00:00,107.33000183105467,107.4800033569336,107.31999969482422,107.4800033569336,157480
2025-08-04 17:50:00+00:00,107.37999725341795,107.43000030517578,107.30500030517578,107.33000183105467,134950
2025-08-04 17:55:00+00:00,107.30999755859376,107.37999725341795,107.26499938964844,107.37999725341795,132220
2025-08-04 18:00:00+00:00,107.23999786376952,107.33989715576172,107.23999786376952,107.30999755859376,133407
2025-08-04 18:05:00+00:00,107.29499816894533,107.31999969482422,107.2145004272461,107.23500061035156,195080
2025-08-04 18:10:00+00:00,107.28759765625,107.31999969482422,107.20999908447266,107.29000091552734,148111
2025-08-04 18:15:00+00:00,107.25,107.29499816894533,107.22000122070312,107.28500366210938,150085
2025-08-04 18:20:00+00:00,107.27999877929688,107.33999633789062,107.21499633789062,107.25,189809
2025-08-04 18:25:00+00:00,107.3249969482422,107.4000015258789,107.25499725341795,107.28500366210938,183448
2025-08-04 18:30:00+00:00,107.37000274658205,107.43000030517578,107.27999877929688,107.33000183105467,219267
2025-08-04 18:35:00+00:00,107.41999816894533,107.47000122070312,107.31500244140624,107.36499786376952,204966
2025-08-04 18:40:00+00:00,107.30339813232422,107.47000122070312,107.2699966430664,107.41999816894533,148477
2025-08-04 18:45:00+00:00,107.20999908447266,107.36000061035156,107.1999969482422,107.30500030517578,143873
2025-08-04 18:50:00+00:00,107.22000122070312,107.3499984741211,107.15499877929688,107.21499633789062,162428
2025-08-04 18:55:00+00:00,107.28500366210938,107.29000091552734,107.18499755859376,107.22000122070312,121218
2025-08-04 19:00:00+00:00,107.30500030517578,107.4000015258789,107.2699966430664,107.2750015258789,136512
2025-08-04 19:05:00+00:00,107.1750030517578,107.30999755859376,107.12999725341795,107.30999755859376,136828
2025-08-04 19:10:00+00:00,107.18000030517578,107.22000122070312,107.13999938964844,107.18000030517578,168020
2025-08-04 19:15:00+00:00,107.16999816894533,107.25,107.12000274658205,107.16000366210938,203343
2025-08-04 19:20:00+00:00,107.22859954833984,107.27999877929688,107.13999938964844,107.1750030517578,206705
2025-08-04 19:25:00+00:00,107.25,107.3000030517578,107.18000030517578,107.2249984741211,159182
2025-08-04 19:30:00+00:00,107.23500061035156,107.3499984741211,107.1750030517578,107.26000213623048,237407
2025-08-04 19:35:00+00:00,107.12999725341795,107.24500274658205,107.08499908447266,107.2300033569336,211570
2025-08-04 19:40:00+00:00,107.25499725341795,107.26000213623048,107.125,107.12999725341795,231108
2025-08-04 19:45:00+00:00,107.30500030517578,107.37000274658205,107.19000244140624,107.25,348794
2025-08-04 19:50:00+00:00,107.1500015258789,107.30999755859376,107.11000061035156,107.3000030517578,435523
2025-08-04 19:55:00+00:00,107.33999633789062,107.37000274658205,107.11000061035156,107.1500015258789,1876141
2025-08-05 13:30:00+00:00,107.2477035522461,107.5,106.95999908447266,107.22000122070312,653262
2025-08-05 13:35:00+00:00,107.04000091552734,107.37000274658205,107.02999877929688,107.23999786376952,249307
2025-08-05 13:40:00+00:00,107.0500030517578,107.2699966430664,107.0199966430664,107.04499816894533,182533
2025-08-05 13:45:00+00:00,106.84600067138672,107.23999786376952,106.80999755859376,107.05500030517578,227818
2025-08-05 13:50:00+00:00,107.06999969482422,107.08000183105467,106.77999877929688,106.83999633789062,190174
2025-08-05 13:55:00+00:00,107.01000213623048,107.13999938964844,106.91010284423828,107.03970336914062,136628
2025-08-05 14:00:00+00:00,106.93000030517578,107.0999984741211,106.88999938964844,106.9800033569336,223844
2025-08-05 14:05:00+00:00,106.7249984741211,106.93000030517578,106.66000366210938,106.93000030517578,266902
2025-08-05 14:10:00+00:00,106.62999725341795,106.83000183105467,106.6050033569336,106.7249984741211,206246
2025-08-05 14:15:00+00:00,106.5500030517578,106.63999938964844,106.41000366210938,106.62999725341795,217226
2025-08-05 14:20:00+00:00,106.2699966430664,106.56999969482422,106.23999786376952,106.5500030517578,218944
2025-08-05 14:25:00+00:00,106.2699966430664,106.33999633789062,106.18000030517578,106.27999877929688,172385
2025-08-05 14:30:00+00:00,106.26499938964844,106.33000183105467,106.06999969482422,106.27999877929688,327822
2025-08-05 14:35:00+00:00,106.3135986328125,106.43000030517578,106.12999725341795,106.2698974609375,176664
2025-08-05 14:40:00+00:00,106.4800033569336,106.5,106.23500061035156,106.33000183105467,269562
2025-08-05 14:45:00+00:00,106.625,106.66000366210938,106.4375991821289,106.4800033569336,163585
2025-08-05 14:50:00+00:00,106.5,106.65910339355467,106.5,106.62000274658205,161558
2025-08-05 14:55:00+00:00,106.49500274658205,106.5999984741211,106.4499969482422,106.49500274658205,146949
2025-08-05 15:00:00+00:00,106.51000213623048,106.8000030517578,106.5,106.51000213623048,156095
2025-08-05 15:05:00+00:00,106.62000274658205,106.63500213623048,106.45500183105467,106.51000213623048,111964
2025-08-05 15:10:00+00:00,106.68000030517578,106.70999908447266,106.56999969482422,106.62000274658205,155194
2025-08-05 15:15:00+00:00,106.9000015258789,106.91000366210938,106.62000274658205,106.69000244140624,140170
2025-08-05 15:20:00+00:00,107.0999984741211,107.12000274658205,106.87000274658205,106.87999725341795,130282
2025-08-05 15:25:00+00:00,107.12000274658205,107.17839813232422,106.88580322265624,107.11000061035156,210296
2025-08-05 15:30:00+00:00,107.33999633789062,107.3656997680664,107.125,107.125,150642
2025-08-05 15:35:00+00:00,107.5749969482422,107.59500122070312,107.3249969482422,107.33000183105467,152574
2025-08-05 15:40:00+00:00,107.67649841308594,107.71990203857422,107.56999969482422,107.5749969482422,234151
2025-08-05 15:45:00+00:00,107.69000244140624,107.81510162353516,107.58999633789062,107.66999816894533,162626
2025-08-05 15:50:00+00:00,107.66999816894533,107.74500274658205,107.62999725341795,107.68499755859376,91326
2025-08-05 15:55:00+00:00,107.70500183105467,107.72000122070312,107.62000274658205,107.66000366210938,92642
2025-08-05 16:00:00+00:00,107.57659912109376,107.77999877929688,107.54000091552734,107.70780181884766,107387
2025-08-05 16:05:00+00:00,107.6623992919922,107.69000244140624,107.49500274658205,107.58999633789062,81246
2025-08-05 16:10:00+00:00,107.56999969482422,107.69000244140624,107.54000091552734,107.66000366210938,64402
2025-08-05 16:15:00+00:00,107.58499908447266,107.6260986328125,107.5199966430664,107.56999969482422,75548
2025-08-05 16:20:00+00:00,107.52999877929688,107.5998992919922,107.49030303955078,107.58000183105467,69071
2025-08-05 16:25:00+00:00,107.6449966430664,107.66500091552734,107.51000213623048,107.5199966430664,67565
2025-08-05 16:30:00+00:00,107.3499984741211,107.68990325927734,107.34480285644533,107.64990234375,125521
2025-08-05 16:35:00+00:00,107.13500213623048,107.3499984741211,107.09500122070312,107.33000183105467,91868
2025-08-05 16:40:00+00:00,107.06999969482422,107.12000274658205,107.01499938964844,107.12000274658205,100806
2025-08-05 16:45:00+00:00,107.16999816894533,107.18000030517578,106.9000015258789,107.06999969482422,187836
2025-08-05 16:50:00+00:00,107.1999969482422,107.20999908447266,107.12000274658205,107.17980194091795,75244
2025-08-05 16:55:00+00:00,107.04000091552734,107.22000122070312,106.93009948730467,107.22000122070312,107184
2025-08-05 17:00:00+00:00,107.16000366210938,107.19000244140624,107.01000213623048,107.02999877929688,97914
2025-08-05 17:05:00+00:00,107.16000366210938,107.19000244140624,107.0500030517578,107.16000366210938,184699
2025-08-05 17:10:00+00:00,107.18499755859376,107.20999908447266,107.11499786376952,107.16000366210938,76981
2025-08-05 17:15:00+00:00,107.22000122070312,107.24500274658205,107.13999938964844,107.18499755859376,144053
2025-08-05 17:20:00+00:00,107.04499816894533,107.20999908447266,107.0352020263672,107.20500183105467,68802
2025-08-05 17:25:00+00:00,106.88990020751952,107.0500030517578,106.83000183105467,107.04000091552734,103085
2025-08-05 17:30:00+00:00,106.83499908447266,106.9499969482422,106.80999755859376,106.88999938964844,80162
2025-08-05 17:35:00+00:00,106.80999755859376,106.8949966430664,106.76000213623048,106.83999633789062,129511
2025-08-05 17:40:00+00:00,107.05500030517578,107.05500030517578,106.80500030517578,106.80500030517578,142860
2025-08-05 17:45:00+00:00,106.94000244140624,107.05999755859376,106.93499755859376,107.0500030517578,104912
2025-08-05 17:50:00+00:00,106.91000366210938,106.94000244140624,106.83999633789062,106.93499755859376,79524
2025-08-05 17:55:00+00:00,106.8249969482422,106.91999816894533,106.77999877929688,106.91999816894533,85569
2025-08-05 18:00:00+00:00,106.7750015258789,106.87999725341795,106.7750015258789,106.83000183105467,132115
2025-08-05 18:05:00+00:00,106.875,106.90499877929688,106.76000213623048,106.77999877929688,90301
2025-08-05 18:10:00+00:00,106.8550033569336,106.88500213623048,106.79209899902344,106.875,102443
2025-08-05 18:15:00+00:00,106.96499633789062,106.98999786376952,106.80500030517578,106.86000061035156,85480
2025-08-05 18:20:00+00:00,107.00499725341795,107.0500030517578,106.9250030517578,106.96499633789062,95925
2025-08-05 18:25:00+00:00,106.9749984741211,107.01000213623048,106.91999816894533,107.01000213623048,104947
2025-08-05 18:30:00+00:00,106.95999908447266,106.9800033569336,106.9000015258789,106.97000122070312,80910
2025-08-05 18:35:00+00:00,106.97000122070312,107.02999877929688,106.94010162353516,106.97000122070312,150304
2025-08-05 18:40:00+00:00,106.97000122070312,107.0199966430664,106.91000366210938,106.9749984741211,145920
2025-08-05 18:45:00+00:00,106.98500061035156,107.02999877929688,106.96499633789062,106.9800033569336,207171
2025-08-05 18:50:00+00:00,106.9749984741211,107.0199966430664,106.94000244140624,106.98500061035156,129402
2025-08-05 18:55:00+00:00,106.95500183105467,107.0199966430664,106.93499755859376,106.9749984741211,145471
2025-08-05 19:00:00+00:00,107.1050033569336,107.11499786376952,106.95999908447266,106.95999908447266,553462
2025-08-05 19:05:00+00:00,107.17990112304688,107.17990112304688,107.04000091552734,107.1050033569336,262995
2025-08-05 19:10:00+00:00,107.12000274658205,107.22850036621094,107.0999984741211,107.16999816894533,261216
2025-08-05 19:15:00+00:00,107.04499816894533,107.13500213623048,107.0199966430664,107.12999725341795,125264
2025-08-05 19:20:00+00:00,107.08499908447266,107.11000061035156,106.99500274658205,107.04499816894533,151638
2025-08-05 19:25:00+00:00,107.01499938964844,107.08999633789062,107.01000213623048,107.08499908447266,155447
2025-08-05 19:30:00+00:00,107.12000274658205,107.12999725341795,106.97000122070312,107.01000213623048,229105
2025-08-05 19:35:00+00:00,107.1449966430664,107.2300033569336,107.06500244140624,107.125,230624
2025-08-05 19:40:00+00:00,107.06999969482422,107.19000244140624,107.0500030517578,107.13999938964844,465813
2025-08-05 19:45:00+00:00,107.12999725341795,107.20999908447266,107.04000091552734,107.06999969482422,404526
2025-08-05 19:50:00+00:00,107.2249984741211,107.30999755859376,107.0999984741211,107.12999725341795,1142652
2025-08-05 19:55:00+00:00,107.19000244140624,107.30999755859376,107.1500015258789,107.2249984741211,945930
2025-08-06 13:30:00+00:00,108.33000183105467,108.44000244140624,108.20999908447266,108.30500030517578,85040
2025-08-06 13:35:00+00:00,108.73999786376952,108.76000213623048,108.2300033569336,108.2699966430664,536329
2025-08-06 13:40:00+00:00,108.79000091552734,108.88500213623048,108.66000366210938,108.7300033569336,241668
2025-08-06 13:45:00+00:00,108.49500274658205,108.91999816894533,108.49500274658205,108.79499816894533,203622
2025-08-06 13:50:00+00:00,108.79499816894533,108.94000244140624,108.45999908447266,108.49500274658205,188741
2025-08-06 13:55:00+00:00,108.8000030517578,109.01000213623048,108.58999633789062,108.79000091552734,345692
2025-08-06 14:00:00+00:00,108.38999938964844,109.0500030517578,108.2699966430664,108.81999969482422,336709
2025-08-06 14:05:00+00:00,108.08999633789062,108.40470123291016,108.02999877929688,108.3988037109375,161455
2025-08-06 14:10:00+00:00,108.0999984741211,108.23500061035156,108.02999877929688,108.08000183105467,187503
2025-08-06 14:15:00+00:00,108.06999969482422,108.16000366210938,107.9800033569336,108.0999984741211,143257
2025-08-06 14:20:00+00:00,107.97000122070312,108.16000366210938,107.93000030517578,108.06999969482422,136655
2025-08-06 14:25:00+00:00,108.05010223388672,108.05999755859376,107.9292984008789,107.95999908447266,93075
2025-08-06 14:30:00+00:00,108.1050033569336,108.16000366210938,108.01000213623048,108.06999969482422,122850
2025-08-06 14:35:00+00:00,108.08999633789062,108.20999908447266,108.08000183105467,108.0999984741211,111562
2025-08-06 14:40:00+00:00,108.09500122070312,108.2699966430664,108.05999755859376,108.08000183105467,100701
2025-08-06 14:45:00+00:00,108.05999755859376,108.25,108.03500366210938,108.1050033569336,99096
2025-08-06 14:50:00+00:00,108.09030151367188,108.1750030517578,108.02999877929688,108.06500244140624,86035
2025-08-06 14:55:00+00:00,108.06999969482422,108.1500015258789,108.0155029296875,108.08999633789062,139847
2025-08-06 15:00:00+00:00,108.08999633789062,108.16000366210938,108.06999969482422,108.0749969482422,79543
2025-08-06 15:05:00+00:00,108.18499755859376,108.28079986572266,108.0749969482422,108.08499908447266,98730
2025-08-06 15:10:00+00:00,108.03500366210938,108.19499969482422,108.03500366210938,108.18499755859376,121172
2025-08-06 15:15:00+00:00,108.15499877929688,108.16000366210938,107.95999908447266,108.03500366210938,155926
2025-08-06 15:20:00+00:00,108.26000213623048,108.33999633789062,108.15499877929688,108.15499877929688,93913
2025-08-06 15:25:00+00:00,108.36000061035156,108.4000015258789,108.19000244140624,108.2699966430664,117898
2025-08-06 15:30:00+00:00,108.4000015258789,108.44000244140624,108.25,108.38999938964844,105483
2025-08-06 15:35:00+00:00,108.4000015258789,108.41999816894533,108.30999755859376,108.38999938964844,93546
2025-08-06 15:40:00+00:00,108.43000030517578,108.45999908447266,108.36000061035156,108.4000015258789,85504
2025-08-06 15:45:00+00:00,108.41999816894533,108.49500274658205,108.38999938964844,108.43000030517578,57226
2025-08-06 15:50:00+00:00,108.0,108.41999816894533,107.98999786376952,108.41000366210938,93199
2025-08-06 15:55:00+00:00,107.63999938964844,108.04000091552734,107.58999633789062,107.98999786376952,167229
2025-08-06 16:00:00+00:00,107.65499877929688,107.7300033569336,107.55999755859376,107.6500015258789,135611
2025-08-06 16:05:00+00:00,107.6999969482422,107.80999755859376,107.62000274658205,107.6500015258789,107211
2025-08-06 16:10:00+00:00,107.58999633789062,107.71499633789062,107.47000122070312,107.6999969482422,100560
2025-08-06 16:15:00+00:00,107.68499755859376,107.72000122070312,107.5500030517578,107.5999984741211,73271
2025-08-06 16:20:00+00:00,107.62000274658205,107.65499877929688,107.5500030517578,107.65499877929688,58437
2025-08-06 16:25:00+00:00,107.595703125,107.62000274658205,107.5500030517578,107.62000274658205,72406
2025-08-06 16:30:00+00:00,107.80999755859376,107.83000183105467,107.58000183105467,107.58999633789062,70531
2025-08-06 16:35:00+00:00,107.94000244140624,107.9499969482422,107.7699966430664,107.8000030517578,60876
2025-08-06 16:40:00+00:00,107.87999725341795,108.04000091552734,107.8000030517578,107.94000244140624,135981
2025-08-06 16:45:00+00:00,107.88249969482422,108.08000183105467,107.8499984741211,107.93000030517578,101791
2025-08-06 16:50:00+00:00,107.81999969482422,107.89659881591795,107.80500030517578,107.87999725341795,75953
2025-08-06 16:55:00+00:00,107.8949966430664,107.91000366210938,107.76000213623048,107.80999755859376,80273
2025-08-06 17:00:00+00:00,107.76010131835938,107.98999786376952,107.7300033569336,107.9000015258789,79521
2025-08-06 17:05:00+00:00,107.83000183105467,107.9499969482422,107.78500366210938,107.79000091552734,88992
2025-08-06 17:10:00+00:00,107.86000061035156,107.91000366210938,107.77999877929688,107.81999969482422,95569
2025-08-06 17:15:00+00:00,107.7300033569336,107.87999725341795,107.69000244140624,107.83000183105467,112588
2025-08-06 17:20:00+00:00,107.72000122070312,107.7699966430664,107.62999725341795,107.72000122070312,113304
2025-08-06 17:25:00+00:00,107.58000183105467,107.72000122070312,107.54100036621094,107.72000122070312,99985
2025-08-06 17:30:00+00:00,107.55999755859376,107.62999725341795,107.52999877929688,107.58999633789062,81114
2025-08-06 17:35:00+00:00,107.54000091552734,107.62999725341795,107.5199966430664,107.55999755859376,81516
2025-08-06 17:40:00+00:00,107.57830047607422,107.62000274658205,107.5199966430664,107.5199966430664,94577
2025-08-06 17:45:00+00:00,107.4800033569336,107.5999984741211,107.427001953125,107.58000183105467,81545
2025-08-06 17:50:00+00:00,107.4499969482422,107.5,107.42009735107422,107.4749984741211,45214
2025-08-06 17:55:00+00:00,107.41000366210938,107.48999786376952,107.4000015258789,107.44000244140624,64994
2025-08-06 18:00:00+00:00,107.19000244140624,107.50499725341795,107.15499877929688,107.4000015258789,185453
2025-08-06 18:05:00+00:00,106.9749984741211,107.23999786376952,106.9499969482422,107.18499755859376,157419
2025-08-06 18:10:00+00:00,106.8949966430664,107.0199966430664,106.87000274658205,106.97000122070312,136045
2025-08-06 18:15:00+00:00,107.0500030517578,107.08499908447266,106.9000015258789,106.9000015258789,90606
2025-08-06 18:20:00+00:00,107.01000213623048,107.05999755859376,106.8949966430664,106.97000122070312,123101
2025-08-06 18:25:00+00:00,106.97440338134766,107.05940246582033,106.92160034179688,107.0199966430664,88282
2025-08-06 18:30:00+00:00,107.02999877929688,107.02999877929688,106.87000274658205,106.97599792480467,113590
2025-08-06 18:35:00+00:00,106.8949966430664,107.04000091552734,106.87000274658205,107.02999877929688,81724
2025-08-06 18:40:00+00:00,106.86000061035156,106.94760131835938,106.83499908447266,106.8949966430664,130559
2025-08-06 18:45:00+00:00,106.83499908447266,106.9000015258789,106.76000213623048,106.86000061035156,107932
2025-08-06 18:50:00+00:00,106.9499969482422,106.97000122070312,106.82140350341795,106.83499908447266,85372
2025-08-06 18:55:00+00:00,106.9250030517578,107.00499725341795,106.88500213623048,106.94499969482422,110801
2025-08-06 19:00:00+00:00,106.625,106.93499755859376,106.61499786376952,106.91999816894533,169301
2025-08-06 19:05:00+00:00,106.44000244140624,106.66999816894533,106.43000030517578,106.625,224177
2025-08-06 19:10:00+00:00,106.49220275878906,106.55750274658205,106.44499969482422,106.4499969482422,324122
2025-08-06 19:15:00+00:00,106.5199966430664,106.61499786376952,106.49500274658205,106.49500274658205,188812
2025-08-06 19:20:00+00:00,106.41500091552734,106.54000091552734,106.37000274658205,106.52749633789062,150188
2025-08-06 19:25:00+00:00,106.46499633789062,106.56500244140624,106.3949966430664,106.41000366210938,170599
2025-08-06 19:30:00+00:00,106.68000030517578,106.68000030517578,106.46499633789062,106.46499633789062,154367
2025-08-06 19:35:00+00:00,106.69100189208984,106.7300033569336,106.63500213623048,106.68000030517578,127806
2025-08-06 19:40:00+00:00,106.73500061035156,106.73999786376952,106.625,106.69499969482422,227447
2025-08-06 19:45:00+00:00,106.7300033569336,106.80999755859376,106.61000061035156,106.7300033569336,229699
2025-08-06 19:50:00+00:00,106.8000030517578,106.9000015258789,106.61000061035156,106.72000122070312,1081942
2025-08-06 19:55:00+00:00,106.5500030517578,106.80999755859376,106.5,106.80500030517578,891191
2025-08-07 13:30:00+00:00,107.8949966430664,108.0,106.98999786376952,107.13999938964844,500999
2025-08-07 13:35:00+00:00,107.94499969482422,108.04000091552734,107.7300033569336,107.93000030517578,215891
2025-08-07 13:40:00+00:00,107.67030334472656,108.05999755859376,107.67030334472656,107.93890380859376,232793
2025-08-07 13:45:00+00:00,107.58999633789062,107.85350036621094,107.58999633789062,107.66999816894533,166818
2025-08-07 13:50:00+00:00,107.38999938964844,107.63999938964844,107.31999969482422,107.56999969482422,161809
2025-08-07 13:55:00+00:00,107.19000244140624,107.4000015258789,107.08000183105467,107.3949966430664,171934
2025-08-07 14:00:00+00:00,106.98500061035156,107.20999908447266,106.9749984741211,107.1999969482422,165924
2025-08-07 14:05:00+00:00,106.95500183105467,107.20999908447266,106.94000244140624,106.9800033569336,137832
2025-08-07 14:10:00+00:00,107.04000091552734,107.04000091552734,106.80999755859376,106.94000244140624,222355
2025-08-07 14:15:00+00:00,106.9800033569336,107.0500030517578,106.8949966430664,106.9552993774414,120336
2025-08-07 14:20:00+00:00,106.83499908447266,106.9800033569336,106.70999908447266,106.97000122070312,168674
2025-08-07 14:25:00+00:00,106.7261962890625,106.87999725341795,106.62000274658205,106.83000183105467,190095
2025-08-07 14:30:00+00:00,106.63999938964844,106.83999633789062,106.5999984741211,106.73999786376952,202774
2025-08-07 14:35:00+00:00,106.62000274658205,106.7699966430664,106.58999633789062,106.63999938964844,127994
2025-08-07 14:40:00+00:00,106.66999816894533,106.70999908447266,106.5,106.62999725341795,131073
2025-08-07 14:45:00+00:00,106.4749984741211,106.66999816894533,106.40499877929688,106.66999816894533,139333
2025-08-07 14:50:00+00:00,106.45950317382812,106.54000091552734,106.38500213623048,106.47000122070312,139030
2025-08-07 14:55:00+00:00,106.44499969482422,106.48999786376952,106.3499984741211,106.45999908447266,132852
2025-08-07 15:00:00+00:00,106.58000183105467,106.6500015258789,106.3949966430664,106.44349670410156,183593
2025-08-07 15:05:00+00:00,106.13999938964844,106.5999984741211,106.13999938964844,106.5749969482422,263686
2025-08-07 15:10:00+00:00,106.26000213623048,106.33000183105467,106.08000183105467,106.13999938964844,236211
2025-08-07 15:15:00+00:00,106.3499984741211,106.45999908447266,106.18499755859376,106.23999786376952,127509
2025-08-07 15:20:00+00:00,106.2300033569336,106.41000366210938,106.2300033569336,106.36900329589844,91572
2025-08-07 15:25:00+00:00,106.33999633789062,106.4499969482422,106.3000030517578,106.33999633789062,100851
2025-08-07 15:30:00+00:00,106.23999786376952,106.36000061035156,106.22000122070312,106.3499984741211,143655
2025-08-07 15:35:00+00:00,106.18499755859376,106.27999877929688,106.12999725341795,106.25,103864
2025-08-07 15:40:00+00:00,106.29499816894533,106.31500244140624,106.15499877929688,106.18000030517578,108978
2025-08-07 15:45:00+00:00,106.41500091552734,106.45999908447266,106.2699966430664,106.3000030517578,91464
2025-08-07 15:50:00+00:00,106.44000244140624,106.47000122070312,106.39450073242188,106.43879699707033,86453
2025-08-07 15:55:00+00:00,106.5,106.55999755859376,106.40499877929688,106.44000244140624,88600
2025-08-07 16:00:00+00:00,106.5999984741211,106.66999816894533,106.51000213623048,106.5199966430664,91788
2025-08-07 16:05:00+00:00,106.7699966430664,106.7750015258789,106.60009765625,106.62999725341795,128985
2025-08-07 16:10:00+00:00,106.8499984741211,106.8550033569336,106.73999786376952,106.7699966430664,193265
2025-08-07 16:15:00+00:00,106.7750015258789,106.8499984741211,106.69000244140624,106.8499984741211,272803
2025-08-07 16:20:00+00:00,106.6500015258789,106.79000091552734,106.56999969482422,106.79000091552734,64131
2025-08-07 16:25:00+00:00,106.75,106.76499938964844,106.6449966430664,106.66000366210938,62499
2025-08-07 16:30:00+00:00,106.7699966430664,106.80999755859376,106.70020294189452,106.75,72588
2025-08-07 16:35:00+00:00,106.7750015258789,106.8000030517578,106.69000244140624,106.7699966430664,72768
2025-08-07 16:40:00+00:00,106.7300033569336,106.83999633789062,106.72000122070312,106.80500030517578,92694
2025-08-07 16:45:00+00:00,106.58000183105467,106.73500061035156,106.52899932861328,106.7300033569336,108874
2025-08-07 16:50:00+00:00,106.55999755859376,106.6500015258789,106.51000213623048,106.58000183105467,74935
2025-08-07 16:55:00+00:00,106.5,106.6500015258789,106.48999786376952,106.56999969482422,98611
2025-08-07 17:00:00+00:00,106.45500183105467,106.59880065917967,106.38999938964844,106.49500274658205,70100
2025-08-07 17:05:00+00:00,106.37000274658205,106.51000213623048,106.33999633789062,106.47000122070312,78591
2025-08-07 17:10:00+00:00,106.28990173339844,106.37999725341795,106.25,106.37000274658205,100505
2025-08-07 17:15:00+00:00,106.25759887695312,106.3499984741211,106.2249984741211,106.28500366210938,74603
2025-08-07 17:20:00+00:00,106.29000091552734,106.31999969482422,106.2249984741211,106.25,95720
2025-08-07 17:25:00+00:00,106.23799896240234,106.33000183105467,106.19000244140624,106.28500366210938,80316
2025-08-07 17:30:00+00:00,106.37999725341795,106.37999725341795,106.20500183105467,106.2300033569336,75103
2025-08-07 17:35:00+00:00,106.4749984741211,106.53079986572266,106.34500122070312,106.38500213623048,93925
2025-08-07 17:40:00+00:00,106.58000183105467,106.59500122070312,106.4800033569336,106.4800033569336,65878
2025-08-07 17:45:00+00:00,106.66000366210938,106.72000122070312,106.50420379638672,106.58000183105467,138042
2025-08-07 17:50:00+00:00,106.73999786376952,106.76000213623048,106.62000274658205,106.6500015258789,70623
2025-08-07 17:55:00+00:00,106.66999816894533,106.7699966430664,106.6449966430664,106.75,58327
2025-08-07 18:00:00+00:00,106.63500213623048,106.73999786376952,106.62999725341795,106.6750030517578,80378
2025-08-07 18:05:00+00:00,106.66500091552734,106.68000030517578,106.58000183105467,106.68000030517578,66692
2025-08-07 18:10:00+00:00,106.80999755859376,106.8249969482422,106.6500015258789,106.66999816894533,71471
2025-08-07 18:15:00+00:00,106.7750015258789,106.87539672851562,106.73999786376952,106.81999969482422,86609
2025-08-07 18:20:00+00:00,106.7698974609375,106.8249969482422,106.74500274658205,106.77999877929688,70496
2025-08-07 18:25:00+00:00,106.74500274658205,106.8000030517578,106.70500183105467,106.7699966430664,69745
2025-08-07 18:30:00+00:00,106.625,106.73999786376952,106.58499908447266,106.73999786376952,96334
2025-08-07 18:35:00+00:00,106.63500213623048,106.69000244140624,106.61160278320312,106.625,79776
2025-08-07 18:40:00+00:00,106.56999969482422,106.63999938964844,106.53410339355467,106.63999938964844,122632
2025-08-07 18:45:00+00:00,106.51000213623048,106.56500244140624,106.46499633789062,106.55999755859376,89367
2025-08-07 18:50:00+00:00,106.5,106.52999877929688,106.44180297851562,106.51629638671876,79601
2025-08-07 18:55:00+00:00,106.40499877929688,106.5,106.37020111083984,106.48999786376952,73187
2025-08-07 19:00:00+00:00,106.34500122070312,106.43499755859376,106.31999969482422,106.40499877929688,88650
2025-08-07 19:05:00+00:00,106.30999755859376,106.3499984741211,106.1999969482422,106.33999633789062,100782
2025-08-07 19:10:00+00:00,106.27999877929688,106.34980010986328,106.23500061035156,106.3249969482422,114090
2025-08-07 19:15:00+00:00,106.26000213623048,106.30999755859376,106.23999786376952,106.27999877929688,109348
2025-08-07 19:20:00+00:00,106.51499938964844,106.51499938964844,106.26000213623048,106.26499938964844,164064
2025-08-07 19:25:00+00:00,106.51000213623048,106.56539916992188,106.49500274658205,106.5199966430664,136568
2025-08-07 19:30:00+00:00,106.43000030517578,106.5199966430664,106.36499786376952,106.51000213623048,139236
2025-08-07 19:35:00+00:00,106.31999969482422,106.44000244140624,106.31500244140624,106.43000030517578,119612
2025-08-07 19:40:00+00:00,106.3949966430664,106.4000015258789,106.28500366210938,106.31500244140624,138177
2025-08-07 19:45:00+00:00,106.2699966430664,106.44000244140624,106.26499938964844,106.40499877929688,168892
2025-08-07 19:50:00+00:00,105.95989990234376,106.27999877929688,105.91500091552734,106.2699966430664,404466
2025-08-07 19:55:00+00:00,105.94000244140624,106.04000091552734,105.88999938964844,105.95500183105467,1724282
2025-08-08 13:30:00+00:00,106.6500015258789,106.66999816894533,106.37000274658205,106.5,51438
2025-08-08 13:35:00+00:00,106.62000274658205,106.75,106.5,106.63999938964844,336045
2025-08-08 13:40:00+00:00,107.0250015258789,107.02950286865234,106.63999938964844,106.63999938964844,230589
2025-08-08 13:45:00+00:00,107.16000366210938,107.1999969482422,106.94000244140624,107.0199966430664,208472
2025-08-08 13:50:00+00:00,107.41919708251952,107.45999908447266,107.18000030517578,107.18000030517578,264237
2025-08-08 13:55:00+00:00,107.36000061035156,107.47000122070312,107.19000244140624,107.40499877929688,198340
2025-08-08 14:00:00+00:00,107.30999755859376,107.5,107.2699966430664,107.4000015258789,230183
2025-08-08 14:05:00+00:00,106.67400360107422,107.51000213623048,106.58000183105467,107.3499984741211,386696
2025-08-08 14:10:00+00:00,106.36000061035156,106.69000244140624,105.9499969482422,106.68000030517578,685047
2025-08-08 14:15:00+00:00,106.54499816894533,106.58999633789062,106.1999969482422,106.36000061035156,243251
2025-08-08 14:20:00+00:00,106.45999908447266,106.61000061035156,106.36000061035156,106.55999755859376,250162
2025-08-08 14:25:00+00:00,106.41000366210938,106.62999725341795,106.38999938964844,106.47000122070312,166364
2025-08-08 14:30:00+00:00,106.41000366210938,106.55999755859376,106.28700256347656,106.40299987792967,185017
2025-08-08 14:35:00+00:00,106.7300033569336,106.73999786376952,106.38999938964844,106.41000366210938,166419
2025-08-08 14:40:00+00:00,106.62000274658205,106.81999969482422,106.56999969482422,106.72000122070312,179239
2025-08-08 14:45:00+00:00,106.7249984741211,106.76000213623048,106.58000183105467,106.62000274658205,112322
2025-08-08 14:50:00+00:00,106.75,106.79000091552734,106.66999816894533,106.7300033569336,116430
2025-08-08 14:55:00+00:00,106.63999938964844,106.8499984741211,106.63999938964844,106.73999786376952,122459
2025-08-08 15:00:00+00:00,106.73999786376952,106.87000274658205,106.62000274658205,106.62999725341795,170651
2025-08-08 15:05:00+00:00,106.83000183105467,106.91000366210938,106.7249984741211,106.73999786376952,417471
2025-08-08 15:10:00+00:00,106.875,107.0,106.79000091552734,106.82250213623048,92628
2025-08-08 15:15:00+00:00,106.81999969482422,106.9250030517578,106.8000030517578,106.87000274658205,102415
2025-08-08 15:20:00+00:00,106.81500244140624,106.97000122070312,106.77999877929688,106.81999969482422,151453
2025-08-08 15:25:00+00:00,106.86499786376952,107.00499725341795,106.80500030517578,106.80999755859376,122740
2025-08-08 15:30:00+00:00,106.93499755859376,107.00499725341795,106.87000274658205,106.87000274658205,98665
2025-08-08 15:35:00+00:00,106.83999633789062,106.9499969482422,106.8249969482422,106.93000030517578,89252
2025-08-08 15:40:00+00:00,106.8053970336914,106.875,106.8000030517578,106.83999633789062,90788
2025-08-08 15:45:00+00:00,106.76499938964844,106.87000274658205,106.6999969482422,106.80500030517578,103691
2025-08-08 15:50:00+00:00,106.76000213623048,106.7750015258789,106.66999816894533,106.76000213623048,95993
2025-08-08 15:55:00+00:00,106.76000213623048,106.89849853515624,106.73999786376952,106.7699966430664,111225
2025-08-08 16:00:00+00:00,106.7699966430664,106.81999969482422,106.72000122070312,106.7699966430664,118552
2025-08-08 16:05:00+00:00,106.78500366210938,106.8000030517578,106.72000122070312,106.76000213623048,136785
2025-08-08 16:10:00+00:00,106.86000061035156,106.86499786376952,106.73999786376952,106.78500366210938,118212
2025-08-08 16:15:00+00:00,106.9250030517578,106.9250030517578,106.79000091552734,106.86341094970705,149081
2025-08-08 16:20:00+00:00,106.87999725341795,107.0199966430664,106.8550033569336,106.93000030517578,158079
2025-08-08 16:25:00+00:00,106.80500030517578,106.91000366210938,106.80010223388672,106.875,92392
2025-08-08 16:30:00+00:00,106.73719787597656,106.80509948730467,106.70500183105467,106.80509948730467,80546
2025-08-08 16:35:00+00:00,106.80500030517578,106.816162109375,106.73500061035156,106.73500061035156,78151
2025-08-08 16:40:00+00:00,106.99500274658205,107.0,106.79499816894533,106.80500030517578,82364
2025-08-08 16:45:00+00:00,106.98999786376952,107.0199966430664,106.87999725341795,106.99500274658205,88921
2025-08-08 16:50:00+00:00,106.97000122070312,107.0000991821289,106.9031982421875,106.99500274658205,42300
2025-08-08 16:55:00+00:00,107.01000213623048,107.02999877929688,106.9499969482422,106.95999908447266,72595
2025-08-08 17:00:00+00:00,107.02999877929688,107.125,106.98999786376952,107.0199966430664,148067
2025-08-08 17:05:00+00:00,107.12000274658205,107.18099975585938,106.9749984741211,107.0250015258789,77550
2025-08-08 17:10:00+00:00,107.1999969482422,107.21749877929688,107.11499786376952,107.12000274658205,77428
2025-08-08 17:15:00+00:00,107.16000366210938,107.1999969482422,107.08999633789062,107.1999969482422,64323
2025-08-08 17:20:00+00:00,107.08999633789062,107.2249984741211,106.83999633789062,107.16000366210938,137699
2025-08-08 17:25:00+00:00,107.08000183105467,107.12999725341795,106.99500274658205,107.08999633789062,56493
2025-08-08 17:30:00+00:00,106.95500183105467,107.07720184326172,106.88500213623048,107.06999969482422,61951
2025-08-08 17:35:00+00:00,106.94499969482422,107.01000213623048,106.9250030517578,106.9499969482422,89822
2025-08-08 17:40:00+00:00,107.0,107.0072021484375,106.91999816894533,106.94000244140624,58545
2025-08-08 17:45:00+00:00,107.0250015258789,107.04820251464844,106.9800033569336,107.0,76440
2025-08-08 17:50:00+00:00,107.08499908447266,107.08999633789062,107.01000213623048,107.02999877929688,64806
2025-08-08 17:55:00+00:00,107.18280029296876,107.19000244140624,107.08499908447266,107.08499908447266,63735
2025-08-08 18:00:00+00:00,107.1999969482422,107.23999786376952,107.11000061035156,107.18000030517578,72058
2025-08-08 18:05:00+00:00,107.15470123291016,107.1999969482422,107.0999984741211,107.19000244140624,83771
2025-08-08 18:10:00+00:00,107.1750030517578,107.18499755859376,107.11009979248048,107.15499877929688,53587
2025-08-08 18:15:00+00:00,107.13500213623048,107.2249984741211,107.13500213623048,107.17510223388672,76801
2025-08-08 18:20:00+00:00,107.11499786376952,107.15989685058594,107.06999969482422,107.13500213623048,81967
2025-08-08 18:25:00+00:00,107.05999755859376,107.11990356445312,106.98999786376952,107.11990356445312,75381
2025-08-08 18:30:00+00:00,106.93000030517578,107.06999969482422,106.8499984741211,107.0500030517578,117536
2025-08-08 18:35:00+00:00,106.87999725341795,106.94000244140624,106.84500122070312,106.90499877929688,65226
2025-08-08 18:40:00+00:00,106.7750015258789,106.91000366210938,106.7699966430664,106.88999938964844,62456
2025-08-08 18:45:00+00:00,106.76000213623048,106.8000030517578,106.71499633789062,106.7750015258789,76422
2025-08-08 18:50:00+00:00,106.70500183105467,106.76000213623048,106.68450164794922,106.75,69646
2025-08-08 18:55:00+00:00,106.63999938964844,106.71499633789062,106.6050033569336,106.70999908447266,77825
2025-08-08 19:00:00+00:00,106.63999938964844,106.69499969482422,106.5999984741211,106.63999938964844,123352
2025-08-08 19:05:00+00:00,106.59500122070312,106.63500213623048,106.5199966430664,106.63500213623048,74032
2025-08-08 19:10:00+00:00,106.68499755859376,106.70500183105467,106.59500122070312,106.59500122070312,81031
2025-08-08 19:15:00+00:00,106.76100158691406,106.76499938964844,106.66000366210938,106.68499755859376,80098
2025-08-08 19:20:00+00:00,106.7750015258789,106.8249969482422,106.75,106.76499938964844,82898
2025-08-08 19:25:00+00:00,106.73500061035156,106.79000091552734,106.7249984741211,106.78500366210938,90157
2025-08-08 19:30:00+00:00,106.86499786376952,106.87000274658205,106.73500061035156,106.73999786376952,121572
2025-08-08 19:35:00+00:00,106.91000366210938,106.94000244140624,106.83499908447266,106.8550033569336,134670
2025-08-08 19:40:00+00:00,106.73999786376952,106.91649627685548,106.7300033569336,106.91500091552734,222969
2025-08-08 19:45:00+00:00,106.5999984741211,106.74500274658205,106.58280181884766,106.73999786376952,259886
2025-08-08 19:50:00+00:00,106.79499816894533,106.81999969482422,106.55500030517578,106.5999984741211,289043
2025-08-08 19:55:00+00:00,106.83999633789062,106.87000274658205,106.76000213623048,106.8000030517578,698153
2025-08-11 13:30:00+00:00,107.36499786376952,107.4800033569336,107.0999984741211,107.11000061035156,364459
2025-08-11 13:35:00+00:00,107.2750015258789,107.4499969482422,107.1999969482422,107.3550033569336,120974
2025-08-11 13:40:00+00:00,106.8499984741211,107.2699966430664,106.7689971923828,107.26000213623048,147780
2025-08-11 13:45:00+00:00,106.75,107.03500366210938,106.72000122070312,106.84500122070312,139901
2025-08-11 13:50:00+00:00,106.73999786376952,106.75,106.4800033569336,106.73500061035156,147400
2025-08-11 13:55:00+00:00,106.76499938964844,106.86990356445312,106.72000122070312,106.75,95492
2025-08-11 14:00:00+00:00,106.76000213623048,106.77999877929688,106.5999984741211,106.76000213623048,162522
2025-08-11 14:05:00+00:00,106.7594985961914,106.91000366210938,106.72000122070312,106.76000213623048,114414
2025-08-11 14:10:00+00:00,106.4000015258789,106.75,106.31999969482422,106.75,178891
2025-08-11 14:15:00+00:00,106.26000213623048,106.41999816894533,106.22000122070312,106.4000015258789,188462
2025-08-11 14:20:00+00:00,106.20999908447266,106.37999725341795,106.20999908447266,106.25,134355
2025-08-11 14:25:00+00:00,106.23500061035156,106.31990051269533,106.16999816894533,106.1999969482422,114812
2025-08-11 14:30:00+00:00,106.29000091552734,106.37570190429688,106.21060180664062,106.23999786376952,117578
2025-08-11 14:35:00+00:00,106.1999969482422,106.30999755859376,106.16999816894533,106.29000091552734,116948
2025-08-11 14:40:00+00:00,106.08999633789062,106.3000030517578,106.06999969482422,106.19499969482422,128777
2025-08-11 14:45:00+00:00,106.02999877929688,106.12000274658205,105.96499633789062,106.0801010131836,173611
2025-08-11 14:50:00+00:00,106.04000091552734,106.0999984741211,105.9749984741211,106.02999877929688,87231
2025-08-11 14:55:00+00:00,105.9499969482422,106.11000061035156,105.83000183105467,106.03500366210938,244775
2025-08-11 15:00:00+00:00,106.04000091552734,106.05999755859376,105.875,105.94000244140624,137733
2025-08-11 15:05:00+00:00,105.98999786376952,106.11000061035156,105.9800033569336,106.0500030517578,100536
2025-08-11 15:10:00+00:00,105.90499877929688,106.0,105.875,105.98999786376952,125392
2025-08-11 15:15:00+00:00,105.90139770507812,105.98999786376952,105.8301010131836,105.9000015258789,99136
2025-08-11 15:20:00+00:00,106.00499725341795,106.16999816894533,105.86499786376952,105.8949966430664,125050
2025-08-11 15:25:00+00:00,105.95999908447266,106.0500030517578,105.95500183105467,106.01499938964844,135191
2025-08-11 15:30:00+00:00,105.99500274658205,106.08499908447266,105.95999908447266,105.95999908447266,130071
2025-08-11 15:35:00+00:00,105.94499969482422,106.04000091552734,105.89009857177734,105.9749984741211,125263
2025-08-11 15:40:00+00:00,105.81999969482422,105.94499969482422,105.75,105.94499969482422,189306
2025-08-11 15:45:00+00:00,105.73999786376952,105.81999969482422,105.68499755859376,105.81999969482422,164801
2025-08-11 15:50:00+00:00,105.83999633789062,105.8550033569336,105.61499786376952,105.73999786376952,129614
2025-08-11 15:55:00+00:00,105.83499908447266,105.875,105.76000213623048,105.83999633789062,74618
2025-08-11 16:00:00+00:00,106.0250015258789,106.05999755859376,105.84020233154295,105.8499984741211,100242
2025-08-11 16:05:00+00:00,106.01000213623048,106.0500030517578,105.9800033569336,106.0199966430664,107518
2025-08-11 16:10:00+00:00,105.9499969482422,106.0199966430664,105.91000366210938,106.01499938964844,78786
2025-08-11 16:15:00+00:00,105.98500061035156,106.02999877929688,105.91999816894533,105.95500183105467,74926
2025-08-11 16:20:00+00:00,106.11000061035156,106.12999725341795,105.9749984741211,105.9800033569336,78525
2025-08-11 16:25:00+00:00,106.12999725341795,106.19000244140624,106.1050033569336,106.11990356445312,79638
2025-08-11 16:30:00+00:00,106.05999755859376,106.13999938964844,106.02999877929688,106.12999725341795,80751
2025-08-11 16:35:00+00:00,106.0199966430664,106.12000274658205,105.98500061035156,106.06999969482422,70945
2025-08-11 16:40:00+00:00,105.98500061035156,106.05999755859376,105.9800033569336,106.02999877929688,76731
2025-08-11 16:45:00+00:00,105.93000030517578,105.9800033569336,105.8949966430664,105.9800033569336,71332
2025-08-11 16:50:00+00:00,105.98999786376952,106.02999877929688,105.9250030517578,105.92990112304688,61391
2025-08-11 16:55:00+00:00,105.97550201416016,105.99500274658205,105.9499969482422,105.98999786376952,60787
2025-08-11 17:00:00+00:00,105.91500091552734,106.02989959716795,105.88030242919922,105.99500274658205,73904
2025-08-11 17:05:00+00:00,105.90499877929688,105.98999786376952,105.87000274658205,105.9198989868164,96812
2025-08-11 17:10:00+00:00,105.88500213623048,105.90499877929688,105.83999633789062,105.9000015258789,108506
2025-08-11 17:15:00+00:00,105.93499755859376,105.9499969482422,105.8499984741211,105.88999938964844,85637
2025-08-11 17:20:00+00:00,105.91999816894533,105.93499755859376,105.84500122070312,105.93000030517578,65467
2025-08-11 17:25:00+00:00,105.94499969482422,106.0,105.91000366210938,105.92759704589844,79182
2025-08-11 17:30:00+00:00,105.8498992919922,105.9499969482422,105.83100128173828,105.94000244140624,114805
2025-08-11 17:35:00+00:00,105.66999816894533,105.87999725341795,105.62999725341795,105.8499984741211,163097
2025-08-11 17:40:00+00:00,105.61000061035156,105.66000366210938,105.56999969482422,105.66000366210938,103818
2025-08-11 17:45:00+00:00,105.63999938964844,105.63999938964844,105.5250015258789,105.61000061035156,91051
2025-08-11 17:50:00+00:00,105.7313995361328,105.73509979248048,105.62999725341795,105.63999938964844,66246
2025-08-11 17:55:00+00:00,105.75,105.79450225830078,105.72119903564452,105.73999786376952,84768
2025-08-11 18:00:00+00:00,105.8249969482422,105.83999633789062,105.72000122070312,105.75499725341795,97203
2025-08-11 18:05:00+00:00,105.73999786376952,105.8550033569336,105.72010040283205,105.8249969482422,60501
2025-08-11 18:10:00+00:00,105.76000213623048,105.79000091552734,105.72000122070312,105.73500061035156,62276
2025-08-11 18:15:00+00:00,105.75499725341795,105.86499786376952,105.74500274658205,105.76499938964844,90049
2025-08-11 18:20:00+00:00,105.8949966430664,105.91000366210938,105.75,105.75499725341795,86122
2025-08-11 18:25:00+00:00,105.83999633789062,105.94499969482422,105.77999877929688,105.8949966430664,105855
2025-08-11 18:30:00+00:00,105.87000274658205,105.91500091552734,105.83999633789062,105.83999633789062,86501
2025-08-11 18:35:00+00:00,105.9000015258789,105.9000015258789,105.81999969482422,105.86000061035156,66697
2025-08-11 18:40:00+00:00,105.87999725341795,105.95500183105467,105.875,105.8949966430664,80108
2025-08-11 18:45:00+00:00,105.87010192871094,105.9000015258789,105.81500244140624,105.87999725341795,67533
2025-08-11 18:50:00+00:00,105.91999816894533,105.9250030517578,105.83499908447266,105.875,76917
2025-08-11 18:55:00+00:00,105.94000244140624,105.94499969482422,105.8499984741211,105.91999816894533,66822
2025-08-11 19:00:00+00:00,106.00499725341795,106.0199966430664,105.91999816894533,105.93000030517578,89258
2025-08-11 19:05:00+00:00,106.0199966430664,106.05500030517578,105.98999786376952,105.98999786376952,68920
2025-08-11 19:10:00+00:00,106.01429748535156,106.04499816894533,106.0,106.01010131835938,77180
2025-08-11 19:15:00+00:00,106.05999755859376,106.10749816894533,105.96499633789062,106.01499938964844,126561
2025-08-11 19:20:00+00:00,106.11499786376952,106.13999938964844,106.04000091552734,106.08999633789062,98074
2025-08-11 19:25:00+00:00,106.13999938964844,106.1875,106.11000061035156,106.12000274658205,135444
2025-08-11 19:30:00+00:00,106.19499969482422,106.21499633789062,106.12000274658205,106.1500015258789,155554
2025-08-11 19:35:00+00:00,106.20500183105467,106.24500274658205,106.18499755859376,106.19000244140624,125708
2025-08-11 19:40:00+00:00,106.08999633789062,106.20999908447266,106.05500030517578,106.20999908447266,143301
2025-08-11 19:45:00+00:00,106.05999755859376,106.09500122070312,105.9801025390625,106.08499908447266,163666
2025-08-11 19:50:00+00:00,105.80999755859376,106.08499908447266,105.77999877929688,106.05999755859376,1086166
2025-08-11 19:55:00+00:00,105.875,105.93000030517578,105.79000091552734,105.81999969482422,1003290
2025-08-12 13:30:00+00:00,106.00499725341795,106.33999633789062,105.77999877929688,106.33999633789062,1328085
2025-08-12 13:35:00+00:00,106.25,106.27999877929688,105.86000061035156,106.02999877929688,155302
2025-08-12 13:40:00+00:00,106.02999877929688,106.32990264892578,105.98999786376952,106.24500274658205,183991
2025-08-12 13:45:00+00:00,106.2699966430664,106.27999877929688,105.9800033569336,106.02999877929688,168463
2025-08-12 13:50:00+00:00,106.625,106.65969848632812,106.27059936523438,106.28500366210938,204522
2025-08-12 13:55:00+00:00,106.83999633789062,106.8499984741211,106.55999755859376,106.62000274658205,239236
2025-08-12 14:00:00+00:00,107.0250015258789,107.06999969482422,106.83999633789062,106.86000061035156,286731
2025-08-12 14:05:00+00:00,107.18000030517578,107.22000122070312,106.95999908447266,107.0199966430664,236070
2025-08-12 14:10:00+00:00,107.13999938964844,107.27999877929688,107.08499908447266,107.16999816894533,181152
2025-08-12 14:15:00+00:00,107.18000030517578,107.20999908447266,107.06999969482422,107.13999938964844,144293
2025-08-12 14:20:00+00:00,107.1750030517578,107.26000213623048,107.0250015258789,107.16999816894533,138650
2025-08-12 14:25:00+00:00,107.08000183105467,107.2699966430664,107.0199966430664,107.18499755859376,126661
2025-08-12 14:30:00+00:00,106.91999816894533,107.08000183105467,106.83499908447266,107.08000183105467,117180
2025-08-12 14:35:00+00:00,106.97000122070312,107.0,106.7750015258789,106.86000061035156,90835
2025-08-12 14:40:00+00:00,107.0250015258789,107.08999633789062,106.91000366210938,106.97000122070312,101533
2025-08-12 14:45:00+00:00,107.11000061035156,107.13500213623048,106.99500274658205,107.0250015258789,145347
2025-08-12 14:50:00+00:00,107.0009994506836,107.13999938964844,106.9800033569336,107.0999984741211,130567
2025-08-12 14:55:00+00:00,106.8000030517578,107.01000213623048,106.78500366210938,107.01000213623048,126263
2025-08-12 15:00:00+00:00,106.87000274658205,106.98500061035156,106.80809783935548,106.80999755859376,134960
2025-08-12 15:05:00+00:00,106.80999755859376,106.88999938964844,106.7750015258789,106.86499786376952,134965
2025-08-12 15:10:00+00:00,106.88500213623048,106.90499877929688,106.78500366210938,106.80999755859376,156951
2025-08-12 15:15:00+00:00,106.95500183105467,106.9800033569336,106.86000061035156,106.87999725341795,146150
2025-08-12 15:20:00+00:00,106.98999786376952,107.0250015258789,106.91999816894533,106.95999908447266,120645
2025-08-12 15:25:00+00:00,106.95999908447266,107.06999969482422,106.91000366210938,106.98999786376952,149396
2025-08-12 15:30:00+00:00,106.93499755859376,107.05500030517578,106.8949966430664,106.97000122070312,126073
2025-08-12 15:35:00+00:00,106.84500122070312,106.99500274658205,106.84500122070312,106.93499755859376,120752
2025-08-12 15:40:00+00:00,106.73500061035156,106.86699676513672,106.63999938964844,106.86000061035156,123794
2025-08-12 15:45:00+00:00,106.8480987548828,106.8656997680664,106.73500061035156,106.73999786376952,100625
2025-08-12 15:50:00+00:00,106.6698989868164,106.8499984741211,106.63999938964844,106.83999633789062,90410
2025-08-12 15:55:00+00:00,106.73999786376952,106.7699966430664,106.66000366210938,106.66000366210938,78269
2025-08-12 16:00:00+00:00,106.7699966430664,106.80999755859376,106.70999908447266,106.73999786376952,57935
2025-08-12 16:05:00+00:00,106.93499755859376,106.9499969482422,106.79000091552734,106.79000091552734,69896
2025-08-12 16:10:00+00:00,106.87000274658205,106.93499755859376,106.83000183105467,106.91999816894533,71902
2025-08-12 16:15:00+00:00,106.8499984741211,106.9000015258789,106.80500030517578,106.86499786376952,53311
2025-08-12 16:20:00+00:00,106.80999755859376,106.8550033569336,106.78500366210938,106.8550033569336,47670
2025-08-12 16:25:00+00:00,106.68000030517578,106.80999755859376,106.66999816894533,106.80999755859376,106109
2025-08-12 16:30:00+00:00,106.6750030517578,106.7300033569336,106.63500213623048,106.68000030517578,80690
2025-08-12 16:35:00+00:00,106.5749969482422,106.68000030517578,106.5500030517578,106.6750030517578,69775
2025-08-12 16:40:00+00:00,106.63999938964844,106.6750030517578,106.5749969482422,106.5749969482422,59034
2025-08-12 16:45:00+00:00,106.58999633789062,106.66000366210938,106.56999969482422,106.6500015258789,57641
2025-08-12 16:50:00+00:00,106.63500213623048,106.63500213623048,106.56999969482422,106.58999633789062,64107
2025-08-12 16:55:00+00:00,106.58499908447266,106.6500015258789,106.55999755859376,106.62999725341795,75566
2025-08-12 17:00:00+00:00,106.5500030517578,106.70999908447266,106.54499816894533,106.58499908447266,87466
2025-08-12 17:05:00+00:00,106.58999633789062,106.5958023071289,106.5250015258789,106.55500030517578,59751
2025-08-12 17:10:00+00:00,106.54540252685548,106.60549926757812,106.50499725341795,106.58999633789062,58988
2025-08-12 17:15:00+00:00,106.61499786376952,106.63999938964844,106.52999877929688,106.54499816894533,50071
2025-08-12 17:20:00+00:00,106.69010162353516,106.70500183105467,106.58499908447266,106.62000274658205,81865
2025-08-12 17:25:00+00:00,106.71499633789062,106.7699966430664,106.6999969482422,106.6999969482422,65086
2025-08-12 17:30:00+00:00,106.77999877929688,106.77999877929688,106.68000030517578,106.70999908447266,55956
2025-08-12 17:35:00+00:00,106.8499984741211,106.88500213623048,106.77999877929688,106.78500366210938,57128
2025-08-12 17:40:00+00:00,106.8301010131836,106.86000061035156,106.79000091552734,106.84500122070312,67443
2025-08-12 17:45:00+00:00,106.79000091552734,106.86000061035156,106.77999877929688,106.83499908447266,63954
2025-08-12 17:50:00+00:00,106.80500030517578,106.8407974243164,106.7249984741211,106.8000030517578,67289
2025-08-12 17:55:00+00:00,106.7699966430664,106.80999755859376,106.74009704589844,106.8000030517578,59249
2025-08-12 18:00:00+00:00,106.87999725341795,106.9000015258789,106.7300033569336,106.77999877929688,80770
2025-08-12 18:05:00+00:00,106.93000030517578,106.9499969482422,106.875,106.87999725341795,57768
2025-08-12 18:10:00+00:00,106.91999816894533,106.95999908447266,106.9000015258789,106.94000244140624,60456
2025-08-12 18:15:00+00:00,106.9800033569336,106.99500274658205,106.91500091552734,106.9250030517578,65214
2025-08-12 18:20:00+00:00,106.88500213623048,107.0,106.84500122070312,106.9802017211914,91380
2025-08-12 18:25:00+00:00,106.76000213623048,106.87999725341795,106.76000213623048,106.87999725341795,50446
2025-08-12 18:30:00+00:00,106.72000122070312,106.79000091552734,106.6999969482422,106.75,69868
2025-08-12 18:35:00+00:00,106.6999969482422,106.75499725341795,106.69000244140624,106.72000122070312,45099
2025-08-12 18:40:00+00:00,106.73500061035156,106.75499725341795,106.68499755859376,106.69000244140624,64957
2025-08-12 18:45:00+00:00,106.76969909667967,106.78500366210938,106.72000122070312,106.73500061035156,55355
2025-08-12 18:50:00+00:00,106.77989959716795,106.77999877929688,106.73999786376952,106.7699966430664,54241
2025-08-12 18:55:00+00:00,106.59500122070312,106.77999877929688,106.58999633789062,106.7699966430664,84552
2025-08-12 19:00:00+00:00,106.5749969482422,106.66999816894533,106.53500366210938,106.58999633789062,119762
2025-08-12 19:05:00+00:00,106.63009643554688,106.6999969482422,106.56999969482422,106.56999969482422,112345
2025-08-12 19:10:00+00:00,106.7249984741211,106.75,106.63500213623048,106.63999938964844,88040
2025-08-12 19:15:00+00:00,106.71019744873048,106.7249984741211,106.6750030517578,106.7249984741211,72651
2025-08-12 19:20:00+00:00,106.64990234375,106.72550201416016,106.63999938964844,106.71620178222656,91062
2025-08-12 19:25:00+00:00,106.53510284423828,106.6449966430664,106.5,106.63999938964844,137168
2025-08-12 19:30:00+00:00,106.45999908447266,106.55500030517578,106.45999908447266,106.53500366210938,163160
2025-08-12 19:35:00+00:00,106.41999816894533,106.4800033569336,106.40499877929688,106.45999908447266,164150
2025-08-12 19:40:00+00:00,106.41000366210938,106.5,106.4000015258789,106.4250030517578,139653
2025-08-12 19:45:00+00:00,106.3000030517578,106.41500091552734,106.29000091552734,106.41500091552734,136103
2025-08-12 19:50:00+00:00,106.1750030517578,106.375,106.1750030517578,106.30999755859376,322144
2025-08-12 19:55:00+00:00,106.125,106.2300033569336,106.02999877929688,106.18000030517578,773716
2025-08-13 13:30:00+00:00,106.12000274658205,106.3000030517578,105.73999786376952,106.0,497916
2025-08-13 13:35:00+00:00,106.1500015258789,106.19100189208984,106.06999969482422,106.13999938964844,114092
2025-08-13 13:40:00+00:00,106.27559661865234,106.3000030517578,106.15239715576172,106.15239715576172,175527
2025-08-13 13:45:00+00:00,106.49500274658205,106.50990295410156,106.27999877929688,106.27999877929688,158604
2025-08-13 13:50:00+00:00,106.52999877929688,106.54499816894533,106.3499984741211,106.4800033569336,142915
2025-08-13 13:55:00+00:00,106.66000366210938,106.72630310058594,106.49500274658205,106.52880096435548,154102
2025-08-13 14:00:00+00:00,106.73999786376952,106.80500030517578,106.5250015258789,106.68000030517578,159791
2025-08-13 14:05:00+00:00,106.7300033569336,106.83000183105467,106.6500015258789,106.73999786376952,277062
2025-08-13 14:10:00+00:00,106.83000183105467,106.98999786376952,106.73410034179688,106.73500061035156,194467
2025-08-13 14:15:00+00:00,106.68499755859376,106.83999633789062,106.6500015258789,106.83000183105467,126312
2025-08-13 14:20:00+00:00,106.49500274658205,106.68499755859376,106.41999816894533,106.68499755859376,129357
2025-08-13 14:25:00+00:00,106.54000091552734,106.55999755859376,106.4250030517578,106.48999786376952,139967
2025-08-13 14:30:00+00:00,106.4000015258789,106.56009674072266,106.34500122070312,106.53500366210938,164213
2025-08-13 14:35:00+00:00,106.3949966430664,106.44499969482422,106.29499816894533,106.37999725341795,131689
2025-08-13 14:40:00+00:00,106.18499755859376,106.44499969482422,106.16500091552734,106.3949966430664,184636
2025-08-13 14:45:00+00:00,106.0749969482422,106.26499938964844,106.05500030517578,106.16500091552734,170689
2025-08-13 14:50:00+00:00,106.04750061035156,106.1500015258789,106.0,106.08000183105467,113945
2025-08-13 14:55:00+00:00,106.01000213623048,106.0500030517578,105.91999816894533,106.0500030517578,181934
2025-08-13 15:00:00+00:00,106.08999633789062,106.11289978027344,106.00499725341795,106.01000213623048,109621
2025-08-13 15:05:00+00:00,106.2249984741211,106.2300033569336,106.0250015258789,106.0999984741211,161758
2025-08-13 15:10:00+00:00,106.41000366210938,106.41500091552734,106.22000122070312,106.2300033569336,171696
2025-08-13 15:15:00+00:00,106.44499969482422,106.5999984741211,106.4000015258789,106.41999816894533,120032
2025-08-13 15:20:00+00:00,106.41999816894533,106.5500030517578,106.37000274658205,106.44000244140624,122850
2025-08-13 15:25:00+00:00,106.4250030517578,106.44499969482422,106.31999969482422,106.41000366210938,114618
2025-08-13 15:30:00+00:00,106.3499984741211,106.5250015258789,106.34500122070312,106.43000030517578,99213
2025-08-13 15:35:00+00:00,106.43499755859376,106.45999908447266,106.29000091552734,106.3499984741211,105810
2025-08-13 15:40:00+00:00,106.28500366210938,106.46499633789062,106.2750015258789,106.43499755859376,105439
2025-08-13 15:45:00+00:00,106.18000030517578,106.30999755859376,106.16500091552734,106.28500366210938,104627
2025-08-13 15:50:00+00:00,106.05500030517578,106.18000030517578,106.04000091552734,106.18000030517578,191089
2025-08-13 15:55:00+00:00,105.9749984741211,106.0749969482422,105.9499969482422,106.0500030517578,174151
2025-08-13 16:00:00+00:00,106.0500030517578,106.05999755859376,105.93350219726562,105.9800033569336,117336
2025-08-13 16:05:00+00:00,106.16500091552734,106.19499969482422,106.05500030517578,106.05999755859376,78715
2025-08-13 16:10:00+00:00,106.125,106.185302734375,106.11499786376952,106.16000366210938,110834
2025-08-13 16:15:00+00:00,106.2156982421875,106.2156982421875,106.11499786376952,106.12000274658205,78642
2025-08-13 16:20:00+00:00,106.1449966430664,106.23999786376952,106.14009857177734,106.20999908447266,67523
2025-08-13 16:25:00+00:00,106.00499725341795,106.16000366210938,105.98999786376952,106.15499877929688,111245
2025-08-13 16:30:00+00:00,106.13500213623048,106.13999938964844,105.99500274658205,106.01000213623048,100930
2025-08-13 16:35:00+00:00,106.11499786376952,106.12999725341795,106.0199966430664,106.12999725341795,130701
2025-08-13 16:40:00+00:00,106.12999725341795,106.2051010131836,106.0999984741211,106.11000061035156,94733
2025-08-13 16:45:00+00:00,106.29000091552734,106.29290008544922,106.11000061035156,106.13999938964844,69986
2025-08-13 16:50:00+00:00,106.35009765625,106.36530303955078,106.29499816894533,106.29499816894533,72590
2025-08-13 16:55:00+00:00,106.33000183105467,106.38500213623048,106.29000091552734,106.3499984741211,77174
2025-08-13 17:00:00+00:00,106.31999969482422,106.37000274658205,106.28500366210938,106.3249969482422,101490
2025-08-13 17:05:00+00:00,106.33499908447266,106.37999725341795,106.30999755859376,106.31999969482422,90638
2025-08-13 17:10:00+00:00,106.2249984741211,106.33000183105467,106.20500183105467,106.33000183105467,86482
2025-08-13 17:15:00+00:00,106.29000091552734,106.3000030517578,106.2249984741211,106.2249984741211,73295
2025-08-13 17:20:00+00:00,106.33499908447266,106.36499786376952,106.27999877929688,106.28500366210938,100085
2025-08-13 17:25:00+00:00,106.3000030517578,106.4000015258789,106.3000030517578,106.33499908447266,70435
2025-08-13 17:30:00+00:00,106.40499877929688,106.40499877929688,106.3000030517578,106.30999755859376,85972
2025-08-13 17:35:00+00:00,106.45999908447266,106.49500274658205,106.38500213623048,106.4000015258789,86554
2025-08-13 17:40:00+00:00,106.3949966430664,106.53500366210938,106.38999938964844,106.45500183105467,71708
2025-08-13 17:45:00+00:00,106.4000015258789,106.45500183105467,106.37999725341795,106.3949966430664,86958
2025-08-13 17:50:00+00:00,106.36000061035156,106.44000244140624,106.33499908447266,106.41000366210938,54929
2025-08-13 17:55:00+00:00,106.27999877929688,106.3550033569336,106.2699966430664,106.3499984741211,82966
2025-08-13 18:00:00+00:00,106.4250030517578,106.4250030517578,106.25,106.28500366210938,71559
2025-08-13 18:05:00+00:00,106.43499755859376,106.4800033569336,106.41000366210938,106.41999816894533,75387
2025-08-13 18:10:00+00:00,106.4499969482422,106.52999877929688,106.43499755859376,106.44000244140624,86342
2025-08-13 18:15:00+00:00,106.44000244140624,106.49530029296876,106.4250030517578,106.4551010131836,71475
2025-08-13 18:20:00+00:00,106.49500274658205,106.51499938964844,106.41999816894533,106.44499969482422,140544
2025-08-13 18:25:00+00:00,106.54000091552734,106.5500030517578,106.47000122070312,106.49500274658205,106633
2025-08-13 18:30:00+00:00,106.5500030517578,106.6449966430664,106.5199966430664,106.54499816894533,104487
2025-08-13 18:35:00+00:00,106.58499908447266,106.64990234375,106.52449798583984,106.55500030517578,105690
2025-08-13 18:40:00+00:00,106.5199966430664,106.5999984741211,106.50499725341795,106.58000183105467,71726
2025-08-13 18:45:00+00:00,106.58499908447266,106.58499908447266,106.50440216064452,106.51499938964844,67841
2025-08-13 18:50:00+00:00,106.6500015258789,106.69499969482422,106.58000183105467,106.58499908447266,82473
2025-08-13 18:55:00+00:00,106.58499908447266,106.66999816894533,106.58000183105467,106.65499877929688,71182
2025-08-13 19:00:00+00:00,106.693603515625,106.70999908447266,106.56999969482422,106.58499908447266,82435
2025-08-13 19:05:00+00:00,106.74500274658205,106.75499725341795,106.68000030517578,106.69499969482422,69279
2025-08-13 19:10:00+00:00,106.79000091552734,106.8000030517578,106.71499633789062,106.73999786376952,118581
2025-08-13 19:15:00+00:00,106.8499984741211,106.875,106.78500366210938,106.8000030517578,93769
2025-08-13 19:20:00+00:00,106.98999786376952,107.0,106.83999633789062,106.83999633789062,116757
2025-08-13 19:25:00+00:00,107.00499725341795,107.08499908447266,106.9800033569336,106.99720001220705,187192
2025-08-13 19:30:00+00:00,107.13999938964844,107.1449966430664,107.00499725341795,107.01000213623048,150409
2025-08-13 19:35:00+00:00,107.1999969482422,107.20500183105467,107.0749969482422,107.1427993774414,172951
2025-08-13 19:40:00+00:00,107.3949966430664,107.4447021484375,107.21499633789062,107.21499633789062,317135
2025-08-13 19:45:00+00:00,107.45999908447266,107.5,107.37999725341795,107.4000015258789,246421
2025-08-13 19:50:00+00:00,107.5,107.56500244140624,107.43000030517578,107.45999908447266,469207
2025-08-13 19:55:00+00:00,107.56999969482422,107.58000183105467,107.47000122070312,107.5,1024268
2025-08-14 13:30:00+00:00,106.88999938964844,107.5500030517578,106.86000061035156,107.5500030517578,477461
2025-08-14 13:35:00+00:00,106.8280029296875,106.98999786376952,106.8000030517578,106.9000015258789,215660
2025-08-14 13:40:00+00:00,106.66999816894533,106.83999633789062,106.61499786376952,106.8280029296875,169191
2025-08-14 13:45:00+00:00,106.5250015258789,106.69000244140624,106.4800033569336,106.68000030517578,222361
2025-08-14 13:50:00+00:00,106.62920379638672,106.63990020751952,106.44100189208984,106.52999877929688,157292
2025-08-14 13:55:00+00:00,106.62999725341795,106.70999908447266,106.58000183105467,106.625,153172
2025-08-14 14:00:00+00:00,106.81999969482422,106.83000183105467,106.56999969482422,106.62000274658205,164105
2025-08-14 14:05:00+00:00,106.83999633789062,106.85009765625,106.68499755859376,106.83999633789062,181471
2025-08-14 14:10:00+00:00,106.6999969482422,106.9084014892578,106.68009948730467,106.8499984741211,199328
2025-08-14 14:15:00+00:00,106.68000030517578,106.72000122070312,106.61000061035156,106.70999908447266,119189
2025-08-14 14:20:00+00:00,106.73999786376952,106.7751007080078,106.6449966430664,106.66999816894533,95019
2025-08-14 14:25:00+00:00,106.68499755859376,106.81999969482422,106.66500091552734,106.7417984008789,118446
2025-08-14 14:30:00+00:00,106.7750015258789,106.80999755859376,106.68000030517578,106.69000244140624,101798
2025-08-14 14:35:00+00:00,106.6500015258789,106.8030014038086,106.62000274658205,106.77999877929688,127572
2025-08-14 14:40:00+00:00,106.58000183105467,106.66999816894533,106.51000213623048,106.66000366210938,113135
2025-08-14 14:45:00+00:00,106.76000213623048,106.76000213623048,106.56999969482422,106.59427642822266,96047
2025-08-14 14:50:00+00:00,106.66000366210938,106.79000091552734,106.63999938964844,106.76499938964844,87529
2025-08-14 14:55:00+00:00,106.66500091552734,106.7300033569336,106.62370300292967,106.66500091552734,107637
2025-08-14 15:00:00+00:00,106.4800033569336,106.6999969482422,106.45500183105467,106.66999816894533,115105
2025-08-14 15:05:00+00:00,106.55470275878906,106.61499786376952,106.4749984741211,106.4749984741211,96852
2025-08-14 15:10:00+00:00,106.69860076904295,106.70999908447266,106.5500030517578,106.5500030517578,80009
2025-08-14 15:15:00+00:00,106.73999786376952,106.7699966430664,106.68350219726562,106.6999969482422,94106
2025-08-14 15:20:00+00:00,106.7699966430664,106.81999969482422,106.70999908447266,106.7498016357422,119642
2025-08-14 15:25:00+00:00,106.84500122070312,106.9000015258789,106.76499938964844,106.7699966430664,132040
2025-08-14 15:30:00+00:00,106.93379974365234,106.97000122070312,106.78500366210938,106.84500122070312,158015
2025-08-14 15:35:00+00:00,106.7699966430664,106.93000030517578,106.76000213623048,106.93000030517578,129052
2025-08-14 15:40:00+00:00,106.83999633789062,106.87000274658205,106.75,106.7699966430664,195703
2025-08-14 15:45:00+00:00,106.83000183105467,106.86419677734376,106.7083969116211,106.83000183105467,86338
2025-08-14 15:50:00+00:00,106.6999969482422,106.83499908447266,106.6500015258789,106.83499908447266,57772
2025-08-14 15:55:00+00:00,106.7394027709961,106.7394027709961,106.66010284423828,106.70500183105467,75763
2025-08-14 16:00:00+00:00,106.80999755859376,106.83000183105467,106.7300033569336,106.73999786376952,84754
2025-08-14 16:05:00+00:00,106.8000030517578,106.8550033569336,106.78500366210938,106.8000030517578,141682
2025-08-14 16:10:00+00:00,106.77999877929688,106.8000030517578,106.71499633789062,106.8000030517578,102437
2025-08-14 16:15:00+00:00,106.78500366210938,106.79000091552734,106.73500061035156,106.7699966430664,68206
2025-08-14 16:20:00+00:00,106.8249969482422,106.8949966430664,106.78500366210938,106.78500366210938,78599
2025-08-14 16:25:00+00:00,106.7249984741211,106.83499908447266,106.72000122070312,106.83499908447266,73032
2025-08-14 16:30:00+00:00,106.62000274658205,106.7300033569336,106.5999984741211,106.72989654541016,96267
2025-08-14 16:35:00+00:00,106.54000091552734,106.63500213623048,106.48999786376952,106.625,78776
2025-08-14 16:40:00+00:00,106.61000061035156,106.61000061035156,106.53500366210938,106.54000091552734,66609
2025-08-14 16:45:00+00:00,106.67310333251952,106.71189880371094,106.58999633789062,106.62000274658205,59921
2025-08-14 16:50:00+00:00,106.76499938964844,106.77999877929688,106.673828125,106.6750030517578,57599
2025-08-14 16:55:00+00:00,106.79499816894533,106.81999969482422,106.72000122070312,106.76000213623048,50080
2025-08-14 17:00:00+00:00,106.86000061035156,106.86000061035156,106.76499938964844,106.79000091552734,64798
2025-08-14 17:05:00+00:00,106.86499786376952,106.9499969482422,106.84500122070312,106.8550033569336,83141
2025-08-14 17:10:00+00:00,106.6999969482422,106.86000061035156,106.6999969482422,106.86000061035156,95585
2025-08-14 17:15:00+00:00,106.79499816894533,106.80500030517578,106.70999908447266,106.70999908447266,57785
2025-08-14 17:20:00+00:00,106.8249969482422,106.9000015258789,106.76499938964844,106.77999877929688,74468
2025-08-14 17:25:00+00:00,106.9000015258789,106.91999816894533,106.81999969482422,106.8249969482422,130527
2025-08-14 17:30:00+00:00,107.0,107.0199966430664,106.9000015258789,106.9000015258789,139912
2025-08-14 17:35:00+00:00,107.01499938964844,107.0250015258789,106.9250030517578,106.99500274658205,217502
2025-08-14 17:40:00+00:00,107.08000183105467,107.08000183105467,106.9749984741211,107.01499938964844,100629
2025-08-14 17:45:00+00:00,107.1050033569336,107.12989807128906,107.04000091552734,107.08499908447266,98983
2025-08-14 17:50:00+00:00,107.0199966430664,107.0999984741211,107.01499938964844,107.08999633789062,123473
2025-08-14 17:55:00+00:00,107.01499938964844,107.0500030517578,106.97000122070312,107.01499938964844,81043
2025-08-14 18:00:00+00:00,107.13009643554688,107.13999938964844,107.01499938964844,107.01499938964844,81667
2025-08-14 18:05:00+00:00,107.1050033569336,107.1449966430664,107.03500366210938,107.13999938964844,112735
2025-08-14 18:10:00+00:00,107.125,107.13999938964844,107.0749969482422,107.0999984741211,60371
2025-08-14 18:15:00+00:00,107.11190032958984,107.14990234375,107.05999755859376,107.12000274658205,62957
2025-08-14 18:20:00+00:00,107.06500244140624,107.12020111083984,107.05999755859376,107.11499786376952,102676
2025-08-14 18:25:00+00:00,107.0749969482422,107.0999984741211,107.04499816894533,107.06500244140624,97079
2025-08-14 18:30:00+00:00,107.1750030517578,107.18679809570312,107.06999969482422,107.06999969482422,117882
2025-08-14 18:35:00+00:00,107.1750030517578,107.18000030517578,107.13249969482422,107.16999816894533,85736
2025-08-14 18:40:00+00:00,107.24500274658205,107.25,107.16999816894533,107.16999816894533,82145
2025-08-14 18:45:00+00:00,107.2249984741211,107.25,107.17009735107422,107.24500274658205,72891
2025-08-14 18:50:00+00:00,107.19116973876952,107.24500274658205,107.19116973876952,107.2248992919922,55920
2025-08-14 18:55:00+00:00,107.16500091552734,107.2300033569336,107.16500091552734,107.19000244140624,76162
2025-08-14 19:00:00+00:00,107.20500183105467,107.25,107.1500015258789,107.16500091552734,120607
2025-08-14 19:05:00+00:00,107.30500030517578,107.31999969482422,107.1999969482422,107.20500183105467,159099
2025-08-14 19:10:00+00:00,107.35389709472656,107.37000274658205,107.27999877929688,107.30999755859376,78424
2025-08-14 19:15:00+00:00,107.3843994140625,107.41500091552734,107.32879638671876,107.36000061035156,92738
2025-08-14 19:20:00+00:00,107.36499786376952,107.4000015258789,107.36499786376952,107.38500213623048,98667
2025-08-14 19:25:00+00:00,107.3000030517578,107.38999938964844,107.25499725341795,107.36233520507812,128735
2025-08-14 19:30:00+00:00,107.26499938964844,107.3000030517578,107.25499725341795,107.29000091552734,126967
2025-08-14 19:35:00+00:00,107.29499816894533,107.3000030517578,107.25,107.26000213623048,183045
2025-08-14 19:40:00+00:00,107.2249984741211,107.375,107.2249984741211,107.29499816894533,147378
2025-08-14 19:45:00+00:00,107.23999786376952,107.25800323486328,107.22000122070312,107.2300033569336,181946
2025-08-14 19:50:00+00:00,107.43499755859376,107.44000244140624,107.19000244140624,107.25,366338
2025-08-14 19:55:00+00:00,107.37000274658205,107.58999633789062,107.37000274658205,107.43499755859376,537927
2025-08-15 13:30:00+00:00,106.26000213623048,106.5999984741211,106.1500015258789,106.19000244140624,1828093
2025-08-15 13:35:00+00:00,106.62000274658205,106.62999725341795,106.13999938964844,106.26000213623048,208654
2025-08-15 13:40:00+00:00,106.36000061035156,106.65499877929688,106.36000061035156,106.62999725341795,206112
2025-08-15 13:45:00+00:00,106.51000213623048,106.62000274658205,106.33999633789062,106.36000061035156,155418
2025-08-15 13:50:00+00:00,106.41999816894533,106.54000091552734,106.4000015258789,106.51000213623048,107991
2025-08-15 13:55:00+00:00,106.47000122070312,106.52999877929688,106.38999938964844,106.41999816894533,105777
2025-08-15 14:00:00+00:00,106.08000183105467,106.47000122070312,106.08000183105467,106.47000122070312,170461
2025-08-15 14:05:00+00:00,106.08499908447266,106.16419982910156,105.9499969482422,106.09600067138672,217645
2025-08-15 14:10:00+00:00,106.1500015258789,106.16999816894533,106.02999877929688,106.08499908447266,164899
2025-08-15 14:15:00+00:00,106.1999969482422,106.3000030517578,106.12000274658205,106.1500015258789,213471
2025-08-15 14:20:00+00:00,106.36000061035156,106.43000030517578,106.19000244140624,106.19499969482422,343343
2025-08-15 14:25:00+00:00,106.4800033569336,106.50499725341795,106.29499816894533,106.33999633789062,327905
2025-08-15 14:30:00+00:00,106.69499969482422,106.76000213623048,106.47000122070312,106.4800033569336,332306
2025-08-15 14:35:00+00:00,106.93000030517578,106.93000030517578,106.69499969482422,106.69499969482422,274661
2025-08-15 14:40:00+00:00,106.83999633789062,106.97000122070312,106.74500274658205,106.91999816894533,429840
2025-08-15 14:45:00+00:00,106.94499969482422,107.01000213623048,106.83000183105467,106.83499908447266,258766
2025-08-15 14:50:00+00:00,106.86000061035156,106.94000244140624,106.77999877929688,106.9343032836914,183259
2025-08-15 14:55:00+00:00,106.91500091552734,106.9250030517578,106.70999908447266,106.86499786376952,248714
2025-08-15 15:00:00+00:00,107.11499786376952,107.16000366210938,106.88009643554688,106.91000366210938,294783
2025-08-15 15:05:00+00:00,107.09500122070312,107.1500015258789,107.08000183105467,107.12000274658205,218488
2025-08-15 15:10:00+00:00,107.0084991455078,107.1500015258789,106.98999786376952,107.09500122070312,155204
2025-08-15 15:15:00+00:00,106.92569732666016,107.0199966430664,106.91000366210938,106.99500274658205,112764
2025-08-15 15:20:00+00:00,107.05500030517578,107.05999755859376,106.87999725341795,106.91500091552734,132356
2025-08-15 15:25:00+00:00,106.88999938964844,107.0500030517578,106.86579895019533,107.0500030517578,111017
2025-08-15 15:30:00+00:00,107.02999877929688,107.02999877929688,106.875,106.8949966430664,160029
2025-08-15 15:35:00+00:00,107.16000366210938,107.18000030517578,107.00499725341795,107.03500366210938,209848
2025-08-15 15:40:00+00:00,107.1500015258789,107.25499725341795,107.1344985961914,107.16000366210938,183800
2025-08-15 15:45:00+00:00,107.16000366210938,107.22000122070312,107.08999633789062,107.16000366210938,149129
2025-08-15 15:50:00+00:00,107.12999725341795,107.25,107.0999984741211,107.16500091552734,165372
2025-08-15 15:55:00+00:00,107.1500015258789,107.19499969482422,107.09010314941406,107.12999725341795,119215
2025-08-15 16:00:00+00:00,107.27999877929688,107.27999877929688,107.11000061035156,107.16000366210938,167410
2025-08-15 16:05:00+00:00,107.16500091552734,107.27999877929688,107.125,107.2699966430664,160477
2025-08-15 16:10:00+00:00,107.21499633789062,107.2699966430664,107.16999816894533,107.18000030517578,186043
2025-08-15 16:15:00+00:00,107.3249969482422,107.37000274658205,107.18000030517578,107.21499633789062,179785
2025-08-15 16:20:00+00:00,107.50499725341795,107.52999877929688,107.33000183105467,107.33000183105467,181375
2025-08-15 16:25:00+00:00,107.52999877929688,107.55999755859376,107.49009704589844,107.50499725341795,109230
2025-08-15 16:30:00+00:00,107.43000030517578,107.53500366210938,107.43000030517578,107.52999877929688,124771
2025-08-15 16:35:00+00:00,107.4000015258789,107.47000122070312,107.34500122070312,107.43000030517578,117540
2025-08-15 16:40:00+00:00,107.43499755859376,107.49500274658205,107.3949966430664,107.4000015258789,126634
2025-08-15 16:45:00+00:00,107.1999969482422,107.435302734375,107.19499969482422,107.435302734375,91654
2025-08-15 16:50:00+00:00,107.1449966430664,107.26000213623048,107.13999938964844,107.19000244140624,84611
2025-08-15 16:55:00+00:00,107.06999969482422,107.1449966430664,107.05999755859376,107.13999938964844,56808
2025-08-15 17:00:00+00:00,107.25,107.25499725341795,107.06500244140624,107.06999969482422,123291
2025-08-15 17:05:00+00:00,107.15499877929688,107.2750015258789,107.12999725341795,107.25,80960
2025-08-15 17:10:00+00:00,107.1449966430664,107.1500015258789,107.09500122070312,107.1500015258789,62571
2025-08-15 17:15:00+00:00,107.2300033569336,107.2300033569336,107.11000061035156,107.1449966430664,54271
2025-08-15 17:20:00+00:00,107.1750030517578,107.23999786376952,107.15499877929688,107.2300033569336,83752
2025-08-15 17:25:00+00:00,107.12000274658205,107.22000122070312,107.11499786376952,107.1750030517578,69166
2025-08-15 17:30:00+00:00,107.11000061035156,107.1449966430664,107.06999969482422,107.125,79221
2025-08-15 17:35:00+00:00,107.0999984741211,107.125,107.02999877929688,107.1050033569336,156074
2025-08-15 17:40:00+00:00,107.08999633789062,107.16500091552734,107.04000091552734,107.0999984741211,71439
2025-08-15 17:45:00+00:00,107.125,107.1500015258789,107.08000183105467,107.11000061035156,72210
2025-08-15 17:50:00+00:00,107.11499786376952,107.1500015258789,107.11000061035156,107.125,54903
2025-08-15 17:55:00+00:00,106.94499969482422,107.11499786376952,106.94280242919922,107.11000061035156,82336
2025-08-15 18:00:00+00:00,106.82569885253906,106.99500274658205,106.79499816894533,106.94499969482422,147157
2025-08-15 18:05:00+00:00,106.83999633789062,106.91000366210938,106.80500030517578,106.83000183105467,559140
2025-08-15 18:10:00+00:00,106.87000274658205,106.88999938964844,106.79000091552734,106.83499908447266,550625
2025-08-15 18:15:00+00:00,106.81500244140624,106.8856964111328,106.76499938964844,106.87000274658205,80621
2025-08-15 18:20:00+00:00,106.75499725341795,106.83499908447266,106.75,106.81500244140624,62345
2025-08-15 18:25:00+00:00,106.62999725341795,106.79000091552734,106.62999725341795,106.75499725341795,94957
2025-08-15 18:30:00+00:00,106.69000244140624,106.6999969482422,106.59500122070312,106.62000274658205,108141
2025-08-15 18:35:00+00:00,106.75499725341795,106.7750015258789,106.6750030517578,106.69000244140624,74632
2025-08-15 18:40:00+00:00,106.86000061035156,106.86000061035156,106.73500061035156,106.75499725341795,87815
2025-08-15 18:45:00+00:00,106.93499755859376,106.9499969482422,106.86000061035156,106.86499786376952,83066
2025-08-15 18:50:00+00:00,106.9499969482422,106.9749984741211,106.91000366210938,106.93000030517578,61710
2025-08-15 18:55:00+00:00,106.93000030517578,106.9749984741211,106.87999725341795,106.9499969482422,119537
2025-08-15 19:00:00+00:00,106.78500366210938,106.9250030517578,106.78500366210938,106.9250030517578,96686
2025-08-15 19:05:00+00:00,106.71499633789062,106.83499908447266,106.68499755859376,106.78500366210938,93133
2025-08-15 19:10:00+00:00,106.61000061035156,106.72000122070312,106.61000061035156,106.71499633789062,133422
2025-08-15 19:15:00+00:00,106.66470336914062,106.69719696044922,106.58000183105467,106.6050033569336,142497
2025-08-15 19:20:00+00:00,106.74500274658205,106.7602996826172,106.61499786376952,106.66500091552734,90133
2025-08-15 19:25:00+00:00,106.7750015258789,106.80500030517578,106.73500061035156,106.74500274658205,120094
2025-08-15 19:30:00+00:00,106.79000091552734,106.8249969482422,106.73999786376952,106.77999877929688,142108
2025-08-15 19:35:00+00:00,106.75499725341795,106.80500030517578,106.74469757080078,106.79000091552734,135214
2025-08-15 19:40:00+00:00,106.76499938964844,106.8375015258789,106.75,106.76000213623048,150894
2025-08-15 19:45:00+00:00,106.78500366210938,106.8000030517578,106.70500183105467,106.76000213623048,153597
2025-08-15 19:50:00+00:00,106.65499877929688,106.79000091552734,106.55999755859376,106.7699966430664,394588
2025-08-15 19:55:00+00:00,106.48999786376952,106.66999816894533,106.47000122070312,106.6500015258789,1909589
2025-08-18 13:30:00+00:00,105.8656005859375,106.44000244140624,105.66999816894533,106.0999984741211,392734
2025-08-18 13:35:00+00:00,105.83499908447266,105.9499969482422,105.76000213623048,105.83000183105467,132285
2025-08-18 13:40:00+00:00,106.26309967041016,106.29000091552734,105.81999969482422,105.86000061035156,144190
2025-08-18 13:45:00+00:00,106.38999938964844,106.47000122070312,106.26000213623048,106.27989959716795,175694
2025-08-18 13:50:00+00:00,106.38999938964844,106.47000122070312,106.3000030517578,106.38999938964844,138282
2025-08-18 13:55:00+00:00,106.4499969482422,106.45999908447266,106.31999969482422,106.38999938964844,109638
2025-08-18 14:00:00+00:00,106.3550033569336,106.54000091552734,106.33999633789062,106.4499969482422,139817
2025-08-18 14:05:00+00:00,106.16999816894533,106.4197998046875,106.1500015258789,106.3550033569336,125158
2025-08-18 14:10:00+00:00,106.05999755859376,106.16999816894533,106.01000213623048,106.16999816894533,128457
2025-08-18 14:15:00+00:00,106.31500244140624,106.3499984741211,106.04920196533205,106.05999755859376,122433
2025-08-18 14:20:00+00:00,106.2699966430664,106.36499786376952,106.23999786376952,106.31500244140624,164783
2025-08-18 14:25:00+00:00,106.28500366210938,106.33999633789062,106.1999969482422,106.2699966430664,128120
2025-08-18 14:30:00+00:00,106.55500030517578,106.58000183105467,106.20999908447266,106.27999877929688,144043
2025-08-18 14:35:00+00:00,106.9800033569336,106.98999786376952,106.5154037475586,106.55999755859376,166303
2025-08-18 14:40:00+00:00,107.00499725341795,107.02999877929688,106.88999938964844,106.98999786376952,183391
2025-08-18 14:45:00+00:00,106.9250030517578,107.02999877929688,106.875,107.01000213623048,149022
2025-08-18 14:50:00+00:00,106.77999877929688,106.94499969482422,106.7249984741211,106.93000030517578,125772
2025-08-18 14:55:00+00:00,106.70999908447266,106.83999633789062,106.65499877929688,106.8000030517578,161561
2025-08-18 15:00:00+00:00,106.69499969482422,106.79499816894533,106.63999938964844,106.70999908447266,125050
2025-08-18 15:05:00+00:00,106.61499786376952,106.72000122070312,106.6050033569336,106.69499969482422,110171
2025-08-18 15:10:00+00:00,106.5199966430664,106.66999816894533,106.48999786376952,106.62000274658205,134465
2025-08-18 15:15:00+00:00,106.58000183105467,106.58000183105467,106.48500061035156,106.5199966430664,76834
2025-08-18 15:20:00+00:00,106.66500091552734,106.70500183105467,106.56999969482422,106.58499908447266,111705
2025-08-18 15:25:00+00:00,106.69499969482422,106.76000213623048,106.6500015258789,106.66999816894533,96288
2025-08-18 15:30:00+00:00,106.7249984741211,106.77999877929688,106.69010162353516,106.6999969482422,85131
2025-08-18 15:35:00+00:00,106.83000183105467,106.8499984741211,106.6999969482422,106.7249984741211,86234
2025-08-18 15:40:00+00:00,106.94020080566406,106.97000122070312,106.81999969482422,106.83000183105467,77234
2025-08-18 15:45:00+00:00,106.91999816894533,106.95989990234376,106.88999938964844,106.94000244140624,68524
2025-08-18 15:50:00+00:00,106.95500183105467,106.9749984741211,106.87000274658205,106.93000030517578,95010
2025-08-18 15:55:00+00:00,106.94499969482422,106.99359893798828,106.94000244140624,106.9499969482422,77724
2025-08-18 16:00:00+00:00,106.79499816894533,106.97000122070312,106.77999877929688,106.94499969482422,70771
2025-08-18 16:05:00+00:00,106.91999816894533,106.93070220947266,106.77020263671876,106.79499816894533,48842
2025-08-18 16:10:00+00:00,106.98500061035156,107.06999969482422,106.93000030517578,106.93000030517578,98731
2025-08-18 16:15:00+00:00,106.78009796142578,106.97650146484376,106.76000213623048,106.95999908447266,72998
2025-08-18 16:20:00+00:00,106.86499786376952,106.9000015258789,106.76499938964844,106.77999877929688,90810
2025-08-18 16:25:00+00:00,106.79000091552734,106.87999725341795,106.73999786376952,106.86000061035156,101130
2025-08-18 16:30:00+00:00,106.80599975585938,106.81999969482422,106.75499725341795,106.79000091552734,68326
2025-08-18 16:35:00+00:00,106.75499725341795,106.83999633789062,106.72000122070312,106.80500030517578,60160
2025-08-18 16:40:00+00:00,106.8499984741211,106.8550033569336,106.75499725341795,106.75499725341795,41500
2025-08-18 16:45:00+00:00,106.9041976928711,106.9083023071289,106.83999633789062,106.86000061035156,41642
2025-08-18 16:50:00+00:00,106.88999938964844,106.94499969482422,106.87999725341795,106.90499877929688,53777
2025-08-18 16:55:00+00:00,106.83999633789062,106.9000015258789,106.83499908447266,106.88999938964844,45488
2025-08-18 17:00:00+00:00,106.87000274658205,106.88500213623048,106.80999755859376,106.84500122070312,95857
2025-08-18 17:05:00+00:00,106.95500183105467,106.97000122070312,106.86000061035156,106.86000061035156,60923
2025-08-18 17:10:00+00:00,107.0250015258789,107.05500030517578,106.9499969482422,106.9499969482422,71436
2025-08-18 17:15:00+00:00,107.18299865722656,107.19499969482422,107.02999877929688,107.03279876708984,95664
2025-08-18 17:20:00+00:00,107.01000213623048,107.22760009765624,107.01000213623048,107.19000244140624,120742
2025-08-18 17:25:00+00:00,106.908203125,107.04000091552734,106.83999633789062,107.01000213623048,97504
2025-08-18 17:30:00+00:00,106.98999786376952,107.01499938964844,106.91999816894533,106.91999816894533,89897
2025-08-18 17:35:00+00:00,106.8949966430664,107.0199966430664,106.87000274658205,106.99459838867188,67613
2025-08-18 17:40:00+00:00,106.87000274658205,106.93000030517578,106.8550033569336,106.9000015258789,67250
2025-08-18 17:45:00+00:00,106.89219665527344,106.91999816894533,106.83999633789062,106.87999725341795,80308
2025-08-18 17:50:00+00:00,106.8000030517578,106.89430236816406,106.75460052490234,106.89430236816406,247273
2025-08-18 17:55:00+00:00,106.8000030517578,106.875,106.79000091552734,106.7957992553711,101637
2025-08-18 18:00:00+00:00,106.7300033569336,106.79000091552734,106.6750030517578,106.79000091552734,85957
2025-08-18 18:05:00+00:00,106.68569946289062,106.75,106.6750030517578,106.7300033569336,75652
2025-08-18 18:10:00+00:00,106.6281967163086,106.70999908447266,106.625,106.68000030517578,52483
2025-08-18 18:15:00+00:00,106.65499877929688,106.6999969482422,106.59500122070312,106.625,74738
2025-08-18 18:20:00+00:00,106.71499633789062,106.74500274658205,106.66000366210938,106.66000366210938,68135
2025-08-18 18:25:00+00:00,106.56500244140624,106.6999969482422,106.5250015258789,106.6999969482422,80266
2025-08-18 18:30:00+00:00,106.56500244140624,106.62999725341795,106.55500030517578,106.5749969482422,73991
2025-08-18 18:35:00+00:00,106.4749984741211,106.58999633789062,106.47000122070312,106.55999755859376,62714
2025-08-18 18:40:00+00:00,106.53500366210938,106.56500244140624,106.4499969482422,106.4749984741211,73811
2025-08-18 18:45:00+00:00,106.54499816894533,106.5999984741211,106.5250015258789,106.54000091552734,51485
2025-08-18 18:50:00+00:00,106.5749969482422,106.62000274658205,106.54000091552734,106.55809783935548,72581
2025-08-18 18:55:00+00:00,106.5199966430664,106.58999633789062,106.4988021850586,106.58000183105467,92891
2025-08-18 19:00:00+00:00,106.44499969482422,106.5199966430664,106.44499969482422,106.5199966430664,109130
2025-08-18 19:05:00+00:00,106.3000030517578,106.44719696044922,106.26000213623048,106.44499969482422,115341
2025-08-18 19:10:00+00:00,106.3499984741211,106.37000274658205,106.29499816894533,106.29499816894533,65131
2025-08-18 19:15:00+00:00,106.375,106.4185028076172,106.33999633789062,106.33999633789062,86062
2025-08-18 19:20:00+00:00,106.5000991821289,106.52616119384766,106.37999725341795,106.37999725341795,74775
2025-08-18 19:25:00+00:00,106.55500030517578,106.58000183105467,106.4800033569336,106.51000213623048,92112
2025-08-18 19:30:00+00:00,106.56700134277344,106.56999969482422,106.5199966430664,106.54499816894533,145651
2025-08-18 19:35:00+00:00,106.61190032958984,106.63500213623048,106.54900360107422,106.5749969482422,134248
2025-08-18 19:40:00+00:00,106.6698989868164,106.68000030517578,106.61499786376952,106.61499786376952,126762
2025-08-18 19:45:00+00:00,106.58999633789062,106.69000244140624,106.58000183105467,106.66500091552734,181812
2025-08-18 19:50:00+00:00,106.7249984741211,106.73999786376952,106.58499908447266,106.5999984741211,1044086
2025-08-18 19:55:00+00:00,106.69000244140624,106.77899932861328,106.6050033569336,106.7300033569336,613032
2025-08-19 13:30:00+00:00,106.54000091552734,106.58000183105467,106.1500015258789,106.1999969482422,362361
2025-08-19 13:35:00+00:00,106.45999908447266,106.58000183105467,106.41999816894533,106.52999877929688,311724
2025-08-19 13:40:00+00:00,106.8949966430664,106.93679809570312,106.44000244140624,106.44000244140624,178312
2025-08-19 13:45:00+00:00,106.94000244140624,107.0,106.86000061035156,106.88999938964844,137127
2025-08-19 13:50:00+00:00,106.61000061035156,106.9800033569336,106.61000061035156,106.9499969482422,154467
2025-08-19 13:55:00+00:00,106.3499984741211,106.63839721679688,106.33000183105467,106.60479736328124,167934
2025-08-19 14:00:00+00:00,106.51000213623048,106.56999969482422,106.22000122070312,106.36000061035156,165516
2025-08-19 14:05:00+00:00,106.54499816894533,106.61080169677734,106.33999633789062,106.51000213623048,121622
2025-08-19 14:10:00+00:00,106.58999633789062,106.59500122070312,106.41000366210938,106.5500030517578,119402
2025-08-19 14:15:00+00:00,106.73999786376952,106.75,106.55999755859376,106.58000183105467,110330
2025-08-19 14:20:00+00:00,106.87000274658205,106.88500213623048,106.68000030517578,106.73500061035156,122946
2025-08-19 14:25:00+00:00,107.08000183105467,107.11000061035156,106.82569885253906,106.87000274658205,241382
2025-08-19 14:30:00+00:00,107.12999725341795,107.13999938964844,107.01000213623048,107.08000183105467,175312
2025-08-19 14:35:00+00:00,107.19000244140624,107.2750015258789,107.05999755859376,107.12999725341795,151748
2025-08-19 14:40:00+00:00,107.16500091552734,107.23860168457033,107.05999755859376,107.1999969482422,98104
2025-08-19 14:45:00+00:00,107.08999633789062,107.22000122070312,107.0199966430664,107.16500091552734,104294
2025-08-19 14:50:00+00:00,106.98500061035156,107.0999984741211,106.93419647216795,107.08000183105467,119963
2025-08-19 14:55:00+00:00,106.90499877929688,107.0,106.90499877929688,106.98999786376952,99335
2025-08-19 15:00:00+00:00,106.98999786376952,107.05999755859376,106.80500030517578,106.91000366210938,110786
2025-08-19 15:05:00+00:00,106.98999786376952,107.06500244140624,106.9800033569336,106.98999786376952,122042
2025-08-19 15:10:00+00:00,107.0199966430664,107.04650115966795,106.94499969482422,106.99500274658205,83983
2025-08-19 15:15:00+00:00,106.87000274658205,107.0250015258789,106.8550033569336,107.0250015258789,71812
2025-08-19 15:20:00+00:00,106.90499877929688,106.94000244140624,106.77999877929688,106.87000274658205,83404
2025-08-19 15:25:00+00:00,106.93499755859376,106.9800033569336,106.88999938964844,106.9000015258789,121843
2025-08-19 15:30:00+00:00,107.1750030517578,107.1999969482422,106.9000015258789,106.93000030517578,143556
2025-08-19 15:35:00+00:00,107.2249984741211,107.29000091552734,107.16000366210938,107.18000030517578,247717
2025-08-19 15:40:00+00:00,106.98999786376952,107.26499938964844,106.95999908447266,107.2300033569336,219007
2025-08-19 15:45:00+00:00,107.01000213623048,107.0199966430664,106.83999633789062,106.99500274658205,268683
2025-08-19 15:50:00+00:00,106.93000030517578,107.0250015258789,106.86499786376952,107.00499725341795,202386
2025-08-19 15:55:00+00:00,106.87000274658205,107.01000213623048,106.8499984741211,106.93000030517578,138523
2025-08-19 16:00:00+00:00,106.9000015258789,106.9000015258789,106.79000091552734,106.87000274658205,162066
2025-08-19 16:05:00+00:00,107.0199966430664,107.05999755859376,106.9000015258789,106.91000366210938,87282
2025-08-19 16:10:00+00:00,107.00499725341795,107.05500030517578,106.93000030517578,107.0199966430664,151585
2025-08-19 16:15:00+00:00,106.94499969482422,107.05999755859376,106.91500091552734,107.0,88848
2025-08-19 16:20:00+00:00,107.0749969482422,107.08000183105467,106.9250030517578,106.94499969482422,73101
2025-08-19 16:25:00+00:00,107.09500122070312,107.1500015258789,107.0749969482422,107.0749969482422,60919
2025-08-19 16:30:00+00:00,106.95999908447266,107.11000061035156,106.9250030517578,107.0999984741211,331679
2025-08-19 16:35:00+00:00,106.94000244140624,106.96499633789062,106.9000015258789,106.9564971923828,85573
2025-08-19 16:40:00+00:00,107.0250015258789,107.0500030517578,106.91000366210938,106.93499755859376,84945
2025-08-19 16:45:00+00:00,106.99500274658205,107.05999755859376,106.95999908447266,107.0250015258789,70548
2025-08-19 16:50:00+00:00,106.93589782714844,107.00499725341795,106.8499984741211,106.98999786376952,115789
2025-08-19 16:55:00+00:00,106.9801025390625,107.0199966430664,106.87000274658205,106.9499969482422,155042
2025-08-19 17:00:00+00:00,106.97000122070312,107.0250015258789,106.9499969482422,106.99929809570312,110537
2025-08-19 17:05:00+00:00,107.04499816894533,107.04499816894533,106.8949966430664,106.9655990600586,91731
2025-08-19 17:10:00+00:00,107.05500030517578,107.0999984741211,107.01000213623048,107.04499816894533,81108
2025-08-19 17:15:00+00:00,107.13999938964844,107.13999938964844,107.0500030517578,107.05500030517578,106514
2025-08-19 17:20:00+00:00,107.12999725341795,107.2249984741211,107.11000061035156,107.13500213623048,118264
2025-08-19 17:25:00+00:00,107.18499755859376,107.2750015258789,107.12999725341795,107.12999725341795,154854
2025-08-19 17:30:00+00:00,106.94499969482422,107.20500183105467,106.94000244140624,107.19000244140624,159402
2025-08-19 17:35:00+00:00,107.11499786376952,107.12000274658205,106.94499969482422,106.9499969482422,115075
2025-08-19 17:40:00+00:00,107.11000061035156,107.14720153808594,107.06500244140624,107.11000061035156,74319
2025-08-19 17:45:00+00:00,107.11499786376952,107.13500213623048,107.04000091552734,107.10250091552734,62124
2025-08-19 17:50:00+00:00,107.125,107.16000366210938,107.09500122070312,107.11499786376952,62683
2025-08-19 17:55:00+00:00,107.0199966430664,107.1449966430664,107.01000213623048,107.125,101436
2025-08-19 18:00:00+00:00,107.0199966430664,107.05500030517578,106.96499633789062,107.01000213623048,183928
2025-08-19 18:05:00+00:00,107.0999984741211,107.11000061035156,107.02999877929688,107.02999877929688,88320
2025-08-19 18:10:00+00:00,106.99500274658205,107.1050033569336,106.99500274658205,107.1050033569336,67231
2025-08-19 18:15:00+00:00,106.78500366210938,107.01499938964844,106.76499938964844,106.99500274658205,160813
2025-08-19 18:20:00+00:00,106.68599700927734,106.79000091552734,106.68499755859376,106.78500366210938,125008
2025-08-19 18:25:00+00:00,106.73500061035156,106.7699966430664,106.66999816894533,106.68499755859376,100029
2025-08-19 18:30:00+00:00,106.66000366210938,106.7699966430664,106.625,106.73500061035156,100488
2025-08-19 18:35:00+00:00,106.81999969482422,106.81999969482422,106.66500091552734,106.68000030517578,99668
2025-08-19 18:40:00+00:00,106.81500244140624,106.8499984741211,106.76499938964844,106.81999969482422,68058
2025-08-19 18:45:00+00:00,106.93399810791016,106.94000244140624,106.81999969482422,106.81999969482422,71592
2025-08-19 18:50:00+00:00,106.9800033569336,107.01499938964844,106.91999816894533,106.94000244140624,76336
2025-08-19 18:55:00+00:00,107.01000213623048,107.04000091552734,106.9499969482422,106.9749984741211,77428
2025-08-19 19:00:00+00:00,107.0999984741211,107.11000061035156,107.01370239257812,107.01370239257812,91687
2025-08-19 19:05:00+00:00,107.18070220947266,107.19000244140624,107.0801010131836,107.11000061035156,121768
2025-08-19 19:10:00+00:00,107.1449966430664,107.19989776611328,107.12999725341795,107.18499755859376,83548
2025-08-19 19:15:00+00:00,107.23500061035156,107.25,107.12999725341795,107.1449966430664,120412
2025-08-19 19:20:00+00:00,107.30500030517578,107.3249969482422,107.2248992919922,107.2300033569336,125453
2025-08-19 19:25:00+00:00,107.1999969482422,107.30999755859376,107.18000030517578,107.30500030517578,101674
2025-08-19 19:30:00+00:00,107.1750030517578,107.21499633789062,107.0999984741211,107.19499969482422,120291
2025-08-19 19:35:00+00:00,107.20500183105467,107.20999908447266,107.14009857177734,107.16999816894533,125287
2025-08-19 19:40:00+00:00,107.16500091552734,107.22000122070312,107.12000274658205,107.2051010131836,106720
2025-08-19 19:45:00+00:00,107.1750030517578,107.22000122070312,107.05999755859376,107.16500091552734,244702
2025-08-19 19:50:00+00:00,107.13500213623048,107.23999786376952,107.05999755859376,107.18000030517578,252546
2025-08-19 19:55:00+00:00,107.43000030517578,107.45999908447266,107.11499786376952,107.12999725341795,959964
2025-08-20 13:30:00+00:00,108.20010375976562,108.33000183105467,107.68000030517578,107.87999725341795,456411
2025-08-20 13:35:00+00:00,108.43000030517578,108.4499969482422,108.00859832763672,108.23999786376952,357635
2025-08-20 13:40:00+00:00,108.75980377197266,108.76000213623048,108.38999938964844,108.4000015258789,348563
2025-08-20 13:45:00+00:00,108.88999938964844,109.2300033569336,108.75,108.76000213623048,399776
2025-08-20 13:50:00+00:00,109.11000061035156,109.22000122070312,108.9001007080078,108.90499877929688,328253
2025-08-20 13:55:00+00:00,108.83000183105467,109.22000122070312,108.76000213623048,109.12999725341795,367602
2025-08-20 14:00:00+00:00,108.9499969482422,108.97000122070312,108.61000061035156,108.83999633789062,213692
2025-08-20 14:05:00+00:00,109.05999755859376,109.13500213623048,108.87999725341795,108.97000122070312,331141
2025-08-20 14:10:00+00:00,108.9000015258789,109.20500183105467,108.9000015258789,109.04000091552734,225360
2025-08-20 14:15:00+00:00,108.90499877929688,109.06999969482422,108.9000015258789,108.9000015258789,153319
2025-08-20 14:20:00+00:00,108.94000244140624,109.02999877929688,108.87999725341795,108.91000366210938,215443
2025-08-20 14:25:00+00:00,108.9499969482422,108.97000122070312,108.84500122070312,108.93000030517578,151420
2025-08-20 14:30:00+00:00,109.01000213623048,109.13999938964844,108.87999725341795,108.9499969482422,251058
2025-08-20 14:35:00+00:00,109.08999633789062,109.13999938964844,108.86519622802734,108.98999786376952,113882
2025-08-20 14:40:00+00:00,109.03919982910156,109.18000030517578,109.03500366210938,109.0999984741211,165404
2025-08-20 14:45:00+00:00,109.0500030517578,109.05999755859376,108.9000015258789,109.03500366210938,128948
2025-08-20 14:50:00+00:00,109.11000061035156,109.1500015258789,109.01000213623048,109.05999755859376,152381
2025-08-20 14:55:00+00:00,109.04499816894533,109.1500015258789,108.99500274658205,109.11000061035156,146896
2025-08-20 15:00:00+00:00,108.75,109.06500244140624,108.70999908447266,109.04499816894533,230908
2025-08-20 15:05:00+00:00,108.61000061035156,108.75,108.51499938964844,108.75,170761
2025-08-20 15:10:00+00:00,108.76499938964844,108.79000091552734,108.54000091552734,108.5999984741211,171033
2025-08-20 15:15:00+00:00,109.0999984741211,109.12999725341795,108.75,108.76499938964844,169701
2025-08-20 15:20:00+00:00,109.16999816894533,109.18000030517578,109.03500366210938,109.11499786376952,118179
2025-08-20 15:25:00+00:00,109.18000030517578,109.26499938964844,109.15499877929688,109.16999816894533,216183
2025-08-20 15:30:00+00:00,109.12000274658205,109.3000030517578,108.94499969482422,109.18000030517578,195031
2025-08-20 15:35:00+00:00,109.16999816894533,109.2300033569336,108.9499969482422,109.12000274658205,153746
2025-08-20 15:40:00+00:00,109.26000213623048,109.33000183105467,109.05999755859376,109.18000030517578,169598
2025-08-20 15:45:00+00:00,109.08499908447266,109.30999755859376,109.08000183105467,109.2699966430664,178402
2025-08-20 15:50:00+00:00,109.16000366210938,109.20500183105467,109.04499816894533,109.08000183105467,131590
2025-08-20 15:55:00+00:00,109.2699966430664,109.3000030517578,109.09500122070312,109.16000366210938,99671
2025-08-20 16:00:00+00:00,109.06999969482422,109.3000030517578,109.0500030517578,109.2699966430664,119576
2025-08-20 16:05:00+00:00,108.86000061035156,109.08000183105467,108.86000061035156,109.06999969482422,124413
2025-08-20 16:10:00+00:00,108.88500213623048,108.88980102539062,108.7249984741211,108.86000061035156,131618
2025-08-20 16:15:00+00:00,108.9000015258789,108.98999786376952,108.86000061035156,108.88009643554688,81052
2025-08-20 16:20:00+00:00,109.08000183105467,109.08999633789062,108.87999725341795,108.90499877929688,85406
2025-08-20 16:25:00+00:00,109.16500091552734,109.16500091552734,109.0500030517578,109.08280181884766,76843
2025-08-20 16:30:00+00:00,108.9800033569336,109.18000030517578,108.95500183105467,109.16999816894533,102899
2025-08-20 16:35:00+00:00,109.08000183105467,109.11499786376952,108.9749984741211,108.9749984741211,78845
2025-08-20 16:40:00+00:00,109.16000366210938,109.16000366210938,109.05989837646484,109.08000183105467,104178
2025-08-20 16:45:00+00:00,109.0999984741211,109.1750030517578,109.08000183105467,109.16000366210938,75260
2025-08-20 16:50:00+00:00,109.1050033569336,109.13500213623048,109.0199966430664,109.0999984741211,166457
2025-08-20 16:55:00+00:00,109.18000030517578,109.18000030517578,109.0250015258789,109.1050033569336,140669
2025-08-20 17:00:00+00:00,109.0199966430664,109.19000244140624,109.0,109.18000030517578,145217
2025-08-20 17:05:00+00:00,109.125,109.1449966430664,108.99500274658205,109.0199966430664,72714
2025-08-20 17:10:00+00:00,109.06999969482422,109.16000366210938,109.0500030517578,109.13500213623048,109260
2025-08-20 17:15:00+00:00,109.12010192871094,109.125,109.01000213623048,109.06500244140624,94090
2025-08-20 17:20:00+00:00,109.1050033569336,109.18000030517578,109.09500122070312,109.125,118379
2025-08-20 17:25:00+00:00,109.11000061035156,109.12909698486328,109.02999877929688,109.1050033569336,87754
2025-08-20 17:30:00+00:00,109.1050033569336,109.16000366210938,109.08000183105467,109.0999984741211,65410
2025-08-20 17:35:00+00:00,109.13500213623048,109.13999938964844,109.04499816894533,109.0999984741211,67425
2025-08-20 17:40:00+00:00,109.22000122070312,109.2300033569336,109.125,109.13500213623048,110474
2025-08-20 17:45:00+00:00,109.125,109.2300033569336,109.08000183105467,109.22000122070312,159460
2025-08-20 17:50:00+00:00,109.1449966430664,109.15499877929688,109.05500030517578,109.11000061035156,92204
2025-08-20 17:55:00+00:00,109.13999938964844,109.16000366210938,109.08499908447266,109.1449966430664,111165
2025-08-20 18:00:00+00:00,109.06999969482422,109.16000366210938,109.0500030517578,109.1449966430664,142790
2025-08-20 18:05:00+00:00,108.94000244140624,109.05999755859376,108.9000015258789,109.05999755859376,180297
2025-08-20 18:10:00+00:00,108.95500183105467,109.00499725341795,108.91500091552734,108.93000030517578,115379
2025-08-20 18:15:00+00:00,109.0,109.06500244140624,108.86000061035156,108.95500183105467,138125
2025-08-20 18:20:00+00:00,108.875,109.0199966430664,108.83999633789062,109.0,111782
2025-08-20 18:25:00+00:00,108.9250030517578,108.9749984741211,108.83999633789062,108.875,120406
2025-08-20 18:30:00+00:00,109.08999633789062,109.08999633789062,108.91999816894533,108.91999816894533,112647
2025-08-20 18:35:00+00:00,109.13999938964844,109.16999816894533,109.06999969482422,109.08499908447266,176764
2025-08-20 18:40:00+00:00,109.125,109.1500015258789,109.08499908447266,109.1500015258789,87773
2025-08-20 18:45:00+00:00,109.16999816894533,109.18000030517578,109.10009765625,109.125,111805
2025-08-20 18:50:00+00:00,109.1449966430664,109.1999969482422,109.11000061035156,109.18000030517578,137353
2025-08-20 18:55:00+00:00,109.0749969482422,109.16000366210938,109.06999969482422,109.1449966430664,121640
2025-08-20 19:00:00+00:00,109.10579681396484,109.125,109.05500030517578,109.0749969482422,116399
2025-08-20 19:05:00+00:00,109.04499816894533,109.125,109.04000091552734,109.1050033569336,116126
2025-08-20 19:10:00+00:00,109.08000183105467,109.0999984741211,109.03179931640624,109.04499816894533,99982
2025-08-20 19:15:00+00:00,109.0749969482422,109.08499908447266,108.98999786376952,109.08499908447266,98981
2025-08-20 19:20:00+00:00,109.0250015258789,109.08999633789062,109.0,109.08000183105467,131599
2025-08-20 19:25:00+00:00,108.98280334472656,109.06900024414062,108.97000122070312,109.0199966430664,140789
2025-08-20 19:30:00+00:00,108.99500274658205,109.0,108.93000030517578,108.98500061035156,151850
2025-08-20 19:35:00+00:00,109.00499725341795,109.0199966430664,108.9499969482422,108.9990005493164,187725
2025-08-20 19:40:00+00:00,109.01499938964844,109.04000091552734,108.9800033569336,109.01000213623048,211692
2025-08-20 19:45:00+00:00,108.98999786376952,109.08000183105467,108.97000122070312,109.0199966430664,312527
2025-08-20 19:50:00+00:00,108.83499908447266,108.98999786376952,108.80999755859376,108.98999786376952,360759
2025-08-20 19:55:00+00:00,108.55500030517578,108.8550033569336,108.52999877929688,108.83000183105467,1542933
2025-08-21 13:30:00+00:00,108.3499984741211,108.9800033569336,108.30999755859376,108.41999816894533,331404
2025-08-21 13:35:00+00:00,108.23500061035156,108.46499633789062,108.06999969482422,108.33999633789062,213590
2025-08-21 13:40:00+00:00,108.0749969482422,108.33999633789062,107.98999786376952,108.23680114746094,98550
2025-08-21 13:45:00+00:00,108.19499969482422,108.30500030517578,107.95999908447266,108.08000183105467,149891
2025-08-21 13:50:00+00:00,108.42019653320312,108.44499969482422,108.1999969482422,108.1999969482422,86019
2025-08-21 13:55:00+00:00,108.56999969482422,108.5999984741211,108.37000274658205,108.44000244140624,88618
2025-08-21 14:00:00+00:00,108.7699966430664,108.79000091552734,108.5199966430664,108.5749969482422,112237
2025-08-21 14:05:00+00:00,108.660400390625,108.77999877929688,108.66000366210938,108.75,156469
2025-08-21 14:10:00+00:00,108.70999908447266,108.72000122070312,108.5885009765625,108.6500015258789,92669
2025-08-21 14:15:00+00:00,108.79000091552734,108.81500244140624,108.70999908447266,108.70999908447266,105441
2025-08-21 14:20:00+00:00,108.78500366210938,108.84500122070312,108.69499969482422,108.77999877929688,132222
2025-08-21 14:25:00+00:00,108.52999877929688,108.79000091552734,108.5199966430664,108.77999877929688,110362
2025-08-21 14:30:00+00:00,108.69000244140624,108.6999969482422,108.5,108.5199966430664,85397
2025-08-21 14:35:00+00:00,108.40950012207033,108.70999908447266,108.4000015258789,108.6999969482422,73601
2025-08-21 14:40:00+00:00,108.45999908447266,108.48500061035156,108.33499908447266,108.41000366210938,71039
2025-08-21 14:45:00+00:00,108.66500091552734,108.66999816894533,108.45500183105467,108.45999908447266,73924
2025-08-21 14:50:00+00:00,108.56500244140624,108.7249984741211,108.5500030517578,108.66999816894533,67931
2025-08-21 14:55:00+00:00,108.6999969482422,108.6999969482422,108.5199966430664,108.56999969482422,86257
2025-08-21 15:00:00+00:00,108.5999984741211,108.70999908447266,108.55999755859376,108.70500183105467,73665
2025-08-21 15:05:00+00:00,108.65499877929688,108.68499755859376,108.56500244140624,108.5999984741211,66726
2025-08-21 15:10:00+00:00,108.81500244140624,108.81500244140624,108.6500015258789,108.66000366210938,140345
2025-08-21 15:15:00+00:00,108.83999633789062,108.87999725341795,108.8000030517578,108.81500244140624,77722
2025-08-21 15:20:00+00:00,108.81999969482422,108.88500213623048,108.6999969482422,108.84500122070312,87118
2025-08-21 15:25:00+00:00,108.97000122070312,109.01000213623048,108.82990264892578,108.82990264892578,96917
2025-08-21 15:30:00+00:00,108.85990142822266,108.9800033569336,108.8499984741211,108.95999908447266,65307
2025-08-21 15:35:00+00:00,108.97000122070312,108.9800033569336,108.86499786376952,108.86499786376952,77032
2025-08-21 15:40:00+00:00,109.06999969482422,109.11499786376952,108.95500183105467,108.98999786376952,88168
2025-08-21 15:45:00+00:00,109.08999633789062,109.0999984741211,109.01499938964844,109.08000183105467,62020
2025-08-21 15:50:00+00:00,109.0989990234375,109.19000244140624,109.08499908447266,109.08999633789062,66607
2025-08-21 15:55:00+00:00,109.01499938964844,109.12999725341795,109.01000213623048,109.09619903564452,51680
2025-08-21 16:00:00+00:00,109.1050033569336,109.12999725341795,108.93499755859376,109.01000213623048,60620
2025-08-21 16:05:00+00:00,109.16000366210938,109.19989776611328,109.0854034423828,109.1050033569336,70842
2025-08-21 16:10:00+00:00,109.1501007080078,109.18990325927734,109.09500122070312,109.16000366210938,52835
2025-08-21 16:15:00+00:00,109.18009948730467,109.23600006103516,109.15499877929688,109.15499877929688,56721
2025-08-21 16:20:00+00:00,109.12999725341795,109.18000030517578,109.0500030517578,109.18000030517578,53639
2025-08-21 16:25:00+00:00,109.20999908447266,109.21499633789062,109.0500030517578,109.12999725341795,68115
2025-08-21 16:30:00+00:00,109.0999984741211,109.23999786376952,109.08999633789062,109.20500183105467,62609
2025-08-21 16:35:00+00:00,109.12809753417967,109.12809753417967,109.0199966430664,109.0999984741211,58636
2025-08-21 16:40:00+00:00,109.29000091552734,109.29000091552734,109.0989990234375,109.125,118190
2025-08-21 16:45:00+00:00,109.3249969482422,109.33000183105467,109.2699966430664,109.29499816894533,74200
2025-08-21 16:50:00+00:00,109.4499969482422,109.5,109.30999755859376,109.33000183105467,117338
2025-08-21 16:55:00+00:00,109.31500244140624,109.47000122070312,109.3000030517578,109.44000244140624,139160
2025-08-21 17:00:00+00:00,109.25,109.3499984741211,109.1999969482422,109.31500244140624,174818
2025-08-21 17:05:00+00:00,109.36000061035156,109.44000244140624,109.2699966430664,109.2699966430664,111204
2025-08-21 17:10:00+00:00,109.30500030517578,109.41000366210938,109.3000030517578,109.37000274658205,168884
2025-08-21 17:15:00+00:00,109.45999908447266,109.46549987792967,109.27999877929688,109.30500030517578,77754
2025-08-21 17:20:00+00:00,109.41500091552734,109.4800033569336,109.37999725341795,109.47000122070312,116377
2025-08-21 17:25:00+00:00,109.36000061035156,109.41500091552734,109.25,109.41500091552734,61141
2025-08-21 17:30:00+00:00,109.4001007080078,109.41999816894533,109.30999755859376,109.3499984741211,66669
2025-08-21 17:35:00+00:00,109.53500366210938,109.5500030517578,109.4000015258789,109.4000015258789,76931
2025-08-21 17:40:00+00:00,109.4800033569336,109.56500244140624,109.47000122070312,109.53990173339844,71167
2025-08-21 17:45:00+00:00,109.45999908447266,109.5250015258789,109.44000244140624,109.48500061035156,59101
2025-08-21 17:50:00+00:00,109.3730010986328,109.4499969482422,109.2750015258789,109.4499969482422,85085
2025-08-21 17:55:00+00:00,109.41000366210938,109.41999816894533,109.37000274658205,109.375,63636
2025-08-21 18:00:00+00:00,109.45580291748048,109.45580291748048,109.3000030517578,109.4000015258789,176332
2025-08-21 18:05:00+00:00,109.27989959716795,109.49500274658205,109.26499938964844,109.45500183105467,106459
2025-08-21 18:10:00+00:00,109.31500244140624,109.3499984741211,109.2300033569336,109.2699966430664,87468
2025-08-21 18:15:00+00:00,109.28350067138672,109.37000274658205,109.2699966430664,109.30999755859376,86124
2025-08-21 18:20:00+00:00,109.23500061035156,109.33000183105467,109.2249984741211,109.28500366210938,80630
2025-08-21 18:25:00+00:00,109.0999984741211,109.2750015258789,109.08999633789062,109.23500061035156,108354
2025-08-21 18:30:00+00:00,109.03500366210938,109.08999633789062,109.0250015258789,109.08999633789062,89592
2025-08-21 18:35:00+00:00,109.01499938964844,109.0999984741211,108.98999786376952,109.04000091552734,77283
2025-08-21 18:40:00+00:00,109.0199966430664,109.0999984741211,109.0,109.01499938964844,85282
2025-08-21 18:45:00+00:00,109.1050033569336,109.125,109.01000213623048,109.0250015258789,126140
2025-08-21 18:50:00+00:00,109.16000366210938,109.1999969482422,109.08000183105467,109.1050033569336,94434
2025-08-21 18:55:00+00:00,109.12000274658205,109.15499877929688,109.05500030517578,109.15499877929688,84792
2025-08-21 19:00:00+00:00,109.04499816894533,109.16799926757812,109.04000091552734,109.12000274658205,78388
2025-08-21 19:05:00+00:00,108.97000122070312,109.05999755859376,108.97000122070312,109.0500030517578,117274
2025-08-21 19:10:00+00:00,108.98030090332033,109.0,108.93499755859376,108.97000122070312,83187
2025-08-21 19:15:00+00:00,108.91000366210938,108.98999786376952,108.90499877929688,108.98999786376952,63721
2025-08-21 19:20:00+00:00,108.95999908447266,109.0,108.9000015258789,108.91500091552734,73397
2025-08-21 19:25:00+00:00,108.96499633789062,109.0,108.95999908447266,108.97000122070312,108679
2025-08-21 19:30:00+00:00,108.95500183105467,109.04000091552734,108.94499969482422,108.97000122070312,121547
2025-08-21 19:35:00+00:00,108.98999786376952,109.0199966430664,108.9531021118164,108.95500183105467,113156
2025-08-21 19:40:00+00:00,109.0500030517578,109.05999755859376,108.93499755859376,108.98419952392578,200332
2025-08-21 19:45:00+00:00,109.03500366210938,109.13999938964844,109.02999877929688,109.0500030517578,210177
2025-08-21 19:50:00+00:00,108.93000030517578,109.19000244140624,108.91000366210938,109.03500366210938,1174509
2025-08-21 19:55:00+00:00,109.19000244140624,109.22000122070312,108.87999725341795,108.93000030517578,1126896
2025-08-22 13:30:00+00:00,109.99500274658205,110.44000244140624,109.5999984741211,109.5999984741211,530924
2025-08-22 13:35:00+00:00,110.13500213623048,110.16999816894533,109.90499877929688,109.98999786376952,186129
2025-08-22 13:40:00+00:00,110.21160125732422,110.21499633789062,110.04000091552734,110.1500015258789,113441
2025-08-22 13:45:00+00:00,110.11499786376952,110.20999908447266,109.98999786376952,110.1999969482422,114361
2025-08-22 13:50:00+00:00,110.27999877929688,110.29499816894533,110.06999969482422,110.12999725341795,132367
2025-08-22 13:55:00+00:00,110.30500030517578,110.33000183105467,110.16000366210938,110.28079986572266,91750
2025-08-22 14:00:00+00:00,110.58999633789062,110.7209014892578,110.27999877929688,110.30999755859376,327086
2025-08-22 14:05:00+00:00,110.47000122070312,110.62999725341795,110.375,110.59500122070312,173219
2025-08-22 14:10:00+00:00,110.79000091552734,110.80999755859376,110.48999786376952,110.51000213623048,204939
2025-08-22 14:15:00+00:00,110.56220245361328,110.8000030517578,110.43000030517578,110.76000213623048,124659
2025-08-22 14:20:00+00:00,110.5749969482422,110.66000366210938,110.5,110.55999755859376,107712
2025-08-22 14:25:00+00:00,110.47000122070312,110.58000183105467,110.41999816894533,110.55999755859376,105591
2025-08-22 14:30:00+00:00,110.625,110.76000213623048,110.4800033569336,110.4800033569336,117840
2025-08-22 14:35:00+00:00,110.70999908447266,110.7300033569336,110.48999786376952,110.61000061035156,121840
2025-08-22 14:40:00+00:00,110.68000030517578,110.7300033569336,110.56999969482422,110.69989776611328,146377
2025-08-22 14:45:00+00:00,110.66999816894533,110.7300033569336,110.62000274658205,110.66999816894533,87475
2025-08-22 14:50:00+00:00,110.66500091552734,110.7300033569336,110.5500030517578,110.66500091552734,85747
2025-08-22 14:55:00+00:00,110.66000366210938,110.77999877929688,110.63999938964844,110.66999816894533,108625
2025-08-22 15:00:00+00:00,110.3949966430664,110.66999816894533,110.38500213623048,110.66999816894533,160994
2025-08-22 15:05:00+00:00,110.4000015258789,110.5,110.32360076904295,110.39129638671876,155077
2025-08-22 15:10:00+00:00,110.3227996826172,110.56999969482422,110.3136978149414,110.41000366210938,87826
2025-08-22 15:15:00+00:00,110.58100128173828,110.62000274658205,110.33000183105467,110.33000183105467,79209
2025-08-22 15:20:00+00:00,110.75499725341795,110.76000213623048,110.5500030517578,110.58999633789062,70131
2025-08-22 15:25:00+00:00,110.80999755859376,110.81999969482422,110.70999908447266,110.76000213623048,96263
2025-08-22 15:30:00+00:00,110.7249984741211,110.83159637451172,110.70999908447266,110.81999969482422,87380
2025-08-22 15:35:00+00:00,110.7300033569336,110.76499938964844,110.6501007080078,110.7300033569336,133820
2025-08-22 15:40:00+00:00,110.75499725341795,110.77999877929688,110.66500091552734,110.7300033569336,82988
2025-08-22 15:45:00+00:00,110.93000030517578,110.93499755859376,110.75499725341795,110.7699966430664,89237
2025-08-22 15:50:00+00:00,110.93499755859376,110.9499969482422,110.83999633789062,110.9250030517578,114152
2025-08-22 15:55:00+00:00,111.0500030517578,111.08499908447266,110.93000030517578,110.93499755859376,167156
2025-08-22 16:00:00+00:00,111.05500030517578,111.08999633789062,110.96499633789062,111.0500030517578,90888
2025-08-22 16:05:00+00:00,111.05500030517578,111.11000061035156,111.01499938964844,111.05069732666016,56126
2025-08-22 16:10:00+00:00,111.0999984741211,111.18000030517578,111.04969787597656,111.0500030517578,55883
2025-08-22 16:15:00+00:00,111.04000091552734,111.20999908447266,111.0250015258789,111.09010314941406,146354
2025-08-22 16:20:00+00:00,110.91000366210938,111.0500030517578,110.88999938964844,111.03500366210938,62385
2025-08-22 16:25:00+00:00,110.87999725341795,111.06990051269533,110.86499786376952,110.91000366210938,71547
2025-08-22 16:30:00+00:00,110.97000122070312,111.01000213623048,110.875,110.875,58274
2025-08-22 16:35:00+00:00,110.97000122070312,111.04499816894533,110.9250030517578,110.97000122070312,52269
2025-08-22 16:40:00+00:00,111.0199966430664,111.02999877929688,110.94499969482422,110.95330047607422,51116
2025-08-22 16:45:00+00:00,111.04000091552734,111.05999755859376,111.0,111.02999877929688,74454
2025-08-22 16:50:00+00:00,111.12000274658205,111.16999816894533,111.01499938964844,111.0250015258789,100023
2025-08-22 16:55:00+00:00,111.09500122070312,111.15499877929688,111.06500244140624,111.13999938964844,59337
2025-08-22 17:00:00+00:00,111.16000366210938,111.22000122070312,111.0999984741211,111.0999984741211,70265
2025-08-22 17:05:00+00:00,111.12999725341795,111.19000244140624,111.12000274658205,111.16000366210938,43707
2025-08-22 17:10:00+00:00,111.21700286865234,111.26000213623048,111.0500030517578,111.1364974975586,83186
2025-08-22 17:15:00+00:00,111.08499908447266,111.23500061035156,111.05500030517578,111.22160339355467,46786
2025-08-22 17:20:00+00:00,111.12999725341795,111.1500015258789,111.04000091552734,111.08000183105467,45142
2025-08-22 17:25:00+00:00,111.08000183105467,111.18499755859376,111.06999969482422,111.13999938964844,77315
2025-08-22 17:30:00+00:00,110.9749984741211,111.08499908447266,110.9250030517578,111.06999969482422,66575
2025-08-22 17:35:00+00:00,111.1500015258789,111.1500015258789,110.97899627685548,110.97899627685548,45446
2025-08-22 17:40:00+00:00,111.2249984741211,111.23999786376952,111.1500015258789,111.16999816894533,86585
2025-08-22 17:45:00+00:00,111.16999816894533,111.27999877929688,111.1500015258789,111.2300033569336,78200
2025-08-22 17:50:00+00:00,111.1750030517578,111.20999908447266,111.12100219726562,111.16999816894533,44538
2025-08-22 17:55:00+00:00,111.04499816894533,111.20500183105467,111.01499938964844,111.16999816894533,61009
2025-08-22 18:00:00+00:00,111.0199966430664,111.06500244140624,111.00499725341795,111.04499816894533,43390
2025-08-22 18:05:00+00:00,110.9800033569336,111.02999877929688,110.95999908447266,111.02999877929688,58999
2025-08-22 18:10:00+00:00,111.0,111.00640106201172,110.91999816894533,110.9800033569336,44591
2025-08-22 18:15:00+00:00,111.01000213623048,111.06999969482422,110.98999786376952,111.01000213623048,99973
2025-08-22 18:20:00+00:00,111.0884017944336,111.11000061035156,110.9800033569336,111.0199966430664,66811
2025-08-22 18:25:00+00:00,111.07579803466795,111.20500183105467,111.0749969482422,111.08000183105467,131732
2025-08-22 18:30:00+00:00,111.1519012451172,111.18000030517578,111.0500030517578,111.08999633789062,75138
2025-08-22 18:35:00+00:00,111.24500274658205,111.24500274658205,111.1500015258789,111.16000366210938,77241
2025-08-22 18:40:00+00:00,111.1449966430664,111.27580261230467,111.11000061035156,111.25,103024
2025-08-22 18:45:00+00:00,111.22000122070312,111.25,111.13999938964844,111.13999938964844,177427
2025-08-22 18:50:00+00:00,111.23500061035156,111.2750015258789,111.1999969482422,111.21499633789062,139688
2025-08-22 18:55:00+00:00,111.16999816894533,111.25,111.1500015258789,111.23999786376952,140241
2025-08-22 19:00:00+00:00,111.23999786376952,111.25,111.1449966430664,111.16999816894533,120034
2025-08-22 19:05:00+00:00,111.26000213623048,111.29000091552734,111.22000122070312,111.23999786376952,95665
2025-08-22 19:10:00+00:00,111.31590270996094,111.31999969482422,111.25,111.26499938964844,132734
2025-08-22 19:15:00+00:00,111.25499725341795,111.34500122070312,111.23500061035156,111.31999969482422,82792
2025-08-22 19:20:00+00:00,111.22000122070312,111.2699966430664,111.19499969482422,111.25499725341795,101812
2025-08-22 19:25:00+00:00,111.20500183105467,111.29000091552734,111.1750030517578,111.20999908447266,151150
2025-08-22 19:30:00+00:00,111.25499725341795,111.31999969482422,111.19000244140624,111.1999969482422,201852
2025-08-22 19:35:00+00:00,111.18000030517578,111.31999969482422,111.1750030517578,111.26000213623048,144584
2025-08-22 19:40:00+00:00,111.23999786376952,111.29499816894533,111.17169952392578,111.18099975585938,199261
2025-08-22 19:45:00+00:00,111.30999755859376,111.41000366210938,111.23999786376952,111.24500274658205,238243
2025-08-22 19:50:00+00:00,111.3550033569336,111.4000015258789,111.25,111.31999969482422,1042203
2025-08-22 19:55:00+00:00,111.29000091552734,111.40499877929688,111.08280181884766,111.36000061035156,764827
2025-08-25 13:30:00+00:00,111.0,111.27999877929688,110.54000091552734,110.9000015258789,433487
2025-08-25 13:35:00+00:00,110.95999908447266,111.0500030517578,110.87999725341795,111.01000213623048,143853
2025-08-25 13:40:00+00:00,111.32679748535156,111.36000061035156,110.96209716796876,110.96209716796876,104072
2025-08-25 13:45:00+00:00,111.55999755859376,111.59500122070312,111.33000183105467,111.36000061035156,173645
2025-08-25 13:50:00+00:00,111.48500061035156,111.66999816894533,111.4749984741211,111.5500030517578,104988
2025-08-25 13:55:00+00:00,111.13999938964844,111.50499725341795,111.06700134277344,111.48480224609376,110796
2025-08-25 14:00:00+00:00,111.0999984741211,111.18000030517578,111.01000213623048,111.12000274658205,95253
2025-08-25 14:05:00+00:00,111.16999816894533,111.18000030517578,111.02999877929688,111.05999755859376,129214
2025-08-25 14:10:00+00:00,111.16000366210938,111.18000030517578,111.03700256347656,111.16000366210938,131742
2025-08-25 14:15:00+00:00,111.22000122070312,111.2699966430664,111.0999984741211,111.1501007080078,188512
2025-08-25 14:20:00+00:00,111.09500122070312,111.22000122070312,111.0177001953125,111.21499633789062,83050
2025-08-25 14:25:00+00:00,111.29499816894533,111.3052978515625,111.05999755859376,111.08999633789062,127133
2025-08-25 14:30:00+00:00,111.23999786376952,111.3000030517578,111.16500091552734,111.29000091552734,106467
2025-08-25 14:35:00+00:00,111.30999755859376,111.37000274658205,111.16000366210938,111.25,73035
2025-08-25 14:40:00+00:00,111.38999938964844,111.41500091552734,111.23999786376952,111.30999755859376,106231
2025-08-25 14:45:00+00:00,111.30999755859376,111.4000015258789,111.27999877929688,111.4000015258789,80324
2025-08-25 14:50:00+00:00,111.4000015258789,111.41999816894533,111.25,111.33000183105467,56819
2025-08-25 14:55:00+00:00,111.41999816894533,111.46499633789062,111.37000274658205,111.4281005859375,74160
2025-08-25 15:00:00+00:00,111.5,111.54000091552734,111.38500213623048,111.43000030517578,88854
2025-08-25 15:05:00+00:00,111.5199966430664,111.56999969482422,111.4001007080078,111.50499725341795,92679
2025-08-25 15:10:00+00:00,111.48999786376952,111.52120208740234,111.41000366210938,111.51499938964844,100576
2025-08-25 15:15:00+00:00,111.47000122070312,111.54989624023438,111.43000030517578,111.48500061035156,62175
2025-08-25 15:20:00+00:00,111.45999908447266,111.48999786376952,111.41999816894533,111.4749984741211,71111
2025-08-25 15:25:00+00:00,111.3949966430664,111.4800033569336,111.3499984741211,111.4800033569336,76653
2025-08-25 15:30:00+00:00,111.4250030517578,111.44499969482422,111.31500244140624,111.39540100097656,61191
2025-08-25 15:35:00+00:00,111.59500122070312,111.63999938964844,111.41999816894533,111.4250030517578,85931
2025-08-25 15:40:00+00:00,111.45500183105467,111.5999984741211,111.38999938964844,111.5907974243164,61889
2025-08-25 15:45:00+00:00,111.38999938964844,111.45999908447266,111.37999725341795,111.45500183105467,55553
2025-08-25 15:50:00+00:00,111.44000244140624,111.44000244140624,111.3550033569336,111.38999938964844,41727
2025-08-25 15:55:00+00:00,111.41500091552734,111.45989990234376,111.40499877929688,111.43499755859376,54846
2025-08-25 16:00:00+00:00,111.38500213623048,111.47000122070312,111.375,111.41500091552734,75255
2025-08-25 16:05:00+00:00,111.37000274658205,111.38500213623048,111.23999786376952,111.37999725341795,97889
2025-08-25 16:10:00+00:00,111.4000015258789,111.4499969482422,111.37000274658205,111.37000274658205,40111
2025-08-25 16:15:00+00:00,111.41999816894533,111.48500061035156,111.3949966430664,111.40499877929688,60903
2025-08-25 16:20:00+00:00,111.54850006103516,111.56999969482422,111.41500091552734,111.41999816894533,73490
2025-08-25 16:25:00+00:00,111.5999984741211,111.5999984741211,111.52999877929688,111.54010009765624,57551
2025-08-25 16:30:00+00:00,111.7300033569336,111.76499938964844,111.62000274658205,111.62000274658205,66100
2025-08-25 16:35:00+00:00,111.73580169677734,111.81999969482422,111.68000030517578,111.7300033569336,51175
2025-08-25 16:40:00+00:00,111.7500991821289,111.75540161132812,111.68000030517578,111.7300033569336,58218
2025-08-25 16:45:00+00:00,111.7750015258789,111.78500366210938,111.7300033569336,111.75499725341795,56504
2025-08-25 16:50:00+00:00,111.67616271972656,111.78500366210938,111.66500091552734,111.7750015258789,63436
2025-08-25 16:55:00+00:00,111.74009704589844,111.7699966430664,111.66999816894533,111.6843032836914,48114
2025-08-25 17:00:00+00:00,111.72000122070312,111.79000091552734,111.6999969482422,111.73999786376952,64837
2025-08-25 17:05:00+00:00,111.7699966430664,111.79620361328124,111.66999816894533,111.7300033569336,57095
2025-08-25 17:10:00+00:00,111.8550033569336,111.86499786376952,111.75499725341795,111.7699966430664,54218
2025-08-25 17:15:00+00:00,111.79000091552734,111.86499786376952,111.75499725341795,111.86000061035156,47117
2025-08-25 17:20:00+00:00,111.73500061035156,111.8000030517578,111.7249984741211,111.77999877929688,47433
2025-08-25 17:25:00+00:00,111.75499725341795,111.76000213623048,111.69000244140624,111.73500061035156,51720
2025-08-25 17:30:00+00:00,111.72000122070312,111.7699966430664,111.68499755859376,111.75499725341795,47426
2025-08-25 17:35:00+00:00,111.58999633789062,111.73500061035156,111.56999969482422,111.72000122070312,71228
2025-08-25 17:40:00+00:00,111.60540008544922,111.61000061035156,111.54499816894533,111.5999984741211,34629
2025-08-25 17:45:00+00:00,111.58999633789062,111.69000244140624,111.56999969482422,111.6050033569336,70620
2025-08-25 17:50:00+00:00,111.5500030517578,111.58499908447266,111.53500366210938,111.58000183105467,54915
2025-08-25 17:55:00+00:00,111.44000244140624,111.5500030517578,111.43000030517578,111.5500030517578,58230
2025-08-25 18:00:00+00:00,111.38999938964844,111.44000244140624,111.33999633789062,111.44000244140624,56629
2025-08-25 18:05:00+00:00,111.47000122070312,111.5,111.4000015258789,111.4000015258789,48789
2025-08-25 18:10:00+00:00,111.38500213623048,111.48500061035156,111.36000061035156,111.4749984741211,57364
2025-08-25 18:15:00+00:00,111.42359924316406,111.42359924316406,111.34500122070312,111.38999938964844,43226
2025-08-25 18:20:00+00:00,111.44000244140624,111.44499969482422,111.36000061035156,111.4250030517578,57458
2025-08-25 18:25:00+00:00,111.3949966430664,111.44499969482422,111.37000274658205,111.44000244140624,49295
2025-08-25 18:30:00+00:00,111.44000244140624,111.44499969482422,111.3000030517578,111.4000015258789,59699
2025-08-25 18:35:00+00:00,111.5250015258789,111.58000183105467,111.43499755859376,111.43499755859376,59543
2025-08-25 18:40:00+00:00,111.54499816894533,111.55999755859376,111.48500061035156,111.52999877929688,64640
2025-08-25 18:45:00+00:00,111.53500366210938,111.5500030517578,111.4800033569336,111.54000091552734,44383
2025-08-25 18:50:00+00:00,111.57140350341795,111.59500122070312,111.52999877929688,111.5500030517578,51831
2025-08-25 18:55:00+00:00,111.56999969482422,111.61499786376952,111.56999969482422,111.5749969482422,51285
2025-08-25 19:00:00+00:00,111.62999725341795,111.62999725341795,111.56500244140624,111.56999969482422,57726
2025-08-25 19:05:00+00:00,111.5199966430664,111.63500213623048,111.49500274658205,111.63500213623048,51407
2025-08-25 19:10:00+00:00,111.4749984741211,111.53500366210938,111.4749984741211,111.5199966430664,55095
2025-08-25 19:15:00+00:00,111.44000244140624,111.48500061035156,111.4250030517578,111.4800033569336,62900
2025-08-25 19:20:00+00:00,111.51000213623048,111.51499938964844,111.45500183105467,111.45500183105467,67294
2025-08-25 19:25:00+00:00,111.5199966430664,111.5500030517578,111.48999786376952,111.51499938964844,56293
2025-08-25 19:30:00+00:00,111.58499908447266,111.58999633789062,111.5199966430664,111.5199966430664,81357
2025-08-25 19:35:00+00:00,111.58499908447266,111.61499786376952,111.5518035888672,111.58499908447266,107619
2025-08-25 19:40:00+00:00,111.65499877929688,111.6750030517578,111.58499908447266,111.58999633789062,129508
2025-08-25 19:45:00+00:00,111.54000091552734,111.66999816894533,111.5199966430664,111.65499877929688,181019
2025-08-25 19:50:00+00:00,111.75800323486328,111.8000030517578,111.5500030517578,111.5500030517578,990381
2025-08-25 19:55:00+00:00,111.74500274658205,111.91999816894533,111.72000122070312,111.75,722116
2025-08-26 13:30:00+00:00,111.19000244140624,111.37000274658205,110.86000061035156,111.37000274658205,300194
2025-08-26 13:35:00+00:00,111.3499984741211,111.43000030517578,111.1500015258789,111.2249984741211,137965
2025-08-26 13:40:00+00:00,111.20500183105467,111.36000061035156,110.95999908447266,111.34500122070312,152270
2025-08-26 13:45:00+00:00,111.38500213623048,111.45999908447266,111.19000244140624,111.19000244140624,111705
2025-08-26 13:50:00+00:00,111.3000030517578,111.47429656982422,111.29000091552734,111.37999725341795,90540
2025-08-26 13:55:00+00:00,111.13999938964844,111.27999877929688,110.99500274658205,111.27999877929688,95310
2025-08-26 14:00:00+00:00,110.97000122070312,111.16000366210938,110.9104995727539,111.13999938964844,126751
2025-08-26 14:05:00+00:00,111.06950378417967,111.06950378417967,110.9000015258789,110.9800033569336,112980
2025-08-26 14:10:00+00:00,111.12000274658205,111.22000122070312,111.0,111.0749969482422,90696
2025-08-26 14:15:00+00:00,111.02999877929688,111.16000366210938,110.95500183105467,111.12000274658205,99724
2025-08-26 14:20:00+00:00,111.12000274658205,111.13999938964844,111.0199966430664,111.02999877929688,90958
2025-08-26 14:25:00+00:00,111.19000244140624,111.23999786376952,111.11000061035156,111.125,70712
2025-08-26 14:30:00+00:00,111.23190307617188,111.24500274658205,111.09839630126952,111.1999969482422,99016
2025-08-26 14:35:00+00:00,111.20999908447266,111.29000091552734,111.1999969482422,111.2300033569336,76636
2025-08-26 14:40:00+00:00,111.16999816894533,111.2300033569336,111.08999633789062,111.20500183105467,90001
2025-08-26 14:45:00+00:00,111.11499786376952,111.16300201416016,111.06999969482422,111.16000366210938,81434
2025-08-26 14:50:00+00:00,111.03500366210938,111.1500015258789,111.00499725341795,111.125,100960
2025-08-26 14:55:00+00:00,111.08000183105467,111.125,111.01000213623048,111.02999877929688,94917
2025-08-26 15:00:00+00:00,110.61000061035156,111.08999633789062,110.61000061035156,111.08999633789062,116793
2025-08-26 15:05:00+00:00,110.66000366210938,110.66000366210938,110.47000122070312,110.61000061035156,100135
2025-08-26 15:10:00+00:00,110.56999969482422,110.66500091552734,110.4800033569336,110.65499877929688,87078
2025-08-26 15:15:00+00:00,110.5500030517578,110.58999633789062,110.48999786376952,110.56999969482422,61560
2025-08-26 15:20:00+00:00,110.5500030517578,110.5999984741211,110.48999786376952,110.55999755859376,76353
2025-08-26 15:25:00+00:00,110.4666976928711,110.5500030517578,110.35800170898438,110.54499816894533,98135
2025-08-26 15:30:00+00:00,110.51000213623048,110.54000091552734,110.37000274658205,110.45999908447266,62099
2025-08-26 15:35:00+00:00,110.44000244140624,110.52999877929688,110.37999725341795,110.51000213623048,77133
2025-08-26 15:40:00+00:00,110.47000122070312,110.48999786376952,110.375,110.4499969482422,61268
2025-08-26 15:45:00+00:00,110.55500030517578,110.55999755859376,110.4000015258789,110.4800033569336,85300
2025-08-26 15:50:00+00:00,110.6500015258789,110.68409729003906,110.52999877929688,110.5500030517578,84751
2025-08-26 15:55:00+00:00,110.48999786376952,110.66999816894533,110.48999786376952,110.66000366210938,76124
2025-08-26 16:00:00+00:00,110.52999877929688,110.59380340576172,110.45500183105467,110.51000213623048,87070
2025-08-26 16:05:00+00:00,110.55999755859376,110.58000183105467,110.45999908447266,110.52999877929688,44866
2025-08-26 16:10:00+00:00,110.51000213623048,110.5980987548828,110.49500274658205,110.56999969482422,80589
2025-08-26 16:15:00+00:00,110.54000091552734,110.55999755859376,110.46410369873048,110.5,593796
2025-08-26 16:20:00+00:00,110.52999877929688,110.63999938964844,110.5199966430664,110.5500030517578,66585
2025-08-26 16:25:00+00:00,110.375,110.54000091552734,110.36399841308594,110.54000091552734,108765
2025-08-26 16:30:00+00:00,110.45999908447266,110.4800033569336,110.3550033569336,110.37999725341795,104068
2025-08-26 16:35:00+00:00,110.51000213623048,110.5500030517578,110.44000244140624,110.4800033569336,48027
2025-08-26 16:40:00+00:00,110.58999633789062,110.61000061035156,110.4800033569336,110.5,55632
2025-08-26 16:45:00+00:00,110.63510131835938,110.70999908447266,110.58000183105467,110.58000183105467,56732
2025-08-26 16:50:00+00:00,110.58999633789062,110.6500015258789,110.58280181884766,110.62999725341795,54131
2025-08-26 16:55:00+00:00,110.5248031616211,110.58999633789062,110.49500274658205,110.58999633789062,41620
2025-08-26 17:00:00+00:00,110.5199966430664,110.53170013427734,110.4499969482422,110.52999877929688,56936
2025-08-26 17:05:00+00:00,110.48999786376952,110.5199966430664,110.4499969482422,110.5199966430664,67509
2025-08-26 17:10:00+00:00,110.5749969482422,110.5999984741211,110.48999786376952,110.5,56406
2025-08-26 17:15:00+00:00,110.625,110.63999938964844,110.52999877929688,110.56999969482422,45690
2025-08-26 17:20:00+00:00,110.68000030517578,110.68000030517578,110.61499786376952,110.62999725341795,56281
2025-08-26 17:25:00+00:00,110.86000061035156,110.88999938964844,110.68000030517578,110.68000030517578,60104
2025-08-26 17:30:00+00:00,110.875,110.91500091552734,110.81999969482422,110.87999725341795,41898
2025-08-26 17:35:00+00:00,110.88999938964844,110.91000366210938,110.81500244140624,110.87000274658205,38162
2025-08-26 17:40:00+00:00,110.86499786376952,110.91000366210938,110.85009765625,110.8949966430664,43156
2025-08-26 17:45:00+00:00,110.90350341796876,110.93000030517578,110.83499908447266,110.87999725341795,64293
2025-08-26 17:50:00+00:00,110.88999938964844,110.93000030517578,110.88999938964844,110.91999816894533,38904
2025-08-26 17:55:00+00:00,110.9000015258789,110.94000244140624,110.87999725341795,110.89099884033205,52640
2025-08-26 18:00:00+00:00,110.95999908447266,110.95999908447266,110.87000274658205,110.91000366210938,65104
2025-08-26 18:05:00+00:00,111.05500030517578,111.08999633789062,110.9499969482422,110.95999908447266,65223
2025-08-26 18:10:00+00:00,111.0749969482422,111.0749969482422,111.0,111.05500030517578,60565
2025-08-26 18:15:00+00:00,111.04000091552734,111.08999633789062,110.9749984741211,111.0749969482422,62181
2025-08-26 18:20:00+00:00,110.98999786376952,111.04499816894533,110.98500061035156,111.04000091552734,47360
2025-08-26 18:25:00+00:00,111.04000091552734,111.0749969482422,110.9000015258789,110.9800033569336,61189
2025-08-26 18:30:00+00:00,111.125,111.127197265625,111.0250015258789,111.02999877929688,56815
2025-08-26 18:35:00+00:00,111.09500122070312,111.15499877929688,111.08999633789062,111.1229019165039,49071
2025-08-26 18:40:00+00:00,110.96499633789062,111.0999984741211,110.94000244140624,111.09500122070312,70173
2025-08-26 18:45:00+00:00,111.0,111.02629852294922,110.93000030517578,110.96499633789062,50549
2025-08-26 18:50:00+00:00,111.06500244140624,111.06999969482422,110.9800033569336,111.0,57503
2025-08-26 18:55:00+00:00,111.08000183105467,111.10540008544922,111.04100036621094,111.06620025634766,64720
2025-08-26 19:00:00+00:00,111.01499938964844,111.06999969482422,110.9800033569336,111.06999969482422,94473
2025-08-26 19:05:00+00:00,111.02999877929688,111.02999877929688,110.9499969482422,111.01499938964844,78869
2025-08-26 19:10:00+00:00,111.08000183105467,111.1050033569336,111.02999877929688,111.04000091552734,61039
2025-08-26 19:15:00+00:00,111.13999938964844,111.15499877929688,111.08000183105467,111.08999633789062,72233
2025-08-26 19:20:00+00:00,111.25499725341795,111.2699966430664,111.12999725341795,111.13999938964844,102589
2025-08-26 19:25:00+00:00,111.26000213623048,111.31500244140624,111.23999786376952,111.25990295410156,106287
2025-08-26 19:30:00+00:00,111.41500091552734,111.41999816894533,111.22000122070312,111.25499725341795,154049
2025-08-26 19:35:00+00:00,111.46499633789062,111.48999786376952,111.3949966430664,111.41999816894533,162075
2025-08-26 19:40:00+00:00,111.52999877929688,111.52999877929688,111.44000244140624,111.46420288085938,220047
2025-08-26 19:45:00+00:00,111.6500015258789,111.6999969482422,111.52999877929688,111.54000091552734,206728
2025-08-26 19:50:00+00:00,111.78500366210938,111.80500030517578,111.61000061035156,111.65989685058594,1159169
2025-08-26 19:55:00+00:00,111.52999877929688,111.80999755859376,111.45999908447266,111.79000091552734,1059328
2025-08-27 13:30:00+00:00,112.03500366210938,112.08000183105467,111.41999816894533,111.41999816894533,468342
2025-08-27 13:35:00+00:00,112.03500366210938,112.0500030517578,111.8000030517578,112.04000091552734,138312
2025-08-27 13:40:00+00:00,112.55500030517578,112.56999969482422,112.0199966430664,112.03500366210938,202729
2025-08-27 13:45:00+00:00,112.69499969482422,112.7699966430664,112.4800033569336,112.55999755859376,205240
2025-08-27 13:50:00+00:00,112.6750030517578,112.81500244140624,112.6500015258789,112.6999969482422,160075
2025-08-27 13:55:00+00:00,112.51000213623048,112.81999969482422,112.44000244140624,112.66999816894533,133390
2025-08-27 14:00:00+00:00,112.4499969482422,112.59500122070312,112.4250030517578,112.50499725341795,105134
2025-08-27 14:05:00+00:00,112.41999816894533,112.52999877929688,112.3550033569336,112.4499969482422,151966
2025-08-27 14:10:00+00:00,112.30999755859376,112.51000213623048,112.29000091552734,112.41999816894533,121865
2025-08-27 14:15:00+00:00,112.00460052490234,112.33000183105467,111.9800033569336,112.31999969482422,94352
2025-08-27 14:20:00+00:00,112.05999755859376,112.13999938964844,111.95999908447266,112.01000213623048,100831
2025-08-27 14:25:00+00:00,112.11000061035156,112.1500015258789,112.0199966430664,112.06999969482422,138897
2025-08-27 14:30:00+00:00,112.41999816894533,112.41999816894533,112.0999984741211,112.12000274658205,114224
2025-08-27 14:35:00+00:00,112.15499877929688,112.4250030517578,112.1500015258789,112.4250030517578,100488
2025-08-27 14:40:00+00:00,112.1500015258789,112.22000122070312,112.05999755859376,112.13999938964844,88995
2025-08-27 14:45:00+00:00,112.0999984741211,112.15573120117188,111.99700164794922,112.1500015258789,72743
2025-08-27 14:50:00+00:00,112.0999984741211,112.12999725341795,112.04000091552734,112.09500122070312,88259
2025-08-27 14:55:00+00:00,112.05999755859376,112.16999816894533,112.05349731445312,112.09500122070312,78435
2025-08-27 15:00:00+00:00,112.01000213623048,112.09500122070312,112.0,112.08000183105467,85019
2025-08-27 15:05:00+00:00,112.08000183105467,112.08999633789062,111.95999908447266,112.0001983642578,138194
2025-08-27 15:10:00+00:00,111.93000030517578,112.08000183105467,111.9000015258789,112.08000183105467,83366
2025-08-27 15:15:00+00:00,111.93000030517578,111.99500274658205,111.9001007080078,111.93000030517578,65609
2025-08-27 15:20:00+00:00,111.8499984741211,111.93499755859376,111.76000213623048,111.93499755859376,72518
2025-08-27 15:25:00+00:00,111.80999755859376,111.88500213623048,111.75,111.8499984741211,98017
2025-08-27 15:30:00+00:00,111.88999938964844,111.90499877929688,111.7699966430664,111.80999755859376,140209
2025-08-27 15:35:00+00:00,111.98500061035156,111.99500274658205,111.83999633789062,111.8949966430664,54323
2025-08-27 15:40:00+00:00,111.95500183105467,111.9800033569336,111.87000274658205,111.9800033569336,99652
2025-08-27 15:45:00+00:00,112.0250015258789,112.02999877929688,111.93499755859376,111.95999908447266,66884
2025-08-27 15:50:00+00:00,112.05999755859376,112.08000183105467,112.01499938964844,112.03500366210938,41806
2025-08-27 15:55:00+00:00,112.12000274658205,112.19000244140624,112.05500030517578,112.05500030517578,272036
2025-08-27 16:00:00+00:00,112.3249969482422,112.3249969482422,112.125,112.125,130762
2025-08-27 16:05:00+00:00,112.33000183105467,112.38500213623048,112.27999877929688,112.3249969482422,53727
2025-08-27 16:10:00+00:00,112.31999969482422,112.3499984741211,112.29000091552734,112.33000183105467,58182
2025-08-27 16:15:00+00:00,112.3510971069336,112.40989685058594,112.31999969482422,112.31999969482422,76916
2025-08-27 16:20:00+00:00,112.25499725341795,112.37999725341795,112.2249984741211,112.3499984741211,94325
2025-08-27 16:25:00+00:00,112.37999725341795,112.38999938964844,112.23500061035156,112.25499725341795,78499
2025-08-27 16:30:00+00:00,112.4250030517578,112.45999908447266,112.37000274658205,112.37999725341795,62896
2025-08-27 16:35:00+00:00,112.37000274658205,112.4564971923828,112.3499984741211,112.4250030517578,66066
2025-08-27 16:40:00+00:00,112.37999725341795,112.41999816894533,112.33999633789062,112.38999938964844,67438
2025-08-27 16:45:00+00:00,112.34500122070312,112.37999725341795,112.31999969482422,112.375,50547
2025-08-27 16:50:00+00:00,112.41999816894533,112.4499969482422,112.33499908447266,112.33999633789062,47252
2025-08-27 16:55:00+00:00,112.36499786376952,112.43000030517578,112.3550033569336,112.4250030517578,56095
2025-08-27 17:00:00+00:00,112.48500061035156,112.48500061035156,112.27999877929688,112.36000061035156,95469
2025-08-27 17:05:00+00:00,112.55500030517578,112.58499908447266,112.47000122070312,112.4800033569336,178117
2025-08-27 17:10:00+00:00,112.59500122070312,112.59500122070312,112.5250015258789,112.5500030517578,71297
2025-08-27 17:15:00+00:00,112.5749969482422,112.61000061035156,112.5500030517578,112.58999633789062,67571
2025-08-27 17:20:00+00:00,112.59500122070312,112.61000061035156,112.5749969482422,112.58499908447266,57154
2025-08-27 17:25:00+00:00,112.58000183105467,112.59500122070312,112.5250015258789,112.58999633789062,66868
2025-08-27 17:30:00+00:00,112.55999755859376,112.62000274658205,112.54000091552734,112.59500122070312,82023
2025-08-27 17:35:00+00:00,112.51000213623048,112.62000274658205,112.48999786376952,112.56500244140624,87385
2025-08-27 17:40:00+00:00,112.4800033569336,112.55500030517578,112.4800033569336,112.5199966430664,53821
2025-08-27 17:45:00+00:00,112.5250015258789,112.5250015258789,112.37999725341795,112.4800033569336,117102
2025-08-27 17:50:00+00:00,112.69080352783205,112.69499969482422,112.5199966430664,112.52999877929688,167800
2025-08-27 17:55:00+00:00,112.79499816894533,112.87000274658205,112.69499969482422,112.6999969482422,225569
2025-08-27 18:00:00+00:00,112.8949966430664,112.95999908447266,112.7699966430664,112.8000030517578,179426
2025-08-27 18:05:00+00:00,112.9499969482422,112.9800033569336,112.86000061035156,112.88999938964844,82319
2025-08-27 18:10:00+00:00,112.79499816894533,112.94539642333984,112.7699966430664,112.94499969482422,69564
2025-08-27 18:15:00+00:00,112.6999969482422,112.77999877929688,112.69000244140624,112.77999877929688,64887
2025-08-27 18:20:00+00:00,112.75499725341795,112.76499938964844,112.6500015258789,112.69499969482422,64526
2025-08-27 18:25:00+00:00,112.77999877929688,112.78500366210938,112.70999908447266,112.76000213623048,57952
2025-08-27 18:30:00+00:00,112.81999969482422,112.88500213623048,112.76000213623048,112.77999877929688,179192
2025-08-27 18:35:00+00:00,112.79640197753906,112.86499786376952,112.77999877929688,112.8290023803711,53347
2025-08-27 18:40:00+00:00,112.73500061035156,112.81500244140624,112.7249984741211,112.79499816894533,54304
2025-08-27 18:45:00+00:00,112.79000091552734,112.79499816894533,112.7300033569336,112.73500061035156,63904
2025-08-27 18:50:00+00:00,112.79499816894533,112.8499984741211,112.76010131835938,112.79499816894533,74899
2025-08-27 18:55:00+00:00,112.63500213623048,112.79000091552734,112.62999725341795,112.79000091552734,74884
2025-08-27 19:00:00+00:00,112.72000122070312,112.73999786376952,112.62000274658205,112.63500213623048,72078
2025-08-27 19:05:00+00:00,112.81500244140624,112.83000183105467,112.69409942626952,112.72000122070312,102429
2025-08-27 19:10:00+00:00,112.85009765625,112.88500213623048,112.7750015258789,112.81999969482422,108456
2025-08-27 19:15:00+00:00,112.76499938964844,112.93000030517578,112.75499725341795,112.86900329589844,126497
2025-08-27 19:20:00+00:00,112.7750015258789,112.7750015258789,112.69499969482422,112.76000213623048,115808
2025-08-27 19:25:00+00:00,112.8550033569336,112.87999725341795,112.76000213623048,112.7750015258789,99796
2025-08-27 19:30:00+00:00,112.81999969482422,112.8550033569336,112.77999877929688,112.8499984741211,119555
2025-08-27 19:35:00+00:00,112.875,112.88999938964844,112.7750015258789,112.80999755859376,182695
2025-08-27 19:40:00+00:00,112.87000274658205,112.9250030517578,112.8499984741211,112.875,139911
2025-08-27 19:45:00+00:00,112.69499969482422,112.81500244140624,112.69000244140624,112.80280303955078,170851
2025-08-27 19:50:00+00:00,112.65499877929688,112.74500274658205,112.61000061035156,112.6999969482422,1002212
2025-08-27 19:55:00+00:00,112.72000122070312,112.79499816894533,112.6500015258789,112.66000366210938,849778
2025-08-28 13:30:00+00:00,112.55999755859376,112.94000244140624,112.06999969482422,112.87000274658205,400308
2025-08-28 13:35:00+00:00,112.38999938964844,112.68499755859376,112.29000091552734,112.55999755859376,286720
2025-08-28 13:40:00+00:00,112.41000366210938,112.4499969482422,112.1050033569336,112.39309692382812,162340
2025-08-28 13:45:00+00:00,112.58499908447266,112.58999633789062,112.33999633789062,112.41000366210938,156030
2025-08-28 13:50:00+00:00,112.5500030517578,112.88999938964844,112.5500030517578,112.58999633789062,144815
2025-08-28 13:55:00+00:00,112.73999786376952,112.83999633789062,112.5373992919922,112.55999755859376,120195
2025-08-28 14:00:00+00:00,112.73999786376952,112.83999633789062,112.70999908447266,112.73999786376952,122805
2025-08-28 14:05:00+00:00,112.70999908447266,112.92849731445312,112.66000366210938,112.74500274658205,135292
2025-08-28 14:10:00+00:00,112.69000244140624,112.8415985107422,112.66000366210938,112.70999908447266,100315
2025-08-28 14:15:00+00:00,112.75,112.75,112.5999984741211,112.69000244140624,216125
2025-08-28 14:20:00+00:00,112.7969970703125,112.86990356445312,112.6500015258789,112.75,134741
2025-08-28 14:25:00+00:00,112.81999969482422,112.84500122070312,112.76000213623048,112.80500030517578,118576
2025-08-28 14:30:00+00:00,113.01499938964844,113.05999755859376,112.76000213623048,112.80999755859376,164005
2025-08-28 14:35:00+00:00,112.91999816894533,113.02159881591795,112.8949966430664,113.00499725341795,81747
2025-08-28 14:40:00+00:00,112.91999816894533,113.0250015258789,112.8499984741211,112.91999816894533,75315
2025-08-28 14:45:00+00:00,112.7699966430664,112.94000244140624,112.76000213623048,112.93000030517578,67095
2025-08-28 14:50:00+00:00,112.81500244140624,112.83999633789062,112.70500183105467,112.77999877929688,59367
2025-08-28 14:55:00+00:00,112.81999969482422,112.875,112.72000122070312,112.81500244140624,92341
2025-08-28 15:00:00+00:00,112.86000061035156,112.93499755859376,112.8000030517578,112.80999755859376,72396
2025-08-28 15:05:00+00:00,112.83000183105467,112.97000122070312,112.80999755859376,112.87000274658205,62225
2025-08-28 15:10:00+00:00,112.93000030517578,112.94000244140624,112.81400299072266,112.83000183105467,57829
2025-08-28 15:15:00+00:00,112.98999786376952,113.0,112.91500091552734,112.94000244140624,66385
2025-08-28 15:20:00+00:00,112.83999633789062,113.01000213623048,112.8000030517578,113.00499725341795,71113
2025-08-28 15:25:00+00:00,112.97010040283205,112.9800033569336,112.83699798583984,112.8499984741211,64956
2025-08-28 15:30:00+00:00,112.8000030517578,113.0,112.7699966430664,112.98500061035156,76053
2025-08-28 15:35:00+00:00,112.79000091552734,112.86499786376952,112.73999786376952,112.81999969482422,68797
2025-08-28 15:40:00+00:00,112.97000122070312,112.9800033569336,112.75499725341795,112.80940246582033,71381
2025-08-28 15:45:00+00:00,113.04000091552734,113.05500030517578,112.91000366210938,112.95999908447266,93418
2025-08-28 15:50:00+00:00,113.12999725341795,113.16000366210938,113.01000213623048,113.03500366210938,72577
2025-08-28 15:55:00+00:00,113.19499969482422,113.2300033569336,113.12999725341795,113.12999725341795,65433
2025-08-28 16:00:00+00:00,113.1750030517578,113.23500061035156,113.16000366210938,113.19499969482422,41647
2025-08-28 16:05:00+00:00,113.2300033569336,113.25499725341795,113.16000366210938,113.18000030517578,46825
2025-08-28 16:10:00+00:00,113.25,113.27999877929688,113.19000244140624,113.2300033569336,49386
2025-08-28 16:15:00+00:00,113.12000274658205,113.26499938964844,113.08999633789062,113.25,63274
2025-08-28 16:20:00+00:00,113.16500091552734,113.20500183105467,113.11000061035156,113.12999725341795,73508
2025-08-28 16:25:00+00:00,113.08000183105467,113.18499755859376,113.06500244140624,113.16999816894533,63062
2025-08-28 16:30:00+00:00,113.11000061035156,113.11000061035156,113.05999755859376,113.08000183105467,51603
2025-08-28 16:35:00+00:00,113.23819732666016,113.24500274658205,113.1050033569336,113.12000274658205,54410
2025-08-28 16:40:00+00:00,113.22000122070312,113.3000030517578,113.19000244140624,113.2300033569336,42869
2025-08-28 16:45:00+00:00,113.2415008544922,113.28500366210938,113.20999908447266,113.2300033569336,48894
2025-08-28 16:50:00+00:00,113.25,113.33000183105467,113.23999786376952,113.25,60855
2025-08-28 16:55:00+00:00,113.18000030517578,113.26000213623048,113.16000366210938,113.23999786376952,100089
2025-08-28 17:00:00+00:00,113.18499755859376,113.19000244140624,113.06999969482422,113.1750030517578,100522
2025-08-28 17:05:00+00:00,113.2750015258789,113.33000183105467,113.18150329589844,113.18150329589844,83193
2025-08-28 17:10:00+00:00,113.16999816894533,113.29000091552734,113.1500015258789,113.29000091552734,63756
2025-08-28 17:15:00+00:00,113.13500213623048,113.1999969482422,113.1084976196289,113.1750030517578,38634
2025-08-28 17:20:00+00:00,113.08999633789062,113.16000366210938,113.08000183105467,113.1353988647461,48454
2025-08-28 17:25:00+00:00,113.00499725341795,113.0999984741211,112.98999786376952,113.08999633789062,60434
2025-08-28 17:30:00+00:00,113.12000274658205,113.1449966430664,113.0,113.00499725341795,77593
2025-08-28 17:35:00+00:00,113.1750030517578,113.1750030517578,113.0749969482422,113.125,50351
2025-08-28 17:40:00+00:00,113.23500061035156,113.2699966430664,113.18000030517578,113.18499755859376,62157
2025-08-28 17:45:00+00:00,113.3499984741211,113.37000274658205,113.2300033569336,113.2300033569336,65260
2025-08-28 17:50:00+00:00,113.29499816894533,113.3550033569336,113.26499938964844,113.3550033569336,55428
2025-08-28 17:55:00+00:00,113.38999938964844,113.41999816894533,113.2699966430664,113.27999877929688,76609
2025-08-28 18:00:00+00:00,113.3949966430664,113.47000122070312,113.36299896240234,113.38999938964844,93156
2025-08-28 18:05:00+00:00,113.50499725341795,113.5500030517578,113.3499984741211,113.4000015258789,162853
2025-08-28 18:10:00+00:00,113.47000122070312,113.56099700927734,113.44000244140624,113.5,258338
2025-08-28 18:15:00+00:00,113.4499969482422,113.54499816894533,113.43499755859376,113.46499633789062,92919
2025-08-28 18:20:00+00:00,113.48500061035156,113.51000213623048,113.36499786376952,113.4499969482422,85918
2025-08-28 18:25:00+00:00,113.51000213623048,113.52999877929688,113.44499969482422,113.49500274658205,112238
2025-08-28 18:30:00+00:00,113.53500366210938,113.56999969482422,113.4800033569336,113.5,136619
2025-08-28 18:35:00+00:00,113.48500061035156,113.54499816894533,113.4749984741211,113.54000091552734,63955
2025-08-28 18:40:00+00:00,113.34500122070312,113.5199966430664,113.34500122070312,113.48999786376952,83527
2025-08-28 18:45:00+00:00,113.25499725341795,113.37000274658205,113.25499725341795,113.3499984741211,70092
2025-08-28 18:50:00+00:00,113.3000030517578,113.3949966430664,113.25499725341795,113.25499725341795,90251
2025-08-28 18:55:00+00:00,113.29000091552734,113.31500244140624,113.23999786376952,113.29000091552734,66537
2025-08-28 19:00:00+00:00,113.51499938964844,113.5199966430664,113.3000030517578,113.3000030517578,125258
2025-08-28 19:05:00+00:00,113.5500030517578,113.5749969482422,113.50499725341795,113.5199966430664,150634
2025-08-28 19:10:00+00:00,113.45999908447266,113.56999969482422,113.45999908447266,113.54000091552734,130955
2025-08-28 19:15:00+00:00,113.3949966430664,113.45999908447266,113.38500213623048,113.45999908447266,118812
2025-08-28 19:20:00+00:00,113.36000061035156,113.3949966430664,113.3281021118164,113.38999938964844,105250
2025-08-28 19:25:00+00:00,113.2750015258789,113.36499786376952,113.26499938964844,113.3499984741211,124482
2025-08-28 19:30:00+00:00,113.34500122070312,113.4499969482422,113.25,113.2699966430664,146538
2025-08-28 19:35:00+00:00,113.3499984741211,113.37999725341795,113.30999755859376,113.3499984741211,149204
2025-08-28 19:40:00+00:00,113.38500213623048,113.41000366210938,113.3000030517578,113.34500122070312,140241
2025-08-28 19:45:00+00:00,113.43499755859376,113.52999877929688,113.37999725341795,113.38500213623048,358338
2025-08-28 19:50:00+00:00,113.5,113.58499908447266,113.43000030517578,113.43000030517578,1172883
2025-08-28 19:55:00+00:00,113.37999725341795,113.6449966430664,113.33000183105467,113.5,1121267
2025-08-29 13:30:00+00:00,114.1968002319336,114.29000091552734,113.65499877929688,113.66999816894533,424056
2025-08-29 13:35:00+00:00,114.47000122070312,114.4800033569336,114.18000030517578,114.2249984741211,259338
2025-08-29 13:40:00+00:00,114.2699966430664,114.5500030517578,114.25499725341795,114.47000122070312,228937
2025-08-29 13:45:00+00:00,114.71009826660156,114.79000091552734,114.26499938964844,114.26499938964844,243391
2025-08-29 13:50:00+00:00,114.51000213623048,114.74500274658205,114.37999725341795,114.70999908447266,158635
2025-08-29 13:55:00+00:00,114.5500030517578,114.68000030517578,114.4801025390625,114.5198974609375,234930
2025-08-29 14:00:00+00:00,114.4499969482422,114.61000061035156,114.43000030517578,114.51000213623048,52045
2025-08-29 14:05:00+00:00,114.43000030517578,114.4800033569336,114.2699966430664,114.4499969482422,185796
2025-08-29 14:10:00+00:00,114.25,114.5500030517578,114.21499633789062,114.4281997680664,239903
2025-08-29 14:15:00+00:00,114.01000213623048,114.3499984741211,113.9800033569336,114.25,231679
2025-08-29 14:20:00+00:00,114.0,114.15499877929688,113.97000122070312,114.0,177164
2025-08-29 14:25:00+00:00,114.16000366210938,114.19539642333984,114.00080108642578,114.01000213623048,136815
2025-08-29 14:30:00+00:00,114.16999816894533,114.22160339355467,114.13500213623048,114.16999816894533,165703
2025-08-29 14:35:00+00:00,114.0,114.19000244140624,113.9499969482422,114.16500091552734,219294
2025-08-29 14:40:00+00:00,114.0999984741211,114.1999969482422,113.99500274658205,114.00499725341795,91793
2025-08-29 14:45:00+00:00,114.16500091552734,114.20500183105467,114.0,114.12000274658205,115017
2025-08-29 14:50:00+00:00,114.11000061035156,114.1999969482422,113.98999786376952,114.16000366210938,113495
2025-08-29 14:55:00+00:00,114.3000030517578,114.3550033569336,114.04499816894533,114.125,158390
2025-08-29 15:00:00+00:00,114.18000030517578,114.41500091552734,114.18000030517578,114.30999755859376,125990
2025-08-29 15:05:00+00:00,114.26000213623048,114.33000183105467,114.18000030517578,114.19000244140624,91797
2025-08-29 15:10:00+00:00,114.16999816894533,114.2699966430664,114.12999725341795,114.2699966430664,72467
2025-08-29 15:15:00+00:00,114.20500183105467,114.23500061035156,114.12999725341795,114.16999816894533,91338
2025-08-29 15:20:00+00:00,114.15499877929688,114.1999969482422,114.11499786376952,114.1999969482422,85286
2025-08-29 15:25:00+00:00,114.16000366210938,114.2300033569336,114.125,114.1500015258789,80330
2025-08-29 15:30:00+00:00,114.1500015258789,114.22989654541016,114.12000274658205,114.16500091552734,86910
2025-08-29 15:35:00+00:00,114.30999755859376,114.33000183105467,114.1449966430664,114.16000366210938,99370
2025-08-29 15:40:00+00:00,114.31999969482422,114.33499908447266,114.23999786376952,114.30999755859376,66711
2025-08-29 15:45:00+00:00,114.37000274658205,114.44000244140624,114.33000183105467,114.33000183105467,68769
2025-08-29 15:50:00+00:00,114.38500213623048,114.4000015258789,114.26000213623048,114.37999725341795,61510
2025-08-29 15:55:00+00:00,114.43000030517578,114.46499633789062,114.36499786376952,114.38500213623048,74022
2025-08-29 16:00:00+00:00,114.51000213623048,114.52989959716795,114.41000366210938,114.43000030517578,133760
2025-08-29 16:05:00+00:00,114.47000122070312,114.54499816894533,114.45999908447266,114.5199966430664,88578
2025-08-29 16:10:00+00:00,114.4499969482422,114.4800033569336,114.4000015258789,114.4749984741211,99909
2025-08-29 16:15:00+00:00,114.30999755859376,114.47720336914062,114.30999755859376,114.44419860839844,158865
2025-08-29 16:20:00+00:00,114.4499969482422,114.45999908447266,114.3000030517578,114.30999755859376,89472
2025-08-29 16:25:00+00:00,114.33000183105467,114.4499969482422,114.30999755859376,114.4499969482422,66580
2025-08-29 16:30:00+00:00,114.34500122070312,114.41000366210938,114.32720184326172,114.33999633789062,51878
2025-08-29 16:35:00+00:00,114.375,114.38999938964844,114.28500366210938,114.33999633789062,85152
2025-08-29 16:40:00+00:00,114.37999725341795,114.38999938964844,114.30999755859376,114.37000274658205,49504
2025-08-29 16:45:00+00:00,114.33000183105467,114.3949966430664,114.3000030517578,114.38500213623048,66408
2025-08-29 16:50:00+00:00,114.36540222167967,114.375,114.30500030517578,114.3249969482422,42925
2025-08-29 16:55:00+00:00,114.38009643554688,114.41999816894533,114.3499984741211,114.36499786376952,53286
2025-08-29 17:00:00+00:00,114.4000015258789,114.45999908447266,114.37999725341795,114.38999938964844,60588
2025-08-29 17:05:00+00:00,114.47000122070312,114.47989654541016,114.38009643554688,114.41000366210938,66407
2025-08-29 17:10:00+00:00,114.48999786376952,114.53500366210938,114.44000244140624,114.45999908447266,74871
2025-08-29 17:15:00+00:00,114.45999908447266,114.52989959716795,114.4499969482422,114.48500061035156,59399
2025-08-29 17:20:00+00:00,114.44000244140624,114.46499633789062,114.38999938964844,114.46499633789062,68626
2025-08-29 17:25:00+00:00,114.51499938964844,114.52999877929688,114.41000366210938,114.44499969482422,54366
2025-08-29 17:30:00+00:00,114.54010009765624,114.55999755859376,114.4800033569336,114.51499938964844,74578
2025-08-29 17:35:00+00:00,114.55999755859376,114.5999984741211,114.51000213623048,114.54499816894533,90509
2025-08-29 17:40:00+00:00,114.55280303955078,114.61499786376952,114.5199966430664,114.56500244140624,84375
2025-08-29 17:45:00+00:00,114.56420135498048,114.63500213623048,114.55500030517578,114.55500030517578,108694
2025-08-29 17:50:00+00:00,114.53820037841795,114.62799835205078,114.53820037841795,114.5500030517578,72323
2025-08-29 17:55:00+00:00,114.50499725341795,114.58000183105467,114.43820190429688,114.52999877929688,90293
2025-08-29 18:00:00+00:00,114.37000274658205,114.51499938964844,114.3499984741211,114.51000213623048,75776
2025-08-29 18:05:00+00:00,114.3550033569336,114.41000366210938,114.31999969482422,114.36990356445312,126058
2025-08-29 18:10:00+00:00,114.30999755859376,114.38500213623048,114.29499816894533,114.3550033569336,59887
2025-08-29 18:15:00+00:00,114.3643035888672,114.37000274658205,114.29499816894533,114.3198013305664,51810
2025-08-29 18:20:00+00:00,114.3550033569336,114.41500091552734,114.27999877929688,114.36499786376952,92632
2025-08-29 18:25:00+00:00,114.33000183105467,114.3949966430664,114.33000183105467,114.3550033569336,64728
2025-08-29 18:30:00+00:00,114.3499984741211,114.36000061035156,114.2750015258789,114.33000183105467,51182
2025-08-29 18:35:00+00:00,114.3949966430664,114.3949966430664,114.32420349121094,114.34500122070312,57607
2025-08-29 18:40:00+00:00,114.37999725341795,114.41000366210938,114.375,114.4000015258789,51997
2025-08-29 18:45:00+00:00,114.40499877929688,114.43000030517578,114.3499984741211,114.37999725341795,49227
2025-08-29 18:50:00+00:00,114.36000061035156,114.4000015258789,114.33000183105467,114.4000015258789,58076
2025-08-29 18:55:00+00:00,114.29499816894533,114.36499786376952,114.29000091552734,114.36499786376952,66070
2025-08-29 19:00:00+00:00,114.33999633789062,114.3499984741211,114.26499938964844,114.29000091552734,78522
2025-08-29 19:05:00+00:00,114.34500122070312,114.44499969482422,114.33499908447266,114.33499908447266,76332
2025-08-29 19:10:00+00:00,114.1999969482422,114.36499786376952,114.18499755859376,114.3499984741211,98141
2025-08-29 19:15:00+00:00,114.31999969482422,114.3249969482422,114.18000030517578,114.20999908447266,81264
2025-08-29 19:20:00+00:00,114.30999755859376,114.375,114.2699966430664,114.31999969482422,98786
2025-08-29 19:25:00+00:00,114.25,114.33999633789062,114.1999969482422,114.31999969482422,104157
2025-08-29 19:30:00+00:00,114.1500015258789,114.2698974609375,114.13999938964844,114.25,112966
2025-08-29 19:35:00+00:00,114.1750030517578,114.21499633789062,114.11000061035156,114.1500015258789,132691
2025-08-29 19:40:00+00:00,114.15499877929688,114.25499725341795,114.15499877929688,114.1750030517578,138711
2025-08-29 19:45:00+00:00,114.18000030517578,114.23999786376952,114.09249877929688,114.1500015258789,195174
2025-08-29 19:50:00+00:00,114.23500061035156,114.31500244140624,114.09500122070312,114.19000244140624,1039903
2025-08-29 19:55:00+00:00,114.34500122070312,114.37999725341795,114.19000244140624,114.23999786376952,895440
2025-09-02 13:30:00+00:00,114.4499969482422,114.87000274658205,114.18000030517578,114.18000030517578,510776
2025-09-02 13:35:00+00:00,113.94000244140624,114.4499969482422,113.87999725341795,114.43000030517578,343136
2025-09-02 13:40:00+00:00,113.88999938964844,113.95600128173828,113.52010345458984,113.79000091552734,237688
2025-09-02 13:45:00+00:00,113.73999786376952,113.88999938964844,113.33000183105467,113.86000061035156,172678
2025-09-02 13:50:00+00:00,114.13009643554688,114.13500213623048,113.72000122070312,113.73999786376952,164998
2025-09-02 13:55:00+00:00,114.36000061035156,114.37000274658205,114.12000274658205,114.12999725341795,132320
2025-09-02 14:00:00+00:00,114.62000274658205,114.68000030517578,114.3560028076172,114.36000061035156,172928
2025-09-02 14:05:00+00:00,114.58999633789062,114.6999969482422,114.54000091552734,114.62000274658205,154103
2025-09-02 14:10:00+00:00,114.53500366210938,114.73500061035156,114.47000122070312,114.6050033569336,123926
2025-09-02 14:15:00+00:00,114.43000030517578,114.66999816894533,114.41999816894533,114.53500366210938,76955
2025-09-02 14:20:00+00:00,114.33999633789062,114.4000015258789,114.2699966430664,114.37999725341795,106686
2025-09-02 14:25:00+00:00,114.20999908447266,114.3499984741211,114.19000244140624,114.34500122070312,108662
2025-09-02 14:30:00+00:00,114.09200286865234,114.2300033569336,114.06500244140624,114.1999969482422,112011
2025-09-02 14:35:00+00:00,114.23999786376952,114.25,114.0625991821289,114.0999984741211,82117
2025-09-02 14:40:00+00:00,114.3000030517578,114.33000183105467,114.20999908447266,114.24500274658205,73144
2025-09-02 14:45:00+00:00,114.29000091552734,114.33000183105467,114.20999908447266,114.27999877929688,99422
2025-09-02 14:50:00+00:00,114.1500015258789,114.37000274658205,114.13999938964844,114.29000091552734,105262
2025-09-02 14:55:00+00:00,114.18000030517578,114.27999877929688,114.12000274658205,114.13999938964844,96297
2025-09-02 15:00:00+00:00,114.1999969482422,114.26000213623048,114.08999633789062,114.16999816894533,79136
2025-09-02 15:05:00+00:00,114.08999633789062,114.2300033569336,114.08000183105467,114.1999969482422,72806
2025-09-02 15:10:00+00:00,114.11000061035156,114.23500061035156,114.0999984741211,114.11000061035156,58153
2025-09-02 15:15:00+00:00,114.0,114.1500015258789,113.91999816894533,114.0999984741211,136308
2025-09-02 15:20:00+00:00,114.05840301513672,114.09500122070312,113.9499969482422,114.0,139737
2025-09-02 15:25:00+00:00,114.06999969482422,114.0999984741211,114.01499938964844,114.05999755859376,92090
2025-09-02 15:30:00+00:00,114.18000030517578,114.19650268554688,114.0199966430664,114.08999633789062,90536
2025-09-02 15:35:00+00:00,114.24500274658205,114.26000213623048,114.12999725341795,114.19419860839844,90333
2025-09-02 15:40:00+00:00,114.38999938964844,114.41999816894533,114.24500274658205,114.24500274658205,66823
2025-09-02 15:45:00+00:00,114.33999633789062,114.45500183105467,114.33499908447266,114.38999938964844,69967
2025-09-02 15:50:00+00:00,114.55999755859376,114.58000183105467,114.34500122070312,114.34500122070312,91136
2025-09-02 15:55:00+00:00,114.51000213623048,114.61000061035156,114.5,114.56999969482422,59569
2025-09-02 16:00:00+00:00,114.40499877929688,114.58999633789062,114.38999938964844,114.50160217285156,76613
2025-09-02 16:05:00+00:00,114.5,114.51499938964844,114.30999755859376,114.40499877929688,79405
2025-09-02 16:10:00+00:00,114.70500183105467,114.70999908447266,114.47000122070312,114.5199966430664,76492
2025-09-02 16:15:00+00:00,114.66999816894533,114.7249984741211,114.65499877929688,114.6999969482422,81898
2025-09-02 16:20:00+00:00,114.62000274658205,114.7300033569336,114.62000274658205,114.67990112304688,58153
2025-09-02 16:25:00+00:00,114.58999633789062,114.65499877929688,114.56500244140624,114.62000274658205,51817
2025-09-02 16:30:00+00:00,114.61499786376952,114.6500015258789,114.52999877929688,114.59500122070312,69659
2025-09-02 16:35:00+00:00,114.66500091552734,114.68000030517578,114.58000183105467,114.61000061035156,462813
2025-09-02 16:40:00+00:00,114.73500061035156,114.76000213623048,114.68000030517578,114.68000030517578,71400
2025-09-02 16:45:00+00:00,114.58999633789062,114.74500274658205,114.56500244140624,114.73999786376952,55880
2025-09-02 16:50:00+00:00,114.68499755859376,114.7300033569336,114.59500122070312,114.5999984741211,58674
2025-09-02 16:55:00+00:00,114.75499725341795,114.77639770507812,114.66999816894533,114.69000244140624,53338
2025-09-02 17:00:00+00:00,114.7699966430664,114.81999969482422,114.73999786376952,114.76000213623048,59855
2025-09-02 17:05:00+00:00,114.8499984741211,114.87999725341795,114.76000213623048,114.7750015258789,123502
2025-09-02 17:10:00+00:00,114.9000015258789,114.9499969482422,114.83999633789062,114.84020233154295,100513
2025-09-02 17:15:00+00:00,114.91999816894533,114.97000122070312,114.9000015258789,114.9001007080078,83177
2025-09-02 17:20:00+00:00,115.0199966430664,115.06999969482422,114.86499786376952,114.91500091552734,329609
2025-09-02 17:25:00+00:00,115.06999969482422,115.15499877929688,115.0,115.01000213623048,218498
2025-09-02 17:30:00+00:00,115.20999908447266,115.23999786376952,115.05500030517578,115.05999755859376,104524
2025-09-02 17:35:00+00:00,115.20500183105467,115.2300033569336,115.13500213623048,115.22000122070312,76498
2025-09-02 17:40:00+00:00,115.1750030517578,115.20500183105467,115.0999984741211,115.20500183105467,71615
2025-09-02 17:45:00+00:00,115.14420318603516,115.2300033569336,115.13999938964844,115.16000366210938,53760
2025-09-02 17:50:00+00:00,115.125,115.19000244140624,115.125,115.15499877929688,48492
2025-09-02 17:55:00+00:00,114.97000122070312,115.13999938964844,114.93499755859376,115.12999725341795,62191
2025-09-02 18:00:00+00:00,114.93009948730467,115.01499938964844,114.91999816894533,114.96499633789062,108628
2025-09-02 18:05:00+00:00,114.94989776611328,114.96499633789062,114.88999938964844,114.9365005493164,70329
2025-09-02 18:10:00+00:00,114.8949966430664,114.93000030517578,114.83000183105467,114.93000030517578,78746
2025-09-02 18:15:00+00:00,114.81999969482422,114.91000366210938,114.79000091552734,114.9000015258789,72676
2025-09-02 18:20:00+00:00,114.73500061035156,114.8249969482422,114.70999908447266,114.8125,73089
2025-09-02 18:25:00+00:00,114.66999816894533,114.76499938964844,114.63999938964844,114.73999786376952,75726
2025-09-02 18:30:00+00:00,114.54000091552734,114.69000244140624,114.52999877929688,114.68000030517578,91789
2025-09-02 18:35:00+00:00,114.41999816894533,114.54000091552734,114.40499877929688,114.54000091552734,69103
2025-09-02 18:40:00+00:00,114.34500122070312,114.44000244140624,114.29499816894533,114.4250030517578,74846
2025-09-02 18:45:00+00:00,114.36499786376952,114.38999938964844,114.25,114.33999633789062,72322
2025-09-02 18:50:00+00:00,114.44860076904295,114.47000122070312,114.3550033569336,114.36000061035156,88796
2025-09-02 18:55:00+00:00,114.33999633789062,114.47000122070312,114.3000030517578,114.45999908447266,66569
2025-09-02 19:00:00+00:00,114.36000061035156,114.43000030517578,114.31999969482422,114.33000183105467,73746
2025-09-02 19:05:00+00:00,114.48500061035156,114.48500061035156,114.36000061035156,114.36499786376952,71116
2025-09-02 19:10:00+00:00,114.44499969482422,114.51000213623048,114.41999816894533,114.48999786376952,94930
2025-09-02 19:15:00+00:00,114.48999786376952,114.48999786376952,114.40280151367188,114.45500183105467,71047
2025-09-02 19:20:00+00:00,114.5250015258789,114.56999969482422,114.4499969482422,114.48999786376952,114488
2025-09-02 19:25:00+00:00,114.50830078125,114.54000091552734,114.4499969482422,114.5250015258789,98893
2025-09-02 19:30:00+00:00,114.53399658203124,114.5999984741211,114.49500274658205,114.50499725341795,152007
2025-09-02 19:35:00+00:00,114.58000183105467,114.62000274658205,114.52999877929688,114.54000091552734,150737
2025-09-02 19:40:00+00:00,114.6050033569336,114.61499786376952,114.54499816894533,114.58000183105467,122562
2025-09-02 19:45:00+00:00,114.75,114.8000030517578,114.61000061035156,114.61000061035156,210851
2025-09-02 19:50:00+00:00,114.53500366210938,114.75,114.48999786376952,114.75,1006579
2025-09-02 19:55:00+00:00,114.6750030517578,114.68000030517578,114.41999816894533,114.54000091552734,806353
2025-09-03 13:30:00+00:00,114.0999984741211,114.22000122070312,113.5199966430664,113.97000122070312,315422
2025-09-03 13:35:00+00:00,114.12000274658205,114.43000030517578,114.05999755859376,114.12000274658205,204302
2025-09-03 13:40:00+00:00,113.79000091552734,114.1500015258789,113.79000091552734,114.12259674072266,134010
2025-09-03 13:45:00+00:00,113.0199966430664,113.80500030517578,113.0199966430664,113.80500030517578,193051
2025-09-03 13:50:00+00:00,112.9499969482422,113.06999969482422,112.68000030517578,113.0250015258789,214503
2025-09-03 13:55:00+00:00,112.79949951171876,113.01000213623048,112.68000030517578,112.95999908447266,193609
2025-09-03 14:00:00+00:00,112.27999877929688,112.79499816894533,112.2750015258789,112.79000091552734,179538
2025-09-03 14:05:00+00:00,112.33070373535156,112.41999816894533,112.04000091552734,112.16999816894533,342010
2025-09-03 14:10:00+00:00,112.22010040283205,112.54499816894533,112.20999908447266,112.3499984741211,188961
2025-09-03 14:15:00+00:00,112.18260192871094,112.3499984741211,112.11000061035156,112.2300033569336,160143
2025-09-03 14:20:00+00:00,111.93000030517578,112.31999969482422,111.91000366210938,112.1500015258789,200724
2025-09-03 14:25:00+00:00,111.86000061035156,112.02999877929688,111.80999755859376,111.93000030517578,162953
2025-09-03 14:30:00+00:00,112.0,112.06500244140624,111.80010223388672,111.8499984741211,136795
2025-09-03 14:35:00+00:00,112.0500030517578,112.08999633789062,111.87999725341795,112.01000213623048,98278
2025-09-03 14:40:00+00:00,111.90499877929688,112.11000061035156,111.80999755859376,112.08000183105467,100861
2025-09-03 14:45:00+00:00,111.56999969482422,111.9000015258789,111.5500030517578,111.9000015258789,199991
2025-09-03 14:50:00+00:00,111.76920318603516,111.86830139160156,111.45999908447266,111.55999755859376,191309
2025-09-03 14:55:00+00:00,111.9800033569336,111.98999786376952,111.76580047607422,111.79000091552734,132670
2025-09-03 15:00:00+00:00,112.1999969482422,112.3000030517578,111.98999786376952,111.98999786376952,122587
2025-09-03 15:05:00+00:00,112.26000213623048,112.35009765625,112.1449966430664,112.21499633789062,112596
2025-09-03 15:10:00+00:00,112.23500061035156,112.29000091552734,112.18000030517578,112.2699966430664,99705
2025-09-03 15:15:00+00:00,112.12999725341795,112.2300033569336,112.08999633789062,112.2300033569336,137362
2025-09-03 15:20:00+00:00,112.20500183105467,112.23500061035156,111.9749984741211,112.125,162654
2025-09-03 15:25:00+00:00,112.23999786376952,112.26499938964844,112.13249969482422,112.1999969482422,130552
2025-09-03 15:30:00+00:00,112.29000091552734,112.32350158691406,112.16000366210938,112.24500274658205,136117
2025-09-03 15:35:00+00:00,112.4499969482422,112.51000213623048,112.29000091552734,112.29000091552734,130526
2025-09-03 15:40:00+00:00,112.4499969482422,112.55500030517578,112.4000015258789,112.44000244140624,148879
2025-09-03 15:45:00+00:00,112.2300033569336,112.49500274658205,112.2249984741211,112.44000244140624,124010
2025-09-03 15:50:00+00:00,112.55020141601562,112.56999969482422,112.20010375976562,112.2300033569336,181305
2025-09-03 15:55:00+00:00,112.70999908447266,112.7699966430664,112.52999877929688,112.56500244140624,77288
2025-09-03 16:00:00+00:00,112.58000183105467,112.75,112.54000091552734,112.71499633789062,87870
2025-09-03 16:05:00+00:00,112.4800033569336,112.6500015258789,112.37000274658205,112.5999984741211,115887
2025-09-03 16:10:00+00:00,112.41999816894533,112.51000213623048,112.33000183105467,112.48999786376952,75878
2025-09-03 16:15:00+00:00,112.41000366210938,112.44509887695312,112.36499786376952,112.41000366210938,142624
2025-09-03 16:20:00+00:00,112.38169860839844,112.4365005493164,112.3249969482422,112.41999816894533,93748
2025-09-03 16:25:00+00:00,112.3000030517578,112.4499969482422,112.25,112.4000015258789,87716
2025-09-03 16:30:00+00:00,112.36000061035156,112.37000274658205,112.27999877929688,112.30999755859376,57327
2025-09-03 16:35:00+00:00,112.375,112.4000015258789,112.29000091552734,112.3499984741211,65623
2025-09-03 16:40:00+00:00,112.31999969482422,112.41999816894533,112.30500030517578,112.37999725341795,61090
2025-09-03 16:45:00+00:00,112.06500244140624,112.33000183105467,112.06500244140624,112.31999969482422,69640
2025-09-03 16:50:00+00:00,112.22000122070312,112.22000122070312,112.02999877929688,112.05999755859376,130700
2025-09-03 16:55:00+00:00,112.23999786376952,112.27999877929688,112.19499969482422,112.2249984741211,82082
2025-09-03 17:00:00+00:00,112.13999938964844,112.27999877929688,112.0999984741211,112.26000213623048,118041
2025-09-03 17:05:00+00:00,112.1500015258789,112.18000030517578,112.0500030517578,112.13999938964844,75496
2025-09-03 17:10:00+00:00,112.0999984741211,112.1500015258789,112.06999969482422,112.1449966430664,64661
2025-09-03 17:15:00+00:00,112.1750030517578,112.1999969482422,112.0999984741211,112.0999984741211,60798
2025-09-03 17:20:00+00:00,112.16000366210938,112.23999786376952,112.1500015258789,112.19000244140624,81964
2025-09-03 17:25:00+00:00,112.2300033569336,112.24500274658205,112.12000274658205,112.16000366210938,49929
2025-09-03 17:30:00+00:00,112.27010345458984,112.2750015258789,112.1750030517578,112.2249984741211,55279
2025-09-03 17:35:00+00:00,112.25499725341795,112.30500030517578,112.22000122070312,112.2699966430664,49000
2025-09-03 17:40:00+00:00,112.08999633789062,112.25,112.08000183105467,112.25,80155
2025-09-03 17:45:00+00:00,111.96499633789062,112.11000061035156,111.9499969482422,112.08999633789062,99745
2025-09-03 17:50:00+00:00,111.9000015258789,112.04000091552734,111.88500213623048,111.97000122070312,109370
2025-09-03 17:55:00+00:00,111.91999816894533,112.0,111.88999938964844,111.9000015258789,59891
2025-09-03 18:00:00+00:00,112.08000183105467,112.08999633789062,111.91999816894533,111.91999816894533,111518
2025-09-03 18:05:00+00:00,111.94000244140624,112.08999633789062,111.94000244140624,112.08499908447266,64921
2025-09-03 18:10:00+00:00,111.9000015258789,111.97000122070312,111.87359619140624,111.93499755859376,61088
2025-09-03 18:15:00+00:00,112.0,112.08000183105467,111.91000366210938,111.91000366210938,105375
2025-09-03 18:20:00+00:00,112.0199966430664,112.02613067626952,111.9499969482422,111.99500274658205,97160
2025-09-03 18:25:00+00:00,112.05500030517578,112.08999633789062,111.98500061035156,112.02249908447266,124483
2025-09-03 18:30:00+00:00,111.99500274658205,112.06500244140624,111.94499969482422,112.05500030517578,84771
2025-09-03 18:35:00+00:00,111.84500122070312,112.0250015258789,111.83499908447266,112.0,107914
2025-09-03 18:40:00+00:00,111.91500091552734,111.93499755859376,111.77999877929688,111.84559631347656,160317
2025-09-03 18:45:00+00:00,111.81999969482422,111.94000244140624,111.81999969482422,111.91000366210938,66560
2025-09-03 18:50:00+00:00,111.7750015258789,111.87000274658205,111.76499938964844,111.81999969482422,81152
2025-09-03 18:55:00+00:00,111.72000122070312,111.78500366210938,111.6999969482422,111.77999877929688,113038
2025-09-03 19:00:00+00:00,111.79000091552734,111.80999755859376,111.6500015258789,111.70999908447266,114099
2025-09-03 19:05:00+00:00,111.74500274658205,111.83000183105467,111.6750030517578,111.8000030517578,95357
2025-09-03 19:10:00+00:00,111.7699966430664,111.80500030517578,111.6999969482422,111.74500274658205,85057
2025-09-03 19:15:00+00:00,111.73789978027344,111.81500244140624,111.70500183105467,111.7699966430664,72150
2025-09-03 19:20:00+00:00,111.74500274658205,111.79000091552734,111.6999969482422,111.73650360107422,133692
2025-09-03 19:25:00+00:00,111.7300033569336,111.8000030517578,111.7249984741211,111.73999786376952,120026
2025-09-03 19:30:00+00:00,111.73999786376952,111.78500366210938,111.69000244140624,111.73999786376952,181731
2025-09-03 19:35:00+00:00,111.7699966430664,111.83999633789062,111.7300033569336,111.74500274658205,153568
2025-09-03 19:40:00+00:00,111.79000091552734,111.84500122070312,111.76499938964844,111.77999877929688,182030
2025-09-03 19:45:00+00:00,111.81999969482422,111.85749816894533,111.73999786376952,111.79000091552734,290859
2025-09-03 19:50:00+00:00,111.93299865722656,111.9499969482422,111.76499938964844,111.81999969482422,1201329
2025-09-03 19:55:00+00:00,111.94499969482422,112.04000091552734,111.87999725341795,111.93499755859376,1100292
2025-09-04 13:30:00+00:00,111.5999984741211,112.1050033569336,111.37999725341795,112.1050033569336,213771
2025-09-04 13:35:00+00:00,111.91000366210938,111.94000244140624,111.47010040283205,111.58000183105467,94057
2025-09-04 13:40:00+00:00,112.04859924316406,112.15499877929688,111.8499984741211,111.93229675292967,102277
2025-09-04 13:45:00+00:00,112.0500030517578,112.19000244140624,111.9250030517578,112.06500244140624,173994
2025-09-04 13:50:00+00:00,111.86499786376952,112.06999969482422,111.66999816894533,112.0500030517578,142925
2025-09-04 13:55:00+00:00,111.8499984741211,111.9000015258789,111.79000091552734,111.8499984741211,71495
2025-09-04 14:00:00+00:00,112.06999969482422,112.0999984741211,111.81500244140624,111.86000061035156,128507
2025-09-04 14:05:00+00:00,111.97000122070312,112.21890258789062,111.97000122070312,112.11000061035156,163793
2025-09-04 14:10:00+00:00,112.09500122070312,112.19989776611328,111.83999633789062,111.97000122070312,105420
2025-09-04 14:15:00+00:00,112.12999725341795,112.29000091552734,112.08499908447266,112.0999984741211,102646
2025-09-04 14:20:00+00:00,112.05999755859376,112.1500015258789,112.04000091552734,112.125,79719
2025-09-04 14:25:00+00:00,111.99500274658205,112.1449966430664,111.95760345458984,112.02999877929688,83879
2025-09-04 14:30:00+00:00,111.91999816894533,112.01000213623048,111.80999755859376,111.9999008178711,89846
2025-09-04 14:35:00+00:00,111.8499984741211,111.94000244140624,111.80999755859376,111.93000030517578,57220
2025-09-04 14:40:00+00:00,111.95500183105467,112.02999877929688,111.8249969482422,111.84500122070312,76436
2025-09-04 14:45:00+00:00,112.1750030517578,112.20999908447266,111.98999786376952,112.0,74207
2025-09-04 14:50:00+00:00,112.29499816894533,112.33000183105467,112.13999938964844,112.18000030517578,67309
2025-09-04 14:55:00+00:00,112.3000030517578,112.36000061035156,112.24839782714844,112.3000030517578,93396
2025-09-04 15:00:00+00:00,112.27999877929688,112.38999938964844,112.25070190429688,112.3000030517578,57191
2025-09-04 15:05:00+00:00,112.4499969482422,112.4499969482422,112.2699966430664,112.29000091552734,56809
2025-09-04 15:10:00+00:00,112.47000122070312,112.56670379638672,112.43000030517578,112.44000244140624,80193
2025-09-04 15:15:00+00:00,112.48999786376952,112.5199966430664,112.4250030517578,112.48500061035156,62855
2025-09-04 15:20:00+00:00,112.4499969482422,112.49500274658205,112.37000274658205,112.48500061035156,51708
2025-09-04 15:25:00+00:00,112.41000366210938,112.49500274658205,112.36000061035156,112.4499969482422,144832
2025-09-04 15:30:00+00:00,112.5500030517578,112.55999755859376,112.3499984741211,112.41999816894533,85673
2025-09-04 15:35:00+00:00,112.625,112.66000366210938,112.5199966430664,112.54499816894533,52606
2025-09-04 15:40:00+00:00,112.56500244140624,112.68499755859376,112.53089904785156,112.63500213623048,55145
2025-09-04 15:45:00+00:00,112.55999755859376,112.58999633789062,112.48500061035156,112.5500030517578,60956
2025-09-04 15:50:00+00:00,112.5999984741211,112.62999725341795,112.54000091552734,112.55999755859376,46610
2025-09-04 15:55:00+00:00,112.63500213623048,112.6750030517578,112.59500122070312,112.61499786376952,52674
2025-09-04 16:00:00+00:00,112.6999969482422,112.6999969482422,112.5500030517578,112.62999725341795,74829
2025-09-04 16:05:00+00:00,112.72000122070312,112.75,112.6449966430664,112.70349884033205,73746
2025-09-04 16:10:00+00:00,112.625,112.73500061035156,112.58999633789062,112.72000122070312,45884
2025-09-04 16:15:00+00:00,112.68499755859376,112.69000244140624,112.59500122070312,112.625,53451
2025-09-04 16:20:00+00:00,112.7699966430664,112.79000091552734,112.66000366210938,112.68499755859376,58804
2025-09-04 16:25:00+00:00,112.7699966430664,112.83999633789062,112.75,112.76499938964844,78800
2025-09-04 16:30:00+00:00,112.75,112.81342315673828,112.73999786376952,112.7699966430664,81224
2025-09-04 16:35:00+00:00,112.7249984741211,112.79499816894533,112.66999816894533,112.75499725341795,53252
2025-09-04 16:40:00+00:00,112.75,112.79000091552734,112.69000244140624,112.7249984741211,67751
2025-09-04 16:45:00+00:00,112.74500274658205,112.83999633789062,112.71499633789062,112.74649810791016,47887
2025-09-04 16:50:00+00:00,112.73999786376952,112.75,112.63999938964844,112.73999786376952,44806
2025-09-04 16:55:00+00:00,112.77999877929688,112.77999877929688,112.72000122070312,112.73999786376952,51473
2025-09-04 17:00:00+00:00,112.81279754638672,112.86620330810548,112.79000091552734,112.79000091552734,53778
2025-09-04 17:05:00+00:00,112.83999633789062,112.87419891357422,112.7750015258789,112.80999755859376,43754
2025-09-04 17:10:00+00:00,112.88999938964844,112.9000015258789,112.77999877929688,112.8499984741211,41895
2025-09-04 17:15:00+00:00,112.83000183105467,112.9000015258789,112.83000183105467,112.88999938964844,31886
2025-09-04 17:20:00+00:00,112.94000244140624,112.94000244140624,112.83999633789062,112.83999633789062,49804
2025-09-04 17:25:00+00:00,112.87000274658205,112.94000244140624,112.83999633789062,112.94000244140624,50945
2025-09-04 17:30:00+00:00,112.81500244140624,112.875,112.75,112.86000061035156,73294
2025-09-04 17:35:00+00:00,112.88999938964844,112.88999938964844,112.7699966430664,112.81500244140624,94065
2025-09-04 17:40:00+00:00,113.01499938964844,113.03500366210938,112.9000015258789,112.9000015258789,101810
2025-09-04 17:45:00+00:00,112.9499969482422,113.125,112.93000030517578,113.0250015258789,83167
2025-09-04 17:50:00+00:00,112.8949966430664,112.97989654541016,112.875,112.94000244140624,48998
2025-09-04 17:55:00+00:00,112.9001007080078,112.9499969482422,112.86000061035156,112.88999938964844,73265
2025-09-04 18:00:00+00:00,112.79000091552734,112.99500274658205,112.7699966430664,112.90499877929688,99249
2025-09-04 18:05:00+00:00,112.75499725341795,112.80999755859376,112.72000122070312,112.79000091552734,65828
2025-09-04 18:10:00+00:00,112.69499969482422,112.8000030517578,112.69000244140624,112.76000213623048,53853
2025-09-04 18:15:00+00:00,112.6500015258789,112.73500061035156,112.61820220947266,112.6999969482422,63798
2025-09-04 18:20:00+00:00,112.58999633789062,112.69000244140624,112.58499908447266,112.66000366210938,72184
2025-09-04 18:25:00+00:00,112.58000183105467,112.71009826660156,112.58000183105467,112.5999984741211,65856
2025-09-04 18:30:00+00:00,112.63500213623048,112.64769744873048,112.56500244140624,112.58000183105467,59506
2025-09-04 18:35:00+00:00,112.5999984741211,112.69000244140624,112.56999969482422,112.62999725341795,103443
2025-09-04 18:40:00+00:00,112.68499755859376,112.72000122070312,112.6050033569336,112.6050033569336,57628
2025-09-04 18:45:00+00:00,112.74500274658205,112.76380157470705,112.68499755859376,112.68499755859376,71716
2025-09-04 18:50:00+00:00,112.70500183105467,112.74500274658205,112.66000366210938,112.74500274658205,87097
2025-09-04 18:55:00+00:00,112.66999816894533,112.72000122070312,112.63500213623048,112.70500183105467,73013
2025-09-04 19:00:00+00:00,112.55500030517578,112.68000030517578,112.54000091552734,112.66999816894533,79752
2025-09-04 19:05:00+00:00,112.6500015258789,112.66500091552734,112.53009796142578,112.55999755859376,80547
2025-09-04 19:10:00+00:00,112.59500122070312,112.6500015258789,112.52999877929688,112.6500015258789,78025
2025-09-04 19:15:00+00:00,112.55500030517578,112.61000061035156,112.53500366210938,112.5999984741211,93530
2025-09-04 19:20:00+00:00,112.55999755859376,112.5885009765625,112.46499633789062,112.55500030517578,92313
2025-09-04 19:25:00+00:00,112.49430084228516,112.56999969482422,112.4499969482422,112.5500030517578,135290
2025-09-04 19:30:00+00:00,112.44010162353516,112.54499816894533,112.4250030517578,112.49500274658205,149494
2025-09-04 19:35:00+00:00,112.5,112.58000183105467,112.43000030517578,112.43499755859376,119784
2025-09-04 19:40:00+00:00,112.48500061035156,112.51000213623048,112.41999816894533,112.5,124923
2025-09-04 19:45:00+00:00,112.52999877929688,112.58499908447266,112.4749984741211,112.48999786376952,155716
2025-09-04 19:50:00+00:00,112.56999969482422,112.5749969482422,112.44000244140624,112.5250015258789,1022348
2025-09-04 19:55:00+00:00,112.4250030517578,112.58499908447266,112.38500213623048,112.56999969482422,689121
2025-09-05 13:30:00+00:00,111.48999786376952,111.5999984741211,110.44000244140624,111.5999984741211,389090
2025-09-05 13:35:00+00:00,111.4499969482422,111.77999877929688,111.2699966430664,111.5,437514
2025-09-05 13:40:00+00:00,111.18000030517578,111.54000091552734,110.875,111.4499969482422,273249
2025-09-05 13:45:00+00:00,111.15499877929688,111.25,110.88999938964844,111.12999725341795,382140
2025-09-05 13:50:00+00:00,110.69000244140624,111.30999755859376,110.66000366210938,111.12999725341795,285236
2025-09-05 13:55:00+00:00,111.3000030517578,111.33999633789062,110.69000244140624,110.6999969482422,210340
2025-09-05 14:00:00+00:00,111.08000183105467,111.48999786376952,111.08000183105467,111.3000030517578,233991
2025-09-05 14:05:00+00:00,111.20999908447266,111.4000015258789,111.0199966430664,111.08000183105467,154997
2025-09-05 14:10:00+00:00,111.16000366210938,111.27999877929688,111.0500030517578,111.22000122070312,142265
2025-09-05 14:15:00+00:00,110.91000366210938,111.26000213623048,110.91000366210938,111.1500015258789,163820
2025-09-05 14:20:00+00:00,110.7750015258789,110.95999908447266,110.69000244140624,110.91999816894533,240295
2025-09-05 14:25:00+00:00,110.73999786376952,110.8949966430664,110.68499755859376,110.7699966430664,186540
2025-09-05 14:30:00+00:00,110.5500030517578,110.7699966430664,110.54000091552734,110.72000122070312,188918
2025-09-05 14:35:00+00:00,110.36009979248048,110.5500030517578,110.36009979248048,110.5500030517578,330811
2025-09-05 14:40:00+00:00,110.22000122070312,110.43000030517578,110.20999908447266,110.37000274658205,164049
2025-09-05 14:45:00+00:00,110.11139678955078,110.33000183105467,110.09500122070312,110.20999908447266,157236
2025-09-05 14:50:00+00:00,110.31500244140624,110.38999938964844,110.05580139160156,110.12000274658205,417784
2025-09-05 14:55:00+00:00,110.33499908447266,110.37000274658205,110.2501983642578,110.30500030517578,96526
2025-09-05 15:00:00+00:00,110.4499969482422,110.5,110.33000183105467,110.33499908447266,176159
2025-09-05 15:05:00+00:00,110.1750030517578,110.4749984741211,110.16000366210938,110.44000244140624,98215
2025-09-05 15:10:00+00:00,110.09500122070312,110.20999908447266,110.02999877929688,110.16500091552734,206512
2025-09-05 15:15:00+00:00,110.16000366210938,110.23999786376952,110.04000091552734,110.08999633789062,158855
2025-09-05 15:20:00+00:00,110.16999816894533,110.29750061035156,110.0999984741211,110.13999938964844,109988
2025-09-05 15:25:00+00:00,110.16999816894533,110.1999969482422,110.08499908447266,110.16000366210938,154274
2025-09-05 15:30:00+00:00,110.27999877929688,110.2970962524414,110.05999755859376,110.16999816894533,370038
2025-09-05 15:35:00+00:00,110.31999969482422,110.38500213623048,110.2300033569336,110.29109954833984,127058
2025-09-05 15:40:00+00:00,110.44989776611328,110.45999908447266,110.3249969482422,110.33000183105467,124283
2025-09-05 15:45:00+00:00,110.21499633789062,110.45999908447266,110.1999969482422,110.4499969482422,96343
2025-09-05 15:50:00+00:00,110.0500030517578,110.2300033569336,110.02999877929688,110.2249984741211,89447
2025-09-05 15:55:00+00:00,110.125,110.20999908447266,110.05999755859376,110.05999755859376,93835
2025-09-05 16:00:00+00:00,110.20999908447266,110.2415008544922,110.13500213623048,110.1500015258789,116405
2025-09-05 16:05:00+00:00,110.0999984741211,110.2300033569336,110.05500030517578,110.2249984741211,94533
2025-09-05 16:10:00+00:00,110.22000122070312,110.22000122070312,110.05500030517578,110.09500122070312,89483
2025-09-05 16:15:00+00:00,110.06999969482422,110.20500183105467,110.0500030517578,110.20500183105467,87145
2025-09-05 16:20:00+00:00,109.9800033569336,110.08920288085938,109.9000015258789,110.05999755859376,191676
2025-09-05 16:25:00+00:00,110.13999938964844,110.3000030517578,109.97000122070312,109.97000122070312,220171
2025-09-05 16:30:00+00:00,110.06999969482422,110.1500015258789,110.0500030517578,110.1449966430664,116705
2025-09-05 16:35:00+00:00,110.08000183105467,110.16999816894533,110.04499816894533,110.05829620361328,75417
2025-09-05 16:40:00+00:00,110.25499725341795,110.25499725341795,110.0823974609375,110.0823974609375,72930
2025-09-05 16:45:00+00:00,110.11000061035156,110.25,110.11000061035156,110.25,66197
2025-09-05 16:50:00+00:00,110.13500213623048,110.16500091552734,110.05500030517578,110.1050033569336,79893
2025-09-05 16:55:00+00:00,110.23999786376952,110.23999786376952,110.0749969482422,110.12999725341795,43354
2025-09-05 17:00:00+00:00,110.01000213623048,110.2300033569336,109.99500274658205,110.2300033569336,124179
2025-09-05 17:05:00+00:00,109.91999816894533,110.0,109.83999633789062,110.0,110739
2025-09-05 17:10:00+00:00,109.79000091552734,109.93360137939452,109.79000091552734,109.91600036621094,76786
2025-09-05 17:15:00+00:00,109.66000366210938,109.8397979736328,109.66000366210938,109.79000091552734,121947
2025-09-05 17:20:00+00:00,109.5363998413086,109.6750030517578,109.5250015258789,109.66000366210938,140447
2025-09-05 17:25:00+00:00,109.40499877929688,109.54000091552734,109.37000274658205,109.52999877929688,117836
2025-09-05 17:30:00+00:00,109.3761978149414,109.52999877929688,109.36000061035156,109.43000030517578,105362
2025-09-05 17:35:00+00:00,109.40499877929688,109.4499969482422,109.29000091552734,109.37999725341795,120190
2025-09-05 17:40:00+00:00,109.31999969482422,109.4499969482422,109.26000213623048,109.41999816894533,79662
2025-09-05 17:45:00+00:00,109.26000213623048,109.36000061035156,109.14749908447266,109.33070373535156,125545
2025-09-05 17:50:00+00:00,109.16999816894533,109.36000061035156,109.16999816894533,109.26000213623048,121953
2025-09-05 17:55:00+00:00,109.33000183105467,109.3499984741211,109.11990356445312,109.16999816894533,96940
2025-09-05 18:00:00+00:00,109.3499984741211,109.41000366210938,109.30349731445312,109.31999969482422,79612
2025-09-05 18:05:00+00:00,109.16000366210938,109.3499984741211,109.09500122070312,109.3499984741211,80929
2025-09-05 18:10:00+00:00,109.18000030517578,109.2417984008789,109.0999984741211,109.16999816894533,99205
2025-09-05 18:15:00+00:00,109.3311996459961,109.34500122070312,109.18499755859376,109.18499755859376,116233
2025-09-05 18:20:00+00:00,109.25520324707033,109.37000274658205,109.25,109.33999633789062,91590
2025-09-05 18:25:00+00:00,109.2300033569336,109.33499908447266,109.2249984741211,109.26000213623048,84714
2025-09-05 18:30:00+00:00,109.38999938964844,109.4000015258789,109.19499969482422,109.22000122070312,211298
2025-09-05 18:35:00+00:00,109.36710357666016,109.3949966430664,109.2300033569336,109.38999938964844,112676
2025-09-05 18:40:00+00:00,109.3550033569336,109.38999938964844,109.29499816894533,109.36000061035156,68753
2025-09-05 18:45:00+00:00,109.28500366210938,109.41000366210938,109.26499938964844,109.36000061035156,113473
2025-09-05 18:50:00+00:00,109.30500030517578,109.43000030517578,109.29000091552734,109.29000091552734,163406
2025-09-05 18:55:00+00:00,109.38999938964844,109.41500091552734,109.29499816894533,109.30999755859376,62136
2025-09-05 19:00:00+00:00,109.3042984008789,109.3949966430664,109.25,109.37999725341795,109364
2025-09-05 19:05:00+00:00,109.41000366210938,109.42990112304688,109.29499816894533,109.3000030517578,143236
2025-09-05 19:10:00+00:00,109.29000091552734,109.4499969482422,109.29000091552734,109.41999816894533,90006
2025-09-05 19:15:00+00:00,109.4250030517578,109.4800033569336,109.28500366210938,109.28500366210938,120415
2025-09-05 19:20:00+00:00,109.375,109.44989776611328,109.375,109.43499755859376,112916
2025-09-05 19:25:00+00:00,109.38500213623048,109.43779754638672,109.3249969482422,109.37000274658205,186392
2025-09-05 19:30:00+00:00,109.1500015258789,109.37999725341795,109.11009979248048,109.37999725341795,266465
2025-09-05 19:35:00+00:00,109.23600006103516,109.23600006103516,109.15499877929688,109.15499877929688,223322
2025-09-05 19:40:00+00:00,109.12999725341795,109.24500274658205,109.08999633789062,109.23500061035156,262576
2025-09-05 19:45:00+00:00,109.36000061035156,109.38999938964844,109.13500213623048,109.13500213623048,396044
2025-09-05 19:50:00+00:00,109.1449966430664,109.44000244140624,109.0199966430664,109.36499786376952,1386297
2025-09-05 19:55:00+00:00,109.25,109.2699966430664,109.12000274658205,109.1500015258789,1008103
2025-09-08 13:30:00+00:00,109.63999938964844,110.0199966430664,109.35070037841795,109.7300033569336,467622
2025-09-08 13:35:00+00:00,109.4000015258789,109.73999786376952,109.30999755859376,109.62000274658205,243789
2025-09-08 13:40:00+00:00,109.33000183105467,109.55999755859376,109.29000091552734,109.4000015258789,173142
2025-09-08 13:45:00+00:00,109.02999877929688,109.36000061035156,109.01000213623048,109.1500015258789,261333
2025-09-08 13:50:00+00:00,108.86000061035156,109.03500366210938,108.62000274658205,109.03500366210938,282190
2025-09-08 13:55:00+00:00,108.66999816894533,108.86000061035156,108.62000274658205,108.86000061035156,236273
2025-09-08 14:00:00+00:00,108.44499969482422,108.66000366210938,108.3499984741211,108.66000366210938,257616
2025-09-08 14:05:00+00:00,108.61000061035156,108.70159912109376,108.43499755859376,108.43499755859376,190768
2025-09-08 14:10:00+00:00,108.6050033569336,108.75,108.58000183105467,108.63300323486328,175273
2025-09-08 14:15:00+00:00,108.79499816894533,108.82080078125,108.61000061035156,108.61000061035156,175711
2025-09-08 14:20:00+00:00,108.6999969482422,108.84500122070312,108.62999725341795,108.79499816894533,154661
2025-09-08 14:25:00+00:00,108.63500213623048,109.12000274658205,108.5999984741211,108.70999908447266,136851
2025-09-08 14:30:00+00:00,108.66000366210938,108.7300033569336,108.59220123291016,108.62999725341795,125958
2025-09-08 14:35:00+00:00,108.69499969482422,108.76000213623048,108.5999984741211,108.6449966430664,136440
2025-09-08 14:40:00+00:00,108.88999938964844,108.91999816894533,108.66000366210938,108.6999969482422,207484
2025-09-08 14:45:00+00:00,109.08999633789062,109.08999633789062,108.86000061035156,108.9000015258789,166798
2025-09-08 14:50:00+00:00,109.1999969482422,109.1999969482422,109.06999969482422,109.08999633789062,123623
2025-09-08 14:55:00+00:00,109.28500366210938,109.4250030517578,109.1999969482422,109.20500183105467,229146
2025-09-08 15:00:00+00:00,109.58999633789062,109.62999725341795,109.29000091552734,109.29000091552734,172037
2025-09-08 15:05:00+00:00,109.74500274658205,109.75,109.55999755859376,109.58999633789062,170003
2025-09-08 15:10:00+00:00,110.03500366210938,110.04499816894533,109.7300033569336,109.74500274658205,164075
2025-09-08 15:15:00+00:00,109.96499633789062,110.04499816894533,109.86000061035156,110.02420043945312,160150
2025-09-08 15:20:00+00:00,109.98999786376952,110.04000091552734,109.88999938964844,109.97000122070312,161845
2025-09-08 15:25:00+00:00,109.83999633789062,110.0,109.8249969482422,109.98500061035156,101226
2025-09-08 15:30:00+00:00,109.8000030517578,109.86499786376952,109.75,109.84500122070312,102241
2025-09-08 15:35:00+00:00,109.5999984741211,109.8000030517578,109.58159637451172,109.79499816894533,100421
2025-09-08 15:40:00+00:00,109.45999908447266,109.58999633789062,109.45010375976562,109.58999633789062,91321
2025-09-08 15:45:00+00:00,109.5199966430664,109.54000091552734,109.43000030517578,109.45500183105467,113041
2025-09-08 15:50:00+00:00,109.4499969482422,109.5500030517578,109.40499877929688,109.51499938964844,112137
2025-09-08 15:55:00+00:00,109.47000122070312,109.5,109.41000366210938,109.4499969482422,65951
2025-09-08 16:00:00+00:00,109.61000061035156,109.65989685058594,109.47000122070312,109.47000122070312,84569
2025-09-08 16:05:00+00:00,109.5250015258789,109.63500213623048,109.4749984741211,109.6050033569336,72895
2025-09-08 16:10:00+00:00,109.53500366210938,109.5500030517578,109.4800033569336,109.5199966430664,56577
2025-09-08 16:15:00+00:00,109.49500274658205,109.54499816894533,109.4000015258789,109.54000091552734,83183
2025-09-08 16:20:00+00:00,109.51000213623048,109.51499938964844,109.36499786376952,109.49500274658205,63532
2025-09-08 16:25:00+00:00,109.55999755859376,109.56500244140624,109.47000122070312,109.51499938964844,63310
2025-09-08 16:30:00+00:00,109.49500274658205,109.59500122070312,109.4800033569336,109.56999969482422,64000
2025-09-08 16:35:00+00:00,109.37000274658205,109.51499938964844,109.36000061035156,109.48999786376952,54874
2025-09-08 16:40:00+00:00,109.5199966430664,109.5250015258789,109.37000274658205,109.37000274658205,50293
2025-09-08 16:45:00+00:00,109.4499969482422,109.51499938964844,109.43499755859376,109.51499938964844,48555
2025-09-08 16:50:00+00:00,109.33000183105467,109.5500030517578,109.31999969482422,109.46499633789062,112552
2025-09-08 16:55:00+00:00,109.43000030517578,109.43000030517578,109.2699966430664,109.3249969482422,73184
2025-09-08 17:00:00+00:00,109.49500274658205,109.54000091552734,109.36499786376952,109.41999816894533,56077
2025-09-08 17:05:00+00:00,109.47000122070312,109.52649688720705,109.41500091552734,109.51000213623048,55838
2025-09-08 17:10:00+00:00,109.44499969482422,109.5,109.41500091552734,109.47579956054688,60302
2025-09-08 17:15:00+00:00,109.45999908447266,109.48880004882812,109.43000030517578,109.44499969482422,64789
2025-09-08 17:20:00+00:00,109.41000366210938,109.47000122070312,109.38500213623048,109.46420288085938,62162
2025-09-08 17:25:00+00:00,109.4749984741211,109.4800033569336,109.37000274658205,109.40070343017578,69156
2025-09-08 17:30:00+00:00,109.3550033569336,109.5199966430664,109.33999633789062,109.48500061035156,69322
2025-09-08 17:35:00+00:00,109.2750015258789,109.3499984741211,109.2249984741211,109.3499984741211,107454
2025-09-08 17:40:00+00:00,109.39600372314452,109.41000366210938,109.26499938964844,109.2699966430664,54371
2025-09-08 17:45:00+00:00,109.36499786376952,109.4499969482422,109.36000061035156,109.38999938964844,65159
2025-09-08 17:50:00+00:00,109.31999969482422,109.41000366210938,109.29000091552734,109.36100006103516,91272
2025-09-08 17:55:00+00:00,109.28500366210938,109.31999969482422,109.20999908447266,109.31500244140624,71746
2025-09-08 18:00:00+00:00,109.2645034790039,109.29499816894533,109.1449966430664,109.2854995727539,83920
2025-09-08 18:05:00+00:00,109.23999786376952,109.27799987792967,109.20999908447266,109.26000213623048,77125
2025-09-08 18:10:00+00:00,109.16999816894533,109.23509979248048,109.12000274658205,109.23509979248048,74323
2025-09-08 18:15:00+00:00,109.26000213623048,109.30010223388672,109.16999816894533,109.16999816894533,76093
2025-09-08 18:20:00+00:00,109.31999969482422,109.3209991455078,109.25,109.26000213623048,79606
2025-09-08 18:25:00+00:00,109.29499816894533,109.36499786376952,109.27999877929688,109.31500244140624,72887
2025-09-08 18:30:00+00:00,109.34500122070312,109.37229919433594,109.29000091552734,109.29000091552734,70766
2025-09-08 18:35:00+00:00,109.47827911376952,109.5199966430664,109.34500122070312,109.34500122070312,93014
2025-09-08 18:40:00+00:00,109.52999877929688,109.53500366210938,109.41000366210938,109.4749984741211,86517
2025-09-08 18:45:00+00:00,109.61499786376952,109.68000030517578,109.51499938964844,109.5250015258789,99299
2025-09-08 18:50:00+00:00,109.57579803466795,109.63500213623048,109.5500030517578,109.61499786376952,85079
2025-09-08 18:55:00+00:00,109.54000091552734,109.61900329589844,109.54000091552734,109.5749969482422,88646
2025-09-08 19:00:00+00:00,109.5790023803711,109.61499786376952,109.5199966430664,109.54000091552734,89001
2025-09-08 19:05:00+00:00,109.69499969482422,109.6999969482422,109.5749969482422,109.57990264892578,65744
2025-09-08 19:10:00+00:00,109.55999755859376,109.61000061035156,109.54000091552734,109.5999984741211,157716
2025-09-08 19:15:00+00:00,109.61000061035156,109.63999938964844,109.54000091552734,109.55999755859376,128208
2025-09-08 19:20:00+00:00,109.55999755859376,109.62999725341795,109.52249908447266,109.61499786376952,92247
2025-09-08 19:25:00+00:00,109.54000091552734,109.56999969482422,109.51000213623048,109.55999755859376,123870
2025-09-08 19:30:00+00:00,109.5000991821289,109.5780029296875,109.49500274658205,109.54499816894533,117565
2025-09-08 19:35:00+00:00,109.6500015258789,109.66000366210938,109.50499725341795,109.50499725341795,184959
2025-09-08 19:40:00+00:00,109.5999984741211,109.6999969482422,109.5999984741211,109.6500015258789,179112
2025-09-08 19:45:00+00:00,109.6449966430664,109.73500061035156,109.59500122070312,109.59500122070312,191035
2025-09-08 19:50:00+00:00,109.88999938964844,109.90550231933594,109.56999969482422,109.6500015258789,1090834
2025-09-08 19:55:00+00:00,109.9000015258789,110.02999877929688,109.87000274658205,109.9000015258789,1240977
2025-09-09 13:30:00+00:00,111.4000015258789,111.5,110.5250015258789,110.5250015258789,468426
2025-09-09 13:35:00+00:00,111.4800033569336,111.63500213623048,111.3499984741211,111.44000244140624,267915
2025-09-09 13:40:00+00:00,111.6500015258789,111.7699966430664,111.4800033569336,111.5,243975
2025-09-09 13:45:00+00:00,111.83999633789062,111.8479995727539,111.5999984741211,111.66000366210938,240798
2025-09-09 13:50:00+00:00,112.0250015258789,112.13999938964844,111.84369659423828,111.8499984741211,288494
2025-09-09 13:55:00+00:00,112.13999938964844,112.13999938964844,111.8499984741211,112.0199966430664,219321
2025-09-09 14:00:00+00:00,112.15499877929688,112.2699966430664,112.04100036621094,112.1500015258789,308184
2025-09-09 14:05:00+00:00,111.9800033569336,112.16999816894533,111.79000091552734,112.15499877929688,258779
2025-09-09 14:10:00+00:00,111.90499877929688,112.04499816894533,111.88999938964844,112.0,102867
2025-09-09 14:15:00+00:00,111.77999877929688,111.9250030517578,111.7699966430664,111.91000366210938,134185
2025-09-09 14:20:00+00:00,111.98500061035156,111.98999786376952,111.7300033569336,111.76499938964844,121152
2025-09-09 14:25:00+00:00,112.0250015258789,112.05500030517578,111.87000274658205,111.98999786376952,109478
2025-09-09 14:30:00+00:00,112.13999938964844,112.31999969482422,112.0250015258789,112.02999877929688,256095
2025-09-09 14:35:00+00:00,112.3499984741211,112.36499786376952,112.12049865722656,112.12999725341795,284393
2025-09-09 14:40:00+00:00,112.38999938964844,112.4499969482422,112.29499816894533,112.36000061035156,211376
2025-09-09 14:45:00+00:00,112.37999725341795,112.51000213623048,112.37000274658205,112.39990234375,151000
2025-09-09 14:50:00+00:00,112.08499908447266,112.38999938964844,112.01499938964844,112.38999938964844,183972
2025-09-09 14:55:00+00:00,112.19000244140624,112.20500183105467,112.04000091552734,112.08999633789062,114875
2025-09-09 15:00:00+00:00,112.25,112.4000015258789,112.16999816894533,112.19499969482422,171631
2025-09-09 15:05:00+00:00,112.08499908447266,112.29000091552734,112.06999969482422,112.26000213623048,156162
2025-09-09 15:10:00+00:00,112.13999938964844,112.18499755859376,112.00499725341795,112.02999877929688,116409
2025-09-09 15:15:00+00:00,112.21499633789062,112.25,112.08000183105467,112.13999938964844,117020
2025-09-09 15:20:00+00:00,112.0500030517578,112.25499725341795,112.0199966430664,112.22000122070312,113883
2025-09-09 15:25:00+00:00,112.08000183105467,112.12000274658205,111.95999908447266,112.05500030517578,109118
2025-09-09 15:30:00+00:00,111.51000213623048,112.05999755859376,111.37999725341795,112.05999755859376,356104
2025-09-09 15:35:00+00:00,111.58000183105467,111.76000213623048,111.51000213623048,111.5199966430664,190413
2025-09-09 15:40:00+00:00,111.5500030517578,111.58000183105467,111.47979736328124,111.5749969482422,82316
2025-09-09 15:45:00+00:00,111.56999969482422,111.67240142822266,111.4749984741211,111.54000091552734,107611
2025-09-09 15:50:00+00:00,111.51000213623048,111.56999969482422,111.40499877929688,111.56999969482422,74993
2025-09-09 15:55:00+00:00,111.43000030517578,111.51200103759766,111.4041976928711,111.51000213623048,80526
2025-09-09 16:00:00+00:00,111.24500274658205,111.5500030517578,111.1999969482422,111.4250030517578,99735
2025-09-09 16:05:00+00:00,111.33999633789062,111.34500122070312,111.20999908447266,111.24500274658205,85229
2025-09-09 16:10:00+00:00,111.27999877929688,111.37000274658205,111.2699966430664,111.33999633789062,76717
2025-09-09 16:15:00+00:00,111.23500061035156,111.375,111.22000122070312,111.27999877929688,104131
2025-09-09 16:20:00+00:00,111.23999786376952,111.31500244140624,111.21990203857422,111.2300033569336,71317
2025-09-09 16:25:00+00:00,111.2699966430664,111.36000061035156,111.2300033569336,111.2300033569336,57275
2025-09-09 16:30:00+00:00,111.4000015258789,111.43000030517578,111.25,111.25,58204
2025-09-09 16:35:00+00:00,111.38999938964844,111.44499969482422,111.34500122070312,111.3949966430664,39612
2025-09-09 16:40:00+00:00,111.50499725341795,111.50499725341795,111.36499786376952,111.4000015258789,68889
2025-09-09 16:45:00+00:00,111.3550033569336,111.5500030517578,111.3249969482422,111.51000213623048,94740
2025-09-09 16:50:00+00:00,111.375,111.4749984741211,111.3249969482422,111.33999633789062,39815
2025-09-09 16:55:00+00:00,111.43499755859376,111.43499755859376,111.3000030517578,111.37000274658205,81836
2025-09-09 17:00:00+00:00,111.40499877929688,111.4800033569336,111.35009765625,111.43499755859376,70406
2025-09-09 17:05:00+00:00,111.43000030517578,111.43499755859376,111.25499725341795,111.40499877929688,100270
2025-09-09 17:10:00+00:00,111.38500213623048,111.44499969482422,111.36499786376952,111.4250030517578,82458
2025-09-09 17:15:00+00:00,111.30500030517578,111.3749008178711,111.30500030517578,111.3749008178711,58376
2025-09-09 17:20:00+00:00,111.36499786376952,111.4000015258789,111.29010009765624,111.30500030517578,52397
2025-09-09 17:25:00+00:00,111.24500274658205,111.41000366210938,111.24500274658205,111.36499786376952,53791
2025-09-09 17:30:00+00:00,111.26000213623048,111.28500366210938,111.1999969482422,111.25,48364
2025-09-09 17:35:00+00:00,111.2699966430664,111.2699966430664,111.21499633789062,111.25,46668
2025-09-09 17:40:00+00:00,111.36499786376952,111.36499786376952,111.2699966430664,111.27999877929688,41853
2025-09-09 17:45:00+00:00,111.34500122070312,111.38500213623048,111.29759979248048,111.36499786376952,47406
2025-09-09 17:50:00+00:00,111.5,111.53500366210938,111.31500244140624,111.34500122070312,88336
2025-09-09 17:55:00+00:00,111.56500244140624,111.62999725341795,111.4800033569336,111.5,126623
2025-09-09 18:00:00+00:00,111.62000274658205,111.7249984741211,111.54499816894533,111.58000183105467,150636
2025-09-09 18:05:00+00:00,111.31500244140624,111.63200378417967,111.31500244140624,111.62000274658205,124824
2025-09-09 18:10:00+00:00,111.58000183105467,111.59500122070312,111.3000030517578,111.30999755859376,218895
2025-09-09 18:15:00+00:00,111.56999969482422,111.73999786376952,111.56999969482422,111.5999984741211,156692
2025-09-09 18:20:00+00:00,111.66190338134766,111.6750030517578,111.5500030517578,111.58000183105467,66319
2025-09-09 18:25:00+00:00,111.7249984741211,111.7249984741211,111.6050033569336,111.66000366210938,82816
2025-09-09 18:30:00+00:00,111.6999969482422,111.79000091552734,111.66999816894533,111.7300033569336,76339
2025-09-09 18:35:00+00:00,111.78500366210938,111.79000091552734,111.69000244140624,111.6999969482422,66306
2025-09-09 18:40:00+00:00,111.74500274658205,111.8000030517578,111.7300033569336,111.78720092773438,98606
2025-09-09 18:45:00+00:00,111.6999969482422,111.75499725341795,111.6999969482422,111.74500274658205,101715
2025-09-09 18:50:00+00:00,111.58399963378906,111.72000122070312,111.58000183105467,111.70500183105467,68091
2025-09-09 18:55:00+00:00,111.625,111.66999816894533,111.5553970336914,111.58000183105467,73332
2025-09-09 19:00:00+00:00,111.61009979248048,111.6500015258789,111.51000213623048,111.625,96259
2025-09-09 19:05:00+00:00,111.65350341796876,111.6760025024414,111.5999984741211,111.61499786376952,81681
2025-09-09 19:10:00+00:00,111.55500030517578,111.6500015258789,111.5500030517578,111.6500015258789,83647
2025-09-09 19:15:00+00:00,111.5,111.6050033569336,111.48500061035156,111.55999755859376,112644
2025-09-09 19:20:00+00:00,111.5,111.5749969482422,111.47000122070312,111.51000213623048,98532
2025-09-09 19:25:00+00:00,111.53009796142578,111.5500030517578,111.43000030517578,111.50900268554688,137510
2025-09-09 19:30:00+00:00,111.36000061035156,111.568603515625,111.34500122070312,111.52999877929688,165082
2025-09-09 19:35:00+00:00,111.1750030517578,111.36499786376952,111.1449966430664,111.36000061035156,174990
2025-09-09 19:40:00+00:00,111.08499908447266,111.1750030517578,111.06500244140624,111.16999816894533,233715
2025-09-09 19:45:00+00:00,110.86000061035156,111.08000183105467,110.80500030517578,111.08000183105467,233055
2025-09-09 19:50:00+00:00,110.79000091552734,110.875,110.6449966430664,110.87000274658205,1067368
2025-09-09 19:55:00+00:00,110.66999816894533,110.8949966430664,110.52999877929688,110.79000091552734,942701
2025-09-10 13:30:00+00:00,111.3499984741211,111.8000030517578,110.83999633789062,111.16000366210938,840540
2025-09-10 13:35:00+00:00,111.30999755859376,111.61000061035156,111.2699966430664,111.33000183105467,211051
2025-09-10 13:40:00+00:00,111.91000366210938,111.91999816894533,111.31999969482422,111.31999969482422,229638
2025-09-10 13:45:00+00:00,112.33499908447266,112.43080139160156,111.93000030517578,111.93000030517578,222724
2025-09-10 13:50:00+00:00,112.2699966430664,112.4000015258789,112.09500122070312,112.33999633789062,197377
2025-09-10 13:55:00+00:00,112.23999786376952,112.36499786376952,112.16999816894533,112.27999877929688,154840
2025-09-10 14:00:00+00:00,112.00499725341795,112.41999816894533,111.95999908447266,112.29080200195312,157797
2025-09-10 14:05:00+00:00,112.1500015258789,112.22010040283205,111.95999908447266,112.01000213623048,112523
2025-09-10 14:10:00+00:00,112.04000091552734,112.13500213623048,111.91000366210938,112.13500213623048,119905
2025-09-10 14:15:00+00:00,111.98999786376952,112.12999725341795,111.9000015258789,112.0500030517578,98608
2025-09-10 14:20:00+00:00,112.0,112.0500030517578,111.91999816894533,111.98999786376952,98887
2025-09-10 14:25:00+00:00,111.77890014648438,112.01000213623048,111.7602996826172,111.99500274658205,94846
2025-09-10 14:30:00+00:00,111.38999938964844,111.76499938964844,111.3550033569336,111.75,225574
2025-09-10 14:35:00+00:00,111.31500244140624,111.5,111.27999877929688,111.4000015258789,176263
2025-09-10 14:40:00+00:00,111.28500366210938,111.41999816894533,111.22000122070312,111.31999969482422,127046
2025-09-10 14:45:00+00:00,111.16999816894533,111.31500244140624,111.0999984741211,111.29000091552734,118863
2025-09-10 14:50:00+00:00,111.2699966430664,111.44000244140624,111.12999725341795,111.15499877929688,116890
2025-09-10 14:55:00+00:00,111.2300033569336,111.33999633789062,111.2300033569336,111.27999877929688,76620
2025-09-10 15:00:00+00:00,111.2249984741211,111.38999938964844,111.20500183105467,111.2300033569336,103298
2025-09-10 15:05:00+00:00,111.43000030517578,111.5199966430664,111.08000183105467,111.2300033569336,261481
2025-09-10 15:10:00+00:00,111.29499816894533,111.54000091552734,111.19499969482422,111.41999816894533,210068
2025-09-10 15:15:00+00:00,111.3499984741211,111.41000366210938,111.20500183105467,111.29499816894533,138324
2025-09-10 15:20:00+00:00,111.44000244140624,111.54000091552734,111.31500244140624,111.34500122070312,179339
2025-09-10 15:25:00+00:00,111.41999816894533,111.46499633789062,111.37999725341795,111.43000030517578,62603
2025-09-10 15:30:00+00:00,111.5500030517578,111.5500030517578,111.3499984741211,111.43000030517578,91448
2025-09-10 15:35:00+00:00,111.69000244140624,111.72000122070312,111.5199966430664,111.5500030517578,73314
2025-09-10 15:40:00+00:00,111.61000061035156,111.75499725341795,111.56500244140624,111.69000244140624,104117
2025-09-10 15:45:00+00:00,111.77999877929688,111.77999877929688,111.61000061035156,111.61000061035156,62231
2025-09-10 15:50:00+00:00,111.80999755859376,111.88999938964844,111.77999877929688,111.78399658203124,75139
2025-09-10 15:55:00+00:00,111.8499984741211,111.87640380859376,111.80680084228516,111.80999755859376,62859
2025-09-10 16:00:00+00:00,111.99500274658205,112.02159881591795,111.8499984741211,111.8499984741211,60803
2025-09-10 16:05:00+00:00,112.06999969482422,112.0999984741211,111.91999816894533,111.98999786376952,92435
2025-09-10 16:10:00+00:00,112.03500366210938,112.13999938964844,112.0199966430664,112.0749969482422,75646
2025-09-10 16:15:00+00:00,111.98500061035156,112.04000091552734,111.93000030517578,112.04000091552734,67088
2025-09-10 16:20:00+00:00,111.95999908447266,112.0500030517578,111.91999816894533,111.98500061035156,71726
2025-09-10 16:25:00+00:00,111.83000183105467,111.98999786376952,111.81999969482422,111.95999908447266,78152
2025-09-10 16:30:00+00:00,111.73999786376952,111.86080169677734,111.73999786376952,111.8249969482422,71808
2025-09-10 16:35:00+00:00,111.91999816894533,111.9749984741211,111.73500061035156,111.73999786376952,82048
2025-09-10 16:40:00+00:00,111.88999938964844,111.95999908447266,111.87999725341795,111.93000030517578,55994
2025-09-10 16:45:00+00:00,112.01499938964844,112.0250015258789,111.81999969482422,111.88999938964844,74049
2025-09-10 16:50:00+00:00,111.94499969482422,112.0250015258789,111.94499969482422,112.00499725341795,57711
2025-09-10 16:55:00+00:00,112.00499725341795,112.01789855957033,111.94020080566406,111.9499969482422,61943
2025-09-10 17:00:00+00:00,112.08499908447266,112.0999984741211,111.9000015258789,112.0,81092
2025-09-10 17:05:00+00:00,112.0749969482422,112.11000061035156,112.01499938964844,112.08000183105467,59578
2025-09-10 17:10:00+00:00,112.0250015258789,112.08499908447266,112.0250015258789,112.08000183105467,49423
2025-09-10 17:15:00+00:00,112.09500122070312,112.09500122070312,112.01000213623048,112.0250015258789,55911
2025-09-10 17:20:00+00:00,112.125,112.16000366210938,112.09500122070312,112.09500122070312,54636
2025-09-10 17:25:00+00:00,112.0500030517578,112.13999938964844,112.0199966430664,112.12999725341795,75555
2025-09-10 17:30:00+00:00,112.08999633789062,112.12000274658205,111.9800033569336,112.0500030517578,47904
2025-09-10 17:35:00+00:00,112.15989685058594,112.16000366210938,112.0749969482422,112.08999633789062,51481
2025-09-10 17:40:00+00:00,112.0500030517578,112.16999816894533,111.98999786376952,112.16999816894533,55064
2025-09-10 17:45:00+00:00,112.04000091552734,112.08999633789062,112.00550079345705,112.04499816894533,75910
2025-09-10 17:50:00+00:00,112.11000061035156,112.1999969482422,112.04000091552734,112.0500030517578,60013
2025-09-10 17:55:00+00:00,112.25,112.29000091552734,112.11000061035156,112.11499786376952,105049
2025-09-10 18:00:00+00:00,112.2699966430664,112.33999633789062,112.2300033569336,112.25,162441
2025-09-10 18:05:00+00:00,112.3000030517578,112.30500030517578,112.15499877929688,112.26000213623048,97883
2025-09-10 18:10:00+00:00,112.33000183105467,112.33499908447266,112.26000213623048,112.30500030517578,84419
2025-09-10 18:15:00+00:00,112.2834014892578,112.33499908447266,112.2500991821289,112.3249969482422,77632
2025-09-10 18:20:00+00:00,112.28500366210938,112.33999633789062,112.22000122070312,112.29000091552734,72304
2025-09-10 18:25:00+00:00,112.28099822998048,112.33999633789062,112.2699966430664,112.28500366210938,71332
2025-09-10 18:30:00+00:00,112.35469818115234,112.36499786376952,112.2698974609375,112.27999877929688,102443
2025-09-10 18:35:00+00:00,112.34500122070312,112.45500183105467,112.34500122070312,112.36000061035156,97281
2025-09-10 18:40:00+00:00,112.33989715576172,112.41999816894533,112.27999877929688,112.3499984741211,76693
2025-09-10 18:45:00+00:00,112.29000091552734,112.33999633789062,112.21199798583984,112.33499908447266,74412
2025-09-10 18:50:00+00:00,112.30999755859376,112.36540222167967,112.3000030517578,112.3000030517578,93242
2025-09-10 18:55:00+00:00,112.36499786376952,112.40540313720705,112.30999755859376,112.30999755859376,101966
2025-09-10 19:00:00+00:00,112.38500213623048,112.4250030517578,112.3550033569336,112.36499786376952,141422
2025-09-10 19:05:00+00:00,112.34500122070312,112.41999816894533,112.3249969482422,112.38500213623048,105450
2025-09-10 19:10:00+00:00,112.41999816894533,112.47000122070312,112.31500244140624,112.3499984741211,459135
2025-09-10 19:15:00+00:00,112.375,112.5,112.31999969482422,112.40499877929688,143488
2025-09-10 19:20:00+00:00,112.4250030517578,112.43499755859376,112.33999633789062,112.375,120802
2025-09-10 19:25:00+00:00,112.34500122070312,112.43000030517578,112.33499908447266,112.4250030517578,109543
2025-09-10 19:30:00+00:00,112.4499969482422,112.46499633789062,112.3499984741211,112.36499786376952,105516
2025-09-10 19:35:00+00:00,112.38500213623048,112.4800033569336,112.38500213623048,112.44000244140624,166517
2025-09-10 19:40:00+00:00,112.47000122070312,112.4749984741211,112.36499786376952,112.37999725341795,144531
2025-09-10 19:45:00+00:00,112.1999969482422,112.47000122070312,112.16500091552734,112.47000122070312,244694
2025-09-10 19:50:00+00:00,112.375,112.37999725341795,112.05999755859376,112.20999908447266,1109283
2025-09-10 19:55:00+00:00,112.5250015258789,112.55999755859376,112.26499938964844,112.37999725341795,965190
2025-09-11 13:30:00+00:00,111.8499984741211,111.87000274658205,110.87000274658205,111.4000015258789,436200
2025-09-11 13:35:00+00:00,112.31999969482422,112.3949966430664,111.83999633789062,111.8499984741211,186896
2025-09-11 13:40:00+00:00,112.33999633789062,112.41000366210938,112.12000274658205,112.34230041503906,207914
2025-09-11 13:45:00+00:00,112.31999969482422,112.47000122070312,112.25,112.3499984741211,168435
2025-09-11 13:50:00+00:00,112.5770034790039,112.61000061035156,112.29499816894533,112.31999969482422,153824
2025-09-11 13:55:00+00:00,112.43000030517578,112.68499755859376,112.40499877929688,112.58000183105467,140554
2025-09-11 14:00:00+00:00,112.4499969482422,112.55999755859376,112.37000274658205,112.41999816894533,156397
2025-09-11 14:05:00+00:00,112.43280029296876,112.51499938964844,112.4000015258789,112.45999908447266,85619
2025-09-11 14:10:00+00:00,112.62000274658205,112.65499877929688,112.43000030517578,112.44000244140624,151203
2025-09-11 14:15:00+00:00,112.69499969482422,112.69499969482422,112.51010131835938,112.62840270996094,106529
2025-09-11 14:20:00+00:00,112.6750030517578,112.72000122070312,112.56999969482422,112.68499755859376,115606
2025-09-11 14:25:00+00:00,112.69000244140624,112.76499938964844,112.6500015258789,112.69000244140624,129113
2025-09-11 14:30:00+00:00,112.58000183105467,112.7249984741211,112.52999877929688,112.70999908447266,85397
2025-09-11 14:35:00+00:00,112.41999816894533,112.58999633789062,112.41999816894533,112.58999633789062,85702
2025-09-11 14:40:00+00:00,112.37000274658205,112.44499969482422,112.2948989868164,112.41809844970705,82629
2025-09-11 14:45:00+00:00,112.18499755859376,112.43000030517578,112.18099975585938,112.37999725341795,95302
2025-09-11 14:50:00+00:00,112.26000213623048,112.30500030517578,112.13999938964844,112.18000030517578,83425
2025-09-11 14:55:00+00:00,112.0999984741211,112.2699966430664,112.0999984741211,112.25499725341795,163150
2025-09-11 15:00:00+00:00,112.16000366210938,112.16500091552734,112.0500030517578,112.0999984741211,142704
2025-09-11 15:05:00+00:00,111.875,112.16000366210938,111.86000061035156,112.16000366210938,115200
2025-09-11 15:10:00+00:00,112.12590026855467,112.13500213623048,111.87999725341795,111.87999725341795,70026
2025-09-11 15:15:00+00:00,112.3499984741211,112.36499786376952,112.06999969482422,112.125,102334
2025-09-11 15:20:00+00:00,112.3550033569336,112.37999725341795,112.27850341796876,112.36000061035156,88133
2025-09-11 15:25:00+00:00,112.2750015258789,112.37000274658205,112.26000213623048,112.36000061035156,133311
2025-09-11 15:30:00+00:00,112.4250030517578,112.43000030517578,112.2699966430664,112.27999877929688,94185
2025-09-11 15:35:00+00:00,112.36000061035156,112.4800033569336,112.31999969482422,112.43000030517578,68140
2025-09-11 15:40:00+00:00,112.38999938964844,112.3949966430664,112.2750015258789,112.36000061035156,93920
2025-09-11 15:45:00+00:00,112.4000015258789,112.4800033569336,112.37999725341795,112.38999938964844,47438
2025-09-11 15:50:00+00:00,112.44000244140624,112.44499969482422,112.36499786376952,112.4000015258789,40613
2025-09-11 15:55:00+00:00,112.4749984741211,112.48509979248048,112.40499877929688,112.43000030517578,46260
2025-09-11 16:00:00+00:00,112.44000244140624,112.48500061035156,112.38500213623048,112.4800033569336,46838
2025-09-11 16:05:00+00:00,112.31999969482422,112.44499969482422,112.3000030517578,112.43000030517578,46554
2025-09-11 16:10:00+00:00,112.33000183105467,112.3499984741211,112.27890014648438,112.33499908447266,36065
2025-09-11 16:15:00+00:00,112.28500366210938,112.38500213623048,112.28500366210938,112.3270034790039,55667
2025-09-11 16:20:00+00:00,112.30999755859376,112.33499908447266,112.2750015258789,112.28500366210938,46199
2025-09-11 16:25:00+00:00,112.27999877929688,112.31999969482422,112.24500274658205,112.30999755859376,35283
2025-09-11 16:30:00+00:00,112.26000213623048,112.29499816894533,112.16999816894533,112.28500366210938,63968
2025-09-11 16:35:00+00:00,112.41500091552734,112.41999816894533,112.23999786376952,112.26000213623048,53614
2025-09-11 16:40:00+00:00,112.38999938964844,112.43000030517578,112.38999938964844,112.41999816894533,44465
2025-09-11 16:45:00+00:00,112.32420349121094,112.40499877929688,112.26000213623048,112.38500213623048,43925
2025-09-11 16:50:00+00:00,112.36499786376952,112.375,112.32009887695312,112.32009887695312,35508
2025-09-11 16:55:00+00:00,112.41999816894533,112.44000244140624,112.3134994506836,112.36499786376952,41157
2025-09-11 17:00:00+00:00,112.43000030517578,112.44499969482422,112.36000061035156,112.41500091552734,56483
2025-09-11 17:05:00+00:00,112.37000274658205,112.4499969482422,112.29000091552734,112.43000030517578,50847
2025-09-11 17:10:00+00:00,112.45500183105467,112.47000122070312,112.38999938964844,112.38999938964844,50368
2025-09-11 17:15:00+00:00,112.37000274658205,112.45500183105467,112.3499984741211,112.45500183105467,37527
2025-09-11 17:20:00+00:00,112.3249969482422,112.42990112304688,112.3249969482422,112.375,43048
2025-09-11 17:25:00+00:00,112.41999816894533,112.41999816894533,112.33000183105467,112.33000183105467,55171
2025-09-11 17:30:00+00:00,112.5,112.5,112.40499877929688,112.41999816894533,45894
2025-09-11 17:35:00+00:00,112.49500274658205,112.56999969482422,112.48500061035156,112.49590301513672,57847
2025-09-11 17:40:00+00:00,112.51499938964844,112.5500030517578,112.49500274658205,112.49500274658205,61638
2025-09-11 17:45:00+00:00,112.625,112.63999938964844,112.48999786376952,112.51260375976562,111768
2025-09-11 17:50:00+00:00,112.55500030517578,112.66000366210938,112.54499816894533,112.62000274658205,44989
2025-09-11 17:55:00+00:00,112.54419708251952,112.55999755859376,112.5,112.55500030517578,68519
2025-09-11 18:00:00+00:00,112.5999984741211,112.62999725341795,112.52999877929688,112.54000091552734,60373
2025-09-11 18:05:00+00:00,112.61499786376952,112.6750030517578,112.55999755859376,112.61000061035156,72283
2025-09-11 18:10:00+00:00,112.58000183105467,112.61499786376952,112.53500366210938,112.61499786376952,62139
2025-09-11 18:15:00+00:00,112.5208740234375,112.61499786376952,112.5,112.58499908447266,64979
2025-09-11 18:20:00+00:00,112.6750030517578,112.68000030517578,112.51580047607422,112.52999877929688,56554
2025-09-11 18:25:00+00:00,112.59500122070312,112.72000122070312,112.59500122070312,112.68000030517578,86830
2025-09-11 18:30:00+00:00,112.58000183105467,112.6500015258789,112.54000091552734,112.58999633789062,60207
2025-09-11 18:35:00+00:00,112.59500122070312,112.6750030517578,112.55999755859376,112.58999633789062,82794
2025-09-11 18:40:00+00:00,112.61000061035156,112.62989807128906,112.55999755859376,112.59500122070312,59427
2025-09-11 18:45:00+00:00,112.58499908447266,112.625,112.50499725341795,112.62000274658205,74907
2025-09-11 18:50:00+00:00,112.61000061035156,112.62999725341795,112.56500244140624,112.57990264892578,59742
2025-09-11 18:55:00+00:00,112.6050033569336,112.62999725341795,112.56999969482422,112.61000061035156,55521
2025-09-11 19:00:00+00:00,112.63500213623048,112.65579986572266,112.55500030517578,112.61000061035156,63853
2025-09-11 19:05:00+00:00,112.5199966430664,112.6500015258789,112.48030090332033,112.62999725341795,60979
2025-09-11 19:10:00+00:00,112.61000061035156,112.61000061035156,112.50382232666016,112.5199966430664,63508
2025-09-11 19:15:00+00:00,112.6050033569336,112.66000366210938,112.58000183105467,112.6050033569336,69543
2025-09-11 19:20:00+00:00,112.55500030517578,112.64250183105467,112.53500366210938,112.6050033569336,63955
2025-09-11 19:25:00+00:00,112.28500366210938,112.5500030517578,112.1999969482422,112.5500030517578,188988
2025-09-11 19:30:00+00:00,112.37999725341795,112.44000244140624,112.2699966430664,112.29000091552734,220023
2025-09-11 19:35:00+00:00,112.4250030517578,112.5,112.3550033569336,112.38500213623048,141941
2025-09-11 19:40:00+00:00,112.47000122070312,112.5250015258789,112.41000366210938,112.43000030517578,129573
2025-09-11 19:45:00+00:00,112.27999877929688,112.46499633789062,112.2699966430664,112.46499633789062,236190
2025-09-11 19:50:00+00:00,112.25,112.40499877929688,112.1500015258789,112.27999877929688,1097403
2025-09-11 19:55:00+00:00,112.13999938964844,112.33000183105467,112.12999725341795,112.25,761417
2025-09-12 13:30:00+00:00,112.88999938964844,113.22000122070312,112.52999877929688,112.86000061035156,329081
2025-09-12 13:35:00+00:00,113.0,113.12000274658205,112.87999725341795,112.88999938964844,149479
2025-09-12 13:40:00+00:00,112.45999908447266,113.0500030517578,112.43000030517578,113.01000213623048,160958
2025-09-12 13:45:00+00:00,112.58999633789062,112.62359619140624,112.31999969482422,112.45999908447266,215153
2025-09-12 13:50:00+00:00,112.5625,112.7699966430664,112.55999755859376,112.58999633789062,189504
2025-09-12 13:55:00+00:00,112.38999938964844,112.58000183105467,112.20999908447266,112.56999969482422,131025
2025-09-12 14:00:00+00:00,112.4000015258789,112.4229965209961,112.2300033569336,112.36000061035156,135196
2025-09-12 14:05:00+00:00,112.48999786376952,112.5749969482422,112.29000091552734,112.4000015258789,146995
2025-09-12 14:10:00+00:00,112.44000244140624,112.5,112.37000274658205,112.48999786376952,87142
2025-09-12 14:15:00+00:00,112.40499877929688,112.52159881591795,112.36000061035156,112.4499969482422,91843
2025-09-12 14:20:00+00:00,112.43499755859376,112.44000244140624,112.36000061035156,112.4000015258789,62516
2025-09-12 14:25:00+00:00,112.2300033569336,112.45500183105467,112.18000030517578,112.44000244140624,102977
2025-09-12 14:30:00+00:00,112.125,112.2300033569336,112.08000183105467,112.2300033569336,96537
2025-09-12 14:35:00+00:00,112.12000274658205,112.12000274658205,112.02999877929688,112.12000274658205,93404
2025-09-12 14:40:00+00:00,112.11000061035156,112.12999725341795,112.01000213623048,112.12000274658205,97409
2025-09-12 14:45:00+00:00,111.97440338134766,112.0999984741211,111.91999816894533,112.0999984741211,81001
2025-09-12 14:50:00+00:00,111.94499969482422,112.0199966430664,111.9250030517578,111.97000122070312,78115
2025-09-12 14:55:00+00:00,112.12000274658205,112.12999725341795,111.9499969482422,111.9499969482422,96533
2025-09-12 15:00:00+00:00,112.31999969482422,112.34980010986328,112.11000061035156,112.12000274658205,72314
2025-09-12 15:05:00+00:00,112.25499725341795,112.3550033569336,112.2300033569336,112.31279754638672,63573
2025-09-12 15:10:00+00:00,112.30999755859376,112.3249969482422,112.23500061035156,112.25,61684
2025-09-12 15:15:00+00:00,112.4499969482422,112.4499969482422,112.26499938964844,112.3000030517578,61380
2025-09-12 15:20:00+00:00,112.44000244140624,112.52999877929688,112.4250030517578,112.45999908447266,56057
2025-09-12 15:25:00+00:00,112.36499786376952,112.4499969482422,112.29000091552734,112.44000244140624,98395
2025-09-12 15:30:00+00:00,112.37000274658205,112.37000274658205,112.30500030517578,112.35559844970705,77982
2025-09-12 15:35:00+00:00,112.28839874267578,112.4250030517578,112.2699966430664,112.38999938964844,64367
2025-09-12 15:40:00+00:00,112.25,112.30999755859376,112.20500183105467,112.3000030517578,61553
2025-09-12 15:45:00+00:00,112.23500061035156,112.2750015258789,112.17009735107422,112.25,68548
2025-09-12 15:50:00+00:00,112.3147964477539,112.33999633789062,112.22419738769533,112.22979736328124,66853
2025-09-12 15:55:00+00:00,112.3949966430664,112.41000366210938,112.3000030517578,112.30999755859376,67634
2025-09-12 16:00:00+00:00,112.3949966430664,112.4250030517578,112.30999755859376,112.41000366210938,54215
2025-09-12 16:05:00+00:00,112.39990234375,112.4000015258789,112.33999633789062,112.3949966430664,58247
2025-09-12 16:10:00+00:00,112.3000030517578,112.4000015258789,112.25499725341795,112.39679718017578,61615
2025-09-12 16:15:00+00:00,112.27999877929688,112.31500244140624,112.26000213623048,112.3000030517578,44953
2025-09-12 16:20:00+00:00,112.25,112.2750015258789,112.1750030517578,112.2750015258789,58107
2025-09-12 16:25:00+00:00,112.23999786376952,112.28500366210938,112.18000030517578,112.25499725341795,48409
2025-09-12 16:30:00+00:00,112.01499938964844,112.25969696044922,112.01499938964844,112.25499725341795,66515
2025-09-12 16:35:00+00:00,112.0199966430664,112.05500030517578,111.98999786376952,112.01000213623048,69853
2025-09-12 16:40:00+00:00,112.01499938964844,112.05989837646484,111.97000122070312,112.0199966430664,43302
2025-09-12 16:45:00+00:00,112.0999984741211,112.1050033569336,112.00499725341795,112.01499938964844,72302
2025-09-12 16:50:00+00:00,112.00499725341795,112.09500122070312,111.9749984741211,112.09500122070312,63249
2025-09-12 16:55:00+00:00,111.9800033569336,112.0459976196289,111.95999908447266,112.00499725341795,60141
2025-09-12 17:00:00+00:00,111.9800033569336,112.04000091552734,111.9499969482422,111.95999908447266,82746
2025-09-12 17:05:00+00:00,111.99500274658205,112.06990051269533,111.97000122070312,111.98500061035156,90394
2025-09-12 17:10:00+00:00,112.1050033569336,112.11000061035156,111.98500061035156,111.98999786376952,60298
2025-09-12 17:15:00+00:00,112.02999877929688,112.1050033569336,112.01000213623048,112.1050033569336,105211
2025-09-12 17:20:00+00:00,111.9499969482422,112.04000091552734,111.91000366210938,112.02999877929688,71710
2025-09-12 17:25:00+00:00,111.9000015258789,111.9749984741211,111.875,111.95500183105467,56848
2025-09-12 17:30:00+00:00,111.9800033569336,112.0,111.90499877929688,111.90499877929688,46795
2025-09-12 17:35:00+00:00,112.05999755859376,112.1449966430664,111.9800033569336,111.98760223388672,108641
2025-09-12 17:40:00+00:00,111.96499633789062,112.12999725341795,111.96499633789062,112.06999969482422,45588
2025-09-12 17:45:00+00:00,112.08499908447266,112.0999984741211,111.95999908447266,111.97000122070312,106778
2025-09-12 17:50:00+00:00,112.0199966430664,112.1050033569336,112.0,112.08000183105467,54202
2025-09-12 17:55:00+00:00,111.99500274658205,112.06999969482422,111.99500274658205,112.0250015258789,67610
2025-09-12 18:00:00+00:00,112.01000213623048,112.01180267333984,111.93499755859376,111.99009704589844,78115
2025-09-12 18:05:00+00:00,111.98999786376952,112.05500030517578,111.96499633789062,112.00499725341795,89997
2025-09-12 18:10:00+00:00,111.9499969482422,112.04499816894533,111.94000244140624,112.0,79437
2025-09-12 18:15:00+00:00,112.04000091552734,112.0457992553711,111.92019653320312,111.9499969482422,78982
2025-09-12 18:20:00+00:00,112.04000091552734,112.08999633789062,111.9250030517578,112.04000091552734,101306
2025-09-12 18:25:00+00:00,112.04010009765624,112.06999969482422,112.00499725341795,112.04499816894533,64590
2025-09-12 18:30:00+00:00,112.06500244140624,112.06500244140624,111.98500061035156,112.04499816894533,68602
2025-09-12 18:35:00+00:00,112.04000091552734,112.05999755859376,112.02999877929688,112.05500030517578,51680
2025-09-12 18:40:00+00:00,112.0500030517578,112.11499786376952,112.03500366210938,112.03500366210938,44026
2025-09-12 18:45:00+00:00,112.16999816894533,112.18000030517578,112.05999755859376,112.05999755859376,58056
2025-09-12 18:50:00+00:00,112.08000183105467,112.20500183105467,112.08000183105467,112.1500015258789,65018
2025-09-12 18:55:00+00:00,111.99500274658205,112.08499908447266,111.9499969482422,112.08499908447266,77124
2025-09-12 19:00:00+00:00,112.0999984741211,112.0999984741211,111.94499969482422,111.99500274658205,64354
2025-09-12 19:05:00+00:00,112.01950073242188,112.11499786376952,112.01000213623048,112.0999984741211,54018
2025-09-12 19:10:00+00:00,112.17990112304688,112.21499633789062,112.0199966430664,112.02999877929688,90766
2025-09-12 19:15:00+00:00,112.18000030517578,112.19499969482422,112.11499786376952,112.18000030517578,109388
2025-09-12 19:20:00+00:00,112.23999786376952,112.25,112.1750030517578,112.18499755859376,73684
2025-09-12 19:25:00+00:00,112.19000244140624,112.23500061035156,112.1500015258789,112.2300033569336,106018
2025-09-12 19:30:00+00:00,112.19499969482422,112.22000122070312,112.15499877929688,112.19000244140624,152020
2025-09-12 19:35:00+00:00,112.19499969482422,112.23500061035156,112.13999938964844,112.1999969482422,108371
2025-09-12 19:40:00+00:00,112.33999633789062,112.33999633789062,112.13999938964844,112.19499969482422,130524
2025-09-12 19:45:00+00:00,112.2699966430664,112.40499877929688,112.25,112.3499984741211,146942
2025-09-12 19:50:00+00:00,112.33999633789062,112.33999633789062,112.1750030517578,112.27999877929688,254987
2025-09-12 19:55:00+00:00,112.18499755859376,112.36000061035156,112.16500091552734,112.34500122070312,1146028
2025-09-15 13:30:00+00:00,111.83000183105467,112.20999908447266,111.5999984741211,112.18000030517578,406765
2025-09-15 13:35:00+00:00,111.72000122070312,111.81999969482422,111.62999725341795,111.69000244140624,128938
2025-09-15 13:40:00+00:00,111.5500030517578,111.8499984741211,111.46800231933594,111.74330139160156,164081
2025-09-15 13:45:00+00:00,111.70999908447266,111.76000213623048,111.31500244140624,111.54000091552734,186936
2025-09-15 13:50:00+00:00,111.56999969482422,111.74500274658205,111.4800033569336,111.70999908447266,163231
2025-09-15 13:55:00+00:00,111.77999877929688,111.83000183105467,111.5500030517578,111.57140350341795,104738
2025-09-15 14:00:00+00:00,111.66000366210938,111.79499816894533,111.63999938964844,111.7699966430664,229470
2025-09-15 14:05:00+00:00,111.86009979248048,111.88999938964844,111.66000366210938,111.66000366210938,106121
2025-09-15 14:10:00+00:00,112.12000274658205,112.13999938964844,111.83000183105467,111.86000061035156,123419
2025-09-15 14:15:00+00:00,112.16000366210938,112.25,112.11000061035156,112.11000061035156,118454
2025-09-15 14:20:00+00:00,112.18000030517578,112.20999908447266,112.12000274658205,112.16500091552734,140245
2025-09-15 14:25:00+00:00,112.0813980102539,112.22000122070312,112.06500244140624,112.1999969482422,150925
2025-09-15 14:30:00+00:00,112.12999725341795,112.3000030517578,112.08499908447266,112.08499908447266,234476
2025-09-15 14:35:00+00:00,111.99500274658205,112.1750030517578,111.8949966430664,112.13999938964844,135573
2025-09-15 14:40:00+00:00,112.18499755859376,112.1999969482422,111.98999786376952,111.99500274658205,131704
2025-09-15 14:45:00+00:00,112.22000122070312,112.27999877929688,112.18499755859376,112.19000244140624,114283
2025-09-15 14:50:00+00:00,112.18000030517578,112.23500061035156,112.12999725341795,112.20999908447266,130025
2025-09-15 14:55:00+00:00,112.33000183105467,112.33000183105467,112.1449966430664,112.18000030517578,165939
2025-09-15 15:00:00+00:00,112.1999969482422,112.38500213623048,112.1750030517578,112.3249969482422,135667
2025-09-15 15:05:00+00:00,112.33429718017578,112.34500122070312,112.19499969482422,112.20999908447266,80347
2025-09-15 15:10:00+00:00,112.375,112.45500183105467,112.29000091552734,112.33000183105467,115060
2025-09-15 15:15:00+00:00,112.3499984741211,112.4250030517578,112.32250213623048,112.375,111169
2025-09-15 15:20:00+00:00,112.23999786376952,112.3499984741211,112.22000122070312,112.33999633789062,97096
2025-09-15 15:25:00+00:00,112.16000366210938,112.29499816894533,112.16000366210938,112.23500061035156,85471
2025-09-15 15:30:00+00:00,112.11000061035156,112.19000244140624,112.02999877929688,112.16000366210938,99034
2025-09-15 15:35:00+00:00,112.29000091552734,112.29000091552734,112.0999984741211,112.11499786376952,94924
2025-09-15 15:40:00+00:00,112.34500122070312,112.37000274658205,112.2750015258789,112.29000091552734,72243
2025-09-15 15:45:00+00:00,112.12999725341795,112.3499984741211,112.11000061035156,112.3499984741211,71672
2025-09-15 15:50:00+00:00,111.98500061035156,112.13999938964844,111.66000366210938,112.13999938964844,148249
2025-09-15 15:55:00+00:00,112.01499938964844,112.04499816894533,111.9499969482422,112.0,77715
2025-09-15 16:00:00+00:00,112.03980255126952,112.13500213623048,111.98999786376952,112.01499938964844,69084
2025-09-15 16:05:00+00:00,112.04000091552734,112.05500030517578,111.86000061035156,112.04000091552734,100193
2025-09-15 16:10:00+00:00,112.0250015258789,112.06500244140624,112.0,112.04000091552734,58892
2025-09-15 16:15:00+00:00,112.16000366210938,112.16000366210938,112.02999877929688,112.02999877929688,72047
2025-09-15 16:20:00+00:00,112.2249984741211,112.23999786376952,112.125,112.1500015258789,61625
2025-09-15 16:25:00+00:00,112.28500366210938,112.37000274658205,112.2249984741211,112.2249984741211,72239
2025-09-15 16:30:00+00:00,112.34500122070312,112.36000061035156,112.28500366210938,112.28500366210938,72542
2025-09-15 16:35:00+00:00,112.34420013427734,112.37000274658205,112.29499816894533,112.3499984741211,50391
2025-09-15 16:40:00+00:00,112.2750015258789,112.38400268554688,112.26000213623048,112.33999633789062,60547
2025-09-15 16:45:00+00:00,112.3499984741211,112.36499786376952,112.25499725341795,112.2750015258789,58677
2025-09-15 16:50:00+00:00,112.29000091552734,112.36000061035156,112.29000091552734,112.36000061035156,75679
2025-09-15 16:55:00+00:00,112.13500213623048,112.29499816894533,112.13500213623048,112.28500366210938,171508
2025-09-15 17:00:00+00:00,112.19499969482422,112.2699966430664,112.12999725341795,112.12999725341795,149352
2025-09-15 17:05:00+00:00,112.18000030517578,112.21499633789062,112.1449966430664,112.19580078125,60793
2025-09-15 17:10:00+00:00,112.11499786376952,112.26499938964844,112.11499786376952,112.18499755859376,77514
2025-09-15 17:15:00+00:00,112.08679962158205,112.13999938964844,112.07450103759766,112.11499786376952,136636
2025-09-15 17:20:00+00:00,112.25,112.26499938964844,112.0,112.08000183105467,123667
2025-09-15 17:25:00+00:00,112.12999725341795,112.25,112.11000061035156,112.24500274658205,88423
2025-09-15 17:30:00+00:00,112.23999786376952,112.23999786376952,112.08000183105467,112.12999725341795,127732
2025-09-15 17:35:00+00:00,112.20500183105467,112.3000030517578,112.15499877929688,112.23999786376952,160387
2025-09-15 17:40:00+00:00,112.15499877929688,112.22650146484376,112.13500213623048,112.20010375976562,55645
2025-09-15 17:45:00+00:00,112.12000274658205,112.15499877929688,112.1050033569336,112.15499877929688,84569
2025-09-15 17:50:00+00:00,112.12000274658205,112.13500213623048,112.0718002319336,112.12000274658205,48409
2025-09-15 17:55:00+00:00,112.08000183105467,112.13999938964844,112.0250015258789,112.12750244140624,86015
2025-09-15 18:00:00+00:00,112.12000274658205,112.18499755859376,112.04000091552734,112.0749969482422,78353
2025-09-15 18:05:00+00:00,112.0,112.16500091552734,111.97000122070312,112.12999725341795,95059
2025-09-15 18:10:00+00:00,112.01000213623048,112.01499938964844,111.93499755859376,111.99500274658205,67130
2025-09-15 18:15:00+00:00,112.09500122070312,112.0999984741211,111.97010040283205,112.00499725341795,114394
2025-09-15 18:20:00+00:00,112.18499755859376,112.18499755859376,112.05999755859376,112.11000061035156,111443
2025-09-15 18:25:00+00:00,112.16419982910156,112.22989654541016,112.13359832763672,112.18499755859376,75030
2025-09-15 18:30:00+00:00,112.04840087890624,112.1750030517578,112.0199966430664,112.16500091552734,61519
2025-09-15 18:35:00+00:00,112.0199966430664,112.05999755859376,111.96499633789062,112.0500030517578,71799
2025-09-15 18:40:00+00:00,111.9499969482422,112.02999877929688,111.93499755859376,112.0199966430664,83888
2025-09-15 18:45:00+00:00,111.95999908447266,112.0199966430664,111.88500213623048,111.94000244140624,99593
2025-09-15 18:50:00+00:00,112.05500030517578,112.1500015258789,111.95999908447266,111.95999908447266,87178
2025-09-15 18:55:00+00:00,111.9749984741211,112.05999755859376,111.9749984741211,112.05500030517578,71756
2025-09-15 19:00:00+00:00,111.94000244140624,112.0500030517578,111.94000244140624,111.97000122070312,70386
2025-09-15 19:05:00+00:00,111.95500183105467,111.98500061035156,111.93000030517578,111.9457015991211,68437
2025-09-15 19:10:00+00:00,111.9800033569336,112.03500366210938,111.91500091552734,111.9529037475586,71014
2025-09-15 19:15:00+00:00,112.0500030517578,112.06500244140624,111.93000030517578,111.98500061035156,87593
2025-09-15 19:20:00+00:00,112.0,112.1050033569336,111.97000122070312,112.05500030517578,82543
2025-09-15 19:25:00+00:00,112.04499816894533,112.0999984741211,112.0,112.0,110276
2025-09-15 19:30:00+00:00,112.04499816894533,112.05500030517578,111.95999908447266,112.04499816894533,118698
2025-09-15 19:35:00+00:00,112.00499725341795,112.0749969482422,111.95500183105467,112.0500030517578,89519
2025-09-15 19:40:00+00:00,112.0250015258789,112.08000183105467,111.95999908447266,112.01000213623048,115803
2025-09-15 19:45:00+00:00,112.12999725341795,112.16000366210938,112.0250015258789,112.0250015258789,167978
2025-09-15 19:50:00+00:00,112.20500183105467,112.20500183105467,112.05500030517578,112.12000274658205,1028723
2025-09-15 19:55:00+00:00,112.38500213623048,112.41000366210938,112.1750030517578,112.1999969482422,953519
2025-09-16 13:30:00+00:00,113.80999755859376,114.0500030517578,112.7750015258789,112.95500183105467,709098
2025-09-16 13:35:00+00:00,113.44940185546876,113.8000030517578,113.2300033569336,113.8000030517578,151306
2025-09-16 13:40:00+00:00,113.02999877929688,113.47000122070312,112.87000274658205,113.47000122070312,164971
2025-09-16 13:45:00+00:00,112.91999816894533,113.16000366210938,112.81999969482422,113.0,205914
2025-09-16 13:50:00+00:00,112.93000030517578,113.0500030517578,112.83000183105467,112.91999816894533,192055
2025-09-16 13:55:00+00:00,112.9000015258789,112.94000244140624,112.81999969482422,112.93000030517578,132884
2025-09-16 14:00:00+00:00,113.12000274658205,113.1999969482422,112.91000366210938,112.91000366210938,207682
2025-09-16 14:05:00+00:00,113.0199966430664,113.1999969482422,112.93000030517578,113.12999725341795,146527
2025-09-16 14:10:00+00:00,113.21499633789062,113.28880310058594,113.01499938964844,113.02999877929688,217994
2025-09-16 14:15:00+00:00,113.69000244140624,113.70999908447266,113.16999816894533,113.20999908447266,213407
2025-09-16 14:20:00+00:00,113.73999786376952,113.79000091552734,113.65899658203124,113.69499969482422,129968
2025-09-16 14:25:00+00:00,113.81999969482422,113.83499908447266,113.63500213623048,113.7300033569336,168766
2025-09-16 14:30:00+00:00,113.77999877929688,113.8550033569336,113.73999786376952,113.80999755859376,101049
2025-09-16 14:35:00+00:00,113.96499633789062,114.02999877929688,113.72000122070312,113.77999877929688,116607
2025-09-16 14:40:00+00:00,113.8249969482422,114.0,113.79000091552734,113.97000122070312,114752
2025-09-16 14:45:00+00:00,113.93000030517578,113.9499969482422,113.81500244140624,113.83000183105467,102621
2025-09-16 14:50:00+00:00,113.94499969482422,114.0,113.8499984741211,113.94000244140624,81595
2025-09-16 14:55:00+00:00,113.93000030517578,113.98999786376952,113.87999725341795,113.94000244140624,88210
2025-09-16 15:00:00+00:00,114.12999725341795,114.12999725341795,113.875,113.93000030517578,135261
2025-09-16 15:05:00+00:00,114.24500274658205,114.2750015258789,114.06199645996094,114.125,173014
2025-09-16 15:10:00+00:00,114.3000030517578,114.3249969482422,114.21499633789062,114.23999786376952,142328
2025-09-16 15:15:00+00:00,114.24500274658205,114.36000061035156,114.21499633789062,114.30999755859376,101984
2025-09-16 15:20:00+00:00,114.16000366210938,114.3000030517578,114.125,114.23999786376952,129651
2025-09-16 15:25:00+00:00,114.22579956054688,114.22579956054688,114.08999633789062,114.15499877929688,110908
2025-09-16 15:30:00+00:00,114.4499969482422,114.4499969482422,114.22000122070312,114.2249984741211,144613
2025-09-16 15:35:00+00:00,114.4800033569336,114.52999877929688,114.43000030517578,114.44010162353516,140314
2025-09-16 15:40:00+00:00,114.58000183105467,114.63999938964844,114.43499755859376,114.4499969482422,184669
2025-09-16 15:45:00+00:00,114.67379760742188,114.7300033569336,114.54000091552734,114.58499908447266,217749
2025-09-16 15:50:00+00:00,114.65570068359376,114.80970001220705,114.65489959716795,114.68000030517578,192777
2025-09-16 15:55:00+00:00,114.52100372314452,114.74500274658205,114.52100372314452,114.66000366210938,146779
2025-09-16 16:00:00+00:00,114.61000061035156,114.625,114.44000244140624,114.5250015258789,113404
2025-09-16 16:05:00+00:00,114.55500030517578,114.63500213623048,114.48500061035156,114.6050033569336,74974
2025-09-16 16:10:00+00:00,114.625,114.6500015258789,114.54000091552734,114.5500030517578,57013
2025-09-16 16:15:00+00:00,114.68499755859376,114.75499725341795,114.61499786376952,114.64800262451172,83106
2025-09-16 16:20:00+00:00,114.70999908447266,114.73999786376952,114.63500213623048,114.68000030517578,91547
2025-09-16 16:25:00+00:00,114.80500030517578,114.81999969482422,114.68000030517578,114.6999969482422,106573
2025-09-16 16:30:00+00:00,114.79000091552734,114.8209991455078,114.73999786376952,114.8000030517578,120312
2025-09-16 16:35:00+00:00,114.8000030517578,114.875,114.75499725341795,114.79000091552734,88514
2025-09-16 16:40:00+00:00,114.72450256347656,114.8499984741211,114.70999908447266,114.8000030517578,103102
2025-09-16 16:45:00+00:00,114.75,114.7699966430664,114.62999725341795,114.7249984741211,88014
2025-09-16 16:50:00+00:00,114.76000213623048,114.86000061035156,114.74500274658205,114.75499725341795,97827
2025-09-16 16:55:00+00:00,114.33999633789062,114.80999755859376,113.72000122070312,114.76000213623048,1109282
2025-09-16 17:00:00+00:00,114.61000061035156,114.66000366210938,114.2300033569336,114.33000183105467,161162
2025-09-16 17:05:00+00:00,114.6999969482422,114.7300033569336,114.51000213623048,114.62999725341795,75443
2025-09-16 17:10:00+00:00,114.77999877929688,114.77999877929688,114.66000366210938,114.69000244140624,54952
2025-09-16 17:15:00+00:00,114.9000015258789,114.93000030517578,114.7300033569336,114.7699966430664,297124
2025-09-16 17:20:00+00:00,114.98500061035156,114.98999786376952,114.875,114.9000015258789,84717
2025-09-16 17:25:00+00:00,115.12000274658205,115.12000274658205,114.93499755859376,114.9800033569336,255913
2025-09-16 17:30:00+00:00,115.1500015258789,115.20999908447266,115.07489776611328,115.125,134465
2025-09-16 17:35:00+00:00,115.19499969482422,115.25,115.08000183105467,115.1500015258789,154578
2025-09-16 17:40:00+00:00,115.11000061035156,115.21499633789062,115.08999633789062,115.19000244140624,116474
2025-09-16 17:45:00+00:00,115.05999755859376,115.13500213623048,115.0000991821289,115.08999633789062,93789
2025-09-16 17:50:00+00:00,115.12999725341795,115.13500213623048,114.99500274658205,115.06500244140624,93069
2025-09-16 17:55:00+00:00,115.13500213623048,115.15499877929688,115.09500122070312,115.12000274658205,66857
2025-09-16 18:00:00+00:00,115.22000122070312,115.27539825439452,115.12999725341795,115.13500213623048,186863
2025-09-16 18:05:00+00:00,115.28500366210938,115.28500366210938,115.1500015258789,115.22000122070312,99765
2025-09-16 18:10:00+00:00,115.24500274658205,115.29000091552734,115.16000366210938,115.28500366210938,125886
2025-09-16 18:15:00+00:00,115.21499633789062,115.31500244140624,115.1999969482422,115.25499725341795,149867
2025-09-16 18:20:00+00:00,115.25,115.27999877929688,115.13999938964844,115.22000122070312,123259
2025-09-16 18:25:00+00:00,115.0999984741211,115.26000213623048,115.05999755859376,115.25499725341795,203461
2025-09-16 18:30:00+00:00,114.99500274658205,115.12000274658205,114.96009826660156,115.11000061035156,133035
2025-09-16 18:35:00+00:00,115.03500366210938,115.08999633789062,114.9749984741211,114.99500274658205,125506
2025-09-16 18:40:00+00:00,115.00499725341795,115.05500030517578,114.94499969482422,115.04000091552734,153146
2025-09-16 18:45:00+00:00,115.0749969482422,115.11000061035156,115.0,115.00499725341795,77764
2025-09-16 18:50:00+00:00,115.15380096435548,115.1750030517578,115.07450103759766,115.07450103759766,110024
2025-09-16 18:55:00+00:00,115.11000061035156,115.16549682617188,115.06500244140624,115.16000366210938,145668
2025-09-16 19:00:00+00:00,115.0500030517578,115.11000061035156,114.95500183105467,115.11000061035156,79476
2025-09-16 19:05:00+00:00,115.05500030517578,115.11000061035156,115.0250015258789,115.0500030517578,73902
2025-09-16 19:10:00+00:00,114.9645004272461,115.0749969482422,114.95500183105467,115.0500030517578,138313
2025-09-16 19:15:00+00:00,114.86499786376952,115.0,114.86489868164062,114.96499633789062,147792
2025-09-16 19:20:00+00:00,114.91000366210938,114.95500183105467,114.83000183105467,114.86499786376952,173302
2025-09-16 19:25:00+00:00,114.8249969482422,114.91999816894533,114.76000213623048,114.902099609375,166650
2025-09-16 19:30:00+00:00,114.73999786376952,114.83000183105467,114.70999908447266,114.81999969482422,180161
2025-09-16 19:35:00+00:00,114.76000213623048,114.875,114.7300033569336,114.74500274658205,229826
2025-09-16 19:40:00+00:00,114.83999633789062,114.94499969482422,114.75499725341795,114.75499725341795,242064
2025-09-16 19:45:00+00:00,114.8550033569336,114.88500213623048,114.76000213623048,114.83999633789062,185019
2025-09-16 19:50:00+00:00,114.75499725341795,114.8499984741211,114.61499786376952,114.8499984741211,370975
2025-09-16 19:55:00+00:00,114.69499969482422,114.81500244140624,114.62239837646484,114.75,1490889
2025-09-17 13:30:00+00:00,114.70379638671876,114.70379638671876,114.0500030517578,114.5250015258789,286346
2025-09-17 13:35:00+00:00,114.88999938964844,115.04499816894533,114.63999938964844,114.69000244140624,167868
2025-09-17 13:40:00+00:00,114.9749984741211,115.0199966430664,114.7249984741211,114.91000366210938,123902
2025-09-17 13:45:00+00:00,114.94000244140624,115.0999984741211,114.83000183105467,114.97000122070312,123582
2025-09-17 13:50:00+00:00,115.02999877929688,115.08499908447266,114.87000274658205,114.91999816894533,179895
2025-09-17 13:55:00+00:00,115.04000091552734,115.08000183105467,114.91000366210938,115.02999877929688,129738
2025-09-17 14:00:00+00:00,114.9800033569336,115.0999984741211,114.94499969482422,115.04000091552734,142981
2025-09-17 14:05:00+00:00,115.08000183105467,115.1500015258789,114.94000244140624,114.98999786376952,232083
2025-09-17 14:10:00+00:00,115.1500015258789,115.2385025024414,115.05999755859376,115.08999633789062,115793
2025-09-17 14:15:00+00:00,115.2300033569336,115.2699966430664,115.13500213623048,115.16000366210938,89762
2025-09-17 14:20:00+00:00,115.33000183105467,115.34500122070312,115.20999908447266,115.2302017211914,90352
2025-09-17 14:25:00+00:00,115.2300033569336,115.3770980834961,115.2300033569336,115.33000183105467,112156
2025-09-17 14:30:00+00:00,115.12000274658205,115.45999908447266,115.0500030517578,115.23999786376952,172352
2025-09-17 14:35:00+00:00,115.1050033569336,115.18000030517578,115.08000183105467,115.12000274658205,110995
2025-09-17 14:40:00+00:00,115.04000091552734,115.0999984741211,115.0,115.0999984741211,105533
2025-09-17 14:45:00+00:00,115.0999984741211,115.1500015258789,115.0199966430664,115.0500030517578,80478
2025-09-17 14:50:00+00:00,115.05999755859376,115.1500015258789,115.05380249023438,115.09500122070312,82908
2025-09-17 14:55:00+00:00,115.12999725341795,115.1364974975586,115.04000091552734,115.06999969482422,81692
2025-09-17 15:00:00+00:00,115.11000061035156,115.1999969482422,115.08499908447266,115.13999938964844,71762
2025-09-17 15:05:00+00:00,115.01000213623048,115.11499786376952,114.97000122070312,115.11419677734376,128708
2025-09-17 15:10:00+00:00,114.8000030517578,115.0165023803711,114.8000030517578,115.0,94257
2025-09-17 15:15:00+00:00,114.68000030517578,114.80999755859376,114.5999984741211,114.80999755859376,132801
2025-09-17 15:20:00+00:00,114.70999908447266,114.73999786376952,114.63999938964844,114.68509674072266,103488
2025-09-17 15:25:00+00:00,114.68000030517578,114.79000091552734,114.62999725341795,114.71499633789062,148155
2025-09-17 15:30:00+00:00,114.86000061035156,114.875,114.62010192871094,114.69000244140624,161763
2025-09-17 15:35:00+00:00,114.8499984741211,114.87999725341795,114.79000091552734,114.87000274658205,60069
2025-09-17 15:40:00+00:00,114.91000366210938,114.94979858398438,114.83000183105467,114.83999633789062,55041
2025-09-17 15:45:00+00:00,114.75499725341795,114.88999938964844,114.68000030517578,114.88999938964844,63378
2025-09-17 15:50:00+00:00,114.875,114.88999938964844,114.73999786376952,114.75499725341795,66886
2025-09-17 15:55:00+00:00,114.83499908447266,114.88999938964844,114.8000030517578,114.88169860839844,40986
2025-09-17 16:00:00+00:00,114.90989685058594,114.91000366210938,114.83000183105467,114.83989715576172,33565
2025-09-17 16:05:00+00:00,114.83350372314452,114.91000366210938,114.8000030517578,114.9000015258789,39197
2025-09-17 16:10:00+00:00,114.81999969482422,114.85990142822266,114.76000213623048,114.8249969482422,43533
2025-09-17 16:15:00+00:00,114.76499938964844,114.84510040283205,114.76000213623048,114.80999755859376,41993
2025-09-17 16:20:00+00:00,114.70999908447266,114.80500030517578,114.6999969482422,114.76010131835938,34224
2025-09-17 16:25:00+00:00,114.67009735107422,114.7300033569336,114.63999938964844,114.70999908447266,47925
2025-09-17 16:30:00+00:00,114.74539947509766,114.76499938964844,114.66000366210938,114.6750030517578,81859
2025-09-17 16:35:00+00:00,114.77999877929688,114.80500030517578,114.75,114.75,46477
2025-09-17 16:40:00+00:00,114.87999725341795,114.88999938964844,114.77999877929688,114.79499816894533,621008
2025-09-17 16:45:00+00:00,114.76000213623048,114.88999938964844,114.70999908447266,114.88500213623048,56421
2025-09-17 16:50:00+00:00,114.86000061035156,114.86000061035156,114.73999786376952,114.76000213623048,51031
2025-09-17 16:55:00+00:00,114.84750366210938,114.8948974609375,114.81999969482422,114.86000061035156,62445
2025-09-17 17:00:00+00:00,114.86000061035156,114.87999725341795,114.8000030517578,114.84500122070312,48566
2025-09-17 17:05:00+00:00,114.94000244140624,114.97000122070312,114.87000274658205,114.87000274658205,55212
2025-09-17 17:10:00+00:00,114.97679901123048,114.9800033569336,114.9218978881836,114.94000244140624,32085
2025-09-17 17:15:00+00:00,114.91899871826172,114.9800033569336,114.91899871826172,114.9749984741211,29989
2025-09-17 17:20:00+00:00,114.96499633789062,114.98500061035156,114.90499877929688,114.91549682617188,33702
2025-09-17 17:25:00+00:00,114.95999908447266,115.02999877929688,114.94499969482422,114.97000122070312,45356
2025-09-17 17:30:00+00:00,115.02999877929688,115.04000091552734,114.94000244140624,114.95999908447266,38182
2025-09-17 17:35:00+00:00,115.0500030517578,115.08000183105467,115.01000213623048,115.02999877929688,32615
2025-09-17 17:40:00+00:00,115.04000091552734,115.05999755859376,114.99500274658205,115.05999755859376,80893
2025-09-17 17:45:00+00:00,115.0999984741211,115.13500213623048,114.99500274658205,115.04499816894533,64540
2025-09-17 17:50:00+00:00,115.25,115.26000213623048,115.12000274658205,115.12000274658205,149580
2025-09-17 17:55:00+00:00,115.19000244140624,115.26000213623048,115.17350006103516,115.23999786376952,63316
2025-09-17 18:00:00+00:00,115.41999816894533,115.46890258789062,115.18000030517578,115.20999908447266,164086
2025-09-17 18:05:00+00:00,115.37999725341795,115.4800033569336,115.33000183105467,115.41999816894533,115810
2025-09-17 18:10:00+00:00,115.21499633789062,115.48500061035156,115.1999969482422,115.37999725341795,214195
2025-09-17 18:15:00+00:00,115.13999938964844,115.2249984741211,115.11000061035156,115.21499633789062,88419
2025-09-17 18:20:00+00:00,115.2699966430664,115.30999755859376,115.08999633789062,115.1500015258789,84932
2025-09-17 18:25:00+00:00,115.37560272216795,115.38999938964844,115.21499633789062,115.2699966430664,63364
2025-09-17 18:30:00+00:00,115.20999908447266,115.47000122070312,115.20010375976562,115.38999938964844,81853
2025-09-17 18:35:00+00:00,114.96499633789062,115.31500244140624,114.95500183105467,115.22000122070312,81543
2025-09-17 18:40:00+00:00,114.9000015258789,115.13999938964844,114.80999755859376,114.96499633789062,115121
2025-09-17 18:45:00+00:00,114.91000366210938,115.08000183105467,114.83999633789062,114.91000366210938,112532
2025-09-17 18:50:00+00:00,114.61499786376952,114.93499755859376,114.5250015258789,114.93000030517578,90337
2025-09-17 18:55:00+00:00,114.96499633789062,114.97000122070312,114.61000061035156,114.62999725341795,107852
2025-09-17 19:00:00+00:00,115.0,115.11499786376952,114.94000244140624,114.95999908447266,94680
2025-09-17 19:05:00+00:00,115.06999969482422,115.16000366210938,114.9800033569336,114.99500274658205,107124
2025-09-17 19:10:00+00:00,115.08000183105467,115.15499877929688,115.0199966430664,115.0749969482422,99831
2025-09-17 19:15:00+00:00,115.15499877929688,115.25,115.08499908447266,115.08499908447266,88101
2025-09-17 19:20:00+00:00,115.33000183105467,115.37000274658205,115.14009857177734,115.16000366210938,125672
2025-09-17 19:25:00+00:00,115.26000213623048,115.36000061035156,115.25,115.33000183105467,98982
2025-09-17 19:30:00+00:00,115.27999877929688,115.27999877929688,115.18000030517578,115.25499725341795,106633
2025-09-17 19:35:00+00:00,115.2699966430664,115.34500122070312,115.23999786376952,115.2699966430664,199176
2025-09-17 19:40:00+00:00,115.29199981689452,115.38999938964844,115.25499725341795,115.27999877929688,135066
2025-09-17 19:45:00+00:00,115.31999969482422,115.3292999267578,115.1500015258789,115.29000091552734,234737
2025-09-17 19:50:00+00:00,115.29000091552734,115.33000183105467,115.04000091552734,115.33000183105467,287908
2025-09-17 19:55:00+00:00,115.2699966430664,115.34500122070312,115.02999877929688,115.3000030517578,1450440
2025-09-18 13:30:00+00:00,114.66000366210938,115.3499984741211,114.5749969482422,115.16999816894533,365654
2025-09-18 13:35:00+00:00,114.93000030517578,115.0500030517578,114.65499877929688,114.65499877929688,139856
2025-09-18 13:40:00+00:00,115.08000183105467,115.12000274658205,114.88999938964844,114.94000244140624,111483
2025-09-18 13:45:00+00:00,114.9499969482422,115.08000183105467,114.83000183105467,115.05999755859376,124171
2025-09-18 13:50:00+00:00,114.83000183105467,115.04000091552734,114.80999755859376,114.97000122070312,92223
2025-09-18 13:55:00+00:00,114.88999938964844,114.91000366210938,114.70999908447266,114.81999969482422,81867
2025-09-18 14:00:00+00:00,115.06990051269533,115.08999633789062,114.88999938964844,114.88999938964844,140646
2025-09-18 14:05:00+00:00,115.23500061035156,115.30500030517578,115.06500244140624,115.06999969482422,116574
2025-09-18 14:10:00+00:00,115.18000030517578,115.2699966430664,115.12000274658205,115.23999786376952,131869
2025-09-18 14:15:00+00:00,115.11000061035156,115.20999908447266,115.08000183105467,115.19000244140624,92461
2025-09-18 14:20:00+00:00,115.0199966430664,115.11000061035156,114.9800033569336,115.0999984741211,102558
2025-09-18 14:25:00+00:00,114.74500274658205,115.0999984741211,114.73999786376952,115.0199966430664,121337
2025-09-18 14:30:00+00:00,114.79000091552734,114.83989715576172,114.66000366210938,114.73999786376952,112653
2025-09-18 14:35:00+00:00,114.6449966430664,114.78500366210938,114.62999725341795,114.77999877929688,107470
2025-09-18 14:40:00+00:00,114.53500366210938,114.6999969482422,114.53500366210938,114.6500015258789,77872
2025-09-18 14:45:00+00:00,114.40989685058594,114.58499908447266,114.4000015258789,114.54499816894533,120910
2025-09-18 14:50:00+00:00,114.3000030517578,114.4000015258789,114.19000244140624,114.4000015258789,199861
2025-09-18 14:55:00+00:00,114.23999786376952,114.33000183105467,114.16999816894533,114.3000030517578,90430
2025-09-18 15:00:00+00:00,114.06999969482422,114.23999786376952,114.06999969482422,114.23999786376952,200726
2025-09-18 15:05:00+00:00,113.73999786376952,114.52999877929688,113.4000015258789,114.06999969482422,503779
2025-09-18 15:10:00+00:00,113.58499908447266,113.76020050048828,113.4800033569336,113.75,173856
2025-09-18 15:15:00+00:00,113.7300033569336,113.7677993774414,113.47000122070312,113.5999984741211,150100
2025-09-18 15:20:00+00:00,113.8000030517578,113.83830261230467,113.62999725341795,113.73999786376952,97273
2025-09-18 15:25:00+00:00,113.91999816894533,113.9800033569336,113.77999877929688,113.80500030517578,103164
2025-09-18 15:30:00+00:00,113.93000030517578,114.02999877929688,113.9000015258789,113.93000030517578,117957
2025-09-18 15:35:00+00:00,114.18000030517578,114.18499755859376,113.94000244140624,113.94000244140624,79523
2025-09-18 15:40:00+00:00,114.21299743652344,114.25499725341795,114.13999938964844,114.18000030517578,93253
2025-09-18 15:45:00+00:00,114.23500061035156,114.33499908447266,114.16000366210938,114.20999908447266,77268
2025-09-18 15:50:00+00:00,114.25499725341795,114.29000091552734,114.16000366210938,114.23500061035156,87061
2025-09-18 15:55:00+00:00,114.29000091552734,114.3499984741211,114.1750030517578,114.25599670410156,82280
2025-09-18 16:00:00+00:00,114.20999908447266,114.30999755859376,114.18009948730467,114.29000091552734,57564
2025-09-18 16:05:00+00:00,114.03500366210938,114.23500061035156,114.0,114.20999908447266,151874
2025-09-18 16:10:00+00:00,113.98999786376952,114.08999633789062,113.96499633789062,114.04000091552734,79678
2025-09-18 16:15:00+00:00,113.8949966430664,113.99500274658205,113.8249969482422,113.98999786376952,104267
2025-09-18 16:20:00+00:00,113.83000183105467,113.94000244140624,113.80500030517578,113.88999938964844,56979
2025-09-18 16:25:00+00:00,113.88500213623048,113.93000030517578,113.80999755859376,113.8249969482422,60773
2025-09-18 16:30:00+00:00,113.8249969482422,113.88990020751952,113.79000091552734,113.88990020751952,64372
2025-09-18 16:35:00+00:00,113.9000015258789,113.93000030517578,113.80500030517578,113.8249969482422,81696
2025-09-18 16:40:00+00:00,113.90499877929688,113.98999786376952,113.87000274658205,113.8949966430664,58321
2025-09-18 16:45:00+00:00,113.84500122070312,113.95600128173828,113.81500244140624,113.90499877929688,69714
2025-09-18 16:50:00+00:00,113.79000091552734,113.84500122070312,113.72000122070312,113.84500122070312,64788
2025-09-18 16:55:00+00:00,113.7300033569336,113.81500244140624,113.72000122070312,113.77999877929688,58988
2025-09-18 17:00:00+00:00,113.6449966430664,113.81999969482422,113.625,113.7300033569336,90372
2025-09-18 17:05:00+00:00,113.59500122070312,113.71499633789062,113.5749969482422,113.66000366210938,178342
2025-09-18 17:10:00+00:00,113.61499786376952,113.69000244140624,113.55999755859376,113.58999633789062,57616
2025-09-18 17:15:00+00:00,113.54000091552734,113.625,113.53500366210938,113.61499786376952,70176
2025-09-18 17:20:00+00:00,113.56999969482422,113.6050033569336,113.53500366210938,113.54499816894533,97337
2025-09-18 17:25:00+00:00,113.625,113.6449966430664,113.52999877929688,113.5749969482422,126218
2025-09-18 17:30:00+00:00,113.79499816894533,113.8354034423828,113.58499908447266,113.625,64119
2025-09-18 17:35:00+00:00,113.84500122070312,113.8499984741211,113.76000213623048,113.79499816894533,54109
2025-09-18 17:40:00+00:00,113.8499984741211,113.8949966430664,113.83499908447266,113.83999633789062,56997
2025-09-18 17:45:00+00:00,113.83999633789062,113.9000015258789,113.79000091552734,113.8499984741211,62877
2025-09-18 17:50:00+00:00,113.94499969482422,113.95999908447266,113.8249969482422,113.84500122070312,48371
2025-09-18 17:55:00+00:00,113.97000122070312,114.01499938964844,113.90499877929688,113.9499969482422,58523
2025-09-18 18:00:00+00:00,114.08499908447266,114.0999984741211,113.97000122070312,113.9800033569336,68548
2025-09-18 18:05:00+00:00,114.11000061035156,114.19000244140624,114.08000183105467,114.08499908447266,71288
2025-09-18 18:10:00+00:00,114.09500122070312,114.16000366210938,114.04499816894533,114.11000061035156,60053
2025-09-18 18:15:00+00:00,114.125,114.18000030517578,114.09500122070312,114.0999984741211,91454
2025-09-18 18:20:00+00:00,114.04000091552734,114.16000366210938,113.95999908447266,114.12999725341795,81355
2025-09-18 18:25:00+00:00,113.98999786376952,114.05999755859376,113.9749984741211,114.04000091552734,95764
2025-09-18 18:30:00+00:00,114.04000091552734,114.04499816894533,113.9749984741211,113.9800033569336,56269
2025-09-18 18:35:00+00:00,114.03500366210938,114.1250991821289,114.0199966430664,114.0500030517578,131836
2025-09-18 18:40:00+00:00,114.01000213623048,114.08000183105467,114.00499725341795,114.04000091552734,52957
2025-09-18 18:45:00+00:00,114.04000091552734,114.07569885253906,113.93000030517578,114.01000213623048,143555
2025-09-18 18:50:00+00:00,114.13500213623048,114.16000366210938,114.0250015258789,114.0436019897461,88893
2025-09-18 18:55:00+00:00,114.1050033569336,114.16380310058594,114.08999633789062,114.12999725341795,52031
2025-09-18 19:00:00+00:00,114.1750030517578,114.21499633789062,114.11000061035156,114.11000061035156,55122
2025-09-18 19:05:00+00:00,114.29000091552734,114.31500244140624,114.16999816894533,114.1750030517578,98398
2025-09-18 19:10:00+00:00,114.3499984741211,114.38500213623048,114.2300033569336,114.27999877929688,113270
2025-09-18 19:15:00+00:00,114.35379791259766,114.37000274658205,114.29000091552734,114.34500122070312,82700
2025-09-18 19:20:00+00:00,114.41500091552734,114.4250030517578,114.31500244140624,114.3499984741211,94466
2025-09-18 19:25:00+00:00,114.3000030517578,114.45999908447266,114.29000091552734,114.41500091552734,105216
2025-09-18 19:30:00+00:00,114.34500122070312,114.47000122070312,114.29499816894533,114.29499816894533,176879
2025-09-18 19:35:00+00:00,114.3949966430664,114.3949966430664,114.27989959716795,114.3499984741211,129342
2025-09-18 19:40:00+00:00,114.38500213623048,114.47000122070312,114.29499816894533,114.4000015258789,177517
2025-09-18 19:45:00+00:00,114.4000015258789,114.4499969482422,114.36000061035156,114.38999938964844,160605
2025-09-18 19:50:00+00:00,114.45500183105467,114.45999908447266,114.27999877929688,114.4000015258789,998100
2025-09-18 19:55:00+00:00,113.93000030517578,114.48200225830078,113.88999938964844,114.45999908447266,1321870
2025-09-19 13:30:00+00:00,113.51000213623048,113.9800033569336,113.22000122070312,113.9000015258789,4525972
2025-09-19 13:35:00+00:00,113.56999969482422,113.72940063476562,113.37999725341795,113.5,179415
2025-09-19 13:40:00+00:00,113.59500122070312,113.68000030517578,113.41999816894533,113.56770324707033,156690
2025-09-19 13:45:00+00:00,113.80999755859376,113.9000015258789,113.51000213623048,113.58999633789062,191036
2025-09-19 13:50:00+00:00,113.84500122070312,113.94000244140624,113.78399658203124,113.8000030517578,157166
2025-09-19 13:55:00+00:00,113.76000213623048,113.90499877929688,113.68000030517578,113.88999938964844,220181
2025-09-19 14:00:00+00:00,113.5250015258789,113.80500030517578,113.28500366210938,113.75,299031
2025-09-19 14:05:00+00:00,113.5199966430664,113.72000122070312,113.51000213623048,113.54000091552734,244935
2025-09-19 14:10:00+00:00,113.62999725341795,113.7664031982422,113.5,113.5199966430664,141381
2025-09-19 14:15:00+00:00,113.88999938964844,113.8949966430664,113.62999725341795,113.66000366210938,96235
2025-09-19 14:20:00+00:00,113.88999938964844,113.93000030517578,113.81999969482422,113.87999725341795,93956
2025-09-19 14:25:00+00:00,113.41999816894533,113.8949966430664,113.41999816894533,113.8949966430664,134240
2025-09-19 14:30:00+00:00,113.51000213623048,113.63999938964844,113.4000015258789,113.41999816894533,93046
2025-09-19 14:35:00+00:00,113.5,113.55999755859376,113.43299865722656,113.5197982788086,101042
2025-09-19 14:40:00+00:00,113.44170379638672,113.54499816894533,113.41500091552734,113.51000213623048,112031
2025-09-19 14:45:00+00:00,113.3499984741211,113.52999877929688,113.33000183105467,113.44499969482422,95363
2025-09-19 14:50:00+00:00,113.5,113.54000091552734,113.32869720458984,113.33999633789062,107558
2025-09-19 14:55:00+00:00,113.51000213623048,113.5500030517578,113.46499633789062,113.51000213623048,97239
2025-09-19 15:00:00+00:00,113.56500244140624,113.58499908447266,113.48500061035156,113.5199966430664,66543
2025-09-19 15:05:00+00:00,113.44000244140624,113.6050033569336,113.44000244140624,113.56999969482422,88192
2025-09-19 15:10:00+00:00,113.38999938964844,113.45999908447266,113.3550033569336,113.44499969482422,76538
2025-09-19 15:15:00+00:00,113.37999725341795,113.42009735107422,113.2844009399414,113.4000015258789,84882
2025-09-19 15:20:00+00:00,113.34500122070312,113.41000366210938,113.25,113.37000274658205,87224
2025-09-19 15:25:00+00:00,113.20999908447266,113.375,113.20999908447266,113.33999633789062,65321
2025-09-19 15:30:00+00:00,112.94499969482422,113.20500183105467,112.8499984741211,113.1999969482422,133727
2025-09-19 15:35:00+00:00,112.76000213623048,113.04000091552734,112.75,112.94499969482422,164765
2025-09-19 15:40:00+00:00,112.9749984741211,113.08499908447266,112.75,112.7699966430664,110480
2025-09-19 15:45:00+00:00,113.11000061035156,113.12999725341795,112.97000122070312,112.98999786376952,98930
2025-09-19 15:50:00+00:00,113.08000183105467,113.1500015258789,113.01000213623048,113.10289764404295,110308
2025-09-19 15:55:00+00:00,113.12999725341795,113.16000366210938,113.05999755859376,113.08000183105467,62150
2025-09-19 16:00:00+00:00,113.20999908447266,113.22000122070312,113.12999725341795,113.13999938964844,69082
2025-09-19 16:05:00+00:00,113.125,113.23999786376952,113.12100219726562,113.22000122070312,42449
2025-09-19 16:10:00+00:00,113.1750030517578,113.20999908447266,113.08499908447266,113.12999725341795,56036
2025-09-19 16:15:00+00:00,113.26000213623048,113.26000213623048,113.1500015258789,113.18000030517578,73377
2025-09-19 16:20:00+00:00,113.11499786376952,113.26000213623048,113.11499786376952,113.23999786376952,69858
2025-09-19 16:25:00+00:00,113.06500244140624,113.16000366210938,113.0199966430664,113.12000274658205,77548
2025-09-19 16:30:00+00:00,113.0,113.0802001953125,112.95500183105467,113.06999969482422,86814
2025-09-19 16:35:00+00:00,113.01000213623048,113.04499816894533,112.97000122070312,112.98999786376952,59715
2025-09-19 16:40:00+00:00,112.9800033569336,113.05580139160156,112.97000122070312,113.0,62896
2025-09-19 16:45:00+00:00,112.9000015258789,113.03299713134766,112.88999938964844,112.98999786376952,105002
2025-09-19 16:50:00+00:00,112.95500183105467,112.98999786376952,112.91000366210938,112.91000366210938,43954
2025-09-19 16:55:00+00:00,113.03369903564452,113.0500030517578,112.94000244140624,112.95500183105467,70577
2025-09-19 17:00:00+00:00,113.12999725341795,113.25,113.04000091552734,113.04000091552734,55072
2025-09-19 17:05:00+00:00,113.0999984741211,113.16999816894533,113.0999984741211,113.13999938964844,46769
2025-09-19 17:10:00+00:00,113.23999786376952,113.25,113.08000183105467,113.0999984741211,45123
2025-09-19 17:15:00+00:00,113.15080261230467,113.26000213623048,113.11000061035156,113.25,86475
2025-09-19 17:20:00+00:00,113.09739685058594,113.1500015258789,113.02999877929688,113.1500015258789,78198
2025-09-19 17:25:00+00:00,113.11000061035156,113.12000274658205,112.9499969482422,113.08000183105467,110482
2025-09-19 17:30:00+00:00,112.81999969482422,113.12000274658205,112.79000091552734,113.11000061035156,180312
2025-09-19 17:35:00+00:00,112.95500183105467,112.9800033569336,112.79000091552734,112.83000183105467,81604
2025-09-19 17:40:00+00:00,113.00499725341795,113.02999877929688,112.94000244140624,112.9499969482422,96444
2025-09-19 17:45:00+00:00,113.02999877929688,113.08000183105467,112.99500274658205,113.0,44343
2025-09-19 17:50:00+00:00,113.0500030517578,113.05989837646484,113.01000213623048,113.02999877929688,42032
2025-09-19 17:55:00+00:00,113.0999984741211,113.16999816894533,113.04010009765624,113.0500030517578,75860
2025-09-19 18:00:00+00:00,113.16500091552734,113.20999908447266,113.08999633789062,113.08999633789062,55295
2025-09-19 18:05:00+00:00,113.14990234375,113.19499969482422,113.08000183105467,113.16999816894533,63191
2025-09-19 18:10:00+00:00,113.13999938964844,113.18599700927734,113.0999984741211,113.1449966430664,50551
2025-09-19 18:15:00+00:00,113.11499786376952,113.19000244140624,113.0999984741211,113.1500015258789,77856
2025-09-19 18:20:00+00:00,113.16000366210938,113.18000030517578,113.06999969482422,113.12000274658205,53362
2025-09-19 18:25:00+00:00,113.13999938964844,113.16000366210938,113.07009887695312,113.1500015258789,75766
2025-09-19 18:30:00+00:00,113.06999969482422,113.14340209960938,113.0,113.13500213623048,86537
2025-09-19 18:35:00+00:00,113.16000366210938,113.22000122070312,113.06999969482422,113.06999969482422,67104
2025-09-19 18:40:00+00:00,113.13999938964844,113.22000122070312,113.11000061035156,113.1500015258789,62379
2025-09-19 18:45:00+00:00,113.16999816894533,113.22000122070312,113.12999725341795,113.13999938964844,62361
2025-09-19 18:50:00+00:00,113.1500015258789,113.23999786376952,113.12999725341795,113.18000030517578,78694
2025-09-19 18:55:00+00:00,113.23999786376952,113.25,113.14299774169922,113.16000366210938,90704
2025-09-19 19:00:00+00:00,113.1999969482422,113.30500030517578,113.18000030517578,113.23999786376952,129810
2025-09-19 19:05:00+00:00,113.19499969482422,113.23999786376952,113.1750030517578,113.19499969482422,84976
2025-09-19 19:10:00+00:00,113.27999877929688,113.27999877929688,113.16000366210938,113.19499969482422,110465
2025-09-19 19:15:00+00:00,113.21499633789062,113.3000030517578,113.19499969482422,113.28500366210938,160315
2025-09-19 19:20:00+00:00,113.16000366210938,113.25,113.1500015258789,113.22000122070312,137137
2025-09-19 19:25:00+00:00,113.20999908447266,113.29900360107422,113.15499877929688,113.15499877929688,149712
2025-09-19 19:30:00+00:00,113.13619995117188,113.22000122070312,113.08000183105467,113.1999969482422,201582
2025-09-19 19:35:00+00:00,113.1050033569336,113.18499755859376,113.08999633789062,113.13999938964844,192920
2025-09-19 19:40:00+00:00,113.16000366210938,113.16999816894533,113.06500244140624,113.1050033569336,245281
2025-09-19 19:45:00+00:00,113.25499725341795,113.33499908447266,113.16500091552734,113.16500091552734,293341
2025-09-19 19:50:00+00:00,113.2499008178711,113.4000015258789,113.05999755859376,113.25499725341795,1507672
2025-09-19 19:55:00+00:00,112.83499908447266,113.25,112.63999938964844,113.23999786376952,1889049
2025-09-22 13:30:00+00:00,112.5250015258789,112.72000122070312,112.0,112.4499969482422,295225
2025-09-22 13:35:00+00:00,112.45999908447266,112.8000030517578,112.45999908447266,112.51000213623048,127478
2025-09-22 13:40:00+00:00,112.22000122070312,112.53099822998048,112.0500030517578,112.43000030517578,970581
2025-09-22 13:45:00+00:00,112.05999755859376,112.22000122070312,111.93000030517578,112.18000030517578,159305
2025-09-22 13:50:00+00:00,111.8949966430664,112.08000183105467,111.83999633789062,112.05999755859376,135305
2025-09-22 13:55:00+00:00,111.97000122070312,112.01000213623048,111.80999755859376,111.8949966430664,152698
2025-09-22 14:00:00+00:00,112.08999633789062,112.11499786376952,111.91000366210938,111.9499969482422,141728
2025-09-22 14:05:00+00:00,112.13500213623048,112.20999908447266,112.06500244140624,112.08499908447266,106956
2025-09-22 14:10:00+00:00,112.0,112.1500015258789,111.9499969482422,112.12999725341795,101637
2025-09-22 14:15:00+00:00,111.93000030517578,112.0,111.88999938964844,112.0,102182
2025-09-22 14:20:00+00:00,111.9499969482422,112.04000091552734,111.87000274658205,111.93499755859376,121031
2025-09-22 14:25:00+00:00,112.0,112.0199966430664,111.86000061035156,111.94010162353516,137656
2025-09-22 14:30:00+00:00,112.16999816894533,112.19000244140624,111.9749984741211,111.98999786376952,139346
2025-09-22 14:35:00+00:00,112.19000244140624,112.26000213623048,112.13999938964844,112.1750030517578,83106
2025-09-22 14:40:00+00:00,112.19000244140624,112.2300033569336,112.16000366210938,112.20999908447266,167845
2025-09-22 14:45:00+00:00,112.25,112.31999969482422,112.19000244140624,112.19499969482422,327489
2025-09-22 14:50:00+00:00,112.21499633789062,112.25,112.0999984741211,112.2488021850586,102375
2025-09-22 14:55:00+00:00,112.21499633789062,112.3000030517578,112.17240142822266,112.21499633789062,84786
2025-09-22 15:00:00+00:00,112.23419952392578,112.2699966430664,112.18000030517578,112.20999908447266,77419
2025-09-22 15:05:00+00:00,112.15499877929688,112.23490142822266,112.12010192871094,112.23490142822266,100880
2025-09-22 15:10:00+00:00,112.12999725341795,112.18499755859376,112.04000091552734,112.1500015258789,112072
2025-09-22 15:15:00+00:00,112.26000213623048,112.26000213623048,112.12000274658205,112.1449966430664,74202
2025-09-22 15:20:00+00:00,112.2249984741211,112.30999755859376,112.19499969482422,112.25499725341795,117872
2025-09-22 15:25:00+00:00,112.19000244140624,112.26000213623048,112.16999816894533,112.2249984741211,88100
2025-09-22 15:30:00+00:00,112.20999908447266,112.2300033569336,112.15499877929688,112.18499755859376,80610
2025-09-22 15:35:00+00:00,112.1750030517578,112.26000213623048,112.15499877929688,112.22000122070312,136909
2025-09-22 15:40:00+00:00,112.1449966430664,112.2249984741211,112.125,112.16999816894533,63986
2025-09-22 15:45:00+00:00,112.01000213623048,112.13500213623048,111.9749984741211,112.12999725341795,84093
2025-09-22 15:50:00+00:00,112.11499786376952,112.12000274658205,112.0,112.00499725341795,98232
2025-09-22 15:55:00+00:00,112.04900360107422,112.12999725341795,112.02999877929688,112.11499786376952,68686
2025-09-22 16:00:00+00:00,111.9739990234375,112.11499786376952,111.88500213623048,112.04560089111328,127447
2025-09-22 16:05:00+00:00,111.91500091552734,112.00060272216795,111.90499877929688,111.97509765625,70950
2025-09-22 16:10:00+00:00,111.91500091552734,111.97969818115234,111.86000061035156,111.91500091552734,74830
2025-09-22 16:15:00+00:00,111.8000030517578,111.9124984741211,111.7699966430664,111.9124984741211,127605
2025-09-22 16:20:00+00:00,111.77999877929688,111.80999755859376,111.75,111.80500030517578,89685
2025-09-22 16:25:00+00:00,111.78469848632812,111.8499984741211,111.75499725341795,111.79000091552734,85385
2025-09-22 16:30:00+00:00,111.63999938964844,111.81500244140624,111.55999755859376,111.79000091552734,99927
2025-09-22 16:35:00+00:00,111.6500015258789,111.69000244140624,111.625,111.62999725341795,83197
2025-09-22 16:40:00+00:00,111.625,111.66999816894533,111.56999969482422,111.66000366210938,111183
2025-09-22 16:45:00+00:00,111.79149627685548,111.83000183105467,111.58999633789062,111.625,67899
2025-09-22 16:50:00+00:00,111.6050033569336,111.80999755859376,111.6050033569336,111.8000030517578,87423
2025-09-22 16:55:00+00:00,111.58999633789062,111.6449966430664,111.56999969482422,111.6050033569336,89208
2025-09-22 17:00:00+00:00,111.62000274658205,111.66529846191406,111.5824966430664,111.58499908447266,80243
2025-09-22 17:05:00+00:00,111.76499938964844,111.80999755859376,111.61499786376952,111.61499786376952,109940
2025-09-22 17:10:00+00:00,111.75499725341795,111.77999877929688,111.7300033569336,111.7699966430664,54209
2025-09-22 17:15:00+00:00,111.81999969482422,111.8499984741211,111.72000122070312,111.75,47515
2025-09-22 17:20:00+00:00,111.83999633789062,111.90989685058594,111.7938003540039,111.81999969482422,76270
2025-09-22 17:25:00+00:00,111.9719009399414,111.9800033569336,111.81500244140624,111.84500122070312,59976
2025-09-22 17:30:00+00:00,112.02999877929688,112.04000091552734,111.9499969482422,111.97650146484376,81138
2025-09-22 17:35:00+00:00,112.08000183105467,112.08999633789062,111.99349975585938,112.02999877929688,86021
2025-09-22 17:40:00+00:00,112.0459976196289,112.11000061035156,112.04499816894533,112.08000183105467,125282
2025-09-22 17:45:00+00:00,112.01000213623048,112.0749969482422,111.95500183105467,112.05500030517578,62792
2025-09-22 17:50:00+00:00,112.13848114013672,112.13970184326172,111.95999908447266,112.0,112862
2025-09-22 17:55:00+00:00,112.04499816894533,112.13500213623048,112.02999877929688,112.13500213623048,65536
2025-09-22 18:00:00+00:00,111.9834976196289,112.0500030517578,111.9800033569336,112.0500030517578,116987
2025-09-22 18:05:00+00:00,111.81999969482422,111.98999786376952,111.81999969482422,111.9800033569336,111390
2025-09-22 18:10:00+00:00,111.6999969482422,111.88999938964844,111.62999725341795,111.81999969482422,1114150
2025-09-22 18:15:00+00:00,111.84349822998048,111.84349822998048,111.68000030517578,111.69499969482422,75910
2025-09-22 18:20:00+00:00,111.8644027709961,111.86599731445312,111.76000213623048,111.84500122070312,56585
2025-09-22 18:25:00+00:00,111.8249969482422,111.9000015258789,111.81500244140624,111.88500213623048,86288
2025-09-22 18:30:00+00:00,111.83000183105467,111.83999633789062,111.77999877929688,111.81999969482422,74351
2025-09-22 18:35:00+00:00,111.75499725341795,111.8499984741211,111.6750030517578,111.83499908447266,122683
2025-09-22 18:40:00+00:00,111.87539672851562,111.8759994506836,111.73999786376952,111.75,95532
2025-09-22 18:45:00+00:00,112.0199966430664,112.0199966430664,111.8499984741211,111.87799835205078,184197
2025-09-22 18:50:00+00:00,111.99500274658205,112.0199966430664,111.96499633789062,112.0199966430664,114240
2025-09-22 18:55:00+00:00,111.93499755859376,112.0500030517578,111.93499755859376,111.99500274658205,113932
2025-09-22 19:00:00+00:00,112.01499938964844,112.0500030517578,111.91999816894533,111.93499755859376,105620
2025-09-22 19:05:00+00:00,112.0749969482422,112.0999984741211,112.0,112.01000213623048,178218
2025-09-22 19:10:00+00:00,112.09500122070312,112.12000274658205,112.05370330810548,112.06999969482422,94710
2025-09-22 19:15:00+00:00,112.19499969482422,112.23999786376952,112.0999984741211,112.0999984741211,123912
2025-09-22 19:20:00+00:00,112.30500030517578,112.3499984741211,112.13999938964844,112.19499969482422,103944
2025-09-22 19:25:00+00:00,112.3249969482422,112.3949966430664,112.2699966430664,112.30500030517578,107938
2025-09-22 19:30:00+00:00,112.33000183105467,112.36000061035156,112.25,112.3249969482422,158912
2025-09-22 19:35:00+00:00,112.4499969482422,112.47000122070312,112.33499908447266,112.33499908447266,150228
2025-09-22 19:40:00+00:00,112.31500244140624,112.4499969482422,112.26000213623048,112.44000244140624,171577
2025-09-22 19:45:00+00:00,112.25499725341795,112.30999755859376,112.22000122070312,112.30999755859376,138179
2025-09-22 19:50:00+00:00,112.33899688720705,112.36000061035156,112.1500015258789,112.26000213623048,956303
2025-09-22 19:55:00+00:00,112.03500366210938,112.33499908447266,112.0,112.33000183105467,582810
2025-09-23 13:30:00+00:00,113.04900360107422,113.0731964111328,112.4749984741211,112.72000122070312,380014
2025-09-23 13:35:00+00:00,113.25,113.27989959716795,112.96399688720705,113.04879760742188,174220
2025-09-23 13:40:00+00:00,113.62000274658205,113.62000274658205,113.2300033569336,113.24749755859376,228890
2025-09-23 13:45:00+00:00,113.81999969482422,113.8499984741211,113.58999633789062,113.58999633789062,150515
2025-09-23 13:50:00+00:00,113.87999725341795,113.93000030517578,113.70999908447266,113.83999633789062,248556
2025-09-23 13:55:00+00:00,114.15499877929688,114.15499877929688,113.87000274658205,113.87999725341795,191557
2025-09-23 14:00:00+00:00,113.81999969482422,114.27999877929688,113.77999877929688,114.1500015258789,207733
2025-09-23 14:05:00+00:00,113.86000061035156,113.93000030517578,113.7699966430664,113.81999969482422,146909
2025-09-23 14:10:00+00:00,114.08000183105467,114.13500213623048,113.86000061035156,113.86499786376952,184124
2025-09-23 14:15:00+00:00,114.23999786376952,114.26499938964844,113.95500183105467,114.05999755859376,166429
2025-09-23 14:20:00+00:00,114.25,114.29000091552734,114.11000061035156,114.25,295448
2025-09-23 14:25:00+00:00,114.37999725341795,114.4250030517578,113.7750015258789,114.2511978149414,1284061
2025-09-23 14:30:00+00:00,114.54000091552734,114.66999816894533,113.9000015258789,114.37999725341795,1931542
2025-09-23 14:35:00+00:00,114.55239868164062,114.5999984741211,114.37999725341795,114.54000091552734,229947
2025-09-23 14:40:00+00:00,114.51499938964844,114.66000366210938,114.41500091552734,114.5500030517578,241939
2025-09-23 14:45:00+00:00,114.5999984741211,114.7488021850586,114.44000244140624,114.51499938964844,230917
2025-09-23 14:50:00+00:00,114.4499969482422,114.61000061035156,114.41500091552734,114.59500122070312,117545
2025-09-23 14:55:00+00:00,114.43000030517578,114.48500061035156,114.4000015258789,114.43000030517578,258435
2025-09-23 15:00:00+00:00,114.38999938964844,114.46499633789062,114.38500213623048,114.43000030517578,187258
2025-09-23 15:05:00+00:00,114.38500213623048,114.61499786376952,114.37000274658205,114.38999938964844,351498
2025-09-23 15:10:00+00:00,114.3499984741211,114.41000366210938,114.29499816894533,114.37999725341795,163672
2025-09-23 15:15:00+00:00,114.4000015258789,114.45999908447266,114.29000091552734,114.35099792480467,283000
2025-09-23 15:20:00+00:00,114.32009887695312,114.44000244140624,114.26000213623048,114.4000015258789,345950
2025-09-23 15:25:00+00:00,114.33999633789062,114.36000061035156,114.29000091552734,114.31999969482422,213904
2025-09-23 15:30:00+00:00,114.31999969482422,114.40249633789062,114.3000030517578,114.3499984741211,412648
2025-09-23 15:35:00+00:00,114.37999725341795,114.52999877929688,114.0999984741211,114.3249969482422,1537732
2025-09-23 15:40:00+00:00,114.35790252685548,114.3949966430664,114.28500366210938,114.375,120723
2025-09-23 15:45:00+00:00,114.47000122070312,114.49500274658205,114.31999969482422,114.3550033569336,123472
2025-09-23 15:50:00+00:00,114.30999755859376,114.51499938964844,114.3000030517578,114.47000122070312,139021
2025-09-23 15:55:00+00:00,114.32990264892578,114.37000274658205,114.29499816894533,114.31999969482422,130301
2025-09-23 16:00:00+00:00,114.3499984741211,114.37000274658205,114.29000091552734,114.31999969482422,178895
2025-09-23 16:05:00+00:00,114.31999969482422,114.3499984741211,114.2500991821289,114.3499984741211,161144
2025-09-23 16:10:00+00:00,114.3270034790039,114.3499984741211,114.26000213623048,114.31999969482422,119332
2025-09-23 16:15:00+00:00,114.33000183105467,114.3550033569336,114.26499938964844,114.33190155029295,102159
2025-09-23 16:20:00+00:00,114.34500122070312,114.3499984741211,114.26499938964844,114.33000183105467,95536
2025-09-23 16:25:00+00:00,114.43499755859376,114.48999786376952,114.3000030517578,114.33999633789062,201486
2025-09-23 16:30:00+00:00,114.43499755859376,114.45500183105467,114.3000030517578,114.44000244140624,90275
2025-09-23 16:35:00+00:00,114.38999938964844,114.4749984741211,114.3249969482422,114.41999816894533,109531
2025-09-23 16:40:00+00:00,114.4000015258789,114.44000244140624,114.36499786376952,114.4000015258789,74580
2025-09-23 16:45:00+00:00,114.38999938964844,114.45999908447266,114.37000274658205,114.4000015258789,74537
2025-09-23 16:50:00+00:00,114.47000122070312,114.5250015258789,114.38300323486328,114.39350128173828,84852
2025-09-23 16:55:00+00:00,114.41500091552734,114.51000213623048,114.41000366210938,114.46549987792967,73093
2025-09-23 17:00:00+00:00,114.33650207519533,114.45999908447266,114.3000030517578,114.41500091552734,89200
2025-09-23 17:05:00+00:00,114.41500091552734,114.41999816894533,114.3000030517578,114.33499908447266,58999
2025-09-23 17:10:00+00:00,114.34500122070312,114.44000244140624,114.31999969482422,114.41000366210938,75944
2025-09-23 17:15:00+00:00,114.31500244140624,114.3499984741211,114.29499816894533,114.3499984741211,87370
2025-09-23 17:20:00+00:00,114.31999969482422,114.31999969482422,114.20500183105467,114.30999755859376,198798
2025-09-23 17:25:00+00:00,114.3000030517578,114.31999969482422,114.25499725341795,114.31999969482422,189969
2025-09-23 17:30:00+00:00,114.30500030517578,114.33499908447266,114.26499938964844,114.29499816894533,109617
2025-09-23 17:35:00+00:00,114.43000030517578,114.44499969482422,114.3000030517578,114.30999755859376,82653
2025-09-23 17:40:00+00:00,114.33999633789062,114.4499969482422,114.33999633789062,114.4250030517578,140169
2025-09-23 17:45:00+00:00,114.375,114.41500091552734,114.29499816894533,114.33999633789062,90535
2025-09-23 17:50:00+00:00,114.29499816894533,114.37999725341795,114.27999877929688,114.37999725341795,96023
2025-09-23 17:55:00+00:00,114.29499816894533,114.33999633789062,114.27999877929688,114.29000091552734,81810
2025-09-23 18:00:00+00:00,114.24810028076172,114.30500030517578,114.16999816894533,114.29000091552734,191526
2025-09-23 18:05:00+00:00,114.21499633789062,114.2699966430664,114.1999969482422,114.26000213623048,116962
2025-09-23 18:10:00+00:00,114.23500061035156,114.25,114.1999969482422,114.22000122070312,94074
2025-09-23 18:15:00+00:00,114.20500183105467,114.3000030517578,114.19000244140624,114.23500061035156,119058
2025-09-23 18:20:00+00:00,114.20999908447266,114.25499725341795,114.19499969482422,114.20999908447266,96070
2025-09-23 18:25:00+00:00,114.23999786376952,114.28500366210938,114.21499633789062,114.21499633789062,117128
2025-09-23 18:30:00+00:00,114.29000091552734,114.33999633789062,114.2300033569336,114.25,98212
2025-09-23 18:35:00+00:00,114.31800079345705,114.32830047607422,114.26000213623048,114.29000091552734,66210
2025-09-23 18:40:00+00:00,114.27999877929688,114.33999633789062,114.25499725341795,114.30999755859376,139106
2025-09-23 18:45:00+00:00,114.19499969482422,114.33000183105467,114.19490051269533,114.2750015258789,196012
2025-09-23 18:50:00+00:00,114.26499938964844,114.29499816894533,114.1530990600586,114.1989974975586,210769
2025-09-23 18:55:00+00:00,114.29759979248048,114.30999755859376,114.24500274658205,114.26499938964844,314520
2025-09-23 19:00:00+00:00,114.3000030517578,114.4499969482422,114.29499816894533,114.29499816894533,263709
2025-09-23 19:05:00+00:00,114.30010223388672,114.33000183105467,114.26000213623048,114.3000030517578,170819
2025-09-23 19:10:00+00:00,114.2699966430664,114.3249969482422,114.2699966430664,114.30500030517578,130118
2025-09-23 19:15:00+00:00,114.38999938964844,114.38999938964844,114.25,114.27999877929688,141415
2025-09-23 19:20:00+00:00,114.28500366210938,114.38500213623048,114.2699966430664,114.38379669189452,186967
2025-09-23 19:25:00+00:00,114.2300033569336,114.31999969482422,114.06999969482422,114.27999877929688,354845
2025-09-23 19:30:00+00:00,114.30500030517578,114.31999969482422,114.1999969482422,114.23999786376952,216456
2025-09-23 19:35:00+00:00,114.3249969482422,114.33000183105467,114.26000213623048,114.30500030517578,183073
2025-09-23 19:40:00+00:00,114.36000061035156,114.43499755859376,114.29000091552734,114.3249969482422,161968
2025-09-23 19:45:00+00:00,114.19000244140624,114.36000061035156,114.09500122070312,114.36000061035156,321747
2025-09-23 19:50:00+00:00,114.0749969482422,114.1999969482422,113.97000122070312,114.1999969482422,1201278
2025-09-23 19:55:00+00:00,113.98999786376952,114.0999984741211,113.83489990234376,114.06999969482422,1342196
2025-09-24 13:30:00+00:00,114.80500030517578,115.2300033569336,114.56999969482422,114.56999969482422,395788
2025-09-24 13:35:00+00:00,114.91000366210938,115.0,114.7699966430664,114.80500030517578,184175
2025-09-24 13:40:00+00:00,115.05500030517578,115.19129943847656,114.9000015258789,114.91000366210938,152405
2025-09-24 13:45:00+00:00,115.06999969482422,115.22000122070312,114.83000183105467,115.05999755859376,183552
2025-09-24 13:50:00+00:00,115.23999786376952,115.29000091552734,115.06999969482422,115.07990264892578,202714
2025-09-24 13:55:00+00:00,115.3499984741211,115.3499984741211,115.15039825439452,115.2300033569336,167345
2025-09-24 14:00:00+00:00,115.16000366210938,115.4250030517578,115.1050033569336,115.3499984741211,167987
2025-09-24 14:05:00+00:00,115.1500015258789,115.2300033569336,115.06500244140624,115.16000366210938,103835
2025-09-24 14:10:00+00:00,114.94000244140624,115.13999938964844,114.87000274658205,115.13999938964844,124763
2025-09-24 14:15:00+00:00,115.19989776611328,115.20999908447266,114.94000244140624,114.94000244140624,120076
2025-09-24 14:20:00+00:00,115.2699966430664,115.28350067138672,115.1449966430664,115.1999969482422,97936
2025-09-24 14:25:00+00:00,115.23500061035156,115.2699966430664,115.16000366210938,115.2699966430664,110981
2025-09-24 14:30:00+00:00,115.37999725341795,115.37999725341795,115.18000030517578,115.25,131277
2025-09-24 14:35:00+00:00,115.4499969482422,115.51499938964844,115.33000183105467,115.37000274658205,160143
2025-09-24 14:40:00+00:00,115.41000366210938,115.44499969482422,115.31999969482422,115.41999816894533,85257
2025-09-24 14:45:00+00:00,115.33300018310548,115.44000244140624,115.31999969482422,115.41999816894533,73749
2025-09-24 14:50:00+00:00,115.34500122070312,115.4000015258789,115.23999786376952,115.33000183105467,126264
2025-09-24 14:55:00+00:00,115.48999786376952,115.5,115.29000091552734,115.33000183105467,123609
2025-09-24 15:00:00+00:00,115.4000015258789,115.58000183105467,115.37999725341795,115.5,223237
2025-09-24 15:05:00+00:00,115.38999938964844,115.47760009765624,115.3499984741211,115.38999938964844,94376
2025-09-24 15:10:00+00:00,115.29000091552734,115.3949966430664,115.27999877929688,115.38999938964844,131037
2025-09-24 15:15:00+00:00,115.37999725341795,115.46499633789062,115.27999877929688,115.29000091552734,147113
2025-09-24 15:20:00+00:00,115.30999755859376,115.43000030517578,115.3000030517578,115.37999725341795,78923
2025-09-24 15:25:00+00:00,115.43000030517578,115.44000244140624,115.29499816894533,115.30500030517578,115851
2025-09-24 15:30:00+00:00,115.52999877929688,115.5500030517578,115.39869689941406,115.44000244140624,190138
2025-09-24 15:35:00+00:00,115.62999725341795,115.62999725341795,115.5199966430664,115.52999877929688,95239
2025-09-24 15:40:00+00:00,115.68000030517578,115.68499755859376,115.56500244140624,115.62999725341795,132421
2025-09-24 15:45:00+00:00,115.6249008178711,115.76000213623048,115.62000274658205,115.68000030517578,138774
2025-09-24 15:50:00+00:00,115.52999877929688,115.70999908447266,115.49500274658205,115.62999725341795,118057
2025-09-24 15:55:00+00:00,115.45999908447266,115.58999633789062,115.45999908447266,115.5250015258789,98343
2025-09-24 16:00:00+00:00,115.51000213623048,115.52200317382812,115.43000030517578,115.45999908447266,69257
2025-09-24 16:05:00+00:00,115.51499938964844,115.52999877929688,115.40499877929688,115.51000213623048,67379
2025-09-24 16:10:00+00:00,115.52999877929688,115.6500015258789,115.47000122070312,115.51000213623048,133784
2025-09-24 16:15:00+00:00,115.45500183105467,115.55259704589844,115.45500183105467,115.5500030517578,71596
2025-09-24 16:20:00+00:00,115.58000183105467,115.59500122070312,115.44000244140624,115.47000122070312,52590
2025-09-24 16:25:00+00:00,115.44000244140624,115.61000061035156,115.43000030517578,115.58999633789062,74590
2025-09-24 16:30:00+00:00,115.53500366210938,115.56500244140624,115.43499755859376,115.44000244140624,82890
2025-09-24 16:35:00+00:00,115.4800033569336,115.5749969482422,115.4499969482422,115.53500366210938,54992
2025-09-24 16:40:00+00:00,115.41349792480467,115.51000213623048,115.3499984741211,115.48999786376952,63770
2025-09-24 16:45:00+00:00,115.37999725341795,115.41999816894533,115.33499908447266,115.41000366210938,52114
2025-09-24 16:50:00+00:00,115.3727035522461,115.44519805908205,115.33000183105467,115.38999938964844,106412
2025-09-24 16:55:00+00:00,115.36000061035156,115.38009643554688,115.30500030517578,115.36499786376952,46224
2025-09-24 17:00:00+00:00,115.37000274658205,115.43499755859376,115.3000030517578,115.36000061035156,67643
2025-09-24 17:05:00+00:00,115.3949966430664,115.41000366210938,115.35579681396484,115.3634033203125,37468
2025-09-24 17:10:00+00:00,115.45999908447266,115.5272979736328,115.38999938964844,115.38999938964844,99739
2025-09-24 17:15:00+00:00,115.54419708251952,115.5999984741211,115.45999908447266,115.45999908447266,158377
2025-09-24 17:20:00+00:00,115.48999786376952,115.54499816894533,115.43000030517578,115.54000091552734,48914
2025-09-24 17:25:00+00:00,115.51000213623048,115.51000213623048,115.4499969482422,115.48999786376952,38420
2025-09-24 17:30:00+00:00,115.4250030517578,115.53569793701172,115.41999816894533,115.51000213623048,62250
2025-09-24 17:35:00+00:00,115.44499969482422,115.44499969482422,115.37000274658205,115.41999816894533,36368
2025-09-24 17:40:00+00:00,115.41000366210938,115.4800033569336,115.3949966430664,115.4499969482422,49102
2025-09-24 17:45:00+00:00,115.31999969482422,115.4000015258789,115.3000030517578,115.4000015258789,60182
2025-09-24 17:50:00+00:00,115.36499786376952,115.37999725341795,115.3000030517578,115.31500244140624,70872
2025-09-24 17:55:00+00:00,115.33000183105467,115.4250030517578,115.33000183105467,115.37000274658205,37348
2025-09-24 18:00:00+00:00,115.31500244140624,115.36000061035156,115.3000030517578,115.33000183105467,45752
2025-09-24 18:05:00+00:00,115.2300033569336,115.30010223388672,115.1999969482422,115.3000030517578,58673
2025-09-24 18:10:00+00:00,115.21499633789062,115.3000030517578,115.19139862060548,115.2300033569336,74629
2025-09-24 18:15:00+00:00,115.25499725341795,115.28500366210938,115.21499633789062,115.22000122070312,42595
2025-09-24 18:20:00+00:00,115.1750030517578,115.2699966430664,115.16999816894533,115.25,46870
2025-09-24 18:25:00+00:00,115.16500091552734,115.2300033569336,115.15499877929688,115.16999816894533,63054
2025-09-24 18:30:00+00:00,115.11969757080078,115.19000244140624,115.08999633789062,115.16999816894533,89114
2025-09-24 18:35:00+00:00,115.04499816894533,115.12999725341795,114.94499969482422,115.12000274658205,105809
2025-09-24 18:40:00+00:00,114.83100128173828,115.04989624023438,114.83000183105467,115.04989624023438,67639
2025-09-24 18:45:00+00:00,114.7699966430664,114.87000274658205,114.7249984741211,114.83000183105467,58802
2025-09-24 18:50:00+00:00,114.7699966430664,114.81009674072266,114.75,114.7699966430664,67024
2025-09-24 18:55:00+00:00,114.76000213623048,114.79000091552734,114.70500183105467,114.7759017944336,54140
2025-09-24 19:00:00+00:00,114.61499786376952,114.75499725341795,114.5999984741211,114.75499725341795,67883
2025-09-24 19:05:00+00:00,114.56999969482422,114.6250991821289,114.52999877929688,114.62239837646484,83645
2025-09-24 19:10:00+00:00,114.61499786376952,114.66500091552734,114.52410125732422,114.57550048828124,120050
2025-09-24 19:15:00+00:00,114.5749969482422,114.66500091552734,114.5749969482422,114.61000061035156,87366
2025-09-24 19:20:00+00:00,114.58000183105467,114.61499786376952,114.5250015258789,114.58000183105467,84054
2025-09-24 19:25:00+00:00,114.6050033569336,114.61000061035156,114.5500030517578,114.58999633789062,103832
2025-09-24 19:30:00+00:00,114.74500274658205,114.76000213623048,114.58499908447266,114.5999984741211,123428
2025-09-24 19:35:00+00:00,114.79000091552734,114.79000091552734,114.6999969482422,114.75,93169
2025-09-24 19:40:00+00:00,114.62999725341795,114.83000183105467,114.625,114.8000030517578,185835
2025-09-24 19:45:00+00:00,114.7750015258789,114.8499984741211,114.63009643554688,114.63500213623048,157079
2025-09-24 19:50:00+00:00,114.55999755859376,114.79000091552734,114.5250015258789,114.77999877929688,928586
2025-09-24 19:55:00+00:00,114.5500030517578,114.5999984741211,114.47000122070312,114.5500030517578,715707
2025-09-25 13:30:00+00:00,115.2300033569336,115.41999816894533,114.63999938964844,114.63999938964844,369189
2025-09-25 13:35:00+00:00,115.29000091552734,115.4800033569336,115.11499786376952,115.18499755859376,229477
2025-09-25 13:40:00+00:00,114.83999633789062,115.4499969482422,114.77999877929688,115.29499816894533,294836
2025-09-25 13:45:00+00:00,114.5,115.04000091552734,114.41000366210938,114.79000091552734,211390
2025-09-25 13:50:00+00:00,114.70500183105467,114.81999969482422,114.4749984741211,114.50499725341795,187193
2025-09-25 13:55:00+00:00,114.75,114.7750015258789,114.5500030517578,114.69499969482422,113819
2025-09-25 14:00:00+00:00,115.02999877929688,115.16000366210938,114.73999786376952,114.73999786376952,186984
2025-09-25 14:05:00+00:00,115.06999969482422,115.12000274658205,114.9000015258789,115.0250015258789,125009
2025-09-25 14:10:00+00:00,115.01000213623048,115.06999969482422,114.9000015258789,115.06999969482422,112112
2025-09-25 14:15:00+00:00,114.86000061035156,115.0,114.79000091552734,114.9800033569336,86415
2025-09-25 14:20:00+00:00,114.86000061035156,115.0199966430664,114.81999969482422,114.86000061035156,143955
2025-09-25 14:25:00+00:00,114.91000366210938,114.99500274658205,114.8000030517578,114.8499984741211,79542
2025-09-25 14:30:00+00:00,114.97000122070312,114.98999786376952,114.8499984741211,114.91000366210938,96204
2025-09-25 14:35:00+00:00,115.18000030517578,115.2300033569336,114.97000122070312,114.9800033569336,100336
2025-09-25 14:40:00+00:00,115.02999877929688,115.19000244140624,114.99009704589844,115.18000030517578,103108
2025-09-25 14:45:00+00:00,114.95999908447266,115.04000091552734,114.93009948730467,115.02649688720705,83193
2025-09-25 14:50:00+00:00,115.08000183105467,115.08000183105467,114.91999816894533,114.9499969482422,69760
2025-09-25 14:55:00+00:00,114.99500274658205,115.16000366210938,114.97000122070312,115.08000183105467,99172
2025-09-25 15:00:00+00:00,115.13999938964844,115.17970275878906,114.95999908447266,114.99500274658205,97264
2025-09-25 15:05:00+00:00,115.0999984741211,115.13999938964844,114.9369888305664,115.13999938964844,131738
2025-09-25 15:10:00+00:00,115.27200317382812,115.27999877929688,115.06500244140624,115.11000061035156,106391
2025-09-25 15:15:00+00:00,115.29000091552734,115.33000183105467,115.20999908447266,115.27999877929688,88602
2025-09-25 15:20:00+00:00,115.16999816894533,115.29000091552734,115.12999725341795,115.29000091552734,76406
2025-09-25 15:25:00+00:00,115.26000213623048,115.27999877929688,115.13500213623048,115.16999816894533,86507
2025-09-25 15:30:00+00:00,115.4000015258789,115.4000015258789,115.16999816894533,115.2699966430664,97777
2025-09-25 15:35:00+00:00,115.58000183105467,115.68000030517578,115.4000015258789,115.4000015258789,220955
2025-09-25 15:40:00+00:00,115.56999969482422,115.61000061035156,115.4800033569336,115.5749969482422,78884
2025-09-25 15:45:00+00:00,115.56999969482422,115.66000366210938,115.5500030517578,115.55999755859376,76976
2025-09-25 15:50:00+00:00,115.43000030517578,115.5999984741211,115.3949966430664,115.56999969482422,81361
2025-09-25 15:55:00+00:00,115.4800033569336,115.5749969482422,115.44000244140624,115.44000244140624,93512
2025-09-25 16:00:00+00:00,115.5,115.5,115.41500091552734,115.4800033569336,60227
2025-09-25 16:05:00+00:00,115.5199966430664,115.52999877929688,115.45999908447266,115.5,67325
2025-09-25 16:10:00+00:00,115.33000183105467,115.5250015258789,115.30999755859376,115.5250015258789,47884
2025-09-25 16:15:00+00:00,115.31500244140624,115.4000015258789,115.29499816894533,115.33999633789062,46701
2025-09-25 16:20:00+00:00,115.15489959716795,115.30999755859376,115.15489959716795,115.30999755859376,74506
2025-09-25 16:25:00+00:00,115.3000030517578,115.30989837646484,115.12000274658205,115.16000366210938,62666
2025-09-25 16:30:00+00:00,115.44000244140624,115.44499969482422,115.27839660644533,115.27999877929688,48296
2025-09-25 16:35:00+00:00,115.42350006103516,115.4800033569336,115.4000015258789,115.44419860839844,54438
2025-09-25 16:40:00+00:00,115.38999938964844,115.47000122070312,115.38999938964844,115.44000244140624,48996
2025-09-25 16:45:00+00:00,115.3949966430664,115.4499969482422,115.33000183105467,115.38999938964844,59541
2025-09-25 16:50:00+00:00,115.47000122070312,115.55500030517578,115.4000015258789,115.4000015258789,70475
2025-09-25 16:55:00+00:00,115.47000122070312,115.47579956054688,115.41999816894533,115.45999908447266,77109
2025-09-25 17:00:00+00:00,115.41000366210938,115.4800033569336,115.38240051269533,115.45999908447266,58630
2025-09-25 17:05:00+00:00,115.51000213623048,115.54499816894533,115.37999725341795,115.41000366210938,58516
2025-09-25 17:10:00+00:00,115.61000061035156,115.86000061035156,115.48300170898438,115.51000213623048,200494
2025-09-25 17:15:00+00:00,115.7300033569336,115.75499725341795,115.5199966430664,115.62000274658205,70267
2025-09-25 17:20:00+00:00,115.66999816894533,115.77999877929688,115.6500015258789,115.7300033569336,67516
2025-09-25 17:25:00+00:00,115.89990234375,115.89990234375,115.68470001220705,115.68470001220705,112958
2025-09-25 17:30:00+00:00,115.79499816894533,115.89317321777344,115.69000244140624,115.88999938964844,66674
2025-09-25 17:35:00+00:00,115.76000213623048,115.81999969482422,115.70999908447266,115.79000091552734,88120
2025-09-25 17:40:00+00:00,115.7699966430664,115.81999969482422,115.7300033569336,115.7699966430664,87567
2025-09-25 17:45:00+00:00,115.8000030517578,115.8499984741211,115.76010131835938,115.77999877929688,73614
2025-09-25 17:50:00+00:00,115.58999633789062,115.80500030517578,115.58000183105467,115.80500030517578,83590
2025-09-25 17:55:00+00:00,115.48999786376952,115.58999633789062,115.48310089111328,115.58999633789062,138504
2025-09-25 18:00:00+00:00,115.62000274658205,115.66500091552734,115.47000122070312,115.48999786376952,84332
2025-09-25 18:05:00+00:00,115.61000061035156,115.68659973144533,115.5749969482422,115.62000274658205,89581
2025-09-25 18:10:00+00:00,115.66809844970705,115.72000122070312,115.56999969482422,115.62000274658205,84813
2025-09-25 18:15:00+00:00,115.6999969482422,115.7699966430664,115.66000366210938,115.66000366210938,72471
2025-09-25 18:20:00+00:00,115.6500015258789,115.75499725341795,115.63999938964844,115.69000244140624,213778
2025-09-25 18:25:00+00:00,115.6060028076172,115.73500061035156,115.5500030517578,115.63999938964844,107125
2025-09-25 18:30:00+00:00,115.6238021850586,115.65989685058594,115.59500122070312,115.5999984741211,66493
2025-09-25 18:35:00+00:00,115.62999725341795,115.66000366210938,115.56999969482422,115.6250991821289,79746
2025-09-25 18:40:00+00:00,115.4800033569336,115.68000030517578,115.4749984741211,115.62999725341795,95545
2025-09-25 18:45:00+00:00,115.54000091552734,115.54000091552734,115.4438018798828,115.48999786376952,83979
2025-09-25 18:50:00+00:00,115.50499725341795,115.61000061035156,115.49500274658205,115.54000091552734,90528
2025-09-25 18:55:00+00:00,115.43499755859376,115.52999877929688,115.41500091552734,115.51499938964844,124490
2025-09-25 19:00:00+00:00,115.33499908447266,115.44000244140624,115.3000030517578,115.43000030517578,284580
2025-09-25 19:05:00+00:00,115.30500030517578,115.3499984741211,115.3000030517578,115.33499908447266,99970
2025-09-25 19:10:00+00:00,115.26499938964844,115.33999633789062,115.25499725341795,115.3000030517578,110159
2025-09-25 19:15:00+00:00,115.25499725341795,115.36000061035156,115.25499725341795,115.26000213623048,93875
2025-09-25 19:20:00+00:00,115.2397003173828,115.30500030517578,115.20999908447266,115.26000213623048,125704
2025-09-25 19:25:00+00:00,115.37000274658205,115.37000274658205,115.20999908447266,115.25,117025
2025-09-25 19:30:00+00:00,115.4000015258789,115.4499969482422,115.34500122070312,115.375,141410
2025-09-25 19:35:00+00:00,115.47360229492188,115.51000213623048,115.37999725341795,115.41000366210938,132985
2025-09-25 19:40:00+00:00,115.59500122070312,115.62999725341795,115.41500091552734,115.4749984741211,243220
2025-09-25 19:45:00+00:00,115.56999969482422,115.73989868164062,115.5500030517578,115.58999633789062,472489
2025-09-25 19:50:00+00:00,115.69499969482422,115.70999908447266,115.50499725341795,115.58000183105467,1162108
2025-09-25 19:55:00+00:00,115.5999984741211,115.70500183105467,115.56009674072266,115.6999969482422,706317
2025-09-26 13:30:00+00:00,116.2699966430664,116.37000274658205,115.91999816894533,115.95999908447266,560934
2025-09-26 13:35:00+00:00,116.54000091552734,116.66000366210938,116.16000366210938,116.2699966430664,242383
2025-09-26 13:40:00+00:00,117.16999816894533,117.18000030517578,116.5500030517578,116.5531997680664,375343
2025-09-26 13:45:00+00:00,117.28500366210938,117.37000274658205,117.07469940185548,117.16500091552734,381010
2025-09-26 13:50:00+00:00,117.5,117.51499938964844,117.2300033569336,117.29499816894533,297353
2025-09-26 13:55:00+00:00,117.61499786376952,117.6500015258789,117.44000244140624,117.51000213623048,251391
2025-09-26 14:00:00+00:00,117.6500015258789,117.76000213623048,117.45089721679688,117.5999984741211,292808
2025-09-26 14:05:00+00:00,117.87999725341795,117.94000244140624,117.5999984741211,117.62999725341795,240951
2025-09-26 14:10:00+00:00,118.08000183105467,118.08999633789062,117.77999877929688,117.87000274658205,320405
2025-09-26 14:15:00+00:00,118.19049835205078,118.27999877929688,118.0,118.06999969482422,230936
2025-09-26 14:20:00+00:00,118.16000366210938,118.36000061035156,118.11000061035156,118.22000122070312,299752
2025-09-26 14:25:00+00:00,117.93499755859376,118.18000030517578,117.86000061035156,118.16999816894533,291295
2025-09-26 14:30:00+00:00,117.97000122070312,118.11000061035156,117.86000061035156,117.95999908447266,298477
2025-09-26 14:35:00+00:00,118.0,118.12999725341795,117.8499984741211,117.9800033569336,220462
2025-09-26 14:40:00+00:00,117.70500183105467,118.0,117.6999969482422,118.0,208025
2025-09-26 14:45:00+00:00,117.58999633789062,117.77999877929688,117.45999908447266,117.6999969482422,224984
2025-09-26 14:50:00+00:00,117.52999877929688,117.6999969482422,117.49759674072266,117.5999984741211,131958
2025-09-26 14:55:00+00:00,117.55999755859376,117.73999786376952,117.5199966430664,117.54000091552734,156319
2025-09-26 15:00:00+00:00,117.56999969482422,117.66999816894533,117.49500274658205,117.55999755859376,252668
2025-09-26 15:05:00+00:00,117.43000030517578,117.59500122070312,117.41000366210938,117.55999755859376,228923
2025-09-26 15:10:00+00:00,117.65499877929688,117.69000244140624,117.40499877929688,117.41999816894533,224070
2025-09-26 15:15:00+00:00,117.71499633789062,117.7300033569336,117.51000213623048,117.6500015258789,110933
2025-09-26 15:20:00+00:00,117.73999786376952,117.83999633789062,117.62999725341795,117.72000122070312,87382
2025-09-26 15:25:00+00:00,117.75,117.7699966430664,117.66500091552734,117.73999786376952,104268
2025-09-26 15:30:00+00:00,117.80999755859376,117.81500244140624,117.68000030517578,117.75,221241
2025-09-26 15:35:00+00:00,117.84500122070312,117.9000015258789,117.75,117.80500030517578,131531
2025-09-26 15:40:00+00:00,117.9800033569336,118.0,117.83000183105467,117.83999633789062,121651
2025-09-26 15:45:00+00:00,118.12000274658205,118.13500213623048,117.95999908447266,117.9749984741211,137211
2025-09-26 15:50:00+00:00,118.1050033569336,118.18900299072266,118.05999755859376,118.13200378417967,139432
2025-09-26 15:55:00+00:00,117.9800033569336,118.12999725341795,117.97000122070312,118.0999984741211,103809
2025-09-26 16:00:00+00:00,118.11000061035156,118.20999908447266,117.98999786376952,117.98999786376952,117887
2025-09-26 16:05:00+00:00,118.1698989868164,118.1999969482422,118.05999755859376,118.1050033569336,88560
2025-09-26 16:10:00+00:00,118.0999984741211,118.23999786376952,118.05999755859376,118.1750030517578,122565
2025-09-26 16:15:00+00:00,118.06999969482422,118.12999725341795,118.01000213623048,118.0999984741211,102499
2025-09-26 16:20:00+00:00,118.1500015258789,118.22000122070312,118.06500244140624,118.0749969482422,91913
2025-09-26 16:25:00+00:00,118.0,118.19000244140624,117.95999908447266,118.1500015258789,113748
2025-09-26 16:30:00+00:00,118.12999725341795,118.1449966430664,117.95999908447266,118.0,92472
2025-09-26 16:35:00+00:00,118.1999969482422,118.21499633789062,118.12000274658205,118.12999725341795,67872
2025-09-26 16:40:00+00:00,118.12999725341795,118.20999908447266,118.08000183105467,118.1999969482422,87897
2025-09-26 16:45:00+00:00,118.20989990234376,118.20989990234376,118.12999725341795,118.1520004272461,106754
2025-09-26 16:50:00+00:00,118.1999969482422,118.23999786376952,118.1500015258789,118.19000244140624,105081
2025-09-26 16:55:00+00:00,118.1999969482422,118.2300033569336,118.12999725341795,118.19499969482422,126891
2025-09-26 17:00:00+00:00,118.12999725341795,118.31909942626952,118.11000061035156,118.20999908447266,148885
2025-09-26 17:05:00+00:00,117.9000015258789,118.13999938964844,117.8949966430664,118.12000274658205,158038
2025-09-26 17:10:00+00:00,117.9499969482422,117.97000122070312,117.84500122070312,117.91000366210938,148137
2025-09-26 17:15:00+00:00,117.77999877929688,118.02999877929688,117.69000244140624,117.9499969482422,236619
2025-09-26 17:20:00+00:00,117.72010040283205,117.83000183105467,117.6999969482422,117.76940155029295,70777
2025-09-26 17:25:00+00:00,117.7300033569336,117.77999877929688,117.6999969482422,117.72000122070312,75528
2025-09-26 17:30:00+00:00,117.70999908447266,117.7699966430664,117.69000244140624,117.7300033569336,84861
2025-09-26 17:35:00+00:00,117.58999633789062,117.74500274658205,117.58999633789062,117.7300033569336,181715
2025-09-26 17:40:00+00:00,117.66999816894533,117.8000030517578,117.58499908447266,117.58499908447266,87799
2025-09-26 17:45:00+00:00,117.66000366210938,117.71499633789062,117.62999725341795,117.66000366210938,181094
2025-09-26 17:50:00+00:00,117.6135025024414,117.69000244140624,117.54499816894533,117.66999816894533,73672
2025-09-26 17:55:00+00:00,117.6999969482422,117.71499633789062,117.5999984741211,117.62000274658205,72873
2025-09-26 18:00:00+00:00,117.61499786376952,117.76000213623048,117.5999984741211,117.68499755859376,113744
2025-09-26 18:05:00+00:00,117.55999755859376,117.62999725341795,117.51000213623048,117.61000061035156,167187
2025-09-26 18:10:00+00:00,117.70999908447266,117.70999908447266,117.5500030517578,117.55999755859376,64018
2025-09-26 18:15:00+00:00,117.7300033569336,117.80999755859376,117.71009826660156,117.71009826660156,79097
2025-09-26 18:20:00+00:00,117.79499816894533,117.79499816894533,117.70999908447266,117.7300033569336,84331
2025-09-26 18:25:00+00:00,117.83999633789062,117.88999938964844,117.79000091552734,117.79499816894533,91587
2025-09-26 18:30:00+00:00,117.86000061035156,117.86000061035156,117.62000274658205,117.8499984741211,168238
2025-09-26 18:35:00+00:00,117.7300033569336,117.8949966430664,117.6999969482422,117.87000274658205,78779
2025-09-26 18:40:00+00:00,117.73500061035156,117.76000213623048,117.66000366210938,117.73999786376952,59466
2025-09-26 18:45:00+00:00,117.69000244140624,117.87000274658205,117.677001953125,117.73999786376952,102996
2025-09-26 18:50:00+00:00,117.61000061035156,117.69000244140624,117.5999984741211,117.69000244140624,98930
2025-09-26 18:55:00+00:00,117.45999908447266,117.61000061035156,117.44000244140624,117.5999984741211,218024
2025-09-26 19:00:00+00:00,117.2249984741211,117.5,117.17019653320312,117.45500183105467,223543
2025-09-26 19:05:00+00:00,117.16999816894533,117.25499725341795,117.0,117.2249984741211,258658
2025-09-26 19:10:00+00:00,117.29000091552734,117.3000030517578,117.16500091552734,117.18000030517578,134779
2025-09-26 19:15:00+00:00,117.25,117.30500030517578,117.18009948730467,117.29000091552734,152619
2025-09-26 19:20:00+00:00,117.23500061035156,117.29499816894533,117.1750030517578,117.24500274658205,114548
2025-09-26 19:25:00+00:00,117.26000213623048,117.27999877929688,117.19000244140624,117.24500274658205,153329
2025-09-26 19:30:00+00:00,117.31999969482422,117.31999969482422,117.20500183105467,117.2699966430664,130815
2025-09-26 19:35:00+00:00,117.44000244140624,117.45999908447266,117.26380157470705,117.31500244140624,149315
2025-09-26 19:40:00+00:00,117.36000061035156,117.4499969482422,117.33499908447266,117.44000244140624,189383
2025-09-26 19:45:00+00:00,117.47000122070312,117.4800033569336,117.34500122070312,117.3550033569336,208034
2025-09-26 19:50:00+00:00,117.1449966430664,117.47000122070312,117.06999969482422,117.47000122070312,478090
2025-09-26 19:55:00+00:00,117.2300033569336,117.2300033569336,117.06999969482422,117.13999938964844,1559732
2025-09-29 13:30:00+00:00,116.22000122070312,116.5,115.73719787597656,116.05999755859376,561465
2025-09-29 13:35:00+00:00,115.8000030517578,116.25,115.64009857177734,116.1999969482422,273637
2025-09-29 13:40:00+00:00,115.6999969482422,115.875,115.4499969482422,115.81780242919922,185342
2025-09-29 13:45:00+00:00,115.19000244140624,115.83000183105467,115.16500091552734,115.6500015258789,296647
2025-09-29 13:50:00+00:00,115.23500061035156,115.43499755859376,115.08000183105467,115.16999816894533,312949
2025-09-29 13:55:00+00:00,115.0,115.33999633789062,114.98999786376952,115.25,214707
2025-09-29 14:00:00+00:00,114.93000030517578,115.0500030517578,114.80999755859376,115.01000213623048,210586
2025-09-29 14:05:00+00:00,114.87999725341795,114.98999786376952,114.79000091552734,114.94000244140624,201302
2025-09-29 14:10:00+00:00,114.81900024414062,114.94000244140624,114.63999938964844,114.86499786376952,188114
2025-09-29 14:15:00+00:00,114.70500183105467,114.86000061035156,114.6364974975586,114.80999755859376,219265
2025-09-29 14:20:00+00:00,114.63500213623048,114.79000091552734,114.54000091552734,114.69000244140624,290908
2025-09-29 14:25:00+00:00,114.63500213623048,114.8249969482422,114.5999984741211,114.6449966430664,218346
2025-09-29 14:30:00+00:00,114.70999908447266,114.81500244140624,114.58000183105467,114.62999725341795,170812
2025-09-29 14:35:00+00:00,114.87899780273438,114.87999725341795,114.62999725341795,114.6999969482422,129350
2025-09-29 14:40:00+00:00,114.87000274658205,114.91500091552734,114.80999755859376,114.87000274658205,94093
2025-09-29 14:45:00+00:00,114.83000183105467,114.9000015258789,114.7750015258789,114.87000274658205,153322
2025-09-29 14:50:00+00:00,114.78500366210938,114.87000274658205,114.69499969482422,114.8249969482422,103440
2025-09-29 14:55:00+00:00,114.63999938964844,114.77999877929688,114.59329986572266,114.77999877929688,129311
2025-09-29 15:00:00+00:00,114.58999633789062,114.72989654541016,114.51000213623048,114.62000274658205,174052
2025-09-29 15:05:00+00:00,114.54000091552734,114.63999938964844,114.4800033569336,114.58999633789062,156904
2025-09-29 15:10:00+00:00,114.5500030517578,114.62000274658205,114.43000030517578,114.5500030517578,209991
2025-09-29 15:15:00+00:00,114.70999908447266,114.72000122070312,114.5447998046875,114.5500030517578,184639
2025-09-29 15:20:00+00:00,114.87999725341795,114.95989990234376,114.70089721679688,114.70999908447266,172419
2025-09-29 15:25:00+00:00,114.81999969482422,114.99500274658205,114.80999755859376,114.87999725341795,136898
2025-09-29 15:30:00+00:00,114.72000122070312,114.81500244140624,114.61000061035156,114.81500244140624,193246
2025-09-29 15:35:00+00:00,114.59500122070312,114.73999786376952,114.4499969482422,114.72000122070312,219557
2025-09-29 15:40:00+00:00,114.59500122070312,114.625,114.5165023803711,114.5999984741211,152942
2025-09-29 15:45:00+00:00,114.5500030517578,114.6449966430664,114.54000091552734,114.58999633789062,127419
2025-09-29 15:50:00+00:00,114.51000213623048,114.58000183105467,114.37999725341795,114.5500030517578,138718
2025-09-29 15:55:00+00:00,114.4800033569336,114.55999755859376,114.43000030517578,114.51000213623048,192105
2025-09-29 16:00:00+00:00,114.38490295410156,114.52999877929688,114.38490295410156,114.4800033569336,86884
2025-09-29 16:05:00+00:00,114.43000030517578,114.46209716796876,114.33999633789062,114.38999938964844,137156
2025-09-29 16:10:00+00:00,114.48999786376952,114.5,114.38999938964844,114.4250030517578,111894
2025-09-29 16:15:00+00:00,114.37999725341795,114.5,114.34349822998048,114.48999786376952,85438
2025-09-29 16:20:00+00:00,114.33999633789062,114.37999725341795,114.26000213623048,114.37000274658205,86573
2025-09-29 16:25:00+00:00,114.2699966430664,114.37999725341795,114.26000213623048,114.34500122070312,73461
2025-09-29 16:30:00+00:00,114.33989715576172,114.33999633789062,114.2300033569336,114.27999877929688,138512
2025-09-29 16:35:00+00:00,114.31999969482422,114.3249969482422,114.2699966430664,114.31999969482422,63109
2025-09-29 16:40:00+00:00,114.44000244140624,114.44000244140624,114.24250030517578,114.30999755859376,101433
2025-09-29 16:45:00+00:00,114.45999908447266,114.5,114.4000015258789,114.44000244140624,137708
2025-09-29 16:50:00+00:00,114.3499984741211,114.47000122070312,114.32129669189452,114.45999908447266,80112
2025-09-29 16:55:00+00:00,114.25499725341795,114.3550033569336,114.1999969482422,114.33999633789062,107391
2025-09-29 17:00:00+00:00,114.19000244140624,114.2699966430664,114.13999938964844,114.26000213623048,83617
2025-09-29 17:05:00+00:00,114.08000183105467,114.23899841308594,114.0500030517578,114.19000244140624,98074
2025-09-29 17:10:00+00:00,114.15499877929688,114.1999969482422,114.06999969482422,114.08999633789062,108030
2025-09-29 17:15:00+00:00,114.16000366210938,114.21990203857422,114.12999725341795,114.16000366210938,61318
2025-09-29 17:20:00+00:00,114.04989624023438,114.18800354003906,114.02999877929688,114.18000030517578,103078
2025-09-29 17:25:00+00:00,113.97000122070312,114.05989837646484,113.90149688720705,114.04000091552734,146967
2025-09-29 17:30:00+00:00,113.97000122070312,113.98500061035156,113.86000061035156,113.9749984741211,140541
2025-09-29 17:35:00+00:00,113.88999938964844,114.01000213623048,113.83000183105467,113.95500183105467,104620
2025-09-29 17:40:00+00:00,113.95999908447266,113.98500061035156,113.88999938964844,113.88999938964844,134395
2025-09-29 17:45:00+00:00,113.8249969482422,113.95999908447266,113.7300033569336,113.95999908447266,228550
2025-09-29 17:50:00+00:00,113.91000366210938,113.91500091552734,113.83000183105467,113.83000183105467,80908
2025-09-29 17:55:00+00:00,113.88500213623048,113.91000366210938,113.83499908447266,113.91000366210938,62414
2025-09-29 18:00:00+00:00,113.86620330810548,113.90499877929688,113.83999633789062,113.87999725341795,81668
2025-09-29 18:05:00+00:00,113.83999633789062,113.94000244140624,113.82250213623048,113.86499786376952,83216
2025-09-29 18:10:00+00:00,113.95500183105467,113.97000122070312,113.83000183105467,113.84500122070312,114773
2025-09-29 18:15:00+00:00,113.95999908447266,114.0,113.93000030517578,113.95500183105467,87842
2025-09-29 18:20:00+00:00,114.05999755859376,114.06999969482422,113.93000030517578,113.9499969482422,178441
2025-09-29 18:25:00+00:00,114.04000091552734,114.08000183105467,113.95999908447266,114.05500030517578,156318
2025-09-29 18:30:00+00:00,114.02999877929688,114.04000091552734,113.97000122070312,114.04000091552734,85323
2025-09-29 18:35:00+00:00,114.0199966430664,114.0999984741211,114.0,114.03500366210938,101194
2025-09-29 18:40:00+00:00,113.87999725341795,114.0199966430664,113.86389923095705,114.0199966430664,111496
2025-09-29 18:45:00+00:00,113.91500091552734,113.93000030517578,113.86499786376952,113.875,78226
2025-09-29 18:50:00+00:00,113.87000274658205,113.96499633789062,113.8550033569336,113.91000366210938,88165
2025-09-29 18:55:00+00:00,113.87999725341795,113.9250030517578,113.8249969482422,113.87000274658205,88847
2025-09-29 19:00:00+00:00,113.93499755859376,114.01000213623048,113.88999938964844,113.88999938964844,100916
2025-09-29 19:05:00+00:00,113.86000061035156,113.95500183105467,113.8499984741211,113.94000244140624,77078
2025-09-29 19:10:00+00:00,113.78500366210938,113.91000366210938,113.75,113.8499984741211,150901
2025-09-29 19:15:00+00:00,113.7699966430664,113.79499816894533,113.70700073242188,113.78500366210938,133522
2025-09-29 19:20:00+00:00,113.72000122070312,113.83000183105467,113.72000122070312,113.77999877929688,118983
2025-09-29 19:25:00+00:00,113.71499633789062,113.76000213623048,113.66500091552734,113.71700286865234,130192
2025-09-29 19:30:00+00:00,113.8550033569336,113.8949966430664,113.69000244140624,113.70999908447266,185433
2025-09-29 19:35:00+00:00,113.83499908447266,113.875,113.8000030517578,113.8550033569336,133610
2025-09-29 19:40:00+00:00,113.875,113.91000366210938,113.8249969482422,113.83499908447266,197082
2025-09-29 19:45:00+00:00,113.875,113.9749984741211,113.83000183105467,113.875,239945
2025-09-29 19:50:00+00:00,114.04000091552734,114.12000274658205,113.8499984741211,113.87999725341795,1169134
2025-09-29 19:55:00+00:00,114.22000122070312,114.22000122070312,113.95999908447266,114.03500366210938,1037385
2025-09-30 13:30:00+00:00,112.90499877929688,113.48999786376952,112.58999633789062,113.3499984741211,900403
2025-09-30 13:35:00+00:00,113.16000366210938,113.25,112.8000030517578,112.9499969482422,267559
2025-09-30 13:40:00+00:00,113.19499969482422,113.37000274658205,113.0,113.18000030517578,319966
2025-09-30 13:45:00+00:00,113.0,113.31999969482422,112.9446029663086,113.18000030517578,172673
2025-09-30 13:50:00+00:00,113.22250366210938,113.22250366210938,112.9499969482422,113.0,155044
2025-09-30 13:55:00+00:00,113.33000183105467,113.41000366210938,113.1999969482422,113.21759796142578,155696
2025-09-30 14:00:00+00:00,113.13999938964844,113.43499755859376,113.11000061035156,113.33999633789062,172662
2025-09-30 14:05:00+00:00,113.05999755859376,113.33999633789062,113.04000091552734,113.1500015258789,238892
2025-09-30 14:10:00+00:00,112.86000061035156,113.12000274658205,112.80999755859376,113.05500030517578,204406
2025-09-30 14:15:00+00:00,112.98999786376952,113.0199966430664,112.86499786376952,112.86499786376952,135001
2025-09-30 14:20:00+00:00,112.87999725341795,112.98660278320312,112.86930084228516,112.98380279541016,106458
2025-09-30 14:25:00+00:00,112.66999816894533,112.94000244140624,112.65499877929688,112.87999725341795,141117
2025-09-30 14:30:00+00:00,112.45999908447266,112.68000030517578,112.37000274658205,112.68000030517578,187632
2025-09-30 14:35:00+00:00,112.37999725341795,112.56500244140624,112.3499984741211,112.4499969482422,175143
2025-09-30 14:40:00+00:00,112.43000030517578,112.45999908447266,112.3499984741211,112.37000274658205,112460
2025-09-30 14:45:00+00:00,112.44000244140624,112.5500030517578,112.36000061035156,112.43000030517578,96980
2025-09-30 14:50:00+00:00,112.42829895019533,112.43499755859376,112.34500122070312,112.43499755859376,77469
2025-09-30 14:55:00+00:00,112.41999816894533,112.45500183105467,112.33999633789062,112.41999816894533,134820
2025-09-30 15:00:00+00:00,112.52999877929688,112.52999877929688,112.3550033569336,112.41999816894533,101864
2025-09-30 15:05:00+00:00,112.53500366210938,112.58999633789062,112.44000244140624,112.52999877929688,130807
2025-09-30 15:10:00+00:00,112.61000061035156,112.61499786376952,112.45999908447266,112.54000091552734,140762
2025-09-30 15:15:00+00:00,112.58300018310548,112.65989685058594,112.4749984741211,112.5999984741211,110879
2025-09-30 15:20:00+00:00,112.625,112.69000244140624,112.50499725341795,112.58499908447266,131871
2025-09-30 15:25:00+00:00,112.68000030517578,112.68000030517578,112.55999755859376,112.625,86535
2025-09-30 15:30:00+00:00,112.61000061035156,112.69499969482422,112.56999969482422,112.68000030517578,99473
2025-09-30 15:35:00+00:00,112.66000366210938,112.71499633789062,112.54000091552734,112.62000274658205,180426
2025-09-30 15:40:00+00:00,113.01000213623048,113.05999755859376,112.41999816894533,112.66000366210938,659272
2025-09-30 15:45:00+00:00,112.72000122070312,113.33999633789062,112.66000366210938,113.01000213623048,413062
2025-09-30 15:50:00+00:00,112.81500244140624,112.9000015258789,112.6500015258789,112.70999908447266,281756
2025-09-30 15:55:00+00:00,112.87999725341795,112.88999938964844,112.75,112.81999969482422,66734
2025-09-30 16:00:00+00:00,112.79000091552734,112.88999938964844,112.77870178222656,112.88500213623048,63671
2025-09-30 16:05:00+00:00,112.91000366210938,112.91000366210938,112.75499725341795,112.8000030517578,63367
2025-09-30 16:10:00+00:00,112.72000122070312,112.91000366210938,112.66999816894533,112.91000366210938,87326
2025-09-30 16:15:00+00:00,112.9000015258789,112.9000015258789,112.70999908447266,112.7249984741211,72121
2025-09-30 16:20:00+00:00,112.75,112.91999816894533,112.75,112.91000366210938,76455
2025-09-30 16:25:00+00:00,112.77010345458984,112.83999633789062,112.7582015991211,112.7582015991211,67647
2025-09-30 16:30:00+00:00,112.7300033569336,112.79000091552734,112.70500183105467,112.78990173339844,66982
2025-09-30 16:35:00+00:00,112.72000122070312,112.76100158691406,112.68499755859376,112.7249984741211,51735
2025-09-30 16:40:00+00:00,112.73999786376952,112.73999786376952,112.69000244140624,112.72000122070312,67938
2025-09-30 16:45:00+00:00,112.5500030517578,112.73999786376952,112.25,112.7300033569336,301198
2025-09-30 16:50:00+00:00,112.53500366210938,112.6050033569336,112.51000213623048,112.5500030517578,64444
2025-09-30 16:55:00+00:00,112.51000213623048,112.55500030517578,112.45999908447266,112.52999877929688,60406
2025-09-30 17:00:00+00:00,112.43000030517578,112.52980041503906,112.41999816894533,112.51000213623048,83414
2025-09-30 17:05:00+00:00,112.3499984741211,112.48500061035156,112.33499908447266,112.4499969482422,83406
2025-09-30 17:10:00+00:00,112.3000030517578,112.3949966430664,112.23999786376952,112.3499984741211,104007
2025-09-30 17:15:00+00:00,112.25499725341795,112.3000030517578,112.21499633789062,112.3000030517578,108227
2025-09-30 17:20:00+00:00,112.44000244140624,112.44000244140624,112.23500061035156,112.25,80577
2025-09-30 17:25:00+00:00,112.45999908447266,112.50499725341795,112.37750244140624,112.4250030517578,126537
2025-09-30 17:30:00+00:00,112.375,112.45999908447266,112.3499984741211,112.45999908447266,111273
2025-09-30 17:35:00+00:00,112.4198989868164,112.44499969482422,112.30500030517578,112.375,108150
2025-09-30 17:40:00+00:00,112.2249984741211,112.41999816894533,112.20999908447266,112.41500091552734,99663
2025-09-30 17:45:00+00:00,112.07990264892578,112.26799774169922,112.0250015258789,112.2249984741211,228966
2025-09-30 17:50:00+00:00,112.04000091552734,112.11000061035156,111.98999786376952,112.0749969482422,158086
2025-09-30 17:55:00+00:00,112.04000091552734,112.0500030517578,111.93930053710938,112.03500366210938,88140
2025-09-30 18:00:00+00:00,111.99500274658205,112.08000183105467,111.97209930419922,112.04499816894533,77682
2025-09-30 18:05:00+00:00,112.0500030517578,112.05500030517578,111.95999908447266,111.98500061035156,115537
2025-09-30 18:10:00+00:00,112.18000030517578,112.2300033569336,112.02999877929688,112.04000091552734,192100
2025-09-30 18:15:00+00:00,112.11499786376952,112.20500183105467,112.11499786376952,112.19000244140624,112661
2025-09-30 18:20:00+00:00,111.98999786376952,112.18499755859376,111.94499969482422,112.11000061035156,149914
2025-09-30 18:25:00+00:00,111.98500061035156,112.0250015258789,111.95999908447266,111.99500274658205,120455
2025-09-30 18:30:00+00:00,111.9749984741211,112.01499938964844,111.94000244140624,111.98999786376952,100827
2025-09-30 18:35:00+00:00,111.98999786376952,112.0250015258789,111.97000122070312,111.97000122070312,67078
2025-09-30 18:40:00+00:00,112.12999725341795,112.19000244140624,112.0,112.0,93833
2025-09-30 18:45:00+00:00,112.1449966430664,112.16000366210938,112.08999633789062,112.13999938964844,75839
2025-09-30 18:50:00+00:00,112.15619659423828,112.18000030517578,112.0999984741211,112.1500015258789,78532
2025-09-30 18:55:00+00:00,112.2750015258789,112.28500366210938,112.12000274658205,112.15499877929688,104090
2025-09-30 19:00:00+00:00,112.4749984741211,112.48999786376952,112.24839782714844,112.27999877929688,131125
2025-09-30 19:05:00+00:00,112.4800033569336,112.59510040283205,112.45999908447266,112.4749984741211,107686
2025-09-30 19:10:00+00:00,112.31999969482422,112.5,112.31999969482422,112.5,215553
2025-09-30 19:15:00+00:00,112.36000061035156,112.3949966430664,112.30999755859376,112.3249969482422,128304
2025-09-30 19:20:00+00:00,112.38500213623048,112.43499755859376,112.31999969482422,112.36100006103516,138324
2025-09-30 19:25:00+00:00,112.33499908447266,112.4499969482422,112.33499908447266,112.38500213623048,187536
2025-09-30 19:30:00+00:00,112.24530029296876,112.3499984741211,112.21499633789062,112.33499908447266,217529
2025-09-30 19:35:00+00:00,112.25499725341795,112.37000274658205,112.24500274658205,112.25,305890
2025-09-30 19:40:00+00:00,112.3249969482422,112.41000366210938,112.1999969482422,112.25990295410156,281492
2025-09-30 19:45:00+00:00,112.5999984741211,112.9499969482422,112.3000030517578,112.31999969482422,562883
2025-09-30 19:50:00+00:00,112.79000091552734,112.8499984741211,112.45999908447266,112.58000183105467,1165670
2025-09-30 19:55:00+00:00,112.73500061035156,112.88999938964844,112.73500061035156,112.8000030517578,797870
2025-10-01 13:30:00+00:00,112.7300033569336,112.86000061035156,112.3499984741211,112.55999755859376,428930
2025-10-01 13:35:00+00:00,112.83499908447266,112.88999938964844,112.61000061035156,112.75,199422
2025-10-01 13:40:00+00:00,112.76000213623048,113.0199966430664,112.62999725341795,112.8499984741211,429515
2025-10-01 13:45:00+00:00,112.37000274658205,112.77999877929688,112.26000213623048,112.73999786376952,137222
2025-10-01 13:50:00+00:00,112.13999938964844,112.43000030517578,112.0999984741211,112.37000274658205,108471
2025-10-01 13:55:00+00:00,112.12799835205078,112.22000122070312,112.02999877929688,112.13999938964844,141492
2025-10-01 14:00:00+00:00,112.02999877929688,112.22000122070312,111.94300079345705,112.16000366210938,157223
2025-10-01 14:05:00+00:00,111.84500122070312,112.07990264892578,111.8000030517578,112.02999877929688,137864
2025-10-01 14:10:00+00:00,111.88999938964844,111.91000366210938,111.70999908447266,111.86000061035156,141836
2025-10-01 14:15:00+00:00,112.02999877929688,112.05999755859376,111.875,111.88999938964844,138274
2025-10-01 14:20:00+00:00,111.98999786376952,112.05406188964844,111.8550033569336,112.02999877929688,131988
2025-10-01 14:25:00+00:00,112.06500244140624,112.06999969482422,111.93000030517578,111.98707580566406,106994
2025-10-01 14:30:00+00:00,111.94000244140624,112.06500244140624,111.75,112.06500244140624,200550
2025-10-01 14:35:00+00:00,111.87999725341795,112.0,111.7699966430664,111.94000244140624,95093
2025-10-01 14:40:00+00:00,111.99500274658205,112.0199966430664,111.71499633789062,111.87999725341795,265420
2025-10-01 14:45:00+00:00,112.12000274658205,112.23999786376952,111.93000030517578,112.0,129389
2025-10-01 14:50:00+00:00,112.0,112.16000366210938,111.97810363769533,112.11000061035156,106561
2025-10-01 14:55:00+00:00,111.91840362548828,112.02999877929688,111.8499984741211,112.0,136316
2025-10-01 15:00:00+00:00,111.79000091552734,112.02999877929688,111.76000213623048,111.91000366210938,123408
2025-10-01 15:05:00+00:00,111.8550033569336,111.92990112304688,111.75,111.8000030517578,151827
2025-10-01 15:10:00+00:00,111.81999969482422,111.87999725341795,111.69000244140624,111.8499984741211,230538
2025-10-01 15:15:00+00:00,111.83999633789062,111.8949966430664,111.79000091552734,111.83000183105467,112221
2025-10-01 15:20:00+00:00,112.0999984741211,112.12999725341795,111.8499984741211,111.8499984741211,130960
2025-10-01 15:25:00+00:00,112.08999633789062,112.1999969482422,112.0199966430664,112.11499786376952,116164
2025-10-01 15:30:00+00:00,112.11000061035156,112.12999725341795,111.91999816894533,112.08999633789062,136935
2025-10-01 15:35:00+00:00,112.01000213623048,112.11000061035156,111.99500274658205,112.11000061035156,88855
2025-10-01 15:40:00+00:00,111.91000366210938,112.02999877929688,111.88999938964844,112.01000213623048,96138
2025-10-01 15:45:00+00:00,111.92790222167967,112.0,111.91010284423828,111.94000244140624,76263
2025-10-01 15:50:00+00:00,111.90499877929688,111.9499969482422,111.83999633789062,111.9250030517578,96726
2025-10-01 15:55:00+00:00,111.93000030517578,111.98999786376952,111.9000015258789,111.91999816894533,64982
2025-10-01 16:00:00+00:00,111.9999008178711,112.05500030517578,111.91500091552734,111.9250030517578,107978
2025-10-01 16:05:00+00:00,112.11000061035156,112.11499786376952,111.98500061035156,111.99500274658205,72408
2025-10-01 16:10:00+00:00,112.19499969482422,112.26000213623048,112.11000061035156,112.11000061035156,79663
2025-10-01 16:15:00+00:00,112.21499633789062,112.27999877929688,112.18000030517578,112.1999969482422,140802
2025-10-01 16:20:00+00:00,111.97000122070312,112.25,111.9499969482422,112.21499633789062,200634
2025-10-01 16:25:00+00:00,111.94000244140624,112.01499938964844,111.91999816894533,111.9749984741211,88194
2025-10-01 16:30:00+00:00,111.7249984741211,111.93000030517578,111.72000122070312,111.93000030517578,132853
2025-10-01 16:35:00+00:00,111.58999633789062,111.7300033569336,111.51499938964844,111.7300033569336,239716
2025-10-01 16:40:00+00:00,111.43499755859376,111.61239624023438,111.4250030517578,111.5999984741211,185890
2025-10-01 16:45:00+00:00,111.41000366210938,111.48500061035156,111.33000183105467,111.43000030517578,175098
2025-10-01 16:50:00+00:00,111.48500061035156,111.48500061035156,111.37000274658205,111.41000366210938,143235
2025-10-01 16:55:00+00:00,111.375,111.48500061035156,111.30500030517578,111.48500061035156,101600
2025-10-01 17:00:00+00:00,111.32550048828124,111.41000366210938,111.2925033569336,111.375,96602
2025-10-01 17:05:00+00:00,111.41500091552734,111.44989776611328,111.3249969482422,111.33000183105467,86957
2025-10-01 17:10:00+00:00,111.5,111.5500030517578,111.4000015258789,111.41999816894533,100662
2025-10-01 17:15:00+00:00,111.70500183105467,111.73500061035156,111.51000213623048,111.51000213623048,70555
2025-10-01 17:20:00+00:00,111.76499938964844,111.8000030517578,111.70500183105467,111.70500183105467,81591
2025-10-01 17:25:00+00:00,111.75499725341795,111.83999633789062,111.75,111.76499938964844,73221
2025-10-01 17:30:00+00:00,111.72000122070312,111.7699966430664,111.66999816894533,111.76000213623048,82725
2025-10-01 17:35:00+00:00,111.7300033569336,111.75,111.63999938964844,111.72000122070312,107703
2025-10-01 17:40:00+00:00,111.77999877929688,111.79000091552734,111.69000244140624,111.7300033569336,90221
2025-10-01 17:45:00+00:00,111.8000030517578,111.83000183105467,111.7249984741211,111.77999877929688,79336
2025-10-01 17:50:00+00:00,111.8949966430664,111.90499877929688,111.7699966430664,111.79199981689452,75072
2025-10-01 17:55:00+00:00,111.78500366210938,111.95970153808594,111.75,111.9000015258789,104448
2025-10-01 18:00:00+00:00,111.7656021118164,111.84010314941406,111.68000030517578,111.78500366210938,99372
2025-10-01 18:05:00+00:00,111.8499984741211,111.86000061035156,111.75499725341795,111.76309967041016,86591
2025-10-01 18:10:00+00:00,111.79499816894533,111.86499786376952,111.79010009765624,111.8550033569336,84294
2025-10-01 18:15:00+00:00,111.8000030517578,111.86499786376952,111.76499938964844,111.79499816894533,90730
2025-10-01 18:20:00+00:00,111.8499984741211,111.86000061035156,111.76499938964844,111.80999755859376,101265
2025-10-01 18:25:00+00:00,111.94499969482422,111.95999908447266,111.7699966430664,111.8550033569336,108920
2025-10-01 18:30:00+00:00,111.79499816894533,111.9800033569336,111.79000091552734,111.94000244140624,92455
2025-10-01 18:35:00+00:00,111.76000213623048,111.79000091552734,111.72000122070312,111.79000091552734,124121
2025-10-01 18:40:00+00:00,111.79499816894533,111.81990051269533,111.76000213623048,111.76000213623048,86566
2025-10-01 18:45:00+00:00,111.99500274658205,112.0,111.78500366210938,111.79499816894533,109175
2025-10-01 18:50:00+00:00,111.93499755859376,111.99500274658205,111.91999816894533,111.98999786376952,90215
2025-10-01 18:55:00+00:00,111.99500274658205,112.05500030517578,111.92829895019533,111.93000030517578,110912
2025-10-01 19:00:00+00:00,112.11000061035156,112.11499786376952,111.99500274658205,111.99500274658205,164028
2025-10-01 19:05:00+00:00,112.09500122070312,112.125,112.05999755859376,112.11499786376952,129190
2025-10-01 19:10:00+00:00,112.1449966430664,112.1449966430664,112.05999755859376,112.09500122070312,126447
2025-10-01 19:15:00+00:00,112.26499938964844,112.31999969482422,112.13999938964844,112.1449966430664,179043
2025-10-01 19:20:00+00:00,112.2699966430664,112.3000030517578,112.22000122070312,112.26000213623048,141706
2025-10-01 19:25:00+00:00,112.40650177001952,112.41999816894533,112.26499938964844,112.2699966430664,121810
2025-10-01 19:30:00+00:00,112.45500183105467,112.47000122070312,112.3949966430664,112.40499877929688,157218
2025-10-01 19:35:00+00:00,112.38999938964844,112.47000122070312,112.38999938964844,112.45500183105467,174382
2025-10-01 19:40:00+00:00,112.27999877929688,112.39969635009766,112.2300033569336,112.38999938964844,247098
2025-10-01 19:45:00+00:00,112.11499786376952,112.30500030517578,112.11499786376952,112.28500366210938,241485
2025-10-01 19:50:00+00:00,112.08999633789062,112.13999938964844,112.0199966430664,112.12000274658205,1107092
2025-10-01 19:55:00+00:00,111.9800033569336,112.12000274658205,111.91500091552734,112.0999984741211,872427
2025-10-02 13:30:00+00:00,111.81999969482422,112.31999969482422,111.81999969482422,111.97000122070312,75766
2025-10-02 13:35:00+00:00,112.5500030517578,112.5500030517578,111.61499786376952,111.71499633789062,650641
2025-10-02 13:40:00+00:00,112.62989807128906,112.62999725341795,112.40750122070312,112.48999786376952,145365
2025-10-02 13:45:00+00:00,112.77999877929688,112.81999969482422,112.4800033569336,112.61000061035156,182689
2025-10-02 13:50:00+00:00,112.7699966430664,112.91000366210938,112.6500015258789,112.8000030517578,320992
2025-10-02 13:55:00+00:00,112.93000030517578,112.96499633789062,112.7699966430664,112.77999877929688,166950
2025-10-02 14:00:00+00:00,113.02999877929688,113.08999633789062,112.77960205078124,112.93000030517578,252339
2025-10-02 14:05:00+00:00,112.68499755859376,113.0500030517578,112.62999725341795,113.02999877929688,203927
2025-10-02 14:10:00+00:00,112.6449966430664,112.94000244140624,112.61000061035156,112.66999816894533,189213
2025-10-02 14:15:00+00:00,112.68000030517578,112.69229888916016,112.5,112.63999938964844,115716
2025-10-02 14:20:00+00:00,112.70999908447266,112.75499725341795,112.58499908447266,112.68000030517578,108762
2025-10-02 14:25:00+00:00,112.88980102539062,112.94000244140624,112.69000244140624,112.71499633789062,126054
2025-10-02 14:30:00+00:00,112.70999908447266,112.91999816894533,112.6708984375,112.88999938964844,120061
2025-10-02 14:35:00+00:00,112.58499908447266,112.70999908447266,112.5199966430664,112.70999908447266,120253
2025-10-02 14:40:00+00:00,112.50499725341795,112.58000183105467,112.38999938964844,112.56999969482422,117672
2025-10-02 14:45:00+00:00,112.2699966430664,112.52999877929688,112.22000122070312,112.47000122070312,109716
2025-10-02 14:50:00+00:00,112.27999877929688,112.37000274658205,112.22000122070312,112.26000213623048,126572
2025-10-02 14:55:00+00:00,112.29000091552734,112.37999725341795,112.2699966430664,112.27999877929688,123014
2025-10-02 15:00:00+00:00,112.1999969482422,112.3550033569336,112.13500213623048,112.3000030517578,124734
2025-10-02 15:05:00+00:00,112.18499755859376,112.22650146484376,112.06999969482422,112.1999969482422,120807
2025-10-02 15:10:00+00:00,112.0,112.19000244140624,111.91999816894533,112.18000030517578,113764
2025-10-02 15:15:00+00:00,112.04000091552734,112.08999633789062,111.95999908447266,112.0,107284
2025-10-02 15:20:00+00:00,112.0199966430664,112.06999969482422,111.91999816894533,112.0500030517578,61304
2025-10-02 15:25:00+00:00,111.94000244140624,112.05500030517578,111.91000366210938,112.0199966430664,94589
2025-10-02 15:30:00+00:00,111.86000061035156,111.95999908447266,111.81999969482422,111.95999908447266,74445
2025-10-02 15:35:00+00:00,111.83000183105467,111.91000366210938,111.66000366210938,111.87000274658205,110765
2025-10-02 15:40:00+00:00,111.88500213623048,111.95999908447266,111.8376007080078,111.8499984741211,61869
2025-10-02 15:45:00+00:00,111.8499984741211,111.93000030517578,111.7699966430664,111.88500213623048,233238
2025-10-02 15:50:00+00:00,111.8949966430664,112.0199966430664,111.81999969482422,111.8499984741211,98995
2025-10-02 15:55:00+00:00,111.83499908447266,111.9000015258789,111.75,111.9000015258789,78984
2025-10-02 16:00:00+00:00,111.69499969482422,111.83999633789062,111.69000244140624,111.83499908447266,84312
2025-10-02 16:05:00+00:00,111.6050033569336,111.77999877929688,111.58999633789062,111.69499969482422,82133
2025-10-02 16:10:00+00:00,111.51000213623048,111.63970184326172,111.47000122070312,111.6050033569336,124601
2025-10-02 16:15:00+00:00,111.45999908447266,111.54499816894533,111.4499969482422,111.5199966430664,136594
2025-10-02 16:20:00+00:00,111.41000366210938,111.47989654541016,111.38999938964844,111.45500183105467,143740
2025-10-02 16:25:00+00:00,111.4800033569336,111.5199966430664,111.38200378417967,111.38999938964844,81654
2025-10-02 16:30:00+00:00,111.56999969482422,111.58999633789062,111.45999908447266,111.4800033569336,100222
2025-10-02 16:35:00+00:00,111.63999938964844,111.72000122070312,111.58000183105467,111.58499908447266,71679
2025-10-02 16:40:00+00:00,111.5999984741211,111.6500015258789,111.56900024414062,111.6500015258789,66674
2025-10-02 16:45:00+00:00,111.4800033569336,111.62999725341795,111.4800033569336,111.59500122070312,73922
2025-10-02 16:50:00+00:00,111.47000122070312,111.5199966430664,111.43499755859376,111.4800033569336,68249
2025-10-02 16:55:00+00:00,111.33999633789062,111.49500274658205,111.30500030517578,111.47000122070312,118412
2025-10-02 17:00:00+00:00,111.1999969482422,111.3499984741211,111.16999816894533,111.33999633789062,133543
2025-10-02 17:05:00+00:00,111.125,111.2300033569336,111.0999984741211,111.1999969482422,115870
2025-10-02 17:10:00+00:00,111.05999755859376,111.12000274658205,111.0250015258789,111.12000274658205,111621
2025-10-02 17:15:00+00:00,111.1500015258789,111.23500061035156,111.0500030517578,111.05999755859376,179823
2025-10-02 17:20:00+00:00,111.30999755859376,111.30999755859376,111.11000061035156,111.15499877929688,104061
2025-10-02 17:25:00+00:00,111.31999969482422,111.31999969482422,111.22000122070312,111.30999755859376,72632
2025-10-02 17:30:00+00:00,111.18499755859376,111.31999969482422,111.1500015258789,111.31839752197266,109595
2025-10-02 17:35:00+00:00,111.23500061035156,111.31999969482422,111.18000030517578,111.18000030517578,74288
2025-10-02 17:40:00+00:00,111.29499816894533,111.37000274658205,111.23999786376952,111.23999786376952,131363
2025-10-02 17:45:00+00:00,111.28500366210938,111.33000183105467,111.1500015258789,111.29499816894533,65373
2025-10-02 17:50:00+00:00,111.28500366210938,111.33499908447266,111.25499725341795,111.28500366210938,70056
2025-10-02 17:55:00+00:00,111.33000183105467,111.38999938964844,111.27999877929688,111.28500366210938,72793
2025-10-02 18:00:00+00:00,111.45999908447266,111.45999908447266,111.27999877929688,111.33000183105467,89197
2025-10-02 18:05:00+00:00,111.5999984741211,111.62000274658205,111.4499969482422,111.4749984741211,86632
2025-10-02 18:10:00+00:00,111.55999755859376,111.66000366210938,111.50499725341795,111.58999633789062,69641
2025-10-02 18:15:00+00:00,111.54499816894533,111.56500244140624,111.5199966430664,111.55999755859376,83671
2025-10-02 18:20:00+00:00,111.48500061035156,111.56999969482422,111.47000122070312,111.5500030517578,56683
2025-10-02 18:25:00+00:00,111.45500183105467,111.50499725341795,111.4250030517578,111.48999786376952,54862
2025-10-02 18:30:00+00:00,111.54000091552734,111.59500122070312,111.44499969482422,111.45500183105467,125563
2025-10-02 18:35:00+00:00,111.625,111.66010284423828,111.5199966430664,111.54000091552734,112505
2025-10-02 18:40:00+00:00,111.53500366210938,111.61499786376952,111.53500366210938,111.61499786376952,59549
2025-10-02 18:45:00+00:00,111.50499725341795,111.57559967041016,111.50499725341795,111.53500366210938,62952
2025-10-02 18:50:00+00:00,111.5500030517578,111.5500030517578,111.4800033569336,111.5000991821289,74565
2025-10-02 18:55:00+00:00,111.44499969482422,111.59500122070312,111.43000030517578,111.56500244140624,85706
2025-10-02 19:00:00+00:00,111.53500366210938,111.5500030517578,111.44439697265624,111.4499969482422,88732
2025-10-02 19:05:00+00:00,111.47000122070312,111.55500030517578,111.4499969482422,111.52999877929688,63957
2025-10-02 19:10:00+00:00,111.41500091552734,111.4749984741211,111.38500213623048,111.4749984741211,118139
2025-10-02 19:15:00+00:00,111.38500213623048,111.43000030517578,111.34500122070312,111.41000366210938,103156
2025-10-02 19:20:00+00:00,111.44000244140624,111.48999786376952,111.36499786376952,111.38500213623048,91676
2025-10-02 19:25:00+00:00,111.42009735107422,111.5,111.41999816894533,111.44000244140624,102557
2025-10-02 19:30:00+00:00,111.33499908447266,111.44532012939452,111.3249969482422,111.4250030517578,133946
2025-10-02 19:35:00+00:00,111.40499877929688,111.4084014892578,111.27999877929688,111.33899688720705,136211
2025-10-02 19:40:00+00:00,111.3249969482422,111.43000030517578,111.29000091552734,111.41000366210938,368088
2025-10-02 19:45:00+00:00,111.37870025634766,111.41000366210938,111.30500030517578,111.33000183105467,288030
2025-10-02 19:50:00+00:00,111.36499786376952,111.41169738769533,111.30500030517578,111.37999725341795,986981
2025-10-02 19:55:00+00:00,111.30999755859376,111.5,111.3000030517578,111.37000274658205,896008
2025-10-03 13:30:00+00:00,112.2699966430664,112.5,111.9000015258789,111.9000015258789,389593
2025-10-03 13:35:00+00:00,112.7699966430664,112.8499984741211,112.22000122070312,112.26499938964844,236717
2025-10-03 13:40:00+00:00,112.86000061035156,113.04499816894533,112.68009948730467,112.7699966430664,242682
2025-10-03 13:45:00+00:00,112.70999908447266,112.9000015258789,112.58999633789062,112.8550033569336,169997
2025-10-03 13:50:00+00:00,112.80999755859376,112.83000183105467,112.62000274658205,112.6999969482422,123283
2025-10-03 13:55:00+00:00,113.06999969482422,113.06999969482422,112.81999969482422,112.81999969482422,133280
2025-10-03 14:00:00+00:00,113.13999938964844,113.26000213623048,113.04000091552734,113.05999755859376,287536
2025-10-03 14:05:00+00:00,112.83000183105467,113.13999938964844,112.8102035522461,113.13999938964844,313669
2025-10-03 14:10:00+00:00,113.06999969482422,113.18000030517578,112.81999969482422,112.83000183105467,155420
2025-10-03 14:15:00+00:00,113.16000366210938,113.1750030517578,112.9749984741211,113.06999969482422,154630
2025-10-03 14:20:00+00:00,113.01000213623048,113.19000244140624,112.95500183105467,113.16000366210938,160202
2025-10-03 14:25:00+00:00,113.14530181884766,113.17980194091795,112.9800033569336,113.01499938964844,104456
2025-10-03 14:30:00+00:00,113.06999969482422,113.14440155029295,113.02999877929688,113.13999938964844,94874
2025-10-03 14:35:00+00:00,112.87999725341795,113.08000183105467,112.83000183105467,113.06999969482422,104332
2025-10-03 14:40:00+00:00,112.9000015258789,112.91790008544922,112.77999877929688,112.88500213623048,84305
2025-10-03 14:45:00+00:00,112.91500091552734,113.06999969482422,112.85990142822266,112.9000015258789,132991
2025-10-03 14:50:00+00:00,112.8949966430664,112.96499633789062,112.8499984741211,112.91010284423828,114621
2025-10-03 14:55:00+00:00,112.90499877929688,112.97000122070312,112.80999755859376,112.8949966430664,285648
2025-10-03 15:00:00+00:00,112.94000244140624,112.98500061035156,112.88999938964844,112.88999938964844,159373
2025-10-03 15:05:00+00:00,112.93000030517578,113.04000091552734,112.87999725341795,112.9499969482422,125124
2025-10-03 15:10:00+00:00,113.06999969482422,113.11499786376952,112.93000030517578,112.94000244140624,86284
2025-10-03 15:15:00+00:00,112.90499877929688,113.06500244140624,112.87999725341795,113.06099700927734,108646
2025-10-03 15:20:00+00:00,112.94499969482422,113.0250015258789,112.79000091552734,112.9000015258789,96688
2025-10-03 15:25:00+00:00,113.19000244140624,113.22000122070312,112.94499969482422,112.9499969482422,125435
2025-10-03 15:30:00+00:00,113.13999938964844,113.21499633789062,113.12999725341795,113.19000244140624,110530
2025-10-03 15:35:00+00:00,113.08999633789062,113.15149688720705,113.0250015258789,113.12000274658205,109514
2025-10-03 15:40:00+00:00,113.08999633789062,113.15499877929688,113.052001953125,113.1050033569336,76084
2025-10-03 15:45:00+00:00,113.16000366210938,113.20999908447266,113.09500122070312,113.09500122070312,96924
2025-10-03 15:50:00+00:00,113.23999786376952,113.3000030517578,113.1500015258789,113.15499877929688,78997
2025-10-03 15:55:00+00:00,113.26499938964844,113.31500244140624,113.18000030517578,113.25,60890
2025-10-03 16:00:00+00:00,113.27999877929688,113.3000030517578,113.24500274658205,113.2699966430664,47756
2025-10-03 16:05:00+00:00,113.30999755859376,113.33999633789062,113.2699966430664,113.27999877929688,56889
2025-10-03 16:10:00+00:00,113.33000183105467,113.34529876708984,113.27999877929688,113.30999755859376,74546
2025-10-03 16:15:00+00:00,113.3499984741211,113.38999938964844,113.30999755859376,113.31999969482422,60163
2025-10-03 16:20:00+00:00,113.28140258789062,113.3949966430664,113.27999877929688,113.3499984741211,52842
2025-10-03 16:25:00+00:00,113.27999877929688,113.29989624023438,113.2249984741211,113.28500366210938,45706
2025-10-03 16:30:00+00:00,113.37000274658205,113.38500213623048,113.2699966430664,113.28500366210938,57405
2025-10-03 16:35:00+00:00,113.44499969482422,113.4499969482422,113.33999633789062,113.375,99124
2025-10-03 16:40:00+00:00,113.4000015258789,113.4800033569336,113.38999938964844,113.4499969482422,101406
2025-10-03 16:45:00+00:00,113.38999938964844,113.40650177001952,113.30999755859376,113.38999938964844,55976
2025-10-03 16:50:00+00:00,113.41000366210938,113.41500091552734,113.3499984741211,113.38999938964844,59554
2025-10-03 16:55:00+00:00,113.33999633789062,113.41000366210938,113.31999969482422,113.41000366210938,64895
2025-10-03 17:00:00+00:00,113.3498992919922,113.4499969482422,113.31999969482422,113.33999633789062,89601
2025-10-03 17:05:00+00:00,113.45999908447266,113.47779846191406,113.30999755859376,113.34500122070312,94576
2025-10-03 17:10:00+00:00,113.5199966430664,113.58000183105467,113.44499969482422,113.45999908447266,83413
2025-10-03 17:15:00+00:00,113.4499969482422,113.5105972290039,113.41999816894533,113.50499725341795,72955
2025-10-03 17:20:00+00:00,113.45500183105467,113.53500366210938,113.44000244140624,113.4499969482422,42179
2025-10-03 17:25:00+00:00,113.56999969482422,113.58999633789062,113.44000244140624,113.4499969482422,54620
2025-10-03 17:30:00+00:00,113.53500366210938,113.58999633789062,113.5238037109375,113.55999755859376,46332
2025-10-03 17:35:00+00:00,113.66500091552734,113.68000030517578,113.4999008178711,113.52999877929688,63337
2025-10-03 17:40:00+00:00,113.63999938964844,113.69000244140624,113.55500030517578,113.66500091552734,81873
2025-10-03 17:45:00+00:00,113.69499969482422,113.6999969482422,113.55500030517578,113.62999725341795,91312
2025-10-03 17:50:00+00:00,113.6500015258789,113.69000244140624,113.61000061035156,113.69000244140624,95849
2025-10-03 17:55:00+00:00,113.70999908447266,113.74500274658205,113.61000061035156,113.6500015258789,125568
2025-10-03 18:00:00+00:00,113.6449966430664,113.7249984741211,113.63500213623048,113.70999908447266,71181
2025-10-03 18:05:00+00:00,113.6500015258789,113.6999969482422,113.62999725341795,113.6500015258789,88371
2025-10-03 18:10:00+00:00,113.52999877929688,113.6500015258789,113.4800033569336,113.6500015258789,121268
2025-10-03 18:15:00+00:00,113.62000274658205,113.62999725341795,113.54499816894533,113.54499816894533,89639
2025-10-03 18:20:00+00:00,113.6999969482422,113.72530364990234,113.55999755859376,113.61499786376952,76928
2025-10-03 18:25:00+00:00,113.53500366210938,113.70999908447266,113.49500274658205,113.6956024169922,96738
2025-10-03 18:30:00+00:00,113.5250015258789,113.56999969482422,113.5,113.53500366210938,77576
2025-10-03 18:35:00+00:00,113.54499816894533,113.55999755859376,113.49500274658205,113.52999877929688,54025
2025-10-03 18:40:00+00:00,113.48500061035156,113.58000183105467,113.45999908447266,113.54000091552734,67930
2025-10-03 18:45:00+00:00,113.41000366210938,113.52999877929688,113.41000366210938,113.4800033569336,51906
2025-10-03 18:50:00+00:00,113.45999908447266,113.5,113.41999816894533,113.43000030517578,66868
2025-10-03 18:55:00+00:00,113.4800033569336,113.54000091552734,113.45500183105467,113.45500183105467,68198
2025-10-03 19:00:00+00:00,113.5500030517578,113.55999755859376,113.4499969482422,113.47789764404295,72384
2025-10-03 19:05:00+00:00,113.55999755859376,113.58999633789062,113.51499938964844,113.54000091552734,58052
2025-10-03 19:10:00+00:00,113.55500030517578,113.63500213623048,113.52999877929688,113.56500244140624,66905
2025-10-03 19:15:00+00:00,113.47000122070312,113.55999755859376,113.46499633789062,113.55500030517578,72815
2025-10-03 19:20:00+00:00,113.48999786376952,113.4999008178711,113.41000366210938,113.4749984741211,90175
2025-10-03 19:25:00+00:00,113.46499633789062,113.51000213623048,113.45249938964844,113.49500274658205,82485
2025-10-03 19:30:00+00:00,113.3949966430664,113.4800033569336,113.38500213623048,113.46499633789062,161174
2025-10-03 19:35:00+00:00,113.53500366210938,113.54000091552734,113.38500213623048,113.38500213623048,132234
2025-10-03 19:40:00+00:00,113.4000015258789,113.52999877929688,113.3633041381836,113.52999877929688,204190
2025-10-03 19:45:00+00:00,113.375,113.44000244140624,113.3499984741211,113.4000015258789,146965
2025-10-03 19:50:00+00:00,113.31999969482422,113.41500091552734,113.23999786376952,113.375,1129087
2025-10-03 19:55:00+00:00,113.25499725341795,113.33999633789062,113.1999969482422,113.30999755859376,633610
