Date,Close,High,Low,Open,Volume
2020-10-05,93.99545288085938,94.5655437463242,93.25588036057326,93.86448838668144,3190823
2020-10-06,93.96464538574219,96.1679685244876,93.67189650146082,94.4345855167185,4050426
2020-10-07,95.58248901367188,95.8290112012137,94.2343019723267,94.50394061019416,2944908
2020-10-08,101.29878234863281,104.38804966855642,99.97370575820777,100.8134353140923,26452189
2020-10-09,98.44833374023438,101.69168202058964,98.30195621257427,101.69168202058964,8737970
2020-10-12,98.00151062011719,98.80271691681932,97.4083093313672,98.6640489608485,4848315
2020-10-13,96.3759765625,97.95527867164955,95.88292611794604,97.50844882440168,5654781
2020-10-14,97.02311706542969,97.79350965890458,96.39910201575124,96.39910201575124,3899593
2020-10-15,96.21418762207031,96.46841933919427,95.41298145609059,95.5901727000263,3541024
2020-10-16,97.01539611816406,97.40059234536608,96.03699868474949,96.42989834465627,4927078
2020-10-19,96.69955444335938,98.10936895548947,96.36058489899733,97.6856554880389,7822720
2020-10-20,90.42085266113281,92.56254237119211,90.01254610486805,92.29290376211466,22490151
2020-10-21,88.6412582397461,90.66739051579498,88.43325322307064,89.87388761959154,10204044
2020-10-22,89.18052673339844,89.41164819354056,87.03884300909316,88.59503501915071,8217167
2020-10-23,89.36543273925781,89.84307643967489,89.00335285751652,89.75062907352988,4072496
2020-10-26,86.45333099365234,88.51798004123356,86.1605821104582,88.17130098177087,7534756
2020-10-27,85.17448425292969,86.45333403524482,84.76617771821329,86.39940385707891,6209161
2020-10-28,82.16226196289062,84.53506714717929,81.59987440230525,83.71075053897238,9860956
2020-10-29,83.90335083007812,84.46573840506333,82.08522357795842,82.62450085073681,7071169
2020-10-30,86.02191925048828,86.12977346910586,83.00969226682895,83.12524991906265,8285889
2020-11-02,86.98489379882812,87.69365259599672,86.47643653451132,86.78459226597633,5555829
2020-11-03,87.9478988647461,89.09578422661474,87.53959229924693,87.82463778134837,4397698
2020-11-04,86.2068099975586,87.7552984512145,85.63671904817377,86.53808221981835,6066905
2020-11-05,88.4178466796875,88.81844984631073,87.06195620127406,87.2853680869696,5127701
2020-11-06,87.85546875,88.67208204119514,87.35471473672064,88.65667517124697,5490663
2020-11-09,90.2939224243164,93.58430070153129,90.09071640195693,92.13059176201644,9405841
2020-11-10,92.15404510498047,92.35725114483404,90.85665125734451,91.20054223995244,5881449
2020-11-11,91.59915161132812,92.49794863834934,90.83321817081112,92.31818798551681,4486922
2020-11-12,89.48892974853516,90.95044785321093,88.69173578702431,90.37209022679302,6797117
2020-11-13,91.3255844116211,91.73199646347177,89.88751195694022,90.02819065291155,4898000
2020-11-16,92.50575256347656,92.65424640837676,91.53661317300768,92.45885550283289,5536896
2020-11-17,91.98992919921875,92.64643820020557,91.49754432990807,91.91177158372761,4324687
2020-11-18,91.26305389404297,92.91215369079151,91.24742362138544,92.00554174239522,4818713
2020-11-19,91.5835189819336,91.79454018213573,90.57530380890502,91.08331896441781,3597822
2020-11-20,91.39591979980469,92.25563465653381,91.20052892561358,91.9117499612701,5255418
2020-11-23,93.85785675048828,94.19393261643378,91.65385072637257,91.77890540247091,5910318
2020-11-24,97.24201965332031,97.48430762142746,94.42058044359686,94.45965613015896,8109115
2020-11-25,97.07008361816406,97.17168664373959,95.43661383424285,96.07749877512448,4326151
2020-11-27,97.18730163574219,97.9375983846428,96.84341068809363,97.07006835345834,2187395
2020-11-30,96.53861999511719,97.69533523924748,96.20255035712097,96.9919291748048,6263448
2020-12-01,96.25725555419922,98.3440219450457,96.19472821899015,96.83560689703533,5553319
2020-12-02,97.3983383178711,97.41396859304862,95.67108687935834,96.01497164468677,3860472
2020-12-03,96.60895538330078,97.58590991143015,96.35885851689844,97.03881288082144,4757417
2020-12-04,99.41477966308594,99.55546462967988,96.63241573075351,96.89033401141464,5776849
2020-12-07,97.46086120605469,99.23500338909989,97.35925818489861,98.85985809054402,8701151
2020-12-08,98.250244140625,98.73481388607215,97.413974471039,97.94543504484813,5643170
2020-12-09,99.09432220458984,99.7977281978665,98.24241613333696,98.32057374084337,6813121
2020-12-10,97.6640853881836,99.20376126596331,97.64844887367477,98.75045827375216,5024147
2020-12-11,97.12480163574219,98.09394118635015,96.60897130627076,96.9763077663051,4687544
2020-12-14,96.54644012451172,98.66447980231335,96.49954929512374,97.94543718789963,5282300
2020-12-15,98.42218780517578,98.42218780517578,96.47609995898985,97.21858172077664,4556585
2020-12-16,98.12518310546875,98.92237698247646,97.92197706768798,98.42217702508222,4738485
2020-12-17,98.12518310546875,98.54722545514565,97.6249831480745,98.53941031808797,3962248
2020-12-18,98.35964965820312,98.78950711753434,97.67187398098909,98.15644363337671,7900229
2020-12-21,96.43701934814453,97.0544526745962,95.13181021591718,96.89032853902854,6397022
2020-12-22,96.60895538330078,97.0857099414848,95.67108277858098,96.374488791406,4535561
2020-12-23,96.83560943603516,97.85946105229776,96.71056099947894,96.81997916110824,2817819
2020-12-24,97.45303344726562,97.77347900134517,97.07788817328655,97.69532139700527,1842111
2020-12-28,97.55465698242188,98.94583260508858,97.27329330788638,97.77349331690243,3781499
2020-12-29,96.75745391845703,98.07047803892854,96.31977505353949,97.96887501911313,3647402
2020-12-30,97.17949676513672,97.57809370929229,96.62458460333005,96.75745440947564,3535794
2020-12-31,98.38311004638672,98.50034334976725,96.90595545465354,97.08571609716951,3738822
2021-01-04,96.86688232421875,98.41437319656576,96.16347624821717,98.35966723087586,5417443
2021-01-05,98.5863037109375,99.00834604491774,97.39051293989995,97.70313712200162,6395872
2021-01-06,101.04822540283203,103.07247052185629,99.03960431984311,99.18028925270248,8322708
2021-01-07,100.81376647949219,101.96266656181503,100.24322400716284,101.6344058313565,4714740
2021-01-08,100.4542465209961,101.0716797891037,99.24281915948565,100.48550707012336,4891305
2021-01-11,100.49333190917969,101.35305322744442,99.77429554985096,100.00094702718627,5859587
2021-01-12,100.9857177734375,101.48591779833254,99.99313286175972,100.89192987894833,3921663
2021-01-13,99.19593048095703,101.40775159663788,98.83640920965591,100.93881216388442,8030874
2021-01-14,100.79812622070312,101.72818364488991,99.68830817376299,100.05564455615979,7848347
2021-01-15,100.34483337402344,101.00915749900419,99.78210603878094,100.25886062248853,5131153
2021-01-19,100.83721160888672,101.28270564019564,100.11036014817748,101.04041766186525,5646308
2021-01-20,101.6656723022461,102.43159945093281,100.47769653530557,101.36867836051096,5856240
2021-01-21,102.89271545410156,103.3538397233423,101.64221868695584,101.69692464601972,13116003
2021-01-22,92.7011489868164,94.33461256364963,91.72419440094635,94.33461256364963,39814421
2021-01-25,92.6777114868164,93.4280084315717,91.79454471526763,92.81839021485128,14315974
2021-01-26,95.7336196899414,95.81177731253001,92.55265871371813,93.14664666596478,11186656
2021-01-27,95.71797180175781,97.53119587906247,95.05364148769699,95.41316274317144,12705239
2021-01-28,93.85004425048828,96.28852318296505,93.84222911265512,95.97589895821493,8455969
2021-01-29,93.0919189453125,94.8035399180899,92.9277885999395,93.95944901820911,12369473
2021-02-01,94.20955657958984,94.52999591169778,92.7949294463485,93.70935662013288,6538023
2021-02-02,93.3498306274414,94.5690730344115,93.22478220320916,93.2873095338954,6633627
2021-02-03,93.0997314453125,93.63119191283296,92.31816789845648,93.03720411619359,7024308
2021-02-04,94.58470153808594,94.64722263046217,92.90434114909326,93.71716524710494,4771957
2021-02-05,95.18650817871094,95.20213845241315,94.19392342721638,94.5690749446311,4775722
2021-02-08,96.60895538330078,96.8981341731127,95.66326140418653,95.83520689805107,6158848
2021-02-09,96.70401000976562,97.1000138392309,95.87240449608359,96.54561227027207,4933982
2021-02-10,96.81487274169922,97.7415255794772,95.99910651806326,97.44055665607233,5090673
2021-02-11,95.76151275634766,96.79112006191303,95.53975215522387,96.62479645082676,5629154
2021-02-12,95.67438507080078,96.11790624479356,95.11205771332254,95.83278910179045,4049275
2021-02-16,95.09620666503906,95.51596907796078,94.53388569846896,95.15956953359702,6945231
2021-02-17,95.01702117919922,95.48430105333361,94.2646115261906,94.46261340114168,4141219
2021-02-18,95.61893463134766,95.78525821943167,94.80316846971974,95.43677822592942,5646413
2021-02-19,94.24085998535156,95.64271235534153,93.75773461526975,95.63479278538009,6881320
2021-02-22,95.7219009399414,95.9357482744654,93.80525138297536,93.85276879921201,6149643
2021-02-23,95.60311126708984,96.10999536339683,94.8823861339566,95.76943488261558,4739740
2021-02-24,97.58312225341797,97.80488284233162,95.45262530905728,95.67438589797095,6087720
2021-02-25,96.99703979492188,98.48601373670476,96.8940790661997,97.7098453261129,5953623
2021-02-26,94.19335174560547,96.82281373816583,94.15375388928203,96.82281373816583,9467346
2021-03-01,95.62686157226562,96.87823572284897,94.9299015315315,95.31797939950171,5977367
2021-03-02,95.30215454101562,96.54560930840388,95.24671754606426,95.62687590147868,4732418
2021-03-03,96.909912109375,97.12375312323101,95.02494083150123,95.43678372048113,7744898
2021-03-04,95.1279067993164,97.59104469965285,94.05869535059131,96.6247939788502,8439651
2021-03-05,97.28218078613281,98.01082558823721,95.23880498352928,95.54768722530683,7268968
2021-03-08,98.8503189086914,100.46601205990865,97.32174733412609,97.40886891077801,7572203
2021-03-09,98.35135650634766,100.1333732789232,98.33551736853585,99.31760711772746,5867014
2021-03-10,101.27386474609375,101.5669077687004,98.69192716814786,99.04040717529601,7581199
2021-03-11,100.69572448730469,101.88373595091385,100.41060097758,101.44812795529802,5383657
2021-03-12,101.06796264648438,101.12340596212213,100.2759613294962,100.73532171412009,4194565
2021-03-15,101.83621215820312,101.97085118197386,101.01252623304106,101.19468900198747,3577948
2021-03-16,101.5669174194336,101.78868434013025,100.85411187848092,101.5986020198113,4867247
2021-03-17,102.19261169433594,102.55693088881469,100.97291570442356,101.74116458577015,4488804
2021-03-18,103.00836944580078,103.75285323400556,101.21051337204973,102.12132076336353,6104142
2021-03-19,102.08966064453125,103.30935042965797,101.79661755480096,102.97670316426874,10297870
2021-03-22,103.3964614868164,103.53110682987312,101.28972926802184,101.77284836332423,4356485
2021-03-23,103.32516479492188,104.19636796368115,102.80244162956909,103.30932565665151,4556794
2021-03-24,103.4518814086914,104.63197302358044,103.41228356409218,103.71324614450431,4189230
2021-03-25,105.39231872558594,105.52696406737778,102.77869608293496,103.22222364100465,5809484
2021-03-26,108.01386260986328,108.0930583128173,105.43191836089827,105.56655737640718,5823710
2021-03-29,107.60200500488281,108.56032976437696,107.32480112086931,107.69703983547305,4835344
2021-03-30,106.69911193847656,107.92672734509433,106.14470416510258,107.60200604265393,5010758
2021-03-31,105.54280090332031,106.69121446634804,105.10719292540173,106.55656280701001,5172575
2021-04-01,105.51901245117188,106.07341386298914,104.75868961203881,105.93878119499485,4261404
2021-04-05,107.6574478149414,108.2593730661734,105.6536764880248,105.843758811623,5722980
2021-04-06,106.30311584472656,107.4277706110234,106.20015511602907,107.38024055087575,3787566
2021-04-07,106.86543273925781,106.87335862929777,105.95463167671626,106.00214909403712,3112896
2021-04-08,107.01593780517578,107.4198548677715,106.25560846267248,106.58032981916355,4275211
2021-04-09,107.49903869628906,107.50695194460735,106.69119211437798,106.81790521524451,3162999
2021-04-12,106.5961685180664,107.21393294604327,106.01008237239995,106.93672901436526,3926684
2021-04-13,103.89542388916016,105.82792551223777,103.26182032252105,105.33688053592192,8403041
2021-04-14,105.04383087158203,105.16263074280995,103.37269414288112,103.9983780997052,6137928
2021-04-15,105.00422668457031,106.02592074614054,104.71910952186225,105.55863451086383,4062664
2021-04-16,105.80413818359375,106.20806779877707,105.29725417300266,105.3368583378762,5535223
2021-04-19,105.43191528320312,105.98631679013295,105.00422689730084,105.81207360774634,8575736
2021-04-20,109.42362213134766,110.6987423288593,108.26728915423432,108.5603321832088,16192708
2021-04-21,113.69252014160156,113.83508502030996,109.06720124157277,109.34440510974058,12456814
2021-04-22,111.89469146728516,114.6350271034027,111.67293085955752,113.81134123442179,7428064
2021-04-23,112.80550384521484,113.74006373829855,111.63333155259245,111.91844873467444,4765576
2021-04-26,112.12434387207031,113.75588879836107,112.05307407402255,112.79755145717692,4927497
2021-04-27,112.47286224365234,112.9084702501994,111.47493309481746,112.21942333119553,4062664
2021-04-28,113.25695037841797,113.57374584118747,112.54413846548113,113.19358117308444,3941433
2021-04-29,114.239013671875,117.80304751727574,113.24108470080171,114.1518920860846,4554179
2021-04-30,112.369873046875,113.91428380496541,111.31650084739331,113.81132308775939,9280321
2021-05-03,114.64295196533203,115.43495954624072,113.69254034004682,113.89846180544413,5997241
2021-05-04,115.43494415283203,116.10022588132847,114.31028949280427,114.37365868668888,6642623
2021-05-05,115.01517486572266,115.5854217622643,114.81717931828341,115.5854217622643,5229895
2021-05-06,117.54962921142578,117.62091167053855,114.98352388824216,115.04688045590898,7848661
2021-05-07,116.49249267578125,117.03707894373105,115.77973080573275,116.86088889285861,7325661
2021-05-10,117.06107330322266,118.83097512437139,116.76475605553826,116.76475605553826,7304636
2021-05-11,115.49943542480469,116.27627457748048,114.44230784860154,116.11610063388228,7454214
2021-05-12,113.16093444824219,115.44336506162885,113.03279274531829,115.19510888664749,6233742
2021-05-13,115.45941162109375,116.04403186679718,113.14493564126293,113.28107903145003,4807207
2021-05-14,115.86781311035156,116.6766843658062,115.29119467504218,116.21217872551573,2873780
2021-05-17,116.212158203125,116.76474597938264,115.58749153740571,115.67558653761314,4471755
2021-05-18,115.25116729736328,116.36435755586862,114.70658105841669,115.94790023275822,4000009
2021-05-19,114.67454528808594,114.68254695397147,112.85659491976634,113.9777995919936,4498532
2021-05-20,115.22714233398438,116.05202978972932,113.84966694630727,114.61849160754238,4301675
2021-05-21,115.91585540771484,116.68467994804412,115.5474720325022,115.5474720325022,4219041
2021-05-24,115.89983367919922,116.43640538549306,115.46737309177153,116.1721331469961,3449290
2021-05-25,115.15504455566406,116.12407688995012,114.68253727744298,116.06001243941601,4118311
2021-05-26,114.82669067382812,115.3152140459652,114.55440398727788,114.92280012815971,3225655
2021-05-27,115.17909240722656,115.9399026092822,115.02693292325837,115.17909240722656,5889294
2021-05-28,115.11502075195312,115.58752812404347,114.91481291315394,115.49143142915153,2651192
2021-06-01,115.47538757324219,116.78878544787939,115.12300754552498,116.12407206347073,2528705
2021-06-02,116.7007064819336,116.72473704429459,115.41132620691151,115.81976907376443,2915097
2021-06-03,116.56454467773438,116.82882969303459,115.35525794710435,116.05200354098125,4320608
2021-06-04,118.0621566772461,118.16626780253084,116.7327298268636,116.9249359644826,3261323
2021-06-07,118.54267883300781,119.11929731008632,117.86194921904907,118.16628096342987,3621984
2021-06-08,119.38356018066406,120.28852801486545,118.62275013448402,118.62275013448402,5313785
2021-06-09,120.66495513916016,120.98530301656882,119.18336857502173,119.35155696265811,5547252
2021-06-10,120.56085968017578,122.40282825936045,119.93619274195925,121.30565389249419,4977391
2021-06-11,121.15347290039062,121.60996413036438,120.4246949350292,120.4727432797068,3596462
2021-06-14,120.15238952636719,120.95323349317596,119.05521552456365,120.69696291250865,3498661
2021-06-15,119.61579895019531,120.05627397445787,119.00714836312885,120.00822563968703,2628912
2021-06-16,118.39051818847656,119.93616911175641,117.90199473834481,119.93616911175641,4057329
2021-06-17,116.60460662841797,118.57470365763808,116.34832324424467,118.16627358409745,4568300
2021-06-18,114.61847686767578,115.86781039041188,114.55441241488315,115.707636476217,9577699
2021-06-21,117.44548797607422,117.78185190210785,115.3712799818027,115.41131387184022,4482633
2021-06-22,117.2132568359375,117.57363856685832,116.40438557558421,117.34138574530652,2549102
2021-06-23,115.8117446899414,117.32536321569292,115.77971246435084,117.26930042980295,3349920
2021-06-24,116.47645568847656,117.07710464356441,115.87581951560136,116.76475849501412,3775746
2021-06-25,117.59766387939453,117.66972999659106,116.08404533843243,116.42841094031107,3759533
2021-06-28,116.35633850097656,117.96605380904704,116.05201955569933,117.7338137671812,4067789
2021-06-29,116.56454467773438,117.51756083998785,116.20416299262246,116.33229188570475,2540211
2021-06-30,117.39747619628906,117.66976297507001,115.89187168094641,116.2282229295072,3394375
2021-07-01,117.59766387939453,118.12622117137637,117.38142718116578,117.69376055713194,2809661
2021-07-02,112.13583374023438,117.68576886054598,111.68735697504466,117.65372384970603,17584515
2021-07-06,111.14276885986328,112.4561669045678,109.79732580486142,112.11180127934995,8466010
2021-07-07,111.97566223144531,112.38410511077446,111.12675702568433,111.12675702568433,4246446
2021-07-08,112.71244812011719,113.16892653482434,110.24581321869194,110.34190990108912,5739820
2021-07-09,113.33712005615234,113.70551625318777,112.79253381782979,113.28105726443113,4083689
2021-07-12,112.85657501220703,113.68946392135899,112.21589221918333,113.26501780230896,3496360
2021-07-13,112.34403991699219,112.85658106602004,111.82348432084875,112.85658106602004,3309858
2021-07-14,111.97566223144531,112.72045630081848,111.26290039138924,112.69643851993787,4606061
2021-07-15,112.48020935058594,112.4882237995605,111.15879671814267,111.57524129165374,3807126
2021-07-16,111.23885345458984,112.9206602861156,110.9905973228169,112.9206602861156,4298328
2021-07-19,110.45402526855469,110.91050364106287,109.08455180439262,109.27675793363225,8977086
2021-07-20,112.09578704833984,116.06002459342974,111.07870626964268,114.52238814409739,14237838
2021-07-21,113.16093444824219,113.23301335724847,111.83952186903318,112.09579249266623,5024984
2021-07-22,112.68841552734375,113.56935289562821,112.4481610434674,113.44922565369004,3466653
2021-07-23,113.1929702758789,113.48127313885199,112.3841117004439,112.88865129730817,4680013
2021-07-26,114.33817291259766,114.52237738318418,113.02477496924149,113.2329972179303,4441630
2021-07-27,114.3221664428711,115.03492826059755,113.40118235889227,114.14597640493233,3281302
2021-07-28,113.5373306274414,114.60247256708108,113.43321948981551,114.53039365915322,2660815
2021-07-29,113.66547393798828,114.49034860214408,113.4011888659153,113.9858090217192,2793761
2021-07-30,112.8886489868164,113.60141085407734,112.75249283370025,113.3371257788023,3698238
2021-08-02,113.25701904296875,114.57042981546907,112.94468565877516,113.28104960414265,3064257
2021-08-03,115.3792953491211,115.88383490698324,113.44123047168459,113.64143829228641,4272596
2021-08-04,114.3301773071289,115.46738528768323,114.09792448581481,115.16306634602964,2960285
2021-08-05,114.33817291259766,114.85072686902322,113.89769785490483,114.54639516128647,2884240
2021-08-06,115.39529418945312,115.63554865109623,114.43427634288072,114.52237134977815,4002833
2021-08-09,114.42324829101562,115.4358511891449,114.19642824144998,115.19281770161794,5129689
2021-08-10,114.52852630615234,114.87685653821167,113.68604837582363,114.3908155566752,5543695
2021-08-11,115.13610076904297,115.65454280517469,114.62575252099589,114.85257252797527,4455960
2021-08-12,115.8975601196289,115.96237506938733,115.09558986455899,115.24140733979846,2184780
2021-08-13,115.98665618896484,116.31069211283327,115.38719878036872,115.54921674230293,1997965
2021-08-16,116.31880187988281,116.44031213568377,115.21710286024636,116.0271798518353,2913319
2021-08-17,115.37100982666016,115.97046729526669,114.29361807009225,115.84086325624261,3215195
2021-08-18,112.9813003540039,114.96598527099849,112.91649832664284,114.7634724708077,3672192
2021-08-19,111.80667877197266,112.96508598041649,111.15051307267554,112.3494280079351,4351465
2021-08-20,112.68965148925781,112.90836474425042,111.19911470897209,111.57984592319339,2780059
2021-08-23,113.10279846191406,113.53214417046561,112.43853896474344,113.10279846191406,3179422
2021-08-24,113.28101348876953,113.59694272261036,112.85977451031508,113.23241197495706,2474418
2021-08-25,113.29721069335938,114.05868610506795,112.97318768134089,113.34581220575622,2105389
2021-08-26,112.42233276367188,114.05868713072977,112.36562453401254,113.38632095038896,2613640
2021-08-27,112.93267059326172,113.0784880477356,112.11449994960975,112.36561420752707,2572637
2021-08-30,112.57624816894531,113.31341639357252,112.45473791769483,113.00559387157087,2087293
2021-08-31,113.68605041503906,114.17209140529378,112.5600442488257,113.03799145157511,4429915
2021-09-01,112.84355926513672,113.46732386372153,112.75445003676747,113.39441513784018,2588327
2021-09-02,113.41871643066406,113.4511174376407,112.62484004224737,113.18380266539732,2840413
2021-09-03,113.07038879394531,113.79135646844412,112.84356881055639,113.15140424260944,2009575
2021-09-07,111.8390884399414,113.24051625902737,111.59606791897988,113.12711271628672,3436110
2021-09-08,112.3332290649414,112.6734655303026,111.46644386114836,111.90388335697071,3122728
2021-09-09,111.57986450195312,112.56815999549652,111.43404702143057,111.66897374789755,3669682
2021-09-10,110.99661254882812,112.90029488208673,110.9804120424094,112.45474863213535,4157955
2021-09-13,111.9119873046875,112.59244728919683,111.39353236693759,112.11451300719665,4334729
2021-09-14,110.34854125976562,112.25222338179312,109.63566733894336,112.11451262782695,4659198
2021-09-15,111.14241790771484,111.62845890598717,109.90299526099787,110.34854146232965,3403579
2021-09-16,110.51866149902344,111.74997752090185,109.93540449981141,111.20722825103591,2765624
2021-09-17,109.54656982421875,110.10551955093727,109.40075235485807,109.96780879848465,5890340
2021-09-20,108.80130767822266,109.5060749570584,107.56189136655239,108.46917790408017,4990152
2021-09-21,107.71578216552734,109.88678536155143,107.69148141062864,109.44934591463067,4261927
2021-09-22,109.0605239868164,109.65998148376336,108.12083647728618,108.32335572720915,3767901
2021-09-23,110.76168823242188,111.32065096889521,109.38456758048554,109.56278608436111,3151807
2021-09-24,111.37732696533203,112.17931009371,110.77788245993145,111.0047024447953,3100762
2021-09-27,112.24413299560547,112.65727824698716,111.3692539012826,111.75809192750945,3459017
2021-09-28,111.36112976074219,113.15950211834361,111.15051027360182,112.73826314406288,4513072
2021-09-29,112.7463607788086,113.35391196993706,110.52674962572486,111.57174026034022,3947499
2021-09-30,112.54383087158203,113.87234965532006,112.19550067311692,113.4106159391408,6090230
2021-10-01,116.10006713867188,116.6266157929737,113.71034433386032,114.22069248567374,6907889
2021-10-04,116.74003601074219,118.27108068520738,115.31430108220253,115.63023031997916,7689251
2021-10-05,115.9623794555664,117.46101027457854,115.54923423655224,117.25849748852926,7297524
2021-10-06,115.32239532470703,116.14056598171307,114.13158723872549,115.41959834302833,5573506
2021-10-07,114.8768539428711,116.16487803009058,114.65003396132029,115.62212883180409,3999695
2021-10-08,116.01905059814453,116.36739372177507,114.26118619514234,114.87684407198577,3902940
2021-10-11,115.37910461425781,116.71573016942136,115.35479739476733,116.24588971779107,2921792
2021-10-12,113.7913589477539,115.27380205338339,113.65364819727152,115.20089331974616,3293436
2021-10-13,114.02629852294922,114.5528472926795,113.13520604388695,113.83187952109694,3013003
2021-10-14,116.15678405761719,116.58611679975714,114.22879482345218,114.25310204369019,4410668
2021-10-15,117.14506530761719,117.33948427942342,115.67072898022047,116.1567828744222,3371049
2021-10-18,115.29000091552734,117.4123962307058,114.83636094532667,116.65092082612937,6437189
2021-10-19,115.01459503173828,115.79225811649047,113.83188050436856,114.28552053615094,4539117
2021-10-20,114.94976806640625,115.19278856308371,113.97767315032331,114.77154958767662,6474008
2021-10-21,103.95704650878906,108.32335423659505,103.7707277670739,108.15324246498778,32913959
2021-10-22,103.5925064086914,105.5123890769513,102.56371616077276,103.73022363032902,12114981
2021-10-25,103.3980941772461,104.21627139815648,102.83103771349047,103.30898493495954,6667204
2021-10-26,102.9849624633789,103.9327502537536,102.68523370604358,103.30089172683714,8912861
2021-10-27,101.39720153808594,103.59250570534242,101.26759103450118,103.23607520431267,7294176
2021-10-28,101.93994903564453,102.32068675216023,100.95166007372353,101.39719980858295,6802138
2021-10-29,101.34049987792969,102.32878885774979,101.18658215220255,101.60782113781221,6188973
2021-11-01,102.29637908935547,102.32067984459385,100.31979483426412,101.29998347772059,6177153
2021-11-02,102.21537780761719,103.01735450838979,101.18658111149327,102.31258730058013,4722062
2021-11-03,102.9849624633789,103.11457297704933,101.81034819322196,102.25589443503782,5670784
2021-11-04,102.40096282958984,104.5108360766981,101.59599300407508,104.26511334530332,7208700
2021-11-05,104.7396240234375,104.87519496615288,102.89242386804838,102.89242386804838,6790500
2021-11-08,105.52766418457031,105.73102385846387,104.67184946259901,105.06162486451478,5625300
2021-11-09,103.76742553710938,105.52765343706817,103.26082725963946,105.2357102281062,7236600
2021-11-10,103.22647094726562,105.12407869947312,102.97746270589649,103.8962140891092,6270300
2021-11-11,103.2694091796875,104.57455549671529,103.1062708032736,103.81036065423896,4643300
2021-11-12,102.14457702636719,103.5871032696172,101.99002040919926,103.03757008656503,5418300
2021-11-15,102.06731414794922,103.17496894439918,101.58646764230275,102.64260574387929,5046300
2021-11-16,101.71524810791016,102.95170097584567,101.6809014670284,102.11022465162246,4750800
2021-11-17,101.37179565429688,102.46228029134846,101.1313757015161,101.64656225046811,4043300
2021-11-18,100.16969299316406,101.62938926480103,99.86916150992803,101.62938926480103,5046900
2021-11-19,99.64592742919922,100.08383242085009,98.97617766658948,100.02372742880274,5380200
2021-11-22,100.00655364990234,102.01578320990201,98.90748723578774,99.60298876794876,6416200
2021-11-23,100.28131866455078,101.26876338222651,99.63733383358213,100.28131866455078,4912800
2021-11-24,100.22979736328125,100.69346065540957,99.67167589192779,99.74036917629945,3220800
2021-11-26,99.4398422241211,99.89492378964478,98.36653417299829,98.7443407032983,3322000
2021-11-29,101.7496109008789,102.70270904605198,100.91672274239856,101.85265083988108,8949800
2021-11-30,100.54749298095703,102.38499576843554,99.98937150604203,100.89095285405489,9252700
2021-12-01,100.39295196533203,102.1188333463873,100.3328469695218,101.53495343667947,5958300
2021-12-02,100.37577819824219,101.30311800006112,100.0838349787275,100.77934310556819,5267100
2021-12-03,102.0415267944336,102.48802655492395,100.77073389354915,100.77073389354915,6630100
2021-12-06,102.96029663085938,104.02501637046593,102.52238511701582,102.52238511701582,4785600
2021-12-07,104.39423370361328,104.82355691520804,103.09767577033041,103.44972394829524,5194000
2021-12-08,105.63068389892578,105.93979714647203,104.34271421780062,104.7548673981798,5483900
2021-12-09,106.10296630859375,106.42924967734295,104.57457631931236,104.88368963747646,4601100
2021-12-10,106.54944610595703,107.61417253326076,105.92263779969187,106.72976764436817,4966900
2021-12-13,105.25289154052734,106.7812812913924,103.7159134902324,106.26609469180181,6847500
2021-12-14,106.26608276367188,107.35656083455235,105.0124597767017,105.05538816712637,5716100
2021-12-15,105.70796966552734,107.1762543739454,104.90942816962075,106.30043783857339,4990000
2021-12-16,108.12935638427734,108.73899462656598,106.02567503340877,106.05143338082262,7280500
2021-12-17,109.39157104492188,110.4562909254985,107.51113301675606,108.07784288040455,10379000
2021-12-20,109.099609375,109.21981934679965,107.073203349017,107.94902634464553,4941400
2021-12-21,110.7396469116211,111.05734194340025,109.61482202427769,109.61482202427769,4856000
2021-12-22,111.40937805175781,111.44371814527844,109.56328685477516,110.81690989876155,3923200
2021-12-23,112.16500091552734,112.448355843942,111.21190273882583,111.62404940656243,3649000
2021-12-27,113.01505279541016,113.04081114331933,111.58111465353777,112.1650011105942,4293900
2021-12-28,113.88227844238281,114.38887668379141,112.9892788319259,112.99787368131203,3445200
2021-12-29,114.5005111694336,115.2389476522549,113.5989297622126,113.68478654743515,4239900
2021-12-30,114.9813461303711,115.37631614954014,114.48332963071492,114.84395955765807,3158100
2021-12-31,114.76669311523438,115.90869452033103,114.72375817030932,115.05862977767559,3362100
2022-01-03,116.81026458740234,117.02492621330693,114.74093647113058,115.1187430290276,4605900
2022-01-04,118.51039123535156,120.16757265839139,116.69005178235449,116.86179156045452,7300000
2022-01-05,118.68209075927734,122.09949931075822,118.39015416634587,118.75936578059994,8956900
2022-01-06,116.20921325683594,118.84526428013793,113.77924210860857,118.6649427517094,9908100
2022-01-07,115.77128601074219,116.48396403542156,114.63786656853311,115.83138444073032,5238100
2022-01-10,115.9430160522461,116.94763071350256,114.52625480988779,115.46217619064336,5432800
2022-01-11,114.08834838867188,114.4146382287631,109.88098606980202,112.07053711407303,11105300
2022-01-12,114.70658111572266,115.46219421729988,112.80038486540238,114.4146444544426,5352000
2022-01-13,115.711181640625,116.81884280969578,114.68080860332716,114.97274522854582,4868300
2022-01-14,115.23895263671875,116.03748759354457,114.45758117653666,115.53088930253212,5310300
2022-01-18,114.1484603881836,114.9641718897921,113.15242736845501,114.1570421359398,5246700
2022-01-19,112.98070526123047,114.97275827920544,112.91201197069263,114.11411180034085,4103700
2022-01-20,112.3281478881836,114.096957683749,112.11348625082067,112.7059413643408,5278200
2022-01-21,111.06591796875,113.22969748067865,110.99722468397228,113.040794223016,5907000
2022-01-24,110.61084747314453,110.8941892860447,106.63531001952721,109.89816276105668,13484000
2022-01-25,116.8617935180664,117.9265067894511,110.16434821904475,110.88560813228712,19715700
2022-01-26,115.28185272216797,117.69465993961825,114.31159126868924,117.1794668956146,8336000
2022-01-27,113.78782653808594,115.70260437422444,113.41002001933477,114.76668292671191,5497300
2022-01-28,115.48795318603516,115.51371153264539,113.16101542763415,114.36312837770285,5471500
2022-01-31,114.68939971923828,115.13588638966174,113.5989151818237,115.13588638966174,5859000
2022-02-01,116.3723373413086,116.74156208027391,113.77063998084235,114.85252965189949,6206400
2022-02-02,117.84921264648438,118.1153909211846,116.14050167721979,116.5183081710796,5357200
2022-02-03,118.3042984008789,119.14576819337094,116.62994056309736,117.6345552657663,6100800
2022-02-04,117.76336669921875,119.19731793826392,116.9648317128572,118.3730115021719,4142000
2022-02-07,117.84063720703125,118.33865369360252,117.00774914696083,118.02094561481304,3759000
2022-02-08,117.65174865722656,118.0810719129144,116.58702226643459,117.8320570875481,4181800
2022-02-09,118.3128890991211,118.79374211882849,117.48859584057578,118.35582404219025,5393500
2022-02-10,116.02747344970703,118.66919550638325,115.72332184258137,117.72200020149988,5978600
2022-02-11,115.30619049072266,117.06155256131504,115.03680593359557,116.35766010142672,4176200
2022-02-14,113.0989761352539,115.27144984710839,112.16047916029274,115.21931259958025,5345300
2022-02-15,112.9164810180664,114.42851403776734,112.62971293439628,113.5247709259763,4394000
2022-02-16,112.25604248046875,113.35097759267923,111.4565738367889,112.49067332733182,4875600
2022-02-17,108.59757995605469,111.66511073092003,108.4932988666765,111.27406824800921,6797000
2022-02-18,108.0588150024414,109.00601675956331,107.41576479540892,108.57152212213504,4609200
2022-02-22,107.68515014648438,108.62366016144617,106.60760529404422,107.92846608446808,5349700
2022-02-23,106.07750701904297,108.36294613436179,105.90371183813049,108.08486986698513,4086400
2022-02-24,105.99063110351562,106.10359733122405,103.24462160048759,104.27872103901382,6563200
2022-02-25,107.91109466552734,107.9806154027084,105.53875089065791,106.06014978965332,4460900
2022-02-28,106.45989227294922,107.22460055117773,105.18247680589914,106.19919280339752,6757300
2022-03-01,105.45185089111328,107.22458986982699,104.88700651659443,106.59891650912071,4873300
2022-03-02,107.63301849365234,108.31082910743713,105.8429026029015,106.52939833644898,4891400
2022-03-03,109.43183135986328,110.07488163571847,107.96323720662302,108.58891061226059,5206600
2022-03-04,110.03142547607422,110.66578394037882,107.93715812026647,108.10226820570618,4402400
2022-03-07,109.5534896850586,111.15243357447241,109.1624471202383,109.90108675926705,5047400
2022-03-08,109.21456909179688,111.5347754255828,108.46723780718388,110.03142110750453,4887600
2022-03-09,109.68382263183594,111.31752664165312,109.41443808973277,110.71792194614687,4403500
2022-03-10,108.0588150024414,109.51871724939491,106.99864702633847,109.275401313213,5326800
2022-03-11,107.71989440917969,110.1617518029951,107.67644892952745,108.62364392219568,4119600
2022-03-14,107.70252227783203,108.7626901498948,106.61628579085973,108.14570199101654,3289200
2022-03-15,109.1798095703125,109.440508999002,107.07685716240503,107.75466772116349,4021200
2022-03-16,110.39641571044922,110.60497131299473,108.37166878905825,109.9271606323245,4292800
2022-03-17,111.19586944580078,111.48263087459269,109.95321448816193,110.44853812135436,3671900
2022-03-18,111.89103698730469,112.03876355006268,109.81416010120225,110.69183435984284,7466000
2022-03-21,111.3175277709961,112.74266960474498,110.70923132058117,112.0996127888896,3384600
2022-03-22,112.1517562866211,112.36031849091346,111.10028003529696,111.66512440299663,2690200
2022-03-23,111.49131774902344,112.37769045160573,111.44786563679159,112.16912826872667,2924500
2022-03-24,112.31686401367188,112.42113848376437,111.05683221439949,111.51739547027337,2971100
2022-03-25,114.1417465209961,114.18518537694625,112.36900097539153,112.53411105911906,3530200
2022-03-28,114.24602508544922,114.27209370384324,112.62101932684101,113.68118734061281,2483500
2022-03-29,114.65444946289062,115.43653452285722,113.34226714397481,114.7413404363734,5791000
2022-03-30,114.81954956054688,115.64508666529309,114.17649276604523,114.7152618378268,2622900
2022-03-31,112.9859848022461,114.60230532053315,112.96860130470739,113.5942746188652,4274000
2022-04-01,113.0989761352539,113.20326389003745,111.28279129447809,112.67317977395585,4012400
2022-04-04,113.20323944091797,113.35965114972132,112.0387837054651,113.19454106172374,2809800
2022-04-05,112.00403594970703,114.0374678310973,111.8041721134315,112.83827155371911,3107200
2022-04-06,112.43852233886719,112.5427968092906,110.57888581121297,111.03944906854854,3958100
2022-04-07,111.70856475830078,112.31685454878675,110.12700467317576,111.98663440835595,3538300
2022-04-08,110.99598693847656,111.90842156717079,110.59624609558836,111.23929620960062,3143300
2022-04-11,109.81417846679688,111.38704032315673,109.64906838088862,111.18717650008452,3202500
2022-04-12,109.47526550292969,110.65708474967602,109.12766848689293,109.85761625369464,2691000
2022-04-13,109.61428833007812,110.0748515082099,108.54543541287813,109.17979376506914,3064900
2022-04-14,109.97928619384766,113.47262697221473,109.82286785108701,112.03878663869013,6384200
2022-04-18,109.64036560058594,110.70053348369822,109.08421304384858,110.01403122119336,4884200
2022-04-19,112.22996520996094,112.44721253964319,109.49265415985445,109.56217489651975,7971400
2022-04-20,120.1985855102539,121.27612356929293,115.90577699064168,117.31353516956538,17859200
2022-04-21,121.52816772460938,123.29221507079637,119.35569431701697,120.12039593987623,9922300
2022-04-22,120.13776397705078,122.0408525587132,119.35567895486903,121.3977957393319,6508600
2022-04-25,120.87641143798828,121.35434492347848,117.47866024714035,119.56422916842578,5748300
2022-04-26,118.3476791381836,121.54555405276552,118.33029563589885,120.78953744996834,4956200
2022-04-27,117.36570739746094,119.15582345752163,116.99204831645214,117.99138083239637,4369100
2022-04-28,117.95659637451172,119.0428328523463,117.14842953994703,118.92117489721772,4474300
2022-04-29,114.88907623291016,117.79149718741502,114.70658265350109,117.42652328832074,5078700
2022-05-02,115.61034393310547,116.24471574206088,113.74202202713506,115.57559019138748,4213500
2022-05-03,115.1584701538086,116.09698022487576,114.69790686796891,115.57558132104126,3688600
2022-05-04,119.39911651611328,119.80754252052581,114.82823787787275,115.46259631164654,5932600
2022-05-05,118.1130142211914,119.27745660381191,117.10498353486771,118.58227582952841,5957400
2022-05-06,119.63375091552734,119.91183384591098,117.7219771781736,117.7219771781736,7306400
2022-05-09,118.24409484863281,119.92400149905205,117.25902488090172,118.217710004538,7647900
2022-05-10,113.57380676269531,119.0972586395624,112.9581245190135,118.73664782153706,8642400
2022-05-11,114.99864196777344,116.94241076956608,114.21586016156526,114.21586016156526,5301100
2022-05-12,116.8896255493164,117.52288873177066,114.6996026788545,115.45599962342078,5384800
2022-05-13,117.50528717041016,117.68119059677822,115.2624815776465,116.97756347073476,4195100
2022-05-16,118.76301574707031,120.0647172762439,116.45864987154093,117.06552813233532,4250400
2022-05-17,121.70062255859375,121.70062255859375,119.29950821771064,120.6627830823725,4372900
2022-05-18,116.9248046875,121.0410016147254,116.24756234123393,120.58365534763753,6003000
2022-05-19,114.0399398803711,116.37949447809449,113.20438850134752,116.09803824653146,5819700
2022-05-20,113.0020980834961,114.66441053297434,110.64496230140973,114.49729755637193,6914500
2022-05-23,115.36802673339844,116.0540595250284,113.82884818951061,113.89921224769981,3591500
2022-05-24,117.68119812011719,118.18252358834441,114.70838036833167,114.84031801197087,4189700
2022-05-25,118.20011901855469,118.57832416235982,116.85443824891058,116.85443824891058,3299300
2022-05-26,120.39894104003906,120.97943444609372,118.31445785170021,118.73662877402558,3929300
2022-05-27,122.49221801757812,122.90559843136964,120.70677215399802,120.8386963624121,4608000
2022-05-31,122.11402893066406,122.98476908207934,120.32858283297773,121.55112986667288,7978100
2022-06-01,122.63296508789062,123.54768457638032,121.83260231117976,122.84405729767458,3796500
2022-06-02,123.2662353515625,123.38936912584026,120.36379446921885,122.6505664801737,3734800
2022-06-03,124.172119140625,125.40346998809109,122.90560639606394,123.36295262858401,4352200
2022-06-06,125.6673583984375,127.29448224063472,124.89336704050413,125.75530342147358,4766900
2022-06-07,125.57938385009766,125.75528729418562,123.97864506215289,125.42107477659025,2887100
2022-06-08,123.86431884765625,125.59699552278809,123.26623095067818,124.95494182416074,3005700
2022-06-09,121.34003448486328,124.04897663261733,121.31363622276453,123.26619501928045,3591000
2022-06-10,119.78329467773438,121.1993397183683,118.95653362759637,121.1993397183683,4659500
2022-06-13,118.83338928222656,120.99704063405309,117.6460175102797,117.8307248559101,6486000
2022-06-14,119.36990356445312,120.45172253041575,118.61350665169377,118.73664040862795,4607800
2022-06-15,120.54846954345703,121.7710166182651,119.24676793055997,119.62495967070038,4606900
2022-06-16,119.3259048461914,119.82724368786118,118.20010684661142,119.00048284616976,5386400
2022-06-17,118.75424194335938,120.47811464442653,116.84566188546243,119.60738781807201,12968500
2022-06-21,121.24330139160156,121.81499092663849,119.52820594534636,119.52820594534636,4089300
2022-06-22,120.56605529785156,121.5335308978,119.64254549109529,119.70411907447921,3791500
2022-06-23,121.76220703125,121.92051608257974,120.05591567943053,120.61881467399843,4547900
2022-06-24,124.94612884521484,125.21878121437865,122.3691103412359,122.43067051141479,11493000
2022-06-27,125.59700012207031,126.50291576663926,124.84939357861444,125.12204597758132,3936000
2022-06-28,124.77024841308594,126.79317207644407,124.2953076534475,125.70254897796664,4064800
2022-06-29,123.75877380371094,126.23025298535973,122.69453572498655,125.54422009581215,4161500
2022-06-30,124.18096160888672,125.29796953490502,122.50105448135714,122.76491641781647,4878000
2022-07-01,124.11935424804688,124.60309876321601,122.48342679165702,124.01381487039976,4011900
2022-07-05,121.04098510742188,123.1078871846656,118.97409645074876,123.1078871846656,6273400
2022-07-06,121.44560241699219,122.37790282513868,120.61005092406319,121.37523834950915,3237000
2022-07-07,123.86431884765625,124.29529375252906,122.10525732330508,122.17562139474805,3897100
2022-07-08,123.54768371582031,124.29529021059543,122.97599410492687,123.80274172453034,2820800
2022-07-11,124.01385498046875,124.77904255704043,123.24866740389707,123.67962894905754,3904700
2022-07-12,122.41304779052734,124.49754418861451,121.87654707259524,123.87307163242833,3235400
2022-07-13,120.65400695800781,122.16680073501998,120.31979444023014,120.65400695800781,4123200
2022-07-14,122.30752563476562,122.63294766895687,118.7542278418488,119.26435721093671,5298400
2022-07-15,123.06392669677734,123.7323651580635,121.91174369482303,123.7323651580635,4519300
2022-07-18,121.48957061767578,123.40694095553275,121.18172952793026,123.26621283333066,8231700
2022-07-19,115.11297607421875,116.59058112829273,112.33365599185368,115.72864484674957,29690500
2022-07-20,113.61776733398438,114.97225210306492,112.63269726234266,114.95465773162184,9882000
2022-07-21,111.83232116699219,113.29233852632125,110.05566553312993,113.23956883570881,11975400
2022-07-22,112.7998046875,112.86137827423349,110.5657960545366,111.72677623203158,6467200
2022-07-25,113.05486297607422,113.57379625521662,112.49197061151449,112.96691796409448,4702400
2022-07-26,112.65028381347656,113.72331224726967,112.25449100692268,112.80859288375477,3645300
2022-07-27,113.56499481201172,113.83764717001006,112.21052349723604,112.55353991868118,4175600
2022-07-28,113.65296173095703,114.17188163947151,113.11644745012417,113.23958121520512,3913700
2022-07-29,115.0338134765625,115.21852082721564,113.73211180818349,113.91681915883663,5786800
2022-08-01,116.13323211669922,116.71372562159907,114.95466415504724,114.99864337582582,4142100
2022-08-02,115.93092346191406,116.78406919712515,114.78753102518638,116.27393985087521,4403600
2022-08-03,116.39708709716797,116.8544468090271,115.49997546540251,115.93974080588198,3088500
2022-08-04,115.78141021728516,116.35309975174673,115.23610552776353,116.22996600183629,3179800
2022-08-05,116.52021026611328,116.68732322759965,115.28008231830182,115.4383913846119,2586500
2022-08-08,116.63455963134766,117.28541714151066,116.11563977057352,117.06553447976849,3821200
2022-08-09,115.30754852294922,116.48314941658776,114.99582885519655,115.7083212460155,3496000
2022-08-10,117.11548614501953,117.36485643518961,116.08237289165115,116.44752709856505,3664000
2022-08-11,118.04170227050781,118.65622669241995,117.56077779534087,117.88139864200548,3501900
2022-08-12,119.35091400146484,119.42216459507397,117.5429726563245,118.1129638155363,2766900
2022-08-15,120.17028045654297,120.4018482928481,117.7745453960931,118.4157871756643,2791200
2022-08-16,121.62197875976562,122.34337234227856,119.74278680016442,119.87638676078691,4313600
2022-08-17,122.71743774414062,123.27852772710116,121.39043438587359,121.53293558625442,3667600
2022-08-18,123.85740661621094,123.90192634061954,122.68179235517921,122.71741085263798,3177700
2022-08-19,123.23396301269531,124.09785763416409,122.60163618027528,123.57239987997639,3155800
2022-08-22,120.72248077392578,122.77089145592171,120.65123017050314,122.59275815253359,3093600
2022-08-23,120.00109100341797,121.21232412167535,119.98327495456704,120.56216744041932,4141800
2022-08-24,118.65623474121094,120.33058967510901,118.54936564829349,120.13465394498643,2855400
2022-08-25,119.32420349121094,119.7249762120257,118.5137568209987,119.03029987203693,2706000
2022-08-26,116.11801147460938,119.50232662741152,116.08237937992969,119.43108961737687,4185300
2022-08-29,116.0556640625,117.04424406677946,115.39661978608875,115.77067524856442,2783000
2022-08-30,115.405517578125,116.46534815174063,115.14723245884846,116.27831363124169,2407900
2022-08-31,114.39912414550781,115.7795756500369,114.35459082155607,115.7083250496466,3490400
2022-09-01,115.47676086425781,115.61926205278901,113.76678057603674,114.35458099165129,3396200
2022-09-02,113.81130981445312,116.27830209765546,113.32147048998296,116.04674786684267,3040600
2022-09-06,112.85836029052734,114.05177717841275,112.48430485953317,113.82022293722439,3347100
2022-09-07,113.74006652832031,113.88256772089379,112.46649099772596,112.83164520757236,2401500
2022-09-08,114.41692352294922,114.4792592956696,112.74256863188019,113.28584248974873,2964600
2022-09-09,115.05818176269531,115.32536811617625,114.05178572010415,114.79989663812083,3291900
2022-09-12,116.36738586425781,116.6612895022032,115.6816107090519,116.07348222631242,3741100
2022-09-13,113.33039093017578,115.69942240288741,112.90289412790402,115.01364727348934,4565600
2022-09-14,113.72225952148438,114.88895918067868,112.97414183536785,113.5530410506708,3819100
2022-09-15,111.76290130615234,113.52631610839858,111.23744347202086,113.45506551551719,5141700
2022-09-16,113.34819030761719,113.5797513384585,110.28448953843545,110.75651282815885,9839700
2022-09-19,113.75787353515625,114.05177033053087,112.46648206069388,112.65350976496147,3981600
2022-09-20,112.48430633544922,113.09882403876543,111.78962321827697,113.01867221457101,2837500
2022-09-21,111.26416015625,113.85583760639905,111.25525213347939,113.00975890361377,3389500
2022-09-22,111.60260009765625,112.67133869475603,110.80105464337028,111.11276751946272,4046600
2022-09-23,109.28701782226562,111.32652049307862,108.42312293606629,110.90793168885159,5195600
2022-09-26,108.66358184814453,110.66745902933937,108.4320208046538,108.92186016687825,3987800
2022-09-27,108.4231185913086,110.39137057937415,107.83531811997204,109.18904556519509,4117200
2022-09-28,109.33155059814453,109.75013940026486,106.70424065083184,108.34297055755486,4996400
2022-09-29,108.32515716552734,109.20686811729438,107.3811104276942,108.52109293258668,3817700
2022-09-30,105.8136215209961,109.03763977200977,105.63550181876971,108.35187144412403,5346100
2022-10-03,108.21826934814453,108.84169504937053,106.51719711435132,107.01594447016265,4261700
2022-10-04,111.77182006835938,111.90541324414039,109.11779298458019,109.36717008362595,4566100
2022-10-05,111.98555755615234,112.62679932099559,110.6407382494274,111.06822822943575,3212900
2022-10-06,108.85951232910156,111.59369101232662,108.44982481241662,111.21962879251996,5074600
2022-10-07,105.82252502441406,108.47655196114094,105.15456597734998,108.20936562438298,4499700
2022-10-10,104.86957550048828,106.83782743972493,104.23724172049353,106.68642501243698,5990000
2022-10-11,104.91410827636719,106.18768385332649,104.14818132547803,104.61129662854002,4043100
2022-10-12,104.70925903320312,105.81361607883625,104.37973012671831,105.09222248864141,3338800
2022-10-13,108.4676513671875,108.78827227532487,102.91023361752514,103.4000662086902,5837500
2022-10-14,106.90908813476562,109.13561861042761,106.73096161981361,108.47656749218456,3762400
2022-10-17,108.22718811035156,109.43842120739518,108.14703627642139,108.47656522607484,5458600
2022-10-18,109.49185943603516,110.3824715822991,108.49437138608023,109.54529399046494,5120300
2022-10-19,109.10889434814453,110.38246997049852,108.64577223374417,108.97530116918938,5906600
2022-10-20,114.2655258178711,114.8533330173941,111.46009657297508,112.43976844401624,13623100
2022-10-21,115.69052124023438,116.53661371583229,113.63320919886243,114.3457016884725,7201300
2022-10-24,118.17532348632812,118.54937894314895,115.6459883461135,116.5811201933344,5610900
2022-10-25,118.3890609741211,118.71859669499779,116.93737247928787,117.56079823685388,5957600
2022-10-26,120.24153900146484,120.99856474923038,118.28219502977265,119.09265533109101,5139000
2022-10-27,120.02779388427734,121.47948233440358,119.74279149550294,120.7224702198376,3993200
2022-10-28,123.35868072509766,123.67040040517668,120.42857280893755,120.73137767036928,5965500
2022-10-31,123.1627426147461,123.59024621176384,121.65761956535643,122.95790563471404,4915300
2022-11-01,123.08258819580078,123.48336091861498,121.7466700599788,123.1271215182606,3590600
2022-11-02,121.86245727539062,124.83709847673117,121.83573999912477,122.68181879008945,5360500
2022-11-03,119.76060485839844,121.55073020766234,119.31529882816409,121.49729565838008,4442400
2022-11-04,121.9782485961914,122.6640101814856,120.17920821043577,120.81153523995776,4178000
2022-11-07,123.207275390625,123.52789629213234,121.57745360710115,121.69323752948671,4043100
2022-11-08,124.7213134765625,125.51395770815347,123.54571256202479,123.79508286479528,5042800
2022-11-09,123.820068359375,125.18092157932773,123.414517350274,124.32475528196179,4720000
2022-11-10,127.28082275390625,127.40699451655273,124.63120198663951,126.40662777282326,5389000
2022-11-11,129.0292205810547,129.8944082574329,127.0375080813239,127.52416669499868,5871300
2022-11-14,129.95748901367188,131.65180745385499,128.13699880145546,128.5425636952763,5293500
2022-11-15,130.08363342285156,131.72387986595353,127.97475692602522,129.84931839598937,4727100
2022-11-16,130.24583435058594,130.63335686073052,129.78619799930587,129.89435500932314,3445200
2022-11-17,131.6608123779297,131.7419198545177,129.1013200487479,129.24552028603205,3954000
2022-11-18,133.05767822265625,133.6615010426362,131.5255890337249,132.08434757574193,4661700
2022-11-21,132.19252014160156,133.31905858193437,131.98524091905352,132.97660024722236,3476200
2022-11-22,134.37350463867188,134.59881231663633,132.49894310780496,133.0216585708852,7062100
2022-11-23,134.05807495117188,135.59918559463148,133.65252386132147,134.37351121643886,3658200
2022-11-25,133.71559143066406,134.72497914220168,133.4722690485719,133.62547661378545,2075200
2022-11-28,131.7418975830078,133.59844438287843,131.52561101533726,133.36411559898303,3538100
2022-11-29,132.0212860107422,132.63411626651492,131.30930607935412,131.49857057110083,2754700
2022-11-30,134.19322204589844,134.86013759680426,131.28225124912134,131.75089498088454,6377600
2022-12-01,134.42758178710938,135.1936196725509,132.78733522353474,135.16658385022296,4495900
2022-12-02,133.9859619140625,134.42756989249372,133.1388028849068,133.49930340353086,2900000
2022-12-05,132.85043334960938,134.22029424192587,132.30068202055787,133.32808456564047,2784600
2022-12-06,132.93153381347656,133.20190578513007,132.21054647296384,132.75129041627082,2847600
2022-12-07,132.72422790527344,133.4722509173655,131.84101205869518,132.77829953839313,3971300
2022-12-08,133.1838836669922,134.41856543596654,132.81437574651258,133.29202696013144,2665700
2022-12-09,132.52598571777344,133.68856734488085,132.4538856069287,132.84140823206783,3047600
2022-12-12,134.47262573242188,134.47262573242188,132.426828391718,133.21991573120238,4032800
2022-12-13,135.69830322265625,138.0775515474089,135.13953087817933,135.51804609442542,8811500
2022-12-14,135.05844116210938,136.90596695565227,133.78770250027995,135.60819247137454,4205900
2022-12-15,128.2991943359375,134.2653367664064,127.59623553755488,133.8507783733542,6687000
2022-12-16,126.31649780273438,127.90265887898202,125.24403107294233,127.29883596214304,9834400
2022-12-19,125.15390014648438,126.5688389150694,123.64884656090153,126.31649542477341,5282900
2022-12-20,127.32587432861328,127.4610534352019,124.67625382596104,125.12686918350899,5156500
2022-12-21,128.10093688964844,128.95710334268554,127.05550593038494,127.83056491719205,3793700
2022-12-22,126.96537780761719,127.47006476910148,124.92858774659918,127.02845680195857,3337100
2022-12-23,127.65933990478516,127.84860442736219,125.81182772872037,126.7040374377081,2092500
2022-12-27,128.35325622558594,128.62362814712642,127.28078964621062,127.73140493154901,2742400
2022-12-28,126.19031524658203,128.70474262531474,126.12722250237996,128.33523477075735,2539500
2022-12-29,127.12757873535156,128.20905264120833,126.57782755171873,126.69499192334621,2337200
2022-12-30,126.97440338134766,126.9834107384921,125.67662886465135,126.65896710931803,2858000
2023-01-03,127.5692138671875,127.88463637485184,126.60489037556026,127.1636627849392,3338600
2023-01-04,128.5155029296875,129.43474833967466,127.40697927084382,128.0378517602758,3869200
2023-01-05,127.17269897460938,128.42540943588114,126.18133943618156,128.37133777954742,2866600
2023-01-06,129.50686645507812,130.00254615783788,127.59626151173977,128.3172489201457,3574000
2023-01-09,129.37167358398438,131.10203492925777,129.23648072394906,129.84932476905877,3987700
2023-01-10,130.49818420410156,130.54324848118398,128.78583793677637,129.4257176672987,2152100
2023-01-11,130.9127655029297,131.156101640491,129.281540149015,130.67845047337858,3268700
2023-01-12,131.1741180419922,132.17448456920664,130.24585161378366,130.57029518346638,2715900
2023-01-13,131.48056030273438,131.6698248206733,129.78624200539946,129.83130629554591,2455700
2023-01-17,130.8496856689453,132.64312593531162,130.68745699437835,131.9581955636785,2986500
2023-01-18,126.54180145263672,130.3900465055554,126.37957278144381,130.13770301853413,6445600
2023-01-19,126.7310562133789,128.18203818563686,125.94698990751841,126.17229758177157,4833900
2023-01-20,127.25376892089844,127.84858446849225,126.63191755311297,127.67734843948595,7153300
2023-01-23,127.8486099243164,128.8670051932695,127.1276224883768,127.43403767935138,5898400
2023-01-24,127.51515197753906,128.65069784503717,126.17231312297866,127.29885163300526,4407600
2023-01-25,126.85722351074219,127.10055964087232,125.59550607986115,126.59587266851992,7347500
2023-01-26,121.17046356201172,124.61317139981148,119.84565334711904,123.9462557383731,17548500
2023-01-27,121.11640167236328,122.10776101219903,120.55764299992317,121.16146596084492,8143100
2023-01-30,121.93649291992188,122.66648744572272,120.74686202477494,121.05329085490116,5375700
2023-01-31,121.42282104492188,122.25195172533404,120.54862607446425,122.11677260688825,7206400
2023-02-01,121.74725341796875,122.37811216517224,119.68344114104103,121.20652324251832,5428900
2023-02-02,122.9188461303711,123.21625389102566,121.5309569990047,122.53132355695614,6107800
2023-02-03,123.41455078125,123.42355813884784,122.14381202371564,122.88282789746731,3755700
2023-02-06,122.72959899902344,122.85578450776873,121.62108900834676,122.41417648223063,4841300
2023-02-07,122.42316436767578,122.92785131562512,121.17045435341296,122.26995681216887,3737600
2023-02-08,122.5493392944336,123.23428338592541,121.81033731618353,122.30601692142412,4593700
2023-02-09,122.02022552490234,123.82657711527737,121.6461788758061,123.15148346828923,3918800
2023-02-10,123.7079849243164,123.86307437840533,121.79214781737436,122.04759090888604,5049600
2023-02-13,125.30449676513672,125.34098266517431,123.93604582378002,124.07288534967455,4403000
2023-02-14,124.08200073242188,125.2041405035457,123.20619994392808,125.03080116065978,3202200
2023-02-15,124.43781280517578,124.48343062535727,123.22446509609459,123.34305472384135,2506700
2023-02-16,123.16059112548828,124.04552389389008,122.78654450779194,123.68060919213005,2965500
2023-02-17,123.17884063720703,123.68972678625535,122.14793642320372,122.70444038997495,3466200
2023-02-21,120.15912628173828,122.60408537328944,120.11350846453102,122.24828867203823,4257200
2023-02-22,119.4840316772461,120.41458235042104,118.8636599215945,120.3324647023432,3200200
2023-02-23,119.3198013305664,120.14999830087615,117.55906767764954,119.96754094667497,3725600
2023-02-24,119.1191177368164,119.21033946108277,117.88750613407836,118.25242087235374,3015800
2023-02-27,119.0461196899414,120.30508515117728,118.71769089122695,119.89455263293507,2761300
2023-02-28,117.96047973632812,119.15559138998586,117.8145082877858,119.10085557693337,5143100
2023-03-01,116.94782257080078,118.11556628935227,116.53728310204961,117.5955482368738,3760700
2023-03-02,117.62291717529297,117.8874921616986,116.50991621898535,117.13028094494945,3340100
2023-03-03,118.2706527709961,118.51697783814556,117.4769556798068,118.00609171413394,2860300
2023-03-06,118.7724380493164,119.38367788741402,118.22505202563848,118.27066984771244,3131200
2023-03-07,117.00254821777344,118.98223878615164,116.94781241081583,118.85451726304989,3530400
2023-03-08,116.82011413574219,117.4496038822316,116.36396375951563,117.21239677740675,2778800
2023-03-09,115.09585571289062,117.25800384328096,114.93164131410006,117.04817858723297,5478300
2023-03-10,114.44811248779297,116.12674928451382,114.15617656144606,115.05935920633621,5990900
2023-03-13,114.56672668457031,116.94783213299183,113.9007440929699,114.17443709451575,8188400
2023-03-14,113.7182846069336,115.53376106637312,112.39544440458658,115.39691456815763,8114800
2023-03-15,112.46842193603516,112.53228270250855,111.03611020773079,112.20385391484498,5989300
2023-03-16,113.76390075683594,113.87337935256015,111.22770578512859,112.17649940049795,6438700
2023-03-17,112.84246063232422,113.59966482164631,112.14911024469936,113.19825730064332,37400200
2023-03-20,114.89515686035156,115.09586413581724,113.29863057316841,113.40810220683896,4588300
2023-03-21,115.46990203857422,115.99903812750176,114.63971200138984,115.77096294713321,3856300
2023-03-22,113.17090606689453,116.06289765241876,113.13441320319146,115.86219038220283,3549000
2023-03-23,112.550537109375,113.97372393923753,111.84806168980309,112.95194467454286,4651900
2023-03-24,114.30215454101562,114.40250817396425,112.10350653225262,112.54141392696499,3812300
2023-03-27,117.96958923339844,118.83627202570403,115.37865885113236,115.37865885113236,6524100
2023-03-28,117.99695587158203,118.28889874450262,117.50431967428149,117.85098443512173,2888900
2023-03-29,118.33452606201172,118.91839793414175,117.85099389982884,118.70855875715183,3279600
2023-03-30,117.88749694824219,119.94929150799166,117.77802531941063,118.74506182903299,3561800
2023-03-31,119.59349060058594,119.72121213661262,118.06995016348067,118.11556798076236,4524700
2023-04-03,120.47843933105469,120.98020754647281,119.30157744453327,119.48403481724752,3840100
2023-04-04,120.05876922607422,120.56052343922565,119.41102964966346,120.41456591717224,3382800
2023-04-05,120.55140686035156,120.98018927781449,119.84893146484373,119.84893146484373,2898700
2023-04-06,119.05524444580078,120.97108153385999,118.89103699742078,120.56966698812535,3050600
2023-04-10,119.53875732421875,119.58437514246826,117.90574522747423,118.4439992892489,2614400
2023-04-11,118.98226165771484,119.60263340389106,118.76330446719301,119.12823311806274,3132400
2023-04-12,117.26712799072266,119.4110402430479,116.92958118016242,118.96400788048105,3957500
2023-04-13,116.6832504272461,117.13027578115485,114.94987786109003,116.78359709174282,5621500
2023-04-14,116.90221405029297,118.4531224947666,116.14500277997726,117.19415696344787,4180600
2023-04-17,116.61027526855469,117.43134729112886,115.6797316165053,117.04818266736157,3662700
2023-04-18,116.57378387451172,117.39484894713205,116.18149428991002,116.90221268768067,3193800
2023-04-19,115.2418212890625,115.84394307708251,114.31127766066096,115.40603568940416,7014400
2023-04-20,115.2783203125,119.49314521269629,114.80392003713541,118.73593393952345,9749600
2023-04-21,114.70356750488281,115.58849331741229,114.28390306721496,114.94988562583394,6725400
2023-04-24,114.40250396728516,114.99550078736699,113.63616779479283,114.53935045811969,4043900
2023-04-25,114.84952545166016,115.12321842406054,113.81862824818138,113.94634977922118,4275400
2023-04-26,114.81303405761719,115.45164868127345,114.14705848873315,114.77654119681098,4070200
2023-04-27,115.8348159790039,115.88042683584855,114.45724003274456,115.28743697475635,3204900
2023-04-28,115.32392883300781,116.09025804022643,114.62145343275581,115.47901827347326,5061200
2023-05-01,115.03199768066406,115.6341195137518,115.00462977194232,115.26919782342308,2725000
2023-05-02,114.18354797363281,115.36040963840601,112.45929341295059,115.22357011480538,4445300
2023-05-03,112.62351989746094,114.55759990892062,112.45018749551696,114.45724627396787,4554200
2023-05-04,111.82069396972656,112.68737683083495,111.08173264688043,112.24035144691707,4468200
2023-05-05,112.80597686767578,113.21650937643042,112.03964070161845,112.31333368098927,4971900
2023-05-08,112.5779037475586,113.05229703206683,111.80244957234038,112.90633254464188,3663800
2023-05-09,112.05079650878906,112.79059167684659,111.57918396798175,112.72586012878227,4540000
2023-05-10,112.83683013916016,113.27145929310785,111.98607059176166,112.80908905362476,4189200
2023-05-11,111.80111694335938,113.04026570585228,111.47745921100746,112.83682168688551,3446500
2023-05-12,113.59510040283203,113.61359916061801,111.99530355958144,112.27272848469985,4564800
2023-05-15,114.07598876953125,114.38115482811637,113.13274950757908,113.74308162474932,2915700
2023-05-16,114.16844940185547,114.53834697440223,113.23445961859703,114.06672739302488,2748400
2023-05-17,116.24911499023438,116.37857808198785,114.17769846696922,114.61232758437423,4515100
2023-05-18,116.656005859375,116.98891297631971,115.76825589925896,115.86997791028149,3797900
2023-05-19,117.6824722290039,118.63494671320788,117.02590735285666,117.24784308650409,4306700
2023-05-22,117.9044189453125,118.54249217609564,117.58076116709293,117.9044189453125,2806800
2023-05-23,118.53321838378906,119.37473553915116,117.56224519130517,117.66396720030959,4592300
2023-05-24,116.22137451171875,118.27429934193285,116.02717987307814,118.2003184162004,3915500
2023-05-25,117.22010040283203,117.65472953940355,115.60180462933957,116.15664748349505,4102900
2023-05-26,119.18978118896484,119.90183519768384,117.26631959931443,117.49750468301639,5612600
2023-05-30,119.73538970947266,120.28099729977724,118.60720522980749,119.80937063884309,3741100
2023-05-31,118.91238403320312,119.69841914550084,117.86742975074229,118.83840309589337,11590200
2023-06-01,120.0498275756836,120.35497954662627,118.16334891096467,118.77368107369263,4136100
2023-06-02,122.45413208007812,123.10144759088443,120.35496724964497,120.5676677185255,5375800
2023-06-05,122.65756225585938,123.5268204623431,122.31541283389299,123.10143368306147,3993500
2023-06-06,122.70381164550781,122.93499675626943,121.95477414430724,122.46337009964732,3298000
2023-06-07,124.26663208007812,124.32211425204243,122.24144814086016,122.52811543628916,5772000
2023-06-08,124.29435729980469,125.74619235241681,123.92445268322766,124.55328347619944,4128500
2023-06-09,125.11739349365234,125.85718872177672,124.07243220478588,124.24813515888772,3981500
2023-06-12,126.15309143066406,126.33803669995079,125.59825562280389,125.76470213203606,4494500
2023-06-13,127.24429321289062,127.77138793880215,125.76470282955158,126.23631538541132,3927300
2023-06-14,126.8743896484375,128.47418671045,126.63396220601416,127.42923957454646,4514900
2023-06-15,127.98408508300781,128.35398976523481,126.85590049545193,126.93913786796602,3812600
2023-06-16,127.13333129882812,128.97357013728654,127.1240889727572,128.75162731779128,7473700
2023-06-20,125.72772216796875,126.90213242085545,125.66298356121344,126.09761271667921,4271300
2023-06-21,123.6285629272461,125.20061899616566,123.2586582513458,124.94169277824577,5501300
2023-06-22,121.29820251464844,122.95349581354161,120.8450746167083,121.76981506199228,6012800
2023-06-23,119.68914794921875,120.7895913265601,119.45796284004348,120.58614730165233,11324700
2023-06-26,121.45540618896484,121.52014479286518,119.57818422172564,119.65216515028916,4845600
2023-06-27,122.38014221191406,122.94423442522785,120.98378927554269,121.4184183961493,3219900
2023-06-28,121.84379577636719,122.22294274476681,121.05777486551119,122.12122073154788,2753800
2023-06-29,123.97068786621094,124.23887046695528,121.77905777320814,121.8345399360055,3639800
2023-06-30,123.73951721191406,124.86770168842634,123.38811132599139,124.55329332229523,4236700
2023-07-03,123.61006164550781,124.2388925265065,122.87026641921184,123.37887651919159,1477100
2023-07-05,124.13714599609375,124.20187048126412,122.61131599742393,123.28638659247976,2955100
2023-07-06,122.21370697021484,123.82274639774559,121.64961470493496,123.2124283961409,3507700
2023-07-07,122.13972473144531,123.77651933785658,121.8345586786961,121.86229976436239,2982700
2023-07-10,122.89800262451172,123.03672216104424,121.78831688435025,121.84379905479535,2369200
2023-07-11,124.32211303710938,124.43307737995359,123.2031708418902,123.60081658778196,2924000
2023-07-12,122.842529296875,125.14513830903844,122.59285951189955,124.90471084966256,3732200
2023-07-13,123.84125518798828,124.90471530756709,123.32340272751429,123.46210816856222,3221400
2023-07-14,123.3603744506836,123.84124345144618,122.93500173150203,123.83200112639264,2861500
2023-07-17,124.13714599609375,124.47929540015113,123.08294259265712,123.23089032036833,3167400
2023-07-18,125.1728744506836,125.71846795833831,124.18339534421334,124.571798770782,3852100
2023-07-19,125.28382110595703,126.18082039175218,125.01565260782056,125.33006094644077,5520000
2023-07-20,127.96558380126953,129.7595824732646,126.28254946431116,126.86514044409198,10896300
2023-07-21,128.4834442138672,129.2602228285411,127.39224311289396,127.80838761614487,5858600
2023-07-24,129.0382843017578,129.5746354897481,128.3354865952983,128.86259545795818,3475200
2023-07-25,129.7688446044922,129.8613101943296,128.575921379094,128.92732730757118,3770800
2023-07-26,130.45315551757812,130.61960204275445,129.35271201084262,129.8705644586191,4046400
2023-07-27,132.2101593017578,132.5893063187471,131.22068012723764,131.5905848183569,6331600
2023-07-28,132.6540069580078,133.1163771559168,132.0991711867682,132.64476463380035,6686400
2023-07-31,133.32908630371094,133.71748975356434,132.7280105877749,132.9869368140631,6138100
2023-08-01,132.54306030273438,133.60650625558637,131.47035791402175,133.39381988710008,4797700
2023-08-02,133.31983947753906,133.4400602608365,131.59982154073083,132.0344507152763,4957400
2023-08-03,133.57875061035156,134.29080468340786,132.5245470978353,132.9591762232991,3951900
2023-08-04,133.3845672607422,135.09532862279636,133.15338214880896,134.17058817506347,4223100
2023-08-07,135.1785430908203,135.47446678786295,134.02261760628224,134.08735620641727,3438700
2023-08-08,134.9288787841797,135.15080745548832,133.26434319726945,134.73467708636554,4654600
2023-08-09,133.28260803222656,135.5742914510217,133.10488313962466,135.5742914510217,4072900
2023-08-10,133.9934844970703,135.23754439047696,133.46967280990918,133.79704797798587,4735800
2023-08-11,133.87188720703125,134.18056502573083,133.02070030760984,133.87188720703125,2526400
2023-08-14,132.74008178710938,134.10573170716006,132.63718918167004,133.80641684675388,4226400
2023-08-15,132.70266723632812,133.1142376851526,132.07596287936346,132.35658039199828,3656600
2023-08-16,131.55215454101562,132.90845590227116,131.47732225085534,132.54365740823968,3285300
2023-08-17,131.57086181640625,133.44162618994434,131.51474116884802,131.89823701809573,3742100
2023-08-18,132.2723846435547,132.66524340823634,130.72899563287896,130.9534924724676,3915500
2023-08-21,133.086181640625,133.1890742561397,131.99178615167796,132.28175235736478,2937800
2023-08-22,132.34722900390625,133.97478485289176,132.16950410710916,133.44162443529973,3557500
2023-08-23,134.14315795898438,134.20862728782512,132.43140690661858,132.56235983709905,2559100
2023-08-24,134.27410888671875,135.13465874172644,133.96543106816185,134.23668560839738,2900200
2023-08-25,135.9578094482422,136.07005074574636,134.22734665678738,134.8633997063774,3660100
2023-08-28,136.5845184326172,137.25799478601556,135.82686110324408,136.01393469634357,3561100
2023-08-29,136.98672485351562,137.2486307363298,136.21035588917357,136.8464232280081,2778100
2023-08-30,137.37025451660156,137.42637517478042,136.33197952188644,136.95868399288713,2245400
2023-08-31,137.34214782714844,138.18398596126977,137.07087904044892,137.44504042334526,3885900
2023-09-01,138.3804473876953,138.53011196780193,137.42635353051554,137.74438005864215,2727800
2023-09-05,138.55816650390625,139.37194443093875,138.0343547682164,138.35238128305676,3731300
2023-09-06,138.49267578125,138.74523295254596,137.6134142960555,138.11852863864743,2932200
2023-09-07,137.98756408691406,139.1661403323436,137.8753085353512,138.55814770863415,3332900
2023-09-08,138.13723754882812,138.9884387831015,137.744378734425,137.82857398042552,3722800
2023-09-11,138.79202270507812,139.16616989564196,138.04371405115003,138.9697476160761,3273600
2023-09-12,136.84642028808594,138.43656719181027,136.37872918270818,138.36173490221384,4457700
2023-09-13,137.0802764892578,137.48248402018248,136.49098108340908,136.51904141008748,2627800
2023-09-14,137.82855224609375,138.18398772338105,137.0147601484152,137.85661256606915,2723100
2023-09-15,136.55641174316406,138.2962226866029,136.1261297796059,137.6040349270686,6234000
2023-09-18,135.714599609375,137.01478029298391,135.68653928527405,136.3506669255288,2508100
2023-09-19,137.05221557617188,137.23928917749456,135.31240396554918,135.63043051507785,3945400
2023-09-20,140.1483154296875,142.1126094676603,138.55816855910012,138.77330246670675,9632400
2023-09-21,137.85662841796875,139.6057885039554,137.791144815298,139.37194296207272,4944600
2023-09-22,137.41700744628906,138.5301145885905,137.33282647068648,137.88469856337034,2562000
2023-09-25,137.01478576660156,137.903396035163,136.79965184896673,137.09898101506755,2694200
2023-09-26,133.98414611816406,136.7248090038253,133.7783609005541,136.10745335099543,4824700
2023-09-27,133.9186553955078,134.52666233259157,132.59976319080437,134.386346451973,4439800
2023-09-28,132.43141174316406,133.0861764194793,131.1499427143186,132.95522348421625,5783200
2023-09-29,131.23411560058594,132.94586661000906,130.58869964769542,132.82426236589967,5704000
2023-10-02,131.7018280029297,132.30982077638348,130.82256637525123,130.99092833486577,3275300
2023-10-03,131.3183135986328,132.48754141195235,130.95351509178911,131.76729308256338,3284400
2023-10-04,131.95437622070312,132.07596620342534,130.94416171347262,131.29959725047598,2637600
2023-10-05,132.3752899169922,132.54365185820302,131.13122990667,131.7953432607341,3223900
2023-10-06,132.85232543945312,133.70352662025093,131.05639342666584,132.2630301184702,3511100
2023-10-09,133.0113525390625,133.1984261337199,131.5895675286256,133.10489647279138,2354400
2023-10-10,132.92718505859375,134.1525336417308,132.5623865164934,133.3855275439206,3015800
2023-10-11,133.9748077392578,134.07770036693816,132.95524442039,133.30133131676857,2511500
2023-10-12,132.11337280273438,133.69415656091508,131.84210400125377,133.3012977920656,3921100
2023-10-13,129.5130157470703,131.06573923251304,129.3352908590694,130.73836405133113,4582800
2023-10-16,130.21456909179688,130.7477295515778,129.56915305669332,130.2800384273347,3361500
2023-10-17,131.25283813476562,131.5334413786206,127.50194635017286,128.25960365418095,4172800
2023-10-18,130.92544555664062,131.35571336890843,130.56064707545733,130.95350588036246,3330000
2023-10-19,129.09207153320312,130.4016149663836,129.01723925649588,129.6813667917742,5314200
2023-10-20,128.2969970703125,130.27065363853126,128.25957379797669,129.2230161050753,4865600
2023-10-23,127.56742858886719,128.78341402667706,127.0903745338252,127.8012741381075,3457500
2023-10-24,128.88632202148438,129.06404694376593,127.25876593911926,127.90418201569908,3698000
2023-10-25,128.22218322753906,129.54107544740722,127.52064663477496,128.61504200675114,6472500
2023-10-26,134.47055053710938,135.07855757873196,132.43142403126333,133.01135647369645,11130200
2023-10-27,133.31068420410156,135.34981068779675,132.5530268542368,134.3395961303769,5469200
2023-10-30,133.41355895996094,135.1627189913773,133.36678699848375,133.93737067378837,4204100
2023-10-31,135.29367065429688,135.40591194255322,133.37613443405908,133.75964453266636,6591800
2023-11-01,136.00457763671875,137.04285253716228,135.11596732636457,135.63043043429622,4750100
2023-11-02,137.51051330566406,137.5947085394943,135.48073592158187,136.35064867064438,3902700
2023-11-03,138.34300231933594,138.85746531193232,137.76307000375328,137.92208324277442,3510500
2023-11-06,139.3438720703125,139.58706627721767,138.29624868943102,138.33365769326332,4597200
2023-11-07,139.21292114257812,139.63384023751405,138.4646126000263,139.3999947100165,3549900
2023-11-08,138.46461486816406,140.00798966581002,138.05304444937886,139.60578220286902,3618600
2023-11-09,138.7011260986328,139.05115240831253,137.4335022599816,138.63491426793874,3412700
2023-11-10,140.9715118408203,141.11340464546444,138.9187141371729,139.47684508166626,3179000
2023-11-13,140.10118103027344,140.47011670102987,139.3916882453828,140.44173814440765,2647200
2023-11-14,142.28643798828125,142.6648284235057,140.99989029998036,141.3782807352048,4321900
2023-11-15,144.3392333984375,144.94466674598462,142.27696658560313,142.27696658560313,4632500
2023-11-16,144.7932891845703,145.06763448563302,143.9135250359241,144.7365320697761,3519200
2023-11-17,144.6324920654297,145.20954686815574,144.22572306473378,145.01088250489892,4426500
2023-11-20,146.01364135742188,146.32580552399304,144.12166033269168,144.27300784432114,3658500
2023-11-21,145.597412109375,146.3069050369547,145.21900722053016,146.2501479122956,2859500
2023-11-22,146.75149536132812,147.3001715254518,145.83388351861575,146.15551679027405,3044700
2023-11-24,146.7987823486328,147.00690138999602,145.60683964919002,146.75149437668762,1799200
2023-11-27,147.16773986816406,147.70694691362786,146.3920207777284,146.61906368010023,4053100
2023-11-28,147.24342346191406,147.3380282908646,146.49609727801788,147.04477352965634,2666200
2023-11-29,147.96237182617188,149.0029526749801,147.59343612287887,147.7164050675306,3568900
2023-11-30,149.99624633789062,150.0340940400357,148.4164439880553,148.4732011066039,6740600
2023-12-01,151.87875366210938,151.91658692487638,149.46647538136278,149.85433488939407,4871900
2023-12-04,152.3990936279297,153.9978056398224,151.63282910577428,151.63282910577428,5779000
2023-12-05,152.67340087890625,153.69507231534064,152.03958899822982,152.0774222656523,4556700
2023-12-06,151.6233367919922,153.581543805171,151.36791534795415,152.86258187894063,3555900
2023-12-07,151.56658935546875,152.74907740471895,151.3300917456187,152.3044607434274,3665500
2023-12-08,153.21263122558594,153.2882977648025,151.35848345204369,151.35848345204369,4561300
2023-12-11,154.6788787841797,154.81131685737884,153.20313613005555,153.89370505211778,6077200
2023-12-12,155.81410217285156,157.35605687788342,154.12077108827907,154.45187353835087,5292300
2023-12-13,154.782958984375,156.06005191668717,153.95049717074187,155.49245185017747,4989100
2023-12-14,154.11129760742188,154.66942847214483,151.5003548977781,154.13020702222525,6129800
2023-12-15,153.468017578125,155.2275602883656,153.28827709371672,153.53424383434609,11016100
2023-12-18,153.95046997070312,154.5086007955363,152.85311773448868,153.4680056690111,3677300
2023-12-19,152.83424377441406,153.5153581823473,152.60721526155064,153.06128672194896,3766600
2023-12-20,151.40576171875,153.06124486748902,151.36791402050787,152.5787805402407,4865800
2023-12-21,152.09634399414062,152.38014401719002,150.91385592699208,151.91660349838705,2982900
2023-12-22,153.3828887939453,153.63831025350288,152.30446027374157,152.39906509125728,2442700
2023-12-26,154.39512634277344,154.4897167383963,153.29777382392055,153.46804519684403,1772400
2023-12-27,154.63160705566406,154.80187840994722,153.89372121643038,154.32888317960214,3234600
2023-12-28,154.90594482421875,155.10460918104945,154.57484237439078,155.10460918104945,2071300
2023-12-29,154.7167510986328,155.31271530551766,154.03563677533324,154.9059463140672,2526200
2024-01-02,152.7774658203125,154.4707824648372,151.7936420511143,154.03563491805187,3825000
2024-01-03,151.4530792236328,152.99503386604115,151.4341553726251,152.3044648682836,4086100
2024-01-04,152.17202758789062,153.07071564749404,151.51929185401653,151.5665942644523,3212000
2024-01-05,150.5638427734375,151.87876891532488,150.1003022586515,151.27333560757822,4199400
2024-01-08,152.43690490722656,152.5125858775572,149.36243585655637,150.11923112519364,3321700
2024-01-09,151.43417358398438,151.8125640416299,150.8949520254353,151.35849260552112,2617200
2024-01-10,152.5220489501953,152.62610848577296,151.11253230016268,151.62336083457203,2967800
2024-01-11,153.4018096923828,153.46802151563483,151.63279779462738,152.32338119293192,3778200
2024-01-12,156.84521484375,157.0154861910575,153.58155077500805,154.16806021751387,4958300
2024-01-16,157.94256591796875,158.2168967868534,156.41005163127508,156.84521357309384,4869600
2024-01-17,157.11009216308594,158.75612070584432,156.5614159821665,157.78173728418727,4288600
2024-01-18,157.8290557861328,157.9709630257382,156.1262699535574,157.49796776306002,3776900
2024-01-19,162.2184295654297,162.31303437918908,160.0426487609756,161.37649868777586,6929100
2024-01-22,163.4955291748047,165.0280290656748,163.0887457803298,163.48607446690286,4926000
2024-01-23,164.54559326171875,164.6212742354347,163.1644407520751,163.56175503808143,3983500
2024-01-24,164.53611755371094,165.41589620772137,163.56174851233186,165.32129138568354,9097800
2024-01-25,180.1449432373047,186.26550222211364,174.84740570827557,174.9703890782046,29596200
2024-01-26,177.29751586914062,181.99908922793958,176.10557318291032,180.97741788202742,9895900
2024-01-29,177.03265380859375,179.22735860073524,176.0015276732524,177.33537768392452,6107900
2024-01-30,177.7232208251953,178.46109221977267,176.68263999332223,177.57187332388182,4575100
2024-01-31,173.7406005859375,177.5150930493467,173.24868153550108,176.9475074693059,8876100
2024-02-01,176.8056182861328,177.3826730672467,172.84193022499832,173.71223975091823,4669400
2024-02-02,175.75555419921875,177.26914464869162,175.59473755959584,176.99481377749217,4055400
2024-02-05,173.51358032226562,175.74611853812394,173.36221837398068,175.49069705472684,4379600
2024-02-06,173.50411987304688,174.70551740680148,173.154093574885,173.63655796474697,3337600
2024-02-07,173.81629943847656,174.08117562335553,172.7662494074672,173.43789457817124,4841200
2024-02-08,175.9927978515625,176.1741770072959,173.25305783842543,174.34131820655887,5161200
2024-02-09,177.88294982910156,178.6848229071641,175.5059678786827,176.06918721449318,5064600
2024-02-12,177.7111358642578,178.0166050966192,175.67780120764667,177.4629266363031,4724000
2024-02-13,175.36276245117188,176.38420743394371,174.0835819210102,175.91644086712276,4290500
2024-02-14,175.23866271972656,176.60375502350536,173.98810497551722,176.60375502350536,3173400
2024-02-15,178.38890075683594,178.49390898970333,175.28640200043503,175.28640200043503,4714300
2024-02-16,179.1239471435547,180.3744903870369,177.5106455608878,178.15979129594098,4842800
2024-02-20,175.1145782470703,180.2026779542178,174.75181988520868,179.1239583410623,4247200
2024-02-21,171.54429626464844,174.72316566013762,170.63741501419017,174.2744954875262,4723700
2024-02-22,175.84962463378906,176.17419021771957,173.67308916804774,174.16949301576193,5078400
2024-02-23,177.29107666015625,177.99749691513773,176.19327537477918,176.5082854668308,3433800
2024-02-26,175.7732696533203,177.68249970808722,175.70643960959418,177.17655490887552,4620800
2024-02-27,176.4796600341797,176.7278692420286,174.33177641020274,175.80189158105708,3641400
2024-02-28,176.89015197753906,176.9569674491374,175.21957582609545,176.25056171322424,3216300
2024-02-29,176.6324005126953,178.36980668871163,176.30783493023114,177.70156458023277,6458500
2024-03-01,179.6585235595703,179.83036181822237,176.77558244622298,177.07152530466445,4018400
2024-03-04,184.29795837402344,185.09983142940828,179.08576894775396,179.23849626811202,7938300
2024-03-05,183.23831176757812,185.1380005030456,181.92095322116975,183.28604542182663,5653600
2024-03-06,187.25726318359375,189.13785571097074,184.20249840210516,184.7179840414352,6945800
2024-03-07,187.62001037597656,189.71061938592936,187.2381702336526,188.6128180520472,4604500
2024-03-08,187.05679321289062,188.79419938280373,185.55805534250152,187.16180143817402,3943100
2024-03-11,183.02833557128906,186.5126891695597,182.21692153578147,186.2358426538276,4725100
2024-03-12,188.8037567138672,190.1402119098635,183.42926951216293,183.72521240281205,5880100
2024-03-13,187.77273559570312,189.10920510776873,186.4553770252058,188.58416403396674,3993300
2024-03-14,184.6511688232422,188.77511253386942,183.40062552846277,188.01141763564934,4109600
2024-03-15,182.39828491210938,184.29795933419666,182.04506747666287,183.2765289153828,8828200
2024-03-18,182.99014282226562,184.46024344194146,181.6823249967816,182.99968372794694,5410600
2024-03-19,184.56524658203125,184.79435940848157,181.6441272345619,182.79921770596397,5317300
2024-03-20,185.15711975097656,185.17620156202025,182.627381425962,184.11657839837645,3238600
2024-03-21,183.19061279296875,184.59389800918547,181.3863910244428,184.24069512016118,6013600
2024-03-22,182.17869567871094,184.23112635949707,181.8636710281828,183.28605240791273,3988400
2024-03-25,180.22174072265625,182.15962237235144,180.18356253577983,181.6250257922098,3718300
2024-03-26,179.94493103027344,181.3768535583658,179.94493103027344,180.4413349185675,4229500
2024-03-27,182.1405487060547,182.29329060513984,180.04039857557603,180.99501359545445,3693300
2024-03-28,182.2932586669922,183.21922167307596,181.70138755330152,182.27416229138495,3742200
2024-04-01,181.21456909179688,181.8159812092882,179.96402575933067,181.3768518955406,2364300
2024-04-02,180.30767822265625,181.18592223749806,179.08577223972256,180.55587286828492,2693500
2024-04-03,182.23599243164062,182.66558082229906,179.93538141818,180.0403896478103,2826200
2024-04-04,179.4103240966797,184.5079640946079,178.83754933828155,183.2860582052079,2983900
2024-04-05,180.55587768554688,181.68233094233966,179.48671356352148,180.03083653052772,2014300
2024-04-08,181.2050018310547,181.60593832898024,180.33629880241585,180.65132345784312,2678300
2024-04-09,180.7181396484375,182.57009483646632,178.1884160562952,181.8923118660859,2794200
2024-04-10,177.5965576171875,179.39123837154276,177.10016833445488,178.91393089996043,3081700
2024-04-11,177.46290588378906,178.32206804226539,176.202821777465,177.59655138849413,2861700
2024-04-12,173.99766540527344,176.76604284451213,173.44398700417216,175.64914513697371,3547400
2024-04-15,173.02395629882812,178.9712032422963,172.67075343545142,177.14789979386947,3528100
2024-04-16,175.41049194335938,177.28154359991302,174.56088524530483,177.16697990419405,4473700
2024-04-17,174.79000854492188,176.28874648803682,173.52990978037508,175.8018980924266,3003000
2024-04-18,173.2339630126953,175.1336518630777,171.99296075849512,174.07402876623397,2886700
2024-04-19,173.33897399902344,174.5036053336513,172.37481820106018,174.15038791822005,3038000
2024-04-22,173.64443969726562,175.00000563621697,172.260251043672,174.1694807910472,3076500
2024-04-23,173.92129516601562,176.2982770020662,170.87607123079692,174.43678081531945,5950200
2024-04-24,175.74464416503906,175.92600879675015,173.16717176506987,174.85684455551691,7616600
2024-04-25,161.24400329589844,164.62333357072632,158.1415049278327,160.56622032017884,16702200
2024-04-26,159.5447998046875,160.25120553885571,158.20833014707307,159.8980026717716,8983800
2024-04-29,159.8311767578125,160.5853307380262,158.6856417119218,159.80253947413536,5242200
2024-04-30,158.65699768066406,159.19157970825975,157.759657320228,158.93384416612682,6011600
2024-05-01,156.9673309326172,158.7238335299588,156.84324089283882,158.1701551050245,4029900
2024-05-02,157.2155303955078,157.39690955732277,155.23947055838795,156.8909648250323,3829900
2024-05-03,158.1892547607422,159.04840241632047,157.43510076935652,157.51147171571637,3400400
2024-05-06,160.95761108398438,161.01488564461047,158.82882403853708,158.94337315978925,4222300
2024-05-07,160.73805236816406,161.60674080732358,160.31801950548478,161.32990891124854,3155300
2024-05-08,162.1890869140625,162.53274890569858,160.27985686414408,160.38486509954035,3522000
2024-05-09,160.29945373535156,161.53348933907344,159.9234587421998,161.48528183515864,4266600
2024-05-10,161.14784240722656,162.0348192799681,160.34765963587446,161.1285711745452,2255400
2024-05-13,161.5431365966797,162.0251822488354,160.7718606110574,161.48529347215953,2414900
2024-05-14,161.35031127929688,162.09266565665624,160.50190627660047,161.83235690158077,2601000
2024-05-15,162.21800231933594,162.30478171952402,161.3310400586918,161.9095007425697,4468800
2024-05-16,162.9025115966797,163.53881539879774,161.76487618887475,162.21800028636494,3492300
2024-05-17,162.96034240722656,163.03747147233943,161.32139022845675,162.90249928610817,2956400
2024-05-20,163.81838989257812,164.04977709761104,162.33369578183064,162.931427672917,2726300
2024-05-21,167.2409210205078,168.6870579880841,163.83767986701423,163.83767986701423,6459800
2024-05-22,167.45301818847656,168.70633980521447,166.55640564086855,167.1637878598654,3294900
2024-05-23,164.54147338867188,169.1594793181357,164.31973649121838,169.09198586059463,3341300
2024-05-24,164.7535400390625,165.83331744582796,164.09796510234457,165.32235030077902,2587400
2024-05-28,163.56773376464844,164.9463772647595,162.59399213505102,164.31972380304825,2629500
2024-05-29,161.05145263671875,162.57471863738556,160.2416194852348,161.9673364183398,4206600
2024-05-30,159.68246459960938,160.7429563217899,158.33272780201494,159.6149711398393,3842400
2024-05-31,160.85862731933594,160.9743135592503,157.95670330732338,159.74991358031943,4905000
2024-06-03,159.34500122070312,160.7911381011264,157.65784152687598,160.55975090434725,2776100
2024-06-04,159.85597229003906,160.42478261287704,157.99528318659316,158.68943008292155,2594200
2024-06-05,161.3695831298828,161.76484932537733,159.82703138894846,160.43441352745668,3049400
2024-06-06,162.16015625,162.39154346152486,160.81043429327005,161.36960902130562,2207100
2024-06-07,163.90516662597656,165.15848833468394,162.0251914183488,162.14087767393616,3475500
2024-06-10,164.26185607910156,164.6282007154679,162.8157193432321,163.46165865328348,3440000
2024-06-11,163.2399444580078,163.89551947469107,160.82006590257453,163.87623352982814,2951300
2024-06-12,162.93142700195312,166.2768249344246,162.06375073066764,165.1970474037821,3522700
2024-06-13,163.047119140625,163.50024323736542,162.29512908877197,162.94106850711412,3525700
2024-06-14,163.13389587402344,163.3845543169234,161.22498450201883,162.24691892958944,2777700
2024-06-17,163.41346740722656,163.62556865978655,161.4852849009466,162.70003458399154,3239800
2024-06-18,164.42578125,164.6185965761443,162.3337048040581,163.89552806995334,3386400
2024-06-20,167.6747589111328,168.0218323712528,165.07171531566584,167.82901705137857,4723100
2024-06-21,166.26718139648438,168.67740949174856,165.2452323269659,167.7229538701126,10181500
2024-06-24,168.72561645507812,172.0517432745733,167.89649733224059,168.71598083779918,4864700
2024-06-25,166.40216064453125,169.4390422891224,165.26452528562848,168.85094602048085,4069800
2024-06-26,165.6983642578125,166.4792758440396,164.29079922139132,165.12955393091443,2779000
2024-06-27,164.71499633789062,166.30574101982117,164.35827257115554,164.97529038418577,2894000
2024-06-28,166.73959350585938,167.2312895018401,164.40649423962682,164.71501052815327,4193300
2024-07-01,168.8123779296875,170.12354257284318,167.15413986008284,167.22161859560276,3321000
2024-07-02,170.93338012695312,171.11655981664813,168.06039234520205,168.56170919915533,2883300
2024-07-03,169.4197540283203,171.58895937647696,168.8798652731842,171.49255907641137,1649000
2024-07-05,169.6993408203125,169.7668195561253,167.7036649318527,169.42939645533212,2086000
2024-07-08,171.2611846923828,172.1770685213015,169.68971110397936,170.0753564656958,2503000
2024-07-09,170.14283752441406,171.31903014963456,169.2751611927639,171.22262984104376,2512700
2024-07-10,171.45399475097656,171.82035415563652,168.1857258040166,170.25853094354454,3462200
2024-07-11,171.90713500976562,172.9965629981627,170.2778181916428,171.27083115578856,2806800
2024-07-12,176.26480102539062,177.54704412426062,172.09028424178476,172.1481273617411,4785600
2024-07-15,176.31301879882812,178.26047260149602,176.04307441606494,176.79506444102887,2925700
2024-07-16,179.13778686523438,179.89942716554867,177.89411566677816,178.03872346513427,3374500
2024-07-17,180.71890258789062,181.19131259817777,178.42437540716816,178.7810844636077,4225300
2024-07-18,178.56900024414062,182.6663884637492,178.45331399012306,179.9380081898588,3487800
2024-07-19,176.6697235107422,180.28506573811072,175.41640192974805,179.63912635879137,3816000
2024-07-22,177.5373992919922,178.3279611848371,176.2937280418433,176.8143308484285,2488500
2024-07-23,177.48922729492188,178.7232630729984,176.43835652021696,177.7398857554832,2180200
2024-07-24,177.4120635986328,178.4243622828639,176.57329426611125,177.52774983310584,6962100
2024-07-25,185.0862579345703,189.2125678400505,178.64613461492314,180.09227167649425,9532800
2024-07-26,184.864501953125,186.61915513457345,182.8109828302105,183.66902347639535,4294900
2024-07-29,184.62347412109375,186.34919098343983,182.38677536295458,186.24314035765107,3336800
2024-07-30,184.17999267578125,185.8478811912174,182.30001761156987,184.6041951950629,3065000
2024-07-31,185.24050903320312,187.56397268761737,183.16771854153987,184.14144549668376,5558400
2024-08-01,182.84954833984375,186.68662736084565,181.5287333359882,185.88642986533168,4085400
2024-08-02,182.3289337158203,182.46390590329128,179.0317433840023,182.0011462192287,4548800
2024-08-05,176.72756958007812,178.60754462749065,175.28143266501226,177.92304805911078,4975000
2024-08-06,180.09225463867188,182.1168375068134,177.04572265324114,178.0676570596648,3632500
2024-08-07,180.09225463867188,183.05200722835932,179.99583962600846,181.32629030426259,3801900
2024-08-08,185.69361877441406,185.95392753449374,180.28506619998006,180.7671118315308,3712700
2024-08-09,186.1896209716797,187.33720641740115,183.84583577689688,185.92703547180201,2773700
2024-08-12,184.27371215820312,186.3160170398549,183.80690512565027,185.9950825676223,2290300
2024-08-13,185.7422637939453,186.05346358932485,184.0111731959669,185.0614854899621,2178900
2024-08-14,187.03570556640625,187.78453789256,185.4893820976139,185.89784014084213,1895100
2024-08-15,188.62091064453125,188.91267063271934,187.96932174664457,188.19299797379267,2472000
2024-08-16,188.45558166503906,189.00992712130736,187.56086192537785,188.26107995459606,2494400
2024-08-19,189.3794708251953,190.15749248556867,188.3972275681854,188.5139256234063,2361400
2024-08-20,190.64376831054688,190.81883024589342,188.42641605969072,189.24333218589456,1790400
2024-08-21,191.79136657714844,191.90806464887137,188.7862576745039,190.58543209106446,2579300
2024-08-22,190.57569885253906,192.48183647500775,190.1964153064692,191.8302475542995,1969500
2024-08-23,190.71185302734375,191.95668184669415,189.0488314111248,191.3828817375243,2322000
2024-08-26,192.54019165039062,192.900035423704,190.51734106029576,190.61459934271136,2567200
2024-08-27,193.2695770263672,193.92116594351302,191.55794113235115,192.0150283314658,2617100
2024-08-28,193.0070037841797,194.5046833163223,192.06365488293315,193.5321598997407,2645200
2024-08-29,193.43492126464844,195.5939246558583,192.82224154086754,193.8239395745018,2989600
2024-08-30,196.57615661621094,196.61505102222947,193.26956820252602,193.63913183758348,4751000
2024-09-03,195.74949645996094,199.09497911998753,194.7089042039282,196.3621909120962,3874700
2024-09-04,198.5017547607422,198.7448856144083,194.99094464022235,195.24379538580442,3142500
2024-09-05,197.02349853515625,200.29117752868171,195.43829559272922,198.47256364402844,3229200
2024-09-06,195.224365234375,198.49204466245658,193.86282348294827,196.819303119538,3304500
2024-09-09,197.93768310546875,199.41592280382193,195.89537806380278,196.39137448680893,3705000
2024-09-10,199.67852783203125,200.17450946409215,197.2958334368475,198.58929144466617,3070600
2024-09-11,204.12294006347656,204.3466162950447,197.46114869957927,202.05146042988954,5554300
2024-09-12,205.79568481445312,206.80710265815057,202.54746010082235,204.22992148945278,4615300
2024-09-13,208.8883056640625,210.15258911919557,206.3014045605486,206.64177886493007,4572300
2024-09-16,211.1931915283203,211.9128493689078,209.59825369739605,209.94836272562478,4176100
2024-09-17,208.24644470214844,212.82702170084747,207.14748848874643,211.28071302432,5635200
2024-09-18,209.03421020507812,210.90145360454764,207.7212975019281,208.24646851900067,3482800
2024-09-19,208.01303100585938,212.47690988413774,204.5897444568969,212.01982269551792,5279600
2024-09-20,211.71835327148438,211.86424069351173,207.86716869825898,208.44095397545448,9958800
2024-09-23,214.44142150878906,214.55811957456592,211.30017490887616,212.01011287490257,4074800
2024-09-24,214.89849853515625,215.11245487196138,212.16571013449857,213.74119330594576,3183900
2024-09-25,215.1513671875,215.75434184119968,214.11077477144943,215.09301815251987,2537800
2024-09-26,217.2908935546875,217.84523900906856,215.2777778571857,216.0071703985107,2673200
2024-09-27,214.77206420898438,217.9911142903754,214.7039952875034,216.87271831559107,3830300
2024-09-30,215.0054931640625,215.23890414195483,213.00209716562807,214.5873003502801,3543400
2024-10-01,213.32302856445312,215.02494463283753,209.96781072944233,214.56785741588044,3548400
2024-10-02,213.69256591796875,214.14965311038452,209.8705560182923,212.31158444879782,3343400
2024-10-03,216.6004180908203,216.70739626099723,213.24521524731455,213.46889147967363,3788300
2024-10-04,219.79029846191406,219.8681021182194,217.13531361343814,217.60212071174016,3553800
2024-10-07,220.87953186035156,221.41442275153597,218.83724142064415,219.1873504730984,3458000
2024-10-08,222.33828735351562,223.04824009569046,220.8016986533363,221.84230577871293,3245100
2024-10-09,227.86224365234375,228.4943779489043,222.2216047648059,222.90236820099344,5083600
2024-10-10,226.61741638183594,229.3502048767808,225.44065648880704,228.64026691990372,3142000
2024-10-11,226.85081481933594,227.0258767570572,224.1277610283845,226.8410949270576,3469200
2024-10-14,228.7958526611328,229.63222338938584,226.7632822906849,227.15230055936632,2524400
2024-10-15,226.55905151367188,230.84786831075292,226.31592067041095,229.9045194517381,3350600
2024-10-16,227.2495574951172,227.45379395324744,224.7696196782641,225.73242325596863,2846700
2024-10-17,226.48126220703125,226.74383284992183,224.3222589949736,225.62543683590067,5040100
2024-10-18,225.8199462890625,226.25757888173194,223.84572483629537,225.54764090520018,4715700
2024-10-21,225.38230895996094,226.03389788904764,223.9332436809433,224.85715282769993,2733300
2024-10-22,225.8685760498047,226.5687941358083,224.33198718549292,225.61572528967636,3180800
2024-10-23,226.35482788085938,226.92861314192734,223.93323920276035,224.0791266206872,5791000
2024-10-24,212.38938903808594,215.23889037440782,210.22066596718872,214.7331740410874,11193400
2024-10-25,208.7716064453125,212.64224560668185,208.49930106749937,210.8430861346688,8482200
2024-10-28,207.05995178222656,210.30817623754146,206.85571534758589,209.57878371879855,4993300
2024-10-29,204.64808654785156,207.47813312878492,204.0840360494966,206.16523547708906,5258400
2024-10-30,199.27003479003906,205.3191314057753,198.64762041990843,203.724193654845,6956600
2024-10-31,201.04005432128906,202.41131598513283,197.91824743121185,198.5212220777387,5925300
2024-11-01,202.5279998779297,204.07430853639892,201.7110837760436,202.06119279678472,3334100
2024-11-04,200.65103149414062,201.99310367173797,200.14531517993615,201.94447453468442,2593900
2024-11-05,201.86669921875,202.40157524351108,199.92165232280382,200.50515748786958,2441500
2024-11-06,207.73101806640625,208.44095604081028,204.58975658989465,207.61430515972185,3934400
2024-11-07,207.81854248046875,208.62573874054274,206.1068916776013,207.76991333910902,3675800
2024-11-08,207.8477325439453,210.7458485434863,206.9335580403138,208.27564527666914,3201000
2024-11-11,207.70184326171875,209.4912828734079,207.6143048719442,208.50902467778877,3013000
2024-11-12,206.68243408203125,208.80944016290456,204.91809276070182,207.70182298075417,2817800
2024-11-13,206.7412567138672,207.22155423109118,204.92791783908888,205.3493915112893,3247800
2024-11-14,204.8494873046875,206.32956574110995,202.26179168652618,205.83947176072724,6372900
2024-11-15,200.92874145507812,204.35939942008912,200.02697029905303,203.34980698690444,3986500
2024-11-18,203.9673309326172,204.2907947889662,201.30121819830092,202.8989295309233,3405900
2024-11-19,206.08453369140625,206.16295052873022,202.10497267523007,202.40882857205892,2860700
2024-11-20,210.3483428955078,210.70121116053616,205.6140332382446,206.81966024522424,4562900
2024-11-21,217.99380493164062,218.21925894001208,211.00507467120983,211.5343696096639,5236400
2024-11-22,218.55252075195312,222.69871182681695,216.51372790602355,218.92499698006472,5320700
2024-11-25,221.64991760253906,221.9341655421698,218.23885258807852,218.92499615442944,7189300
2024-11-26,224.29641723632812,224.44343945072114,221.04218596393395,222.238016495936,4449500
2024-11-27,222.4242706298828,224.649301692385,219.82677827859015,224.29643339593744,2995100
2024-11-29,222.90455627441406,225.79610787799186,222.68891371827777,223.23781660426764,2640300
2024-12-02,222.88494873046875,223.85534023484024,221.04219050432235,222.99277000873224,2655900
2024-12-03,224.4630584716797,224.57087975304765,222.17921857105458,222.73793292627468,3163800
2024-12-04,228.8640899658203,229.1091369534659,224.80611244866836,225.44322863395448,4104200
2024-12-05,230.09913635253906,231.83407332563198,228.8347003949683,228.9229137266979,4791100
2024-12-06,233.32394409179688,233.6572193775128,229.5796337227655,229.7854648263881,4028400
2024-12-09,225.4432373046875,234.60800097770988,224.37483598701655,233.28474121093748,4970400
2024-12-10,227.12916564941406,229.74626582722914,223.28683046570342,223.87493429464408,4769500
2024-12-11,225.5608673095703,228.38381365498532,224.5904907206958,228.07995775517685,3872700
2024-12-12,227.65846252441406,229.2561737717441,225.8157192303061,226.0901706774388,4515700
2024-12-13,226.2469940185547,229.1483420290474,225.69807619287093,227.64865563409055,2757400
2024-12-16,224.78651428222656,226.4528308794213,222.38505669010928,226.1587714901559,3610300
2024-12-17,224.43365478515625,225.63928187617256,223.11039495994345,224.68849828903083,3651300
2024-12-18,215.8079833984375,224.50224589974962,215.67075768099957,224.50224589974962,4152500
2024-12-19,219.4836883544922,221.7185157286254,218.56230927004611,219.97378233928424,4427200
2024-12-20,218.93479919433594,223.16920371072874,217.28807552494587,218.31727594875434,12423200
2024-12-23,217.53311157226562,219.30726438236454,216.6999607618142,218.3956817821275,2988100
2024-12-24,219.9639892578125,219.99339370083788,217.15083957103803,217.86638756860654,1186200
2024-12-26,220.43446350097656,220.93435396212615,218.14082732890535,218.88576477313472,3286500
2024-12-27,218.3662872314453,219.97379499579424,217.0234344219262,218.71915551905764,1810800
2024-12-30,215.8863983154297,217.19984659303728,213.33790363535647,216.17064624314304,2095600
2024-12-31,215.4747314453125,216.67056201076912,214.11227071338828,216.3470981735736,2270200
2025-01-02,215.58255004882812,218.082032427786,213.2889137297062,217.4253082658057,2579500
2025-01-03,218.2388458251953,219.2288452483467,216.18046005937455,216.18046005937455,3872100
2025-01-06,218.25845336914062,219.90517693523591,216.37649426251846,218.58191719384652,2846700
2025-01-07,219.5229034423828,222.2184203488358,218.41528625474808,218.924988184874,3299300
2025-01-08,218.7583465576172,220.4442710825127,216.45491377471205,219.4738945528626,2619800
2025-01-10,215.3963165283203,218.0232132322391,212.50476487225134,217.60173956444646,3570300
2025-01-13,213.09286499023438,215.23947910098303,210.49537277559625,213.57316249405582,3716800
2025-01-14,213.43592834472656,213.8084045556961,210.35813874779663,213.6809753347894,3485500
2025-01-15,215.67076110839844,217.28806530079603,213.6907771912015,216.49411542611062,2951600
2025-01-16,218.2486572265625,218.2682502173171,213.07326593586555,215.33749775598528,3329100
2025-01-17,220.33645629882812,221.48328943281416,219.20924606934912,221.48328943281416,5506800
2025-01-21,219.81695556640625,222.9437576804496,218.4152939050665,220.5325035753035,3982200
2025-01-22,218.83676147460938,219.95417516560568,215.98442584001458,217.58212206564798,4759500
2025-01-23,221.5616912841797,221.5616912841797,218.7289485324569,219.50330543628266,3619700
2025-01-24,220.34625244140625,222.31642482128447,219.36606449901254,220.8069419708498,3232900
2025-01-27,219.68954467773438,219.85617484557454,215.48452971603726,217.78797753482073,4898400
2025-01-28,221.18922424316406,221.2970455197531,217.37629358048858,219.87577593306605,4485400
2025-01-29,224.1003875732422,224.92374190496204,219.2974573919125,221.15001211652313,7079800
2025-01-30,253.15313720703125,256.6131995577858,242.11622600714514,245.04699343293643,15381900
2025-01-31,250.63406372070312,252.14354663041235,246.89954990657276,250.9771205401235,7199800
2025-02-03,255.56442260742188,256.86805945816593,246.85053711336346,247.39943998872553,8408500
2025-02-04,259.22052001953125,259.99487694478023,253.00613145138712,254.84888974794669,6077700
2025-02-05,258.0834655761719,260.45553348778014,256.0054719862955,260.44572203650074,6165100
2025-02-06,248.41883850097656,258.1619091978051,247.72289846985396,257.7698399971464,6128300
2025-02-07,247.3406219482422,251.83968101707816,247.02696958385087,250.2223768937129,3370300
2025-02-10,245.95924377441406,248.60364125729623,243.5911111200033,247.52812205968183,3564400
2025-02-11,251.31710815429688,253.33988335982602,247.25183422077657,247.7649318711441,4801600
2025-02-12,252.41236877441406,252.9945288722855,248.67271359235735,249.36341328950348,3075300
2025-02-13,255.7474822998047,255.836283320735,251.03097069948677,252.26436839948883,4531500
2025-02-14,257.8097229003906,258.4609605076955,254.4844874771018,255.56000667163224,3925300
2025-02-18,259.5759582519531,260.4541217717957,256.3789708796605,258.4510850754198,4262800
2025-02-19,260.8093566894531,260.84880373585264,256.6355279456444,258.52016328381694,3718700
2025-02-20,261.2237548828125,261.569112259729,258.66815847322755,260.1482357066569,4884800
2025-02-21,258.007080078125,261.3125618853211,257.6321223524463,260.34559734251707,5667900
2025-02-24,258.3918762207031,260.34558899129365,256.13228323366,258.02679532443705,4398100
2025-02-25,254.3266143798828,259.98052046916456,253.359619709823,257.6123727149159,6292200
2025-02-26,252.4419708251953,254.8988894114157,251.03097108118715,254.6719635061093,3460100
2025-02-27,249.86663818359375,254.2082071689209,249.68903613978406,251.83021276375047,3402200
2025-02-28,249.08712768554688,249.45220857647777,243.26548167226653,247.52811123003616,7988800
2025-03-03,246.8670196533203,252.5899880109506,244.95278400778412,251.35659030698392,2977700
2025-03-04,249.846923828125,252.08676331768535,244.8047931879292,245.4461540000522,5342100
2025-03-05,248.01162719726562,249.38316490189547,243.72925873890068,248.23856816901912,4009800
2025-03-06,245.38694763183594,248.75166025334775,243.52205086598732,246.43286649808311,3254400
2025-03-07,258.0662841796875,258.4806889571668,241.92355891192153,242.68333613492464,6700200
2025-03-10,253.48788452148438,262.91106083988245,251.36644653977103,258.0859946742096,8165500
2025-03-11,245.6434783935547,253.2905590487429,242.5945229488169,252.5899825433599,5630600
2025-03-12,246.31446838378906,249.76798207397215,242.26891775283895,247.02490669025957,3848800
2025-03-13,242.5353240966797,245.95923727906435,239.81197236883244,245.4954785444273,3862400
2025-03-14,245.05145263671875,245.64347447869804,238.47002948631444,239.52582510816936,4045200
2025-03-17,249.610107421875,251.2480632681033,245.69283491374023,245.93951446686646,3233900
2025-03-18,243.67005920410156,249.2154257882886,241.86436307117077,249.1562100484814,4171900
2025-03-19,248.93911743164062,250.2909315461267,243.36416586196106,245.0317219577902,3853600
2025-03-20,240.08827209472656,243.52204710694159,234.06928524171005,240.99605100342137,7026800
2025-03-21,240.63095092773438,241.95316469416463,235.33227926906977,238.47991258315793,9580100
2025-03-24,245.15013122558594,245.51522719394845,242.7030743307865,244.0252730915461,4753300
2025-03-25,246.58087158203125,247.56758977972825,244.9034536571713,245.0613321822728,3133800
2025-03-26,247.0150146484375,250.94216367164768,246.21577536694778,247.912931766015,4450100
2025-03-27,242.93988037109375,246.97555395848008,242.46624482251556,246.39339386815885,2889300
2025-03-28,240.7592315673828,244.28182263323868,238.85487274135096,242.999086011204,3125300
2025-03-31,245.3573455810547,247.5577229007203,239.2692962338445,239.51597577816966,6795000
2025-04-01,247.0150146484375,247.2912945221346,240.25600444789413,244.73569816237455,4412900
2025-04-02,246.65980529785156,249.43248096204997,243.9463303152037,244.92318672916176,4080800
2025-04-03,240.25601196289062,247.28144049572109,239.30875589763988,239.48637299692882,5309600
2025-04-04,224.45864868164062,236.97024310629965,223.86662680385766,234.83892821158176,7407100
2025-04-07,222.78121948242188,229.20474912587125,211.65104011578785,216.32808949939027,7797900
2025-04-08,218.0943145751953,229.95467112168794,214.39412146035198,229.47117380114364,6850000
2025-04-09,232.1846466064453,233.16150299994172,212.30228180886687,214.2362409609239,7302800
2025-04-10,226.50115966796875,229.4810527667303,219.07117302830588,227.93189800787556,5656100
2025-04-11,232.35238647460938,234.42450061855422,224.48824158996877,226.66889533299877,4325900
2025-04-14,235.8848419189453,238.5588547685571,233.5857867896802,236.58541844020502,3321500
2025-04-15,237.5030517578125,238.3220296154751,235.1053339199877,236.36833192656704,3363700
2025-04-16,235.40135192871094,240.06852447637547,232.75693950632225,237.08863150264702,4869900
2025-04-17,235.63815307617188,238.56870711258213,234.24687690613393,236.49659302715864,4635200
2025-04-21,233.0825653076172,237.61159805530795,229.83625412494175,234.90799992879175,4908900
2025-04-22,237.70040893554688,239.41730402792666,234.85867075080176,235.33229127223848,4232700
2025-04-23,242.21957397460938,246.0283067416525,240.42375472091,242.73267164257683,7948300
2025-04-24,226.28407287597656,229.68824744809842,221.45902177313022,228.10949240148807,15428100
2025-04-25,229.32318115234375,230.26056043388556,223.31407091007713,225.90912954557183,6700100
2025-04-28,233.0233612060547,233.48711993962877,228.9876875983453,229.7671883097709,3653500
2025-04-29,236.21046447753906,236.7926245901942,233.003630392952,233.8522086298877,3426500
2025-04-30,238.60818481445312,239.24954557486643,231.22752238048434,233.58577810291956,5143000
2025-05-01,236.4768829345703,239.15088077435885,234.78958821991856,238.2332400927256,4243300
2025-05-02,242.2886505126953,242.4267904547395,238.12469861606036,239.9007943395746,3731900
2025-05-05,245.8704376220703,246.48221315362323,240.4040253348803,240.5027031788445,4137800
2025-05-06,245.8112335205078,246.86702922297025,242.84121715442993,244.46929616432772,2900600
2025-05-07,250.00477600097656,251.09017200211687,245.52508216816653,246.13684261092328,3399700
2025-05-08,250.76455688476562,253.11293590771325,249.88637830953581,251.61313511917723,3637000
2025-05-09,247.5264434814453,251.30092683673848,245.97692240501186,250.81421207552415,2901300
2025-05-12,251.98629760742188,252.10548687392847,243.00699900813848,250.80428686017922,4609500
2025-05-13,256.8533935546875,257.836735350141,251.18174846719273,252.72132706741112,3521400
2025-05-14,256.08856201171875,258.8002087136875,254.49930109084684,255.87003825619098,3634700
2025-05-15,264.8890380859375,265.63400127785565,256.87322686586725,257.2705648183275,4856300
2025-05-16,264.9685363769531,266.1803444665983,262.8130960530069,264.56128616597226,3817900
2025-05-19,266.6074523925781,267.33256087075745,263.2997985770198,263.66733924412927,3198600
2025-05-20,265.1572570800781,267.47159617085975,263.8361719806735,265.6042168293031,2437900
2025-05-21,259.1180725097656,263.8659702882512,258.66117021574263,263.1905442340205,3753900
2025-05-22,256.6348571777344,259.5153755564378,256.1779548918346,259.0187334113982,3091300
2025-05-23,256.89312744140625,258.12479029293706,254.0721884657778,256.843445038038,2722600
2025-05-27,261.46221923828125,262.01845598305556,257.8863899414256,259.2471844889138,3284200
2025-05-28,258.4922790527344,263.22032170106655,258.19430590793576,261.3926823501671,2318400
2025-05-29,256.9527282714844,259.3763444854524,255.04560900163173,258.9988915863313,2295000
2025-05-30,257.3202209472656,258.3730998500349,255.37339226268114,257.01230524811405,9668900
2025-06-02,262.1277160644531,262.2071957821188,255.4925843330115,256.11835828094826,2831900
2025-06-03,263.41900634765625,263.7765741426919,260.81657604016226,261.58142434504026,2494700
2025-06-04,263.7368469238281,265.20691865890456,263.011768756044,263.1210154833305,2588600
2025-06-05,265.0678405761719,265.71349963790925,263.31968077572793,263.4190152708131,2658400
2025-06-06,267.0643310546875,268.3556187653661,265.7333337991607,266.1902360659523,2495200
2025-06-09,270.2527770996094,271.6334568169306,264.9188452962652,266.29952501358645,4331500
2025-06-10,274.38482666015625,275.6065771785638,270.7295479599283,271.3553218763656,5163500
2025-06-11,279.62939453125,279.857860840402,273.26243831880254,274.8417870834885,4656000
2025-06-12,279.1426696777344,281.1590354790967,277.9507164607412,279.6393117993766,3418000
2025-06-13,275.3582763671875,277.960676397425,273.97759663255977,276.34161812953323,3243800
2025-06-16,279.9372863769531,282.5893686576239,276.79853482725844,277.43422098363965,3685300
2025-06-17,281.14910888671875,282.8774441806734,279.1128881975189,279.26187477993795,3069600
2025-06-18,281.30804443359375,284.9832085511898,281.0398685791178,283.0860318580638,3534100
2025-06-20,279.0830993652344,282.21193894167686,275.33842835431756,277.40444642280875,7677000
2025-06-23,287.2379455566406,287.63525321267264,278.3281842054671,279.7585160172872,3786200
2025-06-24,291.8169860839844,292.3632802922933,286.4731120094533,288.5093325814733,4219100
2025-06-25,289.1053161621094,294.1710719834285,287.55579513148894,292.51227392093307,3862300
2025-06-26,289.969482421875,290.9429119618432,288.22132264236177,289.84035061107363,3621100
2025-06-27,287.75445556640625,291.1514706816667,286.5823571292194,291.00248410865163,3562500
2025-06-30,292.80035400390625,292.8301513213436,288.05245611221704,288.97620326540726,3495400
2025-07-01,289.244384765625,293.12809949512854,288.13188094670625,292.5718627419839,3272800
2025-07-02,285.7182312011719,288.2411818846059,284.97326795435185,288.05245543706764,3257500
2025-07-03,290.00921630859375,290.3568718737525,285.9665419600921,286.00628181935826,1853300
2025-07-07,290.505859375,293.2373911900472,288.4100137470683,290.5356566913862,4488100
2025-07-08,288.4696350097656,293.62475255454933,287.5458575883251,291.13162961505077,2925300
2025-07-09,288.1915283203125,289.6417149458402,286.69165929100484,289.43313372533356,2971300
2025-07-10,285.49969482421875,286.9598239359895,280.314749642893,286.9598239359895,3487800
2025-07-11,281.68548583984375,285.499693844463,281.02000234610693,283.0959628575657,3790700
2025-07-14,281.8841552734375,283.01648359394477,279.81810698889365,280.93058053628,2857100
2025-07-15,280.8014831542969,282.2417271987394,278.84471187483865,281.8642743154991,2864100
2025-07-16,280.0267333984375,281.9636196664438,277.9904823216526,280.85114605992345,2804800
2025-07-17,280.1061706542969,281.5563572346867,279.0135518693603,279.6095285077467,3337200
2025-07-18,283.9501647949219,285.23150996991046,280.32468333093567,281.4768967029044,4478200
2025-07-21,282.7979736328125,285.79771171507707,282.4702031408609,284.36737985220583,3051800
2025-07-22,280.0664367675781,282.96684030284115,279.36121339197433,282.8277659487784,4824200
2025-07-23,280.1161193847656,286.14533213946464,279.5499400501606,282.3907186411148,8105900
2025-07-24,258.760498046875,260.29013401631516,251.05260231723193,259.49551871563534,22647700
2025-07-25,257.9757995605469,259.0485332667897,254.62843632019013,258.27377272543896,7758700
2025-07-28,261.4423522949219,262.22705537999724,257.8665227499411,258.55189134242204,5192500
2025-07-29,260.6477355957031,264.01495359457033,259.26705587502215,262.5250271514573,4627300
2025-07-30,258.5121765136719,260.2404814615042,257.16129412977705,259.8431738118753,3718300
2025-07-31,251.4499053955078,258.2439661244664,250.52615830492192,257.82680370861544,6739100
2025-08-01,248.37074279785156,249.7911320749745,243.96055807104682,249.72161005510424,9683400
2025-08-04,250.2877655029297,250.38709999221447,246.4437602373869,249.36401840910457,5280600
2025-08-05,248.986572265625,251.1022726627786,247.32778931268734,250.30764219597273,5823000
2025-08-06,250.58575439453125,252.61206279263675,247.6059015848709,249.84079119211617,3692100
2025-08-07,248.47999572753906,253.2874879395426,247.2085930790144,251.1121929710514,6251300
2025-08-08,242.27000427246094,249.47999572753906,241.64999389648438,248.8800048828125,6828400
2025-08-11,236.3000030517578,243.14999389648438,234.6999969482422,242.24000549316406,9382000
2025-08-12,234.77000427246094,237.9600067138672,233.36000061035156,236.52999877929688,8792800
2025-08-13,240.07000732421875,240.83999633789062,236.1999969482422,236.1999969482422,5663600
2025-08-14,237.11000061035156,239.0,235.6199951171875,238.25,4556700
2025-08-15,239.72000122070312,240.6199951171875,236.77000427246094,237.61000061035156,4344300
2025-08-18,239.4499969482422,241.4199981689453,239.1199951171875,239.57000732421875,3569600
2025-08-19,241.27999877929688,242.8300018310547,239.49000549316406,240.0,3328300
2025-08-20,242.5500030517578,242.8800048828125,240.33999633789062,242.11000061035156,3240100
2025-08-21,239.39999389648438,242.5,238.64999389648438,242.2100067138672,2991900
2025-08-22,242.08999633789062,243.67999267578125,240.22000122070312,240.74000549316406,3134900
2025-08-25,239.42999267578125,242.57000732421875,239.42999267578125,242.57000732421875,3513300
2025-08-26,242.6300048828125,244.97999572753906,240.3800048828125,241.02000427246094,5386600
2025-08-27,244.83999633789062,245.9600067138672,242.0,242.8699951171875,3698400
2025-08-28,245.72999572753906,245.8800048828125,243.36000061035156,245.42999267578125,2820800
2025-08-29,243.49000549316406,245.4600067138672,241.72000122070312,245.22999572753906,2967600
2025-09-02,241.5,241.5500030517578,238.25,240.89999389648438,3469500
2025-09-03,244.10000610351562,244.25,239.41000366210938,240.02000427246094,3163200
2025-09-04,247.17999267578125,249.27999877929688,242.85000610351562,245.4199981689453,4765100
2025-09-05,248.52999877929688,249.02999877929688,245.4499969482422,248.22999572753906,3147500
2025-09-08,256.0899963378906,257.1499938964844,247.02000427246094,248.6300048828125,6940300
2025-09-09,259.1099853515625,260.6600036621094,254.8800048828125,256.1199951171875,4931100
2025-09-10,256.8800048828125,260.0799865722656,254.55999755859375,259.6499938964844,5185400
2025-09-11,257.010009765625,258.54998779296875,255.66000366210938,257.55999755859375,3576000
2025-09-12,253.44000244140625,257.25,252.42999267578125,256.95001220703125,3433300
2025-09-15,256.239990234375,259.04998779296875,254.0,254.02000427246094,4028400
2025-09-16,257.5199890136719,258.0,254.41000366210938,256.260009765625,2719900
2025-09-17,259.0799865722656,260.9599914550781,257.010009765625,257.5,3974800
2025-09-18,265.0,265.2300109863281,256.79998779296875,258.8599853515625,4988400
2025-09-19,266.3999938964844,267.8699951171875,263.6400146484375,266.04998779296875,9858100
2025-09-22,271.3699951171875,272.30999755859375,266.0,266.6199951171875,5030500
2025-09-23,272.239990234375,273.29998779296875,269.2699890136719,272.70001220703125,5394100
2025-09-24,267.5299987792969,273.6499938964844,267.29998779296875,272.6199951171875,3159900
2025-09-25,281.44000244140625,284.2300109863281,271.1499938964844,272.94000244140625,11506200
2025-09-26,284.30999755859375,288.8500061035156,280.1099853515625,280.510009765625,9063900
2025-09-29,279.79998779296875,286.0,279.6600036621094,286.0,6022100
2025-09-30,282.1600036621094,286.0199890136719,280.5199890136719,280.8800048828125,5926900
2025-10-01,286.489990234375,286.5899963378906,280.1499938964844,280.20001220703125,4381300
2025-10-02,286.7200012207031,288.5400085449219,282.7900085449219,285.7900085449219,3814200
2025-10-03,288.3699951171875,293.32000732421875,287.29998779296875,287.5,4372600
