Date,Close,High,Low,Open,Volume
2025-09-24 13:30:00+00:00,26.450000762939453,26.510000228881836,26.43000030517578,26.479999542236328,98513
2025-09-24 13:31:00+00:00,26.469999313354492,26.489999771118164,26.450000762939453,26.450000762939453,6720
2025-09-24 13:32:00+00:00,26.579999923706055,26.579999923706055,26.469999313354492,26.469999313354492,11058
2025-09-24 13:33:00+00:00,26.649999618530273,26.65239906311035,26.584999084472656,26.584999084472656,7838
2025-09-24 13:34:00+00:00,26.632999420166016,26.645000457763672,26.600000381469727,26.639999389648438,17200
2025-09-24 13:35:00+00:00,26.635000228881836,26.670000076293945,26.635000228881836,26.649999618530273,17247
2025-09-24 13:36:00+00:00,26.68000030517578,26.68000030517578,26.6200008392334,26.6200008392334,9476
2025-09-24 13:37:00+00:00,26.68000030517578,26.690000534057617,26.670000076293945,26.670000076293945,9701
2025-09-24 13:38:00+00:00,26.625,26.68000030517578,26.625,26.68000030517578,11389
2025-09-24 13:39:00+00:00,26.625,26.6299991607666,26.600000381469727,26.6200008392334,21414
2025-09-24 13:40:00+00:00,26.56999969482422,26.6200008392334,26.56999969482422,26.6200008392334,12021
2025-09-24 13:41:00+00:00,26.575000762939453,26.600000381469727,26.56089973449707,26.579999923706055,10044
2025-09-24 13:42:00+00:00,26.584999084472656,26.595800399780273,26.565000534057617,26.56999969482422,9342
2025-09-24 13:43:00+00:00,26.540000915527344,26.577499389648438,26.540000915527344,26.577499389648438,22166
2025-09-24 13:44:00+00:00,26.545000076293945,26.559999465942383,26.540000915527344,26.540000915527344,1675
2025-09-24 13:45:00+00:00,26.53499984741211,26.565000534057617,26.520000457763672,26.549999237060547,17348
2025-09-24 13:46:00+00:00,26.514999389648438,26.535999298095703,26.514999389648438,26.530000686645508,14432
2025-09-24 13:47:00+00:00,26.524999618530273,26.540000915527344,26.510000228881836,26.520000457763672,5475
2025-09-24 13:48:00+00:00,26.559999465942383,26.559999465942383,26.530000686645508,26.530000686645508,6622
2025-09-24 13:49:00+00:00,26.573999404907227,26.579999923706055,26.56089973449707,26.56089973449707,14857
2025-09-24 13:50:00+00:00,26.579999923706055,26.595600128173828,26.579999923706055,26.579999923706055,5757
2025-09-24 13:51:00+00:00,26.6200008392334,26.625,26.574199676513672,26.5757999420166,10132
2025-09-24 13:52:00+00:00,26.639999389648438,26.639999389648438,26.600000381469727,26.6200008392334,11778
2025-09-24 13:53:00+00:00,26.635000228881836,26.645099639892578,26.625,26.645099639892578,23488
2025-09-24 13:54:00+00:00,26.645000457763672,26.670000076293945,26.6299991607666,26.6299991607666,19008
2025-09-24 13:55:00+00:00,26.6299991607666,26.645000457763672,26.600000381469727,26.645000457763672,14837
2025-09-24 13:56:00+00:00,26.62030029296875,26.645099639892578,26.62030029296875,26.635000228881836,10168
2025-09-24 13:57:00+00:00,26.625,26.625999450683594,26.613500595092773,26.625999450683594,7154
2025-09-24 13:58:00+00:00,26.6200008392334,26.6299991607666,26.614999771118164,26.625,4064
2025-09-24 13:59:00+00:00,26.6299991607666,26.639999389648438,26.6200008392334,26.6200008392334,7184
2025-09-24 14:00:00+00:00,26.579999923706055,26.6299991607666,26.579999923706055,26.6299991607666,9667
2025-09-24 14:01:00+00:00,26.614999771118164,26.614999771118164,26.579999923706055,26.579999923706055,20367
2025-09-24 14:02:00+00:00,26.592899322509766,26.614999771118164,26.592899322509766,26.614999771118164,40412
2025-09-24 14:03:00+00:00,26.584999084472656,26.599899291992188,26.581899642944336,26.594999313354492,18620
2025-09-24 14:04:00+00:00,26.604999542236328,26.614999771118164,26.584299087524414,26.584999084472656,13405
2025-09-24 14:05:00+00:00,26.635700225830078,26.639999389648438,26.614999771118164,26.614999771118164,7346
2025-09-24 14:06:00+00:00,26.635000228881836,26.635000228881836,26.610000610351562,26.630699157714844,20995
2025-09-24 14:07:00+00:00,26.636499404907227,26.649999618530273,26.6299991607666,26.639999389648438,30946
2025-09-24 14:08:00+00:00,26.665000915527344,26.665000915527344,26.633800506591797,26.635000228881836,7864
2025-09-24 14:09:00+00:00,26.684999465942383,26.690000534057617,26.649999618530273,26.649999618530273,9746
2025-09-24 14:10:00+00:00,26.665000915527344,26.685300827026367,26.65999984741211,26.685300827026367,12007
2025-09-24 14:11:00+00:00,26.67009925842285,26.674999237060547,26.655000686645508,26.66200065612793,30687
2025-09-24 14:12:00+00:00,26.66990089416504,26.674999237060547,26.65999984741211,26.663999557495117,36710
2025-09-24 14:13:00+00:00,26.655000686645508,26.666000366210938,26.650100708007812,26.663999557495117,29731
2025-09-24 14:14:00+00:00,26.655000686645508,26.659900665283203,26.649999618530273,26.655000686645508,14278
2025-09-24 14:15:00+00:00,26.650100708007812,26.65999984741211,26.639999389648438,26.649999618530273,13365
2025-09-24 14:16:00+00:00,26.651899337768555,26.6560001373291,26.644899368286133,26.655000686645508,35955
2025-09-24 14:17:00+00:00,26.665000915527344,26.665000915527344,26.655000686645508,26.655000686645508,17582
2025-09-24 14:18:00+00:00,26.655000686645508,26.665000915527344,26.65399932861328,26.665000915527344,9824
2025-09-24 14:19:00+00:00,26.65999984741211,26.670000076293945,26.649999618530273,26.657499313354492,9031
2025-09-24 14:20:00+00:00,26.665000915527344,26.665000915527344,26.64189910888672,26.65999984741211,24624
2025-09-24 14:21:00+00:00,26.6560001373291,26.665000915527344,26.645000457763672,26.665000915527344,41497
2025-09-24 14:22:00+00:00,26.655000686645508,26.674999237060547,26.649999618530273,26.655000686645508,18667
2025-09-24 14:23:00+00:00,26.665000915527344,26.6697998046875,26.655000686645508,26.655000686645508,7918
2025-09-24 14:24:00+00:00,26.663400650024414,26.670000076293945,26.663400650024414,26.665000915527344,7251
2025-09-24 14:25:00+00:00,26.680200576782227,26.68910026550293,26.66320037841797,26.665000915527344,19035
2025-09-24 14:26:00+00:00,26.690000534057617,26.700000762939453,26.68000030517578,26.681499481201172,19911
2025-09-24 14:27:00+00:00,26.696199417114258,26.696199417114258,26.690000534057617,26.69499969482422,10775
2025-09-24 14:28:00+00:00,26.684999465942383,26.709999084472656,26.65999984741211,26.700000762939453,64910
2025-09-24 14:29:00+00:00,26.68000030517578,26.69499969482422,26.670000076293945,26.68320083618164,24279
2025-09-24 14:30:00+00:00,26.674999237060547,26.68600082397461,26.664899826049805,26.674999237060547,47707
2025-09-24 14:31:00+00:00,26.670000076293945,26.68000030517578,26.670000076293945,26.674999237060547,19803
2025-09-24 14:32:00+00:00,26.635000228881836,26.670000076293945,26.634000778198242,26.670000076293945,55028
2025-09-24 14:33:00+00:00,26.625,26.635000228881836,26.623300552368164,26.635000228881836,26793
2025-09-24 14:34:00+00:00,26.624000549316406,26.625,26.614999771118164,26.625,21063
2025-09-24 14:35:00+00:00,26.654499053955078,26.655000686645508,26.624099731445312,26.625,29005
2025-09-24 14:36:00+00:00,26.649900436401367,26.655000686645508,26.635000228881836,26.655000686645508,44922
2025-09-24 14:37:00+00:00,26.674999237060547,26.68000030517578,26.651899337768555,26.655000686645508,41568
2025-09-24 14:38:00+00:00,26.68910026550293,26.68910026550293,26.68000030517578,26.684999465942383,37057
2025-09-24 14:39:00+00:00,26.670000076293945,26.688199996948242,26.670000076293945,26.684999465942383,29114
2025-09-24 14:40:00+00:00,26.687000274658203,26.688100814819336,26.673999786376953,26.674999237060547,59493
2025-09-24 14:41:00+00:00,26.680099487304688,26.68829917907715,26.68000030517578,26.684999465942383,33369
2025-09-24 14:42:00+00:00,26.674999237060547,26.684999465942383,26.67169952392578,26.681900024414062,22893
2025-09-24 14:43:00+00:00,26.665000915527344,26.674999237060547,26.65999984741211,26.674999237060547,17360
2025-09-24 14:44:00+00:00,26.674999237060547,26.679800033569336,26.66029930114746,26.665000915527344,20837
2025-09-24 14:45:00+00:00,26.68000030517578,26.68600082397461,26.663999557495117,26.674999237060547,29936
2025-09-24 14:46:00+00:00,26.70669937133789,26.709999084472656,26.673999786376953,26.673999786376953,434467
2025-09-24 14:47:00+00:00,26.714000701904297,26.725000381469727,26.700300216674805,26.704999923706055,0
2025-09-24 14:48:00+00:00,26.71500015258789,26.715099334716797,26.714000701904297,26.71500015258789,13619
2025-09-24 14:49:00+00:00,26.704999923706055,26.715099334716797,26.700000762939453,26.709999084472656,36118
2025-09-24 14:50:00+00:00,26.701200485229492,26.709999084472656,26.700000762939453,26.704999923706055,7895
2025-09-24 14:51:00+00:00,26.704999923706055,26.71489906311035,26.700000762939453,26.700000762939453,23171
2025-09-24 14:52:00+00:00,26.69499969482422,26.709999084472656,26.69499969482422,26.704999923706055,21652
2025-09-24 14:53:00+00:00,26.69499969482422,26.709999084472656,26.692800521850586,26.69499969482422,32176
2025-09-24 14:54:00+00:00,26.708099365234375,26.70989990234375,26.70400047302246,26.70989990234375,22493
2025-09-24 14:55:00+00:00,26.704999923706055,26.709999084472656,26.69499969482422,26.704999923706055,475931
2025-09-24 14:56:00+00:00,26.680099487304688,26.704999923706055,26.680099487304688,26.704999923706055,0
2025-09-24 14:57:00+00:00,26.665000915527344,26.684999465942383,26.651599884033203,26.684999465942383,17434
2025-09-24 14:58:00+00:00,26.650299072265625,26.670000076293945,26.650299072265625,26.670000076293945,8983
2025-09-24 14:59:00+00:00,26.655000686645508,26.670000076293945,26.652799606323242,26.655000686645508,18925
2025-09-24 15:00:00+00:00,26.655000686645508,26.667499542236328,26.655000686645508,26.655000686645508,36234
2025-09-24 15:01:00+00:00,26.625,26.65399932861328,26.625,26.65399932861328,524101
2025-09-24 15:02:00+00:00,26.600000381469727,26.6299991607666,26.600000381469727,26.625,0
2025-09-24 15:03:00+00:00,26.594999313354492,26.617799758911133,26.59000015258789,26.604999542236328,26615
2025-09-24 15:04:00+00:00,26.584999084472656,26.59749984741211,26.565000534057617,26.594999313354492,60562
2025-09-24 15:05:00+00:00,26.584999084472656,26.585100173950195,26.58489990234375,26.584999084472656,12628
2025-09-24 15:06:00+00:00,26.575000762939453,26.58989906311035,26.565000534057617,26.584999084472656,43472
2025-09-24 15:07:00+00:00,26.55500030517578,26.575000762939453,26.55500030517578,26.56999969482422,19756
2025-09-24 15:08:00+00:00,26.565000534057617,26.56999969482422,26.554000854492188,26.55500030517578,15024
2025-09-24 15:09:00+00:00,26.55500030517578,26.575000762939453,26.55500030517578,26.565000534057617,29649
2025-09-24 15:10:00+00:00,26.56999969482422,26.579999923706055,26.559999465942383,26.559999465942383,28826
2025-09-24 15:11:00+00:00,26.56999969482422,26.579999923706055,26.56999969482422,26.575000762939453,29355
2025-09-24 15:12:00+00:00,26.59749984741211,26.59749984741211,26.564800262451172,26.565000534057617,28313
2025-09-24 15:13:00+00:00,26.575000762939453,26.594999313354492,26.574499130249023,26.594999313354492,20483
2025-09-24 15:14:00+00:00,26.586000442504883,26.59000015258789,26.575000762939453,26.579999923706055,21413
2025-09-24 15:15:00+00:00,26.594999313354492,26.599899291992188,26.584999084472656,26.584999084472656,20097
2025-09-24 15:16:00+00:00,26.6200008392334,26.6200008392334,26.594999313354492,26.594999313354492,34602
2025-09-24 15:17:00+00:00,26.604799270629883,26.6200008392334,26.604799270629883,26.6200008392334,21764
2025-09-24 15:18:00+00:00,26.614999771118164,26.619800567626953,26.600000381469727,26.604999542236328,22273
2025-09-24 15:19:00+00:00,26.614999771118164,26.618099212646484,26.610000610351562,26.614999771118164,15587
2025-09-24 15:20:00+00:00,26.614999771118164,26.6200008392334,26.613500595092773,26.6200008392334,14803
2025-09-24 15:21:00+00:00,26.611900329589844,26.61989974975586,26.604999542236328,26.614999771118164,11026
2025-09-24 15:22:00+00:00,26.611900329589844,26.614999771118164,26.604000091552734,26.614999771118164,40557
2025-09-24 15:23:00+00:00,26.600000381469727,26.615800857543945,26.600000381469727,26.615800857543945,14889
2025-09-24 15:24:00+00:00,26.610000610351562,26.615100860595703,26.5939998626709,26.610000610351562,47736
2025-09-24 15:25:00+00:00,26.625,26.625,26.604999542236328,26.610000610351562,22443
2025-09-24 15:26:00+00:00,26.614999771118164,26.62529945373535,26.61090087890625,26.62529945373535,25113
2025-09-24 15:27:00+00:00,26.631900787353516,26.635000228881836,26.61389923095703,26.61389923095703,8155
2025-09-24 15:28:00+00:00,26.645099639892578,26.648099899291992,26.631900787353516,26.635000228881836,21086
2025-09-24 15:29:00+00:00,26.65999984741211,26.65999984741211,26.645000457763672,26.645000457763672,11875
2025-09-24 15:30:00+00:00,26.665000915527344,26.665000915527344,26.649999618530273,26.65999984741211,23501
2025-09-24 15:31:00+00:00,26.68000030517578,26.68000030517578,26.65999984741211,26.665000915527344,38563
2025-09-24 15:32:00+00:00,26.684999465942383,26.690000534057617,26.679000854492188,26.679000854492188,15255
2025-09-24 15:33:00+00:00,26.684999465942383,26.690000534057617,26.68000030517578,26.684999465942383,17806
2025-09-24 15:34:00+00:00,26.684999465942383,26.686500549316406,26.68000030517578,26.684999465942383,14648
2025-09-24 15:35:00+00:00,26.684900283813477,26.689899444580078,26.665000915527344,26.684999465942383,42964
2025-09-24 15:36:00+00:00,26.69499969482422,26.699899673461914,26.68000030517578,26.688400268554688,39503
2025-09-24 15:37:00+00:00,26.690000534057617,26.700000762939453,26.690000534057617,26.690000534057617,8528
2025-09-24 15:38:00+00:00,26.693300247192383,26.700000762939453,26.690000534057617,26.700000762939453,7186
2025-09-24 15:39:00+00:00,26.71500015258789,26.719999313354492,26.690000534057617,26.700000762939453,43764
2025-09-24 15:40:00+00:00,26.720300674438477,26.725000381469727,26.709999084472656,26.709999084472656,16852
2025-09-24 15:41:00+00:00,26.739999771118164,26.739999771118164,26.724000930786133,26.724000930786133,27433
2025-09-24 15:42:00+00:00,26.735000610351562,26.739999771118164,26.729999542236328,26.729999542236328,712578
2025-09-24 15:43:00+00:00,26.764999389648438,26.764999389648438,26.729999542236328,26.73509979248047,0
2025-09-24 15:44:00+00:00,26.764999389648438,26.770000457763672,26.760000228881836,26.762500762939453,8991
2025-09-24 15:45:00+00:00,26.780000686645508,26.78499984741211,26.764999389648438,26.764999389648438,21124
2025-09-24 15:46:00+00:00,26.774999618530273,26.780000686645508,26.764999389648438,26.780000686645508,41023
2025-09-24 15:47:00+00:00,26.785200119018555,26.785200119018555,26.764999389648438,26.774999618530273,39313
2025-09-24 15:48:00+00:00,26.809999465942383,26.815000534057617,26.784000396728516,26.785999298095703,45656
2025-09-24 15:49:00+00:00,26.80500030517578,26.81999969482422,26.804000854492188,26.815000534057617,31552
2025-09-24 15:50:00+00:00,26.795000076293945,26.799999237060547,26.790000915527344,26.799999237060547,42280
2025-09-24 15:51:00+00:00,26.7947998046875,26.798500061035156,26.770000457763672,26.790000915527344,71984
2025-09-24 15:52:00+00:00,26.79669952392578,26.815000534057617,26.795000076293945,26.795299530029297,20610
2025-09-24 15:53:00+00:00,26.780000686645508,26.809999465942383,26.780000686645508,26.799999237060547,43205
2025-09-24 15:54:00+00:00,26.764999389648438,26.774999618530273,26.735000610351562,26.774999618530273,39539
2025-09-24 15:55:00+00:00,26.7450008392334,26.765199661254883,26.7450008392334,26.764999389648438,23844
2025-09-24 15:56:00+00:00,26.760000228881836,26.770000457763672,26.7450008392334,26.7450008392334,53019
2025-09-24 15:57:00+00:00,26.78499984741211,26.78499984741211,26.760000228881836,26.764999389648438,14003
2025-09-24 15:58:00+00:00,26.760000228881836,26.78849983215332,26.760000228881836,26.78499984741211,28744
2025-09-24 15:59:00+00:00,26.764999389648438,26.764999389648438,26.7450008392334,26.760099411010742,18519
2025-09-24 16:00:00+00:00,26.7450008392334,26.764999389648438,26.74180030822754,26.760299682617188,27343
2025-09-24 16:01:00+00:00,26.7450008392334,26.760000228881836,26.739999771118164,26.75,19281
2025-09-24 16:02:00+00:00,26.7549991607666,26.760000228881836,26.739999771118164,26.7450008392334,34794
2025-09-24 16:03:00+00:00,26.7549991607666,26.766000747680664,26.75,26.7549991607666,18356
2025-09-24 16:04:00+00:00,26.7450008392334,26.764999389648438,26.7450008392334,26.7549991607666,10227
2025-09-24 16:05:00+00:00,26.735000610351562,26.7549991607666,26.735000610351562,26.75,22687
2025-09-24 16:06:00+00:00,26.7450008392334,26.7450008392334,26.735000610351562,26.735000610351562,7314
2025-09-24 16:07:00+00:00,26.754899978637695,26.754899978637695,26.739999771118164,26.74650001525879,23916
2025-09-24 16:08:00+00:00,26.789899826049805,26.789899826049805,26.75,26.7549991607666,18226
2025-09-24 16:09:00+00:00,26.774999618530273,26.790000915527344,26.770000457763672,26.78499984741211,21141
2025-09-24 16:10:00+00:00,26.774999618530273,26.778099060058594,26.7549991607666,26.774999618530273,32016
2025-09-24 16:11:00+00:00,26.774999618530273,26.775299072265625,26.764999389648438,26.770000457763672,24015
2025-09-24 16:12:00+00:00,26.78499984741211,26.795000076293945,26.774999618530273,26.774999618530273,24403
2025-09-24 16:13:00+00:00,26.7549991607666,26.78499984741211,26.750099182128906,26.78499984741211,32088
2025-09-24 16:14:00+00:00,26.741899490356445,26.754899978637695,26.734500885009766,26.754899978637695,31116
2025-09-24 16:15:00+00:00,26.741899490356445,26.74679946899414,26.739999771118164,26.739999771118164,14668
2025-09-24 16:16:00+00:00,26.7450008392334,26.756500244140625,26.741899490356445,26.7450008392334,20443
2025-09-24 16:17:00+00:00,26.7549991607666,26.7549991607666,26.739999771118164,26.7450008392334,19046
2025-09-24 16:18:00+00:00,26.7549991607666,26.760000228881836,26.744699478149414,26.7549991607666,10605
2025-09-24 16:19:00+00:00,26.760000228881836,26.774999618530273,26.7549991607666,26.7549991607666,20904
2025-09-24 16:20:00+00:00,26.7549991607666,26.766000747680664,26.750099182128906,26.7549991607666,19455
2025-09-24 16:21:00+00:00,26.71500015258789,26.7549991607666,26.71500015258789,26.7549991607666,14223
2025-09-24 16:22:00+00:00,26.704999923706055,26.709999084472656,26.700000762939453,26.709999084472656,1086965
2025-09-24 16:23:00+00:00,26.69499969482422,26.709999084472656,26.69499969482422,26.704999923706055,0
2025-09-24 16:24:00+00:00,26.684999465942383,26.69499969482422,26.68000030517578,26.69499969482422,42847
2025-09-24 16:25:00+00:00,26.69499969482422,26.700000762939453,26.68000030517578,26.6875,14407
2025-09-24 16:26:00+00:00,26.724899291992188,26.725000381469727,26.690000534057617,26.690000534057617,29442
2025-09-24 16:27:00+00:00,26.72450065612793,26.739999771118164,26.72450065612793,26.725000381469727,25974
2025-09-24 16:28:00+00:00,26.725000381469727,26.739999771118164,26.725000381469727,26.729999542236328,27494
2025-09-24 16:29:00+00:00,26.704999923706055,26.729999542236328,26.700000762939453,26.719999313354492,35788
2025-09-24 16:30:00+00:00,26.71500015258789,26.719999313354492,26.700000762939453,26.70509910583496,42777
2025-09-24 16:31:00+00:00,26.729999542236328,26.739999771118164,26.709999084472656,26.71500015258789,1162135
2025-09-24 16:32:00+00:00,26.733999252319336,26.75,26.729999542236328,26.735000610351562,0
2025-09-24 16:33:00+00:00,26.739999771118164,26.7450008392334,26.730100631713867,26.73509979248047,39368
2025-09-24 16:34:00+00:00,26.764999389648438,26.769800186157227,26.735000610351562,26.735000610351562,37722
2025-09-24 16:35:00+00:00,26.764999389648438,26.764999389648438,26.760000228881836,26.764999389648438,23349
2025-09-24 16:36:00+00:00,26.760000228881836,26.770000457763672,26.760000228881836,26.764999389648438,10686
2025-09-24 16:37:00+00:00,26.7549991607666,26.764999389648438,26.753999710083008,26.764999389648438,36085
2025-09-24 16:38:00+00:00,26.774999618530273,26.774999618530273,26.7549991607666,26.7549991607666,17965
2025-09-24 16:39:00+00:00,26.7549991607666,26.774999618530273,26.7549991607666,26.774999618530273,5129
2025-09-24 16:40:00+00:00,26.7450008392334,26.7549991607666,26.7450008392334,26.7549991607666,36120
2025-09-24 16:41:00+00:00,26.7549991607666,26.756000518798828,26.7450008392334,26.7450008392334,15871
2025-09-24 16:42:00+00:00,26.7450008392334,26.7549991607666,26.7450008392334,26.753999710083008,6985
2025-09-24 16:43:00+00:00,26.739999771118164,26.747699737548828,26.731800079345703,26.743999481201172,44496
2025-09-24 16:44:00+00:00,26.774999618530273,26.780000686645508,26.75,26.75,34042
2025-09-24 16:45:00+00:00,26.795000076293945,26.79599952697754,26.774999618530273,26.774999618530273,34698
2025-09-24 16:46:00+00:00,26.795000076293945,26.799999237060547,26.790000915527344,26.795000076293945,13669
2025-09-24 16:47:00+00:00,26.78499984741211,26.799999237060547,26.78499984741211,26.795000076293945,20483
2025-09-24 16:48:00+00:00,26.779800415039062,26.78499984741211,26.774999618530273,26.78499984741211,14507
2025-09-24 16:49:00+00:00,26.774999618530273,26.786500930786133,26.77400016784668,26.77400016784668,25425
2025-09-24 16:50:00+00:00,26.764999389648438,26.774999618530273,26.761699676513672,26.774999618530273,11574
2025-09-24 16:51:00+00:00,26.7549991607666,26.764999389648438,26.75,26.764999389648438,17578
2025-09-24 16:52:00+00:00,26.764999389648438,26.770000457763672,26.760000228881836,26.760000228881836,16081
2025-09-24 16:53:00+00:00,26.765199661254883,26.770000457763672,26.7549991607666,26.760000228881836,34274
2025-09-24 16:54:00+00:00,26.774999618530273,26.774999618530273,26.76420021057129,26.764999389648438,16714
2025-09-24 16:55:00+00:00,26.763999938964844,26.780000686645508,26.760000228881836,26.774999618530273,22164
2025-09-24 16:56:00+00:00,26.765100479125977,26.765100479125977,26.7549991607666,26.760000228881836,13509
2025-09-24 16:57:00+00:00,26.7450008392334,26.770000457763672,26.74489974975586,26.770000457763672,31698
2025-09-24 16:58:00+00:00,26.7450008392334,26.7549991607666,26.744600296020508,26.7450008392334,11821
2025-09-24 16:59:00+00:00,26.7450008392334,26.75,26.741899490356445,26.7450008392334,11693
2025-09-24 17:00:00+00:00,26.7450008392334,26.75,26.729999542236328,26.739999771118164,32574
2025-09-24 17:01:00+00:00,26.72599983215332,26.7450008392334,26.725000381469727,26.7450008392334,63513
2025-09-24 17:02:00+00:00,26.7450008392334,26.746000289916992,26.719999313354492,26.725000381469727,72359
2025-09-24 17:03:00+00:00,26.764999389648438,26.764999389648438,26.739999771118164,26.743999481201172,41625
2025-09-24 17:04:00+00:00,26.766000747680664,26.770000457763672,26.760000228881836,26.764999389648438,52433
2025-09-24 17:05:00+00:00,26.764999389648438,26.780000686645508,26.760000228881836,26.764999389648438,59439
2025-09-24 17:06:00+00:00,26.764999389648438,26.765199661254883,26.763999938964844,26.764999389648438,17285
2025-09-24 17:07:00+00:00,26.78499984741211,26.790000915527344,26.760099411010742,26.760099411010742,42826
2025-09-24 17:08:00+00:00,26.795000076293945,26.795000076293945,26.78019905090332,26.788299560546875,13480
2025-09-24 17:09:00+00:00,26.795000076293945,26.799999237060547,26.795000076293945,26.795000076293945,2296
2025-09-24 17:10:00+00:00,26.80500030517578,26.809999465942383,26.795000076293945,26.795000076293945,1307679
2025-09-24 17:11:00+00:00,26.795000076293945,26.80500030517578,26.795000076293945,26.80500030517578,0
2025-09-24 17:12:00+00:00,26.799999237060547,26.809999465942383,26.799999237060547,26.799999237060547,17308
2025-09-24 17:13:00+00:00,26.79990005493164,26.809999465942383,26.790000915527344,26.80500030517578,25871
2025-09-24 17:14:00+00:00,26.795000076293945,26.795000076293945,26.790000915527344,26.795000076293945,60896
2025-09-24 17:15:00+00:00,26.795000076293945,26.795000076293945,26.790000915527344,26.795000076293945,3047
2025-09-24 17:16:00+00:00,26.795000076293945,26.799999237060547,26.794700622558594,26.795000076293945,15412
2025-09-24 17:17:00+00:00,26.809999465942383,26.809999465942383,26.795000076293945,26.795000076293945,19144
2025-09-24 17:18:00+00:00,26.80500030517578,26.815000534057617,26.80500030517578,26.80500030517578,17810
2025-09-24 17:19:00+00:00,26.795000076293945,26.801000595092773,26.7947998046875,26.799999237060547,17301
2025-09-24 17:20:00+00:00,26.805099487304688,26.809999465942383,26.793500900268555,26.795000076293945,19015
2025-09-24 17:21:00+00:00,26.80500030517578,26.809999465942383,26.80500030517578,26.809999465942383,6719
2025-09-24 17:22:00+00:00,26.795000076293945,26.809999465942383,26.79400062561035,26.809999465942383,21557
2025-09-24 17:23:00+00:00,26.79010009765625,26.799999237060547,26.790000915527344,26.799999237060547,11483
2025-09-24 17:24:00+00:00,26.80500030517578,26.80500030517578,26.795000076293945,26.796499252319336,1347681
2025-09-24 17:25:00+00:00,26.809999465942383,26.809999465942383,26.799999237060547,26.80590057373047,0
2025-09-24 17:26:00+00:00,26.795000076293945,26.805099487304688,26.790199279785156,26.805099487304688,8596
2025-09-24 17:27:00+00:00,26.80500030517578,26.80500030517578,26.795000076293945,26.795000076293945,14546
2025-09-24 17:28:00+00:00,26.790000915527344,26.799999237060547,26.78499984741211,26.799999237060547,13289
2025-09-24 17:29:00+00:00,26.795000076293945,26.795000076293945,26.78499984741211,26.78499984741211,2827
2025-09-24 17:30:00+00:00,26.795000076293945,26.79990005493164,26.79490089416504,26.795000076293945,3210
2025-09-24 17:31:00+00:00,26.790000915527344,26.799999237060547,26.78499984741211,26.799999237060547,11002
2025-09-24 17:32:00+00:00,26.80500030517578,26.80500030517578,26.78499984741211,26.78499984741211,22521
2025-09-24 17:33:00+00:00,26.81999969482422,26.81999969482422,26.80500030517578,26.80500030517578,33814
2025-09-24 17:34:00+00:00,26.825199127197266,26.826000213623047,26.80500030517578,26.809999465942383,61340
2025-09-24 17:35:00+00:00,26.81399917602539,26.834999084472656,26.810699462890625,26.829999923706055,40511
2025-09-24 17:36:00+00:00,26.80500030517578,26.815000534057617,26.79490089416504,26.81399917602539,22918
2025-09-24 17:37:00+00:00,26.815000534057617,26.815000534057617,26.801300048828125,26.80500030517578,14733
2025-09-24 17:38:00+00:00,26.825000762939453,26.829999923706055,26.813199996948242,26.813199996948242,23667
2025-09-24 17:39:00+00:00,26.815000534057617,26.823999404907227,26.813499450683594,26.81999969482422,18162
2025-09-24 17:40:00+00:00,26.825000762939453,26.825000762939453,26.804000854492188,26.81999969482422,23772
2025-09-24 17:41:00+00:00,26.80500030517578,26.81999969482422,26.799999237060547,26.81999969482422,26345
2025-09-24 17:42:00+00:00,26.811899185180664,26.825000762939453,26.809999465942383,26.809999465942383,25584
2025-09-24 17:43:00+00:00,26.79010009765625,26.81999969482422,26.79010009765625,26.81999969482422,18481
2025-09-24 17:44:00+00:00,26.80500030517578,26.809999465942383,26.795000076293945,26.795000076293945,19137
2025-09-24 17:45:00+00:00,26.805099487304688,26.8080997467041,26.799999237060547,26.80500030517578,24179
2025-09-24 17:46:00+00:00,26.80470085144043,26.809999465942383,26.799999237060547,26.80500030517578,24484
2025-09-24 17:47:00+00:00,26.825000762939453,26.827800750732422,26.80500030517578,26.805099487304688,47541
2025-09-24 17:48:00+00:00,26.834699630737305,26.84000015258789,26.82469940185547,26.825000762939453,17869
2025-09-24 17:49:00+00:00,26.844999313354492,26.850000381469727,26.834999084472656,26.84000015258789,32235
2025-09-24 17:50:00+00:00,26.829999923706055,26.84000015258789,26.823999404907227,26.84000015258789,19634
2025-09-24 17:51:00+00:00,26.815000534057617,26.834999084472656,26.809999465942383,26.834999084472656,30252
2025-09-24 17:52:00+00:00,26.825000762939453,26.825599670410156,26.815000534057617,26.81999969482422,16419
2025-09-24 17:53:00+00:00,26.80500030517578,26.826000213623047,26.799999237060547,26.825000762939453,21293
2025-09-24 17:54:00+00:00,26.80500030517578,26.809999465942383,26.799999237060547,26.80139923095703,30258
2025-09-24 17:55:00+00:00,26.80500030517578,26.815000534057617,26.799999237060547,26.809999465942383,27592
2025-09-24 17:56:00+00:00,26.78499984741211,26.805099487304688,26.774999618530273,26.80500030517578,53815
2025-09-24 17:57:00+00:00,26.774999618530273,26.78499984741211,26.774999618530273,26.78499984741211,2766
2025-09-24 17:58:00+00:00,26.7549991607666,26.774999618530273,26.7549991607666,26.774999618530273,3555
2025-09-24 17:59:00+00:00,26.7450008392334,26.760000228881836,26.7450008392334,26.7549991607666,19170
2025-09-24 18:00:00+00:00,26.724000930786133,26.7362003326416,26.724000930786133,26.735000610351562,12017
2025-09-24 18:01:00+00:00,26.735000610351562,26.739999771118164,26.725000381469727,26.725000381469727,12547
2025-09-24 18:02:00+00:00,26.7450008392334,26.747699737548828,26.739999771118164,26.739999771118164,6185
2025-09-24 18:03:00+00:00,26.7549991607666,26.759899139404297,26.7450008392334,26.7450008392334,14755
2025-09-24 18:04:00+00:00,26.7450008392334,26.755199432373047,26.739999771118164,26.7549991607666,27136
2025-09-24 18:05:00+00:00,26.736000061035156,26.739999771118164,26.719999313354492,26.739999771118164,27729
2025-09-24 18:06:00+00:00,26.733699798583984,26.739299774169922,26.725000381469727,26.733699798583984,7017
2025-09-24 18:07:00+00:00,26.735000610351562,26.735000610351562,26.725000381469727,26.725000381469727,5021
2025-09-24 18:08:00+00:00,26.725000381469727,26.739999771118164,26.72100067138672,26.739999771118164,4222
2025-09-24 18:09:00+00:00,26.735000610351562,26.735000610351562,26.725000381469727,26.725000381469727,5853
2025-09-24 18:10:00+00:00,26.709999084472656,26.738399505615234,26.709999084472656,26.735000610351562,4205
2025-09-24 18:11:00+00:00,26.725000381469727,26.729999542236328,26.71500015258789,26.71500015258789,9007
2025-09-24 18:12:00+00:00,26.71500015258789,26.72010040283203,26.71500015258789,26.719999313354492,4956
2025-09-24 18:13:00+00:00,26.719999313354492,26.725000381469727,26.709999084472656,26.71500015258789,13901
2025-09-24 18:14:00+00:00,26.71500015258789,26.725000381469727,26.71500015258789,26.724199295043945,4349
2025-09-24 18:15:00+00:00,26.71419906616211,26.71820068359375,26.709999084472656,26.71500015258789,3735
2025-09-24 18:16:00+00:00,26.725000381469727,26.725000381469727,26.709999084472656,26.71500015258789,8505
2025-09-24 18:17:00+00:00,26.719900131225586,26.725000381469727,26.71500015258789,26.719999313354492,3498
2025-09-24 18:18:00+00:00,26.71500015258789,26.729999542236328,26.709999084472656,26.71500015258789,24526
2025-09-24 18:19:00+00:00,26.722999572753906,26.725000381469727,26.71500015258789,26.719999313354492,59698
2025-09-24 18:20:00+00:00,26.71500015258789,26.72640037536621,26.71500015258789,26.725000381469727,12667
2025-09-24 18:21:00+00:00,26.690000534057617,26.715499877929688,26.690000534057617,26.71500015258789,4017
2025-09-24 18:22:00+00:00,26.69499969482422,26.700000762939453,26.690000534057617,26.69860076904297,10403
2025-09-24 18:23:00+00:00,26.69029998779297,26.69499969482422,26.69029998779297,26.69499969482422,9480
2025-09-24 18:24:00+00:00,26.71780014038086,26.725000381469727,26.69499969482422,26.69499969482422,15418
2025-09-24 18:25:00+00:00,26.704999923706055,26.719999313354492,26.704999923706055,26.719999313354492,6352
2025-09-24 18:26:00+00:00,26.70330047607422,26.709999084472656,26.69499969482422,26.709999084472656,7562
2025-09-24 18:27:00+00:00,26.69499969482422,26.700000762939453,26.69499969482422,26.700000762939453,7553
2025-09-24 18:28:00+00:00,26.69969940185547,26.69969940185547,26.6924991607666,26.69499969482422,9857
2025-09-24 18:29:00+00:00,26.69499969482422,26.700000762939453,26.69499969482422,26.700000762939453,13797
2025-09-24 18:30:00+00:00,26.69499969482422,26.69499969482422,26.69499969482422,26.69499969482422,474
2025-09-24 18:31:00+00:00,26.71500015258789,26.71500015258789,26.6924991607666,26.6924991607666,8421
2025-09-24 18:32:00+00:00,26.725000381469727,26.725000381469727,26.71500015258789,26.71500015258789,8178
2025-09-24 18:33:00+00:00,26.72599983215332,26.729999542236328,26.719999313354492,26.729999542236328,35882
2025-09-24 18:34:00+00:00,26.71500015258789,26.71500015258789,26.71179962158203,26.71500015258789,1707
2025-09-24 18:35:00+00:00,26.71500015258789,26.71809959411621,26.71500015258789,26.71809959411621,11770
2025-09-24 18:36:00+00:00,26.71500015258789,26.719999313354492,26.714000701904297,26.719999313354492,11945
2025-09-24 18:37:00+00:00,26.709999084472656,26.71660041809082,26.709999084472656,26.71500015258789,4220
2025-09-24 18:38:00+00:00,26.735000610351562,26.735300064086914,26.719999313354492,26.719999313354492,5169
2025-09-24 18:39:00+00:00,26.739999771118164,26.7450008392334,26.739999771118164,26.739999771118164,8212
2025-09-24 18:40:00+00:00,26.725000381469727,26.729999542236328,26.721799850463867,26.729999542236328,4326
2025-09-24 18:41:00+00:00,26.71500015258789,26.725000381469727,26.709999084472656,26.725000381469727,9025
2025-09-24 18:42:00+00:00,26.71500015258789,26.715099334716797,26.700000762939453,26.715099334716797,15586
2025-09-24 18:43:00+00:00,26.70009994506836,26.717500686645508,26.700000762939453,26.717500686645508,7922
2025-09-24 18:44:00+00:00,26.69499969482422,26.69499969482422,26.690000534057617,26.690099716186523,12602
2025-09-24 18:45:00+00:00,26.700000762939453,26.704999923706055,26.69499969482422,26.69499969482422,11254
2025-09-24 18:46:00+00:00,26.701499938964844,26.70240020751953,26.694799423217773,26.69499969482422,29402
2025-09-24 18:47:00+00:00,26.704999923706055,26.709999084472656,26.700000762939453,26.700000762939453,7475
2025-09-24 18:48:00+00:00,26.704999923706055,26.71500015258789,26.70009994506836,26.709999084472656,4086
2025-09-24 18:49:00+00:00,26.704999923706055,26.709999084472656,26.704999923706055,26.709999084472656,2244
2025-09-24 18:50:00+00:00,26.70490074157715,26.709999084472656,26.700000762939453,26.704999923706055,7168
2025-09-24 18:51:00+00:00,26.69499969482422,26.70989990234375,26.69499969482422,26.704999923706055,6876
2025-09-24 18:52:00+00:00,26.71579933166504,26.71619987487793,26.692800521850586,26.69499969482422,15607
2025-09-24 18:53:00+00:00,26.71500015258789,26.715099334716797,26.709999084472656,26.71500015258789,15735
2025-09-24 18:54:00+00:00,26.71500015258789,26.71500015258789,26.709999084472656,26.71500015258789,5782
2025-09-24 18:55:00+00:00,26.69499969482422,26.709999084472656,26.690000534057617,26.709999084472656,12501
2025-09-24 18:56:00+00:00,26.699899673461914,26.700000762939453,26.69499969482422,26.69499969482422,25647
2025-09-24 18:57:00+00:00,26.71500015258789,26.715099334716797,26.700000762939453,26.704999923706055,20137
2025-09-24 18:58:00+00:00,26.725000381469727,26.729999542236328,26.71380043029785,26.71380043029785,18994
2025-09-24 18:59:00+00:00,26.735000610351562,26.73859977722168,26.725000381469727,26.725000381469727,15060
2025-09-24 19:00:00+00:00,26.71500015258789,26.739700317382812,26.71500015258789,26.735000610351562,13901
2025-09-24 19:01:00+00:00,26.71500015258789,26.71649932861328,26.71380043029785,26.71500015258789,5096
2025-09-24 19:02:00+00:00,26.709999084472656,26.71500015258789,26.700000762939453,26.709999084472656,6247
2025-09-24 19:03:00+00:00,26.704999923706055,26.709699630737305,26.700000762939453,26.709699630737305,16781
2025-09-24 19:04:00+00:00,26.684999465942383,26.700000762939453,26.684999465942383,26.700000762939453,14550
2025-09-24 19:05:00+00:00,26.674999237060547,26.68600082397461,26.674999237060547,26.68600082397461,16970
2025-09-24 19:06:00+00:00,26.667499542236328,26.674999237060547,26.65999984741211,26.674999237060547,31928
2025-09-24 19:07:00+00:00,26.665000915527344,26.665000915527344,26.66189956665039,26.665000915527344,6875
2025-09-24 19:08:00+00:00,26.674999237060547,26.68000030517578,26.664499282836914,26.665000915527344,26156
2025-09-24 19:09:00+00:00,26.674999237060547,26.68000030517578,26.674999237060547,26.674999237060547,10811
2025-09-24 19:10:00+00:00,26.684999465942383,26.690000534057617,26.674999237060547,26.68000030517578,16524
2025-09-24 19:11:00+00:00,26.665000915527344,26.684999465942383,26.664899826049805,26.684999465942383,31237
2025-09-24 19:12:00+00:00,26.684999465942383,26.684999465942383,26.670000076293945,26.670000076293945,9587
2025-09-24 19:13:00+00:00,26.68000030517578,26.6875,26.68000030517578,26.684999465942383,7320
2025-09-24 19:14:00+00:00,26.700000762939453,26.706499099731445,26.684999465942383,26.684999465942383,13846
2025-09-24 19:15:00+00:00,26.704999923706055,26.70989990234375,26.704200744628906,26.709699630737305,11936
2025-09-24 19:16:00+00:00,26.704999923706055,26.709999084472656,26.701000213623047,26.704999923706055,8304
2025-09-24 19:17:00+00:00,26.69499969482422,26.704999923706055,26.69499969482422,26.704999923706055,7685
2025-09-24 19:18:00+00:00,26.684999465942383,26.695999145507812,26.680999755859375,26.69499969482422,10232
2025-09-24 19:19:00+00:00,26.68000030517578,26.684999465942383,26.670000076293945,26.684999465942383,9423
2025-09-24 19:20:00+00:00,26.674999237060547,26.684999465942383,26.674999237060547,26.68000030517578,10116
2025-09-24 19:21:00+00:00,26.684999465942383,26.690000534057617,26.674999237060547,26.674999237060547,7144
2025-09-24 19:22:00+00:00,26.65999984741211,26.68899917602539,26.655000686645508,26.684999465942383,12201
2025-09-24 19:23:00+00:00,26.652099609375,26.655000686645508,26.652099609375,26.655000686645508,5349
2025-09-24 19:24:00+00:00,26.650299072265625,26.65999984741211,26.649999618530273,26.655000686645508,4047
2025-09-24 19:25:00+00:00,26.645000457763672,26.655000686645508,26.639999389648438,26.649999618530273,24339
2025-09-24 19:26:00+00:00,26.665000915527344,26.667499542236328,26.649999618530273,26.649999618530273,25270
2025-09-24 19:27:00+00:00,26.665000915527344,26.665000915527344,26.660499572753906,26.665000915527344,9162
2025-09-24 19:28:00+00:00,26.670000076293945,26.68000030517578,26.665000915527344,26.665000915527344,4996
2025-09-24 19:29:00+00:00,26.684999465942383,26.700000762939453,26.68000030517578,26.68000030517578,33231
2025-09-24 19:30:00+00:00,26.71500015258789,26.71500015258789,26.684999465942383,26.684999465942383,9655
2025-09-24 19:31:00+00:00,26.700000762939453,26.725000381469727,26.700000762939453,26.71500015258789,26798
2025-09-24 19:32:00+00:00,26.709999084472656,26.709999084472656,26.700000762939453,26.700000762939453,19823
2025-09-24 19:33:00+00:00,26.704999923706055,26.709999084472656,26.691200256347656,26.704999923706055,17994
2025-09-24 19:34:00+00:00,26.700000762939453,26.704999923706055,26.69300079345703,26.700000762939453,16737
2025-09-24 19:35:00+00:00,26.704999923706055,26.709999084472656,26.69499969482422,26.69499969482422,18802
2025-09-24 19:36:00+00:00,26.723100662231445,26.725000381469727,26.700000762939453,26.704999923706055,24916
2025-09-24 19:37:00+00:00,26.719999313354492,26.734899520874023,26.719999313354492,26.723499298095703,18167
2025-09-24 19:38:00+00:00,26.71500015258789,26.719999313354492,26.71299934387207,26.719999313354492,19390
2025-09-24 19:39:00+00:00,26.739999771118164,26.739999771118164,26.709999084472656,26.71500015258789,26219
2025-09-24 19:40:00+00:00,26.725000381469727,26.75,26.71500015258789,26.735000610351562,37697
2025-09-24 19:41:00+00:00,26.7450008392334,26.7450008392334,26.719999313354492,26.729999542236328,40617
2025-09-24 19:42:00+00:00,26.7549991607666,26.7549991607666,26.739999771118164,26.7450008392334,14311
2025-09-24 19:43:00+00:00,26.7549991607666,26.7549991607666,26.739999771118164,26.7549991607666,42713
2025-09-24 19:44:00+00:00,26.75,26.7549991607666,26.739999771118164,26.7549991607666,30744
2025-09-24 19:45:00+00:00,26.770000457763672,26.770000457763672,26.7549991607666,26.7549991607666,24127
2025-09-24 19:46:00+00:00,26.774999618530273,26.780000686645508,26.764999389648438,26.766000747680664,25310
2025-09-24 19:47:00+00:00,26.770000457763672,26.780000686645508,26.764999389648438,26.780000686645508,23084
2025-09-24 19:48:00+00:00,26.774999618530273,26.774999618530273,26.764999389648438,26.770000457763672,13740
2025-09-24 19:49:00+00:00,26.774999618530273,26.780000686645508,26.76420021057129,26.770000457763672,35685
2025-09-24 19:50:00+00:00,26.770000457763672,26.780000686645508,26.760000228881836,26.770000457763672,42220
2025-09-24 19:51:00+00:00,26.764999389648438,26.774999618530273,26.760000228881836,26.774999618530273,27972
2025-09-24 19:52:00+00:00,26.7549991607666,26.764999389648438,26.75,26.764999389648438,32892
2025-09-24 19:53:00+00:00,26.764999389648438,26.770000457763672,26.739999771118164,26.7549991607666,68624
2025-09-24 19:54:00+00:00,26.795000076293945,26.799999237060547,26.764999389648438,26.770000457763672,85170
2025-09-24 19:55:00+00:00,26.78499984741211,26.799999237060547,26.780000686645508,26.799999237060547,124178
2025-09-24 19:56:00+00:00,26.774999618530273,26.78499984741211,26.770000457763672,26.780000686645508,78207
2025-09-24 19:57:00+00:00,26.75,26.777700424194336,26.7450008392334,26.774999618530273,87815
2025-09-24 19:58:00+00:00,26.7450008392334,26.7549991607666,26.73189926147461,26.7450008392334,142313
2025-09-24 19:59:00+00:00,26.735000610351562,26.7549991607666,26.729999542236328,26.7450008392334,150578
2025-09-25 13:30:00+00:00,26.719999313354492,26.889999389648438,26.700000762939453,26.850000381469727,183145
2025-09-25 13:31:00+00:00,26.670000076293945,26.725000381469727,26.649999618530273,26.719999313354492,11107
2025-09-25 13:32:00+00:00,26.690000534057617,26.709999084472656,26.639999389648438,26.665000915527344,11342
2025-09-25 13:33:00+00:00,26.665000915527344,26.709999084472656,26.649999618530273,26.700000762939453,6709
2025-09-25 13:34:00+00:00,26.690000534057617,26.690000534057617,26.65999984741211,26.689899444580078,12820
2025-09-25 13:35:00+00:00,26.678699493408203,26.690000534057617,26.6299991607666,26.649999618530273,7557
2025-09-25 13:36:00+00:00,26.68000030517578,26.700000762939453,26.65999984741211,26.670000076293945,8484
2025-09-25 13:37:00+00:00,26.65999984741211,26.690000534057617,26.649999618530273,26.68000030517578,18074
2025-09-25 13:38:00+00:00,26.625,26.65999984741211,26.614999771118164,26.65999984741211,28014
2025-09-25 13:39:00+00:00,26.604999542236328,26.635000228881836,26.600000381469727,26.620800018310547,4888
2025-09-25 13:40:00+00:00,26.565000534057617,26.60580062866211,26.549999237060547,26.60580062866211,13587
2025-09-25 13:41:00+00:00,26.575000762939453,26.585800170898438,26.565000534057617,26.56999969482422,15070
2025-09-25 13:42:00+00:00,26.565000534057617,26.579999923706055,26.545000076293945,26.5757999420166,10602
2025-09-25 13:43:00+00:00,26.575000762939453,26.575000762939453,26.550100326538086,26.559999465942383,14088
2025-09-25 13:44:00+00:00,26.565000534057617,26.575000762939453,26.55590057373047,26.575000762939453,9636
2025-09-25 13:45:00+00:00,26.4950008392334,26.559999465942383,26.489999771118164,26.559999465942383,42239
2025-09-25 13:46:00+00:00,26.479999542236328,26.49720001220703,26.469999313354492,26.489999771118164,7888
2025-09-25 13:47:00+00:00,26.450000762939453,26.5,26.44499969482422,26.485000610351562,6636
2025-09-25 13:48:00+00:00,26.405000686645508,26.454999923706055,26.405000686645508,26.454999923706055,24132
2025-09-25 13:49:00+00:00,26.420000076293945,26.440000534057617,26.399999618530273,26.405000686645508,14232
2025-09-25 13:50:00+00:00,26.385000228881836,26.41990089416504,26.385000228881836,26.40999984741211,33759
2025-09-25 13:51:00+00:00,26.415000915527344,26.423500061035156,26.385000228881836,26.385000228881836,13644
2025-09-25 13:52:00+00:00,26.405000686645508,26.415000915527344,26.395000457763672,26.415000915527344,6250
2025-09-25 13:53:00+00:00,26.3799991607666,26.409900665283203,26.3799991607666,26.405000686645508,9911
2025-09-25 13:54:00+00:00,26.354999542236328,26.385000228881836,26.341100692749023,26.3799991607666,11938
2025-09-25 13:55:00+00:00,26.31999969482422,26.354999542236328,26.31999969482422,26.354999542236328,9414
2025-09-25 13:56:00+00:00,26.30500030517578,26.31999969482422,26.299999237060547,26.31999969482422,20497
2025-09-25 13:57:00+00:00,26.334999084472656,26.334999084472656,26.28499984741211,26.299999237060547,16366
2025-09-25 13:58:00+00:00,26.344999313354492,26.34760093688965,26.309999465942383,26.33009910583496,12191
2025-09-25 13:59:00+00:00,26.364999771118164,26.377500534057617,26.350000381469727,26.350000381469727,26873
2025-09-25 14:00:00+00:00,26.32550048828125,26.360000610351562,26.325000762939453,26.360000610351562,17026
2025-09-25 14:01:00+00:00,26.3700008392334,26.3700008392334,26.32080078125,26.325000762939453,14673
2025-09-25 14:02:00+00:00,26.385000228881836,26.399999618530273,26.375,26.375,20571
2025-09-25 14:03:00+00:00,26.375,26.385000228881836,26.364999771118164,26.3799991607666,24900
2025-09-25 14:04:00+00:00,26.36829948425293,26.395000457763672,26.364999771118164,26.3799991607666,11784
2025-09-25 14:05:00+00:00,26.34000015258789,26.360000610351562,26.34000015258789,26.360000610351562,18197
2025-09-25 14:06:00+00:00,26.34000015258789,26.350000381469727,26.334999084472656,26.344999313354492,8320
2025-09-25 14:07:00+00:00,26.334999084472656,26.350000381469727,26.329999923706055,26.34000015258789,6695
2025-09-25 14:08:00+00:00,26.315000534057617,26.34000015258789,26.315000534057617,26.329999923706055,21628
2025-09-25 14:09:00+00:00,26.335100173950195,26.350000381469727,26.31999969482422,26.31999969482422,9624
2025-09-25 14:10:00+00:00,26.30500030517578,26.329999923706055,26.295000076293945,26.329999923706055,14536
2025-09-25 14:11:00+00:00,26.31999969482422,26.34000015258789,26.299999237060547,26.30500030517578,11079
2025-09-25 14:12:00+00:00,26.28499984741211,26.309999465942383,26.28499984741211,26.309999465942383,15684
2025-09-25 14:13:00+00:00,26.295000076293945,26.299999237060547,26.270700454711914,26.288700103759766,17558
2025-09-25 14:14:00+00:00,26.295000076293945,26.299999237060547,26.274999618530273,26.299999237060547,18113
2025-09-25 14:15:00+00:00,26.250099182128906,26.299999237060547,26.250099182128906,26.299999237060547,39753
2025-09-25 14:16:00+00:00,26.27989959716797,26.280000686645508,26.2549991607666,26.2549991607666,26127
2025-09-25 14:17:00+00:00,26.260000228881836,26.27910041809082,26.260000228881836,26.270000457763672,12019
2025-09-25 14:18:00+00:00,26.25,26.270000457763672,26.25,26.264999389648438,15160
2025-09-25 14:19:00+00:00,26.270000457763672,26.274999618530273,26.2450008392334,26.2450008392334,14498
2025-09-25 14:20:00+00:00,26.274999618530273,26.280000686645508,26.264999389648438,26.270000457763672,7853
2025-09-25 14:21:00+00:00,26.2549991607666,26.270000457763672,26.2549991607666,26.270000457763672,12887
2025-09-25 14:22:00+00:00,26.266300201416016,26.270000457763672,26.2450008392334,26.25,25835
2025-09-25 14:23:00+00:00,26.274999618530273,26.280000686645508,26.264999389648438,26.264999389648438,47091
2025-09-25 14:24:00+00:00,26.309999465942383,26.31999969482422,26.274900436401367,26.274900436401367,73365
2025-09-25 14:25:00+00:00,26.31999969482422,26.31999969482422,26.30500030517578,26.315000534057617,88044
2025-09-25 14:26:00+00:00,26.295000076293945,26.315000534057617,26.295000076293945,26.315000534057617,12611
2025-09-25 14:27:00+00:00,26.30500030517578,26.31999969482422,26.29010009765625,26.295000076293945,20416
2025-09-25 14:28:00+00:00,26.30500030517578,26.30500030517578,26.29010009765625,26.30500030517578,56298
2025-09-25 14:29:00+00:00,26.28499984741211,26.30500030517578,26.280099868774414,26.30500030517578,33248
2025-09-25 14:30:00+00:00,26.334999084472656,26.350000381469727,26.28499984741211,26.28499984741211,88045
2025-09-25 14:31:00+00:00,26.325000762939453,26.329999923706055,26.318099975585938,26.329999923706055,17033
2025-09-25 14:32:00+00:00,26.344999313354492,26.354999542236328,26.325000762939453,26.325000762939453,33136
2025-09-25 14:33:00+00:00,26.354999542236328,26.354999542236328,26.334999084472656,26.344999313354492,28651
2025-09-25 14:34:00+00:00,26.334999084472656,26.359899520874023,26.334999084472656,26.354999542236328,15452
2025-09-25 14:35:00+00:00,26.354999542236328,26.3700008392334,26.334999084472656,26.334999084472656,36589
2025-09-25 14:36:00+00:00,26.354999542236328,26.360000610351562,26.344999313354492,26.354999542236328,8801
2025-09-25 14:37:00+00:00,26.364999771118164,26.364999771118164,26.354999542236328,26.354999542236328,9861
2025-09-25 14:38:00+00:00,26.3700008392334,26.375,26.360000610351562,26.364999771118164,19022
2025-09-25 14:39:00+00:00,26.385000228881836,26.38990020751953,26.36009979248047,26.364999771118164,16901
2025-09-25 14:40:00+00:00,26.364999771118164,26.385000228881836,26.360000610351562,26.385000228881836,23681
2025-09-25 14:41:00+00:00,26.344200134277344,26.36639976501465,26.344200134277344,26.364999771118164,30716
2025-09-25 14:42:00+00:00,26.325000762939453,26.344999313354492,26.325000762939453,26.344999313354492,30694
2025-09-25 14:43:00+00:00,26.344999313354492,26.350000381469727,26.325000762939453,26.325000762939453,63653
2025-09-25 14:44:00+00:00,26.360000610351562,26.360000610351562,26.329999923706055,26.344999313354492,35749
2025-09-25 14:45:00+00:00,26.35650062561035,26.364999771118164,26.344999313354492,26.36090087890625,23940
2025-09-25 14:46:00+00:00,26.334999084472656,26.354999542236328,26.334999084472656,26.354999542236328,28733
2025-09-25 14:47:00+00:00,26.315000534057617,26.334999084472656,26.309999465942383,26.334999084472656,39535
2025-09-25 14:48:00+00:00,26.30500030517578,26.31999969482422,26.299999237060547,26.315000534057617,34265
2025-09-25 14:49:00+00:00,26.30500030517578,26.315000534057617,26.302400588989258,26.30500030517578,21083
2025-09-25 14:50:00+00:00,26.274999618530273,26.299999237060547,26.260000228881836,26.299999237060547,33757
2025-09-25 14:51:00+00:00,26.309200286865234,26.315000534057617,26.270000457763672,26.270000457763672,43891
2025-09-25 14:52:00+00:00,26.31999969482422,26.334999084472656,26.30500030517578,26.30500030517578,37822
2025-09-25 14:53:00+00:00,26.301799774169922,26.329999923706055,26.301799774169922,26.320100784301758,22084
2025-09-25 14:54:00+00:00,26.305099487304688,26.31999969482422,26.30190086364746,26.309999465942383,29448
2025-09-25 14:55:00+00:00,26.320999145507812,26.320999145507812,26.295000076293945,26.30500030517578,29552
2025-09-25 14:56:00+00:00,26.299999237060547,26.31999969482422,26.299999237060547,26.31999969482422,49381
2025-09-25 14:57:00+00:00,26.299999237060547,26.309999465942383,26.299999237060547,26.299999237060547,11490
2025-09-25 14:58:00+00:00,26.30500030517578,26.30500030517578,26.295000076293945,26.295000076293945,788075
2025-09-25 14:59:00+00:00,26.334999084472656,26.33989906311035,26.30820083618164,26.308900833129883,0
2025-09-25 15:00:00+00:00,26.320100784301758,26.334999084472656,26.309999465942383,26.334999084472656,61355
2025-09-25 15:01:00+00:00,26.34000015258789,26.34000015258789,26.325000762939453,26.325000762939453,14204
2025-09-25 15:02:00+00:00,26.299999237060547,26.334999084472656,26.299999237060547,26.334999084472656,15185
2025-09-25 15:03:00+00:00,26.28499984741211,26.30500030517578,26.28499984741211,26.301799774169922,18687
2025-09-25 15:04:00+00:00,26.274999618530273,26.28499984741211,26.260099411010742,26.280000686645508,22731
2025-09-25 15:05:00+00:00,26.270000457763672,26.270099639892578,26.2549991607666,26.270099639892578,47419
2025-09-25 15:06:00+00:00,26.269899368286133,26.270200729370117,26.260000228881836,26.270099639892578,53138
2025-09-25 15:07:00+00:00,26.25,26.268299102783203,26.25,26.264999389648438,19811
2025-09-25 15:08:00+00:00,26.260000228881836,26.260000228881836,26.239999771118164,26.250200271606445,22030
2025-09-25 15:09:00+00:00,26.270000457763672,26.274999618530273,26.2549991607666,26.260000228881836,43936
2025-09-25 15:10:00+00:00,26.2450008392334,26.269899368286133,26.2450008392334,26.260099411010742,20026
2025-09-25 15:11:00+00:00,26.235000610351562,26.2549991607666,26.23189926147461,26.25,26682
2025-09-25 15:12:00+00:00,26.225000381469727,26.229999542236328,26.219999313354492,26.229999542236328,9263
2025-09-25 15:13:00+00:00,26.239900588989258,26.2450008392334,26.225000381469727,26.225000381469727,26708
2025-09-25 15:14:00+00:00,26.2549991607666,26.260000228881836,26.235000610351562,26.235000610351562,29488
2025-09-25 15:15:00+00:00,26.239999771118164,26.280000686645508,26.239999771118164,26.2549991607666,27621
2025-09-25 15:16:00+00:00,26.2450008392334,26.2549991607666,26.239999771118164,26.245899200439453,19020
2025-09-25 15:17:00+00:00,26.238100051879883,26.2450008392334,26.23419952392578,26.2450008392334,33029
2025-09-25 15:18:00+00:00,26.25,26.2549991607666,26.229999542236328,26.239999771118164,39966
2025-09-25 15:19:00+00:00,26.2450008392334,26.260000228881836,26.2450008392334,26.2450008392334,25800
2025-09-25 15:20:00+00:00,26.229999542236328,26.239999771118164,26.225000381469727,26.239999771118164,23743
2025-09-25 15:21:00+00:00,26.209999084472656,26.23509979248047,26.209999084472656,26.225000381469727,18014
2025-09-25 15:22:00+00:00,26.204999923706055,26.219900131225586,26.20009994506836,26.21500015258789,40566
2025-09-25 15:23:00+00:00,26.21500015258789,26.21500015258789,26.204999923706055,26.204999923706055,22816
2025-09-25 15:24:00+00:00,26.219999313354492,26.219999313354492,26.210100173950195,26.215099334716797,22700
2025-09-25 15:25:00+00:00,26.21500015258789,26.225799560546875,26.210100173950195,26.225000381469727,14234
2025-09-25 15:26:00+00:00,26.21500015258789,26.21500015258789,26.200000762939453,26.21179962158203,28218
2025-09-25 15:27:00+00:00,26.200000762939453,26.21500015258789,26.200000762939453,26.21500015258789,28735
2025-09-25 15:28:00+00:00,26.174999237060547,26.19499969482422,26.173099517822266,26.19499969482422,958801
2025-09-25 15:29:00+00:00,26.174999237060547,26.18000030517578,26.170000076293945,26.174999237060547,0
2025-09-25 15:30:00+00:00,26.174999237060547,26.190000534057617,26.170000076293945,26.174999237060547,19226
2025-09-25 15:31:00+00:00,26.170000076293945,26.18000030517578,26.165000915527344,26.174999237060547,13649
2025-09-25 15:32:00+00:00,26.165000915527344,26.17009925842285,26.15999984741211,26.17009925842285,12250
2025-09-25 15:33:00+00:00,26.18000030517578,26.18000030517578,26.149999618530273,26.170000076293945,38287
2025-09-25 15:34:00+00:00,26.165000915527344,26.18000030517578,26.165000915527344,26.174999237060547,30168
2025-09-25 15:35:00+00:00,26.174999237060547,26.18000030517578,26.165000915527344,26.165000915527344,8256
2025-09-25 15:36:00+00:00,26.16200065612793,26.18000030517578,26.15999984741211,26.170000076293945,22381
2025-09-25 15:37:00+00:00,26.139999389648438,26.16990089416504,26.139999389648438,26.165000915527344,17754
2025-09-25 15:38:00+00:00,26.1200008392334,26.139999389648438,26.1200008392334,26.138200759887695,12702
2025-09-25 15:39:00+00:00,26.1299991607666,26.1299991607666,26.1200008392334,26.12190055847168,12870
2025-09-25 15:40:00+00:00,26.139999389648438,26.148300170898438,26.1200008392334,26.1299991607666,35186
2025-09-25 15:41:00+00:00,26.114999771118164,26.1299991607666,26.114999771118164,26.1299991607666,14015
2025-09-25 15:42:00+00:00,26.104999542236328,26.1200008392334,26.104999542236328,26.114999771118164,22730
2025-09-25 15:43:00+00:00,26.104999542236328,26.110000610351562,26.103500366210938,26.104999542236328,29973
2025-09-25 15:44:00+00:00,26.094100952148438,26.1200008392334,26.084999084472656,26.110000610351562,28884
2025-09-25 15:45:00+00:00,26.09000015258789,26.094999313354492,26.0718994140625,26.094999313354492,30038
2025-09-25 15:46:00+00:00,26.094999313354492,26.10919952392578,26.084999084472656,26.094999313354492,49707
2025-09-25 15:47:00+00:00,26.094999313354492,26.099899291992188,26.09000015258789,26.094999313354492,53486
2025-09-25 15:48:00+00:00,26.090299606323242,26.105100631713867,26.090299606323242,26.100000381469727,20809
2025-09-25 15:49:00+00:00,26.098100662231445,26.100000381469727,26.079999923706055,26.09000015258789,92049
2025-09-25 15:50:00+00:00,26.111400604248047,26.115100860595703,26.08449935913086,26.094999313354492,25798
2025-09-25 15:51:00+00:00,26.114999771118164,26.1289005279541,26.11009979248047,26.114999771118164,20766
2025-09-25 15:52:00+00:00,26.10810089111328,26.1200008392334,26.104999542236328,26.11009979248047,46341
2025-09-25 15:53:00+00:00,26.11989974975586,26.1200008392334,26.100000381469727,26.100000381469727,11546
2025-09-25 15:54:00+00:00,26.115100860595703,26.115100860595703,26.104999542236328,26.114999771118164,19333
2025-09-25 15:55:00+00:00,26.114999771118164,26.1200008392334,26.100000381469727,26.117000579833984,22023
2025-09-25 15:56:00+00:00,26.100000381469727,26.117900848388672,26.091800689697266,26.115100860595703,18841
2025-09-25 15:57:00+00:00,26.1200008392334,26.1200008392334,26.104999542236328,26.104999542236328,16556
2025-09-25 15:58:00+00:00,26.104999542236328,26.125,26.104999542236328,26.125,14968
2025-09-25 15:59:00+00:00,26.1200008392334,26.1200008392334,26.109800338745117,26.109800338745117,9342
2025-09-25 16:00:00+00:00,26.1200008392334,26.13800048828125,26.116300582885742,26.125,23277
2025-09-25 16:01:00+00:00,26.140100479125977,26.14859962463379,26.125,26.125,26849
2025-09-25 16:02:00+00:00,26.113500595092773,26.138999938964844,26.104999542236328,26.138999938964844,37458
2025-09-25 16:03:00+00:00,26.1299991607666,26.1299991607666,26.114999771118164,26.114999771118164,73601
2025-09-25 16:04:00+00:00,26.135000228881836,26.135000228881836,26.125,26.135000228881836,26732
2025-09-25 16:05:00+00:00,26.1200008392334,26.139999389648438,26.1200008392334,26.1299991607666,11102
2025-09-25 16:06:00+00:00,26.131900787353516,26.13990020751953,26.125,26.125,9091
2025-09-25 16:07:00+00:00,26.128599166870117,26.139999389648438,26.1200008392334,26.138200759887695,15469
2025-09-25 16:08:00+00:00,26.129899978637695,26.1299991607666,26.1200008392334,26.125499725341797,25829
2025-09-25 16:09:00+00:00,26.135099411010742,26.13990020751953,26.1299991607666,26.1299991607666,18019
2025-09-25 16:10:00+00:00,26.125,26.139999389648438,26.1200008392334,26.139999389648438,9195
2025-09-25 16:11:00+00:00,26.084999084472656,26.125,26.084999084472656,26.1200008392334,27667
2025-09-25 16:12:00+00:00,26.078699111938477,26.09000015258789,26.06999969482422,26.084999084472656,14197
2025-09-25 16:13:00+00:00,26.09000015258789,26.094999313354492,26.075000762939453,26.07830047607422,6523
2025-09-25 16:14:00+00:00,26.07830047607422,26.091800689697266,26.07830047607422,26.091800689697266,12721
2025-09-25 16:15:00+00:00,26.07900047302246,26.084999084472656,26.06999969482422,26.075000762939453,11929
2025-09-25 16:16:00+00:00,26.05500030517578,26.075000762939453,26.05500030517578,26.075000762939453,6700
2025-09-25 16:17:00+00:00,26.040000915527344,26.05500030517578,26.040000915527344,26.05500030517578,18870
2025-09-25 16:18:00+00:00,26.045000076293945,26.046199798583984,26.040000915527344,26.040000915527344,5246
2025-09-25 16:19:00+00:00,26.03350067138672,26.049999237060547,26.03350067138672,26.049999237060547,3394
2025-09-25 16:20:00+00:00,26.030000686645508,26.040000915527344,26.030000686645508,26.03499984741211,39148
2025-09-25 16:21:00+00:00,26.03190040588379,26.038000106811523,26.020000457763672,26.020000457763672,17287
2025-09-25 16:22:00+00:00,26.030000686645508,26.040000915527344,26.030000686645508,26.03660011291504,24946
2025-09-25 16:23:00+00:00,26.03499984741211,26.039899826049805,26.030000686645508,26.030000686645508,9121
2025-09-25 16:24:00+00:00,26.024999618530273,26.039899826049805,26.024999618530273,26.03820037841797,12447
2025-09-25 16:25:00+00:00,26.020000457763672,26.030000686645508,26.020000457763672,26.024999618530273,19909
2025-09-25 16:26:00+00:00,26.0049991607666,26.02989959716797,26.0049991607666,26.02989959716797,21547
2025-09-25 16:27:00+00:00,26.0049991607666,26.009899139404297,26.0,26.0049991607666,61042
2025-09-25 16:28:00+00:00,26.010000228881836,26.019899368286133,26.0049991607666,26.0049991607666,31558
2025-09-25 16:29:00+00:00,26.014999389648438,26.018999099731445,25.9950008392334,26.014999389648438,18534
2025-09-25 16:30:00+00:00,26.039899826049805,26.040000915527344,26.010099411010742,26.010099411010742,15259
2025-09-25 16:31:00+00:00,26.045000076293945,26.059999465942383,26.03499984741211,26.040000915527344,20080
2025-09-25 16:32:00+00:00,26.05500030517578,26.05500030517578,26.03499984741211,26.040000915527344,23073
2025-09-25 16:33:00+00:00,26.05139923095703,26.059999465942383,26.049999237060547,26.059900283813477,13675
2025-09-25 16:34:00+00:00,26.049999237060547,26.065000534057617,26.049999237060547,26.05500030517578,22168
2025-09-25 16:35:00+00:00,26.049999237060547,26.059999465942383,26.049800872802734,26.05500030517578,9990
2025-09-25 16:36:00+00:00,26.045000076293945,26.059900283813477,26.045000076293945,26.05500030517578,4820
2025-09-25 16:37:00+00:00,26.03499984741211,26.048200607299805,26.030000686645508,26.045000076293945,4126
2025-09-25 16:38:00+00:00,26.045000076293945,26.048099517822266,26.03499984741211,26.03499984741211,11060
2025-09-25 16:39:00+00:00,26.031200408935547,26.045799255371094,26.024999618530273,26.045000076293945,17444
2025-09-25 16:40:00+00:00,26.045000076293945,26.04990005493164,26.040000915527344,26.040000915527344,8587
2025-09-25 16:41:00+00:00,26.045000076293945,26.049999237060547,26.045000076293945,26.045000076293945,5666
2025-09-25 16:42:00+00:00,26.045000076293945,26.049999237060547,26.040000915527344,26.045000076293945,5110
2025-09-25 16:43:00+00:00,26.045000076293945,26.048200607299805,26.040000915527344,26.045000076293945,8810
2025-09-25 16:44:00+00:00,26.04010009765625,26.04990005493164,26.03499984741211,26.045000076293945,9349
2025-09-25 16:45:00+00:00,26.040000915527344,26.045000076293945,26.040000915527344,26.045000076293945,5243
2025-09-25 16:46:00+00:00,26.014999389648438,26.03510093688965,26.014999389648438,26.03499984741211,5507
2025-09-25 16:47:00+00:00,26.0,26.015100479125977,25.9950008392334,26.014999389648438,13694
2025-09-25 16:48:00+00:00,25.9950008392334,26.0049991607666,25.989999771118164,26.0049991607666,15649
2025-09-25 16:49:00+00:00,25.975000381469727,25.999900817871094,25.969999313354492,25.9950008392334,10496
2025-09-25 16:50:00+00:00,25.981800079345703,25.989999771118164,25.969999313354492,25.969999313354492,16740
2025-09-25 16:51:00+00:00,25.968799591064453,25.979999542236328,25.954999923706055,25.979999542236328,13200
2025-09-25 16:52:00+00:00,25.975000381469727,25.97559928894043,25.96500015258789,25.96500015258789,4161
2025-09-25 16:53:00+00:00,25.975000381469727,25.975000381469727,25.969999313354492,25.975000381469727,8799
2025-09-25 16:54:00+00:00,25.975000381469727,25.985000610351562,25.969999313354492,25.979999542236328,6325
2025-09-25 16:55:00+00:00,25.959999084472656,25.976499557495117,25.959999084472656,25.975000381469727,8185
2025-09-25 16:56:00+00:00,25.971099853515625,25.975000381469727,25.959999084472656,25.96649932861328,17844
2025-09-25 16:57:00+00:00,25.975000381469727,25.976999282836914,25.971799850463867,25.971799850463867,3666
2025-09-25 16:58:00+00:00,25.96500015258789,25.979999542236328,25.96500015258789,25.975000381469727,10086
2025-09-25 16:59:00+00:00,25.954999923706055,25.96500015258789,25.950000762939453,25.959999084472656,21362
2025-09-25 17:00:00+00:00,25.96500015258789,25.96500015258789,25.95330047607422,25.954999923706055,8587
2025-09-25 17:01:00+00:00,25.93000030517578,25.961200714111328,25.93000030517578,25.961200714111328,21947
2025-09-25 17:02:00+00:00,25.93000030517578,25.939899444580078,25.924999237060547,25.93090057373047,20644
2025-09-25 17:03:00+00:00,25.9281005859375,25.934999465942383,25.920000076293945,25.934999465942383,19456
2025-09-25 17:04:00+00:00,25.934999465942383,25.934999465942383,25.90999984741211,25.920000076293945,25450
2025-09-25 17:05:00+00:00,25.93000030517578,25.939800262451172,25.924999237060547,25.934999465942383,31966
2025-09-25 17:06:00+00:00,25.915000915527344,25.93000030517578,25.915000915527344,25.924999237060547,35924
2025-09-25 17:07:00+00:00,25.921899795532227,25.921899795532227,25.90999984741211,25.915000915527344,24725
2025-09-25 17:08:00+00:00,25.934999465942383,25.938100814819336,25.924999237060547,25.924999237060547,18879
2025-09-25 17:09:00+00:00,25.931499481201172,25.940000534057617,25.93000030517578,25.93000030517578,9127
2025-09-25 17:10:00+00:00,25.923500061035156,25.934999465942383,25.923500061035156,25.931299209594727,11502
2025-09-25 17:11:00+00:00,25.9281005859375,25.93000030517578,25.920000076293945,25.924999237060547,25114
2025-09-25 17:12:00+00:00,25.93000030517578,25.93000030517578,25.920000076293945,25.924999237060547,14959
2025-09-25 17:13:00+00:00,25.950000762939453,25.954999923706055,25.934999465942383,25.939899444580078,16170
2025-09-25 17:14:00+00:00,25.976499557495117,25.978099822998047,25.950000762939453,25.950000762939453,22567
2025-09-25 17:15:00+00:00,25.939699172973633,25.979900360107422,25.939699172973633,25.979900360107422,9392
2025-09-25 17:16:00+00:00,25.920000076293945,25.934999465942383,25.915000915527344,25.9330997467041,16269
2025-09-25 17:17:00+00:00,25.93630027770996,25.940000534057617,25.924999237060547,25.92650032043457,10068
2025-09-25 17:18:00+00:00,25.93000030517578,25.939899444580078,25.93000030517578,25.939899444580078,7170
2025-09-25 17:19:00+00:00,25.93000030517578,25.934999465942383,25.920000076293945,25.924999237060547,11497
2025-09-25 17:20:00+00:00,25.905000686645508,25.920000076293945,25.899999618530273,25.920000076293945,16881
2025-09-25 17:21:00+00:00,25.915000915527344,25.920000076293945,25.899999618530273,25.899999618530273,16498
2025-09-25 17:22:00+00:00,25.895000457763672,25.90999984741211,25.89069938659668,25.90999984741211,9728
2025-09-25 17:23:00+00:00,25.900100708007812,25.90999984741211,25.895000457763672,25.895000457763672,2827
2025-09-25 17:24:00+00:00,25.905000686645508,25.90999984741211,25.899999618530273,25.905000686645508,3580
2025-09-25 17:25:00+00:00,25.899999618530273,25.905000686645508,25.8799991607666,25.899999618530273,29669
2025-09-25 17:26:00+00:00,25.885000228881836,25.905000686645508,25.884899139404297,25.905000686645508,11803
2025-09-25 17:27:00+00:00,25.885000228881836,25.88990020751953,25.8799991607666,25.88330078125,10589
2025-09-25 17:28:00+00:00,25.890100479125977,25.895000457763672,25.887699127197266,25.889999389648438,8916
2025-09-25 17:29:00+00:00,25.88990020751953,25.899900436401367,25.8799991607666,25.897600173950195,19572
2025-09-25 17:30:00+00:00,25.889999389648438,25.905000686645508,25.8700008392334,25.885000228881836,35501
2025-09-25 17:31:00+00:00,25.895000457763672,25.899900436401367,25.890100479125977,25.8981990814209,8963
2025-09-25 17:32:00+00:00,25.860000610351562,25.889999389648438,25.860000610351562,25.889999389648438,20010
2025-09-25 17:33:00+00:00,25.86989974975586,25.879899978637695,25.864999771118164,25.86989974975586,14895
2025-09-25 17:34:00+00:00,25.875,25.875,25.860700607299805,25.864999771118164,7973
2025-09-25 17:35:00+00:00,25.877199172973633,25.877199172973633,25.864999771118164,25.875,9388
2025-09-25 17:36:00+00:00,25.864999771118164,25.87820053100586,25.861799240112305,25.87820053100586,10773
2025-09-25 17:37:00+00:00,25.860000610351562,25.86989974975586,25.860000610351562,25.864999771118164,10655
2025-09-25 17:38:00+00:00,25.844999313354492,25.864999771118164,25.84000015258789,25.864999771118164,17549
2025-09-25 17:39:00+00:00,25.84000015258789,25.850000381469727,25.829999923706055,25.84000015258789,12184
2025-09-25 17:40:00+00:00,25.825000762939453,25.84000015258789,25.81999969482422,25.84000015258789,17533
2025-09-25 17:41:00+00:00,25.820100784301758,25.82990074157715,25.815000534057617,25.81999969482422,32584
2025-09-25 17:42:00+00:00,25.834999084472656,25.838199615478516,25.82990074157715,25.82990074157715,12922
2025-09-25 17:43:00+00:00,25.842199325561523,25.844999313354492,25.834999084472656,25.835500717163086,13713
2025-09-25 17:44:00+00:00,25.851499557495117,25.860000610351562,25.850000381469727,25.850000381469727,17704
2025-09-25 17:45:00+00:00,25.834999084472656,25.860000610351562,25.829999923706055,25.860000610351562,16610
2025-09-25 17:46:00+00:00,25.825000762939453,25.834999084472656,25.81999969482422,25.834999084472656,12279
2025-09-25 17:47:00+00:00,25.829999923706055,25.829999923706055,25.81450080871582,25.825000762939453,24203
2025-09-25 17:48:00+00:00,25.828399658203125,25.834999084472656,25.82200050354004,25.834999084472656,6489
2025-09-25 17:49:00+00:00,25.825000762939453,25.834999084472656,25.81999969482422,25.829999923706055,8169
2025-09-25 17:50:00+00:00,25.815000534057617,25.829999923706055,25.815000534057617,25.829999923706055,6791
2025-09-25 17:51:00+00:00,25.80500030517578,25.815000534057617,25.80500030517578,25.810100555419922,7469
2025-09-25 17:52:00+00:00,25.790000915527344,25.809999465942383,25.790000915527344,25.80500030517578,1858369
2025-09-25 17:53:00+00:00,25.80500030517578,25.809900283813477,25.795000076293945,25.795000076293945,0
2025-09-25 17:54:00+00:00,25.798500061035156,25.80500030517578,25.795000076293945,25.80500030517578,10219
2025-09-25 17:55:00+00:00,25.80500030517578,25.809999465942383,25.790000915527344,25.795000076293945,26701
2025-09-25 17:56:00+00:00,25.815000534057617,25.81999969482422,25.799999237060547,25.80579948425293,11067
2025-09-25 17:57:00+00:00,25.81999969482422,25.825000762939453,25.813100814819336,25.815000534057617,16167
2025-09-25 17:58:00+00:00,25.81999969482422,25.825000762939453,25.80500030517578,25.819799423217773,27777
2025-09-25 17:59:00+00:00,25.81999969482422,25.82900047302246,25.809999465942383,25.825000762939453,10498
2025-09-25 18:00:00+00:00,25.84000015258789,25.84000015258789,25.809999465942383,25.809999465942383,33173
2025-09-25 18:01:00+00:00,25.84000015258789,25.844999313354492,25.825000762939453,25.844999313354492,12607
2025-09-25 18:02:00+00:00,25.850000381469727,25.850000381469727,25.829999923706055,25.83810043334961,19923
2025-09-25 18:03:00+00:00,25.875,25.8799991607666,25.850000381469727,25.850000381469727,42688
2025-09-25 18:04:00+00:00,25.87980079650879,25.87980079650879,25.864999771118164,25.875,11565
2025-09-25 18:05:00+00:00,25.854999542236328,25.879899978637695,25.850000381469727,25.879899978637695,16727
2025-09-25 18:06:00+00:00,25.829999923706055,25.854999542236328,25.829999923706055,25.850000381469727,17545
2025-09-25 18:07:00+00:00,25.825000762939453,25.829999923706055,25.815000534057617,25.829999923706055,10798
2025-09-25 18:08:00+00:00,25.844999313354492,25.860000610351562,25.825000762939453,25.825000762939453,27154
2025-09-25 18:09:00+00:00,25.834999084472656,25.849899291992188,25.829999923706055,25.846500396728516,6880
2025-09-25 18:10:00+00:00,25.809999465942383,25.834999084472656,25.809999465942383,25.834999084472656,28593
2025-09-25 18:11:00+00:00,25.825000762939453,25.829999923706055,25.815000534057617,25.815000534057617,7164
2025-09-25 18:12:00+00:00,25.829999923706055,25.83810043334961,25.825000762939453,25.82990074157715,18780
2025-09-25 18:13:00+00:00,25.850000381469727,25.850000381469727,25.834999084472656,25.834999084472656,11060
2025-09-25 18:14:00+00:00,25.84749984741211,25.854999542236328,25.844999313354492,25.850000381469727,5095
2025-09-25 18:15:00+00:00,25.864999771118164,25.86989974975586,25.8435001373291,25.849899291992188,12633
2025-09-25 18:16:00+00:00,25.888200759887695,25.889999389648438,25.863500595092773,25.869300842285156,13906
2025-09-25 18:17:00+00:00,25.8799991607666,25.889999389648438,25.875,25.885099411010742,19334
2025-09-25 18:18:00+00:00,25.905000686645508,25.909900665283203,25.889999389648438,25.889999389648438,7699
2025-09-25 18:19:00+00:00,25.885000228881836,25.905000686645508,25.885000228881836,25.905000686645508,13588
2025-09-25 18:20:00+00:00,25.860000610351562,25.885000228881836,25.860000610351562,25.885000228881836,40734
2025-09-25 18:21:00+00:00,25.875,25.875,25.860000610351562,25.860000610351562,3629
2025-09-25 18:22:00+00:00,25.895000457763672,25.899900436401367,25.8700008392334,25.879899978637695,8324
2025-09-25 18:23:00+00:00,25.895000457763672,25.899999618530273,25.895000457763672,25.899999618530273,9681
2025-09-25 18:24:00+00:00,25.904499053955078,25.90999984741211,25.889999389648438,25.889999389648438,5635
2025-09-25 18:25:00+00:00,25.905000686645508,25.908899307250977,25.899999618530273,25.899999618530273,16625
2025-09-25 18:26:00+00:00,25.905000686645508,25.920000076293945,25.905000686645508,25.909900665283203,15340
2025-09-25 18:27:00+00:00,25.885000228881836,25.899999618530273,25.8799991607666,25.899999618530273,22713
2025-09-25 18:28:00+00:00,25.905000686645508,25.905000686645508,25.885000228881836,25.885000228881836,13717
2025-09-25 18:29:00+00:00,25.905000686645508,25.90999984741211,25.899999618530273,25.90180015563965,4592
2025-09-25 18:30:00+00:00,25.905000686645508,25.909900665283203,25.899999618530273,25.905000686645508,12433
2025-09-25 18:31:00+00:00,25.93000030517578,25.93000030517578,25.899999618530273,25.899999618530273,21531
2025-09-25 18:32:00+00:00,25.924999237060547,25.934999465942383,25.920000076293945,25.924999237060547,24019
2025-09-25 18:33:00+00:00,25.929899215698242,25.929899215698242,25.92009925842285,25.929899215698242,20413
2025-09-25 18:34:00+00:00,25.924999237060547,25.93000030517578,25.924100875854492,25.924999237060547,13115
2025-09-25 18:35:00+00:00,25.905000686645508,25.924999237060547,25.899999618530273,25.924999237060547,30430
2025-09-25 18:36:00+00:00,25.905000686645508,25.905000686645508,25.889999389648438,25.899999618530273,6719
2025-09-25 18:37:00+00:00,25.905000686645508,25.924999237060547,25.905000686645508,25.90999984741211,15282
2025-09-25 18:38:00+00:00,25.905000686645508,25.90999984741211,25.900100708007812,25.905399322509766,10149
2025-09-25 18:39:00+00:00,25.895000457763672,25.90999984741211,25.895000457763672,25.905000686645508,15282
2025-09-25 18:40:00+00:00,25.905000686645508,25.90850067138672,25.889999389648438,25.889999389648438,13951
2025-09-25 18:41:00+00:00,25.895000457763672,25.909900665283203,25.895000457763672,25.904300689697266,13026
2025-09-25 18:42:00+00:00,25.885000228881836,25.89940071105957,25.8799991607666,25.895000457763672,23681
2025-09-25 18:43:00+00:00,25.889999389648438,25.899900436401367,25.884199142456055,25.885000228881836,30420
2025-09-25 18:44:00+00:00,25.90999984741211,25.90999984741211,25.895000457763672,25.899999618530273,17020
2025-09-25 18:45:00+00:00,25.909900665283203,25.920000076293945,25.909900665283203,25.90999984741211,15404
2025-09-25 18:46:00+00:00,25.885000228881836,25.915000915527344,25.8799991607666,25.904499053955078,36733
2025-09-25 18:47:00+00:00,25.894500732421875,25.899999618530273,25.881900787353516,25.88680076599121,15400
2025-09-25 18:48:00+00:00,25.905000686645508,25.909900665283203,25.895000457763672,25.895000457763672,8151
2025-09-25 18:49:00+00:00,25.905000686645508,25.91510009765625,25.900100708007812,25.90999984741211,17502
2025-09-25 18:50:00+00:00,25.885000228881836,25.905000686645508,25.885000228881836,25.905000686645508,31529
2025-09-25 18:51:00+00:00,25.895000457763672,25.899900436401367,25.88010025024414,25.885000228881836,10513
2025-09-25 18:52:00+00:00,25.885000228881836,25.895099639892578,25.8799991607666,25.895000457763672,28045
2025-09-25 18:53:00+00:00,25.886600494384766,25.886600494384766,25.875,25.885000228881836,17413
2025-09-25 18:54:00+00:00,25.864999771118164,25.88990020751953,25.864999771118164,25.885000228881836,15076
2025-09-25 18:55:00+00:00,25.875,25.8799991607666,25.864999771118164,25.86870002746582,39443
2025-09-25 18:56:00+00:00,25.870100021362305,25.879899978637695,25.864999771118164,25.875,36054
2025-09-25 18:57:00+00:00,25.860000610351562,25.875,25.860000610351562,25.875,30659
2025-09-25 18:58:00+00:00,25.870100021362305,25.875,25.862499237060547,25.864900588989258,11753
2025-09-25 18:59:00+00:00,25.871700286865234,25.8799991607666,25.864999771118164,25.875,22848
2025-09-25 19:00:00+00:00,25.886199951171875,25.889999389648438,25.864999771118164,25.875,18200
2025-09-25 19:01:00+00:00,25.864999771118164,25.885000228881836,25.860000610351562,25.885000228881836,10293
2025-09-25 19:02:00+00:00,25.854999542236328,25.8700008392334,25.850000381469727,25.864999771118164,4896
2025-09-25 19:03:00+00:00,25.854999542236328,25.860000610351562,25.84000015258789,25.850000381469727,40006
2025-09-25 19:04:00+00:00,25.844999313354492,25.860000610351562,25.844999313354492,25.85449981689453,10929
2025-09-25 19:05:00+00:00,25.854999542236328,25.860000610351562,25.829999923706055,25.84000015258789,27525
2025-09-25 19:06:00+00:00,25.850000381469727,25.856700897216797,25.84000015258789,25.854999542236328,13927
2025-09-25 19:07:00+00:00,25.844999313354492,25.850000381469727,25.84000015258789,25.850000381469727,13880
2025-09-25 19:08:00+00:00,25.829999923706055,25.850000381469727,25.81999969482422,25.850000381469727,19127
2025-09-25 19:09:00+00:00,25.829999923706055,25.83989906311035,25.829999923706055,25.834999084472656,17526
2025-09-25 19:10:00+00:00,25.834999084472656,25.83989906311035,25.81999969482422,25.83009910583496,20280
2025-09-25 19:11:00+00:00,25.834999084472656,25.84000015258789,25.829999923706055,25.834999084472656,12367
2025-09-25 19:12:00+00:00,25.83989906311035,25.84000015258789,25.829999923706055,25.834999084472656,8424
2025-09-25 19:13:00+00:00,25.837900161743164,25.84000015258789,25.829999923706055,25.829999923706055,13277
2025-09-25 19:14:00+00:00,25.810100555419922,25.834999084472656,25.809999465942383,25.834999084472656,11378
2025-09-25 19:15:00+00:00,25.815000534057617,25.819900512695312,25.809999465942383,25.815000534057617,20362
2025-09-25 19:16:00+00:00,25.81999969482422,25.829999923706055,25.809999465942383,25.815000534057617,46522
2025-09-25 19:17:00+00:00,25.795000076293945,25.825000762939453,25.790000915527344,25.825000762939453,27798
2025-09-25 19:18:00+00:00,25.80500030517578,25.815099716186523,25.795000076293945,25.795000076293945,36718
2025-09-25 19:19:00+00:00,25.80500030517578,25.809900283813477,25.795000076293945,25.809900283813477,29883
2025-09-25 19:20:00+00:00,25.80500030517578,25.807600021362305,25.799999237060547,25.80500030517578,4608
2025-09-25 19:21:00+00:00,25.80190086364746,25.809999465942383,25.799999237060547,25.80500030517578,6909
2025-09-25 19:22:00+00:00,25.80500030517578,25.809900283813477,25.799999237060547,25.80500030517578,6796
2025-09-25 19:23:00+00:00,25.795000076293945,25.80500030517578,25.795000076293945,25.80500030517578,15310
2025-09-25 19:24:00+00:00,25.809999465942383,25.809999465942383,25.795000076293945,25.795000076293945,13329
2025-09-25 19:25:00+00:00,25.795000076293945,25.80500030517578,25.790000915527344,25.799999237060547,19440
2025-09-25 19:26:00+00:00,25.80500030517578,25.809900283813477,25.795000076293945,25.795000076293945,18298
2025-09-25 19:27:00+00:00,25.809099197387695,25.809999465942383,25.799999237060547,25.80500030517578,21460
2025-09-25 19:28:00+00:00,25.78499984741211,25.8080997467041,25.78499984741211,25.8080997467041,31797
2025-09-25 19:29:00+00:00,25.795000076293945,25.799999237060547,25.780000686645508,25.789899826049805,61964
2025-09-25 19:30:00+00:00,25.815000534057617,25.81999969482422,25.798900604248047,25.798900604248047,70087
2025-09-25 19:31:00+00:00,25.815000534057617,25.84000015258789,25.809999465942383,25.81999969482422,75825
2025-09-25 19:32:00+00:00,25.815000534057617,25.81999969482422,25.809999465942383,25.815000534057617,16506
2025-09-25 19:33:00+00:00,25.81730079650879,25.81999969482422,25.809999465942383,25.809999465942383,16441
2025-09-25 19:34:00+00:00,25.795000076293945,25.809999465942383,25.790000915527344,25.809999465942383,32978
2025-09-25 19:35:00+00:00,25.795000076293945,25.799999237060547,25.790000915527344,25.795000076293945,12761
2025-09-25 19:36:00+00:00,25.774999618530273,25.795000076293945,25.770000457763672,25.795000076293945,42126
2025-09-25 19:37:00+00:00,25.780000686645508,25.78499984741211,25.774999618530273,25.774999618530273,12125
2025-09-25 19:38:00+00:00,25.78499984741211,25.79509925842285,25.780000686645508,25.78499984741211,28479
2025-09-25 19:39:00+00:00,25.82990074157715,25.82990074157715,25.780000686645508,25.78499984741211,38092
2025-09-25 19:40:00+00:00,25.809999465942383,25.82509994506836,25.809999465942383,25.825000762939453,36169
2025-09-25 19:41:00+00:00,25.795000076293945,25.819900512695312,25.784900665283203,25.815000534057617,57248
2025-09-25 19:42:00+00:00,25.795000076293945,25.80500030517578,25.790000915527344,25.794200897216797,36520
2025-09-25 19:43:00+00:00,25.795000076293945,25.799999237060547,25.790000915527344,25.795000076293945,27140
2025-09-25 19:44:00+00:00,25.787900924682617,25.799999237060547,25.78499984741211,25.799999237060547,19805
2025-09-25 19:45:00+00:00,25.795000076293945,25.799999237060547,25.78499984741211,25.78499984741211,25995
2025-09-25 19:46:00+00:00,25.78499984741211,25.790000915527344,25.780000686645508,25.790000915527344,35698
2025-09-25 19:47:00+00:00,25.790000915527344,25.790000915527344,25.780000686645508,25.790000915527344,37812
2025-09-25 19:48:00+00:00,25.790000915527344,25.79509925842285,25.780000686645508,25.790000915527344,46511
2025-09-25 19:49:00+00:00,25.795000076293945,25.799999237060547,25.780000686645508,25.784000396728516,23828
2025-09-25 19:50:00+00:00,25.774999618530273,25.80500030517578,25.774999618530273,25.795000076293945,46518
2025-09-25 19:51:00+00:00,25.774999618530273,25.780000686645508,25.770000457763672,25.774999618530273,46179
2025-09-25 19:52:00+00:00,25.7721004486084,25.780000686645508,25.770000457763672,25.770000457763672,25552
2025-09-25 19:53:00+00:00,25.774999618530273,25.780000686645508,25.770000457763672,25.774999618530273,35031
2025-09-25 19:54:00+00:00,25.809999465942383,25.809999465942383,25.770000457763672,25.774999618530273,78772
2025-09-25 19:55:00+00:00,25.815000534057617,25.815000534057617,25.780000686645508,25.809999465942383,164560
2025-09-25 19:56:00+00:00,25.80500030517578,25.815000534057617,25.799999237060547,25.809999465942383,111481
2025-09-25 19:57:00+00:00,25.795000076293945,25.8075008392334,25.792600631713867,25.80500030517578,80442
2025-09-25 19:58:00+00:00,25.799999237060547,25.809999465942383,25.790000915527344,25.795000076293945,156029
2025-09-25 19:59:00+00:00,25.80500030517578,25.81999969482422,25.795000076293945,25.795000076293945,3301052
2025-09-26 13:30:00+00:00,25.8700008392334,25.8799991607666,25.829999923706055,25.829999923706055,202290
2025-09-26 13:31:00+00:00,25.895000457763672,25.93000030517578,25.86009979248047,25.86009979248047,37687
2025-09-26 13:32:00+00:00,25.908300399780273,25.93000030517578,25.869800567626953,25.8799991607666,27088
2025-09-26 13:33:00+00:00,25.879899978637695,25.954999923706055,25.875,25.90999984741211,27246
2025-09-26 13:34:00+00:00,25.899999618530273,25.934999465942383,25.8799991607666,25.8799991607666,16086
2025-09-26 13:35:00+00:00,25.885000228881836,25.899999618530273,25.8700008392334,25.899999618530273,8747
2025-09-26 13:36:00+00:00,25.8700008392334,25.895000457763672,25.86009979248047,25.889999389648438,6007
2025-09-26 13:37:00+00:00,25.834999084472656,25.864999771118164,25.83099937438965,25.864999771118164,16602
2025-09-26 13:38:00+00:00,25.825000762939453,25.834999084472656,25.81999969482422,25.834999084472656,17712
2025-09-26 13:39:00+00:00,25.864999771118164,25.8700008392334,25.829999923706055,25.829999923706055,18148
2025-09-26 13:40:00+00:00,25.899700164794922,25.899999618530273,25.864999771118164,25.8700008392334,15570
2025-09-26 13:41:00+00:00,25.885000228881836,25.899999618530273,25.8799991607666,25.895000457763672,13331
2025-09-26 13:42:00+00:00,25.899999618530273,25.905000686645508,25.875,25.889999389648438,6551
2025-09-26 13:43:00+00:00,25.915000915527344,25.915000915527344,25.889999389648438,25.899900436401367,11017
2025-09-26 13:44:00+00:00,25.915000915527344,25.915000915527344,25.889999389648438,25.90999984741211,11388
2025-09-26 13:45:00+00:00,25.915000915527344,25.924999237060547,25.895000457763672,25.90999984741211,30072
2025-09-26 13:46:00+00:00,25.91010093688965,25.93000030517578,25.8799991607666,25.90999984741211,20311
2025-09-26 13:47:00+00:00,25.969999313354492,25.97010040283203,25.915000915527344,25.915000915527344,19720
2025-09-26 13:48:00+00:00,25.97010040283203,25.989999771118164,25.959999084472656,25.96500015258789,31326
2025-09-26 13:49:00+00:00,25.949899673461914,25.969999313354492,25.949899673461914,25.969999313354492,10935
2025-09-26 13:50:00+00:00,25.905000686645508,25.94499969482422,25.899999618530273,25.94499969482422,18221
2025-09-26 13:51:00+00:00,25.924999237060547,25.934999465942383,25.905000686645508,25.90999984741211,11394
2025-09-26 13:52:00+00:00,25.915000915527344,25.930999755859375,25.915000915527344,25.924999237060547,11622
2025-09-26 13:53:00+00:00,25.934999465942383,25.935100555419922,25.915000915527344,25.920000076293945,25038
2025-09-26 13:54:00+00:00,25.954999923706055,25.95509910583496,25.934999465942383,25.934999465942383,16982
2025-09-26 13:55:00+00:00,25.951000213623047,25.95989990234375,25.94499969482422,25.95989990234375,5626
2025-09-26 13:56:00+00:00,25.934999465942383,25.950000762939453,25.93000030517578,25.950000762939453,26383
2025-09-26 13:57:00+00:00,25.924999237060547,25.938100814819336,25.92099952697754,25.938100814819336,16345
2025-09-26 13:58:00+00:00,25.937400817871094,25.94499969482422,25.924999237060547,25.924999237060547,14892
2025-09-26 13:59:00+00:00,25.940000534057617,25.94499969482422,25.933500289916992,25.934999465942383,7551
2025-09-26 14:00:00+00:00,25.934999465942383,25.94499969482422,25.93000030517578,25.93000030517578,21014
2025-09-26 14:01:00+00:00,25.924999237060547,25.93000030517578,25.915000915527344,25.93000030517578,23294
2025-09-26 14:02:00+00:00,25.924999237060547,25.93000030517578,25.91010093688965,25.924999237060547,28960
2025-09-26 14:03:00+00:00,25.934999465942383,25.935100555419922,25.920000076293945,25.924999237060547,24590
2025-09-26 14:04:00+00:00,25.934999465942383,25.94499969482422,25.930099487304688,25.939899444580078,25631
2025-09-26 14:05:00+00:00,25.954999923706055,25.969999313354492,25.930099487304688,25.934999465942383,47342
2025-09-26 14:06:00+00:00,25.96500015258789,25.96500015258789,25.940200805664062,25.954999923706055,18697
2025-09-26 14:07:00+00:00,25.96500015258789,25.966100692749023,25.953500747680664,25.96500015258789,16912
2025-09-26 14:08:00+00:00,25.934999465942383,25.96649932861328,25.934999465942383,25.960100173950195,9996
2025-09-26 14:09:00+00:00,25.94499969482422,25.946500778198242,25.920000076293945,25.934999465942383,21148
2025-09-26 14:10:00+00:00,25.940000534057617,25.94499969482422,25.934999465942383,25.94499969482422,7720
2025-09-26 14:11:00+00:00,25.969999313354492,25.969999313354492,25.940099716186523,25.94499969482422,21017
2025-09-26 14:12:00+00:00,25.969999313354492,25.979999542236328,25.96500015258789,25.975000381469727,26358
2025-09-26 14:13:00+00:00,25.97010040283203,25.989999771118164,25.969999313354492,25.975000381469727,30636
2025-09-26 14:14:00+00:00,25.975000381469727,25.975000381469727,25.96500015258789,25.975000381469727,17584
2025-09-26 14:15:00+00:00,25.94499969482422,25.975000381469727,25.940000534057617,25.975000381469727,21968
2025-09-26 14:16:00+00:00,25.93000030517578,25.949899673461914,25.923900604248047,25.94499969482422,29956
2025-09-26 14:17:00+00:00,25.960100173950195,25.96500015258789,25.934999465942383,25.934999465942383,12459
2025-09-26 14:18:00+00:00,25.96500015258789,25.969999313354492,25.950000762939453,25.960100173950195,38691
2025-09-26 14:19:00+00:00,25.975000381469727,25.98509979248047,25.975000381469727,25.975000381469727,11884
2025-09-26 14:20:00+00:00,25.985000610351562,25.985000610351562,25.96500015258789,25.975000381469727,36421
2025-09-26 14:21:00+00:00,25.98509979248047,25.989999771118164,25.979999542236328,25.985000610351562,28167
2025-09-26 14:22:00+00:00,25.985000610351562,25.989999771118164,25.985000610351562,25.985000610351562,6581
2025-09-26 14:23:00+00:00,25.9950008392334,26.0,25.985000610351562,25.985000610351562,19150
2025-09-26 14:24:00+00:00,26.0049991607666,26.0049991607666,25.985000610351562,25.989999771118164,18410
2025-09-26 14:25:00+00:00,26.00510025024414,26.010000228881836,25.985000610351562,26.001800537109375,18218
2025-09-26 14:26:00+00:00,26.014999389648438,26.020000457763672,25.979999542236328,26.0049991607666,63946
2025-09-26 14:27:00+00:00,26.030000686645508,26.030000686645508,26.0049991607666,26.010099411010742,51876
2025-09-26 14:28:00+00:00,26.045000076293945,26.059999465942383,26.03499984741211,26.03499984741211,15360
2025-09-26 14:29:00+00:00,26.03499984741211,26.045000076293945,26.03499984741211,26.04010009765625,17359
2025-09-26 14:30:00+00:00,26.05500030517578,26.05500030517578,26.030099868774414,26.040000915527344,25927
2025-09-26 14:31:00+00:00,26.032499313354492,26.058700561523438,26.030000686645508,26.058700561523438,26993
2025-09-26 14:32:00+00:00,26.075000762939453,26.075000762939453,26.032499313354492,26.039899826049805,26934
2025-09-26 14:33:00+00:00,26.084999084472656,26.084999084472656,26.065000534057617,26.075000762939453,18348
2025-09-26 14:34:00+00:00,26.114999771118164,26.1200008392334,26.08989906311035,26.08989906311035,47189
2025-09-26 14:35:00+00:00,26.084999084472656,26.1200008392334,26.082700729370117,26.114999771118164,31558
2025-09-26 14:36:00+00:00,26.09000015258789,26.100000381469727,26.08009910583496,26.084999084472656,19115
2025-09-26 14:37:00+00:00,26.075000762939453,26.09749984741211,26.070100784301758,26.094999313354492,21293
2025-09-26 14:38:00+00:00,26.065000534057617,26.075000762939453,26.065000534057617,26.075000762939453,26344
2025-09-26 14:39:00+00:00,26.065000534057617,26.068700790405273,26.05500030517578,26.065000534057617,19984
2025-09-26 14:40:00+00:00,26.05500030517578,26.06999969482422,26.05500030517578,26.065000534057617,14212
2025-09-26 14:41:00+00:00,26.065000534057617,26.065000534057617,26.049999237060547,26.05500030517578,7068
2025-09-26 14:42:00+00:00,26.07990074157715,26.079999923706055,26.060100555419922,26.065500259399414,18667
2025-09-26 14:43:00+00:00,26.084999084472656,26.094999313354492,26.079999923706055,26.079999923706055,19880
2025-09-26 14:44:00+00:00,26.075000762939453,26.09000015258789,26.075000762939453,26.084999084472656,14757
2025-09-26 14:45:00+00:00,26.06999969482422,26.094999313354492,26.06999969482422,26.079999923706055,17440
2025-09-26 14:46:00+00:00,26.05500030517578,26.065000534057617,26.05500030517578,26.065000534057617,17349
2025-09-26 14:47:00+00:00,26.075000762939453,26.075000762939453,26.05500030517578,26.05500030517578,19575
2025-09-26 14:48:00+00:00,26.065000534057617,26.075000762939453,26.05500030517578,26.071800231933594,26691
2025-09-26 14:49:00+00:00,26.05500030517578,26.079999923706055,26.05500030517578,26.065000534057617,60000
2025-09-26 14:50:00+00:00,26.060100555419922,26.06999969482422,26.05500030517578,26.05970001220703,35161
2025-09-26 14:51:00+00:00,26.065000534057617,26.07990074157715,26.049999237060547,26.065000534057617,58600
2025-09-26 14:52:00+00:00,26.075000762939453,26.07509994506836,26.063800811767578,26.06999969482422,28910
2025-09-26 14:53:00+00:00,26.059900283813477,26.077499389648438,26.05430030822754,26.077499389648438,34808
2025-09-26 14:54:00+00:00,26.045000076293945,26.055099487304688,26.040000915527344,26.05500030517578,12171
2025-09-26 14:55:00+00:00,26.065000534057617,26.065000534057617,26.045000076293945,26.045700073242188,27641
2025-09-26 14:56:00+00:00,26.065000534057617,26.06999969482422,26.060100555419922,26.065000534057617,29415
2025-09-26 14:57:00+00:00,26.104999542236328,26.104999542236328,26.063800811767578,26.065000534057617,83330
2025-09-26 14:58:00+00:00,26.075000762939453,26.104999542236328,26.075000762939453,26.104999542236328,13164
2025-09-26 14:59:00+00:00,26.075000762939453,26.09510040283203,26.06999969482422,26.075000762939453,15073
2025-09-26 15:00:00+00:00,26.045000076293945,26.06999969482422,26.03499984741211,26.06999969482422,33739
2025-09-26 15:01:00+00:00,26.045000076293945,26.059900283813477,26.040000915527344,26.040000915527344,19423
2025-09-26 15:02:00+00:00,26.055099487304688,26.055099487304688,26.040000915527344,26.040000915527344,35416
2025-09-26 15:03:00+00:00,26.03569984436035,26.059999465942383,26.03499984741211,26.05500030517578,35469
2025-09-26 15:04:00+00:00,26.033899307250977,26.045000076293945,26.024999618530273,26.040000915527344,38298
2025-09-26 15:05:00+00:00,26.024999618530273,26.037200927734375,26.020000457763672,26.037200927734375,40509
2025-09-26 15:06:00+00:00,26.03499984741211,26.03499984741211,26.020000457763672,26.024999618530273,9084
2025-09-26 15:07:00+00:00,26.03499984741211,26.040000915527344,26.03499984741211,26.03499984741211,3089
2025-09-26 15:08:00+00:00,26.03499984741211,26.03499984741211,26.024999618530273,26.030000686645508,6243
2025-09-26 15:09:00+00:00,26.014999389648438,26.040000915527344,26.014999389648438,26.03499984741211,6115
2025-09-26 15:10:00+00:00,26.024999618530273,26.025800704956055,26.020000457763672,26.020000457763672,7789
2025-09-26 15:11:00+00:00,26.030000686645508,26.03499984741211,26.014999389648438,26.024999618530273,18054
2025-09-26 15:12:00+00:00,26.03499984741211,26.040000915527344,26.030000686645508,26.030000686645508,10213
2025-09-26 15:13:00+00:00,26.03499984741211,26.045000076293945,26.03499984741211,26.040000915527344,4397
2025-09-26 15:14:00+00:00,26.028200149536133,26.03499984741211,26.014999389648438,26.03499984741211,19950
2025-09-26 15:15:00+00:00,26.02989959716797,26.030000686645508,26.014999389648438,26.021900177001953,16067
2025-09-26 15:16:00+00:00,26.024999618530273,26.027799606323242,26.02090072631836,26.02429962158203,10119
2025-09-26 15:17:00+00:00,26.014999389648438,26.020000457763672,26.010000228881836,26.020000457763672,25846
2025-09-26 15:18:00+00:00,26.0049991607666,26.014999389648438,26.0049991607666,26.010000228881836,7811
2025-09-26 15:19:00+00:00,26.0049991607666,26.005699157714844,26.0,26.0,14795
2025-09-26 15:20:00+00:00,25.975000381469727,26.009899139404297,25.97010040283203,26.009899139404297,22662
2025-09-26 15:21:00+00:00,26.0049991607666,26.0049991607666,25.974300384521484,25.975000381469727,805125
2025-09-26 15:22:00+00:00,25.985000610351562,26.0049991607666,25.98430061340332,26.0049991607666,0
2025-09-26 15:23:00+00:00,25.975000381469727,25.989900588989258,25.969999313354492,25.989900588989258,3277
2025-09-26 15:24:00+00:00,25.96500015258789,25.97010040283203,25.959999084472656,25.97010040283203,12542
2025-09-26 15:25:00+00:00,25.985000610351562,25.989999771118164,25.96500015258789,25.96500015258789,32543
2025-09-26 15:26:00+00:00,25.985000610351562,25.999799728393555,25.985000610351562,25.98509979248047,14052
2025-09-26 15:27:00+00:00,25.985700607299805,25.985700607299805,25.96500015258789,25.979999542236328,32081
2025-09-26 15:28:00+00:00,25.989999771118164,25.99850082397461,25.989999771118164,25.989999771118164,34370
2025-09-26 15:29:00+00:00,26.014999389648438,26.020000457763672,25.9950008392334,26.0,34539
2025-09-26 15:30:00+00:00,26.010000228881836,26.030000686645508,26.010000228881836,26.014999389648438,68876
2025-09-26 15:31:00+00:00,26.014999389648438,26.024999618530273,26.010000228881836,26.010000228881836,62943
2025-09-26 15:32:00+00:00,26.014999389648438,26.025699615478516,26.01420021057129,26.014999389648438,66448
2025-09-26 15:33:00+00:00,26.0049991607666,26.019899368286133,26.0049991607666,26.01569938659668,50482
2025-09-26 15:34:00+00:00,26.010000228881836,26.020000457763672,26.0049991607666,26.0049991607666,26135
2025-09-26 15:35:00+00:00,26.0049991607666,26.020000457763672,26.00429916381836,26.014999389648438,52144
2025-09-26 15:36:00+00:00,26.0,26.00510025024414,25.989999771118164,26.00429916381836,36619
2025-09-26 15:37:00+00:00,25.985000610351562,25.99970054626465,25.98430061340332,25.99970054626465,47792
2025-09-26 15:38:00+00:00,26.009899139404297,26.009899139404297,25.985000610351562,25.985000610351562,83683
2025-09-26 15:39:00+00:00,26.03499984741211,26.040000915527344,26.0,26.000099182128906,100264
2025-09-26 15:40:00+00:00,26.024999618530273,26.039899826049805,26.020000457763672,26.030000686645508,97270
2025-09-26 15:41:00+00:00,26.031200408935547,26.038999557495117,26.030000686645508,26.030000686645508,40198
2025-09-26 15:42:00+00:00,26.05500030517578,26.059999465942383,26.031200408935547,26.031200408935547,122519
2025-09-26 15:43:00+00:00,26.050100326538086,26.059999465942383,26.040000915527344,26.05500030517578,206205
2025-09-26 15:44:00+00:00,26.045000076293945,26.05500030517578,26.04010009765625,26.05500030517578,109654
2025-09-26 15:45:00+00:00,26.040000915527344,26.048099517822266,26.03499984741211,26.045000076293945,27306
2025-09-26 15:46:00+00:00,26.03499984741211,26.039100646972656,26.024999618530273,26.03499984741211,53244
2025-09-26 15:47:00+00:00,26.030000686645508,26.045000076293945,26.024999618530273,26.030000686645508,40330
2025-09-26 15:48:00+00:00,26.024999618530273,26.040000915527344,26.020099639892578,26.024999618530273,63923
2025-09-26 15:49:00+00:00,26.028900146484375,26.045000076293945,26.024999618530273,26.030000686645508,71747
2025-09-26 15:50:00+00:00,26.014999389648438,26.02429962158203,26.01020050048828,26.02429962158203,30756
2025-09-26 15:51:00+00:00,26.025699615478516,26.028400421142578,26.010000228881836,26.014999389648438,27485
2025-09-26 15:52:00+00:00,26.014999389648438,26.024999618530273,26.010000228881836,26.024999618530273,31778
2025-09-26 15:53:00+00:00,26.0049991607666,26.014999389648438,26.0049991607666,26.011199951171875,22366
2025-09-26 15:54:00+00:00,25.99920082092285,26.0049991607666,25.981399536132812,26.0049991607666,34279
2025-09-26 15:55:00+00:00,25.982500076293945,25.9950008392334,25.982500076293945,25.9950008392334,8413
2025-09-26 15:56:00+00:00,25.98110008239746,25.98509979248047,25.98110008239746,25.985000610351562,3703
2025-09-26 15:57:00+00:00,25.969999313354492,25.985000610351562,25.96500015258789,25.985000610351562,23998
2025-09-26 15:58:00+00:00,25.98419952392578,25.989999771118164,25.971500396728516,25.975000381469727,30047
2025-09-26 15:59:00+00:00,25.975000381469727,25.989999771118164,25.971099853515625,25.989999771118164,46553
2025-09-26 16:00:00+00:00,25.985000610351562,26.0,25.975000381469727,25.975000381469727,89459
2025-09-26 16:01:00+00:00,25.96500015258789,25.979999542236328,25.960100173950195,25.979999542236328,35445
2025-09-26 16:02:00+00:00,25.975000381469727,25.989900588989258,25.954999923706055,25.96109962463379,139080
2025-09-26 16:03:00+00:00,25.979799270629883,25.98900032043457,25.97010040283203,25.975000381469727,37292
2025-09-26 16:04:00+00:00,25.975000381469727,25.979999542236328,25.970199584960938,25.975000381469727,37586
2025-09-26 16:05:00+00:00,25.989999771118164,25.989999771118164,25.975000381469727,25.975000381469727,4018
2025-09-26 16:06:00+00:00,25.9950008392334,25.999099731445312,25.994400024414062,25.994400024414062,7776
2025-09-26 16:07:00+00:00,25.9950008392334,25.999900817871094,25.989999771118164,25.999900817871094,9452
2025-09-26 16:08:00+00:00,25.9950008392334,25.9950008392334,25.99180030822754,25.9950008392334,1597
2025-09-26 16:09:00+00:00,25.9950008392334,26.0,25.989999771118164,25.9950008392334,16336
2025-09-26 16:10:00+00:00,25.99570083618164,25.99839973449707,25.9950008392334,25.9950008392334,7940
2025-09-26 16:11:00+00:00,25.985000610351562,26.0049991607666,25.985000610351562,25.9950008392334,20420
2025-09-26 16:12:00+00:00,25.9950008392334,25.9950008392334,25.985000610351562,25.985000610351562,6093
2025-09-26 16:13:00+00:00,25.999000549316406,25.999000549316406,25.9950008392334,25.9950008392334,4398
2025-09-26 16:14:00+00:00,26.019899368286133,26.019899368286133,25.991600036621094,25.991600036621094,21968
2025-09-26 16:15:00+00:00,26.049999237060547,26.049999237060547,26.020000457763672,26.020000457763672,42046
2025-09-26 16:16:00+00:00,26.031099319458008,26.059999465942383,26.031099319458008,26.049999237060547,86867
2025-09-26 16:17:00+00:00,26.03499984741211,26.03499984741211,26.020000457763672,26.03499984741211,81427
2025-09-26 16:18:00+00:00,26.03499984741211,26.040000915527344,26.020000457763672,26.030099868774414,96379
2025-09-26 16:19:00+00:00,26.015300750732422,26.045000076293945,26.010099411010742,26.03499984741211,85308
2025-09-26 16:20:00+00:00,26.04010009765625,26.041099548339844,26.010099411010742,26.010099411010742,77254
2025-09-26 16:21:00+00:00,26.045000076293945,26.049999237060547,26.040000915527344,26.040000915527344,34563
2025-09-26 16:22:00+00:00,26.065000534057617,26.065000534057617,26.045000076293945,26.045000076293945,41823
2025-09-26 16:23:00+00:00,26.059999465942383,26.06999969482422,26.05500030517578,26.06130027770996,15553
2025-09-26 16:24:00+00:00,26.070100784301758,26.078800201416016,26.05820083618164,26.059099197387695,35832
2025-09-26 16:25:00+00:00,26.075000762939453,26.081100463867188,26.075000762939453,26.075000762939453,26657
2025-09-26 16:26:00+00:00,26.065000534057617,26.07990074157715,26.05500030517578,26.070100784301758,24317
2025-09-26 16:27:00+00:00,26.065000534057617,26.06999969482422,26.051799774169922,26.065000534057617,24227
2025-09-26 16:28:00+00:00,26.075000762939453,26.075000762939453,26.050100326538086,26.059999465942383,51615
2025-09-26 16:29:00+00:00,26.075000762939453,26.075700759887695,26.065000534057617,26.075000762939453,7043
2025-09-26 16:30:00+00:00,26.084999084472656,26.100000381469727,26.075000762939453,26.075000762939453,26915
2025-09-26 16:31:00+00:00,26.085500717163086,26.100000381469727,26.080799102783203,26.081300735473633,27842
2025-09-26 16:32:00+00:00,26.094999313354492,26.094999313354492,26.084999084472656,26.084999084472656,14526
2025-09-26 16:33:00+00:00,26.104999542236328,26.104999542236328,26.084999084472656,26.094999313354492,5350
2025-09-26 16:34:00+00:00,26.12380027770996,26.125,26.110000610351562,26.110000610351562,4597
2025-09-26 16:35:00+00:00,26.121400833129883,26.129899978637695,26.114999771118164,26.1200008392334,12424
2025-09-26 16:36:00+00:00,26.145000457763672,26.145000457763672,26.128299713134766,26.128299713134766,16695
2025-09-26 16:37:00+00:00,26.135000228881836,26.149999618530273,26.13010025024414,26.145000457763672,7311
2025-09-26 16:38:00+00:00,26.135000228881836,26.145000457763672,26.13010025024414,26.139999389648438,14010
2025-09-26 16:39:00+00:00,26.12820053100586,26.13990020751953,26.125,26.135000228881836,11998
2025-09-26 16:40:00+00:00,26.114999771118164,26.1299991607666,26.114999771118164,26.12420082092285,9021
2025-09-26 16:41:00+00:00,26.101499557495117,26.114999771118164,26.100000381469727,26.114999771118164,6448
2025-09-26 16:42:00+00:00,26.114999771118164,26.114999771118164,26.100099563598633,26.100099563598633,11389
2025-09-26 16:43:00+00:00,26.084999084472656,26.110000610351562,26.079999923706055,26.110000610351562,10952
2025-09-26 16:44:00+00:00,26.104999542236328,26.109899520874023,26.084999084472656,26.084999084472656,5792
2025-09-26 16:45:00+00:00,26.104999542236328,26.104999542236328,26.100200653076172,26.104999542236328,2943
2025-09-26 16:46:00+00:00,26.104999542236328,26.104999542236328,26.09000015258789,26.104999542236328,12327
2025-09-26 16:47:00+00:00,26.094999313354492,26.104999542236328,26.094999313354492,26.104999542236328,2158
2025-09-26 16:48:00+00:00,26.09119987487793,26.100000381469727,26.09119987487793,26.094999313354492,6132
2025-09-26 16:49:00+00:00,26.090200424194336,26.100000381469727,26.084999084472656,26.094999313354492,11953
2025-09-26 16:50:00+00:00,26.094999313354492,26.096200942993164,26.094999313354492,26.094999313354492,2745
2025-09-26 16:51:00+00:00,26.08989906311035,26.094999313354492,26.084999084472656,26.094999313354492,12647
2025-09-26 16:52:00+00:00,26.094999313354492,26.09749984741211,26.08169937133789,26.08169937133789,11312
2025-09-26 16:53:00+00:00,26.084999084472656,26.094999313354492,26.084999084472656,26.094999313354492,4179
2025-09-26 16:54:00+00:00,26.084999084472656,26.09000015258789,26.084999084472656,26.084999084472656,12159
2025-09-26 16:55:00+00:00,26.084999084472656,26.09000015258789,26.079999923706055,26.084999084472656,2619
2025-09-26 16:56:00+00:00,26.094999313354492,26.099899291992188,26.075000762939453,26.079999923706055,10113
2025-09-26 16:57:00+00:00,26.10650062561035,26.110000610351562,26.094999313354492,26.094999313354492,5828
2025-09-26 16:58:00+00:00,26.114299774169922,26.1200008392334,26.104999542236328,26.104999542236328,17024
2025-09-26 16:59:00+00:00,26.114999771118164,26.1200008392334,26.100000381469727,26.110000610351562,26016
2025-09-26 17:00:00+00:00,26.094999313354492,26.114999771118164,26.090999603271484,26.114999771118164,34670
2025-09-26 17:01:00+00:00,26.094999313354492,26.099899291992188,26.09429931640625,26.09510040283203,20889
2025-09-26 17:02:00+00:00,26.09000015258789,26.100000381469727,26.079999923706055,26.09000015258789,35253
2025-09-26 17:03:00+00:00,26.08099937438965,26.089099884033203,26.075000762939453,26.084999084472656,13983
2025-09-26 17:04:00+00:00,26.079999923706055,26.08989906311035,26.06999969482422,26.084999084472656,39123
2025-09-26 17:05:00+00:00,26.076499938964844,26.07990074157715,26.071199417114258,26.075000762939453,29378
2025-09-26 17:06:00+00:00,26.081300735473633,26.08989906311035,26.06999969482422,26.078800201416016,48777
2025-09-26 17:07:00+00:00,26.088899612426758,26.089000701904297,26.075000762939453,26.079999923706055,41280
2025-09-26 17:08:00+00:00,26.075000762939453,26.09000015258789,26.059999465942383,26.084999084472656,43001
2025-09-26 17:09:00+00:00,26.075000762939453,26.079599380493164,26.070100784301758,26.078800201416016,43703
2025-09-26 17:10:00+00:00,26.070100784301758,26.077600479125977,26.06999969482422,26.070100784301758,23054
2025-09-26 17:11:00+00:00,26.06879997253418,26.079999923706055,26.059999465942383,26.07110023498535,41360
2025-09-26 17:12:00+00:00,26.045000076293945,26.06999969482422,26.045000076293945,26.059999465942383,48940
2025-09-26 17:13:00+00:00,26.044300079345703,26.049999237060547,26.044300079345703,26.04990005493164,10423
2025-09-26 17:14:00+00:00,26.05500030517578,26.065000534057617,26.049999237060547,26.049999237060547,28652
2025-09-26 17:15:00+00:00,26.075000762939453,26.07990074157715,26.059900283813477,26.059900283813477,41520
2025-09-26 17:16:00+00:00,26.075000762939453,26.079999923706055,26.06999969482422,26.079999923706055,19095
2025-09-26 17:17:00+00:00,26.058900833129883,26.06999969482422,26.058900833129883,26.06999969482422,31859
2025-09-26 17:18:00+00:00,26.065799713134766,26.06999969482422,26.050100326538086,26.058399200439453,35949
2025-09-26 17:19:00+00:00,26.07990074157715,26.07990074157715,26.05500030517578,26.060100555419922,18765
2025-09-26 17:20:00+00:00,26.075000762939453,26.075700759887695,26.065000534057617,26.06999969482422,12272
2025-09-26 17:21:00+00:00,26.065000534057617,26.07990074157715,26.065000534057617,26.07110023498535,28262
2025-09-26 17:22:00+00:00,26.075000762939453,26.075000762939453,26.059999465942383,26.065000534057617,5535
2025-09-26 17:23:00+00:00,26.079999923706055,26.09239959716797,26.070100784301758,26.070100784301758,27914
2025-09-26 17:24:00+00:00,26.09119987487793,26.09119987487793,26.07430076599121,26.079999923706055,39425
2025-09-26 17:25:00+00:00,26.08139991760254,26.094999313354492,26.08139991760254,26.090299606323242,17468
2025-09-26 17:26:00+00:00,26.084999084472656,26.09000015258789,26.079999923706055,26.09000015258789,18435
2025-09-26 17:27:00+00:00,26.065000534057617,26.084999084472656,26.065000534057617,26.08180046081543,24217
2025-09-26 17:28:00+00:00,26.060100555419922,26.075000762939453,26.060100555419922,26.065000534057617,51097
2025-09-26 17:29:00+00:00,26.068899154663086,26.06909942626953,26.06130027770996,26.06570053100586,30130
2025-09-26 17:30:00+00:00,26.084999084472656,26.09000015258789,26.063199996948242,26.063199996948242,50925
2025-09-26 17:31:00+00:00,26.084999084472656,26.08989906311035,26.06999969482422,26.084999084472656,51692
2025-09-26 17:32:00+00:00,26.08009910583496,26.09000015258789,26.08009910583496,26.084999084472656,21044
2025-09-26 17:33:00+00:00,26.08009910583496,26.089000701904297,26.075700759887695,26.084299087524414,23251
2025-09-26 17:34:00+00:00,26.068700790405273,26.084999084472656,26.065000534057617,26.08139991760254,35388
2025-09-26 17:35:00+00:00,26.04400062561035,26.06999969482422,26.04400062561035,26.065000534057617,47979
2025-09-26 17:36:00+00:00,26.06909942626953,26.06909942626953,26.040300369262695,26.048900604248047,49205
2025-09-26 17:37:00+00:00,26.05500030517578,26.059999465942383,26.050100326538086,26.059999465942383,17203
2025-09-26 17:38:00+00:00,26.05500030517578,26.058900833129883,26.049999237060547,26.055700302124023,20856
2025-09-26 17:39:00+00:00,26.045000076293945,26.059999465942383,26.03499984741211,26.05500030517578,10644
2025-09-26 17:40:00+00:00,26.045000076293945,26.045000076293945,26.030099868774414,26.045000076293945,39261
2025-09-26 17:41:00+00:00,26.05500030517578,26.059999465942383,26.041099548339844,26.041099548339844,40445
2025-09-26 17:42:00+00:00,26.05430030822754,26.05500030517578,26.044300079345703,26.05500030517578,21479
2025-09-26 17:43:00+00:00,26.06570053100586,26.06570053100586,26.045000076293945,26.05500030517578,55009
2025-09-26 17:44:00+00:00,26.049999237060547,26.06999969482422,26.049999237060547,26.064300537109375,27120
2025-09-26 17:45:00+00:00,26.048599243164062,26.05500030517578,26.045000076293945,26.049999237060547,35306
2025-09-26 17:46:00+00:00,26.03380012512207,26.040199279785156,26.030000686645508,26.040000915527344,19741
2025-09-26 17:47:00+00:00,26.03619956970215,26.045000076293945,26.030000686645508,26.03499984741211,36858
2025-09-26 17:48:00+00:00,26.03890037536621,26.040000915527344,26.024999618530273,26.033100128173828,8875
2025-09-26 17:49:00+00:00,26.024999618530273,26.040000915527344,26.020000457763672,26.040000915527344,18248
2025-09-26 17:50:00+00:00,26.018699645996094,26.020000457763672,26.014999389648438,26.020000457763672,6682
2025-09-26 17:51:00+00:00,26.02400016784668,26.025699615478516,26.0049991607666,26.018800735473633,39777
2025-09-26 17:52:00+00:00,26.03499984741211,26.03499984741211,26.021299362182617,26.02899932861328,25375
2025-09-26 17:53:00+00:00,26.040000915527344,26.040000915527344,26.030099868774414,26.038700103759766,23942
2025-09-26 17:54:00+00:00,26.03569984436035,26.040000915527344,26.030000686645508,26.034299850463867,9886
2025-09-26 17:55:00+00:00,26.03860092163086,26.039899826049805,26.030000686645508,26.03499984741211,25304
2025-09-26 17:56:00+00:00,26.03499984741211,26.040000915527344,26.033899307250977,26.040000915527344,7276
2025-09-26 17:57:00+00:00,26.046499252319336,26.046499252319336,26.030000686645508,26.03499984741211,15114
2025-09-26 17:58:00+00:00,26.041400909423828,26.049999237060547,26.030000686645508,26.049999237060547,67348
2025-09-26 17:59:00+00:00,26.045000076293945,26.048900604248047,26.038999557495117,26.045000076293945,80113
2025-09-26 18:00:00+00:00,26.049999237060547,26.06999969482422,26.040000915527344,26.040000915527344,70410
2025-09-26 18:01:00+00:00,26.041000366210938,26.059900283813477,26.040000915527344,26.05430030822754,50278
2025-09-26 18:02:00+00:00,26.04450035095215,26.04509925842285,26.030099868774414,26.040300369262695,19197
2025-09-26 18:03:00+00:00,26.065000534057617,26.06570053100586,26.04010009765625,26.045000076293945,32693
2025-09-26 18:04:00+00:00,26.053800582885742,26.061199188232422,26.05139923095703,26.060100555419922,20038
2025-09-26 18:05:00+00:00,26.04360008239746,26.059999465942383,26.040000915527344,26.059999465942383,41889
2025-09-26 18:06:00+00:00,26.040000915527344,26.049999237060547,26.040000915527344,26.041200637817383,18063
2025-09-26 18:07:00+00:00,26.03569984436035,26.045000076293945,26.03499984741211,26.03499984741211,28788
2025-09-26 18:08:00+00:00,26.03499984741211,26.03569984436035,26.020099639892578,26.03569984436035,29753
2025-09-26 18:09:00+00:00,26.030000686645508,26.040000915527344,26.020000457763672,26.03499984741211,33924
2025-09-26 18:10:00+00:00,26.044300079345703,26.044300079345703,26.024999618530273,26.024999618530273,24325
2025-09-26 18:11:00+00:00,26.031200408935547,26.049999237060547,26.030000686645508,26.049999237060547,27968
2025-09-26 18:12:00+00:00,26.045000076293945,26.049999237060547,26.038799285888672,26.038799285888672,36054
2025-09-26 18:13:00+00:00,26.045000076293945,26.049999237060547,26.041400909423828,26.045000076293945,15018
2025-09-26 18:14:00+00:00,26.049999237060547,26.049999237060547,26.045000076293945,26.049999237060547,1905
2025-09-26 18:15:00+00:00,26.045000076293945,26.049999237060547,26.040000915527344,26.045000076293945,13565
2025-09-26 18:16:00+00:00,26.052200317382812,26.052200317382812,26.04010009765625,26.04990005493164,22030
2025-09-26 18:17:00+00:00,26.065000534057617,26.06999969482422,26.053499221801758,26.053499221801758,14312
2025-09-26 18:18:00+00:00,26.079999923706055,26.079999923706055,26.065000534057617,26.065000534057617,9018
2025-09-26 18:19:00+00:00,26.059999465942383,26.06999969482422,26.059999465942383,26.06999969482422,8391
2025-09-26 18:20:00+00:00,26.06100082397461,26.06999969482422,26.059999465942383,26.065000534057617,19918
2025-09-26 18:21:00+00:00,26.06999969482422,26.079999923706055,26.065000534057617,26.06999969482422,5943
2025-09-26 18:22:00+00:00,26.075300216674805,26.079999923706055,26.065000534057617,26.079999923706055,7546
2025-09-26 18:23:00+00:00,26.075000762939453,26.079999923706055,26.06999969482422,26.079999923706055,6333
2025-09-26 18:24:00+00:00,26.098899841308594,26.098899841308594,26.075700759887695,26.075700759887695,37371
2025-09-26 18:25:00+00:00,26.094999313354492,26.100000381469727,26.084999084472656,26.09160041809082,29211
2025-09-26 18:26:00+00:00,26.1018009185791,26.104999542236328,26.094999313354492,26.100000381469727,9865
2025-09-26 18:27:00+00:00,26.104999542236328,26.104999542236328,26.100000381469727,26.104999542236328,3955
2025-09-26 18:28:00+00:00,26.094999313354492,26.100000381469727,26.094999313354492,26.100000381469727,2772
2025-09-26 18:29:00+00:00,26.075000762939453,26.100000381469727,26.075000762939453,26.094999313354492,18639
2025-09-26 18:30:00+00:00,26.045000076293945,26.075000762939453,26.045000076293945,26.075000762939453,63873
2025-09-26 18:31:00+00:00,26.03499984741211,26.045000076293945,26.03499984741211,26.045000076293945,4512
2025-09-26 18:32:00+00:00,26.03499984741211,26.03499984741211,26.030000686645508,26.03499984741211,1978
2025-09-26 18:33:00+00:00,26.03499984741211,26.03619956970215,26.030000686645508,26.030000686645508,8734
2025-09-26 18:34:00+00:00,26.030000686645508,26.03499984741211,26.018199920654297,26.030000686645508,15622
2025-09-26 18:35:00+00:00,26.024999618530273,26.030000686645508,26.014999389648438,26.024999618530273,8418
2025-09-26 18:36:00+00:00,26.014999389648438,26.024999618530273,26.014999389648438,26.024999618530273,2733
2025-09-26 18:37:00+00:00,26.026199340820312,26.026199340820312,26.020000457763672,26.020000457763672,4350
2025-09-26 18:38:00+00:00,26.020000457763672,26.025100708007812,26.020000457763672,26.020000457763672,5743
2025-09-26 18:39:00+00:00,26.030000686645508,26.030000686645508,26.020000457763672,26.024999618530273,3637
2025-09-26 18:40:00+00:00,26.0314998626709,26.040000915527344,26.030000686645508,26.03499984741211,9999
2025-09-26 18:41:00+00:00,26.040000915527344,26.040000915527344,26.030000686645508,26.03499984741211,4922
2025-09-26 18:42:00+00:00,26.040000915527344,26.049999237060547,26.040000915527344,26.04990005493164,7307
2025-09-26 18:43:00+00:00,26.042499542236328,26.045000076293945,26.040000915527344,26.045000076293945,1771
2025-09-26 18:44:00+00:00,26.03499984741211,26.045700073242188,26.030099868774414,26.045000076293945,10869
2025-09-26 18:45:00+00:00,26.024999618530273,26.03499984741211,26.024999618530273,26.03499984741211,16265
2025-09-26 18:46:00+00:00,26.024999618530273,26.025100708007812,26.014999389648438,26.024999618530273,10424
2025-09-26 18:47:00+00:00,26.03499984741211,26.03499984741211,26.020000457763672,26.020000457763672,10773
2025-09-26 18:48:00+00:00,26.045000076293945,26.049999237060547,26.03380012512207,26.03380012512207,25683
2025-09-26 18:49:00+00:00,26.049999237060547,26.05500030517578,26.044300079345703,26.045000076293945,11656
2025-09-26 18:50:00+00:00,26.03499984741211,26.04759979248047,26.03499984741211,26.045000076293945,11267
2025-09-26 18:51:00+00:00,26.03499984741211,26.0398006439209,26.03350067138672,26.03499984741211,13675
2025-09-26 18:52:00+00:00,26.030000686645508,26.03700065612793,26.024999618530273,26.03499984741211,13175
2025-09-26 18:53:00+00:00,26.045000076293945,26.045000076293945,26.034700393676758,26.03499984741211,13047
2025-09-26 18:54:00+00:00,26.045000076293945,26.045700073242188,26.044099807739258,26.045000076293945,7602
2025-09-26 18:55:00+00:00,26.045000076293945,26.049999237060547,26.04010009765625,26.044300079345703,23897
2025-09-26 18:56:00+00:00,26.069900512695312,26.069900512695312,26.045000076293945,26.045000076293945,25341
2025-09-26 18:57:00+00:00,26.065000534057617,26.06559944152832,26.065000534057617,26.065000534057617,7526
2025-09-26 18:58:00+00:00,26.04990005493164,26.065000534057617,26.040000915527344,26.065000534057617,18638
2025-09-26 18:59:00+00:00,26.045000076293945,26.05500030517578,26.040000915527344,26.045000076293945,23048
2025-09-26 19:00:00+00:00,26.05500030517578,26.059999465942383,26.045000076293945,26.045000076293945,65181
2025-09-26 19:01:00+00:00,26.04319953918457,26.05500030517578,26.04319953918457,26.05500030517578,13960
2025-09-26 19:02:00+00:00,26.030000686645508,26.04509925842285,26.030000686645508,26.045000076293945,23361
2025-09-26 19:03:00+00:00,26.03499984741211,26.040000915527344,26.03499984741211,26.03499984741211,4872
2025-09-26 19:04:00+00:00,26.045000076293945,26.05500030517578,26.030000686645508,26.030000686645508,15483
2025-09-26 19:05:00+00:00,26.055099487304688,26.055099487304688,26.045000076293945,26.05500030517578,12701
2025-09-26 19:06:00+00:00,26.050100326538086,26.05500030517578,26.049999237060547,26.05500030517578,8551
2025-09-26 19:07:00+00:00,26.045000076293945,26.049999237060547,26.045000076293945,26.049999237060547,20870
2025-09-26 19:08:00+00:00,26.049999237060547,26.05500030517578,26.045000076293945,26.045000076293945,13431
2025-09-26 19:09:00+00:00,26.045000076293945,26.049999237060547,26.045000076293945,26.049999237060547,8953
2025-09-26 19:10:00+00:00,26.030099868774414,26.040000915527344,26.024999618530273,26.040000915527344,27245
2025-09-26 19:11:00+00:00,26.05500030517578,26.059999465942383,26.03499984741211,26.040000915527344,47707
2025-09-26 19:12:00+00:00,26.05500030517578,26.0575008392334,26.049999237060547,26.049999237060547,11220
2025-09-26 19:13:00+00:00,26.049999237060547,26.05500030517578,26.045000076293945,26.05500030517578,31342
2025-09-26 19:14:00+00:00,26.040000915527344,26.04990005493164,26.040000915527344,26.04990005493164,11278
2025-09-26 19:15:00+00:00,26.020000457763672,26.040000915527344,26.020000457763672,26.039899826049805,19565
2025-09-26 19:16:00+00:00,26.040000915527344,26.040000915527344,26.028799057006836,26.028799057006836,21446
2025-09-26 19:17:00+00:00,26.045000076293945,26.045000076293945,26.03499984741211,26.03619956970215,13676
2025-09-26 19:18:00+00:00,26.04010009765625,26.045000076293945,26.04010009765625,26.045000076293945,2240
2025-09-26 19:19:00+00:00,26.045000076293945,26.04990005493164,26.040000915527344,26.045000076293945,13367
2025-09-26 19:20:00+00:00,26.03499984741211,26.049999237060547,26.030000686645508,26.04319953918457,24244
2025-09-26 19:21:00+00:00,26.05500030517578,26.059999465942383,26.03499984741211,26.03499984741211,40077
2025-09-26 19:22:00+00:00,26.049999237060547,26.05500030517578,26.040000915527344,26.05500030517578,39137
2025-09-26 19:23:00+00:00,26.045000076293945,26.05500030517578,26.040000915527344,26.05500030517578,7425
2025-09-26 19:24:00+00:00,26.03499984741211,26.045000076293945,26.0314998626709,26.045000076293945,10635
2025-09-26 19:25:00+00:00,26.024999618530273,26.039899826049805,26.020000457763672,26.03499984741211,21447
2025-09-26 19:26:00+00:00,26.020200729370117,26.024999618530273,26.014999389648438,26.024999618530273,23151
2025-09-26 19:27:00+00:00,26.02989959716797,26.02989959716797,26.014999389648438,26.024999618530273,26643
2025-09-26 19:28:00+00:00,26.024999618530273,26.025699615478516,26.02429962158203,26.02429962158203,9911
2025-09-26 19:29:00+00:00,26.014999389648438,26.024999618530273,26.010000228881836,26.024999618530273,21914
2025-09-26 19:30:00+00:00,26.024999618530273,26.030000686645508,26.014999389648438,26.014999389648438,30450
2025-09-26 19:31:00+00:00,26.024999618530273,26.03499984741211,26.020099639892578,26.024999618530273,81045
2025-09-26 19:32:00+00:00,26.024999618530273,26.030000686645508,26.020000457763672,26.024999618530273,19021
2025-09-26 19:33:00+00:00,26.024999618530273,26.030000686645508,26.024999618530273,26.024999618530273,17040
2025-09-26 19:34:00+00:00,26.03499984741211,26.03499984741211,26.030000686645508,26.030000686645508,19876
2025-09-26 19:35:00+00:00,26.040000915527344,26.040000915527344,26.030000686645508,26.030099868774414,27061
2025-09-26 19:36:00+00:00,26.03499984741211,26.040000915527344,26.024999618530273,26.03499984741211,19655
2025-09-26 19:37:00+00:00,26.024999618530273,26.040000915527344,26.022499084472656,26.03350067138672,18046
2025-09-26 19:38:00+00:00,26.014999389648438,26.024999618530273,26.010000228881836,26.020000457763672,27185
2025-09-26 19:39:00+00:00,26.034400939941406,26.03499984741211,26.014299392700195,26.014999389648438,52750
2025-09-26 19:40:00+00:00,26.04990005493164,26.049999237060547,26.03499984741211,26.03499984741211,21821
2025-09-26 19:41:00+00:00,26.049999237060547,26.049999237060547,26.03499984741211,26.045000076293945,27524
2025-09-26 19:42:00+00:00,26.029699325561523,26.049999237060547,26.020000457763672,26.045000076293945,25797
2025-09-26 19:43:00+00:00,26.045700073242188,26.045700073242188,26.024999618530273,26.024999618530273,15106
2025-09-26 19:44:00+00:00,26.045000076293945,26.049999237060547,26.040000915527344,26.045000076293945,29511
2025-09-26 19:45:00+00:00,26.045000076293945,26.049999237060547,26.040000915527344,26.04509925842285,62326
2025-09-26 19:46:00+00:00,26.045000076293945,26.049999237060547,26.040000915527344,26.045000076293945,20035
2025-09-26 19:47:00+00:00,26.045000076293945,26.049299240112305,26.040000915527344,26.045000076293945,21350
2025-09-26 19:48:00+00:00,26.03499984741211,26.049999237060547,26.030000686645508,26.045000076293945,23810
2025-09-26 19:49:00+00:00,26.04509925842285,26.049999237060547,26.03499984741211,26.03499984741211,39889
2025-09-26 19:50:00+00:00,26.040000915527344,26.059999465942383,26.040000915527344,26.049999237060547,73700
2025-09-26 19:51:00+00:00,26.04990005493164,26.05500030517578,26.03499984741211,26.045000076293945,84568
2025-09-26 19:52:00+00:00,26.03499984741211,26.049999237060547,26.020000457763672,26.049999237060547,54270
2025-09-26 19:53:00+00:00,26.03499984741211,26.03499984741211,26.02429962158203,26.030000686645508,40294
2025-09-26 19:54:00+00:00,26.045000076293945,26.05500030517578,26.020000457763672,26.03499984741211,2340044
2025-09-26 19:55:00+00:00,26.024999618530273,26.05500030517578,26.014999389648438,26.045000076293945,0
2025-09-26 19:56:00+00:00,26.045000076293945,26.049999237060547,26.014999389648438,26.024999618530273,66207
2025-09-26 19:57:00+00:00,26.045000076293945,26.05500030517578,26.040000915527344,26.049999237060547,111171
2025-09-26 19:58:00+00:00,26.045000076293945,26.05500030517578,26.040000915527344,26.040000915527344,129848
2025-09-26 19:59:00+00:00,26.045000076293945,26.056800842285156,26.034500122070312,26.045000076293945,165565
2025-09-29 13:30:00+00:00,25.940000534057617,26.068700790405273,25.940000534057617,26.059999465942383,146815
2025-09-29 13:31:00+00:00,25.93000030517578,25.969999313354492,25.93000030517578,25.93000030517578,10237
2025-09-29 13:32:00+00:00,26.010000228881836,26.010000228881836,25.93630027770996,25.939899444580078,6424
2025-09-29 13:33:00+00:00,25.979999542236328,26.024999618530273,25.975000381469727,26.020700454711914,13120
2025-09-29 13:34:00+00:00,25.934999465942383,25.989999771118164,25.924999237060547,25.979999542236328,5703
2025-09-29 13:35:00+00:00,25.924999237060547,25.936199188232422,25.90999984741211,25.936199188232422,6069
2025-09-29 13:36:00+00:00,25.934999465942383,25.94499969482422,25.914600372314453,25.929800033569336,6472
2025-09-29 13:37:00+00:00,25.899999618530273,25.93000030517578,25.899999618530273,25.924999237060547,24133
2025-09-29 13:38:00+00:00,25.905000686645508,25.920000076293945,25.889999389648438,25.889999389648438,9326
2025-09-29 13:39:00+00:00,25.899999618530273,25.90999984741211,25.8799991607666,25.899999618530273,16051
2025-09-29 13:40:00+00:00,25.895000457763672,25.905799865722656,25.885799407958984,25.905799865722656,4906
2025-09-29 13:41:00+00:00,25.829999923706055,25.89579963684082,25.825000762939453,25.89579963684082,15655
2025-09-29 13:42:00+00:00,25.829999923706055,25.845800399780273,25.799999237060547,25.829999923706055,90698
2025-09-29 13:43:00+00:00,25.78499984741211,25.83919906616211,25.739999771118164,25.835800170898438,161078
2025-09-29 13:44:00+00:00,25.729999542236328,25.790000915527344,25.65999984741211,25.789899826049805,298491
2025-09-29 13:45:00+00:00,25.73900032043457,25.748899459838867,25.68000030517578,25.709999084472656,224709
2025-09-29 13:46:00+00:00,25.71500015258789,25.770000457763672,25.704999923706055,25.735000610351562,23945
2025-09-29 13:47:00+00:00,25.690000534057617,25.700000762939453,25.68000030517578,25.700000762939453,19561
2025-09-29 13:48:00+00:00,25.68000030517578,25.707000732421875,25.68000030517578,25.689899444580078,10063
2025-09-29 13:49:00+00:00,25.69499969482422,25.700000762939453,25.68000030517578,25.68000030517578,9411
2025-09-29 13:50:00+00:00,25.665000915527344,25.690000534057617,25.665000915527344,25.690000534057617,33208
2025-09-29 13:51:00+00:00,25.649999618530273,25.665000915527344,25.645000457763672,25.665000915527344,20869
2025-09-29 13:52:00+00:00,25.66469955444336,25.690000534057617,25.645000457763672,25.649900436401367,20754
2025-09-29 13:53:00+00:00,25.659000396728516,25.670000076293945,25.649999618530273,25.6653995513916,10521
2025-09-29 13:54:00+00:00,25.68000030517578,25.680700302124023,25.649999618530273,25.65999984741211,10250
2025-09-29 13:55:00+00:00,25.655000686645508,25.68000030517578,25.649999618530273,25.679899215698242,23104
2025-09-29 13:56:00+00:00,25.625,25.655000686645508,25.625,25.655000686645508,15270
2025-09-29 13:57:00+00:00,25.635000228881836,25.645000457763672,25.6200008392334,25.625,9939
2025-09-29 13:58:00+00:00,25.6200008392334,25.635000228881836,25.6200008392334,25.6299991607666,10029
2025-09-29 13:59:00+00:00,25.594999313354492,25.625,25.59000015258789,25.614999771118164,145781
2025-09-29 14:00:00+00:00,25.645599365234375,25.649999618530273,25.579999923706055,25.594999313354492,34772
2025-09-29 14:01:00+00:00,25.69499969482422,25.700000762939453,25.649999618530273,25.649999618530273,23969
2025-09-29 14:02:00+00:00,25.670000076293945,25.71500015258789,25.665000915527344,25.69499969482422,23984
2025-09-29 14:03:00+00:00,25.665000915527344,25.684999465942383,25.65999984741211,25.674999237060547,20017
2025-09-29 14:04:00+00:00,25.69499969482422,25.698699951171875,25.665000915527344,25.674999237060547,20702
2025-09-29 14:05:00+00:00,25.704999923706055,25.71500015258789,25.684999465942383,25.690000534057617,28925
2025-09-29 14:06:00+00:00,25.719999313354492,25.719999313354492,25.7012996673584,25.704999923706055,8295
2025-09-29 14:07:00+00:00,25.735000610351562,25.737499237060547,25.719999313354492,25.719999313354492,21218
2025-09-29 14:08:00+00:00,25.75,25.760000228881836,25.729999542236328,25.730100631713867,25129
2025-09-29 14:09:00+00:00,25.7450008392334,25.758499145507812,25.729999542236328,25.758499145507812,17062
2025-09-29 14:10:00+00:00,25.780000686645508,25.780000686645508,25.7450008392334,25.7450008392334,23398
2025-09-29 14:11:00+00:00,25.78499984741211,25.78499984741211,25.760000228881836,25.78499984741211,12265
2025-09-29 14:12:00+00:00,25.774999618530273,25.78499984741211,25.764999389648438,25.78499984741211,6846
2025-09-29 14:13:00+00:00,25.780899047851562,25.799999237060547,25.764999389648438,25.774999618530273,36506
2025-09-29 14:14:00+00:00,25.764999389648438,25.786100387573242,25.764999389648438,25.78499984741211,9363
2025-09-29 14:15:00+00:00,25.80500030517578,25.815000534057617,25.770000457763672,25.778400421142578,16970
2025-09-29 14:16:00+00:00,25.815000534057617,25.825000762939453,25.80150032043457,25.80150032043457,15896
2025-09-29 14:17:00+00:00,25.81999969482422,25.829999923706055,25.811500549316406,25.815000534057617,9976
2025-09-29 14:18:00+00:00,25.810100555419922,25.81999969482422,25.809999465942383,25.815000534057617,6881
2025-09-29 14:19:00+00:00,25.81999969482422,25.825000762939453,25.800100326538086,25.809999465942383,9283
2025-09-29 14:20:00+00:00,25.799999237060547,25.815000534057617,25.795000076293945,25.815000534057617,8513
2025-09-29 14:21:00+00:00,25.774999618530273,25.819700241088867,25.770000457763672,25.80500030517578,33343
2025-09-29 14:22:00+00:00,25.80500030517578,25.80500030517578,25.780000686645508,25.780000686645508,16829
2025-09-29 14:23:00+00:00,25.795000076293945,25.809999465942383,25.795000076293945,25.80500030517578,4408
2025-09-29 14:24:00+00:00,25.77989959716797,25.795299530029297,25.764999389648438,25.795299530029297,31274
2025-09-29 14:25:00+00:00,25.770000457763672,25.790000915527344,25.7549991607666,25.770000457763672,15288
2025-09-29 14:26:00+00:00,25.7549991607666,25.77989959716797,25.7450008392334,25.774999618530273,21879
2025-09-29 14:27:00+00:00,25.739999771118164,25.7549991607666,25.735000610351562,25.750099182128906,17982
2025-09-29 14:28:00+00:00,25.729999542236328,25.749900817871094,25.729999542236328,25.735000610351562,16665
2025-09-29 14:29:00+00:00,25.7450008392334,25.759899139404297,25.735000610351562,25.735000610351562,28501
2025-09-29 14:30:00+00:00,25.7450008392334,25.749900817871094,25.735000610351562,25.7450008392334,6080
2025-09-29 14:31:00+00:00,25.75,25.760900497436523,25.741199493408203,25.741199493408203,35985
2025-09-29 14:32:00+00:00,25.754199981689453,25.759899139404297,25.739999771118164,25.75,20890
2025-09-29 14:33:00+00:00,25.764999389648438,25.769899368286133,25.7450008392334,25.7549991607666,13572
2025-09-29 14:34:00+00:00,25.764999389648438,25.770000457763672,25.760000228881836,25.770000457763672,18551
2025-09-29 14:35:00+00:00,25.760099411010742,25.769899368286133,25.7450008392334,25.764999389648438,16342
2025-09-29 14:36:00+00:00,25.764999389648438,25.774999618530273,25.760000228881836,25.764999389648438,18376
2025-09-29 14:37:00+00:00,25.790000915527344,25.795000076293945,25.760000228881836,25.770000457763672,15598
2025-09-29 14:38:00+00:00,25.780099868774414,25.796499252319336,25.780000686645508,25.790000915527344,26743
2025-09-29 14:39:00+00:00,25.774999618530273,25.795000076293945,25.774999618530273,25.780000686645508,21594
2025-09-29 14:40:00+00:00,25.774999618530273,25.780000686645508,25.760000228881836,25.774999618530273,28173
2025-09-29 14:41:00+00:00,25.780000686645508,25.790000915527344,25.770000457763672,25.774999618530273,33454
2025-09-29 14:42:00+00:00,25.803800582885742,25.80500030517578,25.78499984741211,25.78499984741211,16666
2025-09-29 14:43:00+00:00,25.80500030517578,25.809999465942383,25.79010009765625,25.80500030517578,15047
2025-09-29 14:44:00+00:00,25.815000534057617,25.825000762939453,25.80500030517578,25.80500030517578,13617
2025-09-29 14:45:00+00:00,25.819900512695312,25.81999969482422,25.809999465942383,25.815500259399414,25210
2025-09-29 14:46:00+00:00,25.799999237060547,25.81999969482422,25.795000076293945,25.815000534057617,45580
2025-09-29 14:47:00+00:00,25.795700073242188,25.799999237060547,25.790000915527344,25.799999237060547,17856
2025-09-29 14:48:00+00:00,25.795000076293945,25.799999237060547,25.790000915527344,25.795000076293945,8855
2025-09-29 14:49:00+00:00,25.795000076293945,25.815000534057617,25.795000076293945,25.795000076293945,16376
2025-09-29 14:50:00+00:00,25.815000534057617,25.815000534057617,25.795000076293945,25.795000076293945,39050
2025-09-29 14:51:00+00:00,25.81999969482422,25.81999969482422,25.799999237060547,25.815000534057617,7063
2025-09-29 14:52:00+00:00,25.815000534057617,25.81999969482422,25.809999465942383,25.816200256347656,20048
2025-09-29 14:53:00+00:00,25.815000534057617,25.81999969482422,25.809999465942383,25.815000534057617,10792
2025-09-29 14:54:00+00:00,25.844999313354492,25.844999313354492,25.809999465942383,25.809999465942383,17978
2025-09-29 14:55:00+00:00,25.844999313354492,25.850000381469727,25.834999084472656,25.849700927734375,11433
2025-09-29 14:56:00+00:00,25.829999923706055,25.840099334716797,25.829999923706055,25.84000015258789,6994
2025-09-29 14:57:00+00:00,25.80500030517578,25.84000015258789,25.80500030517578,25.834999084472656,23601
2025-09-29 14:58:00+00:00,25.795000076293945,25.80500030517578,25.790000915527344,25.80500030517578,6087
2025-09-29 14:59:00+00:00,25.795000076293945,25.799999237060547,25.790000915527344,25.795000076293945,21619
2025-09-29 15:00:00+00:00,25.795000076293945,25.799999237060547,25.790000915527344,25.795000076293945,14477
2025-09-29 15:01:00+00:00,25.795000076293945,25.799999237060547,25.790000915527344,25.799999237060547,34651
2025-09-29 15:02:00+00:00,25.795000076293945,25.800100326538086,25.790000915527344,25.795000076293945,17762
2025-09-29 15:03:00+00:00,25.795000076293945,25.799999237060547,25.78499984741211,25.795000076293945,47258
2025-09-29 15:04:00+00:00,25.790000915527344,25.79990005493164,25.790000915527344,25.795000076293945,4743
2025-09-29 15:05:00+00:00,25.795000076293945,25.80500030517578,25.790000915527344,25.795000076293945,10281
2025-09-29 15:06:00+00:00,25.795000076293945,25.80620002746582,25.790000915527344,25.795000076293945,10726
2025-09-29 15:07:00+00:00,25.795000076293945,25.795000076293945,25.790000915527344,25.795000076293945,10115
2025-09-29 15:08:00+00:00,25.80500030517578,25.809999465942383,25.799999237060547,25.799999237060547,11497
2025-09-29 15:09:00+00:00,25.815000534057617,25.815399169921875,25.80500030517578,25.80500030517578,12194
2025-09-29 15:10:00+00:00,25.809999465942383,25.829999923706055,25.809999465942383,25.815000534057617,23834
2025-09-29 15:11:00+00:00,25.815000534057617,25.815000534057617,25.799999237060547,25.815000534057617,18679
2025-09-29 15:12:00+00:00,25.81999969482422,25.81999969482422,25.811899185180664,25.8125,9155
2025-09-29 15:13:00+00:00,25.825000762939453,25.825000762939453,25.80500030517578,25.815000534057617,11095
2025-09-29 15:14:00+00:00,25.821199417114258,25.825000762939453,25.81999969482422,25.825000762939453,4103
2025-09-29 15:15:00+00:00,25.80500030517578,25.82509994506836,25.799999237060547,25.82509994506836,8249
2025-09-29 15:16:00+00:00,25.815000534057617,25.815000534057617,25.801599502563477,25.80500030517578,7347
2025-09-29 15:17:00+00:00,25.834999084472656,25.850000381469727,25.810100555419922,25.815000534057617,28552
2025-09-29 15:18:00+00:00,25.844999313354492,25.848899841308594,25.834999084472656,25.834999084472656,4143
2025-09-29 15:19:00+00:00,25.854999542236328,25.85650062561035,25.834999084472656,25.844999313354492,8511
2025-09-29 15:20:00+00:00,25.854999542236328,25.8700008392334,25.850000381469727,25.860000610351562,22139
2025-09-29 15:21:00+00:00,25.854999542236328,25.860000610351562,25.851499557495117,25.854999542236328,11409
2025-09-29 15:22:00+00:00,25.844999313354492,25.860000610351562,25.844999313354492,25.854999542236328,17712
2025-09-29 15:23:00+00:00,25.844999313354492,25.848800659179688,25.834999084472656,25.844999313354492,19371
2025-09-29 15:24:00+00:00,25.834999084472656,25.844999313354492,25.83169937133789,25.84000015258789,7450
2025-09-29 15:25:00+00:00,25.844999313354492,25.850000381469727,25.84000015258789,25.84000015258789,4501
2025-09-29 15:26:00+00:00,25.844999313354492,25.844999313354492,25.84000015258789,25.844999313354492,17051
2025-09-29 15:27:00+00:00,25.854999542236328,25.85689926147461,25.834999084472656,25.844499588012695,10776
2025-09-29 15:28:00+00:00,25.854999542236328,25.856199264526367,25.850000381469727,25.854999542236328,26745
2025-09-29 15:29:00+00:00,25.864999771118164,25.864999771118164,25.850099563598633,25.850099563598633,11273
2025-09-29 15:30:00+00:00,25.8799991607666,25.8799991607666,25.864999771118164,25.864999771118164,15077
2025-09-29 15:31:00+00:00,25.860000610351562,25.87579917907715,25.850000381469727,25.870100021362305,21100
2025-09-29 15:32:00+00:00,25.851600646972656,25.859899520874023,25.84160041809082,25.859899520874023,12122
2025-09-29 15:33:00+00:00,25.846200942993164,25.860000610351562,25.84000015258789,25.85379981994629,39379
2025-09-29 15:34:00+00:00,25.854999542236328,25.860000610351562,25.844999313354492,25.84819984436035,22077
2025-09-29 15:35:00+00:00,25.8700008392334,25.8700008392334,25.850000381469727,25.854999542236328,29712
2025-09-29 15:36:00+00:00,25.8700008392334,25.8700008392334,25.861000061035156,25.864999771118164,10945
2025-09-29 15:37:00+00:00,25.864999771118164,25.8700008392334,25.850000381469727,25.864999771118164,21852
2025-09-29 15:38:00+00:00,25.864999771118164,25.8799991607666,25.860000610351562,25.864999771118164,45465
2025-09-29 15:39:00+00:00,25.854999542236328,25.86009979248047,25.850000381469727,25.860000610351562,23839
2025-09-29 15:40:00+00:00,25.844999313354492,25.854999542236328,25.84000015258789,25.854999542236328,11394
2025-09-29 15:41:00+00:00,25.834999084472656,25.844999313354492,25.829999923706055,25.844999313354492,6998
2025-09-29 15:42:00+00:00,25.825000762939453,25.834999084472656,25.81999969482422,25.834999084472656,16730
2025-09-29 15:43:00+00:00,25.820100784301758,25.825000762939453,25.815000534057617,25.825000762939453,19764
2025-09-29 15:44:00+00:00,25.81999969482422,25.829999923706055,25.81999969482422,25.825000762939453,33392
2025-09-29 15:45:00+00:00,25.815000534057617,25.829999923706055,25.80500030517578,25.81999969482422,20288
2025-09-29 15:46:00+00:00,25.809999465942383,25.815000534057617,25.790000915527344,25.813199996948242,10368
2025-09-29 15:47:00+00:00,25.80500030517578,25.80500030517578,25.790000915527344,25.790000915527344,11132
2025-09-29 15:48:00+00:00,25.80500030517578,25.80500030517578,25.790000915527344,25.799999237060547,24188
2025-09-29 15:49:00+00:00,25.798599243164062,25.815000534057617,25.790300369262695,25.80500030517578,33383
2025-09-29 15:50:00+00:00,25.790000915527344,25.799999237060547,25.790000915527344,25.795000076293945,37079
2025-09-29 15:51:00+00:00,25.795000076293945,25.795000076293945,25.774999618530273,25.790000915527344,94738
2025-09-29 15:52:00+00:00,25.795000076293945,25.795000076293945,25.78499984741211,25.795000076293945,85168
2025-09-29 15:53:00+00:00,25.725000381469727,25.795000076293945,25.719999313354492,25.790000915527344,182537
2025-09-29 15:54:00+00:00,25.699899673461914,25.728500366210938,25.674999237060547,25.728500366210938,72592
2025-09-29 15:55:00+00:00,25.684999465942383,25.704999923706055,25.670000076293945,25.69499969482422,77138
2025-09-29 15:56:00+00:00,25.698299407958984,25.698400497436523,25.684999465942383,25.684999465942383,11997
2025-09-29 15:57:00+00:00,25.670000076293945,25.69499969482422,25.670000076293945,25.69499969482422,37288
2025-09-29 15:58:00+00:00,25.665000915527344,25.674999237060547,25.65999984741211,25.674999237060547,21110
2025-09-29 15:59:00+00:00,25.611799240112305,25.674999237060547,25.610000610351562,25.665000915527344,57842
2025-09-29 16:00:00+00:00,25.485000610351562,25.617300033569336,25.454999923706055,25.617300033569336,182033
2025-09-29 16:01:00+00:00,25.454999923706055,25.514999389648438,25.364999771118164,25.485000610351562,236959
2025-09-29 16:02:00+00:00,25.43000030517578,25.489999771118164,25.3518009185791,25.459999084472656,157201
2025-09-29 16:03:00+00:00,25.469999313354492,25.489999771118164,25.43000030517578,25.44499969482422,96377
2025-09-29 16:04:00+00:00,25.545000076293945,25.55500030517578,25.477500915527344,25.477500915527344,53064
2025-09-29 16:05:00+00:00,25.53499984741211,25.55739974975586,25.520000457763672,25.545000076293945,78618
2025-09-29 16:06:00+00:00,25.524999618530273,25.539899826049805,25.514999389648438,25.53499984741211,50981
2025-09-29 16:07:00+00:00,25.53619956970215,25.540000915527344,25.520099639892578,25.52989959716797,45426
2025-09-29 16:08:00+00:00,25.514999389648438,25.530099868774414,25.489999771118164,25.530000686645508,40234
2025-09-29 16:09:00+00:00,25.494699478149414,25.514999389648438,25.475000381469727,25.51180076599121,44340
2025-09-29 16:10:00+00:00,25.55620002746582,25.55769920349121,25.4950008392334,25.499900817871094,44915
2025-09-29 16:11:00+00:00,25.540000915527344,25.559999465942383,25.530000686645508,25.550100326538086,103422
2025-09-29 16:12:00+00:00,25.565000534057617,25.575000762939453,25.53380012512207,25.53380012512207,55601
2025-09-29 16:13:00+00:00,25.553600311279297,25.56999969482422,25.54010009765625,25.563800811767578,54032
2025-09-29 16:14:00+00:00,25.545000076293945,25.550100326538086,25.540000915527344,25.549999237060547,17516
2025-09-29 16:15:00+00:00,25.565000534057617,25.5664005279541,25.540000915527344,25.549999237060547,2808792
2025-09-29 16:16:00+00:00,25.575000762939453,25.584999084472656,25.561500549316406,25.565000534057617,0
2025-09-29 16:17:00+00:00,25.569900512695312,25.575000762939453,25.559999465942383,25.570100784301758,36345
2025-09-29 16:18:00+00:00,25.561599731445312,25.56999969482422,25.549999237060547,25.565000534057617,21826
2025-09-29 16:19:00+00:00,25.584999084472656,25.59000015258789,25.550100326538086,25.560100555419922,53228
2025-09-29 16:20:00+00:00,25.594999313354492,25.594999313354492,25.560100555419922,25.586200714111328,24333
2025-09-29 16:21:00+00:00,25.600000381469727,25.600000381469727,25.59000015258789,25.594999313354492,64567
2025-09-29 16:22:00+00:00,25.610000610351562,25.610000610351562,25.583799362182617,25.594999313354492,64748
2025-09-29 16:23:00+00:00,25.58639907836914,25.610000610351562,25.584999084472656,25.604999542236328,20803
2025-09-29 16:24:00+00:00,25.594999313354492,25.594999313354492,25.58180046081543,25.584999084472656,15619
2025-09-29 16:25:00+00:00,25.606199264526367,25.610000610351562,25.594999313354492,25.594999313354492,23288
2025-09-29 16:26:00+00:00,25.611299514770508,25.6200008392334,25.59000015258789,25.604999542236328,53044
2025-09-29 16:27:00+00:00,25.604999542236328,25.614999771118164,25.59000015258789,25.614999771118164,19660
2025-09-29 16:28:00+00:00,25.594999313354492,25.615100860595703,25.594999313354492,25.609899520874023,17492
2025-09-29 16:29:00+00:00,25.575000762939453,25.59510040283203,25.56999969482422,25.59510040283203,39702
2025-09-29 16:30:00+00:00,25.584999084472656,25.58989906311035,25.56999969482422,25.575000762939453,39930
2025-09-29 16:31:00+00:00,25.58009910583496,25.58989906311035,25.579999923706055,25.584999084472656,70761
2025-09-29 16:32:00+00:00,25.594999313354492,25.610000610351562,25.59000015258789,25.59000015258789,33066
2025-09-29 16:33:00+00:00,25.565000534057617,25.594999313354492,25.565000534057617,25.594999313354492,12209
2025-09-29 16:34:00+00:00,25.565000534057617,25.56999969482422,25.559999465942383,25.565000534057617,27259
2025-09-29 16:35:00+00:00,25.560199737548828,25.56999969482422,25.560199737548828,25.565000534057617,7657
2025-09-29 16:36:00+00:00,25.60379981994629,25.614999771118164,25.565000534057617,25.565000534057617,38869
2025-09-29 16:37:00+00:00,25.60650062561035,25.610000610351562,25.600000381469727,25.610000610351562,7680
2025-09-29 16:38:00+00:00,25.584999084472656,25.605300903320312,25.582300186157227,25.604999542236328,14169
2025-09-29 16:39:00+00:00,25.58930015563965,25.58930015563965,25.579999923706055,25.579999923706055,10219
2025-09-29 16:40:00+00:00,25.59000015258789,25.600000381469727,25.58009910583496,25.58009910583496,5568
2025-09-29 16:41:00+00:00,25.60379981994629,25.604999542236328,25.59000015258789,25.594999313354492,20417
2025-09-29 16:42:00+00:00,25.610000610351562,25.6200008392334,25.600000381469727,25.610000610351562,34151
2025-09-29 16:43:00+00:00,25.6200008392334,25.6200008392334,25.603500366210938,25.614999771118164,46381
2025-09-29 16:44:00+00:00,25.649999618530273,25.65089988708496,25.614999771118164,25.6156005859375,34650
2025-09-29 16:45:00+00:00,25.635000228881836,25.645099639892578,25.6299991607666,25.645000457763672,31396
2025-09-29 16:46:00+00:00,25.635000228881836,25.639999389648438,25.63010025024414,25.635000228881836,15890
2025-09-29 16:47:00+00:00,25.625,25.649999618530273,25.625,25.635000228881836,27244
2025-09-29 16:48:00+00:00,25.635000228881836,25.645000457763672,25.6299991607666,25.6299991607666,44668
2025-09-29 16:49:00+00:00,25.645000457763672,25.649999618530273,25.6299991607666,25.639999389648438,39679
2025-09-29 16:50:00+00:00,25.631000518798828,25.649999618530273,25.63089942932129,25.64620018005371,23516
2025-09-29 16:51:00+00:00,25.645000457763672,25.649999618530273,25.635000228881836,25.635000228881836,6604
2025-09-29 16:52:00+00:00,25.674999237060547,25.674999237060547,25.645000457763672,25.649999618530273,22420
2025-09-29 16:53:00+00:00,25.665000915527344,25.675500869750977,25.655000686645508,25.67140007019043,24338
2025-09-29 16:54:00+00:00,25.655000686645508,25.665000915527344,25.649999618530273,25.665000915527344,11587
2025-09-29 16:55:00+00:00,25.645000457763672,25.65999984741211,25.641799926757812,25.655000686645508,15715
2025-09-29 16:56:00+00:00,25.65999984741211,25.66819953918457,25.639999389648438,25.639999389648438,20510
2025-09-29 16:57:00+00:00,25.690000534057617,25.690000534057617,25.665000915527344,25.665000915527344,18442
2025-09-29 16:58:00+00:00,25.684999465942383,25.684999465942383,25.674999237060547,25.684999465942383,10499
2025-09-29 16:59:00+00:00,25.670000076293945,25.684999465942383,25.665000915527344,25.684999465942383,13037
2025-09-29 17:00:00+00:00,25.670000076293945,25.680099487304688,25.670000076293945,25.670000076293945,22947
2025-09-29 17:01:00+00:00,25.67009925842285,25.684999465942383,25.670000076293945,25.674999237060547,28299
2025-09-29 17:02:00+00:00,25.670000076293945,25.679899215698242,25.670000076293945,25.674999237060547,17764
2025-09-29 17:03:00+00:00,25.690000534057617,25.690000534057617,25.670000076293945,25.674999237060547,14846
2025-09-29 17:04:00+00:00,25.665000915527344,25.690000534057617,25.655000686645508,25.690000534057617,21376
2025-09-29 17:05:00+00:00,25.684999465942383,25.688499450683594,25.665000915527344,25.665000915527344,17275
2025-09-29 17:06:00+00:00,25.655000686645508,25.684999465942383,25.649999618530273,25.684999465942383,11938
2025-09-29 17:07:00+00:00,25.636600494384766,25.649999618530273,25.6299991607666,25.649999618530273,7647
2025-09-29 17:08:00+00:00,25.635000228881836,25.638900756835938,25.631000518798828,25.635000228881836,8307
2025-09-29 17:09:00+00:00,25.618200302124023,25.635000228881836,25.614999771118164,25.635000228881836,6219
2025-09-29 17:10:00+00:00,25.625,25.625,25.610000610351562,25.6200008392334,7532
2025-09-29 17:11:00+00:00,25.62420082092285,25.629899978637695,25.61989974975586,25.625,5107
2025-09-29 17:12:00+00:00,25.625,25.639999389648438,25.62350082397461,25.625,5552
2025-09-29 17:13:00+00:00,25.62420082092285,25.6299991607666,25.6200008392334,25.6200008392334,3267
2025-09-29 17:14:00+00:00,25.608800888061523,25.62619972229004,25.60219955444336,25.625,9657
2025-09-29 17:15:00+00:00,25.608600616455078,25.610000610351562,25.600000381469727,25.60610008239746,4642
2025-09-29 17:16:00+00:00,25.604999542236328,25.62980079650879,25.604999542236328,25.604999542236328,12960
2025-09-29 17:17:00+00:00,25.614999771118164,25.6200008392334,25.604999542236328,25.604999542236328,12451
2025-09-29 17:18:00+00:00,25.608999252319336,25.616500854492188,25.604999542236328,25.616500854492188,7458
2025-09-29 17:19:00+00:00,25.610000610351562,25.625,25.604999542236328,25.610000610351562,8290
2025-09-29 17:20:00+00:00,25.6200008392334,25.6200008392334,25.604999542236328,25.604999542236328,8243
2025-09-29 17:21:00+00:00,25.625,25.628599166870117,25.625,25.625,3094
2025-09-29 17:22:00+00:00,25.625,25.63010025024414,25.625,25.625,8620
2025-09-29 17:23:00+00:00,25.625,25.629899978637695,25.6200008392334,25.625,6313
2025-09-29 17:24:00+00:00,25.655000686645508,25.655000686645508,25.625,25.625,31079
2025-09-29 17:25:00+00:00,25.665000915527344,25.665000915527344,25.650100708007812,25.655000686645508,30690
2025-09-29 17:26:00+00:00,25.665000915527344,25.670000076293945,25.66010093688965,25.670000076293945,12646
2025-09-29 17:27:00+00:00,25.670000076293945,25.670000076293945,25.64389991760254,25.665000915527344,22726
2025-09-29 17:28:00+00:00,25.65999984741211,25.670000076293945,25.65999984741211,25.65999984741211,15726
2025-09-29 17:29:00+00:00,25.65999984741211,25.65999984741211,25.655000686645508,25.655000686645508,4288
2025-09-29 17:30:00+00:00,25.665000915527344,25.670000076293945,25.655000686645508,25.655000686645508,6868
2025-09-29 17:31:00+00:00,25.665000915527344,25.670000076293945,25.65999984741211,25.665000915527344,5572
2025-09-29 17:32:00+00:00,25.665000915527344,25.670000076293945,25.65999984741211,25.65999984741211,5716
2025-09-29 17:33:00+00:00,25.672199249267578,25.672199249267578,25.65999984741211,25.665000915527344,14429
2025-09-29 17:34:00+00:00,25.674999237060547,25.68000030517578,25.670000076293945,25.674999237060547,21839
2025-09-29 17:35:00+00:00,25.685800552368164,25.685800552368164,25.65999984741211,25.674999237060547,11943
2025-09-29 17:36:00+00:00,25.69379997253418,25.700000762939453,25.688499450683594,25.688499450683594,48493
2025-09-29 17:37:00+00:00,25.684999465942383,25.699899673461914,25.684999465942383,25.69499969482422,19416
2025-09-29 17:38:00+00:00,25.684999465942383,25.684999465942383,25.68000030517578,25.684999465942383,7336
2025-09-29 17:39:00+00:00,25.670000076293945,25.684999465942383,25.670000076293945,25.684999465942383,7226
2025-09-29 17:40:00+00:00,25.665000915527344,25.68000030517578,25.65999984741211,25.670000076293945,17632
2025-09-29 17:41:00+00:00,25.68000030517578,25.684999465942383,25.65999984741211,25.65999984741211,14364
2025-09-29 17:42:00+00:00,25.69499969482422,25.700000762939453,25.684999465942383,25.684999465942383,5032
2025-09-29 17:43:00+00:00,25.69499969482422,25.700000762939453,25.691699981689453,25.696500778198242,12192
2025-09-29 17:44:00+00:00,25.69499969482422,25.69499969482422,25.684999465942383,25.690000534057617,7635
2025-09-29 17:45:00+00:00,25.674999237060547,25.69499969482422,25.674999237060547,25.69499969482422,10733
2025-09-29 17:46:00+00:00,25.674999237060547,25.68000030517578,25.670000076293945,25.674999237060547,14416
2025-09-29 17:47:00+00:00,25.684999465942383,25.684999465942383,25.670000076293945,25.674999237060547,7424
2025-09-29 17:48:00+00:00,25.684999465942383,25.690000534057617,25.6835994720459,25.684999465942383,6827
2025-09-29 17:49:00+00:00,25.684999465942383,25.688199996948242,25.681800842285156,25.681800842285156,4534
2025-09-29 17:50:00+00:00,25.69499969482422,25.700000762939453,25.690000534057617,25.690000534057617,8379
2025-09-29 17:51:00+00:00,25.719999313354492,25.719999313354492,25.69499969482422,25.69499969482422,48325
2025-09-29 17:52:00+00:00,25.704999923706055,25.725000381469727,25.700000762939453,25.725000381469727,41216
2025-09-29 17:53:00+00:00,25.704999923706055,25.708200454711914,25.700000762939453,25.704999923706055,11269
2025-09-29 17:54:00+00:00,25.704999923706055,25.705299377441406,25.704999923706055,25.704999923706055,4190
2025-09-29 17:55:00+00:00,25.68000030517578,25.704999923706055,25.68000030517578,25.704999923706055,6935
2025-09-29 17:56:00+00:00,25.69499969482422,25.69499969482422,25.68000030517578,25.684999465942383,21603
2025-09-29 17:57:00+00:00,25.690000534057617,25.696199417114258,25.690000534057617,25.69499969482422,20185
2025-09-29 17:58:00+00:00,25.69499969482422,25.700000762939453,25.690000534057617,25.69499969482422,4663
2025-09-29 17:59:00+00:00,25.690000534057617,25.69529914855957,25.690000534057617,25.69499969482422,4205
2025-09-29 18:00:00+00:00,25.700000762939453,25.700000762939453,25.684999465942383,25.690000534057617,18559
2025-09-29 18:01:00+00:00,25.704999923706055,25.708799362182617,25.690000534057617,25.69499969482422,9778
2025-09-29 18:02:00+00:00,25.71500015258789,25.719999313354492,25.704999923706055,25.704999923706055,22519
2025-09-29 18:03:00+00:00,25.71500015258789,25.71500015258789,25.711599349975586,25.711599349975586,3216
2025-09-29 18:04:00+00:00,25.71500015258789,25.719999313354492,25.710899353027344,25.712499618530273,16922
2025-09-29 18:05:00+00:00,25.729999542236328,25.729999542236328,25.709999084472656,25.71500015258789,12659
2025-09-29 18:06:00+00:00,25.7450008392334,25.748699188232422,25.733999252319336,25.735000610351562,16528
2025-09-29 18:07:00+00:00,25.7450008392334,25.74650001525879,25.742000579833984,25.7450008392334,13751
2025-09-29 18:08:00+00:00,25.7450008392334,25.75,25.739999771118164,25.7450008392334,32171
2025-09-29 18:09:00+00:00,25.735000610351562,25.75,25.735000610351562,25.75,4929
2025-09-29 18:10:00+00:00,25.725000381469727,25.735000610351562,25.71500015258789,25.735000610351562,14708
2025-09-29 18:11:00+00:00,25.725000381469727,25.729900360107422,25.719999313354492,25.722000122070312,12785
2025-09-29 18:12:00+00:00,25.725000381469727,25.725000381469727,25.71500015258789,25.719999313354492,58792
2025-09-29 18:13:00+00:00,25.725000381469727,25.725000381469727,25.72010040283203,25.725000381469727,2825
2025-09-29 18:14:00+00:00,25.700000762939453,25.725000381469727,25.700000762939453,25.725000381469727,7315
2025-09-29 18:15:00+00:00,25.719999313354492,25.725000381469727,25.70439910888672,25.70439910888672,26513
2025-09-29 18:16:00+00:00,25.709999084472656,25.719900131225586,25.709999084472656,25.71500015258789,5311
2025-09-29 18:17:00+00:00,25.721799850463867,25.728200912475586,25.704999923706055,25.704999923706055,4487
2025-09-29 18:18:00+00:00,25.71500015258789,25.725000381469727,25.709999084472656,25.725000381469727,10982
2025-09-29 18:19:00+00:00,25.719999313354492,25.719999313354492,25.709999084472656,25.709999084472656,2742
2025-09-29 18:20:00+00:00,25.704999923706055,25.719999313354492,25.704999923706055,25.71500015258789,3709
2025-09-29 18:21:00+00:00,25.723800659179688,25.723800659179688,25.700000762939453,25.70989990234375,13259
2025-09-29 18:22:00+00:00,25.725000381469727,25.729900360107422,25.71500015258789,25.719999313354492,7365
2025-09-29 18:23:00+00:00,25.7450008392334,25.7450008392334,25.723499298095703,25.725000381469727,10306
2025-09-29 18:24:00+00:00,25.735000610351562,25.739999771118164,25.735000610351562,25.739999771118164,3376
2025-09-29 18:25:00+00:00,25.739900588989258,25.739900588989258,25.729999542236328,25.73699951171875,11904
2025-09-29 18:26:00+00:00,25.729999542236328,25.735000610351562,25.728200912475586,25.729999542236328,5950
2025-09-29 18:27:00+00:00,25.73550033569336,25.73550033569336,25.729999542236328,25.735000610351562,3234
2025-09-29 18:28:00+00:00,25.735000610351562,25.735300064086914,25.729999542236328,25.729999542236328,2137
2025-09-29 18:29:00+00:00,25.735000610351562,25.7549991607666,25.735000610351562,25.735000610351562,23398
2025-09-29 18:30:00+00:00,25.7450008392334,25.7450008392334,25.729999542236328,25.7362003326416,11090
2025-09-29 18:31:00+00:00,25.735000610351562,25.7450008392334,25.73189926147461,25.7450008392334,5127
2025-09-29 18:32:00+00:00,25.735000610351562,25.73979949951172,25.729999542236328,25.735000610351562,2385
2025-09-29 18:33:00+00:00,25.735000610351562,25.7450008392334,25.729999542236328,25.735000610351562,5959
2025-09-29 18:34:00+00:00,25.7450008392334,25.74839973449707,25.735000610351562,25.735000610351562,11365
2025-09-29 18:35:00+00:00,25.739999771118164,25.75,25.739999771118164,25.75,30687
2025-09-29 18:36:00+00:00,25.74180030822754,25.7450008392334,25.74180030822754,25.7450008392334,1706
2025-09-29 18:37:00+00:00,25.729999542236328,25.749900817871094,25.729999542236328,25.749900817871094,11627
2025-09-29 18:38:00+00:00,25.739999771118164,25.739999771118164,25.729999542236328,25.735000610351562,6973
2025-09-29 18:39:00+00:00,25.7450008392334,25.7450008392334,25.725000381469727,25.729999542236328,18431
2025-09-29 18:40:00+00:00,25.7450008392334,25.7450008392334,25.730100631713867,25.7450008392334,23530
2025-09-29 18:41:00+00:00,25.739999771118164,25.7549991607666,25.735000610351562,25.75,8447
2025-09-29 18:42:00+00:00,25.739999771118164,25.739999771118164,25.729999542236328,25.735599517822266,1780
2025-09-29 18:43:00+00:00,25.735000610351562,25.739999771118164,25.729999542236328,25.735000610351562,8494
2025-09-29 18:44:00+00:00,25.729999542236328,25.735000610351562,25.725000381469727,25.730100631713867,13816
2025-09-29 18:45:00+00:00,25.735000610351562,25.735000610351562,25.725000381469727,25.725000381469727,6474
2025-09-29 18:46:00+00:00,25.735000610351562,25.736000061035156,25.729999542236328,25.735000610351562,7709
2025-09-29 18:47:00+00:00,25.739999771118164,25.7450008392334,25.729999542236328,25.739999771118164,5029
2025-09-29 18:48:00+00:00,25.7450008392334,25.75,25.7450008392334,25.746200561523438,3326
2025-09-29 18:49:00+00:00,25.735000610351562,25.745800018310547,25.735000610351562,25.745800018310547,4375
2025-09-29 18:50:00+00:00,25.735000610351562,25.739900588989258,25.729999542236328,25.739900588989258,11665
2025-09-29 18:51:00+00:00,25.719999313354492,25.73509979248047,25.719999313354492,25.735000610351562,13429
2025-09-29 18:52:00+00:00,25.719999313354492,25.725299835205078,25.719999313354492,25.725000381469727,5999
2025-09-29 18:53:00+00:00,25.704999923706055,25.725000381469727,25.700000762939453,25.719999313354492,36525
2025-09-29 18:54:00+00:00,25.709999084472656,25.71500015258789,25.704999923706055,25.709999084472656,9937
2025-09-29 18:55:00+00:00,25.70240020751953,25.709999084472656,25.700000762939453,25.704999923706055,8421
2025-09-29 18:56:00+00:00,25.704999923706055,25.705299377441406,25.700000762939453,25.705299377441406,6666
2025-09-29 18:57:00+00:00,25.704999923706055,25.704999923706055,25.704999923706055,25.704999923706055,13911
2025-09-29 18:58:00+00:00,25.690000534057617,25.707300186157227,25.690000534057617,25.700000762939453,6379
2025-09-29 18:59:00+00:00,25.69499969482422,25.69499969482422,25.690000534057617,25.690000534057617,15756
2025-09-29 19:00:00+00:00,25.684999465942383,25.704999923706055,25.684999465942383,25.69499969482422,35421
2025-09-29 19:01:00+00:00,25.683799743652344,25.696500778198242,25.68160057067871,25.684999465942383,24411
2025-09-29 19:02:00+00:00,25.700000762939453,25.704999923706055,25.684999465942383,25.688100814819336,35177
2025-09-29 19:03:00+00:00,25.705699920654297,25.706600189208984,25.700000762939453,25.706600189208984,5900
2025-09-29 19:04:00+00:00,25.700000762939453,25.704999923706055,25.69499969482422,25.704999923706055,6007
2025-09-29 19:05:00+00:00,25.684999465942383,25.69499969482422,25.68000030517578,25.694299697875977,9603
2025-09-29 19:06:00+00:00,25.683799743652344,25.69499969482422,25.683799743652344,25.684999465942383,14489
2025-09-29 19:07:00+00:00,25.666500091552734,25.684999465942383,25.65999984741211,25.684999465942383,36180
2025-09-29 19:08:00+00:00,25.684999465942383,25.690000534057617,25.662099838256836,25.665000915527344,18639
2025-09-29 19:09:00+00:00,25.684999465942383,25.690000534057617,25.680099487304688,25.684200286865234,6225
2025-09-29 19:10:00+00:00,25.709999084472656,25.709999084472656,25.68000030517578,25.684999465942383,19080
2025-09-29 19:11:00+00:00,25.71500015258789,25.71500015258789,25.704999923706055,25.704999923706055,5308
2025-09-29 19:12:00+00:00,25.709999084472656,25.71820068359375,25.700000762939453,25.71500015258789,13977
2025-09-29 19:13:00+00:00,25.690000534057617,25.719999313354492,25.690000534057617,25.706199645996094,39196
2025-09-29 19:14:00+00:00,25.65999984741211,25.684999465942383,25.65999984741211,25.684999465942383,29087
2025-09-29 19:15:00+00:00,25.645000457763672,25.670000076293945,25.645000457763672,25.665000915527344,33738
2025-09-29 19:16:00+00:00,25.655000686645508,25.655000686645508,25.639999389648438,25.649999618530273,29927
2025-09-29 19:17:00+00:00,25.646499633789062,25.649999618530273,25.6299991607666,25.649999618530273,29609
2025-09-29 19:18:00+00:00,25.645000457763672,25.648399353027344,25.639999389648438,25.640100479125977,16115
2025-09-29 19:19:00+00:00,25.645000457763672,25.649999618530273,25.639999389648438,25.645000457763672,41908
2025-09-29 19:20:00+00:00,25.633800506591797,25.645000457763672,25.625,25.643800735473633,32778
2025-09-29 19:21:00+00:00,25.639999389648438,25.649999618530273,25.6200008392334,25.634700775146484,53911
2025-09-29 19:22:00+00:00,25.641799926757812,25.649900436401367,25.635000228881836,25.639999389648438,39404
2025-09-29 19:23:00+00:00,25.649999618530273,25.649999618530273,25.6299991607666,25.645000457763672,45226
2025-09-29 19:24:00+00:00,25.649999618530273,25.649999618530273,25.639999389648438,25.645000457763672,29005
2025-09-29 19:25:00+00:00,25.670000076293945,25.670000076293945,25.639999389648438,25.645000457763672,50479
2025-09-29 19:26:00+00:00,25.66990089416504,25.670000076293945,25.65999984741211,25.670000076293945,51468
2025-09-29 19:27:00+00:00,25.655000686645508,25.665000915527344,25.655000686645508,25.665000915527344,20312
2025-09-29 19:28:00+00:00,25.649999618530273,25.659700393676758,25.649999618530273,25.655000686645508,24480
2025-09-29 19:29:00+00:00,25.665000915527344,25.666200637817383,25.649999618530273,25.655000686645508,11981
2025-09-29 19:30:00+00:00,25.674999237060547,25.68000030517578,25.65999984741211,25.665000915527344,35248
2025-09-29 19:31:00+00:00,25.665000915527344,25.68000030517578,25.665000915527344,25.674999237060547,42699
2025-09-29 19:32:00+00:00,25.674999237060547,25.67799949645996,25.65999984741211,25.665000915527344,12969
2025-09-29 19:33:00+00:00,25.674999237060547,25.68000030517578,25.670000076293945,25.679899215698242,21610
2025-09-29 19:34:00+00:00,25.674999237060547,25.68000030517578,25.670000076293945,25.674999237060547,24721
2025-09-29 19:35:00+00:00,25.68000030517578,25.690000534057617,25.665000915527344,25.674999237060547,38057
2025-09-29 19:36:00+00:00,25.684999465942383,25.690000534057617,25.680099487304688,25.684999465942383,18789
2025-09-29 19:37:00+00:00,25.69379997253418,25.704999923706055,25.68000030517578,25.684999465942383,67904
2025-09-29 19:38:00+00:00,25.703500747680664,25.709999084472656,25.69499969482422,25.69499969482422,52088
2025-09-29 19:39:00+00:00,25.7012996673584,25.709999084472656,25.684999465942383,25.704999923706055,69764
2025-09-29 19:40:00+00:00,25.704999923706055,25.709999084472656,25.69499969482422,25.709999084472656,83244
2025-09-29 19:41:00+00:00,25.69499969482422,25.704999923706055,25.69099998474121,25.700000762939453,21032
2025-09-29 19:42:00+00:00,25.709999084472656,25.709999084472656,25.690000534057617,25.690000534057617,36070
2025-09-29 19:43:00+00:00,25.69499969482422,25.719999313354492,25.690000534057617,25.704999923706055,47138
2025-09-29 19:44:00+00:00,25.690099716186523,25.700000762939453,25.690000534057617,25.69499969482422,14608
2025-09-29 19:45:00+00:00,25.69499969482422,25.709999084472656,25.69379997253418,25.700000762939453,29580
2025-09-29 19:46:00+00:00,25.709999084472656,25.709999084472656,25.690000534057617,25.69499969482422,34761
2025-09-29 19:47:00+00:00,25.71500015258789,25.71500015258789,25.700000762939453,25.702600479125977,13612
2025-09-29 19:48:00+00:00,25.71500015258789,25.719999313354492,25.709999084472656,25.71500015258789,22515
2025-09-29 19:49:00+00:00,25.725000381469727,25.729999542236328,25.709999084472656,25.71500015258789,52788
2025-09-29 19:50:00+00:00,25.72010040283203,25.75,25.719999313354492,25.729999542236328,50536
2025-09-29 19:51:00+00:00,25.71500015258789,25.725000381469727,25.71500015258789,25.719999313354492,15765
2025-09-29 19:52:00+00:00,25.725000381469727,25.739999771118164,25.709999084472656,25.71500015258789,60358
2025-09-29 19:53:00+00:00,25.71500015258789,25.719999313354492,25.709999084472656,25.719999313354492,25609
2025-09-29 19:54:00+00:00,25.69499969482422,25.719999313354492,25.69499969482422,25.71500015258789,75758
2025-09-29 19:55:00+00:00,25.684999465942383,25.69499969482422,25.674999237060547,25.69499969482422,119212
2025-09-29 19:56:00+00:00,25.684999465942383,25.690000534057617,25.68000030517578,25.684999465942383,67249
2025-09-29 19:57:00+00:00,25.684999465942383,25.69499969482422,25.68000030517578,25.684999465942383,53003
2025-09-29 19:58:00+00:00,25.684999465942383,25.690000534057617,25.670000076293945,25.68000030517578,105615
2025-09-29 19:59:00+00:00,25.700000762939453,25.700000762939453,25.674999237060547,25.684999465942383,168407
2025-09-30 13:30:00+00:00,25.684999465942383,25.75,25.670000076293945,25.719999313354492,167690
2025-09-30 13:31:00+00:00,25.719999313354492,25.7549991607666,25.700000762939453,25.700000762939453,13387
2025-09-30 13:32:00+00:00,25.790000915527344,25.799999237060547,25.7091007232666,25.709999084472656,17584
2025-09-30 13:33:00+00:00,25.774999618530273,25.815000534057617,25.774999618530273,25.799999237060547,15513
2025-09-30 13:34:00+00:00,25.779300689697266,25.780000686645508,25.764999389648438,25.770099639892578,7028
2025-09-30 13:35:00+00:00,25.726999282836914,25.780000686645508,25.719999313354492,25.780000686645508,9503
2025-09-30 13:36:00+00:00,25.719999313354492,25.719999313354492,25.704999923706055,25.71500015258789,8270
2025-09-30 13:37:00+00:00,25.729999542236328,25.7450008392334,25.718000411987305,25.729999542236328,4650
2025-09-30 13:38:00+00:00,25.764999389648438,25.78499984741211,25.739999771118164,25.739999771118164,1903
2025-09-30 13:39:00+00:00,25.780000686645508,25.78499984741211,25.764999389648438,25.764999389648438,3085
2025-09-30 13:40:00+00:00,25.795000076293945,25.809999465942383,25.78499984741211,25.78499984741211,16234
2025-09-30 13:41:00+00:00,25.780000686645508,25.799999237060547,25.770000457763672,25.795000076293945,6920
2025-09-30 13:42:00+00:00,25.774999618530273,25.786500930786133,25.764999389648438,25.774999618530273,6290
2025-09-30 13:43:00+00:00,25.774999618530273,25.789899826049805,25.770000457763672,25.78499984741211,9232
2025-09-30 13:44:00+00:00,25.7908992767334,25.80150032043457,25.770000457763672,25.774999618530273,6362
2025-09-30 13:45:00+00:00,25.778799057006836,25.809999465942383,25.770000457763672,25.790000915527344,17966
2025-09-30 13:46:00+00:00,25.790000915527344,25.809999465942383,25.773700714111328,25.774999618530273,16984
2025-09-30 13:47:00+00:00,25.778799057006836,25.789899826049805,25.760000228881836,25.789899826049805,6699
2025-09-30 13:48:00+00:00,25.760000228881836,25.770000457763672,25.7549991607666,25.770000457763672,2197
2025-09-30 13:49:00+00:00,25.760000228881836,25.770000457763672,25.739999771118164,25.7549991607666,10943
2025-09-30 13:50:00+00:00,25.790000915527344,25.790000915527344,25.7549991607666,25.7549991607666,14930
2025-09-30 13:51:00+00:00,25.84000015258789,25.844999313354492,25.799999237060547,25.799999237060547,13721
2025-09-30 13:52:00+00:00,25.836000442504883,25.850000381469727,25.834999084472656,25.844999313354492,6670
2025-09-30 13:53:00+00:00,25.8700008392334,25.875,25.834999084472656,25.84000015258789,12764
2025-09-30 13:54:00+00:00,25.885000228881836,25.899999618530273,25.8700008392334,25.875,14544
2025-09-30 13:55:00+00:00,25.864999771118164,25.8799991607666,25.860000610351562,25.8799991607666,10659
2025-09-30 13:56:00+00:00,25.866500854492188,25.8700008392334,25.864999771118164,25.864999771118164,2796
2025-09-30 13:57:00+00:00,25.864999771118164,25.8700008392334,25.860000610351562,25.864999771118164,6325
2025-09-30 13:58:00+00:00,25.889999389648438,25.889999389648438,25.86199951171875,25.86199951171875,19893
2025-09-30 13:59:00+00:00,25.905000686645508,25.915000915527344,25.89419937133789,25.89419937133789,9343
2025-09-30 14:00:00+00:00,25.905000686645508,25.924999237060547,25.899999618530273,25.90999984741211,13418
2025-09-30 14:01:00+00:00,25.898099899291992,25.899999618530273,25.8799991607666,25.899999618530273,7641
2025-09-30 14:02:00+00:00,25.885000228881836,25.895099639892578,25.8799991607666,25.889999389648438,19542
2025-09-30 14:03:00+00:00,25.860000610351562,25.885000228881836,25.860000610351562,25.885000228881836,73533
2025-09-30 14:04:00+00:00,25.854999542236328,25.8700008392334,25.834999084472656,25.8700008392334,877049
2025-09-30 14:05:00+00:00,25.809999465942383,25.8799991607666,25.496000289916992,25.860000610351562,329052
2025-09-30 14:06:00+00:00,25.850000381469727,25.854999542236328,25.81999969482422,25.81999969482422,9511
2025-09-30 14:07:00+00:00,25.834999084472656,25.864999771118164,25.834999084472656,25.850000381469727,8957
2025-09-30 14:08:00+00:00,25.854999542236328,25.854999542236328,25.84000015258789,25.84000015258789,35469
2025-09-30 14:09:00+00:00,25.854999542236328,25.85650062561035,25.84000015258789,25.85650062561035,35205
2025-09-30 14:10:00+00:00,25.854999542236328,25.8700008392334,25.850000381469727,25.860000610351562,26769
2025-09-30 14:11:00+00:00,25.875,25.8799991607666,25.860000610351562,25.860000610351562,9498
2025-09-30 14:12:00+00:00,25.844999313354492,25.8700008392334,25.843799591064453,25.8700008392334,48855
2025-09-30 14:13:00+00:00,25.84000015258789,25.850000381469727,25.825000762939453,25.841100692749023,45897
2025-09-30 14:14:00+00:00,25.825000762939453,25.844999313354492,25.825000762939453,25.844999313354492,12292
2025-09-30 14:15:00+00:00,25.815000534057617,25.829999923706055,25.815000534057617,25.825000762939453,11730
2025-09-30 14:16:00+00:00,25.815000534057617,25.818700790405273,25.795000076293945,25.805099487304688,4867
2025-09-30 14:17:00+00:00,25.809999465942383,25.81999969482422,25.809999465942383,25.81999969482422,5126
2025-09-30 14:18:00+00:00,25.80500030517578,25.825000762939453,25.799999237060547,25.799999237060547,5409
2025-09-30 14:19:00+00:00,25.809900283813477,25.809999465942383,25.790000915527344,25.80500030517578,16278
2025-09-30 14:20:00+00:00,25.799999237060547,25.80500030517578,25.795000076293945,25.80500030517578,6484
2025-09-30 14:21:00+00:00,25.774999618530273,25.799999237060547,25.771900177001953,25.795000076293945,16678
2025-09-30 14:22:00+00:00,25.779300689697266,25.787500381469727,25.774999618530273,25.774999618530273,4285
2025-09-30 14:23:00+00:00,25.7549991607666,25.775100708007812,25.7549991607666,25.775100708007812,11046
2025-09-30 14:24:00+00:00,25.735000610351562,25.75,25.735000610351562,25.75,8154
2025-09-30 14:25:00+00:00,25.7549991607666,25.759899139404297,25.735000610351562,25.735000610351562,7465
2025-09-30 14:26:00+00:00,25.74880027770996,25.758499145507812,25.7450008392334,25.7549991607666,11074
2025-09-30 14:27:00+00:00,25.7549991607666,25.760000228881836,25.724000930786133,25.7450008392334,14640
2025-09-30 14:28:00+00:00,25.756200790405273,25.775800704956055,25.75469970703125,25.75469970703125,73799
2025-09-30 14:29:00+00:00,25.774999618530273,25.774999618530273,25.7450008392334,25.7549991607666,11183
2025-09-30 14:30:00+00:00,25.764999389648438,25.775100708007812,25.7549991607666,25.770000457763672,12813
2025-09-30 14:31:00+00:00,25.774999618530273,25.774999618530273,25.75,25.760000228881836,8712
2025-09-30 14:32:00+00:00,25.78380012512207,25.79010009765625,25.774999618530273,25.774999618530273,14897
2025-09-30 14:33:00+00:00,25.780000686645508,25.780000686645508,25.760000228881836,25.780000686645508,797289
2025-09-30 14:34:00+00:00,25.774999618530273,25.774999618530273,25.76420021057129,25.774999618530273,0
2025-09-30 14:35:00+00:00,25.7549991607666,25.770000457763672,25.739999771118164,25.770000457763672,29194
2025-09-30 14:36:00+00:00,25.71500015258789,25.7549991607666,25.71500015258789,25.7549991607666,9372
2025-09-30 14:37:00+00:00,25.704999923706055,25.71500015258789,25.69499969482422,25.71500015258789,35017
2025-09-30 14:38:00+00:00,25.704999923706055,25.71500015258789,25.701400756835938,25.70800018310547,20503
2025-09-30 14:39:00+00:00,25.690000534057617,25.704999923706055,25.68000030517578,25.704999923706055,47051
2025-09-30 14:40:00+00:00,25.68720054626465,25.697500228881836,25.683799743652344,25.697500228881836,23482
2025-09-30 14:41:00+00:00,25.680200576782227,25.690000534057617,25.671600341796875,25.68000030517578,44408
2025-09-30 14:42:00+00:00,25.665000915527344,25.681800842285156,25.65999984741211,25.68000030517578,43002
2025-09-30 14:43:00+00:00,25.665000915527344,25.674999237060547,25.649999618530273,25.665000915527344,66551
2025-09-30 14:44:00+00:00,25.684999465942383,25.686199188232422,25.665000915527344,25.670000076293945,55534
2025-09-30 14:45:00+00:00,25.674999237060547,25.69499969482422,25.665000915527344,25.684999465942383,46792
2025-09-30 14:46:00+00:00,25.69499969482422,25.69499969482422,25.665000915527344,25.68000030517578,60016
2025-09-30 14:47:00+00:00,25.69499969482422,25.704999923706055,25.674999237060547,25.69499969482422,47382
2025-09-30 14:48:00+00:00,25.700000762939453,25.704999923706055,25.684999465942383,25.69499969482422,35590
2025-09-30 14:49:00+00:00,25.704999923706055,25.707500457763672,25.690000534057617,25.690000534057617,16917
2025-09-30 14:50:00+00:00,25.655000686645508,25.704999923706055,25.655000686645508,25.704999923706055,75237
2025-09-30 14:51:00+00:00,25.614999771118164,25.674999237060547,25.614900588989258,25.655000686645508,106486
2025-09-30 14:52:00+00:00,25.614999771118164,25.6299991607666,25.60379981994629,25.614999771118164,109760
2025-09-30 14:53:00+00:00,25.610000610351562,25.625,25.604999542236328,25.6200008392334,40250
2025-09-30 14:54:00+00:00,25.614999771118164,25.625,25.614999771118164,25.614999771118164,34424
2025-09-30 14:55:00+00:00,25.655000686645508,25.665000915527344,25.610000610351562,25.610000610351562,25198
2025-09-30 14:56:00+00:00,25.655000686645508,25.66510009765625,25.649999618530273,25.649999618530273,32330
2025-09-30 14:57:00+00:00,25.665000915527344,25.665000915527344,25.655000686645508,25.655799865722656,6913
2025-09-30 14:58:00+00:00,25.66990089416504,25.670000076293945,25.649999618530273,25.665000915527344,47719
2025-09-30 14:59:00+00:00,25.645000457763672,25.66510009765625,25.64349937438965,25.665000915527344,36240
2025-09-30 15:00:00+00:00,25.674999237060547,25.674999237060547,25.6299991607666,25.645000457763672,22942
2025-09-30 15:01:00+00:00,25.725000381469727,25.725000381469727,25.671600341796875,25.674999237060547,37125
2025-09-30 15:02:00+00:00,25.71500015258789,25.726999282836914,25.712499618530273,25.725000381469727,14759
2025-09-30 15:03:00+00:00,25.71500015258789,25.728700637817383,25.709999084472656,25.71500015258789,58226
2025-09-30 15:04:00+00:00,25.71500015258789,25.725000381469727,25.709999084472656,25.71500015258789,12038
2025-09-30 15:05:00+00:00,25.74920082092285,25.75,25.704999923706055,25.704999923706055,49070
2025-09-30 15:06:00+00:00,25.71500015258789,25.749900817871094,25.71500015258789,25.7450008392334,43794
2025-09-30 15:07:00+00:00,25.71500015258789,25.719999313354492,25.709999084472656,25.71500015258789,13373
2025-09-30 15:08:00+00:00,25.71500015258789,25.7189998626709,25.709999084472656,25.71500015258789,31262
2025-09-30 15:09:00+00:00,25.709999084472656,25.719999313354492,25.709999084472656,25.71500015258789,29684
2025-09-30 15:10:00+00:00,25.704999923706055,25.71619987487793,25.700000762939453,25.71619987487793,21118
2025-09-30 15:11:00+00:00,25.700000762939453,25.70509910583496,25.700000762939453,25.700000762939453,24968
2025-09-30 15:12:00+00:00,25.71500015258789,25.729000091552734,25.700000762939453,25.700000762939453,51529
2025-09-30 15:13:00+00:00,25.71500015258789,25.719999313354492,25.700000762939453,25.71500015258789,16703
2025-09-30 15:14:00+00:00,25.709999084472656,25.719999313354492,25.709999084472656,25.71500015258789,29134
2025-09-30 15:15:00+00:00,25.71190071105957,25.725000381469727,25.71190071105957,25.71500015258789,27785
2025-09-30 15:16:00+00:00,25.71500015258789,25.719999313354492,25.709999084472656,25.71030044555664,30713
2025-09-30 15:17:00+00:00,25.7450008392334,25.7450008392334,25.71500015258789,25.719999313354492,40404
2025-09-30 15:18:00+00:00,25.729999542236328,25.75,25.729999542236328,25.7450008392334,1837975
2025-09-30 15:19:00+00:00,25.7450008392334,25.7450008392334,25.729999542236328,25.735000610351562,0
2025-09-30 15:20:00+00:00,25.735000610351562,25.746200561523438,25.729999542236328,25.7455997467041,25396
2025-09-30 15:21:00+00:00,25.7450008392334,25.75,25.725000381469727,25.735000610351562,61837
2025-09-30 15:22:00+00:00,25.774999618530273,25.780000686645508,25.7450008392334,25.7450008392334,146451
2025-09-30 15:23:00+00:00,25.795000076293945,25.795000076293945,25.774999618530273,25.774999618530273,18057
2025-09-30 15:24:00+00:00,25.78499984741211,25.799999237060547,25.770000457763672,25.795000076293945,51791
2025-09-30 15:25:00+00:00,25.790000915527344,25.79509925842285,25.78380012512207,25.790000915527344,31817
2025-09-30 15:26:00+00:00,25.805099487304688,25.805099487304688,25.780000686645508,25.795000076293945,72850
2025-09-30 15:27:00+00:00,25.804399490356445,25.809999465942383,25.78499984741211,25.80500030517578,49455
2025-09-30 15:28:00+00:00,25.795000076293945,25.80699920654297,25.790000915527344,25.80500030517578,35584
2025-09-30 15:29:00+00:00,25.815000534057617,25.815000534057617,25.792499542236328,25.795000076293945,53370
2025-09-30 15:30:00+00:00,25.80500030517578,25.81999969482422,25.799999237060547,25.811599731445312,46731
2025-09-30 15:31:00+00:00,25.799999237060547,25.80620002746582,25.799999237060547,25.80500030517578,20418
2025-09-30 15:32:00+00:00,25.811899185180664,25.81999969482422,25.799999237060547,25.799999237060547,23484
2025-09-30 15:33:00+00:00,25.815000534057617,25.815000534057617,25.80500030517578,25.809999465942383,16618
2025-09-30 15:34:00+00:00,25.825000762939453,25.826200485229492,25.815000534057617,25.815000534057617,23774
2025-09-30 15:35:00+00:00,25.809999465942383,25.81999969482422,25.809999465942383,25.81999969482422,52383
2025-09-30 15:36:00+00:00,25.815000534057617,25.829999923706055,25.809999465942383,25.815000534057617,105580
2025-09-30 15:37:00+00:00,25.825000762939453,25.826499938964844,25.81999969482422,25.81999969482422,23102
2025-09-30 15:38:00+00:00,25.81999969482422,25.82509994506836,25.81999969482422,25.825000762939453,19132
2025-09-30 15:39:00+00:00,25.844999313354492,25.850000381469727,25.815000534057617,25.825000762939453,74899
2025-09-30 15:40:00+00:00,25.854999542236328,25.86989974975586,25.844999313354492,25.846200942993164,79921
2025-09-30 15:41:00+00:00,25.854999542236328,25.860000610351562,25.85420036315918,25.860000610351562,35325
2025-09-30 15:42:00+00:00,25.885000228881836,25.888500213623047,25.854999542236328,25.859100341796875,55139
2025-09-30 15:43:00+00:00,25.881500244140625,25.895000457763672,25.875,25.885000228881836,9035
2025-09-30 15:44:00+00:00,25.889999389648438,25.889999389648438,25.8700008392334,25.88159942626953,5602
2025-09-30 15:45:00+00:00,25.884899139404297,25.889999389648438,25.8799991607666,25.889999389648438,6234
2025-09-30 15:46:00+00:00,25.885000228881836,25.889999389648438,25.880699157714844,25.885000228881836,895
2025-09-30 15:47:00+00:00,25.8799991607666,25.889999389648438,25.8799991607666,25.8799991607666,4375
2025-09-30 15:48:00+00:00,25.860000610351562,25.885000228881836,25.860000610351562,25.885000228881836,10622
2025-09-30 15:49:00+00:00,25.864999771118164,25.86989974975586,25.860000610351562,25.860000610351562,3016
2025-09-30 15:50:00+00:00,25.875,25.8799991607666,25.864999771118164,25.864999771118164,10378
2025-09-30 15:51:00+00:00,25.864999771118164,25.8799991607666,25.864999771118164,25.8799991607666,6273
2025-09-30 15:52:00+00:00,25.864999771118164,25.864999771118164,25.860000610351562,25.860000610351562,1638
2025-09-30 15:53:00+00:00,25.8799991607666,25.889999389648438,25.864999771118164,25.864999771118164,15381
2025-09-30 15:54:00+00:00,25.891000747680664,25.891000747680664,25.875,25.8799991607666,7945
2025-09-30 15:55:00+00:00,25.864999771118164,25.889999389648438,25.864999771118164,25.889999389648438,8829
2025-09-30 15:56:00+00:00,25.862300872802734,25.8700008392334,25.86199951171875,25.864999771118164,14136
2025-09-30 15:57:00+00:00,25.860000610351562,25.86870002746582,25.860000610351562,25.864999771118164,14527
2025-09-30 15:58:00+00:00,25.854000091552734,25.866199493408203,25.84000015258789,25.864999771118164,38401
2025-09-30 15:59:00+00:00,25.875,25.875,25.850000381469727,25.854999542236328,3399
2025-09-30 16:00:00+00:00,25.885299682617188,25.895000457763672,25.875,25.875,17535
2025-09-30 16:01:00+00:00,25.885000228881836,25.885000228881836,25.8799991607666,25.881200790405273,9015
2025-09-30 16:02:00+00:00,25.889999389648438,25.889999389648438,25.881500244140625,25.881500244140625,1831
2025-09-30 16:03:00+00:00,25.920000076293945,25.924999237060547,25.893800735473633,25.893800735473633,24739
2025-09-30 16:04:00+00:00,25.915000915527344,25.920000076293945,25.905000686645508,25.91010093688965,36040
2025-09-30 16:05:00+00:00,25.934999465942383,25.940000534057617,25.900100708007812,25.915000915527344,144730
2025-09-30 16:06:00+00:00,25.915000915527344,25.940000534057617,25.90999984741211,25.940000534057617,22744
2025-09-30 16:07:00+00:00,25.8981990814209,25.920000076293945,25.889999389648438,25.920000076293945,27988
2025-09-30 16:08:00+00:00,25.90999984741211,25.920000076293945,25.894899368286133,25.89900016784668,47574
2025-09-30 16:09:00+00:00,25.904499053955078,25.90999984741211,25.903499603271484,25.905000686645508,28459
2025-09-30 16:10:00+00:00,25.915000915527344,25.915000915527344,25.899999618530273,25.899999618530273,14301
2025-09-30 16:11:00+00:00,25.915000915527344,25.924999237060547,25.90999984741211,25.91349983215332,28513
2025-09-30 16:12:00+00:00,25.934999465942383,25.940000534057617,25.915000915527344,25.91510009765625,32192
2025-09-30 16:13:00+00:00,25.924999237060547,25.94179916381836,25.924999237060547,25.934999465942383,13011
2025-09-30 16:14:00+00:00,25.94379997253418,25.950000762939453,25.915000915527344,25.924999237060547,25927
2025-09-30 16:15:00+00:00,25.947500228881836,25.950000762939453,25.940000534057617,25.940000534057617,11453
2025-09-30 16:16:00+00:00,25.975000381469727,25.977100372314453,25.94499969482422,25.94499969482422,79049
2025-09-30 16:17:00+00:00,25.96809959411621,25.977399826049805,25.959999084472656,25.975000381469727,33252
2025-09-30 16:18:00+00:00,25.954999923706055,25.96500015258789,25.950000762939453,25.961999893188477,26777
2025-09-30 16:19:00+00:00,25.959999084472656,25.96500015258789,25.950000762939453,25.95509910583496,56465
2025-09-30 16:20:00+00:00,25.96500015258789,25.969999313354492,25.954999923706055,25.959999084472656,14263
2025-09-30 16:21:00+00:00,25.975000381469727,25.975000381469727,25.96150016784668,25.96500015258789,8537
2025-09-30 16:22:00+00:00,25.969999313354492,25.978099822998047,25.960100173950195,25.978099822998047,13606
2025-09-30 16:23:00+00:00,25.96500015258789,25.969999313354492,25.959999084472656,25.969999313354492,20895
2025-09-30 16:24:00+00:00,25.96500015258789,25.970199584960938,25.959999084472656,25.969999313354492,14470
2025-09-30 16:25:00+00:00,25.979999542236328,25.989999771118164,25.965099334716797,25.965099334716797,31169
2025-09-30 16:26:00+00:00,25.985000610351562,25.989999771118164,25.979999542236328,25.985000610351562,10581
2025-09-30 16:27:00+00:00,25.979999542236328,25.989999771118164,25.979999542236328,25.979999542236328,6871
2025-09-30 16:28:00+00:00,25.96500015258789,25.981800079345703,25.959999084472656,25.981800079345703,15341
2025-09-30 16:29:00+00:00,25.964000701904297,25.96649932861328,25.950000762939453,25.96500015258789,15499
2025-09-30 16:30:00+00:00,25.959999084472656,25.96820068359375,25.954999923706055,25.96500015258789,13526
2025-09-30 16:31:00+00:00,25.950000762939453,25.959999084472656,25.94379997253418,25.959999084472656,13698
2025-09-30 16:32:00+00:00,25.965999603271484,25.96619987487793,25.950000762939453,25.95490074157715,18173
2025-09-30 16:33:00+00:00,26.014999389648438,26.014999389648438,25.96179962158203,25.96179962158203,34444
2025-09-30 16:34:00+00:00,26.0049991607666,26.020000457763672,26.003799438476562,26.014999389648438,16456
2025-09-30 16:35:00+00:00,26.0049991607666,26.014999389648438,25.9950008392334,26.0,3415995
2025-09-30 16:36:00+00:00,25.99489974975586,26.010000228881836,25.99489974975586,26.0049991607666,0
2025-09-30 16:37:00+00:00,25.9950008392334,26.0,25.989999771118164,25.9950008392334,16742
2025-09-30 16:38:00+00:00,26.00510025024414,26.010000228881836,25.989999771118164,25.9950008392334,117756
2025-09-30 16:39:00+00:00,26.0049991607666,26.010000228881836,26.0,26.00510025024414,20181
2025-09-30 16:40:00+00:00,26.00510025024414,26.025100708007812,26.0049991607666,26.010000228881836,39065
2025-09-30 16:41:00+00:00,26.0049991607666,26.024999618530273,26.0,26.006200790405273,53214
2025-09-30 16:42:00+00:00,26.0049991607666,26.010000228881836,25.990100860595703,26.010000228881836,38870
2025-09-30 16:43:00+00:00,26.021799087524414,26.024999618530273,26.004899978637695,26.009000778198242,15067
2025-09-30 16:44:00+00:00,26.03499984741211,26.03499984741211,26.020099639892578,26.02989959716797,8800
2025-09-30 16:45:00+00:00,26.030000686645508,26.038799285888672,26.030000686645508,26.03499984741211,13209
2025-09-30 16:46:00+00:00,26.024999618530273,26.030000686645508,26.016399383544922,26.020000457763672,31971
2025-09-30 16:47:00+00:00,25.9950008392334,26.025299072265625,25.9950008392334,26.024999618530273,18983
2025-09-30 16:48:00+00:00,25.9950008392334,26.0049991607666,25.989999771118164,25.9950008392334,15259
2025-09-30 16:49:00+00:00,26.0049991607666,26.0049991607666,26.0,26.0,7896
2025-09-30 16:50:00+00:00,25.975000381469727,26.0,25.969999313354492,26.0,14898
2025-09-30 16:51:00+00:00,25.954999923706055,25.979999542236328,25.950000762939453,25.979999542236328,36364
2025-09-30 16:52:00+00:00,25.95989990234375,25.965099334716797,25.954999923706055,25.954999923706055,37071
2025-09-30 16:53:00+00:00,25.934999465942383,25.96500015258789,25.930099487304688,25.955699920654297,52417
2025-09-30 16:54:00+00:00,25.928199768066406,25.940000534057617,25.924999237060547,25.936199188232422,36138
2025-09-30 16:55:00+00:00,25.934999465942383,25.940000534057617,25.93000030517578,25.93000030517578,9724
2025-09-30 16:56:00+00:00,25.935100555419922,25.969999313354492,25.934999465942383,25.934999465942383,213746
2025-09-30 16:57:00+00:00,25.940000534057617,25.946199417114258,25.934999465942383,25.934999465942383,58877
2025-09-30 16:58:00+00:00,25.93000030517578,25.938100814819336,25.923799514770508,25.934999465942383,42951
2025-09-30 16:59:00+00:00,25.93000030517578,25.936199188232422,25.924999237060547,25.924999237060547,24477
2025-09-30 17:00:00+00:00,25.94499969482422,25.9552001953125,25.939899444580078,25.940000534057617,50461
2025-09-30 17:01:00+00:00,25.954999923706055,25.96619987487793,25.949899673461914,25.950000762939453,41558
2025-09-30 17:02:00+00:00,25.953399658203125,25.959999084472656,25.950000762939453,25.958200454711914,42276
2025-09-30 17:03:00+00:00,25.94499969482422,25.954999923706055,25.934999465942383,25.954999923706055,41607
2025-09-30 17:04:00+00:00,25.950000762939453,25.961000442504883,25.940000534057617,25.940000534057617,302032
2025-09-30 17:05:00+00:00,25.94499969482422,25.950000762939453,25.940099716186523,25.94499969482422,19851
2025-09-30 17:06:00+00:00,25.94420051574707,25.961000442504883,25.9419002532959,25.94499969482422,163223
2025-09-30 17:07:00+00:00,25.934999465942383,25.949899673461914,25.934999465942383,25.94499969482422,27520
2025-09-30 17:08:00+00:00,25.959999084472656,25.959999084472656,25.93000030517578,25.93000030517578,33170
2025-09-30 17:09:00+00:00,25.9419002532959,25.953800201416016,25.939899444580078,25.953800201416016,44234
2025-09-30 17:10:00+00:00,25.90999984741211,25.940000534057617,25.90999984741211,25.940000534057617,35431
2025-09-30 17:11:00+00:00,25.915000915527344,25.915000915527344,25.905000686645508,25.91349983215332,16884
2025-09-30 17:12:00+00:00,25.90530014038086,25.920000076293945,25.895000457763672,25.913799285888672,59042
2025-09-30 17:13:00+00:00,25.889999389648438,25.90999984741211,25.8799991607666,25.905000686645508,19768
2025-09-30 17:14:00+00:00,25.889999389648438,25.897499084472656,25.885000228881836,25.895000457763672,20892
2025-09-30 17:15:00+00:00,25.889999389648438,25.895099639892578,25.88010025024414,25.893800735473633,50753
2025-09-30 17:16:00+00:00,25.875,25.884899139404297,25.87190055847168,25.8799991607666,43504
2025-09-30 17:17:00+00:00,25.879899978637695,25.8799991607666,25.8700008392334,25.875,33108
2025-09-30 17:18:00+00:00,25.8799991607666,25.8799991607666,25.8700008392334,25.875,6725
2025-09-30 17:19:00+00:00,25.875,25.8799991607666,25.8700008392334,25.8700008392334,4816
2025-09-30 17:20:00+00:00,25.888200759887695,25.888200759887695,25.860000610351562,25.875,66123
2025-09-30 17:21:00+00:00,25.875099182128906,25.885099411010742,25.875,25.885000228881836,32891
2025-09-30 17:22:00+00:00,25.874300003051758,25.87619972229004,25.8700008392334,25.87179946899414,10296
2025-09-30 17:23:00+00:00,25.875,25.8799991607666,25.875,25.8799991607666,26106
2025-09-30 17:24:00+00:00,25.875,25.889999389648438,25.875,25.8799991607666,47610
2025-09-30 17:25:00+00:00,25.885000228881836,25.888399124145508,25.875,25.875,32735
2025-09-30 17:26:00+00:00,25.885099411010742,25.886199951171875,25.8700008392334,25.8799991607666,44338
2025-09-30 17:27:00+00:00,25.875,25.885099411010742,25.875,25.885099411010742,35063
2025-09-30 17:28:00+00:00,25.844999313354492,25.87779998779297,25.84000015258789,25.874000549316406,47621
2025-09-30 17:29:00+00:00,25.81999969482422,25.850000381469727,25.81999969482422,25.844999313354492,24358
2025-09-30 17:30:00+00:00,25.799999237060547,25.809999465942383,25.790000915527344,25.809999465942383,35310
2025-09-30 17:31:00+00:00,25.78499984741211,25.799999237060547,25.780000686645508,25.799999237060547,34706
2025-09-30 17:32:00+00:00,25.790000915527344,25.805099487304688,25.78499984741211,25.78499984741211,39119
2025-09-30 17:33:00+00:00,25.780000686645508,25.798099517822266,25.780000686645508,25.798099517822266,42296
2025-09-30 17:34:00+00:00,25.795000076293945,25.799999237060547,25.780000686645508,25.78499984741211,29832
2025-09-30 17:35:00+00:00,25.809900283813477,25.81999969482422,25.795000076293945,25.795000076293945,49107
2025-09-30 17:36:00+00:00,25.800100326538086,25.815000534057617,25.795000076293945,25.815000534057617,45640
2025-09-30 17:37:00+00:00,25.8080997467041,25.8080997467041,25.794700622558594,25.80500030517578,47965
2025-09-30 17:38:00+00:00,25.815000534057617,25.81999969482422,25.799999237060547,25.80620002746582,25822
2025-09-30 17:39:00+00:00,25.82979965209961,25.82979965209961,25.81999969482422,25.81999969482422,12471
2025-09-30 17:40:00+00:00,25.815099716186523,25.829999923706055,25.815000534057617,25.81999969482422,42286
2025-09-30 17:41:00+00:00,25.834999084472656,25.834999084472656,25.81999969482422,25.81999969482422,12951
2025-09-30 17:42:00+00:00,25.825000762939453,25.834999084472656,25.81999969482422,25.833799362182617,23895
2025-09-30 17:43:00+00:00,25.834999084472656,25.834999084472656,25.81999969482422,25.8218994140625,21172
2025-09-30 17:44:00+00:00,25.834999084472656,25.84000015258789,25.829999923706055,25.829999923706055,20982
2025-09-30 17:45:00+00:00,25.834999084472656,25.836200714111328,25.824899673461914,25.829999923706055,17423
2025-09-30 17:46:00+00:00,25.834400177001953,25.83989906311035,25.829999923706055,25.834999084472656,15338
2025-09-30 17:47:00+00:00,25.84510040283203,25.84510040283203,25.834999084472656,25.834999084472656,14110
2025-09-30 17:48:00+00:00,25.854999542236328,25.860000610351562,25.844999313354492,25.844999313354492,10822
2025-09-30 17:49:00+00:00,25.863800048828125,25.86989974975586,25.850000381469727,25.854999542236328,36927
2025-09-30 17:50:00+00:00,25.850000381469727,25.864999771118164,25.850000381469727,25.864999771118164,8980
2025-09-30 17:51:00+00:00,25.854999542236328,25.854999542236328,25.850000381469727,25.854999542236328,9316
2025-09-30 17:52:00+00:00,25.846200942993164,25.854999542236328,25.844999313354492,25.854999542236328,15542
2025-09-30 17:53:00+00:00,25.864999771118164,25.864999771118164,25.84000015258789,25.844999313354492,16288
2025-09-30 17:54:00+00:00,25.864999771118164,25.8799991607666,25.864999771118164,25.864999771118164,18164
2025-09-30 17:55:00+00:00,25.864999771118164,25.8700008392334,25.860000610351562,25.864999771118164,12377
2025-09-30 17:56:00+00:00,25.864999771118164,25.8700008392334,25.860200881958008,25.860200881958008,8385
2025-09-30 17:57:00+00:00,25.860000610351562,25.864999771118164,25.860000610351562,25.864999771118164,2589
2025-09-30 17:58:00+00:00,25.885099411010742,25.888099670410156,25.860000610351562,25.860000610351562,29868
2025-09-30 17:59:00+00:00,25.889999389648438,25.899999618530273,25.8799991607666,25.88990020751953,19504
2025-09-30 18:00:00+00:00,25.915000915527344,25.91990089416504,25.899999618530273,25.899999618530273,27102
2025-09-30 18:01:00+00:00,25.956199645996094,25.957799911499023,25.915000915527344,25.915000915527344,44117
2025-09-30 18:02:00+00:00,25.932199478149414,25.956199645996094,25.923799514770508,25.954999923706055,38838
2025-09-30 18:03:00+00:00,25.94099998474121,25.94379997253418,25.93000030517578,25.934999465942383,14792
2025-09-30 18:04:00+00:00,25.940000534057617,25.94529914855957,25.933799743652344,25.94499969482422,38705
2025-09-30 18:05:00+00:00,25.934999465942383,25.944000244140625,25.931299209594727,25.940000534057617,15642
2025-09-30 18:06:00+00:00,25.93000030517578,25.940000534057617,25.93000030517578,25.936399459838867,29864
2025-09-30 18:07:00+00:00,25.93000030517578,25.934999465942383,25.93000030517578,25.934999465942383,7286
2025-09-30 18:08:00+00:00,25.92490005493164,25.93000030517578,25.920000076293945,25.924999237060547,26597
2025-09-30 18:09:00+00:00,25.924999237060547,25.93000030517578,25.920000076293945,25.920000076293945,2645
2025-09-30 18:10:00+00:00,25.934999465942383,25.938100814819336,25.924999237060547,25.93000030517578,15770
2025-09-30 18:11:00+00:00,25.94499969482422,25.946199417114258,25.934999465942383,25.934999465942383,34417
2025-09-30 18:12:00+00:00,25.954999923706055,25.954999923706055,25.940000534057617,25.94499969482422,28315
2025-09-30 18:13:00+00:00,25.940000534057617,25.95509910583496,25.940000534057617,25.954999923706055,35709
2025-09-30 18:14:00+00:00,25.94499969482422,25.945100784301758,25.940000534057617,25.940000534057617,11099
2025-09-30 18:15:00+00:00,25.935100555419922,25.940000534057617,25.930099487304688,25.940000534057617,26835
2025-09-30 18:16:00+00:00,25.934900283813477,25.94499969482422,25.920000076293945,25.93000030517578,44039
2025-09-30 18:17:00+00:00,25.934999465942383,25.940000534057617,25.93000030517578,25.934999465942383,169107
2025-09-30 18:18:00+00:00,25.940000534057617,25.940000534057617,25.934999465942383,25.940000534057617,418390
2025-09-30 18:19:00+00:00,25.954999923706055,25.95639991760254,25.940000534057617,25.940000534057617,61972
2025-09-30 18:20:00+00:00,25.965900421142578,25.969999313354492,25.94499969482422,25.954700469970703,21054
2025-09-30 18:21:00+00:00,25.969999313354492,25.979999542236328,25.954999923706055,25.959999084472656,68597
2025-09-30 18:22:00+00:00,25.947799682617188,25.96500015258789,25.94379997253418,25.96500015258789,44890
2025-09-30 18:23:00+00:00,25.946199417114258,25.946199417114258,25.934999465942383,25.94499969482422,11648
2025-09-30 18:24:00+00:00,25.950000762939453,25.950000762939453,25.940000534057617,25.940000534057617,33691
2025-09-30 18:25:00+00:00,25.94499969482422,25.950000762939453,25.940000534057617,25.950000762939453,14825
2025-09-30 18:26:00+00:00,25.96500015258789,25.96500015258789,25.940000534057617,25.940000534057617,37904
2025-09-30 18:27:00+00:00,25.965299606323242,25.969999313354492,25.96190071105957,25.962400436401367,45293
2025-09-30 18:28:00+00:00,25.9950008392334,25.9950008392334,25.96500015258789,25.96500015258789,81442
2025-09-30 18:29:00+00:00,25.975000381469727,26.0,25.969999313354492,25.9950008392334,61798
2025-09-30 18:30:00+00:00,25.96500015258789,25.975000381469727,25.959999084472656,25.975000381469727,40506
2025-09-30 18:31:00+00:00,25.975000381469727,25.98780059814453,25.96500015258789,25.96500015258789,49402
2025-09-30 18:32:00+00:00,25.96500015258789,25.975000381469727,25.960100173950195,25.975000381469727,23933
2025-09-30 18:33:00+00:00,25.979999542236328,25.979999542236328,25.959999084472656,25.96500015258789,35574
2025-09-30 18:34:00+00:00,25.974700927734375,25.979999542236328,25.974700927734375,25.975000381469727,12021
2025-09-30 18:35:00+00:00,25.959999084472656,25.979999542236328,25.959999084472656,25.97010040283203,32383
2025-09-30 18:36:00+00:00,25.96500015258789,25.969999313354492,25.96500015258789,25.96500015258789,30739
2025-09-30 18:37:00+00:00,25.969999313354492,25.969999313354492,25.96500015258789,25.96500015258789,20072
2025-09-30 18:38:00+00:00,25.96500015258789,25.969999313354492,25.960100173950195,25.962099075317383,15353
2025-09-30 18:39:00+00:00,25.975000381469727,25.976200103759766,25.96500015258789,25.96500015258789,29344
2025-09-30 18:40:00+00:00,25.975000381469727,25.979999542236328,25.969999313354492,25.969999313354492,26063
2025-09-30 18:41:00+00:00,25.96769905090332,25.978099822998047,25.959999084472656,25.975000381469727,38197
2025-09-30 18:42:00+00:00,25.958099365234375,25.965099334716797,25.950000762939453,25.959999084472656,31310
2025-09-30 18:43:00+00:00,25.954999923706055,25.96500015258789,25.954999923706055,25.959999084472656,32205
2025-09-30 18:44:00+00:00,25.950000762939453,25.958099365234375,25.94499969482422,25.95170021057129,10183
2025-09-30 18:45:00+00:00,25.96809959411621,25.96809959411621,25.954999923706055,25.95509910583496,26501
2025-09-30 18:46:00+00:00,25.971900939941406,25.976200103759766,25.96380043029785,25.969999313354492,10512
2025-09-30 18:47:00+00:00,25.971900939941406,25.97559928894043,25.969999313354492,25.975000381469727,12939
2025-09-30 18:48:00+00:00,25.966299057006836,25.979900360107422,25.96500015258789,25.979900360107422,9656
2025-09-30 18:49:00+00:00,25.95509910583496,25.964500427246094,25.950000762939453,25.959999084472656,4140
2025-09-30 18:50:00+00:00,25.954999923706055,25.95989990234375,25.950000762939453,25.95490074157715,9414
2025-09-30 18:51:00+00:00,25.965700149536133,25.969900131225586,25.954999923706055,25.954999923706055,8208
2025-09-30 18:52:00+00:00,25.96489906311035,25.969900131225586,25.959999084472656,25.96809959411621,19240
2025-09-30 18:53:00+00:00,25.979999542236328,25.979999542236328,25.969999313354492,25.969999313354492,23332
2025-09-30 18:54:00+00:00,25.975000381469727,25.979999542236328,25.969999313354492,25.979799270629883,13021
2025-09-30 18:55:00+00:00,25.967599868774414,25.975000381469727,25.959999084472656,25.975000381469727,24851
2025-09-30 18:56:00+00:00,25.959999084472656,25.969999313354492,25.959999084472656,25.96500015258789,7139
2025-09-30 18:57:00+00:00,25.96500015258789,25.969999313354492,25.959999084472656,25.96500015258789,16574
2025-09-30 18:58:00+00:00,25.95509910583496,25.969999313354492,25.950000762939453,25.96500015258789,20516
2025-09-30 18:59:00+00:00,25.958200454711914,25.959999084472656,25.940000534057617,25.950000762939453,12075
2025-09-30 19:00:00+00:00,25.96500015258789,25.96500015258789,25.95199966430664,25.954999923706055,22685
2025-09-30 19:01:00+00:00,25.953800201416016,25.96500015258789,25.950000762939453,25.962299346923828,11650
2025-09-30 19:02:00+00:00,25.975000381469727,25.979999542236328,25.950000762939453,25.954999923706055,22456
2025-09-30 19:03:00+00:00,25.993799209594727,25.9950008392334,25.975000381469727,25.975000381469727,37266
2025-09-30 19:04:00+00:00,26.0,26.0,25.994199752807617,26.0,1106
2025-09-30 19:05:00+00:00,25.9950008392334,25.9950008392334,25.990100860595703,25.9950008392334,6189
2025-09-30 19:06:00+00:00,26.014999389648438,26.014999389648438,25.989999771118164,25.994199752807617,21818
2025-09-30 19:07:00+00:00,26.014999389648438,26.020000457763672,26.014999389648438,26.014999389648438,21307
2025-09-30 19:08:00+00:00,26.020000457763672,26.020000457763672,26.013500213623047,26.014400482177734,10922
2025-09-30 19:09:00+00:00,26.014999389648438,26.020000457763672,26.010000228881836,26.014999389648438,24034
2025-09-30 19:10:00+00:00,26.03499984741211,26.03499984741211,26.010000228881836,26.010000228881836,39434
2025-09-30 19:11:00+00:00,26.04990005493164,26.04990005493164,26.030000686645508,26.03499984741211,52871
2025-09-30 19:12:00+00:00,26.045000076293945,26.049999237060547,26.040000915527344,26.04490089416504,20044
2025-09-30 19:13:00+00:00,26.05500030517578,26.059999465942383,26.049999237060547,26.049999237060547,31851
2025-09-30 19:14:00+00:00,26.045000076293945,26.06999969482422,26.040000915527344,26.05500030517578,53538
2025-09-30 19:15:00+00:00,26.040000915527344,26.049999237060547,26.040000915527344,26.045000076293945,4435
2025-09-30 19:16:00+00:00,26.040000915527344,26.04509925842285,26.034299850463867,26.04509925842285,18859
2025-09-30 19:17:00+00:00,26.07990074157715,26.079999923706055,26.045000076293945,26.04509925842285,49248
2025-09-30 19:18:00+00:00,26.075000762939453,26.079999923706055,26.070100784301758,26.07379913330078,15486
2025-09-30 19:19:00+00:00,26.075000762939453,26.079999923706055,26.06999969482422,26.07509994506836,26159
2025-09-30 19:20:00+00:00,26.075000762939453,26.079999923706055,26.06999969482422,26.075000762939453,16332
2025-09-30 19:21:00+00:00,26.08650016784668,26.08650016784668,26.06999969482422,26.075000762939453,38034
2025-09-30 19:22:00+00:00,26.094999313354492,26.099899291992188,26.079999923706055,26.084999084472656,33055
2025-09-30 19:23:00+00:00,26.104900360107422,26.104999542236328,26.09309959411621,26.09510040283203,22099
2025-09-30 19:24:00+00:00,26.094999313354492,26.107900619506836,26.09000015258789,26.100000381469727,24478
2025-09-30 19:25:00+00:00,26.096500396728516,26.100000381469727,26.09000015258789,26.09510040283203,8955
2025-09-30 19:26:00+00:00,26.09000015258789,26.09510040283203,26.084999084472656,26.094999313354492,25566
2025-09-30 19:27:00+00:00,26.08810043334961,26.09000015258789,26.075000762939453,26.084999084472656,26232
2025-09-30 19:28:00+00:00,26.075000762939453,26.084999084472656,26.06999969482422,26.08009910583496,41632
2025-09-30 19:29:00+00:00,26.075000762939453,26.07509994506836,26.06999969482422,26.075000762939453,30016
2025-09-30 19:30:00+00:00,26.084999084472656,26.087499618530273,26.06999969482422,26.075000762939453,20900
2025-09-30 19:31:00+00:00,26.075000762939453,26.084999084472656,26.0718994140625,26.084999084472656,42180
2025-09-30 19:32:00+00:00,26.065000534057617,26.079999923706055,26.065000534057617,26.075000762939453,32108
2025-09-30 19:33:00+00:00,26.083799362182617,26.09000015258789,26.059999465942383,26.065000534057617,62756
2025-09-30 19:34:00+00:00,26.100000381469727,26.100000381469727,26.079999923706055,26.084999084472656,25375
2025-09-30 19:35:00+00:00,26.110000610351562,26.110000610351562,26.094900131225586,26.094999313354492,84700
2025-09-30 19:36:00+00:00,26.100000381469727,26.110000610351562,26.09000015258789,26.105600357055664,40360
2025-09-30 19:37:00+00:00,26.104999542236328,26.110000610351562,26.094999313354492,26.094999313354492,41456
2025-09-30 19:38:00+00:00,26.103300094604492,26.110000610351562,26.094999313354492,26.104999542236328,58486
2025-09-30 19:39:00+00:00,26.104999542236328,26.104999542236328,26.100000381469727,26.104999542236328,42212
2025-09-30 19:40:00+00:00,26.110000610351562,26.110000610351562,26.100000381469727,26.108200073242188,39427
2025-09-30 19:41:00+00:00,26.094999313354492,26.105300903320312,26.090099334716797,26.104999542236328,52338
2025-09-30 19:42:00+00:00,26.09510040283203,26.104999542236328,26.079999923706055,26.094999313354492,69570
2025-09-30 19:43:00+00:00,26.100000381469727,26.104999542236328,26.09000015258789,26.094999313354492,28128
2025-09-30 19:44:00+00:00,26.084999084472656,26.096200942993164,26.084999084472656,26.094999313354492,35477
2025-09-30 19:45:00+00:00,26.085100173950195,26.085100173950195,26.079999923706055,26.084999084472656,36178
2025-09-30 19:46:00+00:00,26.100000381469727,26.110000610351562,26.079999923706055,26.084999084472656,33850
2025-09-30 19:47:00+00:00,26.094999313354492,26.110000610351562,26.09000015258789,26.110000610351562,77482
2025-09-30 19:48:00+00:00,26.098100662231445,26.100000381469727,26.09000015258789,26.096200942993164,32275
2025-09-30 19:49:00+00:00,26.114999771118164,26.1200008392334,26.094999313354492,26.094999313354492,88715
2025-09-30 19:50:00+00:00,26.104999542236328,26.1299991607666,26.094999313354492,26.1200008392334,72056
2025-09-30 19:51:00+00:00,26.125,26.1299991607666,26.104999542236328,26.104999542236328,71162
2025-09-30 19:52:00+00:00,26.125,26.125,26.113800048828125,26.125,68182
2025-09-30 19:53:00+00:00,26.114999771118164,26.125,26.110000610351562,26.125,56994
2025-09-30 19:54:00+00:00,26.094999313354492,26.125099182128906,26.094999313354492,26.114999771118164,64565
2025-09-30 19:55:00+00:00,26.075000762939453,26.094999313354492,26.065000534057617,26.094999313354492,112979
2025-09-30 19:56:00+00:00,26.05500030517578,26.07509994506836,26.05500030517578,26.075000762939453,101230
2025-09-30 19:57:00+00:00,26.049999237060547,26.059999465942383,26.040000915527344,26.05500030517578,113960
2025-09-30 19:58:00+00:00,26.040000915527344,26.049999237060547,26.03499984741211,26.049999237060547,98909
2025-09-30 19:59:00+00:00,26.03499984741211,26.049999237060547,26.03350067138672,26.040000915527344,147805
2025-10-01 13:30:00+00:00,26.030000686645508,26.139999389648438,25.975000381469727,26.024999618530273,275420
2025-10-01 13:31:00+00:00,26.100000381469727,26.100000381469727,25.989999771118164,26.030000686645508,69724
2025-10-01 13:32:00+00:00,26.170000076293945,26.18000030517578,26.09000015258789,26.100000381469727,23201
2025-10-01 13:33:00+00:00,26.170000076293945,26.25,26.158700942993164,26.190000534057617,16063
2025-10-01 13:34:00+00:00,26.209999084472656,26.239999771118164,26.149999618530273,26.15999984741211,6652
2025-10-01 13:35:00+00:00,26.25,26.2549991607666,26.174999237060547,26.219999313354492,18525
2025-10-01 13:36:00+00:00,26.204999923706055,26.25,26.200000762939453,26.25,11860
2025-10-01 13:37:00+00:00,26.140100479125977,26.200000762939453,26.140100479125977,26.200000762939453,15901
2025-10-01 13:38:00+00:00,26.1299991607666,26.149999618530273,26.100000381469727,26.139999389648438,20113
2025-10-01 13:39:00+00:00,26.1299991607666,26.15999984741211,26.120899200439453,26.135099411010742,19629
2025-10-01 13:40:00+00:00,26.084199905395508,26.125,26.084199905395508,26.12420082092285,8696
2025-10-01 13:41:00+00:00,26.139999389648438,26.139999389648438,26.079999923706055,26.079999923706055,15552
2025-10-01 13:42:00+00:00,26.104999542236328,26.14349937438965,26.100000381469727,26.14349937438965,12373
2025-10-01 13:43:00+00:00,26.0314998626709,26.100000381469727,26.0049991607666,26.100000381469727,19334
2025-10-01 13:44:00+00:00,26.06999969482422,26.06999969482422,26.030000686645508,26.03499984741211,8506
2025-10-01 13:45:00+00:00,26.040000915527344,26.09000015258789,26.03499984741211,26.049999237060547,9580
2025-10-01 13:46:00+00:00,26.020000457763672,26.055599212646484,26.020000457763672,26.030000686645508,19165
2025-10-01 13:47:00+00:00,26.040000915527344,26.045000076293945,26.01300048828125,26.030000686645508,5665
2025-10-01 13:48:00+00:00,26.065000534057617,26.06999969482422,26.030000686645508,26.040000915527344,12095
2025-10-01 13:49:00+00:00,26.06999969482422,26.09000015258789,26.06999969482422,26.06999969482422,6603
2025-10-01 13:50:00+00:00,26.045900344848633,26.059999465942383,26.034400939941406,26.059999465942383,8013
2025-10-01 13:51:00+00:00,26.030000686645508,26.040000915527344,26.014999389648438,26.040000915527344,4178
2025-10-01 13:52:00+00:00,26.0,26.030000686645508,25.989999771118164,26.030000686645508,14666
2025-10-01 13:53:00+00:00,26.030000686645508,26.030000686645508,25.979999542236328,26.0,22653
2025-10-01 13:54:00+00:00,26.024999618530273,26.05500030517578,26.024999618530273,26.03499984741211,4936
2025-10-01 13:55:00+00:00,26.03499984741211,26.045000076293945,26.024999618530273,26.02989959716797,14708
2025-10-01 13:56:00+00:00,26.020000457763672,26.03499984741211,26.01420021057129,26.03499984741211,7837
2025-10-01 13:57:00+00:00,26.004899978637695,26.024999618530273,26.0,26.024999618530273,7324
2025-10-01 13:58:00+00:00,26.0,26.0049991607666,25.990100860595703,26.0049991607666,5090
2025-10-01 13:59:00+00:00,26.03499984741211,26.040000915527344,26.0049991607666,26.0049991607666,8715
2025-10-01 14:00:00+00:00,26.014999389648438,26.049999237060547,26.014999389648438,26.040000915527344,14940
2025-10-01 14:01:00+00:00,25.979999542236328,26.020000457763672,25.97010040283203,26.014999389648438,19674
2025-10-01 14:02:00+00:00,25.96500015258789,25.986000061035156,25.940000534057617,25.986000061035156,20027
2025-10-01 14:03:00+00:00,25.940000534057617,25.959999084472656,25.940000534057617,25.959999084472656,5740
2025-10-01 14:04:00+00:00,25.94499969482422,25.950000762939453,25.924999237060547,25.93000030517578,5586
2025-10-01 14:05:00+00:00,25.9950008392334,25.9950008392334,25.944700241088867,25.94499969482422,8257
2025-10-01 14:06:00+00:00,26.0049991607666,26.020000457763672,26.0,26.0049991607666,32550
2025-10-01 14:07:00+00:00,25.985000610351562,26.0049991607666,25.975000381469727,26.0049991607666,32725
2025-10-01 14:08:00+00:00,25.985000610351562,25.989999771118164,25.96500015258789,25.979999542236328,7566
2025-10-01 14:09:00+00:00,25.98590087890625,25.98590087890625,25.975000381469727,25.984699249267578,9057
2025-10-01 14:10:00+00:00,25.989999771118164,25.9950008392334,25.979999542236328,25.979999542236328,12893
2025-10-01 14:11:00+00:00,25.975000381469727,25.989999771118164,25.96500015258789,25.985000610351562,22629
2025-10-01 14:12:00+00:00,25.96190071105957,25.975099563598633,25.960100173950195,25.969999313354492,22296
2025-10-01 14:13:00+00:00,25.94499969482422,25.959999084472656,25.94499969482422,25.959999084472656,8175
2025-10-01 14:14:00+00:00,25.963499069213867,25.969900131225586,25.941699981689453,25.950000762939453,12702
2025-10-01 14:15:00+00:00,25.965700149536133,25.965700149536133,25.950000762939453,25.950000762939453,14309
2025-10-01 14:16:00+00:00,25.975000381469727,25.975000381469727,25.959999084472656,25.96500015258789,27058
2025-10-01 14:17:00+00:00,25.946300506591797,25.969999313354492,25.930099487304688,25.969999313354492,63465
2025-10-01 14:18:00+00:00,25.975000381469727,25.975000381469727,25.940099716186523,25.94499969482422,17510
2025-10-01 14:19:00+00:00,25.975000381469727,25.979900360107422,25.969999313354492,25.969999313354492,3910
2025-10-01 14:20:00+00:00,25.973800659179688,25.975799560546875,25.96500015258789,25.975000381469727,18078
2025-10-01 14:21:00+00:00,25.975000381469727,25.979900360107422,25.959999084472656,25.979900360107422,16496
2025-10-01 14:22:00+00:00,25.985000610351562,25.985000610351562,25.96500015258789,25.975000381469727,14352
2025-10-01 14:23:00+00:00,25.9950008392334,25.99920082092285,25.975000381469727,25.979999542236328,6541
2025-10-01 14:24:00+00:00,26.006500244140625,26.006500244140625,25.983699798583984,25.989999771118164,41908
2025-10-01 14:25:00+00:00,26.0049991607666,26.024999618530273,25.99489974975586,26.0,16181
2025-10-01 14:26:00+00:00,25.975000381469727,26.010000228881836,25.975000381469727,26.010000228881836,15098
2025-10-01 14:27:00+00:00,25.975000381469727,25.979999542236328,25.96500015258789,25.97100067138672,15647
2025-10-01 14:28:00+00:00,25.96500015258789,25.975299835205078,25.959999084472656,25.975299835205078,11363
2025-10-01 14:29:00+00:00,25.954999923706055,25.975000381469727,25.954999923706055,25.96500015258789,9967
2025-10-01 14:30:00+00:00,25.94499969482422,25.96500015258789,25.941200256347656,25.954999923706055,17011
2025-10-01 14:31:00+00:00,25.97010040283203,25.97010040283203,25.94499969482422,25.94499969482422,12108
2025-10-01 14:32:00+00:00,25.968000411987305,25.975000381469727,25.96500015258789,25.969999313354492,14212
2025-10-01 14:33:00+00:00,25.990100860595703,25.9950008392334,25.969999313354492,25.969999313354492,33874
2025-10-01 14:34:00+00:00,25.9950008392334,26.0,25.989999771118164,25.9950008392334,28572
2025-10-01 14:35:00+00:00,26.0049991607666,26.01919937133789,25.9950008392334,25.9950008392334,17803
2025-10-01 14:36:00+00:00,26.010000228881836,26.020000457763672,26.0049991607666,26.0049991607666,27222
2025-10-01 14:37:00+00:00,26.014999389648438,26.014999389648438,25.9950008392334,26.010299682617188,21125
2025-10-01 14:38:00+00:00,26.014999389648438,26.014999389648438,26.00189971923828,26.010000228881836,24445
2025-10-01 14:39:00+00:00,26.06529998779297,26.079999923706055,26.010000228881836,26.011600494384766,119290
2025-10-01 14:40:00+00:00,26.071500778198242,26.079999923706055,26.062000274658203,26.062000274658203,26184
2025-10-01 14:41:00+00:00,26.075000762939453,26.079999923706055,26.060100555419922,26.077199935913086,18296
2025-10-01 14:42:00+00:00,26.07990074157715,26.079999923706055,26.059999465942383,26.06999969482422,14785
2025-10-01 14:43:00+00:00,26.059999465942383,26.07509994506836,26.05500030517578,26.07509994506836,14172
2025-10-01 14:44:00+00:00,26.050899505615234,26.066200256347656,26.050899505615234,26.065000534057617,40973
2025-10-01 14:45:00+00:00,26.062700271606445,26.06999969482422,26.049999237060547,26.059999465942383,15732
2025-10-01 14:46:00+00:00,26.059999465942383,26.066299438476562,26.05030059814453,26.066299438476562,33588
2025-10-01 14:47:00+00:00,26.065099716186523,26.065099716186523,26.05500030517578,26.05500030517578,14003
2025-10-01 14:48:00+00:00,26.069900512695312,26.06999969482422,26.050100326538086,26.06999969482422,9281
2025-10-01 14:49:00+00:00,26.04010009765625,26.068899154663086,26.04010009765625,26.065000534057617,11180
2025-10-01 14:50:00+00:00,26.059999465942383,26.079999923706055,26.040000915527344,26.049999237060547,44154
2025-10-01 14:51:00+00:00,26.061500549316406,26.065000534057617,26.049999237060547,26.059999465942383,20116
2025-10-01 14:52:00+00:00,26.086299896240234,26.09000015258789,26.05500030517578,26.05500030517578,12876
2025-10-01 14:53:00+00:00,26.084999084472656,26.09000015258789,26.07349967956543,26.085800170898438,15659
2025-10-01 14:54:00+00:00,26.094999313354492,26.100000381469727,26.079999923706055,26.079999923706055,28769
2025-10-01 14:55:00+00:00,26.09510040283203,26.098499298095703,26.094999313354492,26.094999313354492,19153
2025-10-01 14:56:00+00:00,26.079999923706055,26.09600067138672,26.06999969482422,26.09600067138672,18679
2025-10-01 14:57:00+00:00,26.071199417114258,26.09000015258789,26.06999969482422,26.084999084472656,21507
2025-10-01 14:58:00+00:00,26.079999923706055,26.079999923706055,26.059999465942383,26.075000762939453,26936
2025-10-01 14:59:00+00:00,26.084999084472656,26.084999084472656,26.07509994506836,26.07990074157715,12755
2025-10-01 15:00:00+00:00,26.050100326538086,26.088899612426758,26.049999237060547,26.084999084472656,51279
2025-10-01 15:01:00+00:00,26.049999237060547,26.059900283813477,26.040000915527344,26.056100845336914,26662
2025-10-01 15:02:00+00:00,26.045000076293945,26.050100326538086,26.04050064086914,26.04509925842285,15933
2025-10-01 15:03:00+00:00,26.056499481201172,26.056499481201172,26.030099868774414,26.045000076293945,33690
2025-10-01 15:04:00+00:00,26.045000076293945,26.050100326538086,26.044200897216797,26.050100326538086,15762
2025-10-01 15:05:00+00:00,26.04010009765625,26.059999465942383,26.040000915527344,26.045000076293945,48289
2025-10-01 15:06:00+00:00,26.040000915527344,26.04990005493164,26.040000915527344,26.04509925842285,16528
2025-10-01 15:07:00+00:00,26.039899826049805,26.045000076293945,26.03499984741211,26.040700912475586,13225
2025-10-01 15:08:00+00:00,26.040700912475586,26.04990005493164,26.030000686645508,26.03860092163086,9374
2025-10-01 15:09:00+00:00,26.058500289916992,26.058500289916992,26.040000915527344,26.04509925842285,9447
2025-10-01 15:10:00+00:00,26.04010009765625,26.059900283813477,26.04010009765625,26.059900283813477,27453
2025-10-01 15:11:00+00:00,26.055099487304688,26.055099487304688,26.043699264526367,26.045000076293945,15918
2025-10-01 15:12:00+00:00,26.049999237060547,26.06999969482422,26.049999237060547,26.05500030517578,23649
2025-10-01 15:13:00+00:00,26.09000015258789,26.09000015258789,26.05500030517578,26.05500030517578,28777
2025-10-01 15:14:00+00:00,26.07990074157715,26.104999542236328,26.07990074157715,26.093700408935547,28176
2025-10-01 15:15:00+00:00,26.073699951171875,26.09000015258789,26.06999969482422,26.06999969482422,36106
2025-10-01 15:16:00+00:00,26.084999084472656,26.094999313354492,26.06999969482422,26.06999969482422,21740
2025-10-01 15:17:00+00:00,26.079999923706055,26.08989906311035,26.079999923706055,26.084999084472656,11413
2025-10-01 15:18:00+00:00,26.075000762939453,26.079999923706055,26.06999969482422,26.078699111938477,11881
2025-10-01 15:19:00+00:00,26.083799362182617,26.084999084472656,26.075000762939453,26.079999923706055,7597
2025-10-01 15:20:00+00:00,26.090099334716797,26.100000381469727,26.079999923706055,26.084999084472656,19973
2025-10-01 15:21:00+00:00,26.094999313354492,26.095500946044922,26.079999923706055,26.093700408935547,42545
2025-10-01 15:22:00+00:00,26.114999771118164,26.1200008392334,26.094900131225586,26.094900131225586,37288
2025-10-01 15:23:00+00:00,26.125,26.135000228881836,26.115999221801758,26.115999221801758,33513
2025-10-01 15:24:00+00:00,26.125,26.1299991607666,26.120100021362305,26.125999450683594,25945
2025-10-01 15:25:00+00:00,26.139999389648438,26.155000686645508,26.125,26.1299991607666,41436
2025-10-01 15:26:00+00:00,26.145099639892578,26.149999618530273,26.139999389648438,26.143699645996094,23761
2025-10-01 15:27:00+00:00,26.155000686645508,26.15999984741211,26.139999389648438,26.139999389648438,10474
2025-10-01 15:28:00+00:00,26.155000686645508,26.15999984741211,26.155000686645508,26.155000686645508,1985
2025-10-01 15:29:00+00:00,26.155000686645508,26.165000915527344,26.149999618530273,26.156299591064453,26306
2025-10-01 15:30:00+00:00,26.148700714111328,26.16510009765625,26.140100479125977,26.155000686645508,13481
2025-10-01 15:31:00+00:00,26.1299991607666,26.139999389648438,26.123699188232422,26.139999389648438,21429
2025-10-01 15:32:00+00:00,26.121999740600586,26.131500244140625,26.110000610351562,26.1299991607666,29077
2025-10-01 15:33:00+00:00,26.11989974975586,26.125,26.114999771118164,26.125,21969
2025-10-01 15:34:00+00:00,26.1299991607666,26.1299991607666,26.114999771118164,26.11910057067871,7410
2025-10-01 15:35:00+00:00,26.1299991607666,26.1299991607666,26.114999771118164,26.125,12392
2025-10-01 15:36:00+00:00,26.135000228881836,26.139999389648438,26.134700775146484,26.138999938964844,15550
2025-10-01 15:37:00+00:00,26.125,26.13990020751953,26.1200008392334,26.13249969482422,7569
2025-10-01 15:38:00+00:00,26.104999542236328,26.125,26.100000381469727,26.125,16987
2025-10-01 15:39:00+00:00,26.084999084472656,26.104999542236328,26.084999084472656,26.100000381469727,67915
2025-10-01 15:40:00+00:00,26.08880043029785,26.09000015258789,26.06999969482422,26.079999923706055,20544
2025-10-01 15:41:00+00:00,26.09000015258789,26.100000381469727,26.084999084472656,26.09000015258789,25356
2025-10-01 15:42:00+00:00,26.079999923706055,26.094999313354492,26.079999923706055,26.09000015258789,7458
2025-10-01 15:43:00+00:00,26.075000762939453,26.084999084472656,26.07029914855957,26.084999084472656,7448
2025-10-01 15:44:00+00:00,26.075000762939453,26.07900047302246,26.065000534057617,26.075300216674805,18238
2025-10-01 15:45:00+00:00,26.07740020751953,26.089099884033203,26.06999969482422,26.06999969482422,12608
2025-10-01 15:46:00+00:00,26.0718994140625,26.079999923706055,26.0718994140625,26.075000762939453,7976
2025-10-01 15:47:00+00:00,26.065000534057617,26.075000762939453,26.059999465942383,26.075000762939453,6248
2025-10-01 15:48:00+00:00,26.06999969482422,26.06999969482422,26.049999237060547,26.065000534057617,29244
2025-10-01 15:49:00+00:00,26.084999084472656,26.084999084472656,26.06999969482422,26.06999969482422,6255
2025-10-01 15:50:00+00:00,26.068099975585938,26.084999084472656,26.068099975585938,26.084999084472656,32528
2025-10-01 15:51:00+00:00,26.0762996673584,26.084999084472656,26.059999465942383,26.06999969482422,36300
2025-10-01 15:52:00+00:00,26.087200164794922,26.09510040283203,26.06999969482422,26.079999923706055,42446
2025-10-01 15:53:00+00:00,26.11370086669922,26.114999771118164,26.084999084472656,26.084999084472656,16624
2025-10-01 15:54:00+00:00,26.104999542236328,26.115100860595703,26.104999542236328,26.111000061035156,35528
2025-10-01 15:55:00+00:00,26.118099212646484,26.1299991607666,26.103700637817383,26.105100631713867,40866
2025-10-01 15:56:00+00:00,26.114999771118164,26.12179946899414,26.11009979248047,26.114999771118164,24298
2025-10-01 15:57:00+00:00,26.114999771118164,26.1299991607666,26.114999771118164,26.1200008392334,38214
2025-10-01 15:58:00+00:00,26.110000610351562,26.119699478149414,26.110000610351562,26.114999771118164,16605
2025-10-01 15:59:00+00:00,26.111900329589844,26.114999771118164,26.110000610351562,26.110000610351562,18738
2025-10-01 16:00:00+00:00,26.116300582885742,26.1200008392334,26.114999771118164,26.114999771118164,12059
2025-10-01 16:01:00+00:00,26.125,26.1299991607666,26.1200008392334,26.1200008392334,13771
2025-10-01 16:02:00+00:00,26.136499404907227,26.136499404907227,26.1200008392334,26.125,13238
2025-10-01 16:03:00+00:00,26.13010025024414,26.135000228881836,26.125,26.1299991607666,11029
2025-10-01 16:04:00+00:00,26.109899520874023,26.135000228881836,26.104999542236328,26.135000228881836,29238
2025-10-01 16:05:00+00:00,26.104999542236328,26.110000610351562,26.100000381469727,26.110000610351562,31325
2025-10-01 16:06:00+00:00,26.100000381469727,26.104999542236328,26.094900131225586,26.10110092163086,10293
2025-10-01 16:07:00+00:00,26.094999313354492,26.104999542236328,26.092899322509766,26.094999313354492,10713
2025-10-01 16:08:00+00:00,26.119300842285156,26.119300842285156,26.094999313354492,26.094999313354492,7078
2025-10-01 16:09:00+00:00,26.135000228881836,26.138599395751953,26.1200008392334,26.1200008392334,8932
2025-10-01 16:10:00+00:00,26.139999389648438,26.145000457763672,26.1299991607666,26.135000228881836,11615
2025-10-01 16:11:00+00:00,26.138599395751953,26.138599395751953,26.1299991607666,26.1299991607666,19989
2025-10-01 16:12:00+00:00,26.129899978637695,26.135000228881836,26.125,26.135000228881836,15726
2025-10-01 16:13:00+00:00,26.135000228881836,26.139999389648438,26.1299991607666,26.1299991607666,17108
2025-10-01 16:14:00+00:00,26.15559959411621,26.15999984741211,26.139999389648438,26.139999389648438,30437
2025-10-01 16:15:00+00:00,26.141399383544922,26.155000686645508,26.139999389648438,26.155000686645508,21260
2025-10-01 16:16:00+00:00,26.139999389648438,26.145299911499023,26.135000228881836,26.145000457763672,35943
2025-10-01 16:17:00+00:00,26.15329933166504,26.15999984741211,26.145000457763672,26.145000457763672,19416
2025-10-01 16:18:00+00:00,26.114999771118164,26.149999618530273,26.114999771118164,26.149999618530273,25895
2025-10-01 16:19:00+00:00,26.116300582885742,26.116300582885742,26.104999542236328,26.114999771118164,17252
2025-10-01 16:20:00+00:00,26.11370086669922,26.1200008392334,26.110000610351562,26.111900329589844,11067
2025-10-01 16:21:00+00:00,26.106000900268555,26.1200008392334,26.100000381469727,26.1200008392334,37589
2025-10-01 16:22:00+00:00,26.094999313354492,26.104999542236328,26.09000015258789,26.104999542236328,37477
2025-10-01 16:23:00+00:00,26.105300903320312,26.110000610351562,26.100000381469727,26.100000381469727,35528
2025-10-01 16:24:00+00:00,26.104999542236328,26.110000610351562,26.100000381469727,26.104999542236328,15666
2025-10-01 16:25:00+00:00,26.101900100708008,26.10810089111328,26.101900100708008,26.10810089111328,12269
2025-10-01 16:26:00+00:00,26.075000762939453,26.100000381469727,26.073699951171875,26.100000381469727,56370
2025-10-01 16:27:00+00:00,26.094999313354492,26.100000381469727,26.079999923706055,26.079999923706055,23422
2025-10-01 16:28:00+00:00,26.086299896240234,26.100000381469727,26.084999084472656,26.094999313354492,9357
2025-10-01 16:29:00+00:00,26.084999084472656,26.09000015258789,26.08370018005371,26.085100173950195,14773
2025-10-01 16:30:00+00:00,26.094999313354492,26.100000381469727,26.071800231933594,26.085599899291992,62753
2025-10-01 16:31:00+00:00,26.09119987487793,26.096500396728516,26.08489990234375,26.091299057006836,37303
2025-10-01 16:32:00+00:00,26.094999313354492,26.09939956665039,26.084999084472656,26.091100692749023,20500
2025-10-01 16:33:00+00:00,26.100099563598633,26.104999542236328,26.09000015258789,26.100000381469727,27616
2025-10-01 16:34:00+00:00,26.090999603271484,26.104999542236328,26.09000015258789,26.103700637817383,32901
2025-10-01 16:35:00+00:00,26.094999313354492,26.110000610351562,26.094999313354492,26.100000381469727,47647
2025-10-01 16:36:00+00:00,26.079999923706055,26.100000381469727,26.079999923706055,26.094900131225586,31805
2025-10-01 16:37:00+00:00,26.104999542236328,26.104999542236328,26.084999084472656,26.084999084472656,22391
2025-10-01 16:38:00+00:00,26.1200008392334,26.1200008392334,26.104999542236328,26.108999252319336,17031
2025-10-01 16:39:00+00:00,26.114999771118164,26.1200008392334,26.110000610351562,26.110000610351562,21289
2025-10-01 16:40:00+00:00,26.145000457763672,26.149999618530273,26.110000610351562,26.1200008392334,34565
2025-10-01 16:41:00+00:00,26.13629913330078,26.149999618530273,26.129899978637695,26.145000457763672,64326
2025-10-01 16:42:00+00:00,26.145000457763672,26.149999618530273,26.1299991607666,26.135000228881836,22375
2025-10-01 16:43:00+00:00,26.139999389648438,26.145000457763672,26.131399154663086,26.145000457763672,29506
2025-10-01 16:44:00+00:00,26.100000381469727,26.135000228881836,26.100000381469727,26.135000228881836,20125
2025-10-01 16:45:00+00:00,26.114999771118164,26.1200008392334,26.1023006439209,26.1023006439209,38433
2025-10-01 16:46:00+00:00,26.116300582885742,26.117599487304688,26.114999771118164,26.114999771118164,10631
2025-10-01 16:47:00+00:00,26.12150001525879,26.125499725341797,26.114999771118164,26.114999771118164,22623
2025-10-01 16:48:00+00:00,26.125,26.135000228881836,26.111099243164062,26.1200008392334,44099
2025-10-01 16:49:00+00:00,26.110000610351562,26.12809944152832,26.110000610351562,26.126300811767578,38154
2025-10-01 16:50:00+00:00,26.094999313354492,26.11549949645996,26.084999084472656,26.111099243164062,51318
2025-10-01 16:51:00+00:00,26.110000610351562,26.110000610351562,26.084999084472656,26.09000015258789,50680
2025-10-01 16:52:00+00:00,26.118900299072266,26.1200008392334,26.110000610351562,26.110000610351562,34541
2025-10-01 16:53:00+00:00,26.110000610351562,26.1200008392334,26.110000610351562,26.115800857543945,14919
2025-10-01 16:54:00+00:00,26.116300582885742,26.116300582885742,26.110000610351562,26.114999771118164,16057
2025-10-01 16:55:00+00:00,26.104999542236328,26.114999771118164,26.09000015258789,26.114999771118164,22682
2025-10-01 16:56:00+00:00,26.104999542236328,26.110000610351562,26.104999542236328,26.110000610351562,8982
2025-10-01 16:57:00+00:00,26.110000610351562,26.114999771118164,26.110000610351562,26.110000610351562,16845
2025-10-01 16:58:00+00:00,26.125,26.125600814819336,26.1117000579834,26.114999771118164,9053
2025-10-01 16:59:00+00:00,26.1299991607666,26.1299991607666,26.123699188232422,26.125,10714
2025-10-01 17:00:00+00:00,26.125,26.1299991607666,26.1200008392334,26.1299991607666,28737
2025-10-01 17:01:00+00:00,26.125,26.1299991607666,26.1200008392334,26.125,7769
2025-10-01 17:02:00+00:00,26.125,26.125,26.125,26.125,4094
2025-10-01 17:03:00+00:00,26.13450050354004,26.13450050354004,26.114999771118164,26.122499465942383,12698
2025-10-01 17:04:00+00:00,26.135000228881836,26.139999389648438,26.131099700927734,26.135000228881836,33765
2025-10-01 17:05:00+00:00,26.135000228881836,26.138500213623047,26.1299991607666,26.135000228881836,4013
2025-10-01 17:06:00+00:00,26.150100708007812,26.15839958190918,26.1299991607666,26.135000228881836,19857
2025-10-01 17:07:00+00:00,26.165000915527344,26.16900062561035,26.155000686645508,26.155000686645508,19371
2025-10-01 17:08:00+00:00,26.155000686645508,26.165000915527344,26.155000686645508,26.161500930786133,14970
2025-10-01 17:09:00+00:00,26.174999237060547,26.174999237060547,26.149999618530273,26.155000686645508,5621
2025-10-01 17:10:00+00:00,26.173999786376953,26.18000030517578,26.165000915527344,26.1737003326416,20287
2025-10-01 17:11:00+00:00,26.17930030822754,26.18000030517578,26.174999237060547,26.174999237060547,14637
2025-10-01 17:12:00+00:00,26.171899795532227,26.18630027770996,26.170000076293945,26.170000076293945,11502
2025-10-01 17:13:00+00:00,26.174999237060547,26.179000854492188,26.170000076293945,26.17889976501465,8717
2025-10-01 17:14:00+00:00,26.165000915527344,26.170000076293945,26.16189956665039,26.170000076293945,5775
2025-10-01 17:15:00+00:00,26.165000915527344,26.170000076293945,26.16349983215332,26.170000076293945,7314
2025-10-01 17:16:00+00:00,26.18000030517578,26.18000030517578,26.16119956970215,26.16119956970215,8261
2025-10-01 17:17:00+00:00,26.197500228881836,26.197500228881836,26.18630027770996,26.18630027770996,10019
2025-10-01 17:18:00+00:00,26.184999465942383,26.190000534057617,26.180099487304688,26.190000534057617,10569
2025-10-01 17:19:00+00:00,26.185100555419922,26.189899444580078,26.18000030517578,26.18000030517578,43618
2025-10-01 17:20:00+00:00,26.19499969482422,26.19499969482422,26.18000030517578,26.184999465942383,9032
2025-10-01 17:21:00+00:00,26.200000762939453,26.200000762939453,26.190000534057617,26.195499420166016,3205
2025-10-01 17:22:00+00:00,26.194400787353516,26.194400787353516,26.184999465942383,26.190000534057617,4439
2025-10-01 17:23:00+00:00,26.184999465942383,26.19580078125,26.184999465942383,26.19499969482422,5976
2025-10-01 17:24:00+00:00,26.184999465942383,26.185100555419922,26.184999465942383,26.185100555419922,2665
2025-10-01 17:25:00+00:00,26.19499969482422,26.19499969482422,26.184999465942383,26.184999465942383,6008
2025-10-01 17:26:00+00:00,26.200000762939453,26.200000762939453,26.190000534057617,26.200000762939453,17144
2025-10-01 17:27:00+00:00,26.19499969482422,26.209999084472656,26.19499969482422,26.19499969482422,21590
2025-10-01 17:28:00+00:00,26.19499969482422,26.19499969482422,26.191999435424805,26.19499969482422,4442
2025-10-01 17:29:00+00:00,26.19499969482422,26.19499969482422,26.190000534057617,26.19499969482422,5083
2025-10-01 17:30:00+00:00,26.19499969482422,26.209999084472656,26.19499969482422,26.19499969482422,11474
2025-10-01 17:31:00+00:00,26.190000534057617,26.198299407958984,26.190000534057617,26.19499969482422,7497
2025-10-01 17:32:00+00:00,26.184999465942383,26.19580078125,26.184999465942383,26.19499969482422,12567
2025-10-01 17:33:00+00:00,26.185100555419922,26.18630027770996,26.18000030517578,26.184999465942383,16381
2025-10-01 17:34:00+00:00,26.180099487304688,26.190000534057617,26.18000030517578,26.184999465942383,5897
2025-10-01 17:35:00+00:00,26.174999237060547,26.184999465942383,26.170000076293945,26.184999465942383,1411807
2025-10-01 17:36:00+00:00,26.184999465942383,26.19860076904297,26.170000076293945,26.174999237060547,25592
2025-10-01 17:37:00+00:00,26.184999465942383,26.190000534057617,26.170000076293945,26.18899917602539,16620
2025-10-01 17:38:00+00:00,26.184999465942383,26.18630027770996,26.170000076293945,26.180099487304688,29715
2025-10-01 17:39:00+00:00,26.184999465942383,26.184999465942383,26.184999465942383,26.184999465942383,2269
2025-10-01 17:40:00+00:00,26.18000030517578,26.19499969482422,26.18000030517578,26.190000534057617,7348
2025-10-01 17:41:00+00:00,26.19499969482422,26.200000762939453,26.1825008392334,26.183799743652344,51744
2025-10-01 17:42:00+00:00,26.190000534057617,26.209999084472656,26.190000534057617,26.19499969482422,38047
2025-10-01 17:45:00+00:00,26.225000381469727,26.229999542236328,26.201499938964844,26.209999084472656,24638
2025-10-01 17:46:00+00:00,26.210100173950195,26.219999313354492,26.208499908447266,26.219999313354492,23480
2025-10-01 17:47:00+00:00,26.21380043029785,26.21500015258789,26.206600189208984,26.209999084472656,16704
2025-10-01 17:48:00+00:00,26.20509910583496,26.21500015258789,26.200000762939453,26.21500015258789,16947
2025-10-01 17:49:00+00:00,26.21500015258789,26.219999313354492,26.200000762939453,26.209999084472656,38909
2025-10-01 17:50:00+00:00,26.209999084472656,26.209999084472656,26.200000762939453,26.209999084472656,13410
2025-10-01 17:51:00+00:00,26.21500015258789,26.2189998626709,26.204999923706055,26.204999923706055,9540
2025-10-01 17:52:00+00:00,26.209999084472656,26.21500015258789,26.209999084472656,26.21500015258789,3301
2025-10-01 17:53:00+00:00,26.229999542236328,26.235000610351562,26.21500015258789,26.219999313354492,12715
2025-10-01 17:54:00+00:00,26.235000610351562,26.25,26.229999542236328,26.239900588989258,22934
2025-10-01 17:55:00+00:00,26.21500015258789,26.235000610351562,26.21500015258789,26.235000610351562,30511
2025-10-01 17:56:00+00:00,26.21500015258789,26.21929931640625,26.21500015258789,26.21500015258789,3186
2025-10-01 17:57:00+00:00,26.21500015258789,26.219999313354492,26.209999084472656,26.21500015258789,5062
2025-10-01 17:58:00+00:00,26.200000762939453,26.21500015258789,26.200000762939453,26.21500015258789,13818
2025-10-01 17:59:00+00:00,26.184999465942383,26.204999923706055,26.184999465942383,26.204999923706055,7254
2025-10-01 18:00:00+00:00,26.204999923706055,26.208799362182617,26.190000534057617,26.190000534057617,10702
2025-10-01 18:01:00+00:00,26.21500015258789,26.21500015258789,26.200000762939453,26.204999923706055,14577
2025-10-01 18:02:00+00:00,26.2450008392334,26.2450008392334,26.21500015258789,26.21500015258789,30812
2025-10-01 18:03:00+00:00,26.245800018310547,26.25,26.239999771118164,26.24489974975586,7012
2025-10-01 18:04:00+00:00,26.238500595092773,26.247499465942383,26.235000610351562,26.2450008392334,8692
2025-10-01 18:05:00+00:00,26.225000381469727,26.235000610351562,26.225000381469727,26.229999542236328,19220
2025-10-01 18:06:00+00:00,26.225000381469727,26.225000381469727,26.219999313354492,26.225000381469727,9497
2025-10-01 18:07:00+00:00,26.235000610351562,26.235000610351562,26.209999084472656,26.219999313354492,26455
2025-10-01 18:08:00+00:00,26.235000610351562,26.239999771118164,26.235000610351562,26.236499786376953,11478
2025-10-01 18:09:00+00:00,26.2450008392334,26.248899459838867,26.23110008239746,26.235000610351562,32731
2025-10-01 18:10:00+00:00,26.2450008392334,26.2450008392334,26.2450008392334,26.2450008392334,5359
2025-10-01 18:11:00+00:00,26.2450008392334,26.24530029296875,26.229999542236328,26.2450008392334,34922
2025-10-01 18:12:00+00:00,26.2450008392334,26.248300552368164,26.2450008392334,26.2450008392334,7465
2025-10-01 18:13:00+00:00,26.2549991607666,26.260000228881836,26.2450008392334,26.2450008392334,53394
2025-10-01 18:14:00+00:00,26.2549991607666,26.264999389648438,26.254899978637695,26.2549991607666,17092
2025-10-01 18:15:00+00:00,26.25,26.2549991607666,26.2450008392334,26.2549991607666,23462
2025-10-01 18:16:00+00:00,26.26580047607422,26.26580047607422,26.25,26.25,36696
2025-10-01 18:17:00+00:00,26.264999389648438,26.270000457763672,26.264999389648438,26.264999389648438,22457
2025-10-01 18:18:00+00:00,26.2549991607666,26.270000457763672,26.2549991607666,26.264999389648438,34694
2025-10-01 18:19:00+00:00,26.2549991607666,26.2549991607666,26.2549991607666,26.2549991607666,3046
2025-10-01 18:20:00+00:00,26.274999618530273,26.274999618530273,26.260000228881836,26.260000228881836,10253
2025-10-01 18:21:00+00:00,26.295000076293945,26.295000076293945,26.2721004486084,26.280000686645508,14247
2025-10-01 18:22:00+00:00,26.295000076293945,26.295000076293945,26.29010009765625,26.295000076293945,7107
2025-10-01 18:23:00+00:00,26.295000076293945,26.298799514770508,26.295000076293945,26.295000076293945,11499
2025-10-01 18:24:00+00:00,26.295299530029297,26.295299530029297,26.295000076293945,26.295000076293945,2242
2025-10-01 18:25:00+00:00,26.295000076293945,26.298099517822266,26.290000915527344,26.295000076293945,10417
2025-10-01 18:26:00+00:00,26.30500030517578,26.309999465942383,26.295000076293945,26.295000076293945,14964
2025-10-01 18:27:00+00:00,26.315000534057617,26.315000534057617,26.304500579833984,26.30500030517578,24421
2025-10-01 18:28:00+00:00,26.315000534057617,26.325000762939453,26.310100555419922,26.315000534057617,15075
2025-10-01 18:29:00+00:00,26.31450080871582,26.31999969482422,26.30500030517578,26.315000534057617,36069
2025-10-01 18:30:00+00:00,26.315000534057617,26.315099716186523,26.299999237060547,26.31369972229004,30153
2025-10-01 18:31:00+00:00,26.30500030517578,26.315000534057617,26.299999237060547,26.315000534057617,10734
2025-10-01 18:32:00+00:00,26.315000534057617,26.315000534057617,26.308799743652344,26.308799743652344,3571
2025-10-01 18:33:00+00:00,26.315000534057617,26.31999969482422,26.309999465942383,26.311899185180664,18526
2025-10-01 18:34:00+00:00,26.30500030517578,26.31999969482422,26.299999237060547,26.31999969482422,28095
2025-10-01 18:35:00+00:00,26.315000534057617,26.319000244140625,26.30470085144043,26.30470085144043,13313
2025-10-01 18:36:00+00:00,26.31999969482422,26.31999969482422,26.313499450683594,26.316299438476562,11959
2025-10-01 18:37:00+00:00,26.315000534057617,26.31999969482422,26.315000534057617,26.315000534057617,5227
2025-10-01 18:38:00+00:00,26.334999084472656,26.34000015258789,26.315000534057617,26.315000534057617,26313
2025-10-01 18:39:00+00:00,26.325000762939453,26.34000015258789,26.325000762939453,26.334999084472656,17062
2025-10-01 18:40:00+00:00,26.31999969482422,26.325000762939453,26.309999465942383,26.325000762939453,29536
2025-10-01 18:41:00+00:00,26.309999465942383,26.31999969482422,26.309999465942383,26.315000534057617,17894
2025-10-01 18:42:00+00:00,26.354999542236328,26.364999771118164,26.315000534057617,26.315000534057617,106202
2025-10-01 18:43:00+00:00,26.354999542236328,26.360000610351562,26.350000381469727,26.354999542236328,20720
2025-10-01 18:44:00+00:00,26.344999313354492,26.354999542236328,26.343700408935547,26.354999542236328,25020
2025-10-01 18:45:00+00:00,26.354999542236328,26.354999542236328,26.344999313354492,26.344999313354492,14491
2025-10-01 18:46:00+00:00,26.354999542236328,26.360000610351562,26.350000381469727,26.354999542236328,19396
2025-10-01 18:47:00+00:00,26.354999542236328,26.360000610351562,26.350000381469727,26.354700088500977,17565
2025-10-01 18:48:00+00:00,26.344999313354492,26.350000381469727,26.34000015258789,26.350000381469727,13888
2025-10-01 18:49:00+00:00,26.354999542236328,26.354999542236328,26.344999313354492,26.344999313354492,11150
2025-10-01 18:50:00+00:00,26.325000762939453,26.354999542236328,26.325000762939453,26.35420036315918,24043
2025-10-01 18:51:00+00:00,26.325000762939453,26.325000762939453,26.325000762939453,26.325000762939453,6032
2025-10-01 18:52:00+00:00,26.325000762939453,26.325000762939453,26.320999145507812,26.322200775146484,5997
2025-10-01 18:53:00+00:00,26.319000244140625,26.334999084472656,26.311899185180664,26.31999969482422,39754
2025-10-01 18:54:00+00:00,26.315000534057617,26.31999969482422,26.31369972229004,26.315000534057617,22746
2025-10-01 18:55:00+00:00,26.30500030517578,26.316499710083008,26.299999237060547,26.315000534057617,19693
2025-10-01 18:56:00+00:00,26.30500030517578,26.31999969482422,26.30500030517578,26.306499481201172,16327
2025-10-01 18:57:00+00:00,26.309999465942383,26.315000534057617,26.30500030517578,26.30500030517578,26652
2025-10-01 18:58:00+00:00,26.299999237060547,26.315000534057617,26.299999237060547,26.30500030517578,9418
2025-10-01 18:59:00+00:00,26.309999465942383,26.315000534057617,26.30500030517578,26.30500030517578,12082
2025-10-01 19:00:00+00:00,26.299999237060547,26.315000534057617,26.299999237060547,26.315000534057617,15956
2025-10-01 19:01:00+00:00,26.290000915527344,26.30500030517578,26.290000915527344,26.299999237060547,8942
2025-10-01 19:02:00+00:00,26.274999618530273,26.290000915527344,26.270000457763672,26.28499984741211,17902
2025-10-01 19:03:00+00:00,26.274999618530273,26.27910041809082,26.260000228881836,26.276500701904297,26907
2025-10-01 19:04:00+00:00,26.280000686645508,26.289899826049805,26.280000686645508,26.280000686645508,20027
2025-10-01 19:05:00+00:00,26.28499984741211,26.290000915527344,26.28499984741211,26.28499984741211,12191
2025-10-01 19:06:00+00:00,26.30500030517578,26.30500030517578,26.280000686645508,26.28499984741211,15581
2025-10-01 19:07:00+00:00,26.30500030517578,26.30500030517578,26.300100326538086,26.30500030517578,4504
2025-10-01 19:08:00+00:00,26.28499984741211,26.305299758911133,26.28499984741211,26.30500030517578,29903
2025-10-01 19:09:00+00:00,26.264999389648438,26.290000915527344,26.264999389648438,26.28499984741211,13443
2025-10-01 19:10:00+00:00,26.274999618530273,26.280000686645508,26.264999389648438,26.264999389648438,28798
2025-10-01 19:11:00+00:00,26.2450008392334,26.274999618530273,26.2450008392334,26.270000457763672,28030
2025-10-01 19:12:00+00:00,26.2450008392334,26.25,26.239999771118164,26.239999771118164,19465
2025-10-01 19:13:00+00:00,26.24650001525879,26.25,26.239999771118164,26.240100860595703,16786
2025-10-01 19:14:00+00:00,26.2549991607666,26.260000228881836,26.246299743652344,26.246299743652344,18761
2025-10-01 19:15:00+00:00,26.25,26.260000228881836,26.25,26.2549991607666,6698
2025-10-01 19:16:00+00:00,26.28510093688965,26.290000915527344,26.2549991607666,26.2549991607666,39166
2025-10-01 19:17:00+00:00,26.295000076293945,26.295000076293945,26.280000686645508,26.28499984741211,13496
2025-10-01 19:18:00+00:00,26.28499984741211,26.299999237060547,26.28499984741211,26.299999237060547,50998
2025-10-01 19:19:00+00:00,26.295000076293945,26.299999237060547,26.28499984741211,26.290000915527344,13668
2025-10-01 19:20:00+00:00,26.28499984741211,26.299999237060547,26.28190040588379,26.296300888061523,34495
2025-10-01 19:21:00+00:00,26.28809928894043,26.29669952392578,26.280000686645508,26.280000686645508,30664
2025-10-01 19:22:00+00:00,26.295000076293945,26.299999237060547,26.28499984741211,26.28499984741211,26546
2025-10-01 19:23:00+00:00,26.290000915527344,26.30500030517578,26.290000915527344,26.293699264526367,50626
2025-10-01 19:24:00+00:00,26.295000076293945,26.295000076293945,26.28499984741211,26.295000076293945,22019
2025-10-01 19:25:00+00:00,26.295000076293945,26.295000076293945,26.29010009765625,26.29010009765625,14862
2025-10-01 19:26:00+00:00,26.295000076293945,26.295000076293945,26.290000915527344,26.295000076293945,10826
2025-10-01 19:27:00+00:00,26.30500030517578,26.308700561523438,26.28499984741211,26.29330062866211,39769
2025-10-01 19:28:00+00:00,26.315000534057617,26.315000534057617,26.304899215698242,26.30500030517578,35980
2025-10-01 19:29:00+00:00,26.315000534057617,26.31999969482422,26.310100555419922,26.315000534057617,13688
2025-10-01 19:30:00+00:00,26.30150032043457,26.315000534057617,26.290000915527344,26.315000534057617,61110
2025-10-01 19:31:00+00:00,26.309999465942383,26.315099716186523,26.299999237060547,26.30500030517578,16774
2025-10-01 19:32:00+00:00,26.305099487304688,26.31999969482422,26.30500030517578,26.315000534057617,20236
2025-10-01 19:33:00+00:00,26.28809928894043,26.309999465942383,26.28499984741211,26.30500030517578,35922
2025-10-01 19:34:00+00:00,26.282400131225586,26.295000076293945,26.280000686645508,26.28499984741211,35118
2025-10-01 19:35:00+00:00,26.30500030517578,26.308500289916992,26.280000686645508,26.280000686645508,40353
2025-10-01 19:36:00+00:00,26.30500030517578,26.315000534057617,26.299999237060547,26.30500030517578,31910
2025-10-01 19:37:00+00:00,26.30500030517578,26.30699920654297,26.290000915527344,26.30500030517578,42664
2025-10-01 19:38:00+00:00,26.30500030517578,26.309999465942383,26.299999237060547,26.30500030517578,19412
2025-10-01 19:39:00+00:00,26.304500579833984,26.309999465942383,26.299999237060547,26.30500030517578,19724
2025-10-01 19:40:00+00:00,26.295000076293945,26.30500030517578,26.283000946044922,26.299999237060547,76623
2025-10-01 19:41:00+00:00,26.295000076293945,26.295299530029297,26.290000915527344,26.290000915527344,19914
2025-10-01 19:42:00+00:00,26.290000915527344,26.296499252319336,26.290000915527344,26.295000076293945,15394
2025-10-01 19:43:00+00:00,26.29010009765625,26.299999237060547,26.290000915527344,26.295000076293945,56487
2025-10-01 19:44:00+00:00,26.295000076293945,26.295000076293945,26.290000915527344,26.29450035095215,18444
2025-10-01 19:45:00+00:00,26.28499984741211,26.295499801635742,26.280000686645508,26.295000076293945,32440
2025-10-01 19:46:00+00:00,26.280000686645508,26.290000915527344,26.280000686645508,26.280000686645508,47592
2025-10-01 19:47:00+00:00,26.30500030517578,26.30500030517578,26.28499984741211,26.28499984741211,81460
2025-10-01 19:48:00+00:00,26.31999969482422,26.329999923706055,26.299999237060547,26.299999237060547,124318
2025-10-01 19:49:00+00:00,26.34000015258789,26.34000015258789,26.310100555419922,26.31999969482422,69096
2025-10-01 19:50:00+00:00,26.344999313354492,26.354999542236328,26.34000015258789,26.34000015258789,148481
2025-10-01 19:51:00+00:00,26.344999313354492,26.350000381469727,26.34000015258789,26.350000381469727,66433
2025-10-01 19:52:00+00:00,26.31999969482422,26.350000381469727,26.309999465942383,26.343700408935547,97816
2025-10-01 19:53:00+00:00,26.325000762939453,26.329999923706055,26.31999969482422,26.31999969482422,67023
2025-10-01 19:54:00+00:00,26.334999084472656,26.34000015258789,26.309999465942383,26.31999969482422,97535
2025-10-01 19:55:00+00:00,26.325000762939453,26.344999313354492,26.31999969482422,26.34000015258789,107157
2025-10-01 19:56:00+00:00,26.295000076293945,26.32990074157715,26.290000915527344,26.325000762939453,155454
2025-10-01 19:57:00+00:00,26.280000686645508,26.29680061340332,26.280000686645508,26.295000076293945,129844
2025-10-01 19:58:00+00:00,26.295000076293945,26.299999237060547,26.280000686645508,26.28499984741211,201337
2025-10-01 19:59:00+00:00,26.260000228881836,26.299999237060547,26.260000228881836,26.290000915527344,318207
2025-10-02 13:30:00+00:00,26.075000762939453,26.209999084472656,26.075000762939453,26.200000762939453,116350
2025-10-02 13:31:00+00:00,26.079999923706055,26.135000228881836,26.06999969482422,26.079999923706055,18720
2025-10-02 13:32:00+00:00,26.079999923706055,26.079999923706055,26.079999923706055,26.079999923706055,1249
2025-10-02 13:33:00+00:00,26.1200008392334,26.149999618530273,26.110000610351562,26.149999618530273,34006
2025-10-02 13:34:00+00:00,26.111600875854492,26.12700080871582,26.100000381469727,26.125,6748
2025-10-02 13:35:00+00:00,26.03499984741211,26.100000381469727,26.020000457763672,26.100000381469727,19455
2025-10-02 13:36:00+00:00,26.06999969482422,26.06999969482422,26.024999618530273,26.030000686645508,11468
2025-10-02 13:37:00+00:00,26.065000534057617,26.06999969482422,26.049999237060547,26.06999969482422,3641
2025-10-02 13:38:00+00:00,26.065000534057617,26.079999923706055,26.049999237060547,26.060100555419922,12649
2025-10-02 13:39:00+00:00,26.1200008392334,26.1200008392334,26.059999465942383,26.06060028076172,9668
2025-10-02 13:40:00+00:00,26.170000076293945,26.170000076293945,26.110000610351562,26.124000549316406,32353
2025-10-02 13:41:00+00:00,26.191200256347656,26.200000762939453,26.163999557495117,26.163999557495117,23032
2025-10-02 13:42:00+00:00,26.2450008392334,26.2450008392334,26.200000762939453,26.214099884033203,10901
2025-10-02 13:43:00+00:00,26.299999237060547,26.30500030517578,26.25,26.25,17685
2025-10-02 13:44:00+00:00,26.295000076293945,26.315000534057617,26.295000076293945,26.30500030517578,4301
2025-10-02 13:45:00+00:00,26.274999618530273,26.309999465942383,26.264999389648438,26.295000076293945,31094
2025-10-02 13:46:00+00:00,26.280000686645508,26.28499984741211,26.2549991607666,26.270000457763672,7309
2025-10-02 13:47:00+00:00,26.280000686645508,26.299999237060547,26.280000686645508,26.280000686645508,12034
2025-10-02 13:48:00+00:00,26.250099182128906,26.264999389648438,26.250099182128906,26.264999389648438,7894
2025-10-02 13:49:00+00:00,26.264999389648438,26.264999389648438,26.239999771118164,26.2549991607666,30607
2025-10-02 13:50:00+00:00,26.264999389648438,26.270000457763672,26.239999771118164,26.260000228881836,9048
2025-10-02 13:51:00+00:00,26.29199981689453,26.295000076293945,26.264999389648438,26.264999389648438,15673
2025-10-02 13:52:00+00:00,26.299999237060547,26.315000534057617,26.295000076293945,26.295000076293945,9552
2025-10-02 13:53:00+00:00,26.280000686645508,26.290000915527344,26.280000686645508,26.290000915527344,3261
2025-10-02 13:54:00+00:00,26.2549991607666,26.28499984741211,26.25,26.280000686645508,5135
2025-10-02 13:55:00+00:00,26.2450008392334,26.2549991607666,26.235000610351562,26.2549991607666,25766
2025-10-02 13:56:00+00:00,26.230100631713867,26.2450008392334,26.230100631713867,26.2450008392334,12847
2025-10-02 13:57:00+00:00,26.2549991607666,26.264999389648438,26.235000610351562,26.235000610351562,17641
2025-10-02 13:58:00+00:00,26.25,26.260000228881836,26.25,26.260000228881836,4596
2025-10-02 13:59:00+00:00,26.270000457763672,26.270000457763672,26.239999771118164,26.25,16262
2025-10-02 14:00:00+00:00,26.290000915527344,26.295000076293945,26.260000228881836,26.260000228881836,18209
2025-10-02 14:01:00+00:00,26.2549991607666,26.295000076293945,26.2549991607666,26.295000076293945,6141
2025-10-02 14:02:00+00:00,26.239200592041016,26.2549991607666,26.239200592041016,26.2549991607666,9427
2025-10-02 14:03:00+00:00,26.184999465942383,26.236499786376953,26.174999237060547,26.236499786376953,15329
2025-10-02 14:04:00+00:00,26.165000915527344,26.190000534057617,26.165000915527344,26.18000030517578,20870
2025-10-02 14:05:00+00:00,26.165000915527344,26.167499542236328,26.155000686645508,26.15999984741211,15712
2025-10-02 14:06:00+00:00,26.135000228881836,26.165000915527344,26.125,26.165000915527344,7740
2025-10-02 14:07:00+00:00,26.084999084472656,26.125,26.079999923706055,26.125,71092
2025-10-02 14:08:00+00:00,26.05500030517578,26.070100784301758,26.049999237060547,26.065000534057617,47876
2025-10-02 14:09:00+00:00,26.0049991607666,26.05500030517578,26.0,26.05500030517578,27356
2025-10-02 14:10:00+00:00,25.989900588989258,26.0,25.979999542236328,26.0,44428
2025-10-02 14:11:00+00:00,26.0049991607666,26.020000457763672,25.989999771118164,25.989999771118164,35401
2025-10-02 14:12:00+00:00,25.979999542236328,26.0049991607666,25.979999542236328,26.0,17000
2025-10-02 14:13:00+00:00,25.985000610351562,25.989900588989258,25.96500015258789,25.979999542236328,24232
2025-10-02 14:14:00+00:00,25.990100860595703,26.0049991607666,25.975000381469727,25.985000610351562,39653
2025-10-02 14:15:00+00:00,25.9950008392334,26.0,25.989999771118164,25.9950008392334,20437
2025-10-02 14:16:00+00:00,25.985000610351562,26.0049991607666,25.975000381469727,26.0,21820
2025-10-02 14:17:00+00:00,25.985700607299805,25.989999771118164,25.980100631713867,25.985000610351562,10406
2025-10-02 14:18:00+00:00,26.0,26.0,25.985000610351562,25.985000610351562,6226
2025-10-02 14:19:00+00:00,25.98509979248047,26.008399963378906,25.985000610351562,26.00149917602539,14455
2025-10-02 14:20:00+00:00,26.010000228881836,26.010000228881836,25.979999542236328,25.979999542236328,16361
2025-10-02 14:21:00+00:00,26.008899688720703,26.014999389648438,26.000099182128906,26.004199981689453,10430
2025-10-02 14:22:00+00:00,25.9950008392334,26.010000228881836,25.9950008392334,26.0049991607666,14091
2025-10-02 14:23:00+00:00,25.989999771118164,25.998699188232422,25.989999771118164,25.9950008392334,8051
2025-10-02 14:24:00+00:00,25.969999313354492,25.989999771118164,25.969999313354492,25.989999771118164,12825
2025-10-02 14:25:00+00:00,25.985000610351562,25.985000610351562,25.969999313354492,25.975000381469727,31510
2025-10-02 14:26:00+00:00,25.9950008392334,25.9950008392334,25.980100631713867,25.985000610351562,10576
2025-10-02 14:27:00+00:00,26.014999389648438,26.014999389648438,25.9950008392334,25.9950008392334,8126
2025-10-02 14:28:00+00:00,26.010000228881836,26.024999618530273,26.010000228881836,26.014999389648438,12517
2025-10-02 14:29:00+00:00,26.0049991607666,26.024999618530273,26.0049991607666,26.019899368286133,10201
2025-10-02 14:30:00+00:00,25.985000610351562,26.0,25.980100631713867,26.0,21420
2025-10-02 14:31:00+00:00,25.989999771118164,25.991500854492188,25.97369956970215,25.985000610351562,24701
2025-10-02 14:32:00+00:00,26.014999389648438,26.014999389648438,25.985000610351562,25.985000610351562,26334
2025-10-02 14:33:00+00:00,26.019899368286133,26.025100708007812,26.0,26.020000457763672,55389
2025-10-02 14:34:00+00:00,26.014999389648438,26.019100189208984,26.0049991607666,26.010000228881836,33862
2025-10-02 14:35:00+00:00,26.014999389648438,26.02989959716797,26.011899948120117,26.014999389648438,28974
2025-10-02 14:36:00+00:00,26.021499633789062,26.024999618530273,26.014999389648438,26.014999389648438,20148
2025-10-02 14:37:00+00:00,26.017499923706055,26.024999618530273,26.014999389648438,26.024999618530273,11510
2025-10-02 14:38:00+00:00,26.03499984741211,26.040000915527344,26.020000457763672,26.020000457763672,17080
2025-10-02 14:39:00+00:00,26.024999618530273,26.03499984741211,26.021799087524414,26.03499984741211,11562
2025-10-02 14:40:00+00:00,26.014999389648438,26.029199600219727,26.014999389648438,26.024999618530273,9551
2025-10-02 14:41:00+00:00,26.024999618530273,26.02989959716797,26.002199172973633,26.014999389648438,18019
2025-10-02 14:42:00+00:00,26.014999389648438,26.024999618530273,26.0,26.024999618530273,12854
2025-10-02 14:43:00+00:00,26.020000457763672,26.020000457763672,26.013500213623047,26.014999389648438,7857
2025-10-02 14:44:00+00:00,26.040000915527344,26.045000076293945,26.020000457763672,26.020000457763672,18928
2025-10-02 14:45:00+00:00,26.014999389648438,26.04840087890625,26.010000228881836,26.040000915527344,62842
2025-10-02 14:46:00+00:00,26.030000686645508,26.030000686645508,26.020000457763672,26.020000457763672,8328
2025-10-02 14:47:00+00:00,26.03499984741211,26.03499984741211,26.024999618530273,26.03499984741211,13009
2025-10-02 14:48:00+00:00,26.024999618530273,26.03499984741211,26.014999389648438,26.03499984741211,21619
2025-10-02 14:49:00+00:00,26.040000915527344,26.040000915527344,26.022199630737305,26.024999618530273,10380
2025-10-02 14:50:00+00:00,26.03499984741211,26.049999237060547,26.030099868774414,26.03499984741211,15394
2025-10-02 14:51:00+00:00,26.040000915527344,26.045299530029297,26.030000686645508,26.030099868774414,28408
2025-10-02 14:52:00+00:00,26.048999786376953,26.048999786376953,26.030000686645508,26.039899826049805,22191
2025-10-02 14:53:00+00:00,26.045000076293945,26.049999237060547,26.045000076293945,26.045000076293945,10935
2025-10-02 14:54:00+00:00,26.045000076293945,26.05500030517578,26.045000076293945,26.045000076293945,20836
2025-10-02 14:55:00+00:00,26.010000228881836,26.04990005493164,26.010000228881836,26.04990005493164,11594
2025-10-02 14:56:00+00:00,26.010000228881836,26.010000228881836,25.99169921875,26.0,11814
2025-10-02 14:57:00+00:00,26.020000457763672,26.020000457763672,26.010000228881836,26.014999389648438,9568
2025-10-02 14:58:00+00:00,26.020000457763672,26.030000686645508,26.020000457763672,26.024999618530273,12265
2025-10-02 14:59:00+00:00,26.014999389648438,26.028799057006836,26.010000228881836,26.024999618530273,11529
2025-10-02 15:00:00+00:00,26.024999618530273,26.02989959716797,26.010000228881836,26.014999389648438,8284
2025-10-02 15:01:00+00:00,26.024999618530273,26.030000686645508,26.014999389648438,26.024999618530273,15759
2025-10-02 15:02:00+00:00,26.030000686645508,26.030000686645508,26.020000457763672,26.024999618530273,6670
2025-10-02 15:03:00+00:00,26.06999969482422,26.071500778198242,26.024999618530273,26.024999618530273,18193
2025-10-02 15:04:00+00:00,26.043500900268555,26.065000534057617,26.043500900268555,26.065000534057617,17144
2025-10-02 15:05:00+00:00,26.045000076293945,26.045000076293945,26.040000915527344,26.045000076293945,4669
2025-10-02 15:06:00+00:00,26.05500030517578,26.059999465942383,26.03499984741211,26.040000915527344,9070
2025-10-02 15:07:00+00:00,26.05500030517578,26.059900283813477,26.045000076293945,26.058500289916992,9089
2025-10-02 15:08:00+00:00,26.059999465942383,26.059999465942383,26.041200637817383,26.05500030517578,6851
2025-10-02 15:09:00+00:00,26.045000076293945,26.049999237060547,26.045000076293945,26.049999237060547,3224
2025-10-02 15:10:00+00:00,26.05500030517578,26.05500030517578,26.045000076293945,26.045000076293945,14751
2025-10-02 15:11:00+00:00,26.0314998626709,26.054500579833984,26.030000686645508,26.054500579833984,9329
2025-10-02 15:12:00+00:00,26.030000686645508,26.040000915527344,26.030000686645508,26.040000915527344,7352
2025-10-02 15:13:00+00:00,26.03499984741211,26.03499984741211,26.020000457763672,26.024999618530273,7876
2025-10-02 15:14:00+00:00,26.024999618530273,26.030000686645508,26.020000457763672,26.030000686645508,5363
2025-10-02 15:15:00+00:00,26.020000457763672,26.020000457763672,26.0137996673584,26.020000457763672,6870
2025-10-02 15:16:00+00:00,26.014999389648438,26.014999389648438,26.0049991607666,26.014999389648438,9232
2025-10-02 15:17:00+00:00,26.0049991607666,26.010000228881836,26.002199172973633,26.010000228881836,18831
2025-10-02 15:18:00+00:00,26.0049991607666,26.009000778198242,25.9950008392334,26.0049991607666,18999
2025-10-02 15:19:00+00:00,26.0049991607666,26.010000228881836,25.989999771118164,26.0049991607666,38238
2025-10-02 15:20:00+00:00,26.009899139404297,26.009899139404297,26.0,26.0049991607666,9109
2025-10-02 15:21:00+00:00,25.985000610351562,26.0049991607666,25.969999313354492,26.0049991607666,65375
2025-10-02 15:22:00+00:00,25.985000610351562,25.989900588989258,25.985000610351562,25.985000610351562,13972
2025-10-02 15:23:00+00:00,25.975000381469727,25.989999771118164,25.969999313354492,25.985000610351562,48498
2025-10-02 15:24:00+00:00,25.981700897216797,25.985000610351562,25.975000381469727,25.975000381469727,21285
2025-10-02 15:25:00+00:00,25.966299057006836,25.988500595092773,25.966299057006836,25.985000610351562,27024
2025-10-02 15:26:00+00:00,25.976499557495117,25.976499557495117,25.96500015258789,25.96500015258789,12525
2025-10-02 15:27:00+00:00,25.96500015258789,25.969999313354492,25.963699340820312,25.969999313354492,9118
2025-10-02 15:28:00+00:00,25.950000762939453,25.96500015258789,25.950000762939453,25.96500015258789,22736
2025-10-02 15:29:00+00:00,25.96500015258789,25.975000381469727,25.954999923706055,25.954999923706055,23900
2025-10-02 15:30:00+00:00,25.975000381469727,25.985000610351562,25.959999084472656,25.96500015258789,44988
2025-10-02 15:31:00+00:00,25.973600387573242,25.97719955444336,25.960100173950195,25.97719955444336,25089
2025-10-02 15:32:00+00:00,25.954999923706055,25.96500015258789,25.954999923706055,25.96500015258789,11163
2025-10-02 15:33:00+00:00,25.950000762939453,25.959999084472656,25.950000762939453,25.954999923706055,8733
2025-10-02 15:34:00+00:00,25.920000076293945,25.954999923706055,25.920000076293945,25.954999923706055,60681
2025-10-02 15:35:00+00:00,25.934999465942383,25.934999465942383,25.921199798583984,25.924999237060547,29113
2025-10-02 15:36:00+00:00,25.9375,25.94499969482422,25.933700561523438,25.934999465942383,22755
2025-10-02 15:37:00+00:00,25.934999465942383,25.94499969482422,25.933500289916992,25.933700561523438,15746
2025-10-02 15:38:00+00:00,25.924999237060547,25.934999465942383,25.922000885009766,25.934999465942383,9288
2025-10-02 15:39:00+00:00,25.924999237060547,25.934999465942383,25.915000915527344,25.921199798583984,35626
2025-10-02 15:40:00+00:00,25.950000762939453,25.950000762939453,25.924999237060547,25.924999237060547,16748
2025-10-02 15:41:00+00:00,25.93560028076172,25.950000762939453,25.924999237060547,25.950000762939453,45179
2025-10-02 15:42:00+00:00,25.934999465942383,25.94499969482422,25.93000030517578,25.939199447631836,23970
2025-10-02 15:43:00+00:00,25.924999237060547,25.93779945373535,25.92009925842285,25.934999465942383,12021
2025-10-02 15:44:00+00:00,25.924999237060547,25.93000030517578,25.924999237060547,25.924999237060547,6795
2025-10-02 15:45:00+00:00,25.934999465942383,25.934999465942383,25.92020034790039,25.924999237060547,18257
2025-10-02 15:46:00+00:00,25.934999465942383,25.934999465942383,25.933799743652344,25.933799743652344,2788
2025-10-02 15:47:00+00:00,25.924999237060547,25.940000534057617,25.924999237060547,25.934999465942383,13368
2025-10-02 15:48:00+00:00,25.924999237060547,25.924999237060547,25.920700073242188,25.924999237060547,9108
2025-10-02 15:49:00+00:00,25.924999237060547,25.934999465942383,25.920000076293945,25.920000076293945,13351
2025-10-02 15:50:00+00:00,25.924999237060547,25.929899215698242,25.924999237060547,25.929899215698242,4001
2025-10-02 15:51:00+00:00,25.934999465942383,25.934999465942383,25.924999237060547,25.924999237060547,10381
2025-10-02 15:52:00+00:00,25.954999923706055,25.959999084472656,25.934999465942383,25.934999465942383,17892
2025-10-02 15:53:00+00:00,25.940000534057617,25.954999923706055,25.940000534057617,25.95009994506836,15332
2025-10-02 15:54:00+00:00,25.93000030517578,25.94499969482422,25.9237003326416,25.94499969482422,21460
2025-10-02 15:55:00+00:00,25.905000686645508,25.920000076293945,25.899999618530273,25.920000076293945,14737
2025-10-02 15:56:00+00:00,25.888700485229492,25.905000686645508,25.881999969482422,25.905000686645508,34786
2025-10-02 15:57:00+00:00,25.8799991607666,25.889999389648438,25.8799991607666,25.885499954223633,12125
2025-10-02 15:58:00+00:00,25.895000457763672,25.895000457763672,25.882299423217773,25.885000228881836,15463
2025-10-02 15:59:00+00:00,25.893699645996094,25.899999618530273,25.8799991607666,25.895000457763672,20306
2025-10-02 16:00:00+00:00,25.8799991607666,25.895000457763672,25.875,25.895000457763672,29924
2025-10-02 16:01:00+00:00,25.900100708007812,25.900100708007812,25.889999389648438,25.889999389648438,11945
2025-10-02 16:02:00+00:00,25.885000228881836,25.905000686645508,25.8799991607666,25.905000686645508,18596
2025-10-02 16:03:00+00:00,25.885000228881836,25.889999389648438,25.88010025024414,25.88990020751953,37733
2025-10-02 16:04:00+00:00,25.88010025024414,25.89150047302246,25.8799991607666,25.8799991607666,5921
2025-10-02 16:05:00+00:00,25.885000228881836,25.889999389648438,25.875,25.885000228881836,22874
2025-10-02 16:06:00+00:00,25.885000228881836,25.888500213623047,25.885000228881836,25.885000228881836,10918
2025-10-02 16:07:00+00:00,25.885099411010742,25.889999389648438,25.88010025024414,25.885000228881836,21795
2025-10-02 16:08:00+00:00,25.891799926757812,25.891799926757812,25.873699188232422,25.8799991607666,16806
2025-10-02 16:09:00+00:00,25.885000228881836,25.895000457763672,25.88010025024414,25.895000457763672,7970
2025-10-02 16:10:00+00:00,25.885000228881836,25.889999389648438,25.885000228881836,25.889999389648438,7978
2025-10-02 16:11:00+00:00,25.895000457763672,25.899999618530273,25.8799991607666,25.885000228881836,25191
2025-10-02 16:12:00+00:00,25.895000457763672,25.895099639892578,25.894500732421875,25.895000457763672,7740
2025-10-02 16:13:00+00:00,25.885000228881836,25.889999389648438,25.88159942626953,25.889999389648438,7705
2025-10-02 16:14:00+00:00,25.889999389648438,25.889999389648438,25.881000518798828,25.885000228881836,8997
2025-10-02 16:15:00+00:00,25.88010025024414,25.895099639892578,25.88010025024414,25.895099639892578,10780
2025-10-02 16:16:00+00:00,25.895000457763672,25.895000457763672,25.889999389648438,25.889999389648438,9077
2025-10-02 16:17:00+00:00,25.896299362182617,25.896299362182617,25.896299362182617,25.896299362182617,5797
2025-10-02 16:18:00+00:00,25.889999389648438,25.889999389648438,25.885000228881836,25.889999389648438,16983
2025-10-02 16:19:00+00:00,25.895000457763672,25.899999618530273,25.884199142456055,25.885000228881836,12611
2025-10-02 16:20:00+00:00,25.905000686645508,25.909900665283203,25.895000457763672,25.895099639892578,12539
2025-10-02 16:21:00+00:00,25.895000457763672,25.899999618530273,25.89349937438965,25.899999618530273,6610
2025-10-02 16:22:00+00:00,25.895000457763672,25.899900436401367,25.889999389648438,25.895000457763672,10180
2025-10-02 16:23:00+00:00,25.899999618530273,25.899999618530273,25.889999389648438,25.899900436401367,4640
2025-10-02 16:24:00+00:00,25.889999389648438,25.895299911499023,25.889999389648438,25.895000457763672,5938
2025-10-02 16:25:00+00:00,25.88719940185547,25.88719940185547,25.8799991607666,25.885000228881836,8618
2025-10-02 16:26:00+00:00,25.87980079650879,25.885799407958984,25.87380027770996,25.885000228881836,26620
2025-10-02 16:27:00+00:00,25.885099411010742,25.885099411010742,25.8700008392334,25.8799991607666,10713
2025-10-02 16:28:00+00:00,25.88010025024414,25.889999389648438,25.88010025024414,25.885000228881836,9149
2025-10-02 16:29:00+00:00,25.864999771118164,25.885000228881836,25.86009979248047,25.885000228881836,25067
2025-10-02 16:30:00+00:00,25.864999771118164,25.865100860595703,25.864999771118164,25.864999771118164,16965
2025-10-02 16:31:00+00:00,25.854999542236328,25.866300582885742,25.850000381469727,25.864999771118164,26374
2025-10-02 16:32:00+00:00,25.865100860595703,25.865100860595703,25.850000381469727,25.860000610351562,23301
2025-10-02 16:33:00+00:00,25.864999771118164,25.867799758911133,25.860000610351562,25.864999771118164,12858
2025-10-02 16:34:00+00:00,25.875,25.879899978637695,25.864999771118164,25.864999771118164,32744
2025-10-02 16:35:00+00:00,25.875,25.875600814819336,25.87310028076172,25.875600814819336,16940
2025-10-02 16:36:00+00:00,25.889999389648438,25.889999389648438,25.8700008392334,25.875,45194
2025-10-02 16:37:00+00:00,25.899999618530273,25.899999618530273,25.895000457763672,25.895000457763672,17984
2025-10-02 16:38:00+00:00,25.895000457763672,25.899999618530273,25.890100479125977,25.890100479125977,10766
2025-10-02 16:39:00+00:00,25.875,25.889999389648438,25.875,25.889999389648438,11030
2025-10-02 16:40:00+00:00,25.875,25.87849998474121,25.875,25.87579917907715,14650
2025-10-02 16:41:00+00:00,25.889999389648438,25.889999389648438,25.871400833129883,25.875,11403
2025-10-02 16:42:00+00:00,25.885000228881836,25.885000228881836,25.883499145507812,25.883499145507812,3231
2025-10-02 16:43:00+00:00,25.899999618530273,25.899999618530273,25.885000228881836,25.885000228881836,9148
2025-10-02 16:44:00+00:00,25.90999984741211,25.90999984741211,25.890100479125977,25.899999618530273,34031
2025-10-02 16:45:00+00:00,25.938499450683594,25.940000534057617,25.90999984741211,25.90999984741211,56044
2025-10-02 16:46:00+00:00,25.949899673461914,25.949899673461914,25.940000534057617,25.940000534057617,6475
2025-10-02 16:47:00+00:00,25.934999465942383,25.94499969482422,25.933799743652344,25.94420051574707,8615
2025-10-02 16:48:00+00:00,25.94849967956543,25.959999084472656,25.934999465942383,25.934999465942383,56442
2025-10-02 16:49:00+00:00,25.940000534057617,25.950000762939453,25.931499481201172,25.950000762939453,15768
2025-10-02 16:50:00+00:00,25.934999465942383,25.940000534057617,25.934999465942383,25.934999465942383,3416
2025-10-02 16:51:00+00:00,25.924999237060547,25.934999465942383,25.924999237060547,25.934999465942383,7279
2025-10-02 16:52:00+00:00,25.934999465942383,25.934999465942383,25.924999237060547,25.924999237060547,11045
2025-10-02 16:53:00+00:00,25.924999237060547,25.940000534057617,25.924999237060547,25.934999465942383,17464
2025-10-02 16:54:00+00:00,25.920000076293945,25.924999237060547,25.90999984741211,25.924999237060547,29757
2025-10-02 16:55:00+00:00,25.920000076293945,25.920000076293945,25.915000915527344,25.915000915527344,13069
2025-10-02 16:56:00+00:00,25.933500289916992,25.939800262451172,25.93000030517578,25.93000030517578,16190
2025-10-02 16:57:00+00:00,25.929899215698242,25.93000030517578,25.920000076293945,25.93000030517578,13597
2025-10-02 16:58:00+00:00,25.915000915527344,25.924999237060547,25.915000915527344,25.924999237060547,17529
2025-10-02 16:59:00+00:00,25.924999237060547,25.934999465942383,25.915000915527344,25.915000915527344,45229
2025-10-02 17:00:00+00:00,25.934999465942383,25.940000534057617,25.93000030517578,25.93000030517578,13535
2025-10-02 17:01:00+00:00,25.924999237060547,25.940000534057617,25.924999237060547,25.934999465942383,20595
2025-10-02 17:02:00+00:00,25.94499969482422,25.94499969482422,25.920000076293945,25.920000076293945,40297
2025-10-02 17:03:00+00:00,25.924999237060547,25.944499969482422,25.924999237060547,25.944499969482422,17917
2025-10-02 17:04:00+00:00,25.920000076293945,25.93000030517578,25.920000076293945,25.920000076293945,1412
2025-10-02 17:05:00+00:00,25.90999984741211,25.924999237060547,25.90999984741211,25.924999237060547,14751
2025-10-02 17:06:00+00:00,25.903099060058594,25.916200637817383,25.899999618530273,25.916200637817383,15238
2025-10-02 17:07:00+00:00,25.891000747680664,25.899999618530273,25.891000747680664,25.899999618530273,10824
2025-10-02 17:08:00+00:00,25.885000228881836,25.889999389648438,25.8799991607666,25.889999389648438,33235
2025-10-02 17:09:00+00:00,25.886199951171875,25.886199951171875,25.8799991607666,25.885000228881836,4798
2025-10-02 17:10:00+00:00,25.885000228881836,25.889999389648438,25.87310028076172,25.885000228881836,17728
2025-10-02 17:11:00+00:00,25.885000228881836,25.88990020751953,25.883699417114258,25.885000228881836,38186
2025-10-02 17:12:00+00:00,25.885000228881836,25.885099411010742,25.883699417114258,25.885000228881836,16641
2025-10-02 17:13:00+00:00,25.915000915527344,25.920000076293945,25.889999389648438,25.889999389648438,21258
2025-10-02 17:14:00+00:00,25.920000076293945,25.920000076293945,25.915000915527344,25.915000915527344,5015
2025-10-02 17:15:00+00:00,25.915000915527344,25.920000076293945,25.91010093688965,25.920000076293945,7084
2025-10-02 17:16:00+00:00,25.924999237060547,25.924999237060547,25.915000915527344,25.915000915527344,5570
2025-10-02 17:17:00+00:00,25.920000076293945,25.93000030517578,25.920000076293945,25.924999237060547,17647
2025-10-02 17:18:00+00:00,25.924999237060547,25.924999237060547,25.913700103759766,25.915000915527344,15581
2025-10-02 17:19:00+00:00,25.924999237060547,25.93000030517578,25.920000076293945,25.924999237060547,6719
2025-10-02 17:20:00+00:00,25.924999237060547,25.93000030517578,25.924999237060547,25.924999237060547,10554
2025-10-02 17:21:00+00:00,25.929899215698242,25.929899215698242,25.912200927734375,25.920000076293945,13204
2025-10-02 17:22:00+00:00,25.934999465942383,25.940000534057617,25.920000076293945,25.924999237060547,20823
2025-10-02 17:23:00+00:00,25.934999465942383,25.940000534057617,25.930099487304688,25.930099487304688,15155
2025-10-02 17:24:00+00:00,25.940000534057617,25.940000534057617,25.934999465942383,25.940000534057617,11171
2025-10-02 17:25:00+00:00,25.93000030517578,25.934999465942383,25.924999237060547,25.934999465942383,11536
2025-10-02 17:26:00+00:00,25.94499969482422,25.94499969482422,25.921199798583984,25.93000030517578,17883
2025-10-02 17:27:00+00:00,25.94529914855957,25.950000762939453,25.930099487304688,25.94499969482422,20169
2025-10-02 17:28:00+00:00,25.94499969482422,25.954999923706055,25.94499969482422,25.94499969482422,17704
2025-10-02 17:29:00+00:00,25.94499969482422,25.950000762939453,25.94499969482422,25.94499969482422,2274
2025-10-02 17:30:00+00:00,25.94499969482422,25.949899673461914,25.94499969482422,25.94499969482422,5217
2025-10-02 17:31:00+00:00,25.959999084472656,25.959999084472656,25.94499969482422,25.94499969482422,27245
2025-10-02 17:32:00+00:00,25.979999542236328,25.979999542236328,25.950000762939453,25.950000762939453,23674
2025-10-02 17:33:00+00:00,25.975000381469727,25.975799560546875,25.969999313354492,25.975000381469727,14247
2025-10-02 17:34:00+00:00,25.954999923706055,25.969999313354492,25.954999923706055,25.969999313354492,22202
2025-10-02 17:35:00+00:00,25.954999923706055,25.959999084472656,25.950000762939453,25.95509910583496,2704
2025-10-02 17:36:00+00:00,25.954999923706055,25.954999923706055,25.950000762939453,25.954999923706055,10057
2025-10-02 17:37:00+00:00,25.954999923706055,25.954999923706055,25.954200744628906,25.954999923706055,3041
2025-10-02 17:38:00+00:00,25.95509910583496,25.959999084472656,25.950000762939453,25.950000762939453,4246
2025-10-02 17:39:00+00:00,25.979999542236328,25.979999542236328,25.954999923706055,25.954999923706055,28849
2025-10-02 17:40:00+00:00,25.975000381469727,25.979999542236328,25.973499298095703,25.975000381469727,5142
2025-10-02 17:41:00+00:00,25.975000381469727,25.979999542236328,25.975000381469727,25.975000381469727,6975
2025-10-02 17:42:00+00:00,25.975000381469727,25.979999542236328,25.969999313354492,25.979999542236328,27731
2025-10-02 17:43:00+00:00,25.975000381469727,25.979999542236328,25.970199584960938,25.975000381469727,9593
2025-10-02 17:44:00+00:00,25.96500015258789,25.975000381469727,25.959999084472656,25.975000381469727,14788
2025-10-02 17:45:00+00:00,25.954999923706055,25.96500015258789,25.950000762939453,25.96500015258789,17958
2025-10-02 17:46:00+00:00,25.96500015258789,25.96500015258789,25.950000762939453,25.954999923706055,12844
2025-10-02 17:47:00+00:00,25.969999313354492,25.969999313354492,25.959999084472656,25.96500015258789,7583
2025-10-02 17:48:00+00:00,25.973800659179688,25.97949981689453,25.960100173950195,25.96500015258789,12649
2025-10-02 17:49:00+00:00,25.954999923706055,25.975000381469727,25.954999923706055,25.975000381469727,15613
2025-10-02 17:50:00+00:00,25.96500015258789,25.96500015258789,25.954200744628906,25.954999923706055,7034
2025-10-02 17:51:00+00:00,25.959999084472656,25.96500015258789,25.950000762939453,25.959999084472656,26348
2025-10-02 17:52:00+00:00,25.96500015258789,25.96500015258789,25.960100173950195,25.96500015258789,3735
2025-10-02 17:53:00+00:00,25.975000381469727,25.975000381469727,25.96500015258789,25.96500015258789,24590
2025-10-02 17:54:00+00:00,25.975000381469727,25.975000381469727,25.975000381469727,25.975000381469727,2220
2025-10-02 17:55:00+00:00,25.975000381469727,25.985000610351562,25.973499298095703,25.975000381469727,13466
2025-10-02 17:56:00+00:00,25.975000381469727,25.979999542236328,25.97010040283203,25.979999542236328,4058
2025-10-02 17:57:00+00:00,25.975000381469727,25.975000381469727,25.969999313354492,25.975000381469727,4978
2025-10-02 17:58:00+00:00,25.96500015258789,25.969999313354492,25.959999084472656,25.969999313354492,5877
2025-10-02 17:59:00+00:00,25.96500015258789,25.969999313354492,25.959999084472656,25.959999084472656,4451
2025-10-02 18:00:00+00:00,25.96500015258789,25.969900131225586,25.96500015258789,25.96500015258789,9648
2025-10-02 18:01:00+00:00,25.96500015258789,25.96500015258789,25.959999084472656,25.960100173950195,7441
2025-10-02 18:02:00+00:00,25.967500686645508,25.969999313354492,25.964500427246094,25.96500015258789,12111
2025-10-02 18:03:00+00:00,25.979999542236328,25.979999542236328,25.971799850463867,25.975000381469727,5145
2025-10-02 18:04:00+00:00,25.985000610351562,25.986499786376953,25.975000381469727,25.975000381469727,8945
2025-10-02 18:05:00+00:00,25.989999771118164,25.989999771118164,25.985000610351562,25.985000610351562,16036
2025-10-02 18:06:00+00:00,25.989999771118164,26.0,25.989999771118164,25.989999771118164,10058
2025-10-02 18:07:00+00:00,25.975000381469727,25.989999771118164,25.975000381469727,25.989999771118164,13085
2025-10-02 18:08:00+00:00,25.975000381469727,25.975000381469727,25.97100067138672,25.975000381469727,9897
2025-10-02 18:09:00+00:00,25.975000381469727,25.975000381469727,25.969999313354492,25.969999313354492,3724
2025-10-02 18:10:00+00:00,25.954999923706055,25.975000381469727,25.950000762939453,25.975000381469727,9811
2025-10-02 18:11:00+00:00,25.94179916381836,25.954999923706055,25.94179916381836,25.954999923706055,11190
2025-10-02 18:12:00+00:00,25.954999923706055,25.954999923706055,25.94179916381836,25.94179916381836,12297
2025-10-02 18:13:00+00:00,25.96500015258789,25.96500015258789,25.953800201416016,25.954999923706055,18917
2025-10-02 18:14:00+00:00,25.972200393676758,25.979999542236328,25.96500015258789,25.96500015258789,32149
2025-10-02 18:15:00+00:00,25.979999542236328,25.979999542236328,25.975000381469727,25.975000381469727,20134
2025-10-02 18:16:00+00:00,25.985000610351562,25.989999771118164,25.975000381469727,25.975000381469727,13691
2025-10-02 18:17:00+00:00,26.0,26.0,25.98310089111328,25.989999771118164,22230
2025-10-02 18:18:00+00:00,25.99650001525879,26.0,25.989999771118164,26.0,12389
2025-10-02 18:19:00+00:00,25.9950008392334,26.0,25.994699478149414,25.9950008392334,11189
2025-10-02 18:20:00+00:00,25.9950008392334,26.0,25.9950008392334,26.0,10953
2025-10-02 18:21:00+00:00,26.000099182128906,26.010000228881836,25.989999771118164,25.9950008392334,46462
2025-10-02 18:22:00+00:00,26.0049991607666,26.010000228881836,26.00469970703125,26.0049991607666,39041
2025-10-02 18:23:00+00:00,26.02899932861328,26.030000686645508,26.006999969482422,26.010000228881836,36736
2025-10-02 18:24:00+00:00,26.024999618530273,26.030000686645508,26.024999618530273,26.024999618530273,10206
2025-10-02 18:25:00+00:00,26.024999618530273,26.030000686645508,26.024999618530273,26.024999618530273,12918
2025-10-02 18:26:00+00:00,26.014999389648438,26.025299072265625,26.014999389648438,26.024999618530273,33182
2025-10-02 18:27:00+00:00,26.012500762939453,26.020000457763672,26.012500762939453,26.020000457763672,16023
2025-10-02 18:28:00+00:00,26.014999389648438,26.020000457763672,26.010099411010742,26.014999389648438,45907
2025-10-02 18:29:00+00:00,26.024999618530273,26.03499984741211,26.014999389648438,26.014999389648438,33877
2025-10-02 18:30:00+00:00,26.024999618530273,26.024999618530273,26.010099411010742,26.020000457763672,18261
2025-10-02 18:31:00+00:00,26.01889991760254,26.024999618530273,26.014999389648438,26.020000457763672,13714
2025-10-02 18:32:00+00:00,26.024999618530273,26.024999618530273,26.014999389648438,26.020000457763672,6438
2025-10-02 18:33:00+00:00,26.024999618530273,26.024999618530273,26.024999618530273,26.024999618530273,6096
2025-10-02 18:34:00+00:00,26.014999389648438,26.024999618530273,26.010099411010742,26.024999618530273,22858
2025-10-02 18:35:00+00:00,26.0,26.014999389648438,26.0,26.014999389648438,15437
2025-10-02 18:36:00+00:00,26.0049991607666,26.008899688720703,26.0,26.0049991607666,7253
2025-10-02 18:37:00+00:00,26.0049991607666,26.0049991607666,26.0,26.0049991607666,4614
2025-10-02 18:38:00+00:00,26.0049991607666,26.00510025024414,26.0,26.0,22539
2025-10-02 18:39:00+00:00,26.0049991607666,26.009300231933594,26.00349998474121,26.0049991607666,4308
2025-10-02 18:40:00+00:00,26.0049991607666,26.014999389648438,26.0,26.010000228881836,30342
2025-10-02 18:41:00+00:00,26.0044002532959,26.010000228881836,26.001800537109375,26.0049991607666,15811
2025-10-02 18:42:00+00:00,26.0049991607666,26.010000228881836,26.00349998474121,26.009899139404297,8033
2025-10-02 18:43:00+00:00,25.9950008392334,26.0049991607666,25.9950008392334,26.0049991607666,19936
2025-10-02 18:44:00+00:00,25.9950008392334,25.995800018310547,25.9950008392334,25.99530029296875,2899
2025-10-02 18:45:00+00:00,25.9950008392334,25.9950008392334,25.9950008392334,25.9950008392334,7158
2025-10-02 18:46:00+00:00,26.0049991607666,26.00510025024414,25.9950008392334,25.9950008392334,13497
2025-10-02 18:47:00+00:00,25.985000610351562,26.0049991607666,25.985000610351562,26.0049991607666,23285
2025-10-02 18:48:00+00:00,25.985000610351562,25.985000610351562,25.985000610351562,25.985000610351562,5288
2025-10-02 18:49:00+00:00,25.979999542236328,25.985000610351562,25.979999542236328,25.979999542236328,8547
2025-10-02 18:50:00+00:00,25.9862003326416,25.9862003326416,25.979999542236328,25.979999542236328,17543
2025-10-02 18:51:00+00:00,25.989999771118164,25.989999771118164,25.985000610351562,25.985000610351562,7012
2025-10-02 18:52:00+00:00,25.97010040283203,25.98509979248047,25.97010040283203,25.985000610351562,30770
2025-10-02 18:53:00+00:00,25.975000381469727,25.975000381469727,25.969999313354492,25.975000381469727,15058
2025-10-02 18:54:00+00:00,25.97260093688965,25.985000610351562,25.972000122070312,25.975000381469727,44741
2025-10-02 18:55:00+00:00,25.9950008392334,25.99530029296875,25.975000381469727,25.975000381469727,167183
2025-10-02 18:56:00+00:00,26.0049991607666,26.020000457763672,25.9950008392334,26.0,238537
2025-10-02 18:57:00+00:00,26.0,26.006500244140625,26.0,26.0049991607666,20355
2025-10-02 18:58:00+00:00,25.989999771118164,26.00510025024414,25.989999771118164,26.0049991607666,19795
2025-10-02 18:59:00+00:00,25.989999771118164,26.0049991607666,25.989999771118164,26.0,15868
2025-10-02 19:00:00+00:00,25.9950008392334,26.006500244140625,25.9950008392334,25.9950008392334,20269
2025-10-02 19:01:00+00:00,25.9950008392334,26.0,25.9950008392334,25.9950008392334,12318
2025-10-02 19:02:00+00:00,25.975000381469727,25.9950008392334,25.975000381469727,25.9950008392334,23577
2025-10-02 19:03:00+00:00,25.985000610351562,25.989999771118164,25.975000381469727,25.975000381469727,10730
2025-10-02 19:04:00+00:00,25.9950008392334,25.9950008392334,25.980100631713867,25.985000610351562,10694
2025-10-02 19:05:00+00:00,26.0049991607666,26.010000228881836,25.9950008392334,25.9950008392334,7876
2025-10-02 19:06:00+00:00,26.0049991607666,26.005300521850586,26.0,26.0049991607666,5092
2025-10-02 19:07:00+00:00,25.985000610351562,26.0049991607666,25.979999542236328,26.0049991607666,28681
2025-10-02 19:08:00+00:00,25.99850082397461,25.99850082397461,25.979999542236328,25.985000610351562,12416
2025-10-02 19:09:00+00:00,25.989999771118164,25.9950008392334,25.985000610351562,25.989999771118164,10872
2025-10-02 19:10:00+00:00,25.989999771118164,25.989999771118164,25.979999542236328,25.989999771118164,16500
2025-10-02 19:11:00+00:00,25.9950008392334,25.99530029296875,25.989999771118164,25.989999771118164,9460
2025-10-02 19:12:00+00:00,25.989999771118164,26.0049991607666,25.989999771118164,25.9950008392334,17169
2025-10-02 19:13:00+00:00,25.9950008392334,26.0,25.989999771118164,26.0,7983
2025-10-02 19:14:00+00:00,25.989999771118164,25.9950008392334,25.985000610351562,25.9950008392334,8693
2025-10-02 19:15:00+00:00,25.98590087890625,25.986299514770508,25.98349952697754,25.985000610351562,4512
2025-10-02 19:16:00+00:00,25.96500015258789,25.98780059814453,25.950000762939453,25.979999542236328,268751
2025-10-02 19:17:00+00:00,25.959999084472656,25.969999313354492,25.959999084472656,25.966999053955078,18471
2025-10-02 19:18:00+00:00,25.985000610351562,25.985000610351562,25.962099075317383,25.962099075317383,24793
2025-10-02 19:19:00+00:00,25.985000610351562,25.989999771118164,25.985000610351562,25.985000610351562,6914
2025-10-02 19:20:00+00:00,25.98900032043457,25.989999771118164,25.985000610351562,25.985000610351562,9463
2025-10-02 19:21:00+00:00,25.989999771118164,26.0,25.985000610351562,25.986000061035156,17740
2025-10-02 19:22:00+00:00,25.985000610351562,25.98900032043457,25.979999542236328,25.98900032043457,5038
2025-10-02 19:23:00+00:00,25.985000610351562,25.98900032043457,25.985000610351562,25.985000610351562,4611
2025-10-02 19:24:00+00:00,25.98900032043457,25.98900032043457,25.980199813842773,25.985000610351562,3191
2025-10-02 19:25:00+00:00,25.985000610351562,25.98900032043457,25.979999542236328,25.985000610351562,7525
2025-10-02 19:26:00+00:00,25.979999542236328,25.989999771118164,25.979999542236328,25.979999542236328,9354
2025-10-02 19:27:00+00:00,25.985000610351562,25.98900032043457,25.985000610351562,25.985000610351562,12170
2025-10-02 19:28:00+00:00,25.985000610351562,25.989999771118164,25.979999542236328,25.985000610351562,16263
2025-10-02 19:29:00+00:00,25.975000381469727,25.985000610351562,25.969999313354492,25.985000610351562,40559
2025-10-02 19:30:00+00:00,25.97249984741211,25.989999771118164,25.969999313354492,25.975000381469727,28699
2025-10-02 19:31:00+00:00,25.96500015258789,25.979999542236328,25.96500015258789,25.979999542236328,7660
2025-10-02 19:32:00+00:00,25.96500015258789,25.969999313354492,25.96500015258789,25.969999313354492,5980
2025-10-02 19:33:00+00:00,25.96500015258789,25.969999313354492,25.959999084472656,25.969900131225586,13774
2025-10-02 19:34:00+00:00,25.96500015258789,25.969999313354492,25.959999084472656,25.96500015258789,6845
2025-10-02 19:35:00+00:00,25.96500015258789,25.96500015258789,25.959999084472656,25.96500015258789,5357
2025-10-02 19:36:00+00:00,25.96500015258789,25.96500015258789,25.959999084472656,25.96500015258789,5786
2025-10-02 19:37:00+00:00,25.96500015258789,25.969999313354492,25.959999084472656,25.96500015258789,31533
2025-10-02 19:38:00+00:00,25.94499969482422,25.969999313354492,25.94499969482422,25.959999084472656,52829
2025-10-02 19:39:00+00:00,25.95989990234375,25.959999084472656,25.94499969482422,25.94499969482422,25245
2025-10-02 19:40:00+00:00,25.96500015258789,25.969999313354492,25.950000762939453,25.954999923706055,30166
2025-10-02 19:41:00+00:00,25.954999923706055,25.969999313354492,25.953500747680664,25.969999313354492,16347
2025-10-02 19:42:00+00:00,25.94499969482422,25.954999923706055,25.940000534057617,25.950000762939453,22833
2025-10-02 19:43:00+00:00,25.954999923706055,25.959999084472656,25.940099716186523,25.94499969482422,32924
2025-10-02 19:44:00+00:00,25.940000534057617,25.95009994506836,25.940000534057617,25.950000762939453,13081
2025-10-02 19:45:00+00:00,25.934999465942383,25.945999145507812,25.934999465942383,25.94499969482422,9094
2025-10-02 19:46:00+00:00,25.958999633789062,25.959999084472656,25.93000030517578,25.934999465942383,111257
2025-10-02 19:47:00+00:00,25.96500015258789,25.969999313354492,25.954999923706055,25.954999923706055,20061
2025-10-02 19:48:00+00:00,25.96500015258789,25.969999313354492,25.959999084472656,25.96500015258789,44903
2025-10-02 19:49:00+00:00,25.9950008392334,26.0,25.96500015258789,25.96500015258789,55089
2025-10-02 19:50:00+00:00,26.014999389648438,26.014999389648438,25.9950008392334,26.0,86681
2025-10-02 19:51:00+00:00,25.99959945678711,26.010000228881836,25.9950008392334,26.010000228881836,82183
2025-10-02 19:52:00+00:00,26.0,26.0049991607666,25.989999771118164,26.0,46965
2025-10-02 19:53:00+00:00,25.985000610351562,26.0049991607666,25.979999542236328,26.0049991607666,78204
2025-10-02 19:54:00+00:00,26.014999389648438,26.020000457763672,25.979999542236328,25.985000610351562,147485
2025-10-02 19:55:00+00:00,26.040000915527344,26.040000915527344,26.014999389648438,26.014999389648438,140889
2025-10-02 19:56:00+00:00,26.024999618530273,26.040000915527344,26.020000457763672,26.040000915527344,99122
2025-10-02 19:57:00+00:00,26.03499984741211,26.040000915527344,26.020000457763672,26.024999618530273,243645
2025-10-02 19:58:00+00:00,26.065000534057617,26.06999969482422,26.030000686645508,26.03499984741211,252526
2025-10-02 19:59:00+00:00,26.06999969482422,26.079999923706055,26.059999465942383,26.065000534057617,346755
2025-10-03 13:30:00+00:00,26.139999389648438,26.15999984741211,26.049999237060547,26.06999969482422,96751
2025-10-03 13:31:00+00:00,26.040000915527344,26.114999771118164,26.030000686645508,26.100000381469727,16316
2025-10-03 13:32:00+00:00,26.100000381469727,26.110000610351562,26.040000915527344,26.040000915527344,11245
2025-10-03 13:33:00+00:00,26.1299991607666,26.1299991607666,26.100000381469727,26.110000610351562,7219
2025-10-03 13:34:00+00:00,26.09000015258789,26.139999389648438,26.09000015258789,26.1299991607666,4006
2025-10-03 13:35:00+00:00,26.079999923706055,26.09000015258789,26.079999923706055,26.09000015258789,562
2025-10-03 13:36:00+00:00,26.065000534057617,26.065000534057617,26.03499984741211,26.040000915527344,18032
2025-10-03 13:37:00+00:00,26.059999465942383,26.084999084472656,26.05500030517578,26.075000762939453,12296
2025-10-03 13:38:00+00:00,26.059999465942383,26.075000762939453,26.045000076293945,26.049999237060547,21636
2025-10-03 13:39:00+00:00,26.085500717163086,26.08989906311035,26.049999237060547,26.065000534057617,17125
2025-10-03 13:40:00+00:00,26.11009979248047,26.11009979248047,26.079999923706055,26.084999084472656,17215
2025-10-03 13:41:00+00:00,26.129899978637695,26.13990020751953,26.114999771118164,26.116100311279297,16087
2025-10-03 13:42:00+00:00,26.149999618530273,26.149999618530273,26.125,26.125,7324
2025-10-03 13:43:00+00:00,26.145000457763672,26.149999618530273,26.134199142456055,26.140100479125977,6505
2025-10-03 13:44:00+00:00,26.165000915527344,26.165000915527344,26.1299991607666,26.145000457763672,18566
2025-10-03 13:45:00+00:00,26.155000686645508,26.174999237060547,26.1299991607666,26.15999984741211,0
2025-10-03 13:46:00+00:00,26.155000686645508,26.16990089416504,26.155000686645508,26.15999984741211,85746
2025-10-03 13:47:00+00:00,26.165000915527344,26.170000076293945,26.153799057006836,26.159900665283203,14682
2025-10-03 13:48:00+00:00,26.149999618530273,26.166500091552734,26.149999618530273,26.16119956970215,7196
2025-10-03 13:49:00+00:00,26.165000915527344,26.170000076293945,26.15999984741211,26.15999984741211,4123
2025-10-03 13:50:00+00:00,26.15999984741211,26.170000076293945,26.151199340820312,26.170000076293945,4055
2025-10-03 13:51:00+00:00,26.17140007019043,26.18000030517578,26.15999984741211,26.15999984741211,10874
2025-10-03 13:52:00+00:00,26.16119956970215,26.18000030517578,26.15999984741211,26.18000030517578,6837
2025-10-03 13:53:00+00:00,26.159000396728516,26.15999984741211,26.139999389648438,26.15999984741211,9781
2025-10-03 13:54:00+00:00,26.16010093688965,26.18000030517578,26.155000686645508,26.155000686645508,12883
2025-10-03 13:55:00+00:00,26.16990089416504,26.170000076293945,26.155000686645508,26.160999298095703,5944
2025-10-03 13:56:00+00:00,26.141000747680664,26.15999984741211,26.135000228881836,26.15999984741211,20601
2025-10-03 13:57:00+00:00,26.15999984741211,26.15999984741211,26.135000228881836,26.139999389648438,4601
2025-10-03 13:58:00+00:00,26.18000030517578,26.190000534057617,26.165000915527344,26.165000915527344,9704
2025-10-03 13:59:00+00:00,26.190000534057617,26.190000534057617,26.184999465942383,26.184999465942383,4134
2025-10-03 14:00:00+00:00,26.22010040283203,26.225000381469727,26.190000534057617,26.190000534057617,33667
2025-10-03 14:01:00+00:00,26.225000381469727,26.229999542236328,26.204999923706055,26.219999313354492,19593
2025-10-03 14:02:00+00:00,26.204999923706055,26.225000381469727,26.204999923706055,26.225000381469727,9966
2025-10-03 14:03:00+00:00,26.219999313354492,26.219999313354492,26.190000534057617,26.20009994506836,12724
2025-10-03 14:04:00+00:00,26.184999465942383,26.219999313354492,26.173799514770508,26.219999313354492,17680
2025-10-03 14:05:00+00:00,26.174999237060547,26.190000534057617,26.172100067138672,26.190000534057617,34775
2025-10-03 14:06:00+00:00,26.19499969482422,26.204999923706055,26.17009925842285,26.18000030517578,27571
2025-10-03 14:07:00+00:00,26.194499969482422,26.199899673461914,26.190000534057617,26.19499969482422,6187
2025-10-03 14:08:00+00:00,26.184999465942383,26.200000762939453,26.184999465942383,26.19499969482422,6907
2025-10-03 14:09:00+00:00,26.170000076293945,26.18000030517578,26.165000915527344,26.18000030517578,10423
2025-10-03 14:10:00+00:00,26.184999465942383,26.184999465942383,26.170000076293945,26.170000076293945,17050
2025-10-03 14:11:00+00:00,26.168800354003906,26.184999465942383,26.168800354003906,26.184999465942383,8335
2025-10-03 14:12:00+00:00,26.139999389648438,26.15999984741211,26.139999389648438,26.15999984741211,9358
2025-10-03 14:13:00+00:00,26.110000610351562,26.139999389648438,26.110000610351562,26.139999389648438,46956
2025-10-03 14:14:00+00:00,26.1200008392334,26.125,26.104999542236328,26.110000610351562,35622
2025-10-03 14:15:00+00:00,26.114999771118164,26.125,26.110000610351562,26.114999771118164,17688
2025-10-03 14:16:00+00:00,26.114999771118164,26.1200008392334,26.110000610351562,26.1200008392334,7538
2025-10-03 14:17:00+00:00,26.135000228881836,26.145000457763672,26.114999771118164,26.114999771118164,10791
2025-10-03 14:18:00+00:00,26.13990020751953,26.145000457763672,26.135000228881836,26.13990020751953,11415
2025-10-03 14:19:00+00:00,26.139999389648438,26.139999389648438,26.124099731445312,26.139999389648438,22562
2025-10-03 14:20:00+00:00,26.170000076293945,26.170000076293945,26.139999389648438,26.139999389648438,11709
2025-10-03 14:21:00+00:00,26.180099487304688,26.184999465942383,26.170000076293945,26.170000076293945,20801
2025-10-03 14:22:00+00:00,26.166000366210938,26.190000534057617,26.165000915527344,26.184999465942383,17221
2025-10-03 14:23:00+00:00,26.184999465942383,26.1875,26.165000915527344,26.168899536132812,5776
2025-10-03 14:24:00+00:00,26.18000030517578,26.190000534057617,26.16699981689453,26.190000534057617,42178
2025-10-03 14:25:00+00:00,26.18000030517578,26.18549919128418,26.17009925842285,26.18549919128418,9691
2025-10-03 14:26:00+00:00,26.155000686645508,26.174999237060547,26.149999618530273,26.174999237060547,8275
2025-10-03 14:27:00+00:00,26.190000534057617,26.190000534057617,26.155000686645508,26.155000686645508,16849
2025-10-03 14:28:00+00:00,26.190000534057617,26.200000762939453,26.184999465942383,26.190000534057617,22593
2025-10-03 14:29:00+00:00,26.19499969482422,26.19499969482422,26.184999465942383,26.19420051574707,11077
2025-10-03 14:30:00+00:00,26.21500015258789,26.219999313354492,26.19499969482422,26.19499969482422,13665
2025-10-03 14:31:00+00:00,26.198999404907227,26.21500015258789,26.198999404907227,26.209999084472656,14299
2025-10-03 14:32:00+00:00,26.219999313354492,26.219999313354492,26.190099716186523,26.196300506591797,24138
2025-10-03 14:33:00+00:00,26.204999923706055,26.219999313354492,26.204999923706055,26.219999313354492,7938
2025-10-03 14:34:00+00:00,26.19499969482422,26.204999923706055,26.190000534057617,26.204999923706055,13088
2025-10-03 14:35:00+00:00,26.209999084472656,26.2185001373291,26.19499969482422,26.19499969482422,11734
2025-10-03 14:36:00+00:00,26.19499969482422,26.21500015258789,26.19499969482422,26.21500015258789,15250
2025-10-03 14:37:00+00:00,26.18869972229004,26.200000762939453,26.18000030517578,26.200000762939453,12858
2025-10-03 14:38:00+00:00,26.18000030517578,26.188499450683594,26.170000076293945,26.184999465942383,6825
2025-10-03 14:39:00+00:00,26.17009925842285,26.174999237060547,26.165000915527344,26.173500061035156,7601
2025-10-03 14:40:00+00:00,26.174999237060547,26.18910026550293,26.174999237060547,26.179500579833984,15777
2025-10-03 14:41:00+00:00,26.16510009765625,26.18000030517578,26.16010093688965,26.170000076293945,25554
2025-10-03 14:42:00+00:00,26.174999237060547,26.18000030517578,26.165000915527344,26.165000915527344,24045
2025-10-03 14:43:00+00:00,26.184999465942383,26.184999465942383,26.1742000579834,26.174999237060547,10976
2025-10-03 14:44:00+00:00,26.174999237060547,26.18000030517578,26.17009925842285,26.18000030517578,10013
2025-10-03 14:45:00+00:00,26.184999465942383,26.194000244140625,26.18000030517578,26.18000030517578,20036
2025-10-03 14:46:00+00:00,26.200000762939453,26.200000762939453,26.184999465942383,26.189300537109375,8223
2025-10-03 14:47:00+00:00,26.225000381469727,26.239999771118164,26.200000762939453,26.200000762939453,78377
2025-10-03 14:48:00+00:00,26.219999313354492,26.219999313354492,26.210100173950195,26.219999313354492,10501
2025-10-03 14:49:00+00:00,26.22879981994629,26.22879981994629,26.204500198364258,26.219999313354492,37506
2025-10-03 14:50:00+00:00,26.19499969482422,26.225000381469727,26.19499969482422,26.225000381469727,13508
2025-10-03 14:51:00+00:00,26.17169952392578,26.209999084472656,26.17169952392578,26.19499969482422,11718
2025-10-03 14:52:00+00:00,26.125,26.174999237060547,26.125,26.174999237060547,5036
2025-10-03 14:53:00+00:00,26.114999771118164,26.125,26.110000610351562,26.125,12759
2025-10-03 14:54:00+00:00,26.0935001373291,26.114999771118164,26.0935001373291,26.114999771118164,12679
2025-10-03 14:55:00+00:00,26.059999465942383,26.100000381469727,26.059999465942383,26.094999313354492,19300
2025-10-03 14:56:00+00:00,26.084999084472656,26.084999084472656,26.05470085144043,26.059999465942383,27576
2025-10-03 14:57:00+00:00,26.088699340820312,26.088699340820312,26.08009910583496,26.084999084472656,7194
2025-10-03 14:58:00+00:00,26.084999084472656,26.089099884033203,26.070100784301758,26.079999923706055,12402
2025-10-03 14:59:00+00:00,26.075000762939453,26.09000015258789,26.06999969482422,26.09000015258789,23700
2025-10-03 15:00:00+00:00,26.075000762939453,26.088600158691406,26.06999969482422,26.075000762939453,22296
2025-10-03 15:01:00+00:00,26.079099655151367,26.084999084472656,26.06999969482422,26.06999969482422,6718
2025-10-03 15:02:00+00:00,26.084999084472656,26.084999084472656,26.074600219726562,26.079999923706055,3480
2025-10-03 15:03:00+00:00,26.07509994506836,26.084999084472656,26.06999969482422,26.084999084472656,13692
2025-10-03 15:04:00+00:00,26.079999923706055,26.09000015258789,26.079999923706055,26.079999923706055,6130
2025-10-03 15:05:00+00:00,26.084999084472656,26.094999313354492,26.084999084472656,26.084999084472656,8091
2025-10-03 15:06:00+00:00,26.075000762939453,26.09000015258789,26.06999969482422,26.083499908447266,12785
2025-10-03 15:07:00+00:00,26.069900512695312,26.06999969482422,26.059999465942383,26.06999969482422,22976
2025-10-03 15:08:00+00:00,26.059900283813477,26.065000534057617,26.050199508666992,26.065000534057617,10512
2025-10-03 15:09:00+00:00,26.049999237060547,26.059999465942383,26.040000915527344,26.059900283813477,33968
2025-10-03 15:10:00+00:00,26.045000076293945,26.059999465942383,26.045000076293945,26.045000076293945,14287
2025-10-03 15:11:00+00:00,26.04990005493164,26.04990005493164,26.03499984741211,26.045000076293945,13468
2025-10-03 15:12:00+00:00,26.030000686645508,26.040000915527344,26.030000686645508,26.040000915527344,7277
2025-10-03 15:13:00+00:00,26.020000457763672,26.03019905090332,26.020000457763672,26.03019905090332,6399
2025-10-03 15:14:00+00:00,26.014999389648438,26.02989959716797,26.014999389648438,26.020000457763672,7998
2025-10-03 15:15:00+00:00,26.010000228881836,26.014999389648438,26.0,26.014999389648438,16961
2025-10-03 15:16:00+00:00,25.985000610351562,26.010000228881836,25.985000610351562,26.009899139404297,25544
2025-10-03 15:17:00+00:00,26.0,26.010000228881836,25.979999542236328,25.98509979248047,23203
2025-10-03 15:18:00+00:00,25.989999771118164,26.008399963378906,25.989999771118164,25.9950008392334,15749
2025-10-03 15:19:00+00:00,25.989999771118164,25.9950008392334,25.979999542236328,25.9950008392334,7313
2025-10-03 15:20:00+00:00,25.998699188232422,26.0,25.989999771118164,25.9950008392334,12419
2025-10-03 15:21:00+00:00,26.010000228881836,26.010000228881836,25.9950008392334,25.9950008392334,17438
2025-10-03 15:22:00+00:00,26.0049991607666,26.008499145507812,25.989999771118164,26.0,7035
2025-10-03 15:23:00+00:00,25.984600067138672,26.0049991607666,25.979999542236328,26.0049991607666,9430
2025-10-03 15:24:00+00:00,25.985000610351562,25.985000610351562,25.985000610351562,25.985000610351562,4447
2025-10-03 15:25:00+00:00,25.9950008392334,26.0049991607666,25.989999771118164,25.989999771118164,12937
2025-10-03 15:26:00+00:00,25.985000610351562,25.999900817871094,25.985000610351562,25.99850082397461,5018
2025-10-03 15:27:00+00:00,25.985000610351562,25.986499786376953,25.97170066833496,25.986499786376953,18532
2025-10-03 15:28:00+00:00,25.985000610351562,25.989999771118164,25.979999542236328,25.985000610351562,4453
2025-10-03 15:29:00+00:00,25.9950008392334,25.9950008392334,25.985000610351562,25.985000610351562,10321
2025-10-03 15:30:00+00:00,26.0049991607666,26.0049991607666,25.989999771118164,25.989999771118164,16200
2025-10-03 15:31:00+00:00,25.989999771118164,26.010000228881836,25.989999771118164,26.0049991607666,6024
2025-10-03 15:32:00+00:00,25.988500595092773,25.989999771118164,25.985000610351562,25.989999771118164,4176
2025-10-03 15:33:00+00:00,25.98509979248047,25.98870086669922,25.985000610351562,25.98870086669922,3827
2025-10-03 15:34:00+00:00,25.9950008392334,26.0,25.989999771118164,25.989999771118164,14778
2025-10-03 15:35:00+00:00,26.010000228881836,26.010000228881836,25.993499755859375,25.999000549316406,7519
2025-10-03 15:36:00+00:00,26.014999389648438,26.014999389648438,26.0049991607666,26.0049991607666,8923
2025-10-03 15:37:00+00:00,26.0,26.010000228881836,26.0,26.010000228881836,24493
2025-10-03 15:38:00+00:00,26.0049991607666,26.011699676513672,26.0,26.0049991607666,23134
2025-10-03 15:39:00+00:00,26.024999618530273,26.024999618530273,26.0049991607666,26.0049991607666,10470
2025-10-03 15:40:00+00:00,26.030000686645508,26.030000686645508,26.024999618530273,26.025800704956055,17838
2025-10-03 15:41:00+00:00,26.05500030517578,26.06999969482422,26.024999618530273,26.024999618530273,72325
2025-10-03 15:42:00+00:00,26.065000534057617,26.075000762939453,26.05500030517578,26.05500030517578,10769
2025-10-03 15:43:00+00:00,26.034500122070312,26.059999465942383,26.034500122070312,26.059999465942383,10628
2025-10-03 15:44:00+00:00,26.045000076293945,26.049999237060547,26.03499984741211,26.03499984741211,8354
2025-10-03 15:45:00+00:00,26.040000915527344,26.049999237060547,26.040000915527344,26.049999237060547,4574
2025-10-03 15:46:00+00:00,26.030000686645508,26.049800872802734,26.030000686645508,26.049800872802734,15986
2025-10-03 15:47:00+00:00,26.045000076293945,26.049999237060547,26.030000686645508,26.030000686645508,9393
2025-10-03 15:48:00+00:00,26.035400390625,26.045000076293945,26.030000686645508,26.045000076293945,6713
2025-10-03 15:49:00+00:00,26.030000686645508,26.03499984741211,26.024999618530273,26.030000686645508,9386
2025-10-03 15:50:00+00:00,26.030099868774414,26.040000915527344,26.030000686645508,26.030000686645508,31498
2025-10-03 15:51:00+00:00,26.045000076293945,26.045000076293945,26.023500442504883,26.03499984741211,24373
2025-10-03 15:52:00+00:00,26.045000076293945,26.05500030517578,26.045000076293945,26.049999237060547,18545
2025-10-03 15:53:00+00:00,26.03219985961914,26.047500610351562,26.031400680541992,26.043699264526367,44618
2025-10-03 15:54:00+00:00,26.05500030517578,26.059999465942383,26.040000915527344,26.040000915527344,31165
2025-10-03 15:55:00+00:00,26.059999465942383,26.059999465942383,26.05150032043457,26.05500030517578,5714
2025-10-03 15:56:00+00:00,26.059999465942383,26.06999969482422,26.05500030517578,26.059999465942383,13316
2025-10-03 15:57:00+00:00,26.065000534057617,26.065000534057617,26.049999237060547,26.056400299072266,8841
2025-10-03 15:58:00+00:00,26.07990074157715,26.079999923706055,26.059999465942383,26.06999969482422,24473
2025-10-03 15:59:00+00:00,26.0757999420166,26.0757999420166,26.075000762939453,26.075000762939453,1516
2025-10-03 16:00:00+00:00,26.059999465942383,26.079999923706055,26.059999465942383,26.075000762939453,15912
2025-10-03 16:01:00+00:00,26.045000076293945,26.059999465942383,26.045000076293945,26.059999465942383,9286
2025-10-03 16:02:00+00:00,26.049999237060547,26.049999237060547,26.045000076293945,26.045000076293945,6440
2025-10-03 16:03:00+00:00,26.045499801635742,26.04990005493164,26.045000076293945,26.045000076293945,3407
2025-10-03 16:04:00+00:00,26.045000076293945,26.049999237060547,26.03499984741211,26.049999237060547,36027
2025-10-03 16:05:00+00:00,26.049999237060547,26.05500030517578,26.045000076293945,26.045000076293945,40894
2025-10-03 16:06:00+00:00,26.0575008392334,26.05900001525879,26.049999237060547,26.05500030517578,41418
2025-10-03 16:07:00+00:00,26.075000762939453,26.075000762939453,26.052799224853516,26.05500030517578,19886
2025-10-03 16:08:00+00:00,26.065000534057617,26.07550048828125,26.065000534057617,26.07550048828125,29801
2025-10-03 16:09:00+00:00,26.075000762939453,26.079999923706055,26.065000534057617,26.065000534057617,10891
2025-10-03 16:10:00+00:00,26.075000762939453,26.077499389648438,26.06999969482422,26.075000762939453,8925
2025-10-03 16:11:00+00:00,26.071699142456055,26.075000762939453,26.062400817871094,26.075000762939453,12289
2025-10-03 16:12:00+00:00,26.075000762939453,26.075000762939453,26.06999969482422,26.06999969482422,11485
2025-10-03 16:13:00+00:00,26.065000534057617,26.075000762939453,26.05500030517578,26.06999969482422,28858
2025-10-03 16:14:00+00:00,26.079999923706055,26.079999923706055,26.065000534057617,26.065500259399414,7453
2025-10-03 16:15:00+00:00,26.075000762939453,26.07990074157715,26.072500228881836,26.07990074157715,4659
2025-10-03 16:16:00+00:00,26.075000762939453,26.075000762939453,26.075000762939453,26.075000762939453,2034
2025-10-03 16:17:00+00:00,26.065000534057617,26.075000762939453,26.065000534057617,26.075000762939453,8052
2025-10-03 16:18:00+00:00,26.065000534057617,26.065799713134766,26.05500030517578,26.059999465942383,31663
2025-10-03 16:19:00+00:00,26.065000534057617,26.079999923706055,26.065000534057617,26.06999969482422,21967
2025-10-03 16:20:00+00:00,26.065000534057617,26.070100784301758,26.059999465942383,26.0674991607666,10951
2025-10-03 16:21:00+00:00,26.07229995727539,26.079999923706055,26.065000534057617,26.065000534057617,18945
2025-10-03 16:22:00+00:00,26.059999465942383,26.07509994506836,26.059999465942383,26.07509994506836,10820
2025-10-03 16:23:00+00:00,26.06450080871582,26.065000534057617,26.059999465942383,26.065000534057617,8280
2025-10-03 16:24:00+00:00,26.05500030517578,26.06999969482422,26.05500030517578,26.06999969482422,9496
2025-10-03 16:25:00+00:00,26.045000076293945,26.059999465942383,26.040000915527344,26.059999465942383,15407
2025-10-03 16:26:00+00:00,26.038000106811523,26.04960060119629,26.03499984741211,26.045000076293945,47054
2025-10-03 16:27:00+00:00,26.024999618530273,26.03499984741211,26.020000457763672,26.03499984741211,13954
2025-10-03 16:28:00+00:00,26.03499984741211,26.039899826049805,26.020000457763672,26.02869987487793,25555
2025-10-03 16:29:00+00:00,26.03499984741211,26.040000915527344,26.030000686645508,26.039899826049805,9660
2025-10-03 16:30:00+00:00,26.03499984741211,26.03499984741211,26.030000686645508,26.03499984741211,5271
2025-10-03 16:31:00+00:00,26.030000686645508,26.039899826049805,26.024999618530273,26.039899826049805,12536
2025-10-03 16:32:00+00:00,26.024999618530273,26.030000686645508,26.020000457763672,26.024999618530273,13831
2025-10-03 16:33:00+00:00,26.024999618530273,26.030000686645508,26.024999618530273,26.024999618530273,2609
2025-10-03 16:34:00+00:00,26.024999618530273,26.024999618530273,26.021400451660156,26.024999618530273,2998
2025-10-03 16:35:00+00:00,26.024999618530273,26.030000686645508,26.020000457763672,26.024999618530273,8976
2025-10-03 16:36:00+00:00,26.0216007232666,26.03499984741211,26.0216007232666,26.030000686645508,13227
2025-10-03 16:37:00+00:00,26.014999389648438,26.024999618530273,26.014999389648438,26.024499893188477,5711
2025-10-03 16:38:00+00:00,26.00830078125,26.019899368286133,26.00830078125,26.010499954223633,9911
2025-10-03 16:39:00+00:00,26.010000228881836,26.010000228881836,26.002500534057617,26.002700805664062,4650
2025-10-03 16:40:00+00:00,26.0049991607666,26.014999389648438,26.0049991607666,26.010000228881836,11586
2025-10-03 16:41:00+00:00,26.014999389648438,26.020000457763672,26.0049991607666,26.0049991607666,10574
2025-10-03 16:42:00+00:00,26.014999389648438,26.017499923706055,26.010000228881836,26.010000228881836,10936
2025-10-03 16:43:00+00:00,26.024999618530273,26.024999618530273,26.010000228881836,26.015499114990234,9971
2025-10-03 16:44:00+00:00,26.024999618530273,26.030000686645508,26.020099639892578,26.029800415039062,10410
2025-10-03 16:45:00+00:00,26.028799057006836,26.030000686645508,26.024999618530273,26.024999618530273,4974
2025-10-03 16:46:00+00:00,26.065000534057617,26.065000534057617,26.024999618530273,26.024999618530273,20520
2025-10-03 16:47:00+00:00,26.059999465942383,26.06999969482422,26.049999237060547,26.065000534057617,19577
2025-10-03 16:48:00+00:00,26.05500030517578,26.059999465942383,26.045000076293945,26.059999465942383,19719
2025-10-03 16:49:00+00:00,26.05500030517578,26.05900001525879,26.05229949951172,26.05229949951172,4240
2025-10-03 16:50:00+00:00,26.045000076293945,26.05500030517578,26.030000686645508,26.05500030517578,33065
2025-10-03 16:51:00+00:00,26.045000076293945,26.059999465942383,26.04170036315918,26.045000076293945,14028
2025-10-03 16:52:00+00:00,26.045000076293945,26.049999237060547,26.045000076293945,26.045000076293945,21909
2025-10-03 16:53:00+00:00,26.041000366210938,26.05500030517578,26.041000366210938,26.049999237060547,25434
2025-10-03 16:54:00+00:00,26.040000915527344,26.04990005493164,26.03499984741211,26.047500610351562,27817
2025-10-03 16:55:00+00:00,26.045000076293945,26.049999237060547,26.040000915527344,26.046300888061523,15624
2025-10-03 16:56:00+00:00,26.045000076293945,26.049999237060547,26.04010009765625,26.045000076293945,7587
2025-10-03 16:57:00+00:00,26.031700134277344,26.045000076293945,26.031700134277344,26.045000076293945,11969
2025-10-03 16:58:00+00:00,26.04010009765625,26.04509925842285,26.03499984741211,26.03499984741211,14350
2025-10-03 16:59:00+00:00,26.040000915527344,26.04759979248047,26.040000915527344,26.045000076293945,3105
2025-10-03 17:00:00+00:00,26.045000076293945,26.049999237060547,26.045000076293945,26.045000076293945,10303
2025-10-03 17:01:00+00:00,26.05500030517578,26.05500030517578,26.045000076293945,26.045000076293945,11788
2025-10-03 17:02:00+00:00,26.065000534057617,26.065000534057617,26.054500579833984,26.05500030517578,16050
2025-10-03 17:03:00+00:00,26.05500030517578,26.065000534057617,26.053600311279297,26.065000534057617,17980
2025-10-03 17:04:00+00:00,26.06999969482422,26.06999969482422,26.049999237060547,26.05500030517578,10966
2025-10-03 17:05:00+00:00,26.065000534057617,26.075000762939453,26.06450080871582,26.065000534057617,21667
2025-10-03 17:06:00+00:00,26.06999969482422,26.079999923706055,26.060100555419922,26.065000534057617,20261
2025-10-03 17:07:00+00:00,26.045000076293945,26.061800003051758,26.045000076293945,26.061800003051758,9138
2025-10-03 17:08:00+00:00,26.030000686645508,26.048999786376953,26.030000686645508,26.048999786376953,8731
2025-10-03 17:09:00+00:00,26.014999389648438,26.035999298095703,26.014999389648438,26.035999298095703,18832
2025-10-03 17:10:00+00:00,26.030000686645508,26.030000686645508,26.020000457763672,26.020000457763672,7874
2025-10-03 17:11:00+00:00,26.048500061035156,26.049999237060547,26.030000686645508,26.030000686645508,21730
2025-10-03 17:12:00+00:00,26.030000686645508,26.045000076293945,26.024999618530273,26.045000076293945,12937
2025-10-03 17:13:00+00:00,26.037500381469727,26.037500381469727,26.030000686645508,26.030000686645508,8401
2025-10-03 17:14:00+00:00,26.018299102783203,26.030000686645508,26.018299102783203,26.030000686645508,4845
2025-10-03 17:15:00+00:00,26.014999389648438,26.01889991760254,26.014999389648438,26.01889991760254,6470
2025-10-03 17:16:00+00:00,26.03499984741211,26.03499984741211,26.00830078125,26.014999389648438,26461
2025-10-03 17:17:00+00:00,26.040000915527344,26.040000915527344,26.032800674438477,26.040000915527344,5353
2025-10-03 17:18:00+00:00,26.040000915527344,26.049999237060547,26.030000686645508,26.040000915527344,21325
2025-10-03 17:19:00+00:00,26.030500411987305,26.04560089111328,26.030500411987305,26.045000076293945,22124
2025-10-03 17:20:00+00:00,26.049999237060547,26.049999237060547,26.03499984741211,26.03499984741211,13899
2025-10-03 17:21:00+00:00,26.05500030517578,26.059999465942383,26.040000915527344,26.05500030517578,20426
2025-10-03 17:22:00+00:00,26.043800354003906,26.059999465942383,26.043800354003906,26.05500030517578,37169
2025-10-03 17:23:00+00:00,26.049999237060547,26.049999237060547,26.030000686645508,26.045000076293945,21026
2025-10-03 17:24:00+00:00,26.043899536132812,26.049999237060547,26.043899536132812,26.049999237060547,8836
2025-10-03 17:25:00+00:00,26.075000762939453,26.075000762939453,26.045000076293945,26.045000076293945,35824
2025-10-03 17:26:00+00:00,26.065000534057617,26.079999923706055,26.065000534057617,26.079999923706055,22802
2025-10-03 17:27:00+00:00,26.084999084472656,26.09000015258789,26.06999969482422,26.06999969482422,25203
2025-10-03 17:28:00+00:00,26.075000762939453,26.09000015258789,26.075000762939453,26.086999893188477,33496
2025-10-03 17:29:00+00:00,26.075000762939453,26.075000762939453,26.07349967956543,26.075000762939453,3788
2025-10-03 17:30:00+00:00,26.084999084472656,26.084999084472656,26.072200775146484,26.07939910888672,20811
2025-10-03 17:31:00+00:00,26.084999084472656,26.08609962463379,26.07069969177246,26.079999923706055,48003
2025-10-03 17:32:00+00:00,26.094999313354492,26.107500076293945,26.084999084472656,26.084999084472656,31232
2025-10-03 17:33:00+00:00,26.099700927734375,26.100000381469727,26.09000015258789,26.094999313354492,11798
2025-10-03 17:34:00+00:00,26.09000015258789,26.09709930419922,26.09000015258789,26.090099334716797,14192
2025-10-03 17:35:00+00:00,26.098400115966797,26.098400115966797,26.084999084472656,26.094999313354492,21575
2025-10-03 17:36:00+00:00,26.094999313354492,26.100000381469727,26.090099334716797,26.094999313354492,13813
2025-10-03 17:37:00+00:00,26.104999542236328,26.110000610351562,26.090099334716797,26.094999313354492,23619
2025-10-03 17:38:00+00:00,26.104999542236328,26.104999542236328,26.104999542236328,26.104999542236328,10316
2025-10-03 17:39:00+00:00,26.1200008392334,26.1200008392334,26.104999542236328,26.104999542236328,11455
2025-10-03 17:40:00+00:00,26.1200008392334,26.1299991607666,26.111799240112305,26.114999771118164,32975
2025-10-03 17:41:00+00:00,26.125,26.1299991607666,26.114999771118164,26.11989974975586,15730
2025-10-03 17:42:00+00:00,26.139999389648438,26.139999389648438,26.125,26.125,14831
2025-10-03 17:43:00+00:00,26.140100479125977,26.145000457763672,26.140100479125977,26.145000457763672,4318
2025-10-03 17:44:00+00:00,26.135499954223633,26.139999389648438,26.125,26.139999389648438,20149
2025-10-03 17:45:00+00:00,26.165000915527344,26.165000915527344,26.135000228881836,26.135000228881836,11630
2025-10-03 17:46:00+00:00,26.174999237060547,26.174999237060547,26.16349983215332,26.16349983215332,25693
2025-10-03 17:47:00+00:00,26.18000030517578,26.184999465942383,26.174999237060547,26.174999237060547,16065
2025-10-03 17:48:00+00:00,26.17840003967285,26.17840003967285,26.174999237060547,26.174999237060547,4464
2025-10-03 17:49:00+00:00,26.170000076293945,26.174999237060547,26.170000076293945,26.174999237060547,22145
2025-10-03 17:50:00+00:00,26.165000915527344,26.174999237060547,26.165000915527344,26.174999237060547,11330
2025-10-03 17:51:00+00:00,26.15999984741211,26.16200065612793,26.15999984741211,26.15999984741211,8752
2025-10-03 17:52:00+00:00,26.135499954223633,26.165000915527344,26.134199142456055,26.15999984741211,15156
2025-10-03 17:53:00+00:00,26.130300521850586,26.135099411010742,26.125,26.13010025024414,38193
2025-10-03 17:54:00+00:00,26.133800506591797,26.139999389648438,26.12420082092285,26.135499954223633,25744
2025-10-03 17:55:00+00:00,26.1299991607666,26.135000228881836,26.1299991607666,26.13450050354004,12866
2025-10-03 17:56:00+00:00,26.135000228881836,26.137100219726562,26.1299991607666,26.13159942626953,3243
2025-10-03 17:57:00+00:00,26.1299991607666,26.135000228881836,26.1299991607666,26.1299991607666,2297
2025-10-03 17:58:00+00:00,26.15999984741211,26.15999984741211,26.125,26.1299991607666,23255
2025-10-03 17:59:00+00:00,26.154199600219727,26.1564998626709,26.154199600219727,26.155000686645508,5364
2025-10-03 18:00:00+00:00,26.136499404907227,26.149999618530273,26.135000228881836,26.149999618530273,16981
2025-10-03 18:01:00+00:00,26.145000457763672,26.145000457763672,26.125,26.1299991607666,178927
2025-10-03 18:02:00+00:00,26.149999618530273,26.149999618530273,26.135000228881836,26.139999389648438,15993
2025-10-03 18:03:00+00:00,26.149999618530273,26.15999984741211,26.14430046081543,26.14430046081543,19079
2025-10-03 18:04:00+00:00,26.155000686645508,26.155000686645508,26.149999618530273,26.149999618530273,6821
2025-10-03 18:05:00+00:00,26.155500411987305,26.15999984741211,26.149999618530273,26.155000686645508,15349
2025-10-03 18:06:00+00:00,26.184999465942383,26.184999465942383,26.155000686645508,26.155000686645508,17390
2025-10-03 18:07:00+00:00,26.20840072631836,26.20840072631836,26.190000534057617,26.190000534057617,18674
2025-10-03 18:08:00+00:00,26.200000762939453,26.209999084472656,26.19499969482422,26.204999923706055,20263
2025-10-03 18:09:00+00:00,26.190000534057617,26.200000762939453,26.190000534057617,26.200000762939453,9183
2025-10-03 18:10:00+00:00,26.19499969482422,26.19499969482422,26.190000534057617,26.19499969482422,4505
2025-10-03 18:11:00+00:00,26.19499969482422,26.200000762939453,26.19499969482422,26.200000762939453,5221
2025-10-03 18:12:00+00:00,26.190000534057617,26.19499969482422,26.184999465942383,26.190200805664062,23513
2025-10-03 18:13:00+00:00,26.174999237060547,26.190000534057617,26.174999237060547,26.190000534057617,14311
2025-10-03 18:14:00+00:00,26.174999237060547,26.18000030517578,26.170000076293945,26.17449951171875,7813
2025-10-03 18:15:00+00:00,26.17970085144043,26.179800033569336,26.170000076293945,26.170000076293945,19033
2025-10-03 18:16:00+00:00,26.17840003967285,26.178800582885742,26.1737003326416,26.174999237060547,5697
2025-10-03 18:17:00+00:00,26.184999465942383,26.184999465942383,26.174999237060547,26.174999237060547,7054
2025-10-03 18:18:00+00:00,26.190000534057617,26.190000534057617,26.180099487304688,26.184999465942383,7688
2025-10-03 18:19:00+00:00,26.19499969482422,26.200000762939453,26.19499969482422,26.19499969482422,6874
2025-10-03 18:20:00+00:00,26.19499969482422,26.200000762939453,26.190099716186523,26.19230079650879,6999
2025-10-03 18:21:00+00:00,26.19499969482422,26.19499969482422,26.190000534057617,26.190000534057617,5161
2025-10-03 18:22:00+00:00,26.21500015258789,26.219999313354492,26.19499969482422,26.19499969482422,23414
2025-10-03 18:23:00+00:00,26.21500015258789,26.219999313354492,26.21500015258789,26.219999313354492,4426
2025-10-03 18:24:00+00:00,26.180099487304688,26.21500015258789,26.180099487304688,26.21500015258789,27064
2025-10-03 18:25:00+00:00,26.165000915527344,26.18000030517578,26.15999984741211,26.18000030517578,10182
2025-10-03 18:26:00+00:00,26.165000915527344,26.165000915527344,26.165000915527344,26.165000915527344,1909
2025-10-03 18:27:00+00:00,26.170000076293945,26.170000076293945,26.162399291992188,26.165000915527344,3410
2025-10-03 18:28:00+00:00,26.178300857543945,26.18000030517578,26.164499282836914,26.164499282836914,9376
2025-10-03 18:29:00+00:00,26.173799514770508,26.174999237060547,26.173799514770508,26.174999237060547,4530
2025-10-03 18:30:00+00:00,26.170000076293945,26.184999465942383,26.170000076293945,26.174999237060547,18603
2025-10-03 18:31:00+00:00,26.15999984741211,26.170000076293945,26.15999984741211,26.160999298095703,4503
2025-10-03 18:32:00+00:00,26.155000686645508,26.16990089416504,26.155000686645508,26.165000915527344,9266
2025-10-03 18:33:00+00:00,26.135000228881836,26.15999984741211,26.135000228881836,26.149999618530273,10119
2025-10-03 18:34:00+00:00,26.145000457763672,26.15999984741211,26.137500762939453,26.139999389648438,27083
2025-10-03 18:35:00+00:00,26.141700744628906,26.146099090576172,26.139999389648438,26.145000457763672,22751
2025-10-03 18:36:00+00:00,26.149999618530273,26.155000686645508,26.139999389648438,26.145000457763672,22507
2025-10-03 18:37:00+00:00,26.170000076293945,26.170000076293945,26.155000686645508,26.155000686645508,28612
2025-10-03 18:38:00+00:00,26.184999465942383,26.184999465942383,26.170000076293945,26.174999237060547,21305
2025-10-03 18:39:00+00:00,26.190000534057617,26.200000762939453,26.184999465942383,26.190000534057617,59804
2025-10-03 18:40:00+00:00,26.1825008392334,26.190000534057617,26.1825008392334,26.184999465942383,19440
2025-10-03 18:41:00+00:00,26.184999465942383,26.190000534057617,26.180099487304688,26.180099487304688,9686
2025-10-03 18:42:00+00:00,26.184999465942383,26.184999465942383,26.18000030517578,26.184999465942383,2962
2025-10-03 18:43:00+00:00,26.17799949645996,26.18000030517578,26.170000076293945,26.18000030517578,20973
2025-10-03 18:44:00+00:00,26.160999298095703,26.17840003967285,26.160999298095703,26.17840003967285,13333
2025-10-03 18:45:00+00:00,26.170000076293945,26.170000076293945,26.165000915527344,26.165000915527344,8465
2025-10-03 18:46:00+00:00,26.170000076293945,26.170000076293945,26.16010093688965,26.170000076293945,9930
2025-10-03 18:47:00+00:00,26.15999984741211,26.166500091552734,26.15999984741211,26.165000915527344,10428
2025-10-03 18:48:00+00:00,26.155000686645508,26.165000915527344,26.150100708007812,26.15999984741211,17295
2025-10-03 18:49:00+00:00,26.149999618530273,26.155000686645508,26.140100479125977,26.155000686645508,18429
2025-10-03 18:50:00+00:00,26.1299991607666,26.149900436401367,26.1299991607666,26.14780044555664,25849
2025-10-03 18:51:00+00:00,26.125,26.135499954223633,26.121000289916992,26.1299991607666,13655
2025-10-03 18:52:00+00:00,26.125,26.126300811767578,26.110000610351562,26.126300811767578,31508
2025-10-03 18:53:00+00:00,26.135000228881836,26.135000228881836,26.12380027770996,26.125,13564
2025-10-03 18:54:00+00:00,26.135000228881836,26.145000457763672,26.133699417114258,26.139999389648438,11685
2025-10-03 18:55:00+00:00,26.135000228881836,26.145099639892578,26.135000228881836,26.135000228881836,21739
2025-10-03 18:56:00+00:00,26.145000457763672,26.146499633789062,26.1299991607666,26.135000228881836,20094
2025-10-03 18:57:00+00:00,26.149999618530273,26.149999618530273,26.139999389648438,26.145000457763672,7094
2025-10-03 18:58:00+00:00,26.140300750732422,26.14349937438965,26.139999389648438,26.14349937438965,12424
2025-10-03 18:59:00+00:00,26.145000457763672,26.145000457763672,26.139999389648438,26.145000457763672,4194
2025-10-03 19:00:00+00:00,26.16010093688965,26.165000915527344,26.140100479125977,26.140100479125977,24428
2025-10-03 19:01:00+00:00,26.165000915527344,26.170000076293945,26.15999984741211,26.165000915527344,22966
2025-10-03 19:02:00+00:00,26.155000686645508,26.165000915527344,26.150100708007812,26.165000915527344,10529
2025-10-03 19:03:00+00:00,26.155000686645508,26.15880012512207,26.155000686645508,26.155000686645508,2854
2025-10-03 19:04:00+00:00,26.15180015563965,26.163799285888672,26.15180015563965,26.15999984741211,16221
2025-10-03 19:05:00+00:00,26.149999618530273,26.15999984741211,26.149999618530273,26.149999618530273,4823
2025-10-03 19:06:00+00:00,26.140100479125977,26.15999984741211,26.139999389648438,26.155000686645508,15138
2025-10-03 19:07:00+00:00,26.135000228881836,26.145000457763672,26.1299991607666,26.145000457763672,8083
2025-10-03 19:08:00+00:00,26.145000457763672,26.145000457763672,26.135000228881836,26.135000228881836,9800
2025-10-03 19:09:00+00:00,26.165000915527344,26.165000915527344,26.145000457763672,26.145000457763672,14998
2025-10-03 19:10:00+00:00,26.167499542236328,26.167499542236328,26.15999984741211,26.165000915527344,12577
2025-10-03 19:11:00+00:00,26.165000915527344,26.166200637817383,26.15999984741211,26.165000915527344,6433
2025-10-03 19:12:00+00:00,26.166200637817383,26.166200637817383,26.155000686645508,26.15999984741211,16288
2025-10-03 19:13:00+00:00,26.141000747680664,26.165000915527344,26.139999389648438,26.165000915527344,18439
2025-10-03 19:14:00+00:00,26.155000686645508,26.15999984741211,26.139999389648438,26.140100479125977,19782
2025-10-03 19:15:00+00:00,26.155000686645508,26.165000915527344,26.155000686645508,26.155000686645508,9696
2025-10-03 19:16:00+00:00,26.145000457763672,26.15999984741211,26.145000457763672,26.155000686645508,23523
2025-10-03 19:17:00+00:00,26.155000686645508,26.155000686645508,26.145000457763672,26.145000457763672,9269
2025-10-03 19:18:00+00:00,26.155000686645508,26.1564998626709,26.145000457763672,26.149999618530273,12951
2025-10-03 19:19:00+00:00,26.149999618530273,26.155000686645508,26.140100479125977,26.151199340820312,11363
2025-10-03 19:20:00+00:00,26.155000686645508,26.158000946044922,26.149999618530273,26.149999618530273,2497
2025-10-03 19:21:00+00:00,26.165000915527344,26.165000915527344,26.15250015258789,26.155000686645508,23003
2025-10-03 19:22:00+00:00,26.170000076293945,26.170000076293945,26.15999984741211,26.165000915527344,20413
2025-10-03 19:23:00+00:00,26.170000076293945,26.170000076293945,26.164499282836914,26.165000915527344,6873
2025-10-03 19:24:00+00:00,26.174999237060547,26.174999237060547,26.15999984741211,26.170000076293945,19896
2025-10-03 19:25:00+00:00,26.174999237060547,26.18000030517578,26.174999237060547,26.174999237060547,12696
2025-10-03 19:26:00+00:00,26.165000915527344,26.175500869750977,26.15999984741211,26.175500869750977,25188
2025-10-03 19:27:00+00:00,26.18000030517578,26.18000030517578,26.165000915527344,26.165000915527344,24142
2025-10-03 19:28:00+00:00,26.15999984741211,26.174999237060547,26.15999984741211,26.174999237060547,12227
2025-10-03 19:29:00+00:00,26.155000686645508,26.170000076293945,26.155000686645508,26.165000915527344,30438
2025-10-03 19:30:00+00:00,26.161699295043945,26.18000030517578,26.155000686645508,26.155000686645508,61550
2025-10-03 19:31:00+00:00,26.155000686645508,26.165000915527344,26.150100708007812,26.165000915527344,20221
2025-10-03 19:32:00+00:00,26.150100708007812,26.164199829101562,26.150100708007812,26.15999984741211,12433
2025-10-03 19:33:00+00:00,26.149999618530273,26.15730094909668,26.142000198364258,26.15730094909668,23558
2025-10-03 19:34:00+00:00,26.145000457763672,26.149999618530273,26.139999389648438,26.145000457763672,10855
2025-10-03 19:35:00+00:00,26.143800735473633,26.149999618530273,26.141000747680664,26.145000457763672,11348
2025-10-03 19:36:00+00:00,26.145000457763672,26.149999618530273,26.139999389648438,26.141199111938477,13466
2025-10-03 19:37:00+00:00,26.145000457763672,26.146400451660156,26.139999389648438,26.145000457763672,8356
2025-10-03 19:38:00+00:00,26.165000915527344,26.165000915527344,26.145000457763672,26.149999618530273,25245
2025-10-03 19:39:00+00:00,26.174999237060547,26.17770004272461,26.165000915527344,26.170000076293945,14075
2025-10-03 19:40:00+00:00,26.155000686645508,26.174999237060547,26.155000686645508,26.174999237060547,38880
2025-10-03 19:41:00+00:00,26.135000228881836,26.155000686645508,26.125,26.149999618530273,122574
2025-10-03 19:42:00+00:00,26.1299991607666,26.139999389648438,26.125,26.135000228881836,33884
2025-10-03 19:43:00+00:00,26.139999389648438,26.139999389648438,26.1200008392334,26.12619972229004,43918
2025-10-03 19:44:00+00:00,26.125,26.139999389648438,26.121000289916992,26.139999389648438,17057
2025-10-03 19:45:00+00:00,26.133800506591797,26.138999938964844,26.125,26.1299991607666,10495
2025-10-03 19:46:00+00:00,26.11370086669922,26.1299991607666,26.110000610351562,26.1299991607666,23331
2025-10-03 19:47:00+00:00,26.110000610351562,26.1200008392334,26.110000610351562,26.114999771118164,11930
2025-10-03 19:48:00+00:00,26.114999771118164,26.114999771118164,26.110000610351562,26.114999771118164,7478
2025-10-03 19:49:00+00:00,26.104999542236328,26.114999771118164,26.100000381469727,26.114999771118164,33705
2025-10-03 19:50:00+00:00,26.079999923706055,26.10300064086914,26.075000762939453,26.100000381469727,102066
2025-10-03 19:51:00+00:00,26.084999084472656,26.085500717163086,26.06999969482422,26.084999084472656,65117
2025-10-03 19:52:00+00:00,26.09000015258789,26.09000015258789,26.08099937438965,26.084999084472656,24679
2025-10-03 19:53:00+00:00,26.079999923706055,26.09000015258789,26.075000762939453,26.084999084472656,64739
2025-10-03 19:54:00+00:00,26.065000534057617,26.084999084472656,26.065000534057617,26.084999084472656,74135
2025-10-03 19:55:00+00:00,26.049999237060547,26.06999969482422,26.045000076293945,26.065000534057617,51516
2025-10-03 19:56:00+00:00,26.030000686645508,26.049999237060547,26.024999618530273,26.045000076293945,63529
2025-10-03 19:57:00+00:00,26.03499984741211,26.045000076293945,26.024999618530273,26.030000686645508,86828
2025-10-03 19:58:00+00:00,26.045000076293945,26.049999237060547,26.03499984741211,26.03499984741211,92937
2025-10-03 19:59:00+00:00,26.047500610351562,26.05500030517578,26.040000915527344,26.045000076293945,207281
