Date,Close,High,Low,Open,Volume
2015-10-05,40.632259368896484,40.858815641554145,39.82187951156266,39.86544764199276,34369300
2015-10-06,40.73683547973633,41.1115274944568,40.275007178630915,40.370859088076095,27017200
2015-10-07,40.780399322509766,41.25965549516037,40.03973099423482,41.0418114781341,27711500
2015-10-08,41.3467903137207,41.40778636550964,40.51898247996802,40.57126623465947,33772700
2015-10-09,41.05052185058594,41.425213777877026,40.884958291435865,41.346789808815274,28600600
2015-10-12,40.95467758178711,41.01567364417752,40.51898952240639,40.93724966052755,19769100
2015-10-13,40.85882568359375,41.067957414706754,40.57127329285398,40.57127329285398,19987800
2015-10-14,40.67583084106445,41.041807155586504,40.54512311500055,40.649690625465894,24697800
2015-10-15,40.963382720947266,40.98081063916083,40.545122655928296,40.963382720947266,27189400
2015-10-16,41.39906311035156,41.42520664489416,40.86752666049741,40.972090826563075,26450300
2015-10-19,41.49494171142578,41.721501428555584,40.972117220265844,41.32066577302679,29387600
2015-10-20,41.62562561035156,41.66048144283757,40.97209370939698,41.33806997839468,30802200
2015-10-21,41.12895202636719,41.81733993378905,41.05052804547057,41.756340549504145,25144300
2015-10-22,41.8521842956543,42.65385186905373,41.03309212903854,41.41649633646894,56637100
2015-10-23,46.06964874267578,47.11530062004367,45.529396546916054,45.57296468263228,135227100
2015-10-26,47.27214431762695,47.33314036695267,45.74723643641318,45.77337665068552,64633300
2015-10-27,46.784175872802734,47.376711814032525,46.68832730575183,47.045591329960764,50999900
2015-10-28,47.036869049072266,47.036869049072266,46.06092900570594,46.65346486304428,47000800
2015-10-29,46.49663162231445,46.906179474096746,46.37463949387791,46.653479594314646,30202100
2015-10-30,45.869232177734375,47.04559177394021,45.85180425882366,46.46176812455606,46619800
2015-11-02,46.39206314086914,46.49662733788881,45.85180758752307,46.05222368349239,30285000
2015-11-03,47.18500518798828,47.394133537535225,46.09578533899534,46.121925551679915,36596900
2015-11-04,47.402854919433594,47.82111499340067,47.106586951535796,47.21115113901867,37087800
2015-11-05,47.385414123535156,47.66425409706986,47.05429040844969,47.481265987694215,31468500
2015-11-06,47.8559684753418,47.90825223215947,47.019448310472995,47.13272812156012,32851200
2015-11-09,47.193729400634766,47.812405633310235,46.67090507071894,47.533565547483654,32513100
2015-11-10,46.6273307800293,47.167586322100085,46.418202390354516,47.11530256266348,55283700
2015-11-11,46.749324798583984,47.22858094473552,46.583761227415394,46.79289293477308,36516300
2015-11-12,46.46176528930664,47.036873282122635,46.348485485317525,46.601185308048834,35361100
2015-11-13,46.043495178222656,46.43561493406608,45.77336749663392,46.24391120364602,36848200
2015-11-16,46.85389709472656,46.958461304474376,46.05222928922983,46.25264873363123,32165200
2015-11-17,46.467899322509766,46.959156818713396,46.36262699065981,46.64334651604494,31551300
2015-11-18,47.23988342285156,47.353926792891045,46.47667730799916,46.49422269926994,29710000
2015-11-19,47.31883239746094,47.950453049218765,47.17847262445263,47.362697545509306,28149200
2015-11-20,47.53813552856445,47.63463348124275,46.73106782696467,47.59077168814543,37147600
2015-11-23,47.53813552856445,47.774993227018385,47.152147064291555,47.59077168814543,28235900
2015-11-24,47.59077072143555,47.757446870395825,47.00301534370176,47.301276869281125,24600000
2015-11-25,47.099517822265625,47.57323328874857,47.099517822265625,47.45041891146206,21005100
2015-11-27,47.310062408447266,47.44165116258292,47.18724802268921,47.19601904462577,9009100
2015-11-30,47.67850112915039,48.213623771394396,47.37146519332549,47.84518064840452,56241400
2015-12-01,48.441715240478516,48.45048626246126,47.63464401398277,47.731141987998235,39952800
2015-12-02,48.43294143676758,49.090878525699566,48.30135602684583,48.52943941190817,47274900
2015-12-03,47.54692840576172,48.9242099931435,47.3100706150956,48.678581179019346,38627800
2015-12-04,49.047019958496094,49.32773953391356,47.45919714105749,47.47674253282624,43963700
2015-12-07,48.95929718017578,49.09965697027572,48.503127025740646,48.94175178810812,30709800
2015-12-08,48.94174575805664,49.213690935495976,48.239946894024726,48.66102621244388,32878000
2015-12-09,48.231170654296875,49.01192206938879,47.818862373609356,48.57329737808404,36373200
2015-12-10,48.48557662963867,48.82770337354492,48.257489902740495,48.590845624738826,31775800
2015-12-11,47.42410659790039,48.33644348503263,47.38024144813081,47.9943167340529,39549500
2015-12-14,48.371524810791016,48.432931992735476,47.090741663891684,47.660955035022155,46768900
2015-12-15,48.42416000366211,49.038235157262896,48.32766204926822,48.827693861636206,39843000
2015-12-16,49.240013122558594,49.345282120746006,48.0381789530246,48.72243580734557,37503300
2015-12-17,48.8627815246582,49.81898329464424,48.71364741924159,49.441765867722395,41280900
2015-12-18,47.485511779785156,49.12596724913679,47.39778483040427,48.92420028522218,84684200
2015-12-21,48.09959030151367,48.55575708346498,47.573238608857196,48.14345210595809,37246300
2015-12-22,48.55574417114258,48.669787509523694,47.81008365455589,48.23993725525993,28322200
2015-12-23,48.96807098388672,49.02070716307892,48.63471520855258,48.86280197194388,27279800
2015-12-24,48.83646774291992,49.090870847327935,48.62592978139923,49.00314725443441,9558500
2015-12-28,49.08209228515625,49.08209228515625,48.231159509784405,48.55574076934725,22458300
2015-12-29,49.60843276977539,49.87160681369206,49.17858261221404,49.380349490764814,27731400
2015-12-30,49.39792251586914,49.81022752169976,49.38037712359784,49.53828230759813,21704500
2015-12-31,48.669795989990234,49.29264225674367,48.61715982161807,49.16105685547454,27334100
2016-01-04,48.073272705078125,48.073272705078125,46.83635102401139,47.65219333986831,53778000
2016-01-05,48.29258728027344,48.5908522625026,47.84519148015044,48.18731827079299,34079700
2016-01-06,47.41531753540039,47.72235675643076,47.05564550526313,47.65217521570152,39518900
2016-01-07,45.76608657836914,46.92405853583169,45.67836300188922,46.23103090374454,56564900
2016-01-08,45.90646743774414,46.73985177644974,45.7485622617609,45.941554874063904,48754000
2016-01-11,45.88014221191406,46.36262870485651,45.1432525939224,46.06436377980177,36943800
2016-01-12,46.30122375488281,46.581943304223955,45.66960644208573,46.283678364743864,36095500
2016-01-13,45.30116271972656,47.43287922892195,45.00289776195812,47.19602146718455,66883600
2016-01-14,46.59071731567383,46.86266249464216,45.23975240329104,45.61696992228676,52381900
2016-01-15,44.73094940185547,45.590653431952155,44.16073594023292,45.01166894856292,71820700
2016-01-19,44.35372543334961,45.336243703942536,43.91510078710128,45.1607931761551,43564500
2016-01-20,44.55549240112305,45.07306961792626,43.07293895401461,43.84491926897069,63273000
2016-01-21,44.28355026245117,45.24852663106112,44.1256450993412,44.73972036183099,40191200
2016-01-22,45.871376037597656,45.90646681988636,44.96780679909003,45.09939555945208,37555800
2016-01-25,45.43274688720703,46.1871819009595,45.30993250756191,45.564332288352155,34707700
2016-01-26,45.76608657836914,46.00294425059285,45.22219304202577,45.43273431059349,28900800
2016-01-27,44.932716369628906,45.792420399777825,44.75726581631585,45.625740868231986,36775200
2016-01-28,45.66960525512695,45.801190658087634,44.95903203195201,45.49415470473847,62513800
2016-01-29,48.32767105102539,48.32767105102539,47.37146904205951,48.0118607219811,83611700
2016-02-01,47.99431610107422,48.32767182556818,47.81009452165955,48.14345024615351,44208500
2016-02-02,46.49421310424805,47.599545754669926,46.18717718647545,47.52059318346547,56313800
2016-02-03,45.757328033447266,46.8363443812184,44.967802244131384,46.713530002089456,57559800
2016-02-04,45.61697769165039,46.3275510488739,45.06430952492099,45.7047013101731,46987100
2016-02-05,44.002830505371094,45.61696956219884,43.47648219515287,45.564333392600645,62009000
2016-02-08,43.34489059448242,43.48525035774146,42.27464530810682,43.467704969028986,59290500
2016-02-09,43.2308464050293,44.07300831473765,42.69572377219025,43.002763049059546,46740500
2016-02-10,43.608055114746094,44.20458481364549,43.44137897839831,43.7659602318924,38237000
2016-02-11,43.590511322021484,43.95895772430016,42.55535700356059,42.70449110695247,48878600
2016-02-12,44.301090240478516,44.45899538429843,43.643153256709034,44.08177791255535,34243300
2016-02-16,45.14044952392578,45.14044952392578,44.29224458976592,44.972576683977515,37291200
2016-02-17,46.31557846069336,46.62482224236889,45.4585393051455,45.493882029417165,40789000
2016-02-18,46.11236572265625,46.783864043752665,46.0328462733282,46.236065265308255,27176000
2016-02-19,45.785457611083984,46.191888886794004,45.52922787925751,45.917991160778556,33559100
2016-02-22,46.518795013427734,46.828035408504434,46.19187988666948,46.19187988666948,25008300
2016-02-23,45.21998596191406,46.271406846509784,45.04327569152394,46.244901485615095,28895300
2016-02-24,45.37902069091797,45.50271685766396,44.35410526156405,44.787041845175025,33014500
2016-02-25,46.03284454345703,46.03284454345703,44.71636005129231,45.70593276204582,26939500
2016-02-26,45.32600021362305,46.545297087666725,45.14928998441179,46.47461164779531,35975900
2016-02-29,44.954917907714844,45.6352501923256,44.76053629197813,45.370183127059995,31654000
2016-03-01,46.45695114135742,46.465785137530645,44.99025836198323,45.03443845425283,33024500
2016-03-02,46.78386306762695,46.79269706382668,46.08585940147404,46.30674638161348,29289900
2016-03-03,46.25373077392578,46.80153289341727,45.75010874538546,46.80153289341727,24427800
2016-03-04,45.97099685668945,46.34208873296909,45.6882617940325,46.29791201139165,33034200
2016-03-07,45.08744430541992,45.7677765332281,44.68985048165307,45.555726943281435,38407800
2016-03-08,45.63525390625,46.05935652653479,44.70752584325476,44.88423611099042,33835100
2016-03-09,46.686676025390625,46.69551002230339,45.820799397811214,45.84730475901761,28251600
2016-03-10,45.988670349121094,46.775027489205705,45.20231320903648,46.76619349266824,38387800
2016-03-11,46.889888763427734,46.889888763427734,46.280241900051976,46.82804067745344,32275700
2016-03-14,46.978240966796875,47.34933284329835,46.50112765482043,46.571809735293016,24083600
2016-03-15,47.349327087402344,47.349327087402344,46.59831280002864,46.6071467950884,21104800
2016-03-16,48.02082061767578,48.24170756324093,47.181452920902075,47.22562963592164,31691700
2016-03-17,48.29473114013672,48.59513757999541,47.71158962399549,47.89713388584316,28223900
2016-03-18,47.26097106933594,48.56862134702175,47.22562835009565,48.524441262737774,67625500
2016-03-21,47.5879020690918,47.64975016757698,46.76620205153879,47.04893717903352,23925700
2016-03-22,47.773433685302734,47.932472573617595,47.23446893828769,47.36700246870597,23124100
2016-03-23,47.68508529663086,47.9236436543737,47.48186966680578,47.80878147387499,20129000
2016-03-24,47.897132873535156,48.003161052751175,47.47303026807478,47.57022108045551,19950000
2016-03-28,47.305171966552734,47.96783312397205,47.11962765138787,47.89714764935557,17025100
2016-03-29,48.33891296386719,48.47144651943739,47.22564390485712,47.41118818628075,23924300
2016-03-30,48.63931655883789,49.160610011866055,48.506786381573995,48.53329174293315,23008300
2016-03-31,48.79835510253906,49.11643291833973,48.47144328984087,48.55096274379103,26360500
2016-04-01,49.09876251220703,49.134105241423036,48.2152145046158,48.63931714380341,24399200
2016-04-04,48.975074768066406,49.17829044036712,48.59514878970936,48.975074768066406,18928800
2016-04-05,48.20637893676758,48.86020255361843,48.11802211660662,48.763011736675395,19272300
2016-04-06,48.70116424560547,48.77184970260191,47.89713570984552,48.0296692564798,21188700
2016-04-07,48.11802673339844,48.515624036101,47.91481108323233,48.48028130464558,19225100
2016-04-08,48.082664489746094,48.842516055344056,47.9943110674302,48.30355141600285,22167200
2016-04-11,47.98548889160156,48.72766928143254,47.97665152491324,48.144527787313045,21414200
2016-04-12,48.28589630126953,48.40075510680895,47.49953580295401,48.038500585986974,24944300
2016-04-13,48.90437698364258,48.98389643282199,48.49794574137797,48.70116136251028,20818000
2016-04-14,48.91321563720703,49.107597267085275,48.656985919725344,48.78951946200014,20877100
2016-04-15,49.169437408447266,49.40799235324041,48.69232077792608,48.86019364993874,28793800
2016-04-18,49.8851203918457,49.99998257815737,48.7806853670326,49.02808110450913,23786000
2016-04-19,49.82327651977539,50.15902573948527,49.19595818146446,50.03532954550492,29596800
2016-04-20,49.116424560546875,49.92045296013027,49.02807112473366,49.734908722642,36195700
2016-04-21,49.2843017578125,49.68189899476664,48.96622396824919,49.301973120617994,38909100
2016-04-22,45.7501106262207,46.3244181275191,44.85772870208446,45.86497280057396,126834100
2016-04-25,46.04167938232422,46.059350743926,45.61757681528419,45.750106971596175,33226900
2016-04-26,45.449710845947266,46.25373944312654,45.140470374135376,46.174219983165145,33532600
2016-04-27,45.007930755615234,45.50271881434353,44.663347599014486,45.48504745112453,43369300
2016-04-28,44.089054107666016,44.8577400557333,43.7886476013398,44.72520648482193,43134800
2016-04-29,44.062538146972656,44.39828733322364,43.60309277906819,43.60309277906819,48411700
2016-05-02,44.71636199951172,44.84005817243668,43.98301558793101,44.177397214223326,33114500
2016-05-03,43.983009338378906,44.53964540791664,43.82397046136812,44.47779733024216,26460200
2016-05-04,44.062538146972656,44.230414425332235,43.70028359907254,44.03603278532353,24257600
2016-05-05,44.124393463134766,44.44247133688195,43.93884916027181,44.062545362180444,25390700
2016-05-06,44.52198028564453,44.52198028564453,43.876990692041716,44.10671167409793,24787300
2016-05-09,44.23923873901367,44.6986840063517,44.17739066172465,44.61033057321522,17951600
2016-05-10,45.07862854003906,45.149310641782705,44.34528193294445,44.468981509316265,22891000
2016-05-11,45.1051139831543,45.75010346508002,45.06093726776955,45.17579942414375,24039100
2016-05-12,45.51155090332031,45.7766179700284,44.99025750684498,45.23765321107468,24102800
2016-05-13,45.131629943847656,45.856138977799475,45.096287217687106,45.44970436788894,22592300
2016-05-16,45.79429626464844,45.90915508244316,44.840062769174246,44.88423949682362,20032000
2016-05-17,44.94014358520508,46.02561243997537,44.80668646974362,46.0167166565613,27803500
2016-05-18,45.20707702636719,45.500685476294535,44.753313884603095,44.91346518239716,24907500
2016-05-19,44.77109909057617,45.03801673069922,44.326235225690446,44.90455960765866,23842400
2016-05-20,45.038021087646484,45.57185981357771,44.84228327610974,44.91345973647521,23905800
2016-05-23,44.5130729675293,45.091397294061686,44.46858726411333,45.020217453362854,26118700
2016-05-24,45.901058197021484,46.007824584688315,44.8422833170566,45.10920098324481,34757900
2016-05-25,46.37260818481445,46.701809887542375,46.07899979978153,46.194661960591084,24040200
2016-05-26,46.16798782348633,46.248063483491414,45.69643304459146,46.20357775994262,24335200
2016-05-27,46.55054473876953,46.55054473876953,46.06119526934267,46.19465236425478,17721400
2016-05-31,47.155574798583984,47.155574798583984,46.337026827446984,46.49717471367797,37653100
2016-06-01,47.02212142944336,47.11109626206027,46.65733310082106,46.65733310082106,25324800
2016-06-02,46.69291305541992,46.924244176744764,46.12348782453123,46.835269363142096,22840800
2016-06-03,46.079010009765625,46.63953615831157,45.909959531977094,46.60394962081533,23368300
2016-06-06,46.38151550292969,46.5772533292906,46.167979317576616,46.25695414232478,18243300
2016-06-07,46.35481643676758,46.915345894018046,46.35481643676758,46.479381178189364,20866800
2016-06-08,46.30144119262695,46.65733031975293,46.15018568321538,46.28364622716426,21149400
2016-06-09,45.9277458190918,46.26584331673819,45.81208365451022,46.26584331673819,20305700
2016-06-10,45.80317306518555,46.31031748828751,45.41169417189106,45.42058995385724,25833200
2016-06-13,44.61094665527344,45.12699035411887,43.65004249727561,44.11270131188265,83217800
2016-06-14,44.33514404296875,44.57536759547938,44.10381288226882,44.39742472607042,42577100
2016-06-15,44.2105712890625,44.59315449839416,44.2105712890625,44.29064692343522,33757600
2016-06-16,44.83339309692383,44.90457296561986,44.050431511482174,44.059330692090654,31188600
2016-06-17,44.60204315185547,44.868960738765495,44.3262263887584,44.85116578043266,45710500
2016-06-20,44.548675537109375,45.2248706395819,44.513085606654485,45.05582016694248,35607900
2016-06-21,45.545166015625,45.75870218642098,44.62874744446898,44.664337371942025,34097800
2016-06-22,45.367225646972656,45.785395438497964,45.331635717553596,45.447301291144306,28816800
2016-06-23,46.18577575683594,46.31923630119716,45.50958403737759,45.625246222178504,29028800
2016-06-24,44.33514404296875,45.322739186742105,44.05932716491658,44.31734907721932,133503000
2016-06-27,43.08952331542969,43.73012850211414,42.74252997065649,43.68563939100565,50216300
2016-06-28,43.98815155029297,44.014845698516574,43.30306057596585,43.5254925782522,38140700
2016-06-29,44.96684265136719,45.126993922705026,44.30844260319582,44.40631320168474,31304000
2016-06-30,45.52737045288086,45.64303601862529,44.931254448740816,45.12699565322489,28527800
2016-07-01,45.51846694946289,46.01671566091378,45.43839132430189,45.49177620575645,21400400
2016-07-05,45.52737045288086,45.62524105512289,45.14479061672728,45.22486625546692,24806400
2016-07-06,45.7142219543457,45.85657828726134,44.83338981102582,45.180383160380025,28167500
2016-07-07,45.7142219543457,45.91885897078427,45.43840507442797,45.74980849204259,19585200
2016-07-08,46.53276443481445,46.58614932601609,45.865468567984294,46.02561984754692,28391000
2016-07-11,46.7907829284668,47.004319083762944,46.68401654783974,46.71070729448599,22269200
2016-07-12,47.3424186706543,47.5114691364365,46.9687345981635,47.102191740892025,27317600
2016-07-13,47.60932922363281,47.92073596480389,47.31572083834561,47.653818325258634,25356800
2016-07-14,47.8139762878418,48.036408250971974,47.67161996720018,47.902947715476905,24545500
2016-07-15,47.77836227416992,48.04527981656492,47.34239435282689,48.00079412517253,32024400
2016-07-18,48.009708404541016,48.347805898669336,47.644920164101144,47.7783806837429,31433900
2016-07-19,47.23564147949219,47.95632210402984,47.093285190032596,47.78727167689292,53336500
2016-07-20,49.744686126708984,50.57213333481077,49.406588578635365,49.95822231339825,89893300
2016-07-21,49.64680480957031,50.02938799077113,49.6112148871233,49.806956066540046,32776700
2016-07-22,50.33190155029297,50.385286440334646,49.62901577126756,49.89593682743372,32157200
2016-07-25,50.4742546081543,50.483153786275146,50.056081481566295,50.24292688764216,25610600
2016-07-26,50.500953674316406,50.97251176519132,50.27852170123811,50.287420880825074,28079000
2016-07-27,49.993797302246094,50.536531732100066,49.92262085248456,50.36748469412988,32327500
2016-07-28,50.0115966796875,50.15395298582372,49.575631977038725,49.82475466426659,37550400
2016-07-29,50.42976760864258,50.50094406157722,49.86923819284886,50.05608020009946,30558700
2016-08-01,50.34080123901367,50.49205333793416,49.94931882949287,50.35859280849893,26003400
2016-08-02,50.34080123901367,50.62551386736939,50.10057432245561,50.58102476152948,35122000
2016-08-03,50.68780517578125,50.812366552561585,50.26073614365882,50.429783241568856,22075600
2016-08-04,51.06148147583008,51.17714704826431,50.42087632886193,50.53654190129617,26587700
2016-08-05,51.56862258911133,51.7910545396103,51.114862903472,51.29280914267962,29335200
2016-08-08,51.65761184692383,51.68430260235176,51.408485684771605,51.65761184692383,19473500
2016-08-09,51.78215789794922,52.04907555532193,51.622006624717166,51.75546375638244,16920700
2016-08-10,51.62200927734375,51.88892694843218,51.44406303193736,51.74657063091553,15756900
2016-08-11,51.871131896972656,52.004592429312865,51.63090497518568,51.63090497518568,18162300
2016-08-12,51.550819396972656,51.77325131196587,51.266106817304674,51.63089502213188,21655200
2016-08-15,51.710975646972656,52.049073140783,51.56861934337493,51.61310505186634,19283900
2016-08-16,51.42449188232422,51.585641333118666,51.27229707612739,51.57669010371731,20523500
2016-08-17,51.53192901611328,51.6393608488506,51.23648720709018,51.51402314145766,18856400
2016-08-18,51.567726135253906,51.6572554890611,51.272287805679255,51.40657671359659,14214300
2016-08-19,51.585655212402344,51.684135838295056,51.20964200284527,51.415554486440406,17271000
2016-08-22,51.63039016723633,51.70201364361215,51.263328388798584,51.56772133300515,15221900
2016-08-23,51.82735824584961,52.086988259653815,51.791546502870595,51.83631288919226,18732400
2016-08-24,51.88108825683594,51.96166299019344,51.675175808299336,51.74679589617456,18151500
2016-08-25,52.078033447265625,52.18546867585395,51.72887749234302,51.81840684949995,18552600
2016-08-26,51.952701568603516,52.55253637540647,51.648308550642945,52.17651986371581,20971200
2016-08-29,52.01536178588867,52.462998301826424,52.01536178588867,52.086985267732594,16417200
2016-08-30,51.82735824584961,52.09593948780068,51.576682875388045,51.90793295995451,16930200
2016-08-31,51.44240951538086,51.746802612551036,51.29916590584178,51.612513649656485,20860300
2016-09-01,51.55878448486328,51.76469691407599,51.039524381912386,51.039524381912386,26075400
2016-09-02,51.63039016723633,52.095932518093164,51.40657192635489,51.63039016723633,18900500
2016-09-06,51.576690673828125,51.74679135590416,51.21858002028287,51.728885481707266,16278400
2016-09-07,51.621456146240234,51.78260560660324,51.39763783075789,51.45135545594438,17493400
2016-09-08,51.4155387878418,51.73783767773941,51.191720493768024,51.594594106140036,20146100
2016-09-09,50.323299407958984,51.49610838157044,50.323299407958984,50.84255943778866,35113900
2016-09-12,51.075340270996094,51.21858386011383,49.78614796893642,50.13530400396113,29303000
2016-09-13,50.60978698730469,50.71722221768775,50.18005631135991,50.58292988730683,30130200
2016-09-14,50.368064880371094,50.6993183979992,50.162152469929715,50.48445134373221,24062500
2016-09-15,51.20068359375,51.34392719856047,50.117403618921,50.2696018700804,26847000
2016-09-16,51.2543830871582,51.59458780888235,50.8067465536459,51.59458780888235,44607000
2016-09-19,50.96790313720703,51.7020268820569,50.89627964249182,51.27229615935426,20937100
2016-09-20,50.8604736328125,51.343918583431275,50.806756009323145,51.343918583431275,17384000
2016-09-21,51.71099090576172,51.79156564965423,51.10220812603689,51.48717255219329,33707300
2016-09-22,51.76469421386719,51.92584365705304,51.59459354170261,51.854220164438836,19822200
2016-09-23,51.4155387878418,51.845269502639894,51.37077581206627,51.80945775594102,19955300
2016-09-26,50.94105529785156,51.15591899067746,50.87838643617761,51.1022047750694,21688700
2016-09-27,51.88108825683594,51.9795688659614,50.74409075954519,50.96790908384975,28065100
2016-09-28,51.952701568603516,51.97956208635038,51.63040267721043,51.81841264065383,20536400
2016-09-29,51.388671875,52.078029083772044,51.218567818252325,51.755733670598765,25463500
2016-09-30,51.567726135253906,51.71992432912832,51.33495664574647,51.540869036709566,29910800
2016-10-03,51.40658950805664,51.522975989375325,51.08429399972232,51.397638278045896,19189500
2016-10-04,51.24544906616211,51.567744609745645,51.00372484707681,51.272306174328186,20085900
2016-10-05,51.60354995727539,51.89003712613438,51.26334516355667,51.29020568358475,16726400
2016-10-06,51.69306945800781,51.80050127200998,51.28124124314055,51.69306945800781,16212600
2016-10-07,51.746795654296875,51.90794512025863,51.4065908466891,51.79155863590923,20089000
2016-10-10,51.961666107177734,52.27501041392182,51.80946786161861,51.84527961530273,18196500
2016-10-11,51.20068359375,51.94376214165221,50.93210226162998,51.827375645494655,26497400
2016-10-12,51.129051208496094,51.272294778873544,50.4934080783959,51.129051208496094,22177500
2016-10-13,50.95895004272461,51.29915482257703,50.42178747680715,50.76199225665957,25313700
2016-10-14,51.40658950805664,51.69308009634798,51.13800821017979,51.13800821017979,27402500
2016-10-17,51.22754669189453,51.44241040230914,50.91419894267734,51.35288442550257,23830000
2016-10-18,51.621456146240234,51.881086211846906,51.39763783075789,51.50506966593441,19149500
2016-10-19,51.50506591796875,51.78260183844161,51.38868286132845,51.45135171188745,22878400
2016-10-20,51.2543830871582,51.49610722507833,50.72617184100586,51.47820135391435,49455600
2016-10-21,53.4119987487793,54.11926539342565,53.25980394471921,53.96706717416935,80032200
2016-10-24,54.611656188964844,54.611656188964844,53.65371429624292,53.66266552407961,54067000
2016-10-25,54.60271072387695,54.942912060706476,54.432606640266165,54.477369614565205,35137200
2016-10-26,54.2804069519043,54.7907123263469,54.137163397941386,54.441556377012034,29911600
2016-10-27,53.80592727661133,54.45947983122186,53.79697604574673,54.26251860023256,28479900
2016-10-28,53.600006103515625,54.18193505584519,53.34037946827585,53.7253438064306,33574700
2016-10-31,53.644771575927734,54.09240820155542,53.644771575927734,53.85963865891545,26434700
2016-11-01,53.53733825683594,53.734299459511014,53.04493866534458,53.68953648122932,24533000
2016-11-02,53.20609664916992,53.65373333414345,53.089710154821674,53.55525271701777,22147000
2016-11-03,53.009124755859375,53.39409250074316,52.919598802945266,53.29561190341993,21600400
2016-11-04,52.56148910522461,53.07179455943485,52.39138842555328,52.50777489858958,28697000
2016-11-07,54.092403411865234,54.18193277818112,53.51942912822806,53.51942912822806,31664800
2016-11-08,54.137184143066406,54.414716714171185,53.85069692535997,54.2088042398945,22935400
2016-11-09,53.86858367919922,54.24460017728442,53.00017104791878,53.716388883323894,49632500
2016-11-10,52.55255126953125,54.155091536364594,51.594608968172125,54.14613688951239,57822400
2016-11-11,52.83902359008789,52.92854954217321,51.93479576412384,52.13175695694693,38767800
2016-11-14,52.03327178955078,52.89273656397047,51.281242246430956,52.839018948320536,41328400
2016-11-15,53.06077575683594,53.61959735190809,52.565049806205856,52.574064943240735,35904100
2016-11-16,53.76380920410156,53.772820902970324,53.0066992832316,53.12386855986252,27332500
2016-11-17,54.656124114990234,54.93553496104812,54.052240482944185,54.448820624663924,32132700
2016-11-18,54.394744873046875,55.10678960106804,54.34967949090073,54.78231334838658,27686300
2016-11-21,54.854408264160156,54.95355414534677,54.45782473941369,54.52993208510122,19652600
2016-11-22,55.08875274658203,55.21493716896087,54.80934536510536,54.96256832420319,23206700
2016-11-23,54.43980407714844,55.07072619228413,54.30460451632355,54.989607143442726,21848900
2016-11-25,54.556968688964844,54.556968688964844,54.19644228809437,54.34966523485416,8409600
2016-11-28,54.62908935546875,54.998630983491424,54.26855942840205,54.385732170438956,20732600
2016-11-29,55.06172180175781,55.35014436075354,54.547968903654926,54.66514164270572,22366700
2016-11-30,54.31361389160156,55.14283118185852,54.277563656756264,54.8544086734911,34655400
2016-12-01,53.358211517333984,54.21446727742319,53.123866098395595,54.17841360708386,34542100
2016-12-02,53.403282165527344,53.60157393372936,52.99768692978122,53.25005920883858,25515700
2016-12-05,54.277565002441406,54.611052891334126,53.68269313440172,53.80887755515747,23552700
2016-12-06,54.03421401977539,54.49388638182292,53.899014445972476,54.46684784236953,19907000
2016-12-07,55.3140754699707,55.32309060648597,53.89900160458371,54.08827821219841,30809000
2016-12-08,54.98961639404297,55.50337274864332,54.83639340838206,55.25100042186618,21220800
2016-12-09,55.854896545410156,55.87292338867699,55.097786319547346,55.14285170858002,27349400
2016-12-12,56.03514862060547,56.15232136288027,55.62955674966722,55.719687512482786,20198100
2016-12-13,56.765201568603516,57.16178160856198,56.09822589057032,56.33256786003053,35718900
2016-12-14,56.49481964111328,57.188837458170326,56.359620070131136,56.78324218349181,30352700
2016-12-15,56.404701232910156,56.91845421387373,56.15232887438392,56.51285885041073,27669900
2016-12-16,56.15230178833008,56.738161857206535,55.99006372120328,56.738161857206535,42453100
2016-12-19,57.34205627441406,57.4772558355993,56.26047009973515,56.38665796136628,34338200
2016-12-20,57.26995086669922,57.50429286992686,56.810275121294985,57.405146986084084,26028400
2016-12-21,57.26995086669922,57.41416212367029,56.891394168232935,57.17080498285644,17096300
2016-12-22,57.278961181640625,57.77468715060572,57.15277676462414,57.5403451530419,22176600
2016-12-23,56.99956512451172,57.26996084867817,56.602981520017295,57.18884178760142,12403800
2016-12-27,57.035614013671875,57.74765870642883,56.97252179413828,56.97252179413828,11763200
2016-12-28,56.77421951293945,57.14376103884807,56.63000826961578,57.14376103884807,14653300
2016-12-29,56.69309616088867,56.96349179176746,56.53986979248826,56.65704249323363,10250600
2016-12-30,56.008094787597656,56.77421981542867,55.90894891260928,56.747177843352674,25579900
2017-01-03,56.404701232910156,56.63904331053951,55.99910586944716,56.59397792310333,20694100
2017-01-04,56.15230178833008,56.55789695614708,55.99006372120328,56.31453985545688,21340000
2017-01-05,56.15230178833008,56.47677792258368,55.908944687639874,56.05315592083403,24876000
2017-01-06,56.63902282714844,56.91843362943428,55.91796657413206,56.15230856701209,19922900
2017-01-09,56.4587516784668,56.85533515259404,56.368620946129,56.56690924492557,20382700
2017-01-10,56.440731048583984,56.84632626522316,56.1342817113752,56.53987692801439,18593000
2017-01-11,56.95447540283203,56.990529069693956,56.269472923790026,56.431710986401775,21517300
2017-01-12,56.43172073364258,57.143765304953284,55.83684888073847,56.8373159602289,20968200
2017-01-13,56.51283645629883,56.666059400518556,56.19737199271602,56.440729114359684,19422300
2017-01-17,56.359615325927734,56.512841722693835,55.90895471161322,56.49481488552914,20664000
2017-01-18,56.33258819580078,56.51285316568101,55.99008509685518,56.485811185324565,19670100
2017-01-19,56.15230178833008,56.765200388972,56.062171056933856,56.09822472479915,18451700
2017-01-20,56.54889678955078,56.62100070171751,56.215405451193064,56.48580113878679,30213500
2017-01-23,56.747196197509766,56.891407488245086,56.395681391234184,56.5128541394155,23097600
2017-01-24,57.251922607421875,57.45021437018105,56.72915466497222,56.96350010064534,24672900
2017-01-25,57.39613342285156,57.77468667075692,57.18882996257947,57.63949055576249,23672700
2017-01-26,57.927913665771484,58.171274253937845,57.27896470430944,57.792720979607296,43554600
2017-01-27,59.288917541503906,59.40609371845891,58.48674208689653,58.93740276371129,44818000
2017-01-30,58.70304489135742,59.29792015988407,58.40561413362885,59.20778941885921,31651400
2017-01-31,58.270416259765625,58.72107685438635,57.918901546084264,58.45969288432213,25270500
2017-02-01,57.306007385253906,58.24338232123214,57.206861496489395,58.009036868103706,39671500
2017-02-02,56.93646240234375,57.15278101780386,56.55790912312324,57.00856975358637,45827000
2017-02-03,57.39613342285156,57.414160259170984,56.846326949045476,57.23389533424428,30301800
2017-02-06,57.360084533691406,57.36909967173665,56.90942390292605,57.23390010719994,19796400
2017-02-07,57.17079544067383,57.48625643818689,56.9905305399805,57.45020620866183,20277200
2017-02-08,57.08968734741211,57.51330942948037,56.9815297615766,57.2969908195417,18096400
2017-02-09,57.73863220214844,58.08113864922819,57.071656458862094,57.25192138130371,22644400
2017-02-10,57.68456268310547,57.95496182129682,57.666535844674854,57.90989300608635,18170700
2017-02-13,58.33351516723633,58.45969959809892,57.80173202871332,57.90087792103904,22920100
2017-02-14,58.55113983154297,58.68715904105498,58.05240503607373,58.4060577480947,23108400
2017-02-15,58.51487350463867,58.5511457587287,58.179367261199744,58.487671043627415,17005200
2017-02-16,58.505794525146484,59.15868115980254,58.43325694658114,58.705288432205165,20546300
2017-02-17,58.59648132324219,58.65995603132114,58.30631024084925,58.46046211500893,21248800
2017-02-21,58.47859573364258,58.89571623898895,58.44232348297449,58.587412485646844,20655900
2017-02-22,58.36071014404297,58.38791259970824,58.079608877870186,58.33350768837769,19292700
2017-02-23,58.59648132324219,58.69622828139829,58.206563282693146,58.4151200728564,20273100
2017-02-24,58.59648132324219,58.75970298947724,58.16122124054062,58.51486703101251,21796800
2017-02-27,58.24283981323242,58.52394112420908,58.07961813500167,58.52394112420908,15871500
2017-02-28,58.016143798828125,58.21563428387852,57.81664985466508,58.106824436680704,23239800
2017-03-01,58.886653900146484,58.93198902522527,58.05240596364774,58.15215292433537,26937500
2017-03-02,58.0433349609375,58.71435421486191,57.92545189125985,58.65994930509665,24539600
2017-03-03,58.26096725463867,58.288169712199675,57.68969143207293,58.02520455118175,18135900
2017-03-06,58.27910614013672,58.542074788332194,57.86198906293997,58.00707461726981,18750300
2017-03-07,58.39699935913086,58.74157542805228,58.206575195919626,58.206575195919626,18521000
2017-03-08,58.931983947753906,59.013598235023174,58.26096465767097,58.27003444919509,21510900
2017-03-09,58.696231842041016,59.12241524029613,58.46953545397512,59.113352365895295,19846800
2017-03-10,58.8775749206543,59.17681575602399,58.71435327574568,59.040796565562914,19538200
2017-03-13,58.6780891418457,59.1133492278452,58.55113972472593,58.95012756037343,20100000
2017-03-14,58.40605163574219,58.533001039807964,58.1702854918099,58.514861457385045,14280200
2017-03-15,58.71436309814453,58.868514977951094,58.260970332907895,58.5330087593397,24833800
2017-03-16,58.614620208740234,58.7234369705182,58.30631642770689,58.71436717748044,20674300
2017-03-17,58.82318115234375,59.15868737836976,58.65088968391436,58.85945340455124,49219700
2017-03-20,58.8775749206543,59.104271265348295,58.68715082129815,58.85944225709708,14598100
2017-03-21,58.224693298339844,59.39444736674194,58.15214880148762,59.11334608921958,26640500
2017-03-22,58.968257904052734,59.068004859036215,58.14308672527244,58.14308672527244,20680000
2017-03-23,58.82318115234375,59.15868737836976,58.73249706271267,58.886655864150676,19269200
2017-03-24,58.92292785644531,59.34911125199777,58.72343392929646,59.267503873559434,22617100
2017-03-27,59.031734466552734,59.14055121674519,58.35164534385461,58.60554417607935,18614700
2017-03-28,59.20402145385742,59.36724310770784,58.623679333105656,58.904780602094355,20080400
2017-03-29,59.36724853515625,59.39445099358092,58.895716195047335,59.0498749898278,13618400
2017-03-30,59.58487319946289,59.82970915383897,59.26749966436815,59.321904579463194,15122800
2017-03-31,59.720909118652344,60.020150071867704,59.34912364619214,59.53048494430424,21040300
2017-04-03,59.439781188964844,59.79342691444603,59.11333791648635,59.67554039380361,20400900
2017-04-04,59.6030158996582,59.67555348416949,59.19495826043749,59.294705222143136,12997400
2017-04-05,59.4488410949707,60.16520230059906,59.34003128838893,60.11986718726422,21448600
2017-04-06,59.6030158996582,59.9022498665506,59.3763195172771,59.48512935315632,18103500
2017-04-07,59.55766296386719,59.81156175878457,59.34003641368419,59.71181481532084,14108500
2017-04-10,59.421653747558594,59.684622377345676,59.267501870235826,59.49419824920147,17952700
2017-04-11,59.376319885253906,59.49419951426178,58.80504057044938,59.485129721807446,18791500
2017-04-12,59.149627685546875,59.40352654643138,59.040810923071334,59.321912245018446,17108500
2017-04-13,58.895721435546875,59.72089964504904,58.895721435546875,59.204032134316655,17896500
2017-04-17,59.376319885253906,59.38538275948363,58.950129576820245,58.97733203595863,16689300
2017-04-18,59.29470443725586,59.58487552613367,59.086147642431676,59.24029952003641,15155600
2017-04-19,58.977333068847656,59.62114997988838,58.84131385254897,59.53047280843083,26992800
2017-04-20,59.39445877075195,59.62115517827391,59.068015390462314,59.3581865153614,22299500
2017-04-21,60.210575103759766,60.482606677463096,59.349124491466966,59.54861846311849,32522600
2017-04-24,61.23522186279297,61.353108401904095,60.84530383281397,61.18988674009372,29770000
2017-04-25,61.5888671875,61.69768393397564,61.298696115122375,61.57073452219943,30242700
2017-04-26,61.50727081298828,61.94252404026014,61.31684666127868,61.73396722000809,26190800
2017-04-27,61.90625762939453,62.00600461135818,61.28058019134413,61.7974477714167,34971000
2017-04-28,62.078548431396484,62.69516298650526,61.38032648372118,62.486606148906844,39548800
2017-05-01,62.93999481201172,63.06694424859513,62.1148165559941,62.278038248490695,31954400
2017-05-02,62.84025955200195,63.21203813752163,62.68610070607748,63.21203813752163,23906100
2017-05-03,62.640743255615234,62.91277475144635,62.30523013404351,62.91277475144635,28928000
2017-05-04,62.39590835571289,62.64074431615277,62.24175648030964,62.595402273634456,21749400
2017-05-05,62.56819152832031,62.59539398293861,62.10572904513885,62.47751437351816,19128800
2017-05-08,62.51378631591797,62.61353326118363,62.042254044075996,62.54098877040435,18566100
2017-05-09,62.60446548461914,62.82209204573587,62.27802218383223,62.44124383422569,22858400
2017-05-10,62.84932327270508,63.07601972879561,62.495677354662,62.559152085638274,17977800
2017-05-11,62.078548431396484,62.32338444554788,61.77024461295505,61.9878712446917,28789400
2017-05-12,62.0059814453125,62.2145451255585,61.697677738592674,62.2145451255585,18714100
2017-05-15,62.051334381103516,62.09667642510267,61.27149826824525,61.788365746002505,31530300
2017-05-16,63.30076217651367,63.32812056138138,62.16078308782452,62.2246216384759,34956000
2017-05-17,61.540626525878906,63.018034787897605,61.49502458485491,62.8265191597796,30548800
2017-05-18,61.75037384033203,62.13340506607865,61.230543760281975,61.46766131054935,25201300
2017-05-19,61.732154846191406,62.10606439952294,61.49503722829778,61.55887578412906,26961100
2017-05-22,62.425254821777344,62.47085677045541,61.558873459937814,61.91454639440924,16237600
2017-05-23,62.6350212097168,62.698859770440535,62.361423402111456,62.671501381256256,15425800
2017-05-24,62.71708297729492,62.817401688124285,62.42524862521309,62.80828686559783,14593900
2017-05-25,63.492279052734375,63.72938969807999,62.84477175281924,62.89948852360972,21854100
2017-05-26,63.80234909057617,64.03946669030687,63.40107422301349,63.65643538465897,19827900
2017-05-30,64.21271514892578,64.21271514892578,63.62903972967232,63.6472832828961,17072800
2017-05-31,63.6928825378418,64.51366854124231,63.66552416404134,64.32215296676175,30436400
2017-06-01,63.93001937866211,64.39513274759335,63.33722892145634,64.05769646693665,21603600
2017-06-02,65.44390869140625,65.53510560911589,64.05769049385609,64.24009128715417,34770300
2017-06-05,65.91812896728516,66.47443914413029,65.48949585156402,65.63541646877887,33316800
2017-06-06,66.13701629638672,66.22822017951023,65.90902050433675,65.93638584400145,31511100
2017-06-07,66.01847076416016,66.36502191455045,65.6171958842174,66.24646658996755,22301800
2017-06-08,65.61719512939453,66.13702532794036,65.20680543081427,66.12791050468682,24588300
2017-06-09,64.13065338134766,65.73574563730418,62.55291950601258,65.69926547718255,49187400
2017-06-12,63.638179779052734,63.78410041523429,62.13340626835519,63.1548298479894,47761700
2017-06-13,64.43162536621094,64.58666086653452,63.80235462528712,63.85707140001761,25258600
2017-06-14,64.08504486083984,64.84199245040497,63.31898245058963,64.66872040496936,25510700
2017-06-15,63.74763870239258,64.03035131945228,62.74445839093731,63.173084728521694,26068700
2017-06-16,63.83883285522461,63.866191241758806,63.127486973813,63.59260041853621,48345100
2017-06-19,64.63224792480469,64.69608646657414,64.15801279347792,64.2948116566637,23798300
2017-06-20,63.75676727294922,64.63227056296178,63.720287099463484,64.5866686066342,21512200
2017-06-21,64.08504486083984,64.40424448965582,63.7840957470292,64.0303281052158,19891100
2017-06-22,64.07593536376953,64.3768845025839,63.57434186928063,64.33128952173517,22965700
2017-06-23,64.94230651855469,64.97878667233363,63.76584765122604,63.920883086378105,27617300
2017-06-26,64.3221664428711,65.39830677104071,64.2400913042742,65.11559423870186,19607000
2017-06-27,63.11835479736328,64.00297959164321,63.09099641533474,63.93914104761679,25215100
2017-06-28,63.65643310546875,63.69290631223198,62.73532808239789,63.118359374331526,25806200
2017-06-29,62.46171951293945,63.373702597494066,62.09692488754185,63.27338390156276,28918700
2017-06-30,62.863006591796875,63.27339627696148,62.689727545319315,62.72620771078197,24161100
2017-07-03,62.16987991333008,63.47401589157194,62.03308107071317,63.22778354116405,16165500
2017-07-05,62.99979782104492,63.328112312452554,62.21549175355771,62.25197191458959,21176300
2017-07-06,62.53470230102539,62.726217982656294,62.12431254865648,62.26110449419195,21117600
2017-07-07,63.34636306762695,63.692914238041475,62.653253768917075,62.653253768917075,16878300
2017-07-10,63.820560455322266,64.06679275390712,63.109208015004086,63.34632549511014,15014500
2017-07-11,63.82969665527344,64.45896723493662,63.61082265456064,63.83881843468452,17460000
2017-07-12,64.8875961303711,65.00615142337098,64.34040768577988,64.46808475758854,17750900
2017-07-13,65.45304107666016,65.69928047421998,65.03352957631897,65.20680863698101,20269800
2017-07-14,66.37411499023438,66.82098466734763,65.62628928332185,65.88164338452944,25868100
2017-07-17,66.89395141601562,66.98514832410953,66.31940463293377,66.39236494256014,21803900
2017-07-18,66.84835815429688,66.93043328632162,66.26468957808221,66.65683559714925,26435300
2017-07-19,67.35909271240234,67.52324999840833,66.98517618843498,67.03077814039035,22416200
2017-07-20,67.68739318847656,67.76035351325875,66.83012676698472,67.65091302608548,42361000
2017-07-21,67.29523468017578,67.75122623624863,66.72980264580903,66.98515680394918,46717100
2017-07-24,67.12196350097656,67.25876237534983,66.69333027495085,67.05812495398634,21394800
2017-07-25,67.6600341796875,67.769467707968,67.03076356055676,67.30436129701695,22018700
2017-07-26,67.5323715209961,67.83332074595037,67.31349050190813,67.79684057610238,16252200
2017-07-27,66.72069549560547,67.86978933935382,65.9546259752268,67.26788403423036,36844200
2017-07-28,66.6112289428711,66.8574612536552,66.1552375127785,66.27379277976684,18306700
2017-07-31,66.30116271972656,66.97603516367855,66.03669376706335,66.84835809760725,23600100
2017-08-01,66.19175720214844,66.95781992253487,66.10967507760348,66.66598551126177,22132300
2017-08-02,65.89988708496094,66.17347778348423,65.1520613763934,66.16436296404765,26499200
2017-08-03,65.79959106445312,66.064067034605,65.5259933138464,65.83607122839268,18214400
2017-08-04,66.28292846679688,66.6112429219942,65.88165369758269,66.0275743256164,22579000
2017-08-07,66.02757263183594,66.48356414592612,65.89989556452095,66.39236723468376,18705700
2017-08-08,66.38324737548828,66.69331827425287,65.43478416381302,65.74485506257763,22044600
2017-08-09,66.09142303466797,66.12790319729196,65.70839176393548,65.89078561917584,22213400
2017-08-10,65.12472534179688,65.83607114299586,65.07000161701862,65.57159517318703,24734500
2017-08-11,66.11876678466797,66.30116059954342,65.00614642344479,65.30710248007952,21443700
2017-08-14,67.11283874511719,67.2314010113281,66.52917006768945,66.62948877392354,20096600
2017-08-15,67.13117980957031,67.47040691045098,66.96614795145672,67.47040691045098,19181400
2017-08-16,67.52542877197266,67.93800495997797,67.08534144247629,67.24120293617156,18150400
2017-08-17,66.37934875488281,67.72710734110713,66.37934875488281,67.46122237556408,22977500
2017-08-18,66.46187591552734,66.78276922278575,65.94844662391388,66.26016955240792,18761500
2017-08-21,66.15016174316406,66.45272132789225,65.73757858354824,66.443550947914,17734800
2017-08-22,67.07615661621094,67.14949865189108,66.33350992225533,66.33350992225533,14343700
2017-08-23,66.67276000976562,67.06700240071527,66.49855776877966,66.8928001597293,13766500
2017-08-24,66.6452407836914,66.80110222985492,66.07679628039376,66.69107868229608,17098300
2017-08-25,66.76445007324219,67.25037532986865,66.45272707651995,66.80112460137734,12794300
2017-08-28,66.77362060546875,67.01199454646138,66.51690590289144,66.98449039903538,14569700
2017-08-29,66.97531127929688,67.07616445946702,66.05846927407693,66.24183487714117,11478400
2017-08-30,67.8554916381836,68.03885727603522,66.77361758697731,66.93864945902405,16897800
2017-08-31,68.55229187011719,68.7264941357866,67.66296076447381,67.87383056454087,27652800
2017-09-01,67.79129028320312,68.52475958414938,67.51623492350555,68.4972554471693,21736200
2017-09-05,67.48875427246094,67.74546896687568,66.91114621002775,67.24120296359614,21556000
2017-09-06,67.29621124267578,67.8829896244961,67.2503663398976,67.60793419772718,16535800
2017-09-07,68.15804290771484,68.39642382821889,67.47958166699625,67.5529307186822,17471200
2017-09-08,67.82796478271484,68.24971120453044,67.69960048525513,68.14885803899318,14703800
2017-09-11,68.54310607910156,68.70813790975149,68.13052300500227,68.13052300500227,17910400
2017-09-12,68.46977233886719,68.98320170671064,68.1855535095182,68.54312138997355,14394900
2017-09-13,68.95569610595703,68.97403686582179,68.35058393447692,68.69898142745332,13380800
2017-09-14,68.55229187011719,69.21241940849468,68.32308130790007,68.76316866513548,15733900
2017-09-15,69.04736328125,69.1207123141948,67.91048125040071,68.60728307347875,38578400
2017-09-18,68.90985870361328,69.65249859974604,68.79983512846566,68.97403737371178,23307000
2017-09-19,69.16654968261719,69.414093898185,68.77230741712175,68.95567298458325,16093300
2017-09-20,68.70814514160156,69.267419349062,68.13053017605571,69.0840467429563,21587900
2017-09-21,68.03885650634766,68.98320282100698,67.947173688459,68.8640158572468,19186100
2017-09-22,68.22220611572266,68.31388890267327,67.70876991789238,67.83712721861288,14111400
2017-09-25,67.16785430908203,68.07552603090811,66.85612435722301,67.92882793710383,24149200
2017-09-26,67.16785430908203,67.67211326789646,66.92030302452484,67.54375593329279,18019600
2017-09-27,67.70877838134766,68.00216753323159,67.08532555922567,67.43372998611537,19565100
2017-09-28,67.72711181640625,67.8187946049057,67.21367560990218,67.42455231890449,10883800
2017-09-29,68.29558563232422,68.34143054843562,67.7363112315352,67.7913265298593,17079100
2017-10-02,68.40560913085938,68.77234747434122,68.1213902372632,68.49729196799181,15304800
2017-10-03,68.08468627929688,68.6531238208279,68.02050762154502,68.46058784757231,12190400
2017-10-04,68.47894287109375,68.5064470165821,67.58043448042149,67.92883198152474,13317700
2017-10-05,69.65247344970703,69.7900011202456,68.7264612626917,68.96484209196204,21195300
2017-10-06,69.67999267578125,69.70749681685609,69.25824619108492,69.37743313405907,13959800
2017-10-09,69.94588470458984,70.1842656093674,69.5516423214751,69.65249551215213,11386500
2017-10-10,69.94588470458984,70.25760766126425,69.80835699048933,69.98255922801333,13944500
2017-10-11,70.0650863647461,70.10176089586682,69.63416936776713,70.01007806554081,15388900
2017-10-12,70.70686340332031,70.86272487741711,70.01923184647573,70.12924841880292,16876500
2017-10-13,71.0461196899414,71.3945242986823,70.86275399741142,71.13780253620641,15335700
2017-10-16,71.19278717041016,71.33947826224976,70.91773175515496,70.98191041938786,12380100
2017-10-17,71.13778686523438,71.16529800851094,70.82606385761243,71.02777027193311,16824000
2017-10-18,71.1561279296875,71.37616811217602,70.93608774719897,71.21113622657181,13300700
2017-10-19,71.43115997314453,71.44949373444169,70.91772372248708,71.11943007150083,15092800
2017-10-20,72.2563247680664,72.40302286388679,71.71539127836671,71.80707409077935,22866400
2017-10-23,72.27466583251953,72.74225027628225,72.21048716406483,72.42135693400874,20627200
2017-10-24,72.30216979980469,72.61389276154979,71.9354315545544,72.33884432382474,17517200
2017-10-25,72.09129333496094,72.5222102502992,71.52285569766387,72.04545542595808,20410800
2017-10-26,72.2104721069336,72.81558414119444,72.20130172908075,72.61387779812456,32120700
2017-10-27,76.84052276611328,79.0317745005246,76.65715717128896,77.35395902252972,71066700
2017-10-30,76.91388702392578,77.31729980631695,76.19875126965086,76.73968477790224,31756700
2017-10-31,76.2629165649414,77.34479038665413,76.19873790581222,77.34479038665413,27086600
2017-11-01,76.2629165649414,76.79468659483986,75.98786117155966,76.72133755727816,22307400
2017-11-02,77.06059265136719,77.43649433035058,76.20792909300104,76.41879888988288,23992900
2017-11-03,77.14310455322266,77.50984284364533,76.4646432626589,77.08809625789213,17633500
2017-11-06,77.4456558227539,77.65652559543396,77.0880879517309,77.19810453053778,19860900
2017-11-07,77.26229095458984,77.83990603110209,76.95056795674917,77.72071206549745,17939700
2017-11-08,77.52814483642578,77.57398972704628,76.85885420103516,77.14307293702721,18034200
2017-11-09,77.09723663330078,77.26226846498788,76.0061994634879,77.11557738957102,21178400
2017-11-10,76.89556121826172,77.10643101637484,76.30878274401913,76.8222121602436,19397800
2017-11-13,76.95055389404297,76.95972427317153,76.51963700934768,76.70300961717001,14196900
2017-11-14,77.06059265136719,77.10643056614748,76.0795717396944,76.55632662412603,18801300
2017-11-15,76.4616470336914,77.11587331948314,76.19442665835447,76.91315392922202,19383100
2017-11-16,76.66433715820312,76.86705648966768,76.42476615745235,76.57219392483144,20962800
2017-11-17,75.92720031738281,76.59064298608128,75.7797654887478,76.59064298608128,22079000
2017-11-20,76.04698181152344,76.10226635429092,75.78897790516957,75.92719629216748,16315000
2017-11-21,77.14350891113281,77.25407800163777,76.24048816822518,76.24048816822518,21237500
2017-11-22,76.58142852783203,77.30937219532184,76.51692754615976,77.24487121364956,20553100
2017-11-24,76.71961975097656,76.87626393239884,76.2773224404038,76.48925817944595,7425600
2017-11-27,77.28173065185547,77.38309034259514,76.75650635896798,76.76571576352264,18265200
2017-11-28,78.21238708496094,78.37824775884606,77.41994242418534,77.46601756751781,21926000
2017-11-29,76.7933578491211,78.24924519428629,76.64593004573007,78.0557422479157,27381100
2017-11-30,77.55815887451172,77.88066377949264,76.7933565069286,76.95000777227335,33054600
2017-12-01,77.64108276367188,78.14787411217324,76.68277757604321,77.03292470937572,29532100
2017-12-04,74.7109146118164,77.79776024942856,74.36076029865994,77.7885438122187,39094900
2017-12-05,75.18082427978516,76.18520472355137,74.61874832474635,74.95046263113268,26152300
2017-12-06,76.27734375,76.60906506808323,75.03339232222753,75.14396843828168,26162100
2017-12-07,76.01011657714844,76.295769760428,75.55860977981303,76.05619171221635,23184500
2017-12-08,77.54893493652344,77.93594074997092,76.7841327122736,77.06056242327395,24489100
2017-12-11,78.53487396240234,78.66387588646433,77.51206797156979,77.66871216077682,22857900
2017-12-12,78.8573989868164,79.2904799986449,78.39667570275707,78.60860447657988,23924100
2017-12-13,78.64546966552734,79.24441139019012,78.47960898839119,79.00483329430901,22062700
2017-12-14,78.03729248046875,79.12459943863958,77.88985769220535,78.71916080099287,19306000
2017-12-15,80.02764129638672,80.2487865271419,78.2123902449909,78.56254447627343,53936700
2017-12-18,79.59455108642578,80.62657376140027,79.45633972689826,80.27642660046502,22283800
2017-12-19,79.0877685546875,79.56691772489258,78.57175364437421,79.56691772489258,23524800
2017-12-20,78.80211639404297,79.52085070436269,78.05574683842197,79.42870041298413,23674900
2017-12-21,78.78369903564453,79.33656569303638,78.69155576442606,79.29049757246761,17990700
2017-12-22,78.79289245605469,78.90346153718677,78.24923536353255,78.69153277829766,14145800
2017-12-26,78.6915283203125,78.81131382811255,78.35059060261901,78.60859448408283,9891200
2017-12-27,78.97716522216797,79.2259596716443,78.52565848247829,78.92188069120776,14678000
2017-12-28,78.98641204833984,79.17991501123907,78.82976779695672,79.1522727351221,10594300
2017-12-29,78.82054138183594,79.29048110656514,78.78368267498664,78.90346819968724,18717400
2018-01-02,79.19833374023438,79.53005508401151,78.78368557555284,79.36419441212294,22483800
2018-01-03,79.56690216064453,79.71433697191691,79.21675502899076,79.29968183777241,26061400
2018-01-04,80.26721954345703,80.77401802119427,79.76963750079143,79.78806334085453,21912000
2018-01-05,81.26235961914062,81.4650789503404,80.56205839229001,80.77399415583834,23407100
2018-01-08,81.3453140258789,81.62175084952422,80.71872998501925,81.27159660222942,22113000
2018-01-09,81.29002380371094,81.75996355910044,80.95830245050423,81.68624614059229,19484300
2018-01-10,80.92144775390625,81.26238555885257,80.54365826795846,80.95830646498804,18652200
2018-01-11,81.1610336303711,81.20710175107315,80.387014683718,81.20710175107315,17808900
2018-01-12,82.56161499023438,82.7274756615193,81.50194998091834,81.70466936027546,24271500
2018-01-16,81.40980529785156,83.6581372402607,81.09651682985272,83.02233683980707,36599700
2018-01-17,83.0592041015625,83.18820607579859,81.77839376444689,82.08247285946636,25621200
2018-01-18,83.0223159790039,83.5475401252088,82.61688435935241,82.74588628788851,24159700
2018-01-19,82.9301986694336,83.49228168948838,82.61691018223193,83.05920063829075,36875000
2018-01-22,84.41371154785156,84.42292798095926,82.6906041208025,82.93018217105201,23601600
2018-01-23,84.6809310913086,85.04951108137347,84.34920980325806,84.6809310913086,23412800
2018-01-24,84.60722351074219,86.09075304619397,84.38607830305827,85.27988259796666,33277500
2018-01-25,85.07718658447266,85.91569953509594,84.70860645042757,85.20618857687624,26383200
2018-01-26,86.6712646484375,86.6712646484375,85.30752762197002,85.80510962786911,29172200
2018-01-29,86.54228973388672,87.95210234282888,86.35800316895798,87.66645605816478,31569900
2018-01-30,85.4549560546875,86.3026922729121,84.86523079075367,85.97097093318936,38635100
2018-01-31,87.54664611816406,87.90600974077398,86.16447617579365,86.38562139815055,48756300
2018-02-01,86.85554504394531,88.52336088223336,86.22896117170296,87.34391054156036,47227900
2018-02-02,84.57035064697266,86.58832054074902,84.31234677618592,86.28424153728827,47867800
2018-02-05,81.08731079101562,85.91568960151264,81.08731079101562,83.44621212803759,51031500
2018-02-06,84.15569305419922,84.29391140650888,78.55329781052336,80.06446919426683,67998600
2018-02-07,82.5708236694336,84.56114450783531,82.1930272197375,83.38169408062258,41107600
2018-02-08,78.3321762084961,82.8196165810151,78.10181456210134,82.66297234868574,55628700
2018-02-09,81.25316619873047,81.94425118895667,77.24487466143458,79.52084902072565,63499100
2018-02-12,82.12853240966797,82.72747410190988,81.0227993086672,81.76916880033873,35720300
2018-02-13,82.77354431152344,82.93018853598352,80.90300896158003,81.94424102014776,26407700
2018-02-14,84.06963348388672,84.2362732822564,81.84777892309543,81.94035501927785,34960900
2018-02-15,85.78231048583984,85.83785472279509,83.8937287352358,84.43993256690193,27823900
2018-02-16,85.17130279541016,86.55996534098749,84.98615061457436,85.58789873384217,30596900
2018-02-20,85.83785247802734,86.15261256334547,84.2547781982812,84.68989354465805,30911700
2018-02-21,84.69912719726562,86.43032846724303,84.69912719726562,86.07853661618424,26922500
2018-02-22,84.92134094238281,85.84711591060059,84.57880166142533,85.2175886496884,24392800
2018-02-23,87.07839965820312,87.08765938644807,85.50458488551463,86.65254397927687,26329200
2018-02-26,88.33743286132812,88.36520497621926,87.25427800196532,87.39314563952242,30199800
2018-02-27,87.20802307128906,88.72629387004443,87.20802307128906,88.63371776048216,25869100
2018-02-28,86.80992889404297,88.60593486633495,86.68032094378515,87.80050797850117,31167300
2018-03-01,85.95819854736328,87.55053251462893,85.0231639153104,87.01358137439247,37135600
2018-03-02,86.14336395263672,86.23594003719774,84.11591450416884,84.78247361397212,32830400
2018-03-05,86.6895980834961,87.27283397679479,85.41203071874922,85.48608737441057,23901600
2018-03-06,86.39332580566406,87.47648089923753,86.04153383580599,87.33761323165307,22175800
2018-03-07,86.89323425292969,86.96729794141567,85.5693758394268,86.24519463643264,26716100
2018-03-08,87.42094421386719,88.04121184450862,86.80992924892232,87.27281680547925,25887800
2018-03-09,89.37432098388672,89.37432098388672,87.948626610212,88.21710221269973,36937300
2018-03-12,89.58724212646484,89.99458537976568,88.91143034323676,89.33728598845917,26073700
2018-03-13,87.40242004394531,90.0223578931237,86.99507678886201,89.80017387357947,35387800
2018-03-14,86.88398742675781,88.32820131426496,86.55996757039833,88.05972570096621,32132000
2018-03-15,87.18949890136719,87.5598103527173,85.93970393327606,86.58774367581118,27611000
2018-03-16,87.57830810546875,88.3004114301727,86.94878086234952,87.65237179597743,49081300
2018-03-19,85.99524688720703,86.93028169862318,85.27314345262751,86.78215429506669,33344100
2018-03-20,86.21742248535156,86.80991791534215,86.09707427907627,86.14336585392974,23075200
2018-03-21,85.61567687988281,87.06914337744331,85.36571366937142,86.03227281326464,24457100
2018-03-22,83.12533569335938,84.9398537933062,83.00498748955715,84.49547869839355,38604700
2018-03-23,80.70906066894531,83.74560138408249,80.61648458628427,82.85685827695227,44068900
2018-03-26,86.81917572021484,87.0228473440953,83.6900588584313,83.8844707549256,56396800
2018-03-27,82.82910919189453,88.07825293891327,81.94036583761921,87.89310072210337,56569000
2018-03-28,82.75503540039062,84.45846525260266,82.27363545745665,83.15311897483936,52501100
2018-03-29,84.4954833984375,85.43977787898963,81.8385135978767,83.486392011782,45867500
2018-04-02,81.94962310791016,84.13445329190336,81.01459517845815,83.75488910718927,48515400
2018-04-03,83.05126953125,83.36603668560149,81.36635941259856,82.93092133102571,37213800
2018-04-04,85.4768295288086,85.87491316418098,81.21826484119283,81.32935334950774,35560000
2018-04-05,85.52308654785156,86.16187351764043,84.61583106057401,85.57863784724773,29771900
2018-04-06,83.53266906738281,85.59714305829377,82.83833791954159,84.69914031032285,38026000
2018-04-09,84.0325927734375,86.25445416308663,83.89373217535532,84.2825559761907,31533900
2018-04-10,85.98599243164062,86.35630390013716,84.83803323609474,85.53236459086185,26812000
2018-04-11,85.04170227050781,86.36556096190206,84.68991027100788,85.18056994979322,24872100
2018-04-12,86.634033203125,87.17098444170459,85.56939045438362,85.56939045438362,26758900
2018-04-13,86.17113494873047,87.18948599183564,85.57863953953827,87.06913778978493,23346100
2018-04-16,87.18022155761719,87.6338563488365,86.48589037529192,87.0876454792609,20288100
2018-04-17,88.93919372558594,89.37430905557619,87.83751934225758,87.94861487218124,26771000
2018-04-18,89.28175354003906,89.54096943978858,88.43003507401465,89.078081886492,21043300
2018-04-19,88.97623443603516,89.8649775746885,88.26338374174587,89.28174187644485,23552500
2018-04-20,87.9486312866211,88.97624217512356,87.06914779899617,88.79108998712985,31154400
2018-04-23,88.27265167236328,89.14288249993845,87.60609249065493,88.63370338527143,22331800
2018-04-24,86.2081527709961,89.30949696903667,85.55085350406998,89.09656565516704,34524800
2018-04-25,85.45828247070312,86.37480474694584,83.57896047217075,86.37480474694584,33729300
2018-04-26,87.26354217529297,88.08748125352814,86.1896399240955,86.60624285799871,42529000
2018-04-27,88.70775604248047,90.63336964699688,86.93952954851477,90.3556343348273,48272800
2018-04-30,86.57846069335938,89.24469677648216,86.23592851992042,89.17989281963412,41523600
2018-05-01,87.9486312866211,88.21710690338422,85.90266923794682,86.29149307059552,31408900
2018-05-02,86.56922149658203,88.10600431079031,86.27297378160799,87.9393645296735,27471000
2018-05-03,87.08765411376953,87.88382118015518,85.5878960685332,86.06004329699509,31142500
2018-05-04,88.09676361083984,88.29117553802902,86.02302226128133,86.39333372106702,22531300
2018-05-07,89.07806396484375,89.5316916981399,88.04119351135047,88.10599747324991,24242000
2018-05-08,88.6985092163086,89.02253614866979,88.00417789799761,88.73554106752425,23484600
2018-05-09,89.74464416503906,89.77241628909086,87.9949297187385,88.88367300391468,27327400
2018-05-10,90.64263153076172,90.67965631436965,89.84646448424272,90.2260285525957,22388100
2018-05-11,90.44822692871094,90.60561406799187,89.83721901874483,90.54081009173632,16778300
2018-05-14,90.75371551513672,91.3647303609583,90.08715643355033,90.65187970749979,19454100
2018-05-15,90.09642791748047,90.58708756570294,89.1891652573517,90.02236421806116,24594000
2018-05-16,90.3288803100586,90.56132724493074,89.83609394312444,90.5241348841051,17384700
2018-05-17,89.4269790649414,90.69149087326245,89.10155479670813,89.96625762013771,17246700
2018-05-18,89.59435272216797,90.12433148292072,89.26892841183171,89.26892841183171,17865800
2018-05-21,90.74728393554688,91.12850032204015,90.00345798395541,90.18941269842387,19422500
2018-05-22,90.65428924560547,91.27724522305772,90.37535013351709,90.82165129411524,15441200
2018-05-23,91.73285675048828,91.79794160493324,89.55714987071059,89.91976650172069,21251200
2018-05-24,91.40742492675781,91.99319570754592,90.01274340102167,91.79794114518891,26649300
2018-05-25,91.45391082763672,92.03038170550326,90.98901701785562,91.3981258404523,18363900
2018-05-29,91.12847900390625,91.93738962570099,90.40324585593194,90.97040973049657,28671000
2018-05-30,92.00249481201172,92.28143397385296,91.03552179672188,91.40743122088679,22158500
2018-05-31,91.90023040771484,92.96948788559052,91.68638316837084,92.3186392088237,34140900
2018-06-01,93.71329498291016,93.77837983250028,92.2070364861888,92.30931369178994,28655600
2018-06-04,94.53153228759766,94.70819425521834,93.76910650788743,94.15032294460184,27281600
2018-06-05,95.01502227783203,95.14519200880896,94.40135889432511,94.8383603170555,23514400
2018-06-06,95.2939224243164,95.3961996206083,94.74535118394705,95.28462965644691,21122900
2018-06-07,93.7969970703125,95.47991792615377,93.33210313878965,95.44272556038572,28232200
2018-06-08,94.49432373046875,94.79185551806657,93.48085851742903,93.99223750882543,22165100
2018-06-11,93.95503997802734,94.4571190404148,93.60171614944511,93.91784762271783,23490900
2018-06-12,94.19682312011719,94.32699287691746,93.6761440929161,94.00156848491677,18325200
2018-06-13,93.76909637451172,94.8476536063696,93.49945706654724,94.57801429840514,29492900
2018-06-14,94.299072265625,94.8662433628064,93.90856311161347,94.51292657018422,25691800
2018-06-15,93.09963989257812,94.40134409195518,93.04385490054048,94.38275145918169,65738600
2018-06-18,93.77835845947266,94.01080531127707,92.43946232309041,92.98804058208061,23586000
2018-06-19,93.77835845947266,93.90852812898594,92.51384701815941,92.65331654798506,28653100
2018-06-20,94.71747589111328,95.32183222329857,94.02013511362205,94.25258203945246,26180800
2018-06-21,94.03873443603516,95.2660540079782,93.7969876297337,94.91273720932047,23198200
2018-06-22,93.3599853515625,93.69470239372009,92.63474499468923,93.3599853515625,38923100
2018-06-25,91.4818115234375,93.08104750746577,90.46834633223192,92.97877029264649,35433300
2018-06-26,92.12335968017578,93.05314730611123,91.81652806112508,91.88161291119191,26897200
2018-06-27,90.6915054321289,92.99737526896178,90.56133570393922,92.58827344910198,31298400
2018-06-28,91.70496368408203,92.15126492753367,90.43115900023676,90.54272899081147,26650700
2018-06-29,91.68635559082031,92.8950823055031,91.42601619841882,91.98388733838149,28053200
2018-07-02,92.98804473876953,93.03452985497938,91.11916998048062,91.2121473066156,19564500
2018-07-03,92.09547424316406,93.56453341348339,91.9931970289769,93.42507093388012,14670300
2018-07-05,92.75563049316406,92.90439284854779,92.07688229564462,92.51388368523304,18977400
2018-07-06,94.05733489990234,94.30837447838604,92.67194600508442,92.87650045096184,19234600
2018-07-09,94.69886016845703,95.07077660570667,94.14098905944059,94.51290549669022,18212000
2018-07-10,94.94991302490234,95.3125296243043,94.70816626072889,94.83833595827232,19293100
2018-07-11,94.81975555419922,95.15447260981747,94.00153781417097,94.04803003802435,19644600
2018-07-12,96.87457275390625,97.07912716182979,95.51708370298773,95.55426896468613,24335900
2018-07-13,98.02751159667969,98.18557379367736,96.78159246491057,97.04193896396862,24635200
2018-07-16,97.54402923583984,98.39013233870051,97.18140551322291,97.99962321430328,21786900
2018-07-17,98.51099395751953,99.02237997799105,96.99544271441121,97.26508197123106,25901700
2018-07-18,97.73927307128906,98.60397580539276,97.36735662013503,98.5016986039825,29493900
2018-07-19,97.06983947753906,97.91594261479744,96.59564575365465,97.56262583460521,40171600
2018-07-20,98.80854034423828,100.60303097228325,98.63188549676605,100.49146098308343,56004000
2018-07-23,100.38916778564453,100.54722997433173,98.67835492179674,98.83642420420033,29707000
2018-07-24,100.10094451904297,101.17949453356397,99.72902803021204,100.94704761475926,26316600
2018-07-25,103.04837799072266,103.34590978684614,100.04516043827711,100.37988459563071,30702100
2018-07-26,101.92330169677734,103.20640580986522,101.81172465027245,102.96465908929555,31372100
2018-07-27,100.11953735351562,102.44400654625724,98.68766347954075,102.44400654625724,37005300
2018-07-30,97.97173309326172,99.98007084863401,97.40456202534573,99.66394643371282,34668300
2018-07-31,98.63186645507812,99.22692992832042,97.9810109042895,99.01307566744453,27655200
2018-08-01,98.81782531738281,98.97588750740972,98.01820741126069,98.58537841661979,23628700
2018-08-02,100.01725769042969,100.50074414943573,97.47893427292667,97.99962018306799,26104300
2018-08-03,100.45426177978516,100.4635616428242,99.31991967540115,100.23111472286737,18659600
2018-08-06,100.53795623779297,100.80759556170672,100.0079774545744,100.52866346690224,20265900
2018-08-07,101.23528289794922,101.43983732830925,100.57513447778918,100.93775111571206,16080200
2018-08-08,101.80245971679688,102.04420652030689,101.12371862540793,101.6536973641337,15487500
2018-08-09,101.96981048583984,102.42541154455408,101.90472563369735,102.00700284330938,13677200
2018-08-10,101.34687805175781,101.98843395345152,100.77040701735777,101.73738725551985,18183700
2018-08-13,100.61233520507812,101.88614702225952,100.51005798139184,101.57001548712434,18472500
2018-08-14,101.8675537109375,102.04421567092713,100.45427931217529,100.93776586883338,16788300
2018-08-15,100.4861831665039,101.72755448744365,99.70215205331425,101.2608715051456,29982800
2018-08-16,100.46748352050781,101.60619081548182,100.15014260014597,101.08350830146694,21384300
2018-08-17,100.4114990234375,100.71017580813213,99.5808039934738,100.20615739876939,18061500
2018-08-20,99.7488021850586,100.7101677866911,99.38479010523689,100.3461557068694,17914200
2018-08-21,98.91812133789062,100.19682806502534,98.7967792132895,99.79548044268707,22881900
2018-08-22,99.9261474609375,100.18748876438362,98.73144029031724,98.79677561617876,18000600
2018-08-23,100.39282989501953,100.97151929335413,99.74881229216487,100.0101535943107,18167700
2018-08-24,101.1768569946289,101.32619182390779,100.39282599761235,100.49549680818613,17234000
2018-08-27,102.29690551757812,102.33424100967017,101.27954006188396,101.9888930485816,19662300
2018-08-28,102.91290283203125,103.13690860343957,102.47421981897095,102.6142260964818,19151500
2018-08-29,104.55562591552734,104.56496156670936,102.9222358884308,103.09024200462993,20818000
2018-08-30,104.49030303955078,105.10632791262788,104.01429158782712,104.22896174346337,22798700
2018-08-31,104.84498596191406,105.26499773928691,104.08895479322027,104.24763239715365,23222700
2018-09-04,104.26628875732422,104.4996301985825,102.8755757613093,103.46359362971451,22634600
2018-09-05,101.2608413696289,103.99560311686322,100.89682932144883,103.6129268881933,32872400
2018-09-06,101.49417114257812,101.72751253750286,100.34613546731642,101.03682400240963,23477600
2018-09-07,100.99951934814453,101.47553793294827,100.08482478865734,101.01819065320467,22498600
2018-09-10,102.09154510498047,102.33422219846096,101.13951515519649,101.58752673591283,20727900
2018-09-11,103.8276138305664,104.15429044967993,101.63420553535703,101.64354118762205,24301800
2018-09-12,104.26628875732422,104.3969593947476,103.14625268769078,104.00494748247746,18891100
2018-09-13,105.38634490966797,106.15170464628771,104.64898501008045,104.64898501008045,26055600
2018-09-14,105.81566619873047,106.15167840207717,104.94763586025397,105.80633054835563,19122300
2018-09-17,104.66763305664062,106.12368132595441,104.40629178994487,106.1143527957263,20736500
2018-09-18,105.66629791259766,106.1236449726482,104.27558543635492,104.71426832132734,22170900
2018-09-19,104.25694274902344,105.76899770173685,103.64092510822424,105.51699210345876,21728400
2018-09-20,106.00237274169922,106.21705004766939,104.47165312327172,104.79832978799395,23714500
2018-09-21,106.64636993408203,107.60773549328778,105.9463456390081,106.40369285123876,71229700
2018-09-24,107.02906036376953,107.24373764262364,104.74231687853698,105.49834093868836,27334500
2018-09-25,106.8237075805664,107.43039674420885,106.17035440188411,107.15039129092311,22668000
2018-09-26,106.38504791259766,107.39307766786222,106.16103497052406,106.8423952075521,19352000
2018-09-27,106.78638458251953,107.25306748246024,106.59037149805042,107.13172537102547,19091300
2018-09-28,106.7490463256836,106.9357166324091,106.10502166175387,106.58104020122435,21647800
2018-10-01,107.90641784667969,107.97175316610678,107.08505852802273,107.10372271028086,18883100
2018-10-02,107.4770736694336,108.1210912313912,106.81438480364189,107.61707996412558,20787200
2018-10-03,107.49574279785156,108.43844429639849,107.27173698864804,107.72908425940166,16648000
2018-10-04,105.27434539794922,107.11307744209563,104.19163748770417,106.97307112666505,34821700
2018-10-05,104.65829467773438,105.62899587231642,103.26758176134007,105.12497753353256,29068900
2018-10-08,103.46359252929688,104.56496440516258,102.05420824520246,104.21962363322334,29640600
2018-10-09,104.77964782714844,105.54500750652726,103.41693459903571,103.7342755563561,26198600
2018-10-10,99.08610534667969,104.07027472718592,98.74075747684466,103.82759765322035,61376300
2018-10-11,98.85276794433594,101.67152931745561,97.25670627854218,98.33007829291792,63904300
2018-10-12,102.26889038085938,103.82760955720133,99.98214702016686,101.74620781179044,47742100
2018-10-15,100.43013763427734,102.1848695284361,99.8234485670632,101.65285141863602,32068100
2018-10-16,103.60358428955078,103.98626761357215,101.69018191147306,102.24087133269646,31610200
2018-10-17,103.33291625976562,104.35961711020549,102.25021574579738,104.23828213222225,26548200
2018-10-18,101.27018737792969,103.16491877660584,100.6448340128425,102.76357120538263,32506200
2018-10-19,101.41950225830078,103.47290358298993,100.99948349574126,101.67150781902538,32785500
2018-10-22,102.32490539550781,103.17427181863799,101.02752730913596,102.0355642329552,26545600
2018-10-23,100.89684295654297,101.70887377738208,98.1060811696834,100.58883052922302,43770400
2018-10-24,95.5019760131836,101.26084054494149,94.82061593410472,101.18617670257512,63897800
2018-10-25,101.08352661132812,101.98888552394978,99.0767885657926,99.45013633815073,61646800
2018-10-26,99.83280944824219,101.5035351573074,97.77940744748936,98.64743796402009,55523100
2018-10-29,96.93002319335938,101.45684525875849,94.85795027112758,100.90616293274972,55162000
2018-10-30,96.81803894042969,97.42472102222159,93.43925213294219,96.75270361834366,65350900
2018-10-31,99.69279479980469,100.93417297279792,98.36741712628583,98.4140882628105,51062400
2018-11-01,98.86209869384766,100.1688121702038,98.49808662042913,99.91680655053541,33384200
2018-11-02,99.08610534667969,100.16880584719162,97.9847335445469,99.38478208347765,37680200
2018-11-05,100.3461685180664,100.56083868433453,98.84344887012323,99.28213197643188,27922100
2018-11-06,100.54216003417969,101.58752511989901,99.19811107137991,100.22481197528948,24340200
2018-11-07,104.4996337890625,104.76097507288863,102.11021962720545,102.14755511361145,37901700
2018-11-08,104.3036117553711,104.73295910136359,103.519588024693,104.35028288644162,25644100
2018-11-09,102.26889038085938,104.02361552060218,101.51286636188239,103.46359746502604,32039200
2018-11-12,99.7488021850586,102.63289898995612,99.03010655596344,102.12888062073783,33621800
2018-11-13,99.81412506103516,101.49417896130976,99.53411251714866,100.38347867819353,35374600
2018-11-14,98.3986587524414,101.48269870307013,97.9299598022263,101.33271160614767,39495100
2018-11-15,100.5640640258789,101.05151502834465,97.40503710018935,98.41742158265718,38505200
2018-11-16,101.51081848144531,102.06387980431899,100.11409762625911,100.37656789147226,33502100
2018-11-19,98.07058715820312,101.76393063430896,97.06757152471388,101.49208433995287,44773900
2018-11-20,95.34273529052734,96.52385859424842,93.13047577323685,95.42710481668217,64052500
2018-11-21,96.65510559082031,97.8924706293991,95.83956677947879,97.11442859519983,28130600
2018-11-23,96.61759948730469,97.3112719180298,95.61458403885062,95.77393996248858,13823100
2018-11-26,99.80476379394531,99.95474375139806,98.03308218887473,98.22993490590713,32336200
2018-11-27,100.43283081054688,100.61093873625205,98.7642633542979,99.617291897443,29124500
2018-11-28,104.1636734008789,104.36052613223978,101.1077537697491,101.13587456683214,46788500
2018-11-29,103.29187774658203,104.16365808688634,102.20449274070636,103.42311288152862,28123200
2018-11-30,103.94804382324219,104.02303736536668,102.51382630105591,103.76993594864098,33665600
2018-12-03,105.07293701171875,106.31967805182565,103.79808232804372,105.92597261340634,34732800
2018-12-04,101.7264175415039,105.58849948617492,101.43582647941535,104.93232381314321,45197000
2018-12-06,102.35450744628906,102.40137306325165,98.42680686473606,99.1954730703704,49107400
2018-12-07,98.258056640625,102.59820674267412,97.77061283451825,101.59519118337643,45044900
2018-12-10,100.85466766357422,101.22025953671185,97.38629722698386,98.23933301133731,40801500
2018-12-11,101.79203796386719,104.00429765467842,100.71403606390481,102.92629575471605,42381900
2018-12-12,102.25137329101562,104.30427000232322,102.21387651363288,103.94806134485563,36183000
2018-12-13,102.59820556640625,103.92931612708041,101.82953951250266,102.72007188037007,31333400
2018-12-14,99.3923110961914,102.4201098530539,98.89549128897698,101.47333584864225,47043100
2018-12-17,96.44886779785156,99.17669907555579,95.34273800768293,98.81111447261497,56957300
2018-12-18,97.46125793457031,97.96745364386338,96.10202672856721,97.25502925836444,49319200
2018-12-19,97.19878387451172,100.1890781072537,95.00526921999932,97.16128710286951,68198200
2018-12-20,95.15528869628906,97.77999923866203,92.59618858690057,96.59888271289536,70334200
2018-12-21,92.08060455322266,96.55198966571635,91.35880412062843,95.26775188872614,111242100
2018-12-24,88.23726654052734,91.83687839078392,88.09666256932024,91.56503212681886,43935200
2018-12-26,94.26473999023438,94.38660630659581,88.0779146600482,89.18404457906475,51634800
2018-12-27,94.84593963623047,94.85531561968854,90.36517788178269,93.08363379044923,49498500
2018-12-28,94.10540008544922,95.99894836107411,93.28986111702301,95.6989740861566,38196300
2018-12-31,95.21151733398438,95.98955941296578,94.15226013791842,94.94904703066037,33173800
2019-01-02,94.78968811035156,95.38024627431369,92.74616018911574,93.31797353990505,35329300
2019-01-03,91.30255889892578,93.91789995567423,91.11507502373428,93.83353042389341,42579100
2019-01-04,95.54900360107422,96.09269630075197,92.73680886012447,93.47735433345495,44060600
2019-01-07,95.67085266113281,96.80510356158211,94.65846809701809,95.27714715554485,35656100
2019-01-08,96.364501953125,97.46125572247769,95.34273457650848,96.5894754348896,31514400
2019-01-09,97.74248504638672,98.31429839111784,96.77696626318537,97.35815559029315,32280800
2019-01-10,97.11441802978516,97.25502914082632,95.97079148259165,96.75820941335529,30067600
2019-01-11,96.364501953125,96.9644360056826,95.27711701300305,96.73008654290922,28314200
2019-01-14,95.66146087646484,96.4301268870416,94.92091565928575,95.52084975769793,28437100
2019-01-15,98.43616485595703,98.47366163374141,95.50210457239687,96.09266988277689,31587600
2019-01-16,98.78299713134766,99.60791193567613,98.38929169388855,98.67051395023309,29853900
2019-01-17,99.47666931152344,99.95473709887888,98.20180757501853,98.42678107211395,28393000
2019-01-18,100.96712493896484,101.14523282498504,99.27981304365244,100.73277546863437,37427600
2019-01-22,99.06421661376953,100.3953199993991,98.29555057330101,100.06723214403672,32371300
2019-01-23,100.02974700927734,100.33909008824098,98.74550908107595,99.47668558183904,25874300
2019-01-24,99.5516586303711,100.30157984506438,98.74549582769838,100.17034470525986,23164800
2019-01-25,100.46092987060547,101.1264815124088,99.55165277559385,100.52654743664866,31225600
2019-01-28,98.50176239013672,99.81412073848992,98.10805703116407,99.60789207852014,29476700
2019-01-29,96.4957504272461,98.39866718388932,95.77394997707032,98.31429764669649,31490500
2019-01-30,99.72040557861328,99.72040557861328,97.79874379791796,98.07059010042974,49471900
2019-01-31,97.89247131347656,98.63301657570854,96.72072383876377,97.30191316086177,55636400
2019-02-01,96.34576416015625,97.58312921950115,95.94268273883591,97.28316214910781,35535700
2019-02-04,99.1204605102539,99.17670925232467,96.33638736234836,96.4301328818733,31315100
2019-02-05,100.5078125,100.55467810790466,99.32668904340562,99.42042741099397,27325400
2019-02-06,99.3923110961914,100.30158832152168,98.92361208534318,100.30158832152168,20609800
2019-02-07,98.67986297607422,98.97982998514242,97.76121713970558,98.60487658764039,29760700
2019-02-08,99.05484008789062,99.15795443497828,97.73311269160706,97.854971850993,21461100
2019-02-11,98.66111755371094,99.90785833281153,98.39864731637978,99.55164259490988,18914100
2019-02-12,100.19847869873047,100.43282821522142,98.87675114464692,99.4954301492576,25056600
2019-02-13,100.12347412109375,101.03275128932158,100.02973575516673,100.77028100401435,18394900
2019-02-14,100.20783996582031,100.57342458571573,99.04546853722407,99.65477146919734,21784700
2019-02-15,101.44519805908203,101.52019160468254,100.6390353233219,101.15460700960273,26606900
2019-02-19,101.39834594726562,101.8576761437431,101.03276127776206,101.04213726081538,18038500
2019-02-20,100.87114715576172,101.61485501827724,100.06154149187505,101.53954119318972,21607700
2019-02-21,102.99871063232422,103.06460843024237,100.60755067850327,100.63579156585087,29063200
2019-02-22,104.46729278564453,104.68381104052392,103.38467996428398,103.60120540148456,27763200
2019-02-25,105.05097198486328,105.60640250975152,104.74031500151865,105.21101567107854,23750600
2019-02-26,105.7758560180664,106.60428661853098,104.65558611579178,104.74031597190512,21536700
2019-02-27,105.59698486328125,105.7758534133096,104.38257629259203,105.14511624954515,21487100
2019-02-28,105.46519470214844,106.2653844329929,105.18277859955055,105.47461072693179,29083900
2019-03-01,105.93589782714844,106.3971824996349,105.12629205288579,106.27480290392455,23501200
2019-03-04,105.68171691894531,106.61370223872365,104.3072718181879,106.39717676931946,26608000
2019-03-05,105.15453338623047,105.80410264982726,104.71208076188998,105.67230702856453,19538300
2019-03-06,105.20159149169922,106.05827009140553,104.90034337382569,105.31456222927241,17687000
2019-03-07,103.92127227783203,105.01330105833635,103.43174684050577,104.87208944950275,25339000
2019-03-08,104.03427124023438,104.22254864823766,102.42447570014129,102.76338078040538,22818400
2019-03-11,106.21829986572266,106.33126341383046,104.47670906995579,104.48611791075064,26491600
2019-03-12,106.96202850341797,107.31034242098585,106.04886800606603,106.20890451858763,26132700
2019-03-13,107.7904281616211,108.26112872127884,107.11261820654268,107.44210716183898,35513800
2019-03-14,107.87518310546875,108.44943853473053,107.63042391245297,107.82811734480696,30763400
2019-03-15,109.11783599853516,110.37931038398015,107.87517929790344,108.58123032381376,54681100
2019-03-18,110.68057250976562,110.71822943111438,109.24964541012969,109.3626089918526,31207600
2019-03-19,110.75586700439453,111.49957491088571,110.13453868416565,111.17007870222501,37588700
2019-03-20,110.63346862792969,111.79139529308154,109.87093593522077,110.51108905450769,28113300
2019-03-21,113.17527770996094,113.74011711475802,110.22868672469288,110.2757596677271,29854400
2019-03-22,110.1910171508789,112.58216996128607,110.18160112750273,112.49744729786472,33624500
2019-03-25,110.7652816772461,111.09477069956468,109.50380018595521,109.72973448949911,27067100
2019-03-26,111.0006332397461,111.75374998737756,110.00274295520931,111.66902731597688,26097700
2019-03-27,109.92741394042969,111.28303395415257,108.75066245138444,110.97236983728756,22733400
2019-03-28,110.07804870605469,110.68996095644353,109.3249248313728,110.55816535572244,18334800
2019-03-29,111.02888488769531,111.38661483880622,110.10630834323075,111.15126448568313,25399800
2019-04-01,112.04557800292969,112.13030785355525,111.17949054276743,111.97968020014173,22789100
2019-04-02,112.20561981201172,112.47862704253673,111.57487550174693,112.08323305007055,18142300
2019-04-03,112.93990325927734,113.37294694995902,112.16795456157155,112.83634855255768,22860700
2019-04-04,112.36566162109375,113.1846833514219,111.44308517144864,113.06229658368981,20112800
2019-04-05,112.86461639404297,113.18469661370644,112.37509081272123,112.39391568102008,15826200
2019-04-08,112.90225982666016,112.98698249736907,111.68785127024483,112.7892890833929,15116200
2019-04-09,112.29034423828125,112.53511058367691,111.63136621104887,111.678431965953,17612000
2019-04-10,113.14704132080078,113.29766181632475,112.53512894861277,112.74223841449084,16477200
2019-04-11,113.27882385253906,113.76834938430574,112.89284585941817,113.47651727011727,14209100
2019-04-12,113.86248779296875,113.89073586597034,113.31648048108116,113.5706556795183,19745100
2019-04-15,113.95662689208984,114.45556841726909,113.50475112113556,113.85307217754452,15792600
2019-04-16,113.69303131103516,114.52146904786115,113.06229416673129,114.51205302385489,14071800
2019-04-17,114.63443756103516,114.70975139169649,113.47651793948653,114.13549600196768,19300900
2019-04-18,116.14067840576172,116.28188285179064,114.19197804502296,115.0298246089629,27991000
2019-04-22,116.5078353881836,116.73376970559575,115.38756546121412,115.43463840257279,15648700
2019-04-23,118.08937072753906,118.22116632307522,116.57371419655185,116.82788936442266,24025500
2019-04-24,117.6845703125,118.47534390180851,117.22327853641526,118.41886212609259,31257000
2019-04-25,121.58197784423828,123.67188997730464,121.28073688374248,122.43865651488102,38033900
2019-04-26,122.27864074707031,122.87172829111775,121.45962603549773,122.09977216301493,23654900
2019-04-29,122.16565704345703,122.5516206792959,121.77027020075857,122.28802945083025,16324200
2019-04-30,122.94700622558594,123.04113772967908,121.80790441830949,122.20329121064337,24166500
2019-05-01,120.38639831542969,122.99407681376249,120.21694579039679,122.88111325195528,26821700
2019-05-02,118.81427001953125,120.49937939006796,118.1647007541634,120.48055452226025,27350200
2019-05-03,121.34661865234375,121.84556017913074,119.79331229380215,119.89686700868114,24911100
2019-05-06,120.64057922363281,121.02655723094072,118.72012675876432,118.98371799189049,24239800
2019-05-07,118.16471099853516,119.72744090799695,116.94089337989868,119.04963069099296,36017700
2019-05-08,118.1552734375,118.96487909077864,117.43980647318647,118.08937563699229,28419000
2019-05-09,118.14588165283203,118.41888893446634,116.32897657199356,117.00678676331695,27235800
2019-05-10,119.68035125732422,120.43347521162157,116.5643150815055,117.59044628967759,30915100
2019-05-13,116.12185668945312,118.19294399744422,115.83002456526664,116.83732373638259,33944900
2019-05-14,117.4210205078125,118.50362656304151,116.45137086151183,116.61141458632586,25266300
2019-05-15,119.07452392578125,119.72649753637249,116.8823888160526,117.41152984868205,24722700
2019-05-16,121.82415008544922,122.2493603372447,119.49028762464572,119.76430544101962,30112200
2019-05-17,121.01156616210938,123.26984329748633,120.8698246006184,121.2383295919873,25770500
2019-05-20,119.26351928710938,120.55800857170571,118.82887256588862,119.54698077890976,23706900
2019-05-21,119.90603637695312,120.5013119693676,119.60367314143826,120.4068248099395,15293300
2019-05-22,120.63362121582031,121.17221327837409,119.54700062789713,119.6414950164285,15396500
2019-05-23,119.22573852539062,119.3296765819423,117.86510011883023,119.24463307707754,23603800
2019-05-24,119.28242492675781,120.3973908662184,119.02730883952688,119.91550412268118,14123400
2019-05-28,119.20684051513672,120.94542757626915,119.10290246160062,119.98164687219082,23128400
2019-05-29,118.0540771484375,118.47927302971065,117.203678176982,118.46982214977527,22763100
2019-05-30,118.80052185058594,118.82886727761367,117.90287581089494,118.35642427006309,16829600
2019-05-31,116.8635025024414,117.75169766247153,116.52334296068129,117.3831926937161,26646800
2019-06-03,113.2351303100586,117.515469776586,112.45088043978498,117.02412503899204,37983600
2019-06-04,116.3721923828125,116.48557411752446,114.00052590998546,114.59580164395292,29382600
2019-06-05,118.89501190185547,118.9328082084477,117.36429392495742,118.06350757464293,24926100
2019-06-06,120.77532958984375,120.91706393321927,118.67768149282898,119.47138949038697,21459000
2019-06-07,124.15802764892578,124.96118660025107,121.19108587460039,122.06983744398833,33885600
2019-06-10,125.29190063476562,126.69032800353922,124.72496321665386,125.10291188351674,26477100
2019-06-11,124.81945037841797,126.84150590668762,124.04463691296623,126.50134635904335,23913700
2019-06-12,124.2430419921875,124.6965831500043,123.50603220405516,124.15799131062342,17092500
2019-06-13,125.02733612060547,125.66985175035552,124.30921345462866,124.7060638879127,17200800
2019-06-14,125.15015411376953,126.41629795720375,124.3847987221088,124.97062345788528,17821700
2019-06-17,125.52812194824219,126.35961189752777,125.22575148099838,125.32024585646643,14517800
2019-06-18,127.71077728271484,127.78636988223545,126.20841221400474,126.79423683802183,25934500
2019-06-19,128.21157836914062,128.4383417724038,126.4351881485629,127.55960474912793,23744400
2019-06-20,129.4021453857422,130.07302084437706,128.23993954780408,129.8745884243304,33042600
2019-06-21,129.42103576660156,130.13914393171098,128.9391491000195,129.0525308056115,36727900
2019-06-24,130.1864013671875,130.77222611596807,129.44939138716768,129.44939138716768,20628800
2019-06-25,126.07612609863281,130.0068551330658,125.41470881346753,129.6855973685306,33327400
2019-06-26,126.54857635498047,128.25883214345467,126.23677665946667,126.94544116672158,23657700
2019-06-27,126.75642395019531,127.28557210768605,126.1516976165904,126.74698028263431,16557500
2019-06-28,126.57695007324219,127.18167660900198,125.82103829908797,127.15333117903027,30043000
2019-07-01,128.2021484375,129.16593636647931,127.5312873317599,129.09980183194182,22613500
2019-07-02,129.05255126953125,129.06199494055605,127.88088726063043,128.61789729947856,15237800
2019-07-03,129.88401794433594,130.1485848343281,128.77848878952298,129.26038981029123,13629300
2019-07-05,129.50611877441406,129.76124212186616,128.2399745457309,128.44785069286647,18141100
2019-07-08,129.41159057617188,129.5438740370799,127.9092109056542,128.88244231472385,16779700
2019-07-09,128.93914794921875,129.4210346114999,128.3155197383966,128.50449405196866,19953100
2019-07-10,130.25254821777344,130.94231099971086,129.46829106337688,129.57222910595513,24204400
2019-07-11,130.7722625732422,131.54707628598644,130.27147397074017,130.5832881904186,22327900
2019-07-12,131.24465942382812,131.4619935843096,130.40371146188022,131.19742665815627,18936800
2019-07-15,131.24465942382812,131.84938588615228,130.82892169545588,131.75490593699246,16651500
2019-07-16,129.52499389648438,131.3864207470772,128.9958599645466,131.30138445469115,22726100
2019-07-17,128.7596435546875,130.32814365313237,128.71239636220844,130.11082386911139,20211000
2019-07-18,128.9013671875,129.0903415344269,127.24781642070725,128.0793208485678,30381800
2019-07-19,129.09031677246094,132.91710783940832,128.9296878874938,132.49191203592878,48992400
2019-07-22,130.80052185058594,131.51864421723317,129.76115622078285,129.83674880768316,25074900
2019-07-23,131.61314392089844,132.2745755512463,130.4225929383373,132.05724142455992,18034600
2019-07-24,132.96437072753906,132.9832724861843,131.19743836637144,131.2446711362584,20738300
2019-07-25,132.46360778808594,132.8604582892202,131.64156135129497,132.6903712642654,18356900
2019-07-26,133.55020141601562,133.87145923816422,132.5675261900852,132.63366072155435,19037600
2019-07-29,133.25729370117188,133.71083501999496,131.68877921871126,133.7013913488302,16605900
2019-07-30,132.6147918701172,133.43683829958968,132.09510154546558,132.41635941240654,16846500
2019-07-31,128.7596435546875,132.74706438056245,127.63522669565286,132.59587913175704,38598800
2019-08-01,130.45098876953125,133.17226568730405,129.383262730968,129.44941168668973,40557500
2019-08-02,129.35491943359375,130.69667057112918,127.80530658934829,130.47933635687193,30791600
2019-08-05,124.92339324951172,126.54858402019862,123.57219867657088,125.95331560216337,42749600
2019-08-06,127.2667236328125,128.20215173641057,125.86829610426304,126.4257754978161,32696700
2019-08-07,127.8241958618164,128.17379911990372,124.564341562481,126.41631032284542,33414500
2019-08-08,131.2352294921875,131.3297238690553,128.4383603000221,129.07144667296456,27496500
2019-08-09,130.12030029296875,131.69825870294383,128.93919240366216,130.97069220614114,23466700
2019-08-12,128.3060302734375,130.26195070601162,127.78635464265686,129.51549730371426,20484300
2019-08-13,130.96124267578125,131.15021704605365,127.55964633959722,128.5517798058026,25154600
2019-08-14,127.01732635498047,129.80454281633897,126.72343874246538,129.27364719814128,32527300
2019-08-15,126.73297882080078,127.58621675813693,125.37729927694247,127.40608826694948,28074400
2019-08-16,129.05567932128906,129.3685318075627,127.71894991607321,127.87063860017483,24449100
2019-08-19,131.2171630859375,131.34988703837868,129.77614984098642,130.68626727617286,24355700
2019-08-20,130.12693786621094,131.50159658631023,130.10798763129776,131.0275803285734,21170800
2019-08-21,131.57740783691406,132.24104207649128,130.82846862064343,131.34988932352863,14970300
2019-08-22,130.61993408203125,131.96613867535072,129.2073602612787,131.45420742216214,18697000
2019-08-23,126.45802307128906,131.1602694640171,125.89868750752612,130.0605485663709,38508600
2019-08-26,128.41099548339844,128.5152796339874,126.94154225812755,127.97490864699186,20312600
2019-08-27,128.6859588623047,129.61502682146045,127.66208185053223,129.30217430682188,23102100
2019-08-28,128.51528930664062,128.70489292221077,126.60974910154343,127.87063412053641,17393300
2019-08-29,130.94223022460938,131.24560753566314,129.79511912352496,130.1174466671498,20168700
2019-08-30,130.69578552246094,131.9471811347557,129.1884170367622,131.918741311692,23940100
2019-09-03,128.97032165527344,130.07004271383653,128.64799411026144,129.51070706822867,18869300
2019-09-04,130.47772216796875,130.53460180542584,129.3874760753369,130.16486969612632,17995900
2019-09-05,132.7719268798828,133.08477927565767,131.54895710859697,131.88077420085588,26101800
2019-09-06,131.87132263183594,132.89518497159244,131.01808472760217,132.75298588713392,20824500
2019-09-09,130.37342834472656,132.4875366865017,129.36851624861356,132.33584802064345,25773900
2019-09-10,129.00828552246094,129.77618965903858,127.51986730942602,129.69087019182558,28903400
2019-09-11,129.0462188720703,129.18843247020897,128.06974625468092,128.84714008684153,24726100
2019-09-12,130.37342834472656,131.22665177498132,129.75719856436268,130.68628079337395,27010000
2019-09-13,130.183837890625,130.88537272585896,129.47281347167458,130.6199247667171,23363100
2019-09-16,129.24526977539062,129.5960371640373,128.610089749488,128.77125353523994,16731400
2019-09-17,130.25021362304688,130.3734625045782,129.3400958552599,129.8425665007988,17814200
2019-09-18,131.32147216796875,131.46367126337012,129.43488219594832,130.22175094410272,23982100
2019-09-19,133.73895263671875,134.97138332251706,132.79092013021048,133.00896355627552,35772100
2019-09-20,132.19363403320312,134.28877743906952,131.0654732150478,133.68203730987156,39167300
2019-09-23,131.90924072265625,132.3737818527176,131.24562086958852,131.9945601753733,17139300
2019-09-24,130.24072265625,133.37870823420513,129.76670635829112,133.06585574165274,29773200
2019-09-25,132.11781311035156,132.68663841102725,128.96086306984094,130.3544720372509,21382000
2019-09-26,132.28842163085938,132.89516172814243,131.24559477362365,132.19362707974247,17456600
2019-09-27,130.57247924804688,133.06580872336778,129.54860267033894,132.8667155836089,22477700
2019-09-30,131.80494689941406,131.98507537470854,130.61990636808378,130.8758791732826,17280900
2019-10-01,129.9468231201172,132.96155955903473,129.88045390080396,132.4022238498008,21466600
2019-10-02,127.65257263183594,129.2831897183948,126.63818536084389,129.16943044541614,30521700
2019-10-03,129.1978759765625,129.64345243653574,126.29689866070535,127.93699093725833,24132900
2019-10-04,130.94223022460938,131.06547906545327,129.33057804065876,129.6434304679981,22897700
2019-10-07,129.99424743652344,130.99915984770158,129.8994528400121,130.01321214215847,15303700
2019-10-08,128.61959838867188,130.60098331711083,128.57219385913626,129.95632800608684,25550500
2019-10-09,131.0560302734375,131.49211716338792,129.85202483532092,130.31656601149612,19749900
2019-10-10,131.87132263183594,132.4116936186059,131.0654892443642,131.29302224532535,17654600
2019-10-11,132.42115783691406,133.70100735501498,132.25051894960797,132.83829440476404,25446000
2019-10-14,132.29794311523438,132.999477932807,132.26950329645865,132.43066709146393,13304300
2019-10-15,134.21299743652344,134.421551323752,132.54445061204592,132.78145878908364,19695700
2019-10-16,133.11325073242188,133.6631113345784,132.27897747869082,133.47349325630978,20751600
2019-10-17,132.43063354492188,134.07072536412065,131.7954536434498,133.62514902840033,21460600
2019-10-18,130.26918029785156,132.7245815853816,129.4633466947506,132.49704852353594,32273500
2019-10-21,131.23611450195312,131.30248371168548,129.88991026766746,131.2550791998518,20078200
2019-10-22,129.28318786621094,132.73402560013045,129.1789037121985,131.74807816150832,27431000
2019-10-23,130.1079864501953,130.30706517577377,128.5626888349363,129.7666941690899,29844600
2019-10-24,132.66766357421875,133.12271510049607,131.46365831041138,132.14624283274097,37029300
2019-10-25,133.41659545898438,133.8052922143673,131.96610704580064,132.09883100302577,25959700
2019-10-28,136.69679260253906,138.09987648903987,136.05212305523244,136.89587130353834,35280100
2019-10-29,135.40750122070312,136.99071396453206,135.2368478264051,136.59254199894303,20589500
2019-10-30,137.09494018554688,137.4646721734494,135.36951459811922,136.06158853548897,18496600
2019-10-31,135.91941833496094,137.39834675784823,135.5591758126091,137.3699069393949,24605100
2019-11-01,136.25128173828125,136.91490183709004,135.54025710402186,136.7632131099814,33128400
2019-11-04,137.03805541992188,137.46466701058318,136.66832344590566,137.30350327481437,16912000
2019-11-05,136.95277404785156,137.48366990514822,136.43135330735407,137.43626538949806,18250200
2019-11-06,136.5735321044922,137.00963333154564,135.7582237402118,136.8674198057168,16575800
2019-11-07,136.76318359375,137.35097366798084,136.29865685775462,136.3650116203982,17786700
2019-11-08,138.3748321533203,138.4032719714833,136.2891490491808,136.49771735959473,16732700
2019-11-11,138.5170440673828,138.81093185949243,137.20875444745792,137.78705491335506,14362600
2019-11-12,139.42715454101562,139.90117081760982,138.46963240416494,138.67820072313268,18641600
2019-11-13,139.65467834472656,139.79689191254732,138.678205935507,139.11430729132968,16919200
2019-11-14,140.36566162109375,140.6974787162004,139.36074968618794,139.37971438283478,19729800
2019-11-15,142.17642211914062,142.19538681782998,140.5647699103843,141.19046030886685,23485700
2019-11-18,142.52719116210938,142.72628433612678,141.23786648674812,142.27123282300715,21534000
2019-11-19,142.57456970214844,143.4657223329509,142.39444125985975,143.03911071300746,23935700
2019-11-20,142.3272705078125,143.48780686274873,141.22382184684986,142.98364109552813,25696800
2019-11-21,142.19410705566406,142.49851672263713,141.26187785189973,142.1180046389208,18576100
2019-11-22,142.29873657226562,142.9741364039022,141.56627807569248,142.75535104226677,15901800
2019-11-25,143.8588409423828,143.973001850118,142.61269443877399,142.6887968722458,22420900
2019-11-26,144.6198272705078,144.99081750151112,143.94444187011723,143.9824858231459,24620100
2019-11-27,144.89569091796875,145.06691046801765,144.1346812715196,144.90519827684312,15184400
2019-11-29,144.0015106201172,144.87666666333718,143.90637896789778,144.6864178739506,11977300
2019-12-02,142.26068115234375,144.42954890727808,141.09063751179886,144.41051967713312,27418400
2019-12-03,142.03236389160156,142.14651023429977,139.5020135181013,140.30108146213468,24066000
2019-12-04,142.54612731933594,142.86002992879833,141.927800432233,142.8219859660035,17574700
2019-12-05,142.62213134765625,142.9931359707089,142.19406807150423,142.73629219899854,17869100
2019-12-06,144.35345458984375,144.46760094700966,142.94559629627884,143.63050346937538,16403500
2019-12-09,143.9824981689453,144.7910737618993,143.55443471416834,143.70663956943915,16687400
2019-12-10,143.76365661621094,144.48660762382644,143.41168121147527,143.91584689699172,16476100
2019-12-11,144.30589294433594,144.46760512668308,143.00267361215245,144.15368812034419,18856600
2019-12-12,145.7707977294922,145.9610464481274,143.65900356803363,144.2582863059822,24612100
2019-12-13,146.99795532226562,147.34040891738942,145.3808189900341,145.5425311717522,23845400
2019-12-16,147.94923400878906,148.30119501055412,147.27384859918294,147.54970717879962,24144200
2019-12-17,147.15013122558594,148.12041864025022,146.92182403535668,147.8730822220732,25425600
2019-12-18,146.84576416015625,147.90166163376554,146.66502272993586,146.7791836156316,24129200
2019-12-19,148.12049865722656,148.1775718568537,146.25602521742377,146.49383989257407,24958900
2019-12-20,149.73757934570312,150.76494009856984,148.6721601306652,149.6805061674967,53477500
2019-12-23,149.73757934570312,150.4129646412129,149.60440375820468,150.4129646412129,17718200
2019-12-24,149.70901489257812,150.0229318293372,149.461678479651,149.80413200020203,8989200
2019-12-26,150.93612670898438,150.99319987474124,149.72802481195774,149.88022959734084,14520600
2019-12-27,151.21205139160156,151.7732904001439,150.508114904836,151.67815874799507,18412800
2019-12-30,149.90882873535156,151.269135985401,149.09074581635036,151.2405993906146,16348400
2019-12-31,150.0134735107422,150.08006857783465,148.82440029883864,149.1288100083118,18369400
2020-01-02,152.7911376953125,152.89577671233235,150.61276208742146,151.04082551521063,22622100
2020-01-03,150.88856506347656,152.15374016117707,150.35586281498112,150.60319922681663,21116200
2020-01-06,151.2786407470703,151.34523581046366,148.8814652208115,149.4236895425469,20813700
2020-01-07,149.89932250976562,151.88744937521383,149.65200051472752,151.55451759516868,21634100
2020-01-08,152.2869415283203,152.96234132463985,150.25124929659466,151.18347838942788,27746500
2020-01-09,154.189453125,154.31312134782266,153.18112165750648,153.95163855191004,21385000
2020-01-10,153.4759979248047,155.2643680254763,153.32379312580102,154.88387054301572,20725900
2020-01-13,155.3214569091797,155.34999349749867,153.39991104375198,153.87554020246824,21626500
2020-01-14,154.22752380371094,155.6258747654675,153.83750438933242,155.42610412162335,23477400
2020-01-15,155.22633361816406,155.9492992679197,154.64607994777714,154.69363125416567,21417900
2020-01-16,158.07061767578125,158.13721273567788,156.03492513756743,156.33933481414817,23865400
2020-01-17,158.95529174804688,159.30725272739872,157.36667737382461,159.2596869022034,34371700
2020-01-21,158.38449096679688,159.99211965397268,158.31789592529336,158.55571047629456,29517200
2020-01-22,157.62351989746094,159.32628062584678,157.60449066453182,159.2406563351917,24138800
2020-01-23,158.5938262939453,158.66992871959664,157.21450430226747,158.08966042467725,19680800
2020-01-24,156.99566650390625,159.36430494246906,156.43442757958437,159.3452757118844,24918100
2020-01-27,154.37017822265625,155.41656803978125,152.39155944166862,153.29525182097765,32078100
2020-01-28,157.39524841308594,157.68061437029192,155.12174102533777,155.79712647746362,24899900
2020-01-29,159.84945678710938,160.52485664465172,157.61400823323692,159.65920800817042,34754500
2020-01-30,164.3584442138672,165.56654658590898,162.4654345533492,165.56654658590898,51597500
2020-01-31,161.93270874023438,163.99693766743874,161.3143966039244,163.81621076924645,36142700
2020-02-03,165.8804168701172,165.99456321433146,162.09439861645657,162.12293520251015,30107000
2020-02-04,171.34068298339844,171.83534148669108,167.71639028102626,168.5059366082836,36433300
2020-02-05,171.13137817382812,175.221792144728,169.71401246551764,175.0600799605943,39186300
2020-02-06,174.67958068847656,174.86032210279942,171.28358131001283,172.1492299180586,27751400
2020-02-07,174.9269256591797,176.58212068098362,173.58564768539304,173.9376232019867,33529100
2020-02-10,179.50245666503906,179.6356322600572,174.3181013028354,174.63201831574622,35844300
2020-02-11,175.4501190185547,181.40499196770674,174.55593371146628,181.35742613997917,53159900
2020-02-12,175.7069549560547,176.7913890101186,172.98635520427305,176.53454516400944,47062900
2020-02-13,174.75572204589844,177.15288324309913,173.95665379844402,174.15642448907118,35295800
2020-02-14,176.3157501220703,176.37282330362197,173.7473408318349,174.31810167745414,23149500
2020-02-18,178.1041259765625,178.55121863549235,176.45845282574476,176.5630918419848,27792200
2020-02-19,178.6382598876953,179.4967249914194,177.86563838340436,179.3822668588419,29997500
2020-02-20,175.91024780273438,178.609663963269,172.74345118234925,178.32350404731486,36862400
2020-02-21,170.34921264648438,175.03265110934876,169.07104855112843,174.71787674771147,48572600
2020-02-24,163.0045623779297,166.49568121094842,155.69801694393684,160.02853428667305,68311100
2020-02-25,160.31466674804688,166.77226468532234,159.91403421539607,166.16179711586173,68073300
2020-02-26,162.3177947998047,165.2652085443117,160.4482437964669,161.8790288632798,56206100
2020-02-27,150.88101196289062,159.3226476855141,150.6902435766376,155.78384827323185,93174900
2020-02-28,154.53436279296875,156.1559312891195,144.98625974300697,145.37734459465287,97012700
2020-03-02,164.81689453125,164.94090056106432,154.8204802848911,157.68205041514142,71030800
2020-03-03,156.91896057128906,166.9249225999731,154.7727829950037,165.7802974702272,71677000
2020-03-04,162.68028259277344,162.8233552930411,157.97776092974468,160.71533988403158,49814400
2020-03-05,158.59771728515625,162.9854482574293,158.04447879316857,158.3878677001025,47817300
2020-03-06,154.11465454101562,155.5835876506836,148.80166502780523,155.10665923713293,72821100
2020-03-09,143.669921875,150.47092624155204,143.07853525345678,144.03239215514648,70419300
2020-03-10,153.49462890625,153.5995537326078,145.5394669777741,150.86198947404407,65354400
2020-03-11,146.54098510742188,150.423173662336,144.1754104054555,149.87948300219972,56371600
2020-03-12,132.6432647705078,146.38833858508045,132.18541778723105,138.59533377187847,93226400
2020-03-13,151.5010528564453,154.4389330731874,134.23624173903747,140.69385530886822,92727400
2020-03-16,129.1712646484375,142.45849523329102,128.77064660556167,133.53992981317504,87905900
2020-03-17,139.80679321289062,140.69387301923084,128.77066344132993,133.53994727249028,81059800
2020-03-18,133.9215087890625,139.2631134843142,128.78976834005695,131.6322579509271,81593200
2020-03-19,136.12490844726562,143.22159071505632,132.5860933641966,136.18213752572126,85922700
2020-03-20,131.01217651367188,140.31227599852807,129.5909253014249,139.26302818348762,84866200
2020-03-23,129.70538330078125,134.08359503933184,126.40504845743011,130.68785418374645,78975200
2020-03-24,141.49508666992188,142.69695531892708,134.75132797536872,137.1168883034806,82516700
2020-03-25,140.14059448242188,147.20867460267078,137.77503445041356,142.03877414693974,75638200
2020-03-26,148.9065399169922,149.4311639068765,141.52368531178152,141.5522998426211,64568100
2020-03-27,142.7923583984375,147.74287746196345,142.3154300039506,144.7477677267737,57042300
2020-03-30,152.83644104003906,153.1893778840761,143.08802528988713,145.40590442813732,63420300
2020-03-31,150.43275451660156,157.17651417379767,149.3358105207715,152.04476019890492,77927200
2020-04-01,145.0911407470703,150.47089186122017,143.86067202910272,145.94007261341795,57969900
2020-04-02,148.09579467773438,148.3056443284032,143.42190239581785,144.85268752963302,49630700
2020-04-03,146.7317657470703,150.11795966237685,145.16744147090267,147.94316773099004,41243300
2020-04-06,157.64390563964844,158.81714534072375,150.3087450666314,152.92231774316124,67111700
2020-04-07,155.94602966308594,162.1556312433612,155.726632153198,161.76454652194099,62769000
2020-04-08,157.51036071777344,158.9792936241454,155.95556964727277,158.02543692905505,48318200
2020-04-09,157.51986694335938,159.6469629321234,155.79338895104223,158.683573075527,51385100
2020-04-13,157.87277221679688,157.93001582844096,154.81090123241665,156.7663098214764,41905300
2020-04-14,165.68490600585938,165.73260175183552,160.24792572263806,161.20178242336806,52874300
2020-04-15,163.9488983154297,165.5609185071201,161.43071714722825,163.30026817491645,40940800
2020-04-16,168.87078857421875,169.0997194284312,164.92182230592033,166.25723045677836,50479600
2020-04-17,170.35879516601562,171.69418858871583,167.75475615970515,171.21726028708053,52765600
2020-04-20,166.98211669921875,170.50184951587818,166.91535431260507,168.4796783917098,36669600
2020-04-21,160.0762481689453,165.65630147234762,158.44514670813598,165.49414756999565,56203700
2020-04-22,165.51319885253906,165.97104593843355,162.93778898167508,163.48147966716917,34620200
2020-04-23,163.5100860595703,166.9821232770227,163.02362446469579,166.07596247651728,32790800
2020-04-24,166.4956512451172,166.50518457021275,162.83284586053986,164.1205433737908,34277600
2020-04-27,166.01878356933594,168.73726679214028,165.30339094943477,168.44157350466648,33194400
2020-04-28,161.974365234375,167.56396474430508,161.57374726256776,167.48765447995686,34392700
2020-04-29,169.24278259277344,169.48124676114833,163.94888969860907,165.22705414797102,51286600
2020-04-30,170.94061279296875,172.07568968930045,168.09811022587695,171.6941529490689,53875900
2020-05-01,166.51480102539062,170.39699092351708,165.98062895146168,167.6880409018882,39370500
2020-05-04,170.5876922607422,170.74031279323725,165.78026192470793,166.43842523573474,30372900
2020-05-05,172.41915893554688,175.17580464936705,171.59884146250522,172.28561955875873,36839200
2020-05-06,174.1169891357422,175.70039469195763,173.24899063260753,173.67822322069787,32139300
2020-05-07,175.1280975341797,176.03425849647905,174.15515961601804,175.67178828968,28316000
2020-05-08,176.15818786621094,176.46342889162756,174.89910502310033,176.44434768886572,30877800
2020-05-11,178.12318420410156,178.8576432963309,174.41268266477525,174.69882799697035,30892700
2020-05-12,174.08840942382812,178.4093798140285,173.88810763484432,178.18046348376132,32038200
2020-05-13,171.45574951171875,175.55733641654106,168.3938629633808,174.126551302396,44711500
2020-05-14,172.1997528076172,172.35237337621993,167.57354188539898,169.34771596998488,41873900
2020-05-15,174.70835876464844,178.4283932657609,168.83259927418283,170.79754132116506,46610400
2020-05-18,176.37765502929688,177.60812383198754,175.47149402828296,177.17889120568609,35264500
2020-05-19,175.15664672851562,177.98960126080976,175.02310742130652,176.4920398006069,26799100
2020-05-20,177.58624267578125,177.76798251744347,175.94103881842096,176.77320062473433,31261300
2020-05-21,175.45321655273438,178.5523247036514,175.3193052829855,177.33754880256504,29119500
2020-05-22,175.52975463867188,176.43845397165413,174.60193554780003,175.2236779648529,20826900
2020-05-26,173.67413330078125,178.38973703822353,173.2245708655594,178.23669140171498,36073600
2020-05-27,173.9036407470703,174.07582069099803,168.9202157733847,172.36365410439458,39517100
2020-05-28,173.511474609375,176.14188569664367,172.53584173284602,172.88018704080682,33810200
2020-05-29,175.2810516357422,176.25669922946608,172.56455753071015,174.78366066312537,42130400
2020-06-01,174.8793182373047,175.041923737436,173.5688997628599,174.60192122307836,22622400
2020-06-02,176.86891174316406,176.95499445382515,173.46372607702034,176.2376093411745,30794600
2020-06-03,177.29928588867188,177.85406529157166,175.59669357418727,176.78277518679027,27311000
2020-06-04,174.96539306640625,177.75840986334956,174.3723595519527,176.28538595494675,28761800
2020-06-05,179.05926513671875,179.56621595665115,174.09495937621747,174.6784330023025,39893600
2020-06-08,180.1688232421875,180.35056308169897,176.4192933264842,177.8540630970701,33211600
2020-06-09,181.54620361328125,182.40705963306385,179.11665197439055,179.82447697848326,29783900
2020-06-10,188.28005981445312,189.88700962289897,182.7035859580672,182.81837746989203,43872300
2020-06-11,178.1697540283203,187.24705679853201,177.97845426852322,184.7314364964898,52854700
2020-06-12,179.57583618164062,183.38275553745268,177.12714954658045,182.25406210317476,43373600
2020-06-15,180.72361755371094,182.52186715173283,176.00799959567502,176.5532191592075,32770200
2020-06-16,185.15228271484375,187.0748691543929,183.13403910914946,184.50184609457222,42556700
2020-06-17,185.79315185546875,187.78270130526218,185.26706661233482,186.54879095361756,25687800
2020-06-18,187.78268432617188,187.94528982384978,185.56356662677868,185.56356662677868,23061600
2020-06-19,186.66357421875,190.62353889978985,185.91749497415086,189.95398247453875,44441100
2020-06-22,191.8478546142578,192.02957985760585,186.74006316475052,187.27570820778914,32818900
2020-06-23,193.12957763671875,195.08085808140584,192.67044080660077,193.3017430015885,30917400
2020-06-24,189.23660278320312,194.41134364962414,188.01226682968291,192.83310241750013,36740600
2020-06-25,191.6278839111328,191.88614660617344,186.96966849722105,189.1983463875861,27803900
2020-06-26,187.79226684570312,191.19745201994246,186.40532541398008,191.0444063818286,54675800
2020-06-29,189.81045532226562,189.89653799542725,185.13310700914596,187.26612706157152,26701600
2020-06-30,194.6599884033203,195.51128453394895,189.14091796547544,189.2748292243867,34310300
2020-07-01,195.7982635498047,197.37651920325007,192.99568667298786,194.3061051830812,32061200
2020-07-02,197.2904052734375,198.97387782843097,196.08520390857598,196.73562587192674,29315800
2020-07-06,201.537353515625,201.9486618325649,199.04085316772213,199.748678278493,31897600
2020-07-07,199.1938934326172,205.33470702734704,198.94520523051517,201.29821975991723,33600700
2020-07-08,203.57472229003906,203.98601599302182,199.61475791106196,200.93475090246577,33600000
2020-07-09,204.9999237060547,206.97033863660073,202.27385514588218,206.92251005576313,33121700
2020-07-10,204.37818908691406,204.77036303130967,201.90082321516783,204.33036050426486,26177600
2020-07-13,198.06520080566406,206.41555718586292,197.51998126087832,205.1529527212435,38135600
2020-07-14,199.28955078125,199.7678074285818,193.2443797532636,197.16609009947808,37591800
2020-07-15,198.99301147460938,202.1399482620508,196.11391182662243,200.44691571125904,32179400
2020-07-16,195.05215454101562,196.75474673452177,193.51216782720027,196.46778987820716,29940700
2020-07-17,194.05743408203125,196.12349183591095,192.63222392916987,195.57828681322627,31635300
2020-07-20,202.398193359375,203.06774966180717,194.1817341062807,196.0852005759111,36884800
2020-07-21,199.6721649169922,204.63647161591462,198.9834741266656,204.36864904136937,37990400
2020-07-22,202.54165649414062,203.06774163784718,199.32777177422597,200.1025450789428,49605700
2020-07-23,193.73220825195312,201.74779482707407,193.35916862778978,198.18000410415434,67457000
2020-07-24,192.54608154296875,194.03823957858782,188.92088887890583,191.70434538124272,39827000
2020-07-27,194.9852294921875,195.1000064103244,192.12524965499563,192.7087233142477,30160900
2020-07-28,193.2348175048828,195.79826609743196,192.9669949532802,194.75567012189074,23251400
2020-07-29,195.1860809326172,195.75042021682404,193.22522595682696,193.6939226783325,19632600
2020-07-30,195.0330352783203,195.56869492931756,190.89134597384654,192.25915284158472,25079600
2020-07-31,196.09474182128906,196.18083909110405,190.3556633253453,195.51126825705887,51044000
2020-08-03,207.1233367919922,208.17550702250776,201.2886157366033,202.32165161877367,78983000
2020-08-04,204.01473999023438,205.4303903538844,201.16433409842915,204.85647646643315,49280100
2020-08-05,203.6798858642578,205.65030036038084,202.3694676905747,205.55464321979545,28806400
2020-08-06,206.94166564941406,206.96078540752478,202.3503987271577,203.10603783911577,32656800
2020-08-07,203.2399139404297,206.3198875103791,201.7573156103233,205.50686007435684,27820400
2020-08-10,199.1938934326172,202.66604135956476,197.37652401250227,202.46516714596478,36716500
2020-08-11,194.53565979003906,198.6199606560436,194.30609136716086,198.1512785277796,36446500
2020-08-12,200.09300231933594,201.1355982236345,195.8460812980744,196.36259201366113,28013100
2020-08-13,199.62429809570312,202.15906678427115,199.09821292673746,200.33212310442354,22588900
2020-08-14,199.81561279296875,200.47560927303832,198.48605995458004,199.68170152130492,17958900
2020-08-17,201.13560485839844,202.00603541795837,199.834746255779,200.48518285470567,20184800
2020-08-18,202.29298400878906,203.1251458308976,200.11213505791383,201.3747249054153,21336200
2020-08-19,201.06570434570312,203.36689432311783,200.63423579697414,202.78201018312464,27627600
2020-08-20,205.74476623535156,206.14747116755194,200.30822770487376,200.9122777879167,26981500
2020-08-21,204.24900817871094,207.3460103876092,204.08600960250743,205.05441807189857,36249300
2020-08-24,204.89141845703125,206.6460708350552,203.68328899285845,205.94611770309248,25460100
2020-08-25,207.55694580078125,207.6911807782171,204.3257087243152,204.3257087243152,23043700
2020-08-26,212.044189453125,212.94548749189067,208.41024834269933,208.90884154871026,39600800
2020-08-27,217.2506561279297,221.632480502061,210.3662822988915,213.7125881385627,57602200
2020-08-28,219.48472595214844,221.14348979856285,217.25066101319578,218.78477287577354,26292900
2020-08-31,216.24391174316406,219.28338679296542,215.07414347409025,217.6533863849085,28774200
2020-09-01,217.91226196289062,218.08484351953646,215.18918659263025,216.22471982405065,25725500
2020-09-02,222.11192321777344,223.27210852062112,217.9889852351546,218.58345236872887,34080800
2020-09-03,208.3527374267578,219.86822383650065,206.1090897704254,219.82987726251335,58400300
2020-09-04,205.42835998535156,209.3691333105479,196.7414034395723,206.24336749911004,59664100
2020-09-08,194.3155975341797,201.38213744902149,193.87453132545767,197.9974842875736,52924300
2020-09-09,202.59022521972656,205.99405853242104,198.18921986500675,199.05217155822652,45679000
2020-09-10,196.91397094726562,205.89817504143133,195.7058561904277,204.61333786515826,35461500
2020-09-11,195.62916564941406,200.03976880285725,192.95404894109103,198.66864072960442,33620100
2020-09-14,196.9523468017578,200.5862889601672,195.62916294789403,195.83052273759688,30375800
2020-09-15,200.18357849121094,201.14240395179937,198.40974553691618,199.83840074017849,21823900
2020-09-16,196.60719299316406,201.97660759634843,196.21407098426607,201.94784399867467,26328100
2020-09-17,194.5552520751953,195.91678229410712,191.7267202653884,191.81301103414373,34011300
2020-09-18,192.1390380859375,195.26480389569204,188.16950116879477,194.4498110128883,55225300
2020-09-21,194.20050048828125,194.363513689872,188.29414682687468,189.07079310162283,39839700
2020-09-22,198.8795623779297,199.53157125670091,193.75943826186247,196.61673385251396,33517100
2020-09-23,192.33074951171875,199.5315363576884,191.79380972341724,199.33975960714193,30803800
2020-09-24,194.82373046875,197.10573954514186,190.9980119519485,191.62125722458802,31202500
2020-09-25,199.26309204101562,200.4328455125299,194.20048071309097,195.16890368391725,29437300
2020-09-28,200.8163604736328,203.81748815461128,199.4931769615443,202.19707115920133,32004900
2020-09-29,198.7261505126953,201.4204622220947,198.29468200146903,200.73010675192674,24221900
2020-09-30,201.66976928710938,203.25182551081647,198.03581244692208,199.1768171334635,33829100
2020-10-01,203.71206665039062,205.17906845521924,202.6190061952141,204.69965571820293,27158400
2020-10-02,197.7002410888672,202.30260662222756,197.0769957074911,199.43571298113767,33154800
2020-10-05,201.7176513671875,201.7464149529048,198.4576368909509,198.68776020720068,21331600
2020-10-06,197.43174743652344,201.52592148106075,196.386631231085,200.22193294397314,28554300
2020-10-07,201.19033813476562,201.4588080799235,198.20839051556985,198.5343876446166,25681100
2020-10-08,201.90943908691406,202.4943231215223,199.74249911518376,201.84231429138708,19925800
2020-10-09,206.92408752441406,206.97203171595046,202.5326658550179,202.5326658550179,26458000
2020-10-12,212.28396606445312,214.64268330095436,207.8829604018951,209.78143085094663,40461400
2020-10-13,213.68382263183594,215.93706810447387,211.35386937390456,213.54958766520096,28950800
2020-10-14,211.7661895751953,214.9878436739825,210.107425642433,213.81807545397245,23421700
2020-10-15,210.6156005859375,211.2867754707797,207.1158789362711,208.1610097896488,22733100
2020-10-16,210.6156005859375,213.1373015554528,210.28960344623061,211.08541569006942,26057900
2020-10-19,205.39962768554688,213.14694053374032,204.92021487041498,211.34434366707865,27625800
2020-10-20,205.8118896484375,208.41989620328016,204.31612419532522,206.914547762064,22753500
2020-10-21,205.95571899414062,207.9884243592295,204.3448845566899,204.3448845566899,22724900
2020-10-22,206.04197692871094,207.16380082194547,202.98332175024004,205.1214981639855,22351500
2020-10-23,207.32681274414062,207.37475694038199,204.38322636550816,206.17622518692104,18879600
2020-10-26,201.43006896972656,207.43231151671645,199.53159851808076,205.04484531206813,37111600
2020-10-27,204.4695587158203,205.83108930893414,201.6697897261122,202.8779047122651,36700300
2020-10-28,194.33473205566406,200.24110024392866,193.77862617846768,199.1192762411455,51195600
2020-10-29,196.2907257080078,198.8220240324159,194.99630564065131,195.66749508625168,31432600
2020-10-30,194.13339233398438,195.87844706580935,191.40073391687426,195.12098138875402,36953700
2020-11-02,193.99913024902344,196.82766203875832,191.88011983803784,195.87841969764497,30842200
2020-11-03,197.9303436279297,199.55076108579857,194.75663352075043,195.4949332623124,27512000
2020-11-04,207.480224609375,209.33076521149155,203.67368665801723,205.20781312721707,42311800
2020-11-05,214.09613037109375,214.8919572579799,212.04424447339872,212.89759854696078,36080100
2020-11-06,214.50843811035156,215.12208583391666,209.05271877417096,213.1085464685072,25231900
2020-11-09,209.39788818359375,218.72725565955997,208.90889247401392,215.19878504738315,44395000
2020-11-10,202.3217315673828,207.58568799886555,201.08485330495418,205.66803730141643,44045100
2020-11-11,207.6336212158203,209.0622615463658,203.46272531715806,203.644904464667,29440800
2020-11-12,206.56935119628906,210.08823873834052,205.6297063795474,208.26647628927805,21593900
2020-11-13,207.59527587890625,208.4678104781367,205.34204503459753,207.4514579254129,18621100
2020-11-16,208.28564453125,208.77465486518045,205.68723580318886,206.0228159261353,24953300
2020-11-17,205.6297149658203,208.71711949260344,205.26535660858772,207.20218813788108,24154100
2020-11-18,202.91876220703125,206.8506221043053,202.77455303589352,205.3893875825999,28372800
2020-11-19,204.20692443847656,204.79333979305358,201.81319330215703,203.20714178040058,24792700
2020-11-20,202.25540161132812,205.04326905705003,201.88048130423013,203.99541674603475,22843100
2020-11-23,201.98623657226562,204.0819412748359,200.111634964733,202.79375500799998,25683500
2020-11-24,205.5912628173828,205.9661831708243,200.7845840969435,201.48635508285824,33979700
2020-11-25,205.60086059570312,206.9659555236733,204.24538841273622,206.79292213943785,21012900
2020-11-27,206.9082794189453,207.90807676542295,205.76428758442702,206.54298182630274,14512200
2020-11-30,205.79315185546875,206.45646120377745,202.6880268091678,205.82199075457697,33064800
2020-12-01,207.8504180908203,208.91750140694066,205.10099713830965,206.2161355089851,30904500
2020-12-02,207.04287719726562,207.13901664044988,204.57225193068112,206.57183206459354,23724500
2020-12-03,205.95657348632812,208.0138313758631,205.38937425344153,206.3122630148417,25120900
2020-12-04,206.07188415527344,207.0524505000857,204.93750060562468,205.93729776824554,24666000
2020-12-07,206.00460815429688,207.20627770612253,204.7548835554524,206.08151676587187,24620000
2020-12-08,207.65806579589844,208.56172346818113,204.65870387837705,205.6969479272456,23284100
2020-12-09,203.61093139648438,206.90830624698555,203.04374677822415,206.84102036678178,32440600
2020-12-10,202.38040161132812,204.84141872855034,202.22658437429695,203.58207127159827,26733300
2020-12-11,205.01443481445312,205.07212727508463,201.02489774661876,201.9285556018802,30979400
2020-12-14,205.91810607910156,207.85040024359688,204.6491505701134,204.8606455997479,28798400
2020-12-15,205.85079956054688,207.09091604736759,204.03387583824556,206.8505821440536,27000600
2020-12-16,210.80169677734375,211.5996071900063,206.41800821476036,206.44684711302847,35023300
2020-12-17,210.93629455566406,212.3494593222077,209.49429088929872,211.36889272180971,32515800
2020-12-18,210.13836669921875,211.1958418345156,207.66774158321599,210.13836669921875,63354900
2020-12-21,213.98370361328125,215.33919043070517,208.87901354427856,209.1385782828704,37181900
2020-12-22,215.2815399169922,216.9061997548191,213.27235162934048,214.0798701752646,22612200
2020-12-23,212.4744415283203,214.91622799345612,212.2629464799046,214.48362981944945,18699600
2020-12-24,214.13751220703125,214.96426143799516,212.64743904242195,212.85893405514418,10550600
2020-12-28,216.2620391845703,217.2906605353665,214.3970459791994,215.77174869458827,17933500
2020-12-29,215.48336791992188,218.39621360154018,214.93541425812904,217.5598563272588,17403200
2020-12-30,213.10890197753906,216.90618992435643,212.90702968461719,216.52164682313952,20272300
2020-12-31,213.82029724121094,214.3778737403455,211.18623198712405,213.1281343228935,20942100
2021-01-04,209.27316284179688,214.37785286571398,206.50451143811924,213.9260239305633,37130100
2021-01-05,209.47503662109375,210.07107471127767,207.36010108090161,208.85978237905934,23823000
2021-01-06,204.04347229003906,208.1195403388213,203.745460613917,203.96656368510168,35930700
2021-01-07,209.84994506835938,210.8593503984707,205.44704085761094,205.76426870218953,27694500
2021-01-08,211.12855529785156,212.05144408339618,208.63869919547895,210.2248973348111,22956200
2021-01-11,209.0808868408203,210.44598164507218,208.3502623900818,210.0229916301851,23031300
2021-01-12,206.61985778808594,208.70596899227266,205.072121521782,208.12916175268282,23249300
2021-01-13,207.97535705566406,208.37911628016133,205.65853455119372,205.74506591051468,20087100
2021-01-14,204.78370666503906,209.05203893110192,204.51453387968525,207.56196586793973,29480800
2021-01-15,204.42800903320312,206.21609383211361,203.8319856565053,205.2643809782016,31746500
2021-01-19,208.07147216796875,208.59058691911966,204.4087860099995,205.4854771494631,30480900
2021-01-20,215.6660614013672,217.05999532298677,208.88864134315253,209.28279252622593,37777300
2021-01-21,216.27171325683594,217.55029161428877,213.82030406529316,216.012148486978,30709400
2021-01-22,217.21377563476562,221.17448827697592,217.06958116245943,218.30008955552947,30172700
2021-01-25,220.65536499023438,220.89569889665592,215.55067516485178,220.26121386318684,33152100
2021-01-26,223.34710693359375,225.12556903391163,221.184101782989,222.8952780175176,49169600
2021-01-27,223.89505004882812,231.14352851501565,221.24176913669046,228.79786735977868,69870600
2021-01-28,229.69192504882812,233.25848684590053,226.0003995892036,226.5002982458668,49111200
2021-01-29,222.99142456054688,228.8171162716666,222.40500922536845,226.8656060692636,42503100
2021-02-01,230.38409423828125,233.1239068460614,223.4432493228023,225.9715669034434,33314200
2021-02-02,230.24948120117188,232.94122377899794,229.4611936474812,231.97028011673513,25916300
2021-02-03,233.6045684814453,235.61375651700394,230.00916778453657,230.30719416490047,27158100
2021-02-04,232.6528778076172,233.83533143432533,231.0762876408269,233.27775489537478,25296100
2021-02-05,232.83551025390625,233.87375459980734,231.12433383255606,232.86434915222415,18054800
2021-02-08,233.09507751464844,234.25828554283157,231.4992566694059,233.74877877531017,22211900
2021-02-09,234.34481811523438,235.29653111250357,232.04722627683623,232.51827140273494,23565000
2021-02-10,233.43154907226562,236.41168103490142,231.57616348500238,235.52725392328455,22186700
2021-02-11,235.03695678710938,235.67142716359078,232.78742023275922,235.3157376694766,15751100
2021-02-12,235.5176544189453,235.81566615917376,233.34502620134742,234.49862618593036,16561100
2021-02-16,234.27749633789062,236.61354960880325,233.52765570002188,235.55607452010733,26728500
2021-02-17,235.29885864257812,235.40484970887286,232.15769158186703,232.52384521135843,21653500
2021-02-18,234.90377807617188,235.0386744478953,232.08058447417395,232.98632355686053,16925600
2021-02-19,232.1865692138672,234.97122722072862,231.42535672780738,234.86523616707225,25262600
2021-02-22,225.96206665039062,229.2574053237831,223.92897590919952,228.76600020057145,36446900
2021-02-23,224.7672576904297,226.27039297069203,220.3927335259712,221.93441903027252,30228700
2021-02-24,226.00059509277344,226.62689654449298,220.65289108022142,221.62607102742007,26339700
2021-02-25,220.6432647705078,226.03913460336088,219.57372394911798,223.6206299994084,39542200
2021-02-26,223.90968322753906,226.79068741105286,221.17319091489034,223.0906601042904,37819200
2021-03-01,228.30349731445312,228.8141775442121,224.65163525341808,227.30139726551226,25324000
2021-03-02,225.3453826904297,228.65036608626744,224.94069354651947,228.37092841617996,22812500
2021-03-03,219.26539611816406,225.0659701891596,218.97632822975632,223.69773120014005,34029500
2021-03-04,218.46566772460938,224.01572463485476,216.08569826256274,218.47531263340943,44727800
2021-03-05,223.15811157226562,224.7672377721346,218.2054668095368,221.1539264753207,41872800
2021-03-08,219.1016082763672,224.86363248546377,218.8510905986167,222.93653271094007,35267400
2021-03-09,225.2586669921875,226.80035252533506,223.22557636286808,224.39147806891881,33080500
2021-03-10,223.94822692871094,228.36128646522027,223.58207332574838,228.36128646522027,29746800
2021-03-11,228.48655700683594,230.45219202841787,225.76933965358188,226.39565581287494,29907600
2021-03-12,227.15684509277344,227.22430063000746,224.72869569658027,225.4802632973493,22653700
2021-03-15,226.25112915039062,226.61728278402174,223.3604797125114,226.3956704438466,26034900
2021-03-16,229.04539489746094,231.30972776454007,227.33990789184233,227.66751124582981,28092200
2021-03-17,228.3998260498047,229.85479558056207,224.72870385827406,227.54226736123874,29562100
2021-03-18,222.31019592285156,225.6537146778169,221.93441211449593,224.08312390572942,34833000
2021-03-19,221.95370483398438,223.99642572837095,220.99015502303175,222.59928144301026,46430700
2021-03-22,227.3881072998047,228.26492638484754,221.7513354679177,221.87660163832476,30127000
2021-03-23,228.920166015625,232.26368503825154,228.42876090462175,228.8334500612015,31638400
2021-03-24,226.87742614746094,229.32483599524002,226.7425297732149,229.18030941662,25620100
2021-03-25,223.87115478515625,228.3034897022799,223.12923203238185,226.72326863404157,34061900
2021-03-26,227.86024475097656,228.0818717832289,223.10995145759244,223.10995145759244,25479900
2021-03-29,226.66546630859375,228.16860168438848,223.42793830588067,227.96624975182988,25227500
2021-03-30,223.39898681640625,225.32608606967662,222.67632459642988,225.01774313190512,24792000
2021-03-31,227.17611694335938,230.38473920948553,223.91931425170065,224.4203642125562,43623500
2021-04-01,233.5162811279297,233.98841108228743,229.37301438067678,229.77770349981284,30338000
2021-04-05,239.9913330078125,240.84889166046807,233.85351136550526,233.9113219956121,36910600
2021-04-06,238.82546997070312,240.30933029268618,237.8811952203503,238.58458250461078,22931900
2021-04-07,240.7910919189453,241.78354704819517,238.17988016425605,238.7772763423201,22719800
2021-04-08,244.01895141601562,244.87651002538544,242.8145143409119,243.5564516959041,23625200
2021-04-09,246.52423095703125,246.65912734571288,243.23852249383873,243.6528418652881,24326800
2021-04-12,246.58201599121094,248.27787293295458,245.33902860071908,245.4257592507689,27148700
2021-04-13,249.06793212890625,249.7424286257036,247.46843622938184,247.8827849143749,23837500
2021-04-14,246.27369689941406,249.39558893106727,245.85937753080964,248.0948201880165,23070900
2021-04-15,250.0411834716797,250.4555028456161,248.33571084081115,248.52840316568023,25627500
2021-04-16,251.23597717285156,251.48650954221523,248.21044595029304,250.01227945558986,24878600
2021-04-19,249.308837890625,251.94898404216053,248.42238864092639,250.70599670606254,23209300
2021-04-20,248.84634399414062,250.71563268239618,247.47809054198993,248.4223797923588,19722900
2021-04-21,251.08180236816406,251.17816323243773,247.87319436482315,249.50159593386385,24030400
2021-04-22,247.79611206054688,252.23806247127882,246.32186735766558,250.7252822460007,25606200
2021-04-23,251.63101196289062,251.9779051644676,247.89243421867644,248.48021485835787,21462600
2021-04-26,252.01641845703125,252.8739918255724,250.68674453877372,252.12242421733816,19763300
2021-04-27,252.42115783691406,253.596689841561,250.63858471602703,252.04535927725757,31014200
2021-04-28,245.28123474121094,247.18907393112897,243.72991897507123,246.74581985137027,46903100
2021-04-29,243.30593872070312,246.765093449427,239.92388443782954,246.1484222060443,40589000
2021-04-30,242.98794555664062,243.8551490698996,240.50200037872744,240.63689674266536,30945100
2021-05-03,242.67965698242188,245.0789013145946,241.9666248264187,244.16351722830558,19626600
2021-05-04,238.7580108642578,242.0533642895755,236.80200584495051,241.82210703263627,32756100
2021-05-05,237.4861297607422,240.40568459382968,236.85982824705025,239.98172031267046,21901300
2021-05-06,240.62730407714844,240.75257026464385,235.77101921847165,237.46686169080553,26491100
2021-05-07,243.25778198242188,245.03071003481767,242.0147945427054,242.9590692028245,27032900
2021-05-10,238.17022705078125,242.55438148087032,238.11241641652208,241.72572808374886,29299900
2021-05-11,237.25486755371094,237.61139098411766,233.7282863940429,235.6361109168277,33641600
2021-05-12,230.2884063720703,235.47230909481863,229.39231209908553,233.34285752909457,36684400
2021-05-13,234.17149353027344,236.64782343406685,232.62017785153265,232.9863314597455,29624300
2021-05-14,239.10482788085938,240.09728279481763,236.54179711324107,236.62851304880633,23901100
2021-05-17,236.2431182861328,237.60172694867597,234.64363689109996,237.56319142820627,24970200
2021-05-18,234.21966552734375,237.42828782946611,234.04621893400108,237.29339145802263,20168000
2021-05-19,234.79913330078125,234.90536910405467,230.4338423981237,231.11953416207322,25739800
2021-05-20,238.04412841796875,239.46381831338093,235.51380358455043,235.6103869428777,21800700
2021-05-21,236.7789764404297,239.8308279648836,236.3637004017269,239.0968445135114,21863100
2021-05-24,242.19699096679688,242.56399008801017,239.0389034036192,239.30931915507537,21411500
2021-05-25,243.10482788085938,244.09957472157194,242.23563647676897,243.1531195669874,17704300
2021-05-26,242.88265991210938,244.28303013741075,242.16798140161825,242.82470105729854,17771600
2021-05-27,240.77731323242188,242.87304278179596,240.71936910222183,242.57365495139308,24426200
2021-05-28,241.13462829589844,243.45249649735703,241.01874004361903,242.4094580171836,18270200
2021-06-01,238.9326629638672,242.6895260844274,238.5077344602041,242.63158195831664,23213300
2021-06-02,238.83609008789062,240.73866745632938,237.42605251919264,239.6376848701333,19406700
2021-06-03,237.30050659179688,237.9089346282766,234.68325068647783,236.82727168648836,25307700
2021-06-04,242.20664978027344,243.03721667775164,239.03890969141557,239.28035338560628,25281100
2021-06-07,245.12327575683594,245.39369149557498,241.2601769330751,241.42435686469864,23079200
2021-06-08,243.92575073242188,247.24801843527007,243.86779186514087,246.4271039524945,22455000
2021-06-09,244.91082763671875,246.78443310382474,244.54384323411264,245.12329927133203,17937600
2021-06-10,248.43589782714844,248.64836946011133,244.98808948598523,245.58686514076032,24563600
2021-06-11,249.06369018554688,249.64313151699406,247.827470083501,249.16024409204843,18999700
2021-06-14,250.99520874023438,251.05315286618904,248.01093888804147,249.0732969857195,19150500
2021-06-15,249.5175018310547,251.09171908369294,248.86078220207082,250.87924750100984,18038900
2021-06-16,248.5711212158203,251.66158287300934,245.71242134126194,250.52197568954165,27220000
2021-06-17,251.9705810546875,252.79149533913872,247.24795870273104,247.30590281945928,27565500
2021-06-18,250.5509490966797,253.32271805483876,249.89422930673348,250.74411584577345,37202200
2021-06-21,253.6414031982422,254.50092731802457,249.09261281059852,250.92757876655403,26696100
2021-06-22,256.4228210449219,256.6932367514326,253.41924674140134,253.72830168401404,24694100
2021-06-23,256.1910400390625,257.69764618957555,255.37979284056348,256.88639899107653,19518700
2021-06-24,257.5624694824219,258.68277172504975,256.3842231128569,257.0506100457399,21446900
2021-06-25,255.94960021972656,258.1032884096647,255.6985188395987,257.11820882661345,25611100
2021-06-28,259.5230407714844,259.69687318560744,256.8092155718196,257.07963137371496,19590000
2021-06-29,262.1112976074219,262.35274132840755,258.8083640092798,259.66788832997133,19937800
2021-06-30,261.62841796875,262.0726661761428,260.3729223714224,261.42561348954416,21656500
2021-07-01,262.304443359375,262.5362198815575,260.3728937462325,260.38253145258466,16725300
2021-07-02,268.1473388671875,268.48536590593466,263.17360506966617,263.4826600464124,26458000
2021-07-06,268.1570129394531,269.80847946217114,264.911994546403,268.51434487101903,31565600
2021-07-07,270.349365234375,271.08336360212627,267.664512146104,269.8375057076831,23260000
2021-07-08,267.9252624511719,269.1904251024168,265.46251898624683,267.4230406840095,24618600
2021-07-09,268.42742919921875,268.53365027178893,265.89710413753784,266.2834081325927,23916700
2021-07-12,267.82867431640625,270.19480488995174,267.1139809234751,269.60569640968833,18931700
2021-07-13,271.3633728027344,273.16936668942884,267.8962453327776,268.02177128034975,26120100
2021-07-14,272.8410339355469,273.95166900294385,270.94809420573137,272.68650643884115,23113700
2021-07-15,271.4117126464844,272.8410700755124,270.25277100423347,272.34851545658927,22604200
2021-07-16,271.1412658691406,274.3766172336164,269.89540816708495,272.4160956352856,26186800
2021-07-19,267.5292663574219,270.7742552906223,265.05688541600085,269.3835373269348,32935600
2021-07-20,269.76019287109375,271.3537152113503,266.80492468426036,268.5143352713567,26259700
2021-07-21,271.7689514160156,271.8848396458678,267.7996321780763,269.3545150504272,24364300
2021-07-22,276.3468017578125,276.6172175095201,273.7198932527501,274.1255021437583,23384100
2021-07-23,279.75592041015625,280.064945859468,276.6944021891491,277.53462131256157,22768100
2021-07-26,279.15716552734375,279.77527548305756,276.8296744343283,279.10888858153703,23176100
2021-07-27,276.7330627441406,279.66899631395427,273.26593545929944,279.5241360182565,33604100
2021-07-28,276.424072265625,280.2195602635999,274.1158562811447,279.0992579270903,33566900
2021-07-29,276.6944580078125,278.74189570390115,276.2888196561791,276.44334714855825,18168300
2021-07-30,275.158935546875,276.84904165412877,274.1931606284443,275.41004645706266,20944800
2021-08-02,275.07196044921875,276.9552034530972,274.0289072556845,276.55923228454304,16267400
2021-08-03,277.2931823730469,277.3994328989048,274.27997051129483,275.65138333201537,17879000
2021-08-04,276.7041015625,277.7471252056278,274.90774540592605,276.42401866440616,16191300
2021-08-05,279.6111145019531,279.7173650578754,276.3081811316384,277.0614843102284,13900200
2021-08-06,279.55316162109375,279.5918008650478,277.7761395496052,278.6356932572146,16589300
2021-08-09,278.4617614746094,281.5715566871259,277.9595693217366,279.83317429609684,16117600
2021-08-10,276.63653564453125,279.3503604705102,275.43898432576697,278.91575002193525,18616600
2021-08-11,277.1290588378906,278.7805253038503,276.0763384903963,277.3801402153559,13955900
2021-08-12,279.8911437988281,280.04567127675176,276.5399046461844,276.81998754199003,14561300
2021-08-13,282.82720947265625,282.8754864325278,279.398690601484,279.5725524978713,18249000
2021-08-16,284.5172119140625,284.7296835116026,280.09394760339165,283.15546614888757,22507600
2021-08-17,283.04931640625,283.3873435417661,281.1177664582875,282.3829587894671,20075300
2021-08-18,281.31719970703125,285.2747764039946,280.87207162165635,282.58478416986804,21813000
2021-08-19,287.16168212890625,287.83903054796286,279.2949260524418,279.34329542686044,29850500
2021-08-20,294.5058898925781,295.93798337909834,288.4098733313422,290.0161319700058,40817600
2021-08-23,294.78656005859375,295.51227784777274,292.0772254574719,293.4318927580328,22830200
2021-08-24,292.822265625,295.75416411720346,292.22234368388376,295.14455649009165,18175800
2021-08-25,292.23199462890625,294.7284503679531,290.6934767445652,294.447831273216,20006100
2021-08-26,289.4065246582031,292.63838377872025,289.2710727162614,291.24500350131405,17666100
2021-08-27,290.0161437988281,291.1289050222775,287.2196974474057,289.3097679469551,22605700
2021-08-30,293.76080322265625,294.37041072831073,291.3127170454971,291.37077209084276,16348100
2021-08-31,292.10626220703125,294.6414317058505,291.738560457517,294.5640347988896,26285300
2021-09-01,292.0578308105469,295.3090616023399,291.72884231587955,293.06416766628405,18983800
2021-09-02,291.3998107910156,293.5382504553408,290.4612148158913,292.41583318258716,16285600
2021-09-03,291.3902282714844,292.80295066862675,290.5387146525383,291.24506108634296,14747900
2021-09-07,290.46124267578125,291.34178368779095,288.54536686307154,291.26438679344585,17180400
2021-09-08,290.4902648925781,290.87730841628627,287.83898574917305,290.0741938428301,15046800
2021-09-09,287.6260986328125,292.3577919400871,287.3841927466621,291.08052177412657,19927000
2021-09-10,286.1359558105469,290.2096722757966,285.8166530274544,288.75823692995704,19633400
2021-09-13,287.37451171875,288.8743459549039,284.5587236147856,287.9163785501458,23652900
2021-09-14,290.0838623046875,291.6320658371256,288.44857619930013,289.86129826524393,21853400
2021-09-15,294.95098876953125,295.43480049724343,292.04811840325823,293.44149854143126,28356300
2021-09-16,295.3381042480469,295.4251868367225,291.02251085299673,293.9253819269781,19550800
2021-09-17,290.16131591796875,294.64141840030777,289.83232740155825,294.322115570405,41372500
2021-09-20,284.7715759277344,289.0484846659132,280.1463369138932,286.73585039423017,38278700
2021-09-21,285.25537109375,287.90667933244595,284.5490248992898,286.1165701077649,22364100
2021-09-22,288.9130859375,290.50000305978375,284.97487972214134,287.1230056257612,26626300
2021-09-23,289.8612976074219,291.1579095731574,287.8970230543972,289.17429318047436,18604600
2021-09-24,289.6580810546875,290.09349388254515,287.31641934995474,288.57434753265454,14999000
2021-09-27,284.6458740234375,286.8713966997441,283.4556862535076,286.55209387487736,23571700
2021-09-28,274.3406066894531,281.36556281548087,273.595547218021,280.4172811458642,43186200
2021-09-29,274.8050842285156,277.48539079265004,273.8471463773085,275.8694760240385,26353700
2021-09-30,272.79241943359375,278.5110481087357,272.5021146772433,276.4596910937672,32343600
2021-10-01,279.739990234375,280.59150373187396,272.1828522383653,272.9859668378756,30086300
2021-10-04,273.9438781738281,278.43366544147926,271.1764891050376,278.09499130654007,31350700
2021-10-05,279.4109802246094,280.99786745988877,274.85345213293385,274.85345213293385,24993000
2021-10-06,283.6201477050781,284.1233308910271,276.26623174874106,276.52747949792473,28002600
2021-10-07,285.3038024902344,287.03585686969717,284.4039196983198,285.62310526075913,20430500
2021-10-08,285.3038024902344,287.03585686969717,284.2490963906474,286.62944199586633,17685700
2021-10-11,284.70391845703125,288.3228214749395,283.2718248179271,283.436333832164,19298600
2021-10-12,283.3976135253906,285.87472765623266,282.8847741825881,285.7779593873109,17974100
2021-10-13,286.716552734375,287.65514882778945,283.9878470364655,285.3618855710783,23416300
2021-10-14,292.9480285644531,293.4511821777656,288.1873077249307,289.5226329431941,27262900
2021-10-15,294.36083984375,294.5930896452339,290.79030551487267,292.55138798923946,25384800
2021-10-18,297.341064453125,298.2312616290106,292.8899899851107,293.74150347823866,22729300
2021-10-19,298.2506103515625,299.2859450829905,297.2733011398646,298.36672045007583,17682100
2021-10-20,297.45721435546875,299.67308096523396,296.1992857888648,299.1989252574953,16537100
2021-10-21,300.69873046875,300.9502925339426,296.44116284819944,297.2249651602557,16918100
2021-10-22,299.1504821777344,301.0179884292561,297.8344988739321,300.35032585775446,17449300
2021-10-25,298.15380859375,299.38267970431417,296.5378644922625,299.3439664993172,17554500
2021-10-26,300.0697937011719,302.2856604068815,298.6087018858251,300.9309930322573,28107300
2021-10-27,312.7069396972656,315.5420698297333,305.769065317171,305.769065317171,52588700
2021-10-28,313.8487854003906,314.3519391457011,310.95557015863426,313.82941402549045,26297900
2021-10-29,320.8833312988281,321.25103298902206,313.4132759770589,313.63584003415747,34766000
2021-11-01,318.7061767578125,320.7575340415981,315.8033059910529,320.63173825031396,27073200
2021-11-02,322.34454345703125,322.6541901814819,319.3158760293602,319.6158370656915,26487100
2021-11-03,323.1863708496094,324.05722642203926,319.9448249965577,323.0896025572201,21500100
2021-11-04,325.54730224609375,325.64407051672566,318.8416774576779,322.1122501101373,23992200
2021-11-05,325.1796569824219,327.821280628621,323.59276928080993,327.55034714153925,22570100
2021-11-08,326.0794677734375,326.718102893488,323.61203940329,326.3794287273133,20897000
2021-11-09,325.0731506347656,327.7534572970053,323.6991121703383,326.19556799164343,21307400
2021-11-10,320.08990478515625,323.7959200537568,319.23842074290917,323.7378649947293,25500900
2021-11-11,321.66717529296875,322.9637876516875,319.8093541188033,320.5253862870196,16849800
2021-11-12,325.81817626953125,326.3116736890881,322.9830465871682,323.1088423630964,23831000
2021-11-15,325.18927001953125,326.9406663714479,323.21530960920296,326.6116778913146,16723000
2021-11-16,328.5178527832031,329.64029954864577,324.64735891458355,324.81183836746607,20886800
2021-11-17,328.74090576171875,331.71695259761833,327.6551891582324,328.5664219326353,19053400
2021-11-18,330.8250427246094,331.96895000015803,326.80206399132175,327.8296191496973,22463500
2021-11-19,332.6087341308594,334.53784815102716,331.72661169602117,332.1531473880695,21963400
2021-11-22,329.4290771484375,338.9679380324036,329.1576480718076,334.07248166492263,31031100
2021-11-23,327.3448791503906,329.0607250462627,323.3509815757989,326.73415634565987,30427600
2021-11-24,327.56787109375,327.8102195501021,323.69029579211673,325.98775442496617,21661300
2021-11-26,319.5897216796875,327.587220049115,318.0774698092433,324.116803470416,24217200
2021-11-29,326.3270568847656,328.6535962110915,324.49488830576917,324.6887789094433,28563500
2021-11-30,320.471923828125,327.4418682918144,318.9208876812045,325.057167596262,42885600
2021-12-01,319.9775085449219,328.89594378590317,319.30865400622315,324.8729652307251,33337600
2021-12-02,319.4055480957031,323.2831232277246,317.76727023574,320.19075469325344,30766000
2021-12-03,313.1239318847656,322.5173611058219,308.2963396315105,321.82907013934687,41779300
2021-12-06,316.20654296875,317.42798853456475,309.45957089532595,314.0351104815673,30032600
2021-12-07,324.6694030761719,325.52244481876284,319.996917592964,321.4897924137154,31021900
2021-12-08,324.7179260253906,325.23170368841147,320.675539821201,325.04751645227583,24761000
2021-12-09,322.90509033203125,326.1913200286441,321.95507372960486,324.1749938812404,22214200
2021-12-10,332.05621337890625,332.50212631447465,324.5434102333168,324.7275974513125,38095700
2021-12-13,329.0123291015625,333.2679831093611,328.7021159107429,330.2531522812826,28899400
2021-12-14,318.2908020019531,324.3980015605088,314.1902549947895,323.02144915200483,44438700
2021-12-15,324.4075927734375,324.93107364996604,314.5682527265881,318.55244659645837,35381100
2021-12-16,314.9560241699219,326.45304945434475,313.13355918243616,325.43516826441515,35034800
2021-12-17,313.8897399902344,314.97548603264545,307.54022163698255,311.05912630586664,47750300
2021-12-20,310.11883544921875,312.92036870191265,307.8504570585619,310.2545352246135,28326500
2021-12-21,317.2729797363281,317.69951547537147,310.01219834912933,313.395403623976,24740600
2021-12-22,323.0020446777344,323.3994701251989,315.78004861655177,318.2519911161229,24831500
2021-12-23,324.4464111328125,326.09439241528247,322.5464075808319,322.5657848066247,19617800
2021-12-27,331.96893310546875,331.9980137373936,325.1637693995328,325.1928500314576,19947000
2021-12-28,330.8056945800781,333.2873407939797,329.9041652817156,332.64753721927053,15661500
2021-12-29,331.4843444824219,333.7623970890776,329.28380080815197,330.8542146122623,15042000
2021-12-30,328.9347229003906,332.62811104177933,328.4500259833207,331.4454493807866,15994500
2021-12-31,326.0266418457031,328.9735787092723,325.57102541994135,328.14961736323534,18000800
2022-01-03,324.5046081542969,327.6551383305522,319.68671928603504,325.08625041123946,28865100
2022-01-04,318.9402770996094,324.94082734218637,316.1387146989663,324.5821267708263,32674300
2022-01-05,306.69683837890625,316.09026737820085,306.3090867462832,315.8866733646423,40054300
2022-01-06,304.2733459472656,308.9458313978056,301.9564804488897,303.56567778767305,39646100
2022-01-07,304.428466796875,306.8131674930467,300.5993490816287,304.5350859251237,32720000
2022-01-10,304.6513671875,305.08760621418344,295.3645879565641,300.01766618462113,44289500
2022-01-11,305.3396911621094,306.91977831660637,300.40547992451036,303.78865505675424,29386800
2022-01-12,308.5289611816406,313.51165962850143,307.3753801663885,309.8861361997385,34372200
2022-01-13,295.47119140625,311.0590588526102,294.6956882705363,310.6616038809037,45366000
2022-01-14,300.7059631347656,301.3069825464873,294.45336140484744,294.93805829604884,39846400
2022-01-18,293.38702392578125,300.31818359101004,292.50487202896295,294.7635761210545,42333200
2022-01-19,294.0462951660156,304.30250116535393,293.4356017418671,296.9157229614842,45933900
2022-01-20,292.3691711425781,302.11156683740717,291.9232582853758,299.6105438916935,35380700
2022-01-21,286.9696350097656,294.80232361257026,286.56247661178855,293.4258010333453,57984400
2022-01-24,287.2992248535156,288.01656677151595,267.6011364861104,283.2568694279383,85731500
2022-01-25,279.660400390625,285.96145992153714,276.4420355444881,282.59766234246206,72848600
2022-01-26,287.62884521484375,299.0580071592012,284.06148289400227,298.5636068216338,90428900
2022-01-27,290.6630554199219,297.8947254313369,288.81150957189453,293.3967532426776,53481300
2022-01-28,298.8253479003906,299.0386157237619,285.4380216361503,291.0411167226666,49743700
2022-01-31,301.4621276855469,302.81927323790046,296.99320639325083,299.49425923874566,46444500
2022-02-01,299.31005859375,301.1228203841136,295.7911541378428,300.90955255092064,40950400
2022-02-02,303.8661804199219,305.47537772113645,299.4263697135264,300.1534150830392,36636000
2022-02-03,292.0299377441406,301.7045003566659,290.7794112211101,300.0177347073169,43730000
2022-02-04,296.57635498046875,299.34880717402064,290.78907254882864,291.02171760463654,35096500
2022-02-07,291.73907470703125,298.4181825772787,290.7211934712144,296.799311504928,28533300
2022-02-08,295.2386169433594,296.20801088645777,290.7697250657824,292.02992535838814,32421200
2022-02-09,301.68511962890625,302.38308454123177,297.9820567725282,300.38613512777016,31284700
2022-02-10,293.1253356933594,299.6590411901458,291.496761022089,294.7345331364793,45386200
2022-02-11,286.0099182128906,294.9768097084433,285.2150082991795,293.91047074901945,39175600
2022-02-14,285.9712219238281,287.6773647823829,282.4329398404649,284.7788566874214,36359500
2022-02-15,291.2737731933594,291.59366014918345,287.9293525556165,290.8278603028446,27058300
2022-02-16,290.93377685546875,292.26458771929816,285.2802319066826,289.836092086114,29982100
2022-02-17,282.41461181640625,288.3109764117442,281.70548045213417,287.88355882844604,32461600
2022-02-18,279.6946716308594,285.4550557395537,278.12101131803615,284.6682255831421,34264000
2022-02-22,279.4907531738281,283.20150223418443,276.3628490914678,276.8485482990099,41736100
2022-02-23,272.2537536621094,283.35685724372496,272.08863257472035,281.88031305688963,37811200
2022-02-24,286.1641540527344,286.71785806769293,263.7539934498833,264.7156976981578,56989700
2022-02-25,288.806396484375,289.11725102312295,283.3082791147429,286.6984789913166,32546700
2022-02-28,290.2441101074219,290.58410544575923,284.61970557723305,285.892234995096,34627500
2022-03-01,286.5140075683594,291.3904175047207,283.79407390429003,287.92251764651576,31217800
2022-03-02,291.6040344238281,292.8474229613041,285.2996694538975,286.912164413902,31873000
2022-03-03,287.4562072753906,294.459980944355,285.6396674940799,294.2268548311277,27314500
2022-03-04,281.5694580078125,287.20358515425295,278.9564242158944,285.87277441074184,32356500
2022-03-07,270.9327087402344,281.40438143444726,270.56357263581685,280.27755582691316,43157200
2022-03-08,267.96014404296875,275.83816758803823,262.2774598179698,269.8543523548255,48159500
2022-03-09,280.2484436035156,281.3169877923011,272.7492466304852,275.3331699798294,35204500
2022-03-10,277.4216003417969,278.4027219816775,272.55488601450895,274.925099925405,30628000
2022-03-11,272.0595703125,281.2295740286953,271.43786107661583,279.7238886481978,27209300
2022-03-14,268.5333557128906,277.23707641662975,267.93109349369803,272.32180325678297,30660700
2022-03-15,278.9370422363281,279.58789220242016,270.7578843795946,272.33154503092817,34245100
2022-03-16,285.9699401855469,286.1447847528413,275.0999915812556,280.8409290538057,37826300
2022-03-17,286.7762451171875,287.155075088872,281.09355838410045,284.90145326576936,30816600
2022-03-18,291.837158203125,292.3908622996214,284.3574097450835,286.92188561378543,43390600
2022-03-21,290.60357666015625,291.55555785519215,286.46540959456127,290.34130973920577,28351200
2022-03-22,295.36334228515625,296.27645898935685,290.2246373680648,291.2251763552564,27599700
2022-03-23,290.9241027832031,294.55715302572054,289.20473825507435,291.914948142402,25715400
2022-03-24,295.40228271484375,295.4994284914666,289.7876007048996,290.58415457058635,24484500
2022-03-25,294.9942626953125,296.7622149202099,290.7298390811115,296.49994802102367,22566500
2022-03-28,301.8134460449219,301.9105621534724,295.62561433366324,295.62561433366324,29578200
2022-03-29,306.3887634277344,306.7870403167867,300.21065437950557,304.93166587278824,30393400
2022-03-30,304.88311767578125,306.91336661945485,302.6683302910486,304.7860015419805,28163600
2022-03-31,299.49176025390625,306.12642619727325,299.08378963331245,304.9218723368905,33422100
2022-04-01,300.5700988769531,301.2597834241502,296.8010684307619,300.5215111712641,27110500
2022-04-04,305.96136474609375,306.0973451110636,300.85179951692544,301.2209356635581,24289600
2022-04-05,301.98828125,305.8641506341934,301.00715956839883,304.30990756419493,23156700
2022-04-06,290.93377685546875,298.2192637550214,288.223567428313,296.4610352881738,40110400
2022-04-07,292.7503356933594,294.9651228945871,287.87392632036267,288.17505745754556,31411200
2022-04-08,288.47613525390625,292.50743200328867,287.80586809966695,291.8468883177177,24361900
2022-04-11,277.1011657714844,284.24092155053177,276.8485926567816,283.44439725253295,34569300
2022-04-12,273.9926452636719,282.42437672042536,272.4675425778269,280.96727904102073,30966700
2022-04-13,279.3935852050781,280.32611930894404,273.25434059478465,274.6434627479795,21907200
2022-04-14,271.82635498046875,280.06382268306834,271.33096203916773,279.85011388563913,28221600
2022-04-18,272.49664306640625,274.3811581581207,270.3790018667597,270.9327060178222,20778000
2022-04-19,277.1399230957031,277.98506451815985,270.44700422483857,271.38926176150375,22297700
2022-04-20,278.16961669921875,281.41411326884315,277.2079418210266,281.12267597761297,22906700
2022-04-21,272.7783508300781,284.91110595859055,272.049802114216,280.3261048543094,29454600
2022-04-22,266.1922302246094,275.09996418217577,265.5608273646732,273.6234200417137,29405800
2022-04-25,272.6909484863281,273.0697784310283,263.0255229577328,265.4734657946964,35678900
2022-04-26,262.4912109375,270.39837651321244,262.2775021573608,269.5629883283986,46518400
2022-04-27,275.11944580078125,282.6477831207664,271.17557081505095,274.031484376404,63477700
2022-04-28,281.3460998535156,282.6574935130097,273.4097625442166,277.03308894590896,33646600
2022-04-29,269.5824890136719,281.58898935295827,268.59167326000477,280.35529434040376,37073900
2022-05-02,276.33367919921875,276.79023759197617,268.3196431194536,269.76701711906315,35151100
2022-05-03,273.7205810546875,276.0033727323189,272.1371972603151,275.83822199618373,25978600
2022-05-04,281.6861267089844,282.5603793648833,268.8150975432188,274.5074780995146,33599300
2022-05-05,269.4173278808594,278.15991269271166,266.49340947413936,277.3730824312229,43260400
2022-05-06,266.8722839355469,271.2629938805999,263.51122424281493,266.9499827611978,37780300
2022-05-09,257.0125732421875,264.570051538234,255.7886314279648,262.3358470968672,47726000
2022-05-10,261.7918701171875,265.92031333795944,257.48858229827016,263.9192349954693,39336400
2022-05-11,253.09779357910156,263.598605933196,251.8835458078629,258.08107117542045,48975900
2022-05-12,248.04656982421875,252.4470030791801,242.86901493975182,250.31963836207385,51033800
2022-05-13,253.65151977539062,255.51661755817597,248.04656224715404,249.98935885039046,34925100
2022-05-16,254.02064514160156,258.21709274203937,248.46424590529656,252.52468351978652,32550900
2022-05-17,259.18853759765625,260.6553290764096,254.9532250048792,258.49882336445273,28828800
2022-05-18,247.38772583007812,256.656980355756,246.1122326211362,256.0727779613794,31356000
2022-05-19,246.47247314453125,250.88316985796476,245.24566599039852,247.2124499404851,32692300
2022-05-20,245.9077606201172,251.7302626962446,239.94896148794473,250.4644858725116,39199300
2022-05-23,253.78466796875,254.6122855471252,246.75483618115436,248.7605898013846,33175400
2022-05-24,252.7818145751953,254.44676623936746,246.8230151760362,251.09740039179286,29043900
2022-05-25,255.6054229736328,257.6111618480984,250.35740670345945,251.34081362161467,28547900
2022-05-26,258.8963928222656,260.0745140342106,254.5441279914447,255.36199947266203,25002100
2022-05-27,266.0430603027344,266.1404323228601,260.5126742393116,261.40845522519186,26910800
2022-05-31,264.7091369628906,267.53274712702495,261.846572049841,265.3517566080413,37827700
2022-06-01,265.24468994140625,270.37587169394226,262.9273724680771,267.9514657945236,25292200
2022-06-02,267.3478088378906,267.41597223525304,254.70970880591457,257.48464843811894,44008200
2022-06-03,262.90789794921875,266.2475773225022,261.34031820797634,263.19026792194273,28059000
2022-06-06,261.67138671875,266.95835867538005,260.18168661733006,264.8942021650492,22400300
2022-06-07,265.32257080078125,265.9359818654596,258.9353582624585,259.6169327151611,22860700
2022-06-08,263.2876281738281,265.8094061537368,262.5086816828443,264.5533753652425,17372300
2022-06-09,257.8156433105469,265.5270199603348,257.6598540218745,260.72687950108036,26439700
2022-06-10,246.32644653320312,253.71651344444265,245.87855603655115,253.71651344444265,31422800
2022-06-13,235.87905883789062,242.46101532020856,235.16829061749948,238.653998046273,46135800
2022-06-14,238.05035400390625,239.26743010443914,235.14883388327794,237.43694289503415,28651500
2022-06-15,245.1288299560547,248.57559739959135,239.92948501310266,241.7697032729962,33111700
2022-06-16,238.5177001953125,240.90316631225872,236.61906450455473,239.50109230773435,33169200
2022-06-17,241.12709045410156,243.90202966853337,237.60244312287517,238.2547940740926,43084800
2022-06-21,247.05670166015625,248.0400937392602,242.938105697185,243.6683513117265,29928300
2022-06-22,246.46278381347656,250.3963820965906,243.77547027076463,245.2554389713244,25939900
2022-06-23,252.04183959960938,252.53841615379295,246.94961224502794,248.83851671782892,25861400
2022-06-24,260.64898681640625,260.92161062965107,254.82648500967505,254.91411090888582,33923200
2022-06-27,257.9129943847656,261.23315118888274,256.3453852230229,261.1455252924523,24615100
2022-06-28,249.7245330810547,259.87980811002035,249.56874378715275,257.0269890927544,27295500
2022-06-29,253.40496826171875,255.06991990293363,249.02347982307,250.8052808624802,20069800
2022-06-30,250.06529235839844,252.69418842670288,246.23881251252155,250.27949892480672,31730900
2022-07-01,252.7428436279297,252.927841546958,247.90376338375472,249.63689318171868,22837700
2022-07-05,255.92672729492188,256.05330794326875,248.0303382275018,249.41293467301924,22941000
2022-07-06,259.1982421875,260.93135728272176,255.4885967886615,256.8030448567487,23824400
2022-07-07,261.3305358886719,261.9731555407947,258.03955784314934,258.1369298596105,20859900
2022-07-08,260.61004638671875,261.0384595044661,256.35515355768905,257.81564471898173,19658800
2022-07-11,257.54302978515625,259.50981391999767,255.2743834632221,258.652987654912,19455200
2022-07-12,246.98854064941406,258.93536317826056,245.40146874432753,258.8769459056364,35868500
2022-07-13,246.06358337402344,246.87172370233074,241.5750060391852,243.60022249020474,29497400
2022-07-14,247.38772583007812,248.41980385084383,239.46212789733588,243.9701819365623,25102800
2022-07-15,249.95822143554688,253.51207769247128,248.05958569750663,248.98456055892254,29774100
2022-07-18,247.55325317382812,253.96967414471678,246.6282784047325,252.90838746077426,20975000
2022-07-19,252.69418334960938,252.87918127659822,246.99826179190453,250.7955329257847,25012600
2022-07-20,255.36199951171875,257.893523457075,252.0905135863491,253.05442824047253,22788300
2022-07-21,257.8643493652344,257.91305023853096,250.26006010817883,252.94737370240864,22404700
2022-07-22,253.50230407714844,258.34139929761113,252.24630307646098,258.2537733938726,21881300
2022-07-25,252.0126190185547,254.61230650318151,250.0458348430974,254.1254760892175,21056000
2022-07-26,245.26515197753906,253.03497593453565,242.99653536539577,253.0154837015324,39348000
2022-07-27,261.66156005859375,262.93705316460915,252.03207144255825,254.2812252227085,45994000
2022-07-28,269.129638671875,270.52196676071975,260.81456547083724,262.6450528920928,33459300
2022-07-29,273.3455505371094,274.5723727749365,269.3438185156599,270.3856428060759,32152800
2022-08-01,270.68743896484375,273.87129897154,268.5745820293401,270.50244104227005,21539600
2022-08-02,267.58148193359375,270.5706278744579,265.2057470824451,268.7303946053114,22754200
2022-08-03,275.0299377441406,276.03280707158194,269.3242706194743,269.470343494758,23518900
2022-08-04,276.17889404296875,276.3249372276528,272.7905733032149,274.3776155284762,18098700
2022-08-05,275.4583435058594,276.1788428927064,271.33974817793603,271.79736988103866,16774600
2022-08-08,272.93658447265625,278.38909053353035,271.96292373727755,276.56831999880745,18739200
2022-08-09,274.8643798828125,275.62383397438697,270.29790921880596,272.27446879357535,23405200
2022-08-10,281.54376220703125,282.1766357881288,279.3822340293261,280.57984751757147,24687800
2022-08-11,279.4601135253906,283.53975467502244,278.9635667202551,283.18925104786797,20065900
2022-08-12,284.2213439941406,284.2213439941406,279.382248352061,280.8816943899118,22619700
2022-08-15,285.7402038574219,286.4314946274058,282.4686884881546,283.3352607647853,18085700
2022-08-16,285.0002136230469,286.2951989866946,282.77055202611706,284.29917673431896,18102900
2022-08-17,284.24896240234375,286.2296881753284,282.44386044524725,282.7072961690795,18253400
2022-08-18,283.12689208984375,284.82464859302553,282.0633227973531,283.14639592226945,17186200
2022-08-19,279.20440673828125,282.22916781980774,278.6287311100717,281.88765725342205,20570000
2022-08-22,271.0082702636719,275.6039377243286,270.4911359615329,275.23315656867504,25061100
2022-08-23,269.7301330566406,272.0913771117212,268.71536804172104,269.7301330566406,17527400
2022-08-24,269.09588623046875,270.5009361638899,268.4323689230805,268.7251050290327,18137000
2022-08-25,272.08160400390625,272.24746099453296,267.8566874918669,270.5984792302735,16583400
2022-08-26,261.5827941894531,273.5354566259213,261.47547845229536,272.306030389581,27549300
2022-08-29,258.7922058105469,260.9095177308766,257.44569714689953,259.3971520734982,20338500
2022-08-30,256.5870666503906,260.5680218228097,254.33313846551115,260.1972703784425,22767100
2022-08-31,255.12353515625,260.6266241644435,254.98691897880607,258.9484010256596,24791800
2022-09-01,254.0794219970703,254.55754869576876,249.21055155068686,252.58656018980582,23263400
2022-09-02,249.84475708007812,258.3140638137126,248.29335407849214,255.34787394019799,22855400
2022-09-06,247.1029510498047,251.57176920488985,245.82475060519835,249.98135863910525,21328200
2022-09-07,251.82550048828125,252.54752929130373,247.07371244859434,248.51778494305904,24126700
2022-09-08,252.24502563476562,254.1086684600243,248.60556676158387,251.25956125235498,20319900
2022-09-09,258.0408630371094,258.79219220151697,253.97209640414405,254.17699082314724,22084700
2022-09-12,260.1777648925781,260.9583648576095,258.72394026192035,259.32888662429224,18747700
2022-09-13,245.87356567382812,254.07942221942037,245.48326576047728,252.55728977840053,33353300
2022-09-14,246.09799194335938,248.0591988641248,243.79527444125134,247.37619258985976,23913000
2022-09-15,239.4240264892578,245.29789551034108,238.09703645062885,243.7074697578199,31530900
2022-09-16,238.799560546875,239.34596558037185,236.18460303002797,238.33120061380296,39791800
2022-09-19,238.5848846435547,239.18983090941896,235.00396662261346,236.58464035647546,26826900
2022-09-20,236.5651092529297,237.5993779327107,233.8233175935505,236.1943429586275,26660300
2022-09-21,233.1500701904297,241.6486627940409,233.10128084045706,238.3409473483979,28625600
2022-09-22,235.13079833984375,237.9408981793507,231.8035790277941,232.09628535405986,31061200
2022-09-23,232.1450958251953,235.27718779697258,229.4911157105166,233.72576968451835,34176000
2022-09-26,231.68649291992188,235.58940293714832,231.14983981486918,231.29620787356728,27694200
2022-09-27,230.67172241210938,235.93089259844146,228.80807947091677,234.1550615516291,27018700
2022-09-28,235.21861267089844,236.4480238413735,229.03248960797112,231.06200439699091,29029700
2022-09-29,231.73529052734375,234.12582002036274,228.72029600486158,233.0915512111038,27484200
2022-09-30,227.24691772460938,234.70147486593402,227.0810458443,232.50608809787929,35694800
2022-10-03,234.89663696289062,235.74551509921386,228.96421214667737,229.696007750658,28880400
2022-10-04,242.8390655517578,244.2831380864936,239.03371935950005,239.14104998029651,34888400
2022-10-05,243.15127563476562,244.49778426938553,238.17507461226543,240.0191988826096,20347100
2022-10-06,240.79978942871094,244.2636251213658,240.10703122323224,241.91211821206613,20239900
2022-10-07,228.55441284179688,235.46256526438881,227.51037728003038,235.05274661637694,37769600
2022-10-10,223.68551635742188,228.86662669875534,221.2266790317585,227.39328361932908,29743600
2022-10-11,219.93873596191406,223.5001353267126,218.67028725375982,222.0950853661984,30474000
2022-10-12,220.27049255371094,222.32927826237437,218.52394680485463,219.92898195872448,21903900
2022-10-13,228.55441284179688,230.36926657051526,213.81116985788702,214.51369484245026,42551800
2022-10-14,223.01226806640625,231.48159024439008,222.79760683202377,229.82284163535834,30198600
2022-10-17,231.7645721435547,233.1598703325027,229.43258381024145,230.0960863102198,28142300
2022-10-18,232.7110137939453,238.0092070873405,229.65698188845562,237.33596760402114,26329600
2022-10-19,230.74005126953125,233.79408332375263,228.6032055120039,231.2864563258372,19985700
2022-10-20,230.41802978515625,235.4527869659191,229.16909984877745,230.0472634808189,21811000
2022-10-21,236.2431182861328,237.1017631804631,228.80808010624938,229.04226004699913,26299700
2022-10-24,241.24862670898438,241.824302366333,235.44305100550176,237.84333234120828,24911200
2022-10-25,244.5758514404297,244.94661775526365,239.8630859691524,241.25836910616306,34775500
2022-10-26,225.70529174804688,232.51586550821546,224.47586557326218,225.55892369044773,82543200
2022-10-27,221.24620056152344,228.0177514856638,220.2997437384998,225.4320647952228,40424600
2022-10-28,230.14483642578125,230.85712820733676,220.5632002940726,220.7485908978084,40647700
2022-10-31,226.49562072753906,229.2178937981287,225.53939709423386,228.08604636794266,28357300
2022-11-01,222.63172912597656,230.017993023999,221.81212164618157,228.90566433330028,30592300
2022-11-02,214.75765991210938,225.6858065224099,214.6991037473276,223.890471234748,38407000
2022-11-03,209.0496063232422,215.0600909930844,208.7861557427822,214.74785106240304,36633900
2022-11-04,216.0163116455078,216.21145416874165,208.2495141580714,212.2695216011054,36789100
2022-11-07,222.33901977539062,222.86592096080787,215.90897914921476,216.60175222236109,33498000
2022-11-08,223.31475830078125,226.02727968287536,220.35830503261087,223.1488864048599,28192500
2022-11-09,219.06056213378906,223.08056930959873,218.88493834107902,221.85114320695158,27852900
2022-11-10,237.08226013183594,237.42377070694712,229.29595897044808,229.71551464254821,46268000
2022-11-11,241.1119842529297,241.9706290788093,236.05770887570787,237.09199236525274,34620200
2022-11-14,235.6869659423828,237.98968329468502,233.40376730762415,236.11628839782514,31123300
2022-11-15,236.09678649902344,241.00469467728894,234.20387274977523,239.69722338869778,31390100
2022-11-16,236.5272979736328,238.55275301784232,235.24549518389762,237.5644814544757,24093300
2022-11-17,236.4783477783203,238.01456405307493,232.51552730981578,232.66229290850993,23123500
2022-11-18,236.02828979492188,238.49405671182296,233.88542217086078,238.26899618839067,27613500
2022-11-21,236.84042358398438,239.4040292254599,235.99893254382687,236.23375753060137,26394700
2022-11-22,239.7562713623047,240.03024378872047,235.5292575473347,238.34726178052222,19665700
2022-11-23,242.25140380859375,242.93633491013367,239.0126464403006,239.83456376214852,19508500
2022-11-25,242.16334533691406,243.34729447460518,241.4196930550139,241.9872116642194,9200800
2022-11-28,236.55665588378906,241.34140906534282,235.61732607964368,240.78368479357738,24778200
2022-11-29,235.15744018554688,237.56448586876186,233.08307318531638,236.20440308326351,17956300
2022-11-30,249.648681640625,249.83459470450774,234.69755065431445,235.3922760619219,47594200
2022-12-01,249.20835876464844,250.60757398456622,245.5194955651915,248.40600029951568,26041500
2022-12-02,249.53126525878906,250.54887499999236,244.31597987547545,244.44318669201743,21528500
2022-12-05,244.8150177001953,248.35711568212665,242.72107687347514,246.5860592259716,23435300
2022-12-06,239.84434509277344,246.43928730732753,238.53318912634793,245.42167750975,22463700
2022-12-07,239.1104736328125,240.86195621878957,236.99697418329282,239.56057972367816,20481500
2022-12-08,242.07525634765625,243.38642715920767,237.8286688296212,239.57035707306187,22611800
2022-12-09,240.13787841796875,242.96567699688347,238.905002491201,239.43337362256503,20609700
2022-12-12,247.07528686523438,247.10463998852305,241.8502218945569,242.12419433216994,30665100
2022-12-13,251.390380859375,258.23972140913565,247.62323758485567,256.05770645555435,42196900
2022-12-14,251.68392944335938,256.93834770699095,248.83655694939137,251.5958700706499,35410900
2022-12-15,243.650634765625,248.72893450129712,242.01657941484757,248.25926956302303,35560400
2022-12-16,239.42361450195312,244.46276665797367,238.26900351655553,243.20053750203124,86102000
2022-12-19,235.2748565673828,239.93241792766776,233.57231567315546,239.58994491104272,29696400
2022-12-20,236.59579467773438,237.68190498867048,233.2885368978721,234.24744039254352,25150800
2022-12-21,239.169189453125,240.33357978118056,234.94217545446557,236.48817131663884,23690600
2022-12-22,233.06349182128906,236.78170824975606,228.83646305704173,236.0674091280564,28651700
2022-12-23,233.59185791015625,233.72884412102013,228.9049586888203,231.02825242239908,21207000
2022-12-27,231.8599853515625,233.78757187810967,230.75430123545564,233.56252628177612,16688600
2022-12-28,229.48223876953125,234.56053743355008,229.12998640756533,231.79144538011323,17457100
2022-12-29,235.8227996826172,236.71321757486763,230.57816095790326,230.57816095790326,19770700
2022-12-30,234.65843200683594,234.79541823089357,231.5664401719597,233.08308296498396,21938500
2023-01-03,234.423583984375,240.46078689316013,232.290495791577,237.84825439790933,25740000
2023-01-04,224.1691436767578,227.8579921549362,221.0967257126789,227.28069416142324,50623400
2023-01-05,217.52528381347656,222.6525101847704,216.9871183182412,222.31003716133554,39585600
2023-01-06,220.08889770507812,220.90103567706186,214.62900736635714,218.20044363304228,43613600
2023-01-09,222.23175048828125,226.26308695168126,221.53703999477176,221.57617251580095,27369800
2023-01-10,223.9245147705078,226.3315603384629,222.43722523551887,222.85796326790341,27033900
2023-01-11,230.69558715820312,230.87170589795403,226.1358795554185,226.31199829516942,28669300
2023-01-12,233.37660217285156,234.73668494527053,228.53314279943885,230.1965511287431,27269500
2023-01-13,234.08111572265625,234.21810194476328,229.86388103095572,231.89911556681622,21333300
2023-01-17,235.17703247070312,235.72497738718545,231.98718681629944,232.84825164527405,29831300
2023-01-18,230.73472595214844,237.16332887463713,230.45097410915378,236.37076466345434,30028700
2023-01-19,226.93821716308594,230.4509617716894,225.71512062356072,228.74840601373435,28623000
2023-01-20,235.04981994628906,235.55863232657438,229.46270795242353,229.80518098211877,35389800
2023-01-23,237.35902404785156,239.8932766589855,234.49207780928063,235.9108818315434,31934000
2023-01-24,236.8306427001953,238.69953795471773,235.2650879547733,237.28074883436128,40234400
2023-01-25,235.431396484375,238.06350250540547,225.93037643234288,229.43332655230378,66526600
2023-01-26,242.66236877441406,242.96569434652147,236.79150501374275,238.4059865757759,33454500
2023-01-27,242.8189239501953,244.45297920647357,241.51754738385625,243.6310618794315,26498900
2023-01-30,237.48622131347656,240.31401998539118,236.98718835759996,239.24746842953175,25867400
2023-01-31,242.4764404296875,242.61342664492787,237.72104048580297,238.21027910171549,26541100
2023-02-01,247.3101043701172,249.68779672329654,240.18679177695304,242.66233781914565,31259900
2023-02-02,258.905029296875,258.9930886466887,251.71321712126053,253.2494332319818,39940400
2023-02-03,252.78956604003906,258.5136630762387,251.56646965883192,253.95395618380834,29077300
2023-02-06,251.24359130859375,252.74066029817823,249.29643114757204,251.8991842011105,22518000
2023-02-07,261.8013610839844,262.98531015234266,254.48234077073667,254.92266746149838,50841400
2023-02-08,260.98919677734375,270.8033204877072,260.48036959562694,267.31994454545406,54686000
2023-02-09,257.9461669921875,268.0832067953903,257.1438084833281,267.9070581968134,42375100
2023-02-10,257.4373474121094,258.40603024749146,255.04986074687702,255.9011311004859,25818500
2023-02-13,265.48040771484375,268.6898113331747,261.400145164768,261.8796192378384,44630900
2023-02-14,266.31219482421875,269.0519194736593,263.4843809353684,266.8014335016731,37047900
2023-02-15,264.18353271484375,265.5666447691535,261.1034044657681,263.2026047275784,28922400
2023-02-16,257.1502990722656,261.6527555228092,256.90506704379015,258.9846298555741,29603600
2023-02-17,253.13827514648438,255.12955777223888,251.11756587840034,254.4429261393681,30000100
2023-02-21,247.85107421875,250.6172983438043,246.79167019007645,249.62655149140514,28397400
2023-02-22,246.7132110595703,249.4892392663738,245.56552702514333,249.2440072512969,22491100
2023-02-23,249.91104125976562,251.94155452190677,245.70285158085764,250.68596782653108,29219100
2023-02-24,244.46688842773438,246.21293914937976,243.3682538076719,245.19278056900376,24990900
2023-02-27,245.38897705078125,247.99824938864867,244.63365822291965,247.6451146739916,21190000
2023-02-28,244.66307067871094,246.69359891216772,243.98622793422533,244.3197548443397,22491000
2023-03-01,241.57313537597656,246.144248340917,241.1022791735545,245.9774923821407,27565300
2023-03-02,246.32083129882812,246.60529383372395,240.92572728524587,241.84780200241096,24808200
2023-03-03,250.4210968017578,250.74480483048058,246.59548367643978,247.38022905203076,30760100
2023-03-06,251.9709930419922,255.15900932631095,251.0979676428436,251.53938228865584,24109800
2023-03-07,249.30287170410156,252.7753655750459,248.5573717332823,251.41186114109584,21473200
2023-03-08,248.86143493652344,249.68541087859464,246.0265535659087,249.19494687006076,17340200
2023-03-09,247.50778198242188,254.60969174965638,246.78188980997717,250.94103028534124,26653400
2023-03-10,243.84889221191406,247.9687868907418,242.87778305422765,246.29140836322506,28333900
2023-03-13,249.07723999023438,252.9911481619017,241.04343714552314,242.6815851358712,33339700
2023-03-14,255.81619262695312,256.0908512385294,250.98021034956767,251.85323557231487,33620300
2023-03-15,260.3775329589844,261.39770646973017,254.2663406895164,255.02167441477647,46028000
2023-03-16,270.932373046875,271.285492819686,258.2587678945706,260.1519520817623,54768800
2023-03-17,274.1007385253906,277.926352222168,271.05006642858564,272.95306938413273,69527400
2023-03-20,267.0380554199219,272.1879277131166,264.70344185731915,271.6974636851933,43466600
2023-03-21,268.5585021972656,269.7552357131241,264.3797387846606,269.6375291272283,34558700
2023-03-22,267.09686279296875,275.67998180614,266.988945158892,268.18567837872166,34873300
2023-03-23,272.364501953125,275.6996515319118,269.9514271903419,272.63916062583564,36610900
2023-03-24,275.2189636230469,275.2778169055255,270.02984635718013,271.95245676775505,28172000
2023-03-27,271.1089172363281,276.0920188893076,270.26530349087056,275.150336280782,26840200
2023-03-28,269.9808654785156,270.87351368720647,266.86149121075977,270.53018284762516,21878600
2023-03-29,275.1601257324219,275.778115168562,273.1001709238038,273.63966935521813,25087000
2023-03-30,278.6325988769531,279.034782967191,276.1116365553152,278.80918867585996,25053400
2023-03-31,282.8015441894531,283.75304559318363,277.6026375106462,278.3187257622944,32766000
2023-04-03,281.751953125,282.7720966657289,278.53451056340606,281.0554727089369,24883300
2023-04-04,281.702880859375,284.91053440736965,280.22170001439565,281.75194521809124,25824300
2023-04-05,278.9171142578125,281.67352004035706,277.5242130103723,280.3983253844693,22064800
2023-04-06,286.03857421875,286.5094004398076,276.65108727435404,277.8085749818448,29770300
2023-04-10,283.87078857421875,284.0767750869852,279.280022455151,283.69419877058414,23103000
2023-04-11,277.43585205078125,280.52579918788547,276.26857527576567,280.30017497191614,27276600
2023-04-12,278.0832824707031,281.53616835496916,276.58246375618245,279.35850689315987,27403400
2023-04-13,284.31219482421875,284.37104811494265,277.76942120916596,278.18139424423316,24222700
2023-04-14,280.6827392578125,282.9781070789799,278.27945379517104,281.526322929585,20987900
2023-04-17,283.2919616699219,286.03857771367035,280.70232761583475,284.4004149714436,23836200
2023-04-18,282.8702087402344,286.1955691018291,281.53616100019883,286.0091903829201,20161800
2023-04-19,282.9486999511719,283.53723281599844,279.11326779246525,280.5355954631928,17150300
2023-04-20,280.6532897949219,283.51761266618416,279.6429351736415,279.80970610176666,23244400
2023-04-21,280.30999755859375,280.810250487239,277.6614799588713,279.57430155150945,21676400
2023-04-24,276.3960876464844,279.5154616165311,273.40426904899283,276.70999180903164,26611000
2023-04-25,270.167236328125,276.22936493295845,270.11817196073184,274.1792287517983,45772200
2023-04-26,289.7366638183594,293.8565728984229,287.14702977545284,291.04131466578156,64599200
2023-04-27,299.01629638671875,299.3792649257392,289.6190184598168,290.325287881764,46462600
2023-04-28,301.3999938964844,303.0381271482286,297.5253157175753,298.2119773989559,36469600
2023-05-01,299.73236083984375,302.7143903771624,299.33017676280843,301.1154729285125,21294100
2023-05-02,299.5852355957031,303.2833235211519,298.11384353910654,301.8904224714807,26404400
2023-05-03,298.5944519042969,302.7241500523143,298.2903666449146,300.7721130771422,22360800
2023-05-04,299.5852355957031,301.8904224714807,297.61356066048836,300.39939269537876,22519900
2023-05-05,304.7252502441406,306.02008227407686,298.4669253683265,299.889282816664,28197100
2023-05-08,302.7634582519531,304.28391479928877,300.2522846595883,304.2152426463564,21318600
2023-05-09,301.1449279785156,304.1269577971299,300.4680851917981,302.1258560826802,21340800
2023-05-10,306.3536376953125,307.03048044641207,301.8021470979915,302.73401078657963,30078000
2023-05-11,304.19561767578125,305.1863646978888,300.41906820391165,304.1858287503453,31680200
2023-05-12,303.07733154296875,304.7252834320708,300.7525369252092,304.62718464295926,19774700
2023-05-15,303.5580139160156,303.98962469259277,301.72368308333836,303.2048941545713,16336500
2023-05-16,305.7944641113281,307.726893335858,303.92088816790715,303.92088816790715,26730300
2023-05-17,308.6847229003906,309.10743681750125,305.47989738715967,307.0036775549358,24315000
2023-05-18,313.1282043457031,313.6394211850269,308.4094689120249,309.20575514144576,27276000
2023-05-19,312.9512634277344,313.35432671083794,311.0146096045722,311.37834159149793,27546700
2023-05-22,315.74322509765625,317.129360952399,312.6269020066113,313.20691119388795,24115700
2023-05-23,309.9234313964844,317.2571435018196,309.91359107162907,314.612676200923,30797200
2023-05-24,308.5372619628906,311.14239768103363,307.3182318525054,309.4023704280069,23384900
2023-05-25,320.4029541015625,321.36634580570205,314.5831525784272,317.76829739796784,43301700
2023-05-26,327.2550354003906,327.75638199995535,318.3975421291628,318.5351566855749,36630600
2023-05-30,325.6033935546875,330.0567102220312,324.9250712145435,329.5553637104811,29503100
2023-05-31,322.8311767578125,330.2533617664541,321.78909235828155,326.6651533185743,45950600
2023-06-01,326.9501953125,327.8841260635335,319.2232608919035,320.41277005822946,26773900
2023-06-02,329.7224426269531,331.7869004521861,326.9206805784931,328.59191548486876,25873800
2023-06-05,330.25335693359375,332.8290019187476,328.99502541409146,329.5455435788118,21307100
2023-06-06,328.0315856933594,329.6929804213879,326.54716679509426,329.6536491257751,20396200
2023-06-07,317.9059143066406,328.827832785805,317.0408059120564,326.0359111493643,40717100
2023-06-08,319.7541198730469,321.1107645064962,317.87644809786565,318.45645718009644,23277700
2023-06-09,321.2582702636719,324.4040842590463,318.9185529165109,319.488721765344,22529000
2023-06-12,326.2325744628906,326.4783425572576,319.6558178575519,323.0179085879385,24260300
2023-06-13,328.6312561035156,331.27572305928487,324.79728003412475,328.80820192187525,22951300
2023-06-14,331.629638671875,333.3008737465053,327.1763219152769,328.68042148204876,26003800
2023-06-15,342.20751953125,343.9180559623726,331.4920360241556,331.7672951050373,38899100
2023-06-16,336.53515625,345.52045224652784,336.16161394464854,345.3729973890222,46552000
2023-06-20,332.32763671875,336.28941757561955,330.17470560784415,333.5663176321454,26375400
2023-06-21,327.91363525390625,332.0130604612283,326.4488669428893,330.67606636446294,25117800
2023-06-22,333.95953369140625,334.3625969961484,327.69736698314864,328.4641622943436,23556800
2023-06-23,329.34893798828125,332.2391735369446,327.8055369647912,328.70010653848016,23146900
2023-06-26,323.0375671386719,330.42041978775774,322.9294135840349,328.0708925668433,21520600
2023-06-27,328.9065856933594,330.4598271003862,323.72577422605696,326.2424375190833,24354100
2023-06-28,330.1648254394531,332.25877415923435,328.15934962319983,328.9949670467207,20259500
2023-06-29,329.37841796875,330.4204723833769,326.9895590748973,329.04417693018956,16997000
2023-06-30,334.7755126953125,336.9284438391697,331.4920541930487,332.032732059811,26832800
2023-07-03,332.2686767578125,335.12942143696404,330.8727305576036,333.4483758011096,12508700
2023-07-05,332.4259033203125,335.86665648494886,329.06381274284894,329.4177043821665,18172400
2023-07-06,335.49310302734375,337.183988734617,329.8207861493633,331.5903044472357,28161200
2023-07-07,331.51165771484375,336.00430553625574,331.29538059868645,333.5761156416205,21214800
2023-07-10,326.212890625,329.55536067649837,322.0446733856095,328.93602028459145,32791400
2023-07-11,326.842041015625,327.22542360300366,321.4646344623469,325.4559055054398,26698200
2023-07-12,331.49200439453125,335.86665829831014,329.9879049173375,330.9021549914973,29995300
2023-07-13,336.859619140625,337.92132421715075,333.28122091779636,333.8120884565548,20567200
2023-07-14,339.3959045410156,345.4811250749577,338.48165441257885,341.70613067280914,28352700
2023-07-17,339.87762451171875,341.116275309023,336.40738021266617,339.82845289215857,20363900
2023-07-18,353.4046630859375,360.57126878762074,336.3778730937699,339.97589142858743,64738600
2023-07-19,349.0693359375,356.3244150776322,346.4740403920073,355.6264420712178,39732900
2023-07-20,340.99835205078125,351.9104627618091,339.52374330607455,347.58494977753446,33778400
2023-07-21,337.9508361816406,344.37029866601915,334.0775279750363,343.23977124553153,69405400
2023-07-24,339.26812744140625,341.04751622203986,336.5155365118462,339.99562147356863,26678100
2023-07-25,345.0387268066406,345.9333262001537,339.22876591095803,341.23421180313346,41637700
2023-07-26,332.0523376464844,338.8355608783581,327.47121688450346,335.66022637997355,58383700
2023-07-27,325.1217041015625,335.55208782574067,323.47995999932067,334.71650028968384,39635300
2023-07-28,332.6421813964844,334.25443442734047,327.5302232519615,328.02175941976105,28484900
2023-07-31,330.2337341308594,331.98360201648336,327.7170408786547,331.21680665089514,25446000
2023-08-01,330.6465759277344,332.8093472638062,328.0512803254377,329.5160486388289,18311900
2023-08-02,321.9561767578125,327.9824147290401,320.8354599405336,327.9824147290401,27761300
2023-08-03,321.1304626464844,324.2959572590303,320.4324895800292,320.4816312040504,18253700
2023-08-04,322.2314453125,329.4668732210619,321.7005778570137,326.2620478429963,23741500
2023-08-07,324.52203369140625,325.50510614632094,321.97587963329613,322.8114972201717,17741500
2023-08-08,320.53070068359375,323.18500780512477,317.53234226936974,321.42530004676183,22327600
2023-08-09,316.7754211425781,321.5727891157856,315.61537294318714,320.9436383983928,22373300
2023-08-10,317.4635009765625,322.7032926465346,315.74312461230585,320.5011904996177,20113700
2023-08-11,315.57611083984375,316.9524063309863,313.8065623503819,314.83880646948256,24355500
2023-08-14,318.55487060546875,318.5745212581532,314.6618813022067,315.94973407745005,18836100
2023-08-15,316.4116516113281,319.58698609657176,315.46791055727243,317.53236848882136,16966300
2023-08-16,315.64324951171875,319.6035867530306,315.0521512600074,316.03730499135764,20698900
2023-08-17,312.1755676269531,317.0914758883313,311.5155012961728,315.7812344507663,21257200
2023-08-18,311.7814636230469,313.6532496991234,306.9246328799907,309.8209872544114,24755000
2023-08-21,317.101318359375,317.9780896310704,312.33317744873216,313.2099487204276,24040000
2023-08-22,317.67266845703125,321.23892020655586,316.6875147112175,320.66754426236673,16084600
2023-08-23,322.14532470703125,324.3126753088463,318.65787148938745,319.0125425262804,21166400
2023-08-24,315.2196044921875,328.03646268862536,315.20974333536236,327.90838790790883,23281400
2023-08-25,318.1849365234375,320.5295769549519,314.06697141970284,316.6973448921229,21684100
2023-08-28,318.894287109375,321.30789580516176,316.943671823176,320.8251800789058,14808500
2023-08-29,323.53436279296875,324.09590767397725,317.1013096869728,317.1013096869728,19284600
2023-08-30,323.9087219238281,324.913567962967,321.6034656708571,323.79050827975385,15222100
2023-08-31,322.89398193359375,325.99721003341494,321.9285204975252,324.31260564742706,26411000
2023-09-01,323.7806701660156,327.06121928059684,321.9285761050108,326.3913218734916,14942000
2023-09-05,328.5980224609375,329.8787403792181,323.78063623976607,324.1155849082222,18553900
2023-09-06,327.93798828125,329.4945179929177,325.2780611047277,328.43056516101285,17535800
2023-09-07,325.0120849609375,328.1350055862109,324.14514483010225,326.37160197842854,18381000
2023-09-08,329.307373046875,331.1693282906992,324.5687853410023,325.1894370889437,19530100
2023-09-11,332.92291259765625,333.39579729462235,330.45016667890303,332.2332928393112,16583300
2023-09-12,326.8444519042969,331.7899430173362,326.5587789605408,330.8343426682216,17565500
2023-09-13,331.0707702636719,331.8490501523294,326.2533840096043,326.39128990249543,16544400
2023-09-14,333.6715393066406,335.7994446447609,331.57315730970026,334.1148403918731,20267000
2023-09-15,325.3174743652344,332.39087111470906,324.7559295090808,331.91801655332216,37679800
2023-09-18,324.1747131347656,325.4948156439136,321.5147857988126,322.93340970271976,16834200
2023-09-19,323.77081298828125,324.4998472951053,319.6922916047418,321.32765063479235,16505900
2023-09-20,316.0077819824219,324.69684594431357,315.7516624314958,324.6180468666076,21436500
2023-09-21,314.7861633300781,320.5197651300431,310.32341823236436,314.520182651958,35560400
2023-09-22,312.3035888671875,316.6776737677098,311.4563410385971,316.5495989744166,21447900
2023-09-25,312.8257751464844,312.9538499627099,310.3234758438393,311.88986692369065,17836000
2023-09-26,307.50592041015625,311.190385987701,305.41736910779923,310.4515206404709,26297600
2023-09-27,308.1462707519531,309.6338325713444,305.0922879071992,307.6635249378913,19410100
2023-09-28,308.9836730957031,310.79635260217924,304.8558759902322,306.37299129807553,19683600
2023-09-29,311.0622863769531,314.7270594095326,310.303728837514,313.03259381243663,24147300
2023-10-02,317.0224914550781,317.11118175682213,310.50077789049766,311.5844531197729,20570000
2023-10-03,308.73736572265625,316.6185961714055,306.5897075763458,316.0668823806455,21033500
2023-10-04,314.224609375,315.2885921855911,309.33825553994615,309.36780894776786,20720100
2023-10-05,314.6186828613281,315.22950343215035,310.22490561454885,314.35270217569223,16965600
2023-10-06,322.40142822265625,324.30276775869294,311.60412139660474,311.8504098359206,25673600
2023-10-09,324.9234313964844,325.3962859760922,318.3819957765028,319.9286944478217,19891200
2023-10-10,323.5146484375,326.18440663278744,322.8053365479783,326.0464706793637,20557100
2023-10-11,327.4848327636719,327.87888826275554,324.25352956797366,326.2927750434713,20063200
2023-10-12,326.2435607910156,328.67689206438564,323.83978293130957,325.66232361261683,19313100
2023-10-13,322.8644714355469,328.87388567074674,321.51478545137195,327.4454306740634,21072400
2023-10-16,327.7015686035156,331.14960684186315,325.69184646938805,326.1351476327568,22158000
2023-10-17,327.1301574707031,328.50936673162636,322.5491984669727,324.6968264635894,18338500
2023-10-18,325.2091369628906,330.60779111602983,323.42601082295175,327.5538080369347,23153600
2023-10-19,326.401123046875,331.878575078581,325.9972064320994,327.2187873693203,25052100
2023-10-20,321.8201599121094,326.99221663629453,320.61827124219474,326.7951738781431,25027700
2023-10-23,324.43084716796875,327.79022513571806,319.57404629112153,320.63799913570296,24374700
2023-10-24,325.62286376953125,326.9134127609565,322.73637053310733,326.38142132445483,31153600
2023-10-25,335.6123352050781,341.06023414202036,332.60759828291276,339.8977298889024,55053800
2023-10-26,323.0220947265625,336.5580983520132,322.086186588402,335.48428431504954,37828500
2023-10-27,324.9136047363281,331.7210217801317,323.5245341322268,325.52439534284554,29856500
2023-10-30,332.30224609375,334.41048978500254,326.9035921180138,328.4601520528565,22828100
2023-10-31,333.0903625488281,333.9671639293421,329.7211531293836,333.8193968608595,20265300
2023-11-01,340.9321594238281,342.26212297561244,334.6074592327571,334.7453951862708,28158800
2023-11-02,343.1487731933594,343.6511811792391,339.65145922211735,342.0847902707167,24348100
2023-11-03,347.5622253417969,349.12864623567805,342.1734332140444,344.43930484102884,23637700
2023-11-06,351.2368469238281,352.2318617799553,348.1040653780775,348.2025867608286,23828300
2023-11-07,355.1774597167969,357.0787991287098,352.3205200201419,354.06423123344223,25833900
2023-11-08,357.807861328125,358.4678975179717,355.1971797857397,356.31040835628005,26767800
2023-11-09,355.3351135253906,359.3742499704996,355.0099959471622,356.92119665439174,24847300
2023-11-10,364.1817932128906,364.60540210202504,355.7094651076726,356.1232128388484,28042100
2023-11-13,361.2361755371094,362.9996091955093,360.4677568025591,362.7533207541214,19986500
2023-11-14,364.77288818359375,366.42796942333877,361.8962559120404,365.5019224424188,27683900
2023-11-15,364.92095947265625,368.33650132266115,362.39381940746347,366.51026176358704,26860100
2023-11-16,371.3374938964844,371.5151742717362,365.4244247654556,366.1944031837435,27182300
2023-11-17,365.09869384765625,369.5606164050821,362.28530061072286,368.8103701750915,40157000
2023-11-20,372.5911865234375,374.0028086735615,366.2339161351991,366.4510910910283,52465100
2023-11-21,368.27728271484375,371.3868095328424,366.3523217617588,370.84388727711456,28423100
2023-11-22,372.9958801269531,374.9109599374389,370.1528738051793,373.14394709672723,23345300
2023-11-24,372.58123779296875,373.11430897435366,370.3206785780063,372.48251644448624,10176600
2023-11-27,373.7460632324219,375.75001317380816,371.36705050134447,371.93958610922243,22179200
2023-11-28,377.7835388183594,378.07967272589826,373.30185488928146,373.48941640589766,20453100
2023-11-29,373.9830322265625,379.3629996146164,372.591142464095,378.82995852513955,28963400
2023-11-30,374.0422668457031,375.2071005292818,370.64645702621425,373.6276491974568,30554400
2023-12-01,369.6988220214844,373.3019258337439,366.5399191549517,371.9199171267098,33040500
2023-12-04,364.39776611328125,364.7728590438149,358.2379093318976,364.3582715480311,32063300
2023-12-05,367.73431396484375,368.287117368969,360.9229626368156,361.7423166959654,23065000
2023-12-06,364.0621032714844,369.3729925287451,363.3020061210184,368.7412301197078,21182100
2023-12-07,366.1845703125,366.678147018609,361.6140451938454,363.4995118262456,23118900
2023-12-08,369.4223937988281,369.6494197796378,363.4994739427989,364.45701385787805,20154400
2023-12-11,366.530029296875,366.82619337920636,361.3968499172915,363.7462797263503,27708800
2023-12-12,369.5704650878906,369.60995965587347,365.70081081484244,366.085815070236,24838300
2023-12-13,369.5605773925781,372.7885879751983,366.00681947505166,371.1893743181654,30955500
2023-12-14,361.22900390625,368.9584312025777,359.45213999645404,368.51420016236455,43277500
2023-12-15,365.96734619140625,367.6158752980434,361.57450204697403,362.13718664647274,78502300
2023-12-18,367.8627014160156,368.2082111244825,363.9437012883022,364.70382867203534,21802900
2023-12-19,368.46484375,368.46484375,365.0887662696819,366.7175631601881,20603700
2023-12-20,365.8587646484375,371.19926781243174,365.7699244632415,370.18250108115,26316700
2023-12-21,368.7412414550781,369.6000599811611,365.28620500497976,367.77382040386084,17708000
2023-12-22,369.7679138183594,370.3602118938799,367.9219417479868,368.87948176784437,17107500
2023-12-26,369.84686279296875,372.097571135072,368.70176133814033,370.18249130335374,12673100
2023-12-27,369.2644348144531,370.24170692184094,368.0206120410306,368.88931174783187,14905400
2023-12-28,370.45892333984375,371.6237571110033,369.3533163620971,370.547763529963,14327000
2023-12-29,371.2091369628906,372.3147438435589,368.6820269140694,371.169642395573,18730800
2024-01-02,366.1055603027344,371.07094047816395,362.0582255182153,369.0571391968686,25258600
2024-01-03,365.8390197753906,368.46485117398277,363.77587298911,364.2694496401492,23083500
2024-01-04,363.2131652832031,368.30687961312606,362.4530681341208,365.9081044717195,20901500
2024-01-05,363.0256652832031,367.2802940556776,361.79172352493254,364.2299936442964,21004600
2024-01-08,369.8764953613281,370.3799532157685,364.2694714991835,364.5557242835835,23134000
2024-01-09,370.96234130859375,371.1597538902258,366.421430173672,367.2309030972876,20830000
2024-01-10,377.8526306152344,379.23466923624073,371.48551036356565,371.5348559748048,25514200
2024-01-11,379.68878173828125,385.66104720244766,375.49338017859446,381.04117695037814,27850800
2024-01-12,383.4794616699219,383.68675543751164,379.7085286566561,380.53773385254453,21661200
2024-01-16,385.2563171386719,388.9680232792621,382.64036685364044,388.6027813692521,27202300
2024-01-17,384.4665832519531,385.0983456761598,379.86644542285876,382.99573452754953,22234100
2024-01-18,388.81005859375,388.92851216757646,385.10823378403643,386.68768506128634,23392100
2024-01-19,393.5484313964844,393.5484313964844,388.44483542424194,390.6758115906089,29331100
2024-01-22,391.41619873046875,395.4733846867512,388.53369758806053,394.8810866300338,27016900
2024-01-23,393.7754211425781,394.24926554264465,388.8692683381001,390.66589446380215,20525900
2024-01-24,397.3884582519531,400.4190263282457,395.3055791013252,396.38157265965583,24867000
2024-01-25,399.6687316894531,401.78125410566804,397.35879669846423,399.12580945191644,21021200
2024-01-26,398.7408142089844,400.95205802517637,397.260084299944,399.1751640590117,17803300
2024-01-29,404.45648193359375,404.71315145121497,399.1357107830947,400.84349696671285,24510200
2024-01-30,403.34100341796875,407.74369913947424,401.22851081076954,406.96386964515773,33477600
2024-01-31,392.472412109375,409.98453286629814,392.1071701932433,401.7319152692152,47871100
2024-02-01,398.5927429199219,402.75853089052634,396.6381686159988,396.6677820088373,30657700
2024-02-02,405.93719482421875,407.3488168603616,398.375596677948,398.6223850112119,28256700
2024-02-05,400.4386901855469,405.8779139662811,398.8000122559031,404.6340912921542,25352300
2024-02-06,400.28082275390625,402.7289740324924,397.73398023568876,400.6658270403805,18382600
2024-02-07,408.7308349609375,408.977623299913,402.16627116929635,402.2057657386807,22340500
2024-02-08,408.79010009765625,410.22148464819276,407.23041090426216,408.7308733007889,21225300
2024-02-09,415.1473083496094,415.4138590210017,409.757459765656,409.9154079087516,22032800
2024-02-12,409.9253234863281,415.33490474511336,409.4218656208019,415.15722436629136,21202900
2024-02-13,401.10015869140625,404.80198377503444,398.2078065895252,399.73788224054636,27824900
2024-02-14,404.9768981933594,405.3230467916911,400.1111396506927,403.5725652715375,20401200
2024-02-15,402.0792236328125,404.6209064246705,399.8342525934749,403.6418270582009,21825500
2024-02-16,399.6067199707031,403.79011062035903,398.9935580227891,403.46373075696357,22296500
2024-02-20,398.3507995605469,400.0320454973026,393.62348186339256,398.7958219344355,24307900
2024-02-21,397.7474670410156,397.85627039792524,392.8421408842448,395.75964027371015,18518900
2024-02-22,407.1131591796875,408.28014704114486,404.06711743971994,405.6692584327785,27009900
2024-02-23,405.8175354003906,411.2766872182918,404.46263934607134,411.0888090231092,16295900
2024-02-26,403.04840087890625,407.61747779162243,402.870361769412,406.9251806067473,16193500
2024-02-27,402.9891357421875,403.8198744020147,399.3991374820922,403.4934944613291,14835800
2024-02-28,403.2264709472656,404.7890443009674,400.8529276668845,403.6813927822056,13183100
2024-02-29,409.0811767578125,409.63500243264656,401.44625974761675,404.1362831030545,31947300
2024-03-01,410.9207458496094,411.28666322509775,406.3516680171756,406.7373541060378,17823400
2024-03-04,410.3471374511719,412.7503489287205,407.77578628129385,408.8834378175513,17596000
2024-03-05,398.21234130859375,409.6845023906636,396.22451427648355,409.3976900637708,26919200
2024-03-06,397.6584777832031,400.69464990996806,393.9992743713947,398.52878394681863,22344100
2024-03-07,404.6308288574219,405.26375963919287,397.80685051788544,401.64409335772916,18718500
2024-03-08,401.74298095703125,405.89670410960423,399.87379648400184,403.4637944607813,18002200
2024-03-11,400.06170654296875,401.20892561066205,396.8376560715736,399.31010315335084,16120800
2024-03-12,410.7031555175781,410.98996784871997,402.3067343323037,403.12757353782456,22457000
2024-03-13,410.5251159667969,413.571157465626,406.9153492946695,413.49205243943396,17115900
2024-03-14,420.5335693359375,423.10492026926096,413.3832416992079,415.60844401398504,34157300
2024-03-15,411.83056640625,417.9424481650146,408.2405685225254,414.66893074173265,45079900
2024-03-18,412.7206115722656,416.0930326692394,409.2196184111682,409.68443962233437,20106000
2024-03-19,416.7655944824219,417.02273864986034,410.97016253691675,413.2250331816933,19837900
2024-03-20,420.54345703125,421.26539222387987,416.02381676802577,417.3490447100486,17860100
2024-03-21,424.6378479003906,426.07187931857345,422.45221307253894,425.092769724827,21296200
2024-03-22,424.0148010253906,425.1224525568096,421.3742442819616,424.9642424933846,17648500
2024-03-25,418.1995849609375,422.69945686878276,416.96336138975573,420.5533594694659,18060500
2024-03-26,417.0028991699219,421.2950634803322,416.7062176065533,420.9192467125738,16725600
2024-03-27,416.78533935546875,419.7720747256789,414.3920274982848,419.7621752794236,16705000
2024-03-28,416.08319091796875,417.2205105809206,414.5008186915298,416.3205361885006,21871200
2024-04-01,419.8907775878906,423.1741947697811,417.5666711434428,419.2776155006833,16316000
2024-04-02,416.7952575683594,417.7249001210624,413.23492759856475,415.4798987691936,17912000
2024-04-03,415.8161315917969,418.5951594920779,414.47110478435076,415.1040656775575,16502300
2024-04-04,413.27447509765625,423.9455650411732,412.96789407723793,420.30610003731573,19370900
2024-04-05,420.83026123046875,421.809370796235,413.7096317572202,415.3810083958257,16554800
2024-04-08,419.9105224609375,422.5708779576157,418.63473130535374,420.48414709018743,14272400
2024-04-09,421.5818786621094,423.0257792491063,416.9732338650976,421.74011889073387,12496900
2024-04-10,418.59521484375,419.35671772417516,415.07445240813047,417.53700018743564,16216600
2024-04-11,423.2136535644531,424.6377853261897,417.70503488754406,421.1269229662574,17966400
2024-04-12,417.25018310546875,420.4940326220514,415.1436532637378,419.3764816595376,19253800
2024-04-15,409.0811767578125,422.115909188258,408.873469493823,421.89833266019923,20273500
2024-04-16,410.0108642578125,413.78877094699874,409.17025632719424,410.0009949919317,16765600
2024-04-17,407.301025390625,414.26344459371984,405.8076577445542,412.6514043206412,15855500
2024-04-18,399.814453125,407.3504970183281,399.49800284316774,406.1043740582622,21029900
2024-04-19,394.7212219238281,401.0111429150955,393.3860944801934,399.5771115531844,30565800
2024-04-22,396.54095458984375,398.4101391191041,391.38838318863185,395.6706483655049,20286900
2024-04-23,403.078125,403.70118651665103,398.61782064150555,399.7848084637701,15734500
2024-04-24,404.5516662597656,407.92408759573516,402.2967957988556,405.04615566067775,15065300
2024-04-25,394.6421203613281,395.4827584021969,383.7534537964164,389.6873267702122,40586500
2024-04-26,401.8418884277344,408.4482598176065,401.28806269332824,407.6274206623671,29694700
2024-04-29,397.81671142578125,401.84186227525186,394.7904387950027,400.7836477446808,19582100
2024-04-30,385.0390930175781,397.72770759660574,384.880882973138,397.06507853790987,28781400
2024-05-01,390.5873107910156,397.29258621007074,386.0083338706027,388.2829731610127,23562500
2024-05-02,393.4553527832031,395.5223150142754,390.3005077512401,393.2773438288502,17709400
2024-05-03,402.1780700683594,402.66265995927233,397.43095433766524,397.8463386593291,17446700
2024-05-06,408.9822998046875,409.36798584093685,401.89130855665024,404.25498236640857,16996600
2024-05-07,404.8285827636719,410.0998567263718,404.5813380609886,410.08995728026827,20018200
2024-05-08,406.0153503417969,407.68672686794355,402.2275447730789,403.6714754994307,11792300
2024-05-09,407.7757568359375,408.1713423301442,404.59124380852967,406.0450438901993,14689700
2024-05-10,410.1690368652344,410.8019977518393,407.2614369275202,408.38888718882157,13402300
2024-05-13,409.1603088378906,413.73928549404195,406.29227636469005,413.4030363250276,15440200
2024-05-14,411.9690246582031,412.8887677392151,407.01423099397886,407.47905225770086,15109300
2024-05-15,419.1718444824219,419.8951120945601,413.4155159621218,414.0397012631118,22239500
2024-05-16,417.10113525390625,421.4902365295034,416.4670629155656,417.9036505371182,17530100
2024-05-17,416.328369140625,419.01335772051186,414.1685137971008,418.63686307177926,15352200
2024-05-20,421.4110107421875,422.8277941720161,416.1104241550555,416.32839316238903,16272100
2024-05-21,425.0767822265625,428.9704718767671,420.92548463230116,422.8871751734283,21453300
2024-05-22,426.5431823730469,428.4157385456956,423.184512261855,426.1171616329994,18073700
2024-05-23,423.0556640625,429.5947037930371,421.4902723328989,428.97051846736764,17211700
2024-05-24,426.18646240234375,427.07814273445496,420.4895772016025,423.2438961414034,11855300
2024-05-28,426.3450012207031,426.8403825578059,422.6593628632313,425.6613725566471,15718000
2024-05-29,425.2056579589844,426.9592971219993,421.7577927427551,421.7577927427551,15517100
2024-05-30,410.83953857421875,420.3805569661453,410.4134876792539,420.3805569661453,28394500
2024-05-31,411.2953186035156,412.90034931684085,400.7734237177811,412.90034931684085,47995300
2024-06-03,409.7001647949219,412.58328776743826,405.14268074171713,411.6916074194493,17484700
2024-06-04,412.2265930175781,412.59317033367023,405.8956056320702,408.62020272112443,14348900
2024-06-05,420.09332275390625,420.16265316719915,412.4545201916999,413.95058161766224,16988000
2024-06-06,420.5985412597656,421.3812522043053,416.69493407447,420.09327287817626,14861300
2024-06-07,419.9347229003906,422.3422686978654,419.09256866562976,422.26302099566783,13621700
2024-06-10,423.9176025390625,424.12565422580445,419.9743866143219,420.7769019274312,13982900
2024-06-11,428.68316650390625,428.82188778491104,421.3218074365333,421.54969372575147,14551100
2024-06-12,436.98577880859375,439.3041598174871,429.2479248102113,431.29881078427445,22366200
2024-06-13,437.5009765625,439.2942848532079,435.31139947750404,436.7777391476236,15960600
2024-06-14,438.4818420410156,439.04658401937843,432.6858743754039,434.23146172147676,13582000
2024-06-17,444.2282409667969,446.774508213362,436.64891280244507,438.5016341053226,20790000
2024-06-18,442.2170104980469,445.9819268194956,440.7804227549636,445.55587588842855,17112500
2024-06-20,441.58294677734375,442.40526651332897,437.1938450442549,442.17738020784964,19877400
2024-06-21,445.625244140625,446.4178422030527,442.3854610099622,443.24741971766383,34187100
2024-06-24,443.53472900390625,448.5677899641911,442.286358388998,445.64502805126915,15913700
2024-06-25,446.7843933105469,447.25005292816024,442.62317841971804,444.10932227563205,16413400
2024-06-26,447.9832458496094,449.40994649209836,444.0499168986336,444.85243223057404,16507000
2024-06-27,448.6668701171875,451.9562093572158,447.5968295279366,448.00304584092294,14806300
2024-06-28,442.82135009765625,451.1734714446709,442.28632983499693,448.88481228887935,28362300
2024-07-01,452.5110168457031,453.1450891922846,441.5432675183624,444.5155553424217,17662800
2024-07-02,455.0374755859375,455.3446095932429,448.92445663899935,449.0136518862479,13979800
2024-07-03,456.5137023925781,456.76139305889615,453.65041401249385,453.957548019874,9932800
2024-07-05,463.2409362792969,464.02364716117125,454.73028958800995,455.36436189858233,16000300
2024-07-08,461.9331970214844,463.37973235023577,460.16964060410885,462.24033104325304,12962300
2024-07-09,455.2950744628906,463.0130936996793,453.7692915232205,462.6861553304454,17207200
2024-07-10,461.9430847167969,462.1511364069266,454.6213342335764,456.9595498058476,18196100
2024-07-11,450.49981689453125,460.4866917201194,447.3788901655864,458.703330934161,23111200
2024-07-12,449.3603820800781,452.1444226722039,446.48717647887116,450.1331757277914,16324300
2024-07-15,449.7665710449219,453.0361056908335,447.2599429342268,449.11266411573956,14429400
2024-07-16,445.3676452636719,450.10348983727977,442.5340784087055,450.024242123689,17175700
2024-07-17,439.4230651855469,440.74079651862166,435.12315866288696,438.5016631240508,21778000
2024-07-18,436.3021240234375,440.5425867682437,430.38727005541875,440.23545277919766,20794800
2024-07-19,433.0722351074219,437.0650374995757,428.00945262308335,429.09929755421246,20940400
2024-07-22,438.84844970703125,440.4931194808367,434.8556770812407,437.70907860515956,15808800
2024-07-23,440.74078369140625,444.2480920401895,439.00694900358457,439.7995470523178,13107100
2024-07-24,424.9381103515625,437.4019218843712,423.64021365061654,436.3814375263218,26805800
2024-07-25,414.53509521484375,425.8297836093588,413.65333216081086,424.83902093903856,29943800
2024-07-26,421.34161376953125,424.9579215661057,413.41551271082733,414.33694493801545,23583800
2024-07-29,422.7881774902344,428.15809438761096,420.77693042040073,427.5933523925366,15125800
2024-07-30,419.01336669921875,425.0867165408092,413.5046983714735,423.7690154776861,32687600
2024-07-31,414.48553466796875,417.8838430876814,408.4022378655371,416.61566818467935,42891400
2024-08-01,413.2569885253906,423.5113878535516,409.2741336141255,416.9030180044247,30296400
2024-08-02,404.71661376953125,411.16648811391514,400.60495493552725,408.6796642573762,29437900
2024-08-05,391.4998474121094,397.3354538191348,382.01824178124633,385.57510623229217,40709200
2024-08-06,395.9186706542969,401.92272047285906,394.8189385631437,396.30508262297985,24946500
2024-08-07,394.74957275390625,406.29195208719375,393.7984490340414,404.86528162523547,20650900
2024-08-08,398.97021484375,402.11091551932753,396.24561755012843,398.7225241806935,20203000
2024-08-09,402.2694396972656,404.2806866644843,398.5441926988125,400.2978317019802,19276700
2024-08-12,403.0521240234375,404.98412315480687,400.5058569282367,403.29981466921953,16762900
2024-08-13,410.1856384277344,411.1169577013194,405.7866500141935,405.8064543815787,19414300
2024-08-14,413.0093078613281,413.8613794713292,408.6400711388976,410.9683392009438,18267000
2024-08-15,417.89263916015625,417.972029702109,414.5477559984779,416.671793760154,20752100
2024-08-16,415.3517150878906,418.20032404609645,414.19042017435385,417.4658479496036,22775600
2024-08-19,418.388916015625,418.60727787010427,413.3566884761521,415.8380594178836,15234000
2024-08-20,421.63458251953125,422.68668148594463,418.4981559756192,418.557706461252,16387600
2024-08-21,420.9795227050781,423.2226616504916,418.5775420794304,420.9199419299025,16067300
2024-08-22,412.4534912109375,423.60975624910697,411.5204932561933,421.19784052472494,19361900
2024-08-23,413.68426513671875,416.1358609497773,409.01927543893964,413.87285176004434,18493800
2024-08-26,410.4088134765625,414.1705802586453,408.2748405512739,413.2673576122786,13152800
2024-08-27,410.7562255859375,411.27233984867695,407.19298047026894,409.7835172509794,13492900
2024-08-28,407.5403747558594,411.9075816112939,404.2748820734033,411.7884806509906,14882700
2024-08-29,410.04156494140625,418.9050143386061,407.54035403170906,411.84801018793996,17045200
2024-08-30,414.0316467285156,414.37901443017955,409.05896964037805,412.50311373853776,24308300
2024-09-03,406.3890075683594,416.75121498794704,403.9969623587052,414.7958934848788,20313600
2024-09-04,405.8530578613281,408.1756176150405,401.356814564364,402.8853476688359,15135800
2024-09-05,405.34686279296875,410.021757358501,403.10369367639237,404.5825811257243,14195500
2024-09-06,398.70672607421875,407.5900165631096,397.81340823350934,406.01186815612465,19609500
2024-09-09,402.69677734375,405.60493716980716,399.1533719404398,404.2054401544617,15295100
2024-09-10,411.11358642578125,413.2276892130327,404.66202140160664,405.15829563423546,19594300
2024-09-11,419.8876953125,420.83059814465895,406.527971667463,412.4038716868024,19266900
2024-09-12,423.81817626953125,424.18541433930886,416.62220020874884,420.1556701684846,17395700
2024-09-13,427.38140869140625,428.61215900524985,422.2896305914577,422.65686865025475,15874600
2024-09-16,428.1258239746094,430.2995073976486,425.0290778075874,427.3913478501723,13834700
2024-09-17,431.907470703125,438.55755772279144,429.04892619664366,436.9496340104397,18874200
2024-09-18,427.59979248046875,432.78089656665435,427.20277916114134,431.75857288155333,18898000
2024-09-19,435.42108154296875,438.21014026162374,433.64441133789575,437.9421630848395,21706600
2024-09-20,432.02655029296875,435.966968827051,430.98438654289276,433.96203187473805,55167100
2024-09-23,430.2796936035156,433.2076933933247,427.182947247431,431.04394501505726,15128900
2024-09-24,425.9720458984375,430.1208912889201,422.92491478511505,429.7734932617357,17015800
2024-09-25,428.89007568359375,429.89255926301774,425.3764761475162,426.6270665374025,13396400
2024-09-26,428.0960388183594,432.05629715674354,425.93229062231114,431.847870478453,14492000
2024-09-27,424.83056640625,428.6320438404545,424.2846768880014,428.3044858973661,14896100
2024-09-30,427.09356689453125,427.21269814697155,422.20031052363777,425.01914436125503,16807300
2024-10-01,417.5552062988281,425.28716713975047,415.68921038228643,425.257391898111,19092900
2024-10-02,414.0217590332031,419.6693623993433,413.6048753371549,419.4311301629545,16582300
2024-10-03,413.4361267089844,416.4236768512481,411.20289276743637,414.51800085029123,13686400
2024-10-04,412.9596862792969,416.62219231091404,411.87781215445386,415.12343452898295,19169700
2024-10-07,406.48828125,414.0018496365578,405.95229663138974,412.90013544904184,20919800
2024-10-08,411.6197204589844,412.5626535137651,405.1284760161441,407.83811364378505,19229300
2024-10-09,414.3492431640625,417.247497795826,411.2127866111198,412.7611596791307,14974300
2024-10-10,412.7413330078125,414.2400908209317,410.0713753239967,412.13589300844654,13848400
2024-10-11,413.2177429199219,414.0217046730069,410.1706121672714,413.039091483719,14144900
2024-10-14,416.0167541503906,420.8802352901763,414.40880028614094,414.65693738807056,16653100
2024-10-15,415.6197509765625,419.3319029797755,412.16570156748736,419.0341202543948,18900200
2024-10-16,413.0192565917969,413.2574585271856,407.421299078938,412.0763537374333,15508900
2024-10-17,413.6147766113281,419.35170523704693,412.49319205621896,419.2127339196968,14820000
2024-10-18,415.0440979003906,416.5229855206573,413.15826174706064,414.0317093019109,17145300
2024-10-21,415.659423828125,415.8380752730999,410.6669065146117,413.01924141063614,14206100
2024-10-22,424.32440185546875,427.37150260733677,414.92496672704124,415.37159535996557,25482200
2024-10-23,421.4360656738281,427.86776005710016,419.3814831724278,427.6493981928425,19654400
2024-10-24,421.5650939941406,422.80577949754775,419.2524392532927,422.1605988036373,13581600
2024-10-25,424.9595947265625,429.29702642206786,423.3913815699701,423.5799681906594,16899100
2024-10-28,423.4112548828125,428.7213953393787,423.1234073407083,428.4434829749879,14882400
2024-10-29,428.7312927246094,429.94220298203743,422.62709584345464,424.8107144355948,17644100
2024-10-30,429.30694580078125,435.2324607886903,428.8801572707895,434.1803619383898,29749100
2024-10-31,403.32208251953125,413.05898072406984,403.2724369212272,412.2649237627877,53971000
2024-11-01,407.31207275390625,412.40385077597955,404.4634637574288,405.9622215000355,24230400
2024-11-04,405.4162902832031,407.3617068567998,402.54784130454914,406.7463014364753,19672300
2024-11-05,408.3939514160156,411.8083202953773,405.039133016745,405.3269805306338,17626000
2024-11-06,417.04901123046875,417.3170187046076,407.46098932083436,409.3468556567166,26681800
2024-11-07,422.2598571777344,423.66928922885575,416.75122569160607,418.14078738908074,19901800
2024-11-08,419.39141845703125,423.3219017245024,418.6370719639162,422.15070185689933,16891400
2024-11-11,414.8951721191406,421.6444892164841,412.90014011467326,419.37154486777723,24503300
2024-11-12,419.87774658203125,421.27724345465793,414.09120276331856,415.1333664626366,19401200
2024-11-13,422.0315856933594,426.13078508233804,415.0936518803662,418.4981158636683,21502200
2024-11-14,423.7090148925781,424.9794756745813,416.87034165331505,421.83308381585454,30246900
2024-11-15,411.9075927734375,419.64945830467593,410.5577414665236,416.69168340974903,28247600
2024-11-18,412.6619567871094,415.28226896658396,409.0292257942814,411.77857411978533,24727000
2024-11-19,414.67681884765625,414.82569505476647,408.48329602030253,410.03166915459735,18133500
2024-11-20,412.3939208984375,414.18052617467214,407.52050466835993,413.76364252316546,19191700
2024-11-21,410.61370849609375,417.48594978990576,408.047821251109,417.2074811714516,20780200
2024-11-22,414.72113037109375,415.11893833486243,408.8135895391823,409.1218929874132,24814600
2024-11-25,416.5013732910156,418.778836873561,412.58290247238904,416.09361024787086,27691100
2024-11-26,425.6510925292969,426.69537265560376,416.5610569682543,417.29700327286355,23458900
2024-11-27,420.67840576171875,424.8952553598379,419.71370546967114,422.78681538537654,18332400
2024-11-29,421.1458740234375,422.55812738435895,415.5168010593915,417.7942952020102,16271900
2024-12-02,428.624755859375,430.63370587040276,419.0075879189551,419.26617676175783,20207200
2024-12-03,428.84356689453125,430.1066156030698,425.40245343840513,427.4909833141871,18302000
2024-12-04,435.0295715332031,437.2672755840065,430.26573974460115,430.6635477279166,26009400
2024-12-05,440.2011413574219,442.2300015529848,433.7864078777922,435.5268443828614,21697800
2024-12-06,441.14593505859375,443.6621076103015,439.3557536946216,439.88285607578405,18821000
2024-12-09,443.5825500488281,445.8799237829371,438.09272702914495,440.1812568830996,19144400
2024-12-10,440.9072265625,447.16286075507645,439.186700287295,441.961461676973,18469500
2024-12-11,446.5363464355469,447.8889300799693,441.62334015579273,441.62334015579273,19200200
2024-12-12,447.10321044921875,453.66714837494953,446.65565750056305,446.65565750056305,20834800
2024-12-13,444.8257141113281,448.9629838704377,443.14494732322726,445.98933356109154,20177800
2024-12-16,449.1221008300781,449.70887289523523,442.84658679582157,444.82570192667384,23598800
2024-12-17,451.9764404296875,452.80192160914675,447.1131792784758,448.5453123373024,22733500
2024-12-18,434.999755859375,450.17634202962637,434.6317523490202,448.8536235978926,24444500
2024-12-19,434.6416931152344,440.7580781855559,433.9355816606558,439.2066057877418,22963700
2024-12-20,434.2140808105469,441.3150464611244,426.28763393531244,430.7431322726768,64263700
2024-12-23,432.8714294433594,435.25830776300677,430.4646409959487,434.35327712310794,19152500
2024-12-24,436.92913818359375,437.1976821134136,431.8172430131867,432.27472070918293,7164500
2024-12-26,435.7157897949219,438.5303413291557,434.24389716434194,436.6804901261448,8194200
2024-12-27,428.1772155761719,432.8415878431465,424.020065946368,432.22498090820386,18117700
2024-12-30,422.5083312988281,425.21346797282456,419.5943507529856,423.7316203926744,13158700
2024-12-31,419.1965637207031,424.3979934566231,418.36115784079396,423.77143145899026,13246500
2025-01-02,416.2925109863281,423.74159992080814,412.5829142901712,423.2045424399656,16896500
2025-01-03,421.0364685058594,421.712745134401,417.2472919522773,418.77885425500915,16662900
2025-01-06,425.5118713378906,431.9465149926899,423.15482788109534,425.66104554069966,20573600
2025-01-07,420.0617980957031,428.29654775990844,418.50037065706186,426.655570865203,18139100
2025-01-08,422.2398376464844,424.6366709818625,419.2363524426034,421.145842919639,15054600
2025-01-10,416.6604919433594,422.38899347611215,412.7519459369572,422.30944402253056,20201100
2025-01-13,414.9101257324219,416.21296436365594,410.03690951971083,412.97077003054903,17604800
2025-01-14,413.3984375,417.4461724776856,408.4754763868852,415.5267269300622,16935900
2025-01-15,423.9802551269531,425.8101960648602,415.984184442192,416.83950040874134,19637800
2025-01-16,422.25970458984375,427.1428756329152,422.07077084126166,426.35721474684357,15300000
2025-01-17,426.6853942871094,432.1056227420966,425.8301086663914,431.717739483304,26197500
2025-01-21,426.1583251953125,428.54520356031776,423.2741792396476,427.8490471438773,26085700
2025-01-22,443.7615966796875,444.8257262250376,433.6173259954359,435.168798403502,27803800
2025-01-23,444.2687683105469,444.3085582129765,439.08724891108926,439.58451646364995,18389300
2025-01-24,441.6332702636719,444.20911262497947,438.98780315861995,442.727264983927,15549500
2025-01-27,432.1851806640625,432.82169771122886,421.185624630697,421.6928472557325,35647800
2025-01-28,444.7561340332031,445.9296782334323,429.02258057650255,432.22498499378844,23491700
2025-01-29,439.9127197265625,444.4378728714111,437.9932741704639,444.2489087647689,23581400
2025-01-30,412.7221374511719,420.5491243253889,410.9021514578089,416.4814791520961,54586300
2025-01-31,412.791748046875,418.39098567699745,412.64257384774635,416.69033910532374,34161900
2025-02-03,408.6744079589844,413.1398611878705,406.4267487485119,409.350684594608,25679100
2025-02-04,410.116455078125,411.65800277159144,407.5008227766752,410.43471361041793,20532100
2025-02-05,411.03143310546875,411.5684602240434,408.15721200628155,410.09656765354515,16316700
2025-02-06,413.547607421875,415.914605901032,411.73754619066034,411.73754619066034,16309800
2025-02-07,407.5107727050781,416.36212936115334,405.86979579790295,414.2040051086223,22886800
2025-02-10,409.9672546386719,413.18953860720654,408.67437116632954,411.44910220554453,20817900
2025-02-11,409.1915283203125,410.2357780460881,407.06320861531077,407.4013772616106,18140600
2025-02-12,406.80462646484375,408.5052729067791,402.16013441426566,404.9846103219084,19121700
2025-02-13,408.29644775390625,408.7539254008991,404.13926797640636,404.775785007703,23891700
2025-02-14,406.1979675292969,406.6753553081934,403.66191514014076,405.5614808415711,22758500
2025-02-18,407.4013671875,408.3561123718122,404.27851244915104,405.7703150781147,21423100
2025-02-19,412.5032958984375,413.21936235564965,405.4222111275627,405.65096511764483,24114200
2025-02-20,414.6857604980469,417.8547165109783,411.10822380495836,413.84867949906476,23508700
2025-02-21,406.793212890625,416.59905745325864,406.4743466307379,415.8915301727366,27524800
2025-02-24,402.59783935546875,407.9491968592537,397.93408950529806,407.09219625426255,26443700
2025-02-25,396.51898193359375,400.5250489764073,395.32316508227535,399.7078876937612,29387400
2025-02-26,398.3426513671875,402.1992147309307,392.8816600835235,396.6286198264506,19619000
2025-02-27,391.16766357421875,404.33180773998396,390.8089276067015,399.8773203400045,21127400
2025-02-28,395.6121520996094,396.24994544118493,385.2283339547379,391.29719366600983,32845700
2025-03-03,387.14166259765625,397.4358274187669,384.8197626823639,397.4358274187669,23007700
2025-03-04,387.26123046875,391.21745294280987,379.67765721488945,382.06932141422595,29342900
2025-03-05,399.628173828125,400.27594221038044,387.4605594414927,387.9887187604894,23433100
2025-03-06,395.5125427246094,400.7542663515353,391.3171323240562,392.91158534383527,23304600
2025-03-07,391.9449462890625,393.42976525122566,384.20192438386283,390.9583919892802,22034100
2025-03-10,378.8406066894531,385.0589401894391,375.9108079261914,384.50088617849997,32840100
2025-03-11,379.12957763671875,384.6603029891263,375.60185546191633,377.6845980126396,30380200
2025-03-12,381.9397888183594,383.883033194115,377.634805186652,381.62092254273574,24253600
2025-03-13,377.45538330078125,383.9826683121219,376.139987768004,381.8301614244045,20473000
2025-03-14,387.21142578125,388.87564310802037,378.19284770158055,378.46189966674945,19952800
2025-03-17,387.3509521484375,391.3470139725856,384.23181056492524,385.35789354291256,22474300
2025-03-18,382.18890380859375,386.02554767204197,379.77731994813644,385.7266010485673,19486900
2025-03-19,386.4740295410156,388.32755958105986,382.66728002942375,384.1919687568245,19185500
2025-03-20,385.49737548828125,390.4302074924951,381.9497337537801,384.4011872193827,18470500
2025-03-21,389.9020690917969,390.38038369901005,381.47140919973003,381.8899648927027,39675900
2025-03-24,391.7157287597656,394.02768406346627,388.45708885622673,394.02768406346627,21004500
2025-03-25,393.7885437011719,394.98436068056907,391.2773006739415,392.552857032296,15775000
2025-03-26,388.6165466308594,393.93800963918454,387.2214116418782,393.6290879777552,16108400
2025-03-27,389.2243957519531,390.87863801869304,386.05543991632794,388.7759758195498,13766800
2025-03-28,377.48529052734375,387.77945533191945,375.6217855831935,386.7330813092454,21632000
2025-03-31,374.087158203125,375.761320171641,365.96541986866765,371.2470435423123,35184700
2025-04-01,380.8635559082031,381.52126893067276,371.93466141936483,373.34971607028785,19689500
2025-04-02,380.813720703125,383.74348886180815,375.3128595122782,376.6581801475031,16092600
2025-04-03,371.8150329589844,376.16989155085776,368.06810346654436,373.4892252977989,30198000
2025-04-04,358.59112548828125,373.2899337218873,358.2323895120423,362.86624500843976,49209900
2025-04-07,356.61798095703125,369.7123913004176,343.5933653790687,349.66222551139305,50425000
2025-04-08,353.3294372558594,372.35317854006513,349.0343982710952,366.98190125867967,35868900
2025-04-09,389.13470458984375,391.865215467322,351.8744910293168,352.3129663406882,50199700
2025-04-10,380.0264587402344,382.56759631800514,366.5234683324548,380.7339860356081,38024400
2025-04-11,387.1018371582031,388.6962597846969,377.57501903009035,379.31894538802237,23839200
2025-04-14,386.4640197753906,393.28027643878613,382.8765082652718,391.8552468593249,19251200
2025-04-15,384.3912658691406,390.5298901348079,382.82670753665025,387.16161616456134,17199900
2025-04-16,370.32025146484375,380.2855448116978,366.72279516422714,379.34883521582236,21967800
2025-04-17,366.5035400390625,373.02085009277744,365.61664478749583,372.45282110026085,21120200
2025-04-21,357.87359619140625,363.21500903617533,354.43558836453434,361.5607667541322,20807300
2025-04-22,365.5469055175781,366.4935901583944,358.611039306251,362.1188421014038,19485000
2025-04-23,373.0906066894531,379.06978228856406,371.7253360485286,374.75479353400954,20545500
2025-04-24,385.9557800292969,387.10181303671203,373.8878249819962,374.3960646492269,22232300
2025-04-25,390.4900207519531,390.79894240871675,383.2651831703409,385.65684745985266,18973200
2025-04-28,389.8023986816406,391.3769015704532,385.2980972626593,390.59960994479576,16579400
2025-04-29,392.67242431640625,393.7287429695286,389.02512333213684,389.9419132819562,14974000
2025-04-30,393.88818359375,395.2833185411371,383.10572919383554,388.94537633492024,36461100
2025-05-01,423.9235534667969,435.47332427713997,423.4252888222868,429.6137271918364,58938100
2025-05-02,433.769287109375,437.91485278651635,428.49763841940904,430.2415647531947,30757400
2025-05-05,434.65618896484375,437.97461808249534,430.6102521137275,431.367624097433,20136100
2025-05-06,431.8061218261719,436.2107948487266,429.6735648726689,430.6999888667604,15104200
2025-05-07,431.8459777832031,436.5994115910065,429.6137314736212,432.3342674079582,23295300
2025-05-08,436.6492614746094,442.1301726837614,434.147963172883,436.41007376009867,23491300
2025-05-09,437.20733642578125,439.2103397565405,434.3672216715751,438.47291776294395,15324200
2025-05-12,447.70074462890625,447.8103482497994,438.2536363054134,444.3922601902366,22821900
2025-05-13,447.5812072753906,449.1058959658508,443.8142971336702,446.22591154405814,23618800
2025-05-14,451.36798095703125,452.32464056421765,446.5846525094385,446.5846525094385,19902800
2025-05-15,452.3863220214844,455.44129747226026,449.6907411096269,450.0301794411029,21992300
2025-05-16,453.5244445800781,453.6142932166669,447.99355872232604,451.30808680840903,23849800
2025-05-19,458.11688232421875,458.83570185482216,450.0601197660991,450.14000552921704,21336500
2025-05-20,457.4180603027344,457.58776423526933,453.57437286704067,454.8422775622727,15441800
2025-05-21,451.8272399902344,457.02868069868646,451.06847756848606,453.8239575485261,19216900
2025-05-22,454.11346435546875,459.49463285512667,453.1550484484722,454.2033434579146,18025600
2025-05-23,449.441162109375,452.94541128469075,448.17325738802526,449.24150862772166,16883500
2025-05-27,459.93389892578125,460.19348195260824,455.3713920868909,455.7308170830738,20974300
2025-05-28,456.609375,461.7609101640183,456.1800880198718,460.4630558858422,17086300
2025-05-29,457.9272155761719,460.9622349154345,454.56275123248776,460.79250051058557,13974800
2025-05-30,459.60443115234375,460.9222720478794,454.79236501090486,458.96549737927586,34770500
2025-06-02,461.2118225097656,461.35157690062545,456.1401731404802,456.3897628439735,16626500
2025-06-03,462.2101745605469,463.3782677615003,460.1036216507913,460.7126363614999,15743800
2025-06-04,463.1086730957031,464.9256933509807,462.2600620562611,463.2384646092932,14162700
2025-06-05,466.91241455078125,468.8791825139859,463.26841119380083,464.1968775224098,20131700
2025-06-06,469.6080017089844,472.56313512848675,468.0106215882427,469.31846913564885,15285600
2025-06-09,471.97412109375,472.6529977632414,467.8508943889836,468.92913895110996,16469900
2025-06-10,470.1471252441406,472.02401413852874,466.19360257943936,470.4166711436691,15375900
2025-06-11,471.8443298339844,474.68965849935887,468.88919632531986,469.24859086789724,16399200
2025-06-12,478.0840759277344,479.6315503555016,472.7428502291372,474.2403884361742,18950600
2025-06-13,474.18048095703125,478.3935562569989,471.98410990605987,475.62811338522215,16814500
2025-06-16,478.3536376953125,479.90108160832807,474.2204177457221,474.4300645574067,15626100
2025-06-17,477.25543212890625,477.9542649832925,473.30190948641297,474.6197503672441,15414100
2025-06-18,479.4518127441406,480.2105751696819,473.68130019053103,477.21549881727225,17526500
2025-06-20,476.6164855957031,482.666537493529,476.0873566497709,481.4385756672578,37576200
2025-06-23,485.2023620605469,486.94948990747275,471.7345120072702,477.425138713905,24864000
2025-06-24,489.30560302734375,491.0427680081874,486.0010379300524,488.1475336634371,22305600
2025-06-25,491.4620666503906,493.7483167920849,488.58681895090325,491.2324636297239,17495100
2025-06-26,496.6335754394531,497.2226034494893,492.0011761864687,492.1709105807123,21578900
2025-06-27,495.1260681152344,498.4805390751374,492.22084033701867,496.73341116664807,34539200
2025-06-30,496.5936584472656,499.9381665482639,494.51705506439515,496.22427056302723,28369000
2025-07-01,491.242431640625,497.2325843953567,490.1742108879921,495.655190908974,19945400
2025-07-02,490.2840270996094,492.69007550131784,487.8979653734086,489.1858263089447,16319600
2025-07-03,498.02130126953125,499.3091926553608,492.6301698307581,492.99955771280014,13984800
2025-07-07,496.90313720703125,497.9314455400232,494.41723357438383,496.56369887519327,13981600
2025-07-08,495.804931640625,497.3823555722493,493.2990413573122,496.42390920841734,11846600
2025-07-09,502.68365478515625,505.94827712953634,498.919822567675,499.47890106455674,18659500
2025-07-10,500.656982421875,503.6121159415126,496.93309312638246,502.22438258392543,16492100
2025-07-11,502.49395751953125,504.20114253320645,496.9829974553982,497.6519112557523,16459500
2025-07-14,502.1944274902344,503.14288052756655,500.20770324807717,500.6968893054946,12058800
2025-07-15,504.9898376464844,507.465747883617,501.9648118083004,502.19441482497484,14927200
2025-07-16,504.7901611328125,505.88836188358,501.06630238508603,504.35088083250554,15154400
2025-07-17,510.8601989746094,512.5274410723513,504.7901605415637,504.85005963085433,17503100
2025-07-18,509.212890625,513.7953843002441,506.59719545986655,513.6356127696338,21209700
2025-07-21,509.2228698730469,511.24956741731427,504.7202620876888,505.8783619126309,14066800
2025-07-22,504.44073486328125,510.3610256433726,504.44073486328125,510.13139215337156,13868600
2025-07-23,505.0397644042969,505.95826791167354,499.87826643817476,505.9183250285286,16396600
2025-07-24,510.0415344238281,512.826933461713,506.4673929575042,507.93498157135946,16107000
2025-07-25,512.866943359375,517.4393829887753,509.52240467312413,511.6289272082179,19125700
2025-07-28,511.65887451171875,514.1547714605564,509.2827757416266,513.2362984451797,14308000
2025-07-29,511.728759765625,516.7704593446111,510.7204076628311,514.6839236482208,16469200
2025-07-30,512.3976440429688,515.1032182392812,508.6038929137552,514.3244691518986,26380400
2025-07-31,532.6243896484375,554.5383762548963,531.0270400328567,554.3187056451394,51617300
2025-08-01,523.2498168945312,534.9206337229102,520.0051507892547,534.1219588686084,28977600
2025-08-04,534.7609252929688,537.3666271513684,527.2632409127965,527.4030257699867,25349000
2025-08-05,526.8838500976562,536.4181643311854,526.374677366439,536.2983661514853,19171600
2025-08-06,524.0784912109375,530.8274067099719,523.1700114791388,530.0287318260303,21355700
2025-08-07,519.9852294921875,527.2233308658066,516.7005900083886,525.9354090023164,16079100
2025-08-08,521.1832275390625,523.7989228282858,518.5575389118288,521.7423060527517,15531000
2025-08-11,520.9136962890625,526.7241518809952,518.8670119786243,521.4427947726738,20194400
2025-08-12,528.3713989257812,530.1085334795151,521.8421543429575,522.8904188907295,18667000
2025-08-13,519.7256469726562,531.825750889051,518.5176108745642,531.236692379076,19619200
2025-08-14,521.6224975585938,525.0868343553949,519.2863720398742,521.7023833261101,20269100
2025-08-15,519.3162841796875,525.2365445998882,518.2281072023833,521.9120536418995,25213300
2025-08-18,516.2512817382812,521.9619254356152,513.176380682391,520.7339636806648,23760600
2025-08-19,508.933349609375,514.314487646487,507.7153506663982,514.1547770514178,21481000
2025-08-20,504.8900146484375,510.161347905157,503.6121166003689,509.0331975839143,27723000
2025-08-21,504.239990234375,507.6300048828125,502.7200012207031,503.69000244140625,18443300
2025-08-22,507.2300109863281,510.7300109863281,502.4100036621094,504.25,24324200
2025-08-25,504.260009765625,508.19000244140625,504.1199951171875,506.6300048828125,21638600
2025-08-26,502.0400085449219,504.9800109863281,498.510009765625,504.3599853515625,30835700
2025-08-27,506.739990234375,507.2900085449219,499.8999938964844,502.0,17277900
2025-08-28,509.6400146484375,511.0899963378906,505.5,507.0899963378906,18015600
2025-08-29,506.69000244140625,509.6000061035156,504.489990234375,508.6600036621094,20961600
2025-09-02,505.1199951171875,506.0,496.80999755859375,500.4700012207031,18128000
2025-09-03,505.3500061035156,507.7900085449219,502.32000732421875,503.7900085449219,16345100
2025-09-04,507.9700012207031,508.1499938964844,503.1499938964844,504.29998779296875,15509500
2025-09-05,495.0,511.9700012207031,492.3699951171875,509.07000732421875,31994800
2025-09-08,498.20001220703125,501.20001220703125,495.0299987792969,498.1099853515625,16771000
2025-09-09,498.4100036621094,502.25,497.70001220703125,501.42999267578125,14410500
2025-09-10,500.3699951171875,503.2300109863281,496.7200012207031,502.9800109863281,21611800
2025-09-11,501.010009765625,503.1700134277344,497.8800048828125,502.25,18881600
2025-09-12,509.8999938964844,512.5499877929688,503.8500061035156,506.6499938964844,23624900
2025-09-15,515.3599853515625,515.469970703125,507.0,508.7900085449219,17143800
2025-09-16,509.0400085449219,517.22998046875,508.6000061035156,516.8800048828125,19711900
2025-09-17,510.0199890136719,511.2900085449219,505.92999267578125,510.6199951171875,15816600
2025-09-18,508.45001220703125,513.0700073242188,507.6600036621094,511.489990234375,18913700
2025-09-19,517.9299926757812,519.2999877929688,510.30999755859375,510.55999755859375,52474100
2025-09-22,514.4500122070312,517.739990234375,512.5399780273438,515.5900268554688,20009300
2025-09-23,509.2300109863281,514.5900268554688,507.30999755859375,513.7999877929688,19799600
2025-09-24,510.1499938964844,512.47998046875,506.9200134277344,510.3800048828125,13533700
2025-09-25,507.0299987792969,510.010009765625,505.0400085449219,508.29998779296875,15786500
2025-09-26,511.4599914550781,513.9400024414062,506.6199951171875,510.05999755859375,16213100
2025-09-29,514.5999755859375,516.8499755859375,508.8800048828125,511.5,17617800
2025-09-30,517.9500122070312,518.1599731445312,509.6600036621094,513.239990234375,19728200
2025-10-01,519.7100219726562,520.510009765625,511.69000244140625,514.7999877929688,22632300
2025-10-02,515.739990234375,521.5999755859375,510.67999267578125,517.6400146484375,21222900
2025-10-03,517.3499755859375,520.489990234375,515.0,517.0999755859375,15104200
