Date,Close,High,Low,Open,Volume
2015-10-05,26.22034454345703,26.232263154674992,25.76744868338772,25.76744868338772,14484600
2015-10-06,26.256103515625,26.476592166406707,26.208429065054403,26.220347677697053,15087900
2015-10-07,26.470394134521484,26.554908162527983,26.234967956290042,26.42813827190414,11897000
2015-10-08,26.699787139892578,26.748080874508652,26.289299606744,26.367775774109113,10280900
2015-10-09,26.657533645629883,26.880886431174407,26.560948470575042,26.729971951227956,11981200
2015-10-12,26.742040634155273,26.7480785018327,26.566979315858756,26.669602341428778,9886700
2015-10-13,26.77826690673828,26.862778650904296,26.645461421464645,26.645461421464645,11566400
2015-10-14,26.554906845092773,26.886918164659605,26.518686549172653,26.717892419804077,19559200
2015-10-15,26.965396881103516,26.9835081837155,26.59716750198402,26.705826106567514,11774000
2015-10-16,26.983509063720703,27.146496975911415,26.83259458607436,27.116312238164404,15620900
2015-10-19,26.983509063720703,27.05594736821474,26.717898109288942,26.850703586504824,17547400
2015-10-20,27.309484481811523,27.64753143293592,27.037837965535026,27.116311834747677,19747400
2015-10-21,27.080087661743164,27.593195840039435,26.989538076033647,27.430207967425275,17081800
2015-10-22,27.701862335205078,27.707900204122044,27.152533705147295,27.152533705147295,15378600
2015-10-23,27.864850997924805,27.96747404730113,27.732045511475093,27.852777562540982,13285100
2015-10-26,27.98557472229004,28.10026887015227,27.85880714263626,27.96142785870694,10802500
2015-10-27,27.87088394165039,27.94936011287466,27.77429877044057,27.882957375898133,9540400
2015-10-28,28.058008193969727,28.25117846393255,27.804473078182742,28.033861334531558,11447300
2015-10-29,28.00973129272461,28.10631647775721,27.76826717875687,28.064060603228725,7902300
2015-10-30,28.299480438232422,28.359845301666006,27.93728434931513,28.027833947237436,14753200
2015-11-02,28.239112854003906,28.42021204716771,28.08216282973676,28.38399174798057,11689100
2015-11-03,28.03990936279297,28.221006268668507,27.876921456673355,28.190823834817934,11900900
2015-11-04,27.8527774810791,28.16064432553531,27.792412607108883,28.118388453201685,9702000
2015-11-05,27.888996124267578,28.02783716833868,27.82862895112436,27.888996124267578,11646900
2015-11-06,27.63545036315918,27.786364796864106,27.33965936264957,27.762220237577665,14144400
2015-11-09,27.34569549560547,27.49057436819534,27.1827076274812,27.4845365011695,10743200
2015-11-10,27.2249698638916,27.363813204755665,27.04387295780522,27.327592902429547,9996700
2015-11-11,27.357776641845703,27.490582120606923,27.24308246649787,27.381923511215415,7904000
2015-11-12,27.061983108520508,27.218933139709247,27.025762807736033,27.176677273513356,11053500
2015-11-13,26.699787139892578,27.15856840765723,26.693751574451575,27.001616072927003,12615600
2015-11-16,27.188753128051758,27.20686212867046,26.669606951108374,26.717898387015648,10112500
2015-11-17,27.212900161743164,27.357776773112175,27.122350552558373,27.170641988757303,10657500
2015-11-18,27.393997192382812,27.424179627980426,26.91107131450435,27.212900276024918,13585600
2015-11-19,27.623382568359375,27.689785301181686,27.375882938694744,27.430212238024637,9320900
2015-11-20,27.40003776550293,27.762233967179032,27.357781887389947,27.744122660293005,12229700
2015-11-23,27.1585636138916,27.46642805802579,27.128378883698467,27.35173391271533,10290100
2015-11-24,27.279285430908203,27.36983498974585,26.971421075847886,27.01367692256654,11127400
2015-11-25,27.116302490234375,27.243072355992176,27.098193496313844,27.230998925788036,7013900
2015-11-27,27.303443908691406,27.40002907126998,27.06198215363093,27.068017718829378,4108300
2015-11-30,27.436248779296875,27.550942937770095,27.1404554299676,27.31551675298346,19400000
2015-12-01,27.514728546142578,27.70186102380875,27.36381406917454,27.47247037404113,10580000
2015-12-02,27.116302490234375,27.496607481965068,27.0861200661097,27.436242633715718,12160400
2015-12-03,26.89899444580078,27.194785500777975,26.760153417558357,27.092164772292154,17077700
2015-12-04,27.59320640563965,27.635462281078343,26.98954841048968,27.00765971622948,14158600
2015-12-07,27.804489135742188,27.84070714304469,27.43625737634951,27.442292943309063,13192100
2015-12-08,27.587173461914062,27.7622348498179,27.430221078699336,27.569062154452226,13776100
2015-12-09,27.38192367553711,27.846740551218584,27.237044761221597,27.514729155095306,13467900
2015-12-10,27.357776641845703,27.563020425943858,27.285338336508765,27.448326250596025,10402500
2015-12-11,27.055940628051758,27.375878504072137,27.00161133752267,27.357769508152977,16481900
2015-12-14,27.436248779296875,27.466431210182265,26.971431974791937,27.068017135288297,16723100
2015-12-15,27.496614456176758,27.683749217648565,27.291370696191265,27.478505457663076,16742600
2015-12-16,28.07612419128418,28.112344489477273,27.587162830922527,27.72600385317163,18808300
2015-12-17,27.8286190032959,28.184777137823207,27.78636314858684,28.06404744023812,15508600
2015-12-18,27.502656936645508,27.792412475318773,27.50265693664551,27.70790073105228,31635100
2015-12-21,27.707895278930664,27.719966409074345,27.47850465907889,27.605272250534394,10360600
2015-12-22,27.973499298095703,28.04593758091395,27.677705997199674,27.888987584345838,11181500
2015-12-23,28.341739654541016,28.46247169845642,28.003690392132317,28.07612869737268,12685500
2015-12-24,28.196863174438477,28.353815535903827,28.1304604294164,28.31759522877204,4279900
2015-12-28,28.221004486083984,28.27533378469214,28.106310323587643,28.142528320811778,6254900
2015-12-29,28.49869155883789,28.510764994294277,28.275338759825626,28.359850505247977,7667100
2015-12-30,28.233083724975586,28.492656838060253,28.142534107751665,28.492656838060253,8970700
2015-12-31,27.90106964111328,28.160642729463515,27.895031772395072,28.082166555532183,11490900
2016-01-04,27.689786911010742,27.71393377939943,27.381922398757364,27.569054871839413,17821600
2016-01-05,28.07009506225586,28.100277499617793,27.54491328328669,27.88899813531191,15632800
2016-01-06,27.816495895385742,28.079261747838558,27.66983496311814,27.798164153013456,19082700
2016-01-07,27.66371726989746,27.90814897917166,27.498724642312094,27.57205392198478,19277600
2016-01-08,27.394845962524414,27.950931276545223,27.315404537351117,27.902043528409,16594800
2016-01-11,27.55373191833496,27.639283163357128,27.254300229660785,27.5659538577805,14226200
2016-01-12,27.455961227416992,27.651507614111917,27.21152707849993,27.64539780938255,15123000
2016-01-13,26.979310989379883,27.663723185229536,26.936535372832793,27.56595001439387,19291000
2016-01-14,27.419292449951172,27.614838815566202,26.918204596675583,27.022089914650383,18435000
2016-01-15,27.150415420532227,27.223744721191988,26.80209832852781,26.912093445065672,27993900
2016-01-19,27.419292449951172,27.504843693520677,27.21152414509813,27.339853341548945,20364300
2016-01-20,27.14429473876953,27.358175100736126,26.75931428320193,27.11985320030979,28290200
2016-01-21,28.03036880493164,28.311468678821278,27.150410367496608,27.49872739467481,31354100
2016-01-22,28.745344161987305,28.79422958859688,28.109817298386684,28.36036122888931,23075700
2016-01-25,28.73921775817871,29.19752976919502,28.43978854972817,28.769773757122813,24298800
2016-01-26,29.484745025634766,29.496966961335445,28.751445201265085,28.800332944067808,22620900
2016-01-27,29.961397171020508,30.242497107895698,29.484753201996124,29.50919708017597,33795700
2016-01-28,29.949174880981445,30.22416267954106,29.61919185380641,29.97973089389646,20085200
2016-01-29,30.535818099975586,30.548040039644757,30.077505852316623,30.1813888428596,29082600
2016-02-01,31.018558502197266,31.177441318194912,30.364700164358062,30.517470847612,28536600
2016-02-02,30.4991455078125,30.939125913806546,30.34026498959027,30.926903976851587,21607000
2016-02-03,30.933012008666992,30.933012008666992,30.19971215102842,30.70691201568623,20309800
2016-02-04,30.816909790039062,30.92079276059542,30.35248549635038,30.780243978085895,19594300
2016-02-05,31.14690589904785,31.287454730267992,30.743591152169227,30.749700957397497,25790300
2016-02-08,31.00634765625,31.043011138684875,30.41359649185909,30.92079409134395,27058100
2016-02-09,30.64579200744629,30.926889431921747,30.156924083547207,30.590794482562394,22633900
2016-02-10,30.54191780090332,30.749686044355553,30.32192762182497,30.670244628333734,18633100
2016-02-11,30.181379318237305,30.615247549638042,30.10805003446014,30.309706147621313,30521000
2016-02-12,30.621355056762695,30.670240461529808,30.156930890449598,30.273038097575647,20990900
2016-02-16,30.700807571411133,30.73747105547966,30.2974929289826,30.700807571411133,16360000
2016-02-17,30.74968910217285,30.920791555761546,30.60303052226714,30.80468665241152,15228900
2016-02-18,31.128562927246094,31.226336100642023,30.529701948808984,30.627475122204913,19678500
2016-02-19,31.079669952392578,31.20799677420521,30.743574896223226,31.0063406729419,15607000
2016-02-22,31.2080020904541,31.25688983914637,31.02467769505041,31.079675246781136,12456000
2016-02-23,30.939123153686523,31.15911333705793,30.774130516157964,31.146891401193308,11594600
2016-02-24,31.05522346496582,31.085777134570648,30.65801876681636,30.719128437121586,11244900
2016-02-25,31.232446670532227,31.34855157965565,31.030788199264162,31.104119823959575,12358700
2016-02-26,31.177440643310547,31.37298692715503,31.116330972674405,31.256882049589734,13011500
2016-02-29,31.000226974487305,31.397431686055118,30.975783105539456,31.07966838302,15986300
2016-03-01,31.446327209472656,31.452439344223784,31.153007681021382,31.159119815772506,12003300
2016-03-02,31.849637985229492,31.89852573291685,31.28133073939259,31.44632339119325,14791100
2016-03-03,31.70909309387207,31.910751581155626,31.53799061818643,31.861863827476075,15404500
2016-03-04,31.660207748413086,31.77631266704026,31.47077119908795,31.623541933064104,13957600
2016-03-07,31.90463638305664,31.99018761268521,31.409660745606708,31.489099841063997,14907500
2016-03-08,32.05741500854492,32.234629645681075,31.733541750472924,31.806871060940843,14306500
2016-03-09,31.984073638916016,32.36294431976509,31.776305395012482,32.112400466625175,15466600
2016-03-10,31.97185516357422,32.179623429964494,31.770199031219732,32.11240394214762,15102100
2016-03-11,32.10017776489258,32.252948460261145,31.92296552989786,32.17350937705848,15223900
2016-03-14,32.10629653930664,32.234623390497646,31.916859998670187,32.11240634270304,11729400
2016-03-15,32.18573760986328,32.22851556064279,31.922974087994323,31.922974087994323,11295700
2016-03-16,32.51571273803711,32.61959801825001,32.0207371998505,32.1857274918489,11866400
2016-03-17,32.77237319946289,32.88236829660536,32.50349525929418,32.55849280786541,16401500
2016-03-18,32.5340576171875,32.90681626238761,32.5340576171875,32.88237471577037,23209400
2016-03-21,32.65626907348633,32.74793244018572,32.399615376482025,32.50349834971817,10679000
2016-03-22,32.51571273803711,32.66848342633583,32.44849326221036,32.64403955674507,10852000
2016-03-23,32.332401275634766,32.52794764817257,32.27740371266496,32.46684028091575,9716100
2016-03-24,32.72959518432617,32.76625865995111,32.17961973899354,32.22850748128793,15096400
2016-03-28,32.6318244934082,32.833480617851,32.50960745954492,32.72959765427963,8527100
2016-03-29,33.029029846191406,33.04736391809674,32.57071767719403,32.6990445250502,10770500
2016-03-30,33.02292251586914,33.22457867315892,32.81515422378779,33.10236161938818,14528300
2016-03-31,33.04736328125,33.15735605508119,32.949587782562375,33.00458533502607,12428600
2016-04-01,33.00459671020508,33.05348447639827,32.44851119079097,32.58295021672526,13807100
2016-04-04,33.255126953125,33.255126953125,32.87625624595185,33.01680501907905,11402700
2016-04-05,33.053466796875,33.29790083490495,32.96791558289324,33.230681357891925,12979100
2016-04-06,33.05038070678711,33.112133091158036,32.80954310975705,33.112133091158036,12993600
2016-04-07,32.111732482910156,32.54400627593601,31.969700102689295,32.43285009042358,23076300
2016-04-08,32.222877502441406,32.46989168591789,32.142597539456276,32.23522844718541,12197900
2016-04-11,31.87088394165039,32.35873566020898,31.80295492315466,32.33403377062837,14975900
2016-04-12,32.08085632324219,32.22906300028555,31.870894901011876,31.901771095754025,12335000
2016-04-13,31.673280715942383,32.16730684102844,31.39539028442448,32.1549558934385,19752900
2016-04-14,31.716514587402344,31.833845080860073,31.642411241834452,31.66711078655516,10083300
2016-04-15,31.710338592529297,31.796795245806095,31.555955245232262,31.66711144374236,11862000
2016-04-18,31.94499397277832,32.04997584772283,31.605351164574028,31.710330683816192,14322900
2016-04-19,32.1611328125,32.21670854356331,31.982047604510242,31.988221900505362,11393400
2016-04-20,31.957355499267578,32.24759696970428,31.90177739547551,32.204369817388574,15412500
2016-04-21,30.895187377929688,31.296584927958797,30.5493702696731,31.222481598432726,32172200
2016-04-22,31.2163028717041,31.265706658572274,30.90753627088467,30.969291004469884,17823300
2016-04-25,31.345989227294922,31.46332206177915,31.04957352639716,31.20395685117949,12439500
2016-04-26,31.14837074279785,31.49419014935327,31.04956553459659,31.481839203865363,10064300
2016-04-27,31.920289993286133,31.994395672772647,31.160724446315786,31.160724446315786,17012400
2016-04-28,31.506555557250977,31.840024171390116,31.44480080146425,31.679464162047687,13055600
2016-04-29,31.45714569091797,31.525074731342105,31.271886170662903,31.46332234315795,13684800
2016-05-02,31.691818237304688,31.772098249889705,31.518909615463084,31.630065831133628,11103800
2016-05-03,31.296579360961914,31.691800189069408,31.09896894690817,31.562118796540755,12900700
2016-05-04,31.39539337158203,31.488024309764004,31.0001724326505,31.17308100450739,9033800
2016-05-05,31.39539337158203,31.518900503923792,31.265711942689364,31.488024309764004,10788800
2016-05-06,31.568302154541016,31.580653103428045,31.253361202880956,31.438620724781146,9782300
2016-05-09,31.54361343383789,31.759749224251994,31.500383920051632,31.63006775000353,8719800
2016-05-10,31.827659606933594,31.833833902019872,31.660925371179452,31.728854395638777,7903500
2016-05-11,31.586830139160156,31.926472992717247,31.543602995382123,31.790614909013346,8508900
2016-05-12,31.784440994262695,31.86471863041355,31.549777671146096,31.630057662999636,9917100
2016-05-13,31.45714569091797,31.796790893038636,31.40156759927119,31.747387097929227,9561300
2016-05-16,31.636241912841797,31.69799667819734,31.271897042206078,31.352177059316574,7903400
2016-05-17,31.432445526123047,31.71033362314703,31.290410795849713,31.617705042706554,10466800
2016-05-18,31.11750602722168,31.512727005710016,30.91372124080863,31.444797958338047,10443100
2016-05-19,30.6481876373291,30.88902532048741,30.33324423958108,30.876674368055788,16022400
2016-05-20,30.666704177856445,30.753158464618853,30.54937369663642,30.753158464618853,15345800
2016-05-23,30.345590591430664,30.740811586511267,30.29001249176602,30.666708238859393,13263100
2016-05-24,30.617305755615234,30.642005300194224,30.382642414343287,30.481447659767863,11827300
2016-05-25,30.784034729003906,30.88283996491433,30.506146622551412,30.648179001941227,9490400
2016-05-26,30.975473403930664,31.049576747917982,30.746986719143113,30.784037213285355,11044000
2016-05-27,31.259540557861328,31.4077496127861,30.98782670548609,31.117508156230883,10649500
2016-05-31,31.432445526123047,31.593003145641404,31.241009357421973,31.420094577590472,15834500
2016-06-01,31.142202377319336,31.481845197947138,31.012520958558213,31.413916162681094,10670800
2016-06-02,31.352169036865234,31.352169036865234,30.95077140972656,31.16690949961001,8721100
2016-06-03,31.444787979125977,31.494191763609823,31.25335420350632,31.352159416771915,9500700
2016-06-06,31.315114974975586,31.549778302790276,31.2780644823804,31.53125305649268,10075600
2016-06-07,31.957355499267578,32.1055645612808,31.247191101447047,31.247191101447047,15210900
2016-06-08,31.81532096862793,31.926477168797476,31.642412370898835,31.809144315450194,10546200
2016-06-09,32.08085632324219,32.111732517984336,31.72268586826586,31.889420146716635,9790700
2016-06-10,32.52547836303711,32.62428595428198,31.938823602087812,32.02527788872444,15629000
2016-06-13,32.4637336730957,32.62429369124333,32.25377220331255,32.42050651952592,12394200
2016-06-14,32.72309875488281,32.79102545601328,32.30935011585205,32.340226317402845,10735900
2016-06-15,32.630462646484375,32.858949328756154,32.58105884723491,32.71074264241336,10289000
2016-06-16,33.01333236694336,33.025683316643146,32.46372806166804,32.63046234906102,11914500
2016-06-17,33.2109375,33.2109375,32.73543661383031,32.99480180433305,18836300
2016-06-20,33.19859313964844,33.464132678844024,32.99480835125582,33.34680218587269,14344300
2016-06-21,33.40855026245117,33.64939022589652,33.000978382647425,33.27886883608238,11893000
2016-06-22,33.365318298339844,33.59380728019968,33.34061876048389,33.488825410428525,12959200
2016-06-23,33.760555267333984,33.76673192151927,33.47031612461571,33.5938232955847,12329900
2016-06-24,33.612327575683594,34.100179300998946,33.427068112666916,33.63702946560632,43842700
2016-06-27,33.80377197265625,33.884049601024344,33.27269298768601,33.38384916387525,22570200
2016-06-28,33.85317611694336,33.95815800538772,33.55676040862819,33.816123270015474,17780600
2016-06-29,34.00139617919922,34.14960290358459,33.85318709911044,33.85318709911044,18184100
2016-06-30,34.48306655883789,34.532468007890365,33.834656933491395,34.131072694915424,22143300
2016-07-01,34.72389221191406,34.760945052669626,34.32867133333037,34.48922893186665,16092300
2016-07-05,34.90915298461914,35.1685181680161,34.77947157077183,34.77947157077183,20703200
2016-07-06,35.093170166015625,35.136836094653155,34.58791984596881,35.06198225654736,15761500
2016-07-07,34.54425048828125,35.018312819147326,34.369593941554115,34.993361543974224,13574100
2016-07-08,34.86861038208008,34.94969845822392,34.31345520991489,34.550487568183264,15946200
2016-07-11,34.8873291015625,34.93099265201872,34.562969598541265,34.77505072053649,12434700
2016-07-12,34.600399017333984,34.906043892599264,34.53802081254551,34.77505323177129,14897600
2016-07-13,34.93098831176758,34.95593958878089,34.538014027004465,34.669007041582,11405600
2016-07-14,34.83119201660156,34.993370588173384,34.69396234716643,34.69396234716643,11098500
2016-07-15,34.83119201660156,34.98089732684763,34.68148670635549,34.962182675888634,13949700
2016-07-18,34.8873291015625,34.93099265201872,34.78128735082237,34.84990218139215,9623300
2016-07-19,34.74385452270508,34.93098431995078,34.65028843433999,34.906033045788824,10270100
2016-07-20,34.6939697265625,34.72515764548091,34.50060320157693,34.66902081911918,12008700
2016-07-21,34.53802490234375,34.725154779897615,34.456936795744554,34.637827662338175,9802100
2016-07-22,34.993370056152344,35.055748259258664,34.55049552178062,34.5816834335912,10973200
2016-07-25,34.84989929199219,34.99336557152286,34.70643301246151,34.99336557152286,10848700
2016-07-26,34.18871307373047,35.08693782544723,34.113859226473465,34.83742976022772,18753900
2016-07-27,34.50682830810547,34.58167976440602,33.95791207643667,34.27603492981258,17074600
2016-07-28,34.21989440917969,34.43821213966724,34.08266476173905,34.431975510003944,10672300
2016-07-29,34.56297302246094,34.75634189326926,34.288516052478236,34.3009916937709,15508900
2016-08-01,33.995338439941406,34.81871158427477,33.914247975572025,34.66900867411499,17434600
2016-08-02,33.683448791503906,34.05147175310898,33.50879463327928,33.964144673996664,18428200
2016-08-03,33.621070861816406,33.808200645159005,33.452653342962776,33.78324937285085,10429400
2016-08-04,33.63978576660156,33.770776387274054,33.57740996041975,33.68344930682572,11309800
2016-08-05,33.458900451660156,33.67722058351472,33.26553397941431,33.64603029361761,13460100
2016-08-08,33.42770767211914,33.52127376921141,33.309192678022335,33.458895577988336,9830400
2016-08-09,33.47138214111328,33.546233615527406,33.26553999160308,33.43395521416348,7906200
2016-08-10,33.56493377685547,33.67097312153514,33.427704150108184,33.57117040557833,8875700
2016-08-11,33.596134185791016,33.67722466628121,33.52128271583063,33.56494627159797,7824800
2016-08-12,33.46513748168945,33.67097958181985,33.38404701582723,33.658503942496054,7655000
2016-08-15,33.44019317626953,33.5898961204026,33.39029060856824,33.471381091340135,8250900
2016-08-16,32.90998077392578,33.37780652005304,32.891268505515825,33.37156989041132,13933100
2016-08-17,33.16572952270508,33.16572952270508,32.6729548175678,32.9973143272122,12930100
2016-08-18,32.97860336303711,33.097120769500805,32.760285581896646,33.02850592986085,11204900
2016-08-19,32.716609954833984,33.00354246975029,32.53571678606673,32.99106683264726,11991000
2016-08-22,32.77898406982422,32.86631114555584,32.541951736063865,32.79769871425553,8183900
2016-08-23,32.82888412475586,32.947399092901485,32.72284241263889,32.847596388283016,7775100
2016-08-24,32.766510009765625,32.885027372089866,32.541953301661245,32.778985646825255,8900700
2016-08-25,32.903743743896484,32.928695021129336,32.641762471405826,32.76651409860056,8680100
2016-08-26,32.47957992553711,33.06592063429506,32.37354057182451,32.83512728013821,15105300
2016-08-29,32.74779510498047,32.86631007826987,32.535714051025984,32.660468032084665,11960400
2016-08-30,32.604339599609375,32.80394508326057,32.45463429712845,32.797708452921185,9161900
2016-08-31,32.641761779785156,32.72284985984667,32.4858198696111,32.57314695859102,10390500
2016-09-01,32.78523254394531,32.87879627517932,32.46087304080034,32.52324886162301,9988800
2016-09-02,32.984832763671875,33.14701129962843,32.76027603735921,32.93493021138699,13275300
2016-09-06,33.3778076171875,33.58365209440234,32.95364778254925,33.11582633289756,17235600
2016-09-07,33.50255584716797,33.552458395268374,33.23433559983947,33.37156522763111,10612300
2016-09-08,33.43394088745117,33.608597425556354,33.327901542427,33.43394088745117,9005300
2016-09-09,32.323638916015625,33.20939020219082,32.29245100991105,33.14077538106992,18258500
2016-09-12,32.79146957397461,32.95988714763095,32.255028942214075,32.27998022264132,15678600
2016-09-13,32.09284591674805,32.51076909812055,31.905716098529247,32.467105553185654,17602400
2016-09-14,32.1177978515625,32.34859121944345,31.99928047332475,32.180173665751475,11941800
2016-09-15,32.4234504699707,32.49830194089566,31.88700977279022,32.11780557566066,13007400
2016-09-16,32.36106872558594,32.41720791338946,32.198887792160235,32.36730535557081,19932300
2016-09-19,31.936908721923828,32.41097115672735,31.82463033851258,32.36730760534354,14578500
2016-09-20,31.980571746826172,32.311167881714006,31.893244645496182,32.18641386003471,14006300
2016-09-21,32.35483169555664,32.44215879759695,31.968096366741634,32.04294782856404,14434700
2016-09-22,32.65423583984375,32.74156531045106,32.435918112037406,32.529484212231424,12751900
2016-09-23,32.78523254394531,32.94741110577528,32.5294878713963,32.623051602630305,13014800
2016-09-26,32.52948760986328,32.78523228035614,32.44839713985773,32.71661745031183,10559000
2016-09-27,32.7415657043457,32.847605064988834,32.43591850225499,32.62928733455604,8259000
2016-09-28,32.47334289550781,32.710372875993436,32.31740099174824,32.62928479926738,13279100
2016-09-29,32.510772705078125,32.69166591386916,32.29245495618205,32.33611850596126,10804700
2016-09-30,32.4234504699707,32.79147357295601,32.41097482823565,32.704146460295995,13077600
2016-10-03,32.36106872558594,32.52324727952672,32.18641215270557,32.33611744667661,9120300
2016-10-04,31.97432518005371,32.39848732582367,31.812146655840248,32.29244797912342,13753300
2016-10-05,31.714412689208984,32.06139702626989,31.56300007318178,31.979381758979237,17190900
2016-10-06,31.70810317993164,31.87213371789261,31.525149373682478,31.74595693637385,11724000
2016-10-07,31.493600845336914,31.884749077309685,31.49360084533691,31.834277406104782,13816800
2016-10-10,31.663938522338867,31.733335865612315,31.310646457123777,31.689174357460427,10687700
2016-10-11,31.48097801208496,31.676549675962136,31.32325768618598,31.607152347507196,11737900
2016-10-12,31.73333740234375,31.84689625926833,31.506219688494586,31.51883760666641,8880100
2016-10-13,31.727027893066406,31.80273299129142,31.430512848971045,31.689174140643054,11156900
2016-10-14,31.72071647644043,31.928908496602173,31.71440872126352,31.758570227366633,8853200
2016-10-17,31.81534194946289,31.91628285421152,31.575606398202016,31.676547302950645,10724600
2016-10-18,31.714412689208984,31.92891249138476,31.57561799173587,31.92891249138476,10873900
2016-10-19,31.783803939819336,31.941524281551995,31.76487586230885,31.827965442974765,10364900
2016-10-20,31.001508712768555,31.27278788193778,30.850098538631183,31.25386221182594,27098200
2016-10-21,30.40848159790039,30.862714534093605,30.250761260158814,30.780701691235368,24785000
2016-10-24,30.414791107177734,30.869026476197927,30.364321847631885,30.7302318008592,19414700
2016-10-25,30.181367874145508,30.4652650005377,30.149824283795635,30.414793330680563,16441200
2016-10-26,30.04888343811035,30.31385248576603,30.017339847668726,30.11828078105494,15049200
2016-10-27,30.62298583984375,30.730234530041987,30.048883822621768,30.118281166454377,22330700
2016-10-28,30.414791107177734,30.76808555048472,30.345393769508373,30.635601036727664,10660100
2016-10-31,30.345396041870117,30.47157281011553,30.313852451464186,30.433721464277085,12459400
2016-11-01,30.067800521850586,30.522035795642054,29.985785284833575,30.484182053952434,13229400
2016-11-02,29.61357307434082,30.12458789240733,29.563103812037628,30.12458789240733,16488200
2016-11-03,29.56941032409668,29.821763844867338,29.518941063915467,29.63880766263969,12605100
2016-11-04,29.701900482177734,29.828074849688285,29.582031463772203,29.632503136073858,14410200
2016-11-07,29.94162368774414,29.947933847981464,29.613565147412046,29.897462192566838,14705200
2016-11-08,30.061504364013672,30.18767873840706,29.947945501762074,30.00472493288787,9482400
2016-11-09,30.193988800048828,30.332783499363362,29.317063905191176,29.65773808418389,20871900
2016-11-10,29.455854415893555,30.20660489136195,29.247664786138515,30.1939869734038,24311700
2016-11-11,29.455854415893555,29.588341351143242,29.34229556089198,29.462164578183515,16425500
2016-11-14,29.134098052978516,29.556787360479042,29.026846982646916,29.46846436527721,21820200
2016-11-15,29.884855270385742,29.884855270385746,29.260283947948388,29.34229680823006,18672200
2016-11-16,30.23813819885254,30.26968177970895,29.853300255189872,29.960551318046807,17328400
2016-11-17,30.181367874145508,30.389557495751994,30.16244220125992,30.25076521688823,12436300
2016-11-18,30.32648277282715,30.408498066725105,30.011041926505566,30.1876880303264,12820600
2016-11-21,30.47787094116211,30.50941451911635,30.231825257229264,30.32015064477017,10773300
2016-11-22,31.222335815429688,31.298040944177526,30.5157465917077,30.585143962485986,22030000
2016-11-23,31.689178466796875,31.954149956690422,31.096150704268677,31.102458460556186,21456700
2016-11-25,31.96675682067871,32.048772069959206,31.651316145961353,31.682862138730176,8087100
2016-11-28,32.25066375732422,32.3011354358693,31.827974279308584,31.840592198944854,15982400
2016-11-29,32.14971923828125,32.269588258209474,32.02985262497485,32.19388074879528,11532800
2016-11-30,31.48097801208496,32.00460824262656,31.480978012084957,31.891049415449597,20698900
2016-12-01,31.462053298950195,31.537760796240125,31.108761271416306,31.41789179550846,12982800
2016-12-02,31.424198150634766,31.745946551969766,31.291711249735744,31.54406473022601,10650700
2016-12-05,31.386350631713867,31.594542655404123,31.380042876430057,31.380042876430057,13074700
2016-12-06,31.771183013916016,31.93521109486573,31.39265278564397,31.63869851700034,13581500
2016-12-07,32.41468811035156,32.44623170010207,31.82165803390687,31.99830646842864,16280600
2016-12-08,32.256961822509766,32.351592574357475,32.162328664040864,32.32004899040824,11502900
2016-12-09,32.48408508300781,32.57240809595521,32.12448046274515,32.231731554625284,10101500
2016-12-12,32.65441131591797,33.07710299029625,32.47776534212335,32.515619082202576,16186400
2016-12-13,33.03293991088867,33.03924766395525,32.843676032821136,32.856293945575075,12211500
2016-12-14,32.57240295410156,33.222209938169385,32.433608294739024,33.09603319389628,19920400
2016-12-15,32.68596267700195,32.88784451071039,32.33266826470155,32.408373350686894,13963600
2016-12-16,32.976173400878906,32.98248115641189,32.71751210483548,32.8436888750907,21262500
2016-12-19,33.379940032958984,33.518734732929246,32.8626173960432,33.108660795719985,13407000
2016-12-20,33.512420654296875,33.72692043526752,33.39255404981567,33.39255404981567,10366900
2016-12-21,33.41777801513672,33.7079827902513,33.41777801513672,33.49348308546644,9656700
2016-12-22,33.84679412841797,33.903573560841636,33.26007412891402,33.34208699282,11101500
2016-12-23,33.865718841552734,33.90988035366962,33.71430622385061,33.84679316682319,7201200
2016-12-27,33.840484619140625,33.96035364914006,33.71430783280429,33.8720282140692,6255400
2016-12-28,33.71430206298828,33.96034783721614,33.670140556321606,33.83417107247351,6849500
2016-12-29,33.9035758972168,34.00451684996808,33.758471021428576,33.80894270111529,7150800
2016-12-30,33.67644500732422,33.840473089038504,33.54395810316979,33.7836936748641,12440800
2017-01-03,34.43350601196289,34.49028302438227,33.897255408439534,34.04235783340569,22891700
2017-01-04,34.395652770996094,34.578608946894825,34.275786176418364,34.41457844208167,18316100
2017-01-05,34.47135543823242,34.591224431003454,34.256855690065684,34.55967843925026,13840600
2017-01-06,33.95997619628906,34.29154216933142,33.85795608399536,34.22140288606363,15615000
2017-01-09,33.590152740478516,33.96635234426602,33.5837751155399,33.93447151662665,14097200
2017-01-10,33.64116668701172,33.896218211561504,33.16932452865169,33.59653303506824,11787400
2017-01-11,33.44989013671875,33.634802430527934,33.30961394171902,33.55191029324237,16142800
2017-01-12,33.590152740478516,33.7240536759746,33.32872606207372,33.43074616993044,11052100
2017-01-13,33.507259368896484,33.7304300185903,33.41799208195942,33.61565709757088,9458700
2017-01-17,33.62841033935547,33.72405281984556,33.475378965279674,33.50725979210971,11383500
2017-01-18,33.31597900390625,33.69217867272768,33.29047336444508,33.488138421741645,12930900
2017-01-19,33.38611602783203,33.56465062722638,33.271343090406674,33.5072641585137,13286100
2017-01-20,33.615665435791016,33.921725823642696,33.51364530650712,33.53914851456429,15473700
2017-01-23,33.417999267578125,33.60291150590869,33.2713454885975,33.449880100860575,15695500
2017-01-24,31.95783805847168,32.38504905903862,31.747422587779038,32.04710537527171,43484700
2017-01-25,31.73466682434082,31.843062146876647,31.141674066457796,31.562507401179452,30398600
2017-01-26,31.320213317871094,31.54338405455485,30.93126075973411,31.084292191527314,37877100
2017-01-27,31.626270294189453,31.709162412036815,31.415854834856095,31.46686368498013,18369300
2017-01-30,31.479616165161133,31.77930136558629,31.358468019118867,31.556133088047428,12148700
2017-01-31,31.250070571899414,31.54338058117608,31.199061721819877,31.37759634562599,16844200
2017-02-01,30.854736328125,31.479609811464073,30.76546903512675,31.460481800779107,26004100
2017-02-02,30.78459930419922,30.98226434773289,30.54230304324354,30.950383516802038,17787200
2017-02-03,30.97589111328125,31.001394320227764,30.816484516195246,30.89299900173807,15166400
2017-02-06,30.62520408630371,31.03328471135552,30.567817596383772,31.03328471135552,16151400
2017-02-07,30.631574630737305,30.708089122152497,30.478543215555092,30.688961107386657,12771900
2017-02-08,30.841983795166016,30.969509543063715,30.669824400356823,30.701707661594746,13962800
2017-02-09,31.12253761291504,31.218180089390287,30.841980510945078,30.841980510945078,13577300
2017-02-10,31.230947494506836,31.32021482052228,31.046035214987857,31.205441849258932,12317400
2017-02-13,30.956758499145508,31.001392148614922,30.657075771615375,30.778223901267857,18305300
2017-02-14,30.778221130371094,30.90574687409632,30.599686548566524,30.803726765586386,20847200
2017-02-15,30.65707778930664,30.66982817655009,30.478540747327127,30.60606651092631,19297100
2017-02-16,30.89937973022461,30.937638196024874,30.535932818354382,30.625200139536254,18706900
2017-02-17,31.36484146118164,31.434980753733612,30.688959039902603,30.803731985469167,23190700
2017-02-21,31.517871856689453,31.683653643669935,31.39034609543823,31.56888070177899,19206000
2017-02-22,31.67090606689453,31.690036515277466,31.5497579114452,31.562510732916497,13653400
2017-02-23,32.078983306884766,32.200131440618755,31.670900390006572,31.86856543885297,16212000
2017-02-24,32.26390075683594,32.48707149698678,32.05986046617651,32.05986046617651,14357900
2017-02-27,31.843055725097656,32.232008147242496,31.753788434576137,32.19375212693398,14029500
2017-02-28,31.64539909362793,31.900448195672233,31.505120506474956,31.85581454200569,17699200
2017-03-01,31.760173797607422,31.86856912469274,31.47961660778314,31.600767187880656,16095600
2017-03-02,31.868572235107422,31.894077878917532,31.62627348361555,31.683659966012254,10773400
2017-03-03,31.93871307373047,31.970593913848607,31.753800795752195,31.86857376605925,11071600
2017-03-06,31.90044593811035,31.976962852425146,31.77929780563921,31.90044593811035,10827300
2017-03-07,31.524255752563477,31.919585964809574,31.47324689339278,31.881327496167362,12896900
2017-03-08,31.345720291137695,31.454118066661273,31.17993846265435,31.43498761665582,14206500
2017-03-09,31.422229766845703,31.530627525026674,31.294706426423584,31.390348931740174,10590000
2017-03-10,31.466859817504883,31.575257563267407,31.30745322788763,31.562504744215843,11181600
2017-03-13,31.543384552001953,31.581640586289492,31.32659143908141,31.454117228861517,10488800
2017-03-14,31.473251342773438,31.645410827473235,31.403112023189895,31.524260209155265,8496600
2017-03-15,31.970590591430664,32.04072989181293,31.409478620724453,31.409478620724453,12660800
2017-03-16,31.90682029724121,32.040721235056246,31.785669744821753,31.894067479494357,10861200
2017-03-17,32.12998962402344,32.155495260388044,31.894068568529253,32.00246387455178,21071300
2017-03-20,32.034358978271484,32.27028012097825,31.9705948637884,32.14912951963652,9456000
2017-03-21,31.983339309692383,32.28302448838947,31.957833670579518,32.187379557892044,15196500
2017-03-22,31.6964111328125,32.059858024896016,31.505123678929372,31.964215514130426,14950400
2017-03-23,31.651777267456055,31.80480868897196,31.5114986670958,31.721916567636182,9644900
2017-03-24,31.677276611328125,31.77292153480234,31.56250367609965,31.69002942994812,9310700
2017-03-27,31.33296775817871,31.72829553156372,31.192689141152453,31.677286673232857,13270900
2017-03-28,31.434978485107422,31.466859316052517,31.03327320461505,31.25006626033378,12856300
2017-03-29,31.326580047607422,31.479608993815006,31.26281595972823,31.42222253089935,11160800
2017-03-30,31.281951904296875,31.396724850315035,31.179931778097586,31.243693444840265,11623000
2017-03-31,31.084293365478516,31.307461678238514,31.084293365478516,31.307461678238514,19299100
2017-04-03,31.358461380004883,31.403095026062964,30.982261768693025,31.07152906080918,14307400
2017-04-04,31.44135093688965,31.447726129089006,31.16717145764663,31.307447577192274,8952800
2017-04-05,31.256439208984375,31.594380344668416,31.25006158433876,31.517865875378867,14327600
2017-04-06,31.248703002929688,31.35839167232757,31.08094067619014,31.30677419889738,18456100
2017-04-07,31.397104263305664,31.56486411606071,31.139009531433828,31.280961880100715,17269600
2017-04-10,31.319686889648438,31.539066743802476,31.26161567939076,31.435829310163786,10859400
2017-04-11,31.42291259765625,31.455173822122156,31.164817879181683,31.300316498762687,13096200
2017-04-12,31.564870834350586,31.577775819828265,31.190636100995196,31.313229770971663,10455800
2017-04-13,31.371295928955078,31.564865757236486,31.33903470113716,31.487438318198702,9487000
2017-04-17,31.493898391723633,31.681014535351416,31.41001721338224,31.41001721338224,10507100
2017-04-18,31.758445739746094,31.93265936581133,31.319686043294638,31.371303528031838,19691300
2017-04-19,31.577768325805664,31.971361674657317,31.545507100454845,31.900385502061283,18837300
2017-04-20,31.23579978942871,31.371298433907672,30.784135179791388,30.919633824270353,30398200
2017-04-21,30.487337112426758,31.080951807018316,30.40990964386587,30.919643145047804,31278300
2017-04-24,30.358272552490234,30.558296066509808,30.30020136850865,30.40989247663985,23161900
2017-04-25,30.132450103759766,30.500233553071386,30.055022656897886,30.30020998218953,30033500
2017-04-26,30.558305740356445,30.66799442183835,30.08083113631215,30.164712308922816,29343800
2017-04-27,30.113088607788086,30.57765816869233,30.1066373467195,30.55830192411263,16838500
2017-04-28,29.622711181640625,30.093731997895663,29.609806198286172,30.093731997895663,25922800
2017-05-01,29.603355407714844,29.77756899370751,29.603355407714844,29.719497798376622,14455200
2017-05-02,29.622711181640625,29.745304831447093,29.52592503716917,29.68078237604872,13397800
2017-05-03,29.777570724487305,29.842093184661266,29.57109589828174,29.693689557161896,19568100
2017-05-04,29.603355407714844,29.796925238359826,29.5259255063577,29.796925238359826,20767700
2017-05-05,30.12599754333496,30.151807513743023,29.68078662997999,29.73240657079612,17133000
2017-05-08,30.0872745513916,30.158250714562463,29.86789480221502,30.145345733861088,15561700
2017-05-09,29.95178985595703,30.061481021187728,29.784029937890647,30.016314794732367,14349000
2017-05-10,29.925973892211914,30.087282501542592,29.88080767850925,29.938878876323255,12669600
2017-05-11,29.693695068359375,29.919526182256934,29.66788509494979,29.88081368351709,12435800
2017-05-12,29.577545166015625,29.78401997830334,29.558188921543,29.7582100114239,14470900
2017-05-15,29.280742645263672,29.642072394254807,29.196861470087452,29.622716146665798,20379700
2017-05-16,29.235578536987305,29.45495838387096,29.196863577640368,29.254934785973525,14813500
2017-05-17,28.700029373168945,29.23557517299374,28.68712438820488,29.23557517299374,21333500
2017-05-18,29.061357498168945,29.22266609556814,28.693574093008685,28.712930337056953,15648700
2017-05-19,29.306543350219727,29.319448332740752,28.880688772520816,29.138783500193863,12787800
2017-05-22,29.34524917602539,29.39686909006382,29.21620185230229,29.287178003418642,9290100
2017-05-23,29.34524917602539,29.409774068573427,29.293631723359933,29.34524917602539,8066300
2017-05-24,29.061357498168945,29.35171346576227,28.938761388866283,29.32590349944867,15846000
2017-05-25,29.235578536987305,29.28074475887148,29.04200620162711,29.06781617452507,11206400
2017-05-26,29.242015838623047,29.319443258976563,29.190398378845146,29.196849638302393,5999900
2017-05-30,29.809831619262695,29.89371278564458,29.203309670403893,29.203309670403893,16442300
2017-05-31,30.093738555908203,30.293762149430435,29.848548741489726,29.958239893219478,22811100
2017-06-01,30.00985336303711,30.138900746071084,29.7453073354358,30.138900746071084,14219400
2017-06-02,29.964683532714844,30.44860931467236,29.88725609678631,30.08727963942332,18552800
2017-06-05,29.919527053833008,29.951788290847517,29.69369593335684,29.790479644400364,8538200
2017-06-06,29.964683532714844,30.20342202400303,29.835638626625222,29.919517323308714,11610500
2017-06-07,30.00339698791504,30.132444348955,29.913064573599172,30.016301970156405,8648100
2017-06-08,29.80338478088379,30.042123351012076,29.680791095064258,30.003408389575824,11717800
2017-06-09,30.14535140991211,30.184063897931992,29.687233123561352,29.79047052723747,11698800
2017-06-12,30.448619842529297,30.64864345432609,30.145361254715997,30.145361254715997,18929100
2017-06-13,29.977588653564453,30.52603935246473,29.938876166108923,30.519585630306256,15194600
2017-06-14,30.12599754333496,30.184068746065975,29.945332673227014,30.087285049097115,9817600
2017-06-15,30.093738555908203,30.216334693804658,30.00340611411572,30.05502605878253,10984100
2017-06-16,30.0872745513916,30.32601054093355,29.893704763617766,30.23567813739732,22573900
2017-06-19,30.04857063293457,30.0872855892417,29.867905759583223,30.0872855892417,9773500
2017-06-20,29.642080307006836,29.945341394184435,29.513035340133356,29.93889013039075,16756100
2017-06-21,29.30010414123535,29.693697655209707,29.093629258720075,29.64853142849541,15027200
2017-06-22,29.306543350219727,29.41623447096158,29.15168848271489,29.33880703720916,10511300
2017-06-23,29.28719139099121,29.33235760573444,29.229120191839332,29.313001359808514,10069700
2017-06-26,29.51947593688965,29.667879564267594,29.325906095152074,29.325906095152074,10105500
2017-06-27,28.93231773376465,29.132341333216875,28.912961484627967,29.016198915647774,20187200
2017-06-28,28.93231773376465,29.183958818039525,28.82908030274484,29.022650178235164,18703600
2017-06-29,28.65485954284668,28.97102548115941,28.641954559510047,28.90650056447625,17913000
2017-06-30,28.81616973876953,28.874240936314287,28.622599900745026,28.790359770666523,13368900
2017-07-03,29.03554916381836,29.08716909934689,28.71938321214111,28.783908131551776,9732000
2017-07-05,28.809720993041992,29.07426703576243,28.674219879356503,29.06781331248613,14853400
2017-07-06,28.44887351989746,28.821480345583776,28.44887351989746,28.743037459558863,16854300
2017-07-07,28.422725677490234,28.501168565219327,28.246227309858952,28.455410006239486,12198500
2017-07-10,28.23969841003418,28.44234279447698,28.226624176577374,28.422732691119304,12272500
2017-07-11,28.037052154541016,28.252773270886088,27.978219349506464,28.246234907184963,13249500
2017-07-12,28.252771377563477,28.357362746876394,28.108957309637606,28.135105775379575,11388900
2017-07-13,28.429264068603516,28.4619483973863,28.13510012224954,28.20700714176434,12140500
2017-07-14,28.47503089904785,28.644990954280953,28.376975390561913,28.520789471366577,11986800
2017-07-17,28.5403995513916,28.671139398043557,28.475030874893207,28.520789447173115,10804200
2017-07-18,28.344280242919922,28.625369933484496,28.278909097640824,28.54038869144878,15417100
2017-07-19,28.40311622619629,28.461949016747347,28.239692085071635,28.33774507355373,13940800
2017-07-20,28.906461715698242,29.141792868422936,28.422725180246992,28.435799410248855,19309100
2017-07-21,28.913002014160156,28.965298942180965,28.644986492190466,28.913002014160156,11426600
2017-07-24,28.573074340820312,28.899922601393378,28.553464243155315,28.860702406063382,11895200
2017-07-25,28.74958038330078,28.873781857792405,28.63845314196433,28.6972859443351,9818800
2017-07-26,29.02413558959961,29.30522538086272,28.945690187162153,29.2856127834258,19045200
2017-07-27,31.253238677978516,31.272848780101143,30.03736247327759,30.24000684495781,44702500
2017-07-28,31.338220596313477,31.625848755819167,30.802189472795792,31.1813347762696,25296500
2017-07-31,31.638916015625,31.750043239189136,31.037513854942997,31.279380895494924,28456800
2017-08-01,31.959224700927734,32.44296125679669,31.723893538270104,31.821949020595618,33498200
2017-08-02,31.514711380004883,31.98537371343393,31.312067037065354,31.96576361409257,19233400
2017-08-03,31.776187896728516,31.77618789672852,31.338209936307063,31.436265410721298,15190100
2017-08-04,31.97230339050293,31.97230339050293,31.46895666543135,31.736972195024805,13841700
2017-08-07,31.939611434936523,32.00498008756887,31.8219458652749,31.89385287936303,10448700
2017-08-08,31.7696590423584,31.998454386574828,31.658531798844315,31.86771454611616,10901200
2017-08-09,31.521257400512695,31.79580883261397,31.42974025647894,31.717365922535773,18887100
2017-08-10,31.390520095825195,31.51472158797498,31.285928709368704,31.495111482281683,13005200
2017-08-11,31.416662216186523,31.52778945086224,31.181331020808706,31.508179349132373,10420500
2017-08-14,31.887317657470703,31.900391888015285,31.47549061676157,31.488562353651652,11064600
2017-08-15,31.69121551513672,31.763122550664036,31.501642874865606,31.743512447758402,11164800
2017-08-16,31.64545440673828,31.723897305721675,31.52125294221001,31.61930594252555,9447000
2017-08-17,31.305522918701172,31.671593832242582,31.305522918701175,31.61929691874206,10638000
2017-08-18,31.174789428710938,31.344751938281245,31.057123843209833,31.279380783194746,16919100
2017-08-21,31.468952178955078,31.70428334088243,31.17478822654589,31.2663078401378,10556800
2017-08-22,31.606229782104492,31.66506257616631,31.233622917597838,31.462418225018094,11005500
2017-08-23,31.560476303100586,31.815417620549447,31.501643499562004,31.547402069685898,8909200
2017-08-24,31.58008575439453,31.743509915317105,31.495104492491446,31.606231724964495,8898200
2017-08-25,31.821945190429688,32.01805363782213,31.65852106866029,31.691205394283326,9846700
2017-08-28,31.776187896728516,31.867705009566173,31.580079441554357,31.80233635572622,6329400
2017-08-29,31.710826873779297,31.874251054211104,31.59316375803109,31.612773861713272,6044100
2017-08-30,31.455875396728516,31.619299524403864,31.377432513667546,31.59315355915307,10758400
2017-08-31,31.357826232910156,31.638915966215837,31.331677770822516,31.547396348909082,14237700
2017-09-01,31.325145721435547,31.423201227198057,31.227092709328137,31.39051688982892,11455200
2017-09-05,30.959074020385742,31.32514255172672,30.919851323318564,31.233625418891478,10005100
2017-09-06,30.664907455444336,31.08981124358779,30.475334842663123,31.03097844974723,14081900
2017-09-07,30.20078468322754,30.86101717966321,30.115803423446103,30.723741486392637,16591100
2017-09-08,30.141956329345703,30.324990614015434,29.880476642398854,30.187714900513136,14152000
2017-09-11,30.266149520874023,30.29229798113908,30.14848394333569,30.220390962237385,11073700
2017-09-12,30.58646011352539,30.691051454736854,30.318444645817625,30.396887528312654,11173200
2017-09-13,30.887174606323242,30.893710477285488,30.514567620088602,30.57993630433292,12772700
2017-09-14,30.841407775878906,31.10942329941204,30.730278050013816,30.880630472123315,11808500
2017-09-15,31.285919189453125,31.312067651524433,30.762962416299906,30.998291093977908,24626500
2017-09-18,31.43626594543457,31.540857289550118,31.05712076448175,31.31860037159779,18810200
2017-09-19,32.253379821777344,32.39065546451702,31.383962430451774,31.436259338345263,30818000
2017-09-20,32.34490966796875,32.44950103133398,32.083432506383076,32.22724407247602,18755900
2017-09-21,31.991907119750977,32.31875538310883,31.926538464541146,32.27299682573108,14315800
2017-09-22,32.61947250366211,32.737138131433426,32.04421860051961,32.155345863606144,20646400
2017-09-25,32.61947250366211,32.89402397269152,32.521416982634186,32.59985990326323,13698600
2017-09-26,32.36451721191406,32.73712656396763,32.29261268137684,32.6586811774013,12007500
2017-09-27,32.36451721191406,32.50833126029774,32.10957593971,32.15533450171306,14270800
2017-09-28,32.29915237426758,32.40374374175154,32.12265397407809,32.188025137289884,8231800
2017-09-29,32.3514518737793,32.57370885903842,32.037675252756344,32.22724790064164,13021700
2017-10-02,32.2664680480957,32.488725015765276,32.19456101537101,32.286078150237024,9525800
2017-10-03,32.58677673339844,32.69790645967258,32.31222533964138,32.32529957177098,10218600
2017-10-04,32.61947250366211,32.737138131433426,32.279549856062246,32.449509933034435,9887500
2017-10-05,32.53448486328125,32.70444490705459,32.47565206088759,32.65868633782119,12230600
2017-10-06,32.289710998535156,32.54771073684789,32.19047916522856,32.441864625653686,13239600
2017-10-09,32.448482513427734,32.47494467506279,32.18386846778914,32.342636390458175,10702900
2017-10-10,32.508026123046875,32.739566287665404,32.45510431519502,32.600641179465875,10843900
2017-10-11,32.322784423828125,32.62709164971502,32.09124434220714,32.508014470268826,10335100
2017-10-12,31.985393524169922,32.316162857505994,31.839856733529476,32.044932105113205,17087900
2017-10-13,31.6612548828125,32.07140832951407,31.641409521647038,31.978793279314118,20105100
2017-10-16,31.813404083251953,31.98540307758878,31.555404329961462,31.68771260752775,10394700
2017-10-17,32.01847839355469,32.07801698550104,31.667861119394978,31.813400460501658,14842800
2017-10-18,32.18387222290039,32.316177999371384,31.595100413892382,31.972179952261683,20410400
2017-10-19,32.55432891845703,33.8575613692125,32.44848279457039,33.110021699754576,29173900
2017-10-20,32.766014099121094,32.80570733335638,32.36909185104867,32.71309231037749,16259600
2017-10-23,32.408790588378906,32.8718657819047,32.355866267078504,32.72632894546968,15660000
2017-10-24,32.375701904296875,32.60062515514457,32.23016511156233,32.5212412206012,11527900
2017-10-25,32.17724609375,32.27647792091303,31.853093502348454,32.20370825080283,19256800
2017-10-26,32.34263610839844,32.69986771664429,32.25002106705409,32.32279074913054,14420100
2017-10-27,32.32939910888672,32.673399573451434,32.10447582527018,32.230169807143334,12423400
2017-10-30,31.641407012939453,32.494790281814325,31.370173639471854,32.33602235793695,24587400
2017-10-31,31.667858123779297,31.872936037433014,31.562012028506082,31.714165632738208,15910000
2017-11-01,31.641407012939453,31.8663278178373,31.462791205899418,31.853099260489724,11046600
2017-11-02,31.396629333496094,31.71416763940753,31.21139928594029,31.674476928399933,13126900
2017-11-03,31.370174407958984,31.581869184265873,31.25109972391926,31.528944859296473,8038200
2017-11-06,30.119857788085938,30.662319348739654,29.66339696955634,30.635859717260697,36443300
2017-11-07,30.14632797241211,30.1595590534606,29.557558745392875,29.90817356068058,25789600
2017-11-08,30.073564529418945,30.113257780801728,29.86187223585316,30.04048808171889,17414800
2017-11-09,29.815561294555664,30.05371572847387,29.643562272043024,29.961100676076992,21078700
2017-11-10,29.68986701965332,29.842020666290132,29.603866254660105,29.842020666290132,17075000
2017-11-13,29.603862762451172,29.822171788549507,29.570786325531223,29.71632315269307,16673900
2017-11-14,29.253250122070312,29.670017800082604,29.206942602291168,29.56417168007734,20829900
2017-11-15,29.180479049682617,29.359094841842197,29.08786401454145,29.32601840408756,15726500
2017-11-16,29.617095947265625,29.689865627804572,29.180480387602493,29.24663326614487,13818000
2017-11-17,30.047096252441406,30.278636386405797,29.517865626133872,29.524482428471227,18933200
2017-11-20,30.563100814819336,30.66233014583948,30.100023032679324,30.298484218290504,18227400
2017-11-21,30.549869537353516,30.728485360333085,30.437406601297837,30.655715670574274,13598000
2017-11-22,31.158479690551758,31.370171926542838,30.5895583835573,30.59617266186992,15825100
2017-11-24,31.09894561767578,31.2114085539226,30.993099484275128,31.132024584764828,5097200
2017-11-27,31.528949737548828,31.687720213451755,31.323871731918196,31.3371028152077,17548300
2017-11-28,32.29633331298828,32.30956439562625,31.44294740962155,31.555410350258803,20982500
2017-11-29,33.01079559326172,33.401103686277935,32.30956337698334,32.30956337698334,31034500
2017-11-30,33.665714263916016,33.79802254881363,33.07033076723272,33.076945045870815,33268500
2017-12-01,33.90386962890625,34.10233080006863,33.295255034198846,33.672332016478585,23909000
2017-12-04,34.21479034423828,34.61832944904173,34.069250988782485,34.08248206869396,19371000
2017-12-05,33.685550689697266,34.32724406094705,33.592935671902445,33.90385968041646,17574100
2017-12-06,33.52678680419922,33.63263291194564,33.235710638789136,33.34155674653555,17296600
2017-12-07,33.35478973388672,33.5664845010787,33.209252893628644,33.46725265781904,11986700
2017-12-08,33.79802703857422,33.857565648508775,33.31510387958103,33.43418109945014,13639900
2017-12-11,34.29417037963867,34.35370897064866,33.71863234892224,33.930324556164386,13542500
2017-12-12,35.187252044677734,35.28648388589716,34.61833072887406,35.16079240744703,22901200
2017-12-13,34.98879623413086,35.18725742333557,34.585257052724415,35.054951646246394,17705500
2017-12-14,34.624942779541016,34.88955932338719,34.45955807052975,34.79694176654176,18775400
2017-12-15,34.843257904052734,34.98879729153434,34.658027791673256,34.77710501350892,28935600
2017-12-18,35.22694778442383,35.31956283022659,34.83663971741884,35.02186980902435,15874300
2017-12-19,34.94911193847656,35.45188054517203,34.86311114869408,35.240188234608524,14239500
2017-12-20,34.90940856933594,35.2930998247232,34.84986996651732,35.13433189958732,11643500
2017-12-21,35.06817626953125,35.45848432471181,34.803562221478565,34.93587050729023,12778100
2017-12-22,35.187252044677734,35.47833076635044,35.10125380742948,35.134330246645774,13657800
2017-12-26,35.20711135864258,35.518033016515155,35.14757273929313,35.14757273929313,6595800
2017-12-27,35.24679183959961,35.392331205369906,35.1211003568884,35.332792603333935,8361900
2017-12-28,35.34601974487305,35.42540369755013,35.16740395867184,35.33278866549848,6726300
2017-12-29,35.015254974365234,35.36586979178793,35.015254974365234,35.3063311884925,9994700
2018-01-02,35.412174224853516,35.438636384803274,34.929251161837605,35.16740555424446,16045300
2018-01-03,34.684478759765625,35.28647895421994,34.51909406322796,35.26001679711706,16662400
2018-01-04,34.79694366455078,34.988790543125084,34.28756095375361,34.6447900267896,12062800
2018-01-05,34.717559814453125,34.98217637355574,34.63155905420919,34.92925205230701,13348900
2018-01-08,34.658016204833984,34.89617056888576,34.426478641767076,34.770479109445176,16212700
2018-01-09,34.53089141845703,35.08622121968599,34.49074608070141,34.87211785628285,14677800
2018-01-10,34.58443069458008,34.61119426446844,34.22313271034523,34.383709025046386,12593400
2018-01-11,34.86542892456055,34.912263876701196,34.55096348677611,34.718231902225114,15568200
2018-01-12,34.69816207885742,34.9524107964899,34.64463495838171,34.751686647019554,17673700
2018-01-16,34.56435012817383,34.805217088671334,34.40377130373755,34.57773190956967,14739200
2018-01-17,34.604488372802734,34.72492182834301,34.26325939800087,34.664705100572874,11591500
2018-01-18,34.49076461791992,35.6616441324625,34.38371287868291,34.72494205221731,29442600
2018-01-19,34.73161697387695,34.73830658811108,34.229811679964854,34.617875665700794,23761300
2018-01-22,35.76868438720703,35.78875833658511,34.79852687618951,34.8252904404843,27691300
2018-01-23,35.61479187011719,36.53142210195936,35.33378214812858,36.53142210195936,33000500
2018-01-24,36.27717971801758,36.424374208159435,35.79544579893633,36.00954919579159,21080400
2018-01-25,36.32401657104492,36.645171683077706,36.13667417479033,36.31732440386764,18638700
2018-01-26,36.611717224121094,36.631788620323306,36.35746847886641,36.457830564505166,13077600
2018-01-29,36.21696853637695,36.518052282010274,35.72854492782255,35.848978426075874,17052600
2018-01-30,36.06307601928711,36.46451924695189,35.98947749867535,36.33070398695903,15401500
2018-01-31,36.17682647705078,36.4110013270041,35.81552594942471,36.1233018909105,17827000
2018-02-01,36.33070373535156,36.6317874301719,36.13667173732137,36.457829380005585,18646100
2018-02-02,35.447532653808594,36.31063854228909,35.39400807242748,36.31063854228909,15574000
2018-02-05,33.78822326660156,35.5880306762272,33.78822326660156,35.13975250354327,22239600
2018-02-06,34.00902557373047,34.12276690496954,32.831454149282614,33.07901076316088,34543900
2018-02-07,34.129451751708984,34.74500094491394,33.78822525335656,33.875205557765554,16066600
2018-02-08,32.8113899230957,34.176301510233266,32.78462635025423,34.049175815393674,23308900
2018-02-09,33.3734016418457,33.654411410909475,32.36309878111305,33.18605924348921,27707900
2018-02-12,33.52729415893555,33.89528430029487,33.17268580210203,33.6008926976703,16903000
2018-02-13,33.5072135925293,33.62764451568931,32.89835404857108,33.39346973133133,11871700
2018-02-14,33.12583923339844,33.520592836001704,32.99871614359233,33.29310766581823,17559200
2018-02-15,33.279727935791016,33.30648894481651,32.75115908475381,33.15260229558675,18902700
2018-02-16,33.554046630859375,33.761457841627525,33.24627079318341,33.24627079318341,12264000
2018-02-20,32.7310905456543,33.380092977636885,32.624038834923425,33.346639796592385,21330400
2018-02-21,32.088775634765625,32.690943015628335,32.0753938538227,32.65079767279958,20889900
2018-02-22,32.02854919433594,32.583881449829626,31.968332474490992,32.28279785060491,21198300
2018-02-23,32.3095817565918,32.31627137309379,31.807776292561414,32.175766455720776,26371400
2018-02-26,32.8448371887207,32.88498254074184,32.4166303097526,32.5972805653762,20853900
2018-02-27,32.14229965209961,32.8983510599519,32.14229965209961,32.797991541049996,23234700
2018-02-28,31.94158935546875,32.75785778419302,31.928207571087775,32.624042492697676,22159100
2018-03-01,32.088775634765625,32.51698241568411,31.78769194433427,31.908125420506813,28950200
2018-03-02,32.289493560791016,32.336331064905025,31.954956732322213,32.00179423643622,17449900
2018-03-05,32.59059524536133,32.74448196530651,32.12893508552577,32.21591542369126,15348400
2018-03-06,32.711021423339844,32.711021423339844,32.31626773399611,32.61735148897257,13526900
2018-03-07,32.67756652832031,32.92512313508316,32.42331775384502,32.476844886287886,16738200
2018-03-08,32.79130172729492,32.804683507904464,32.32964178167741,32.71101359595137,17038500
2018-03-09,32.79130172729492,32.93849876168616,32.34971317643488,32.9184273669287,14927100
2018-03-12,32.65079879760742,32.95857211295604,32.56381849463887,32.80468545528173,12526300
2018-03-13,32.55043029785156,32.95856303281758,32.450068241129,32.78460502712002,12840200
2018-03-14,32.416629791259766,32.85152627911821,32.35641304034838,32.73778494534908,11930400
2018-03-15,32.3095817565918,32.63073694729349,32.20921964285989,32.470158075785356,9537400
2018-03-16,32.49021911621094,32.63741359158136,32.262733960841864,32.3898570423694,26838100
2018-03-19,32.32295608520508,32.523677714049086,32.195830430163156,32.47015058512322,12980800
2018-03-20,31.908124923706055,32.51029229519318,31.83452895813647,32.383169206685324,10765500
2018-03-21,31.63381004333496,32.08878045447549,31.627120428015594,31.90813021308315,11062500
2018-03-22,31.366174697875977,31.794381442860463,31.29257618502298,31.513369171268437,14270800
2018-03-23,30.971420288085938,31.75423524401611,30.911203556682583,31.48660731180055,15955100
2018-03-26,31.493301391601562,31.560207746065426,31.17214629601014,31.29926939041701,15435500
2018-03-27,31.653879165649414,32.04863276944608,31.339413695009128,31.513371742233577,14544700
2018-03-28,32.11553955078125,32.49022176437332,32.00179823998284,32.04194103094051,17728000
2018-03-29,31.995101928710938,32.60395885173207,31.827833515218174,32.249350631867706,17305500
2018-04-02,31.55352020263672,32.07539694818821,31.259128650433265,31.861293537074058,16511200
2018-04-03,31.7810001373291,31.80107153120181,31.25243131196353,31.593660321680975,14841300
2018-04-04,32.06869888305664,32.10884421917991,31.379553869643807,31.553511888217994,12376400
2018-04-05,32.276119232177734,32.3497152016671,31.90143700859497,32.10215862567673,13201300
2018-04-06,31.767614364624023,32.30287273656916,31.62710952054716,32.18243928384234,16071600
2018-04-09,31.787948608398438,32.180895520543594,31.706650227565582,31.86247320100727,13475300
2018-04-10,32.70255661010742,33.17680178019347,31.83536721412945,31.97763998982679,24309300
2018-04-11,32.2350959777832,32.512867813083545,32.167345173789876,32.47221733068755,11695600
2018-04-12,32.34349060058594,32.61448602909458,32.14024079866872,32.43156275802623,8837900
2018-04-13,32.28929138183594,32.506088767932425,32.18766647641566,32.45866450125061,7302000
2018-04-16,32.783851623535156,32.83127587726021,32.4247815354946,32.48575594520224,8885500
2018-04-17,33.09550857543945,33.22423380830197,32.729664578725675,32.91936165734977,11575500
2018-04-18,32.939674377441406,33.23777263872492,32.905800279866824,33.19712217097863,8347700
2018-04-19,32.81095504760742,33.170025169705646,32.777080946652006,32.92612750774148,11174200
2018-04-20,32.451881408691406,32.939674095329295,31.984410079110642,32.729653141508805,18224700
2018-04-23,32.966793060302734,33.007443550701865,32.49932405064515,32.65514705386435,14211600
2018-04-24,33.65104675292969,34.138842114983795,33.29197660276677,33.820419855373096,20920400
2018-04-25,33.94237518310547,33.98302566585543,33.35973377026302,33.9152774457011,19893200
2018-04-26,33.7120361328125,33.9017358491392,33.49523867223593,33.603637402524214,14121900
2018-04-27,34.93827819824219,35.019576551751825,33.98301414511272,34.04398855635196,25986200
2018-04-30,33.43424987792969,34.99248451075945,33.42747609088132,34.823111405836954,28938900
2018-05-01,33.0751838684082,33.63750388776207,32.682239559636166,33.52910519040129,16101400
2018-05-02,32.35026550292969,33.10228255954303,32.17411859754927,33.05485829330874,18515900
2018-05-03,32.411231994628906,32.42478215086865,32.08603599815908,32.32993364161846,16114100
2018-05-04,32.64836120605469,32.736435950814,32.17411854449378,32.180892332046646,10669300
2018-05-07,32.33671188354492,32.73643250220111,32.22831320311757,32.64158397988073,12892100
2018-05-08,31.855693817138672,32.24863807583187,31.659220395577837,32.207990184769955,16716900
2018-05-09,31.422109603881836,31.964103203084655,31.225636116536645,31.842154320210355,23083300
2018-05-10,31.977645874023438,32.03862030117479,31.516950776530713,31.62534947097437,15727500
2018-05-11,32.939674377441406,33.244546424468645,32.46542925811326,32.567054135264996,22872800
2018-05-14,32.85161209106445,33.12938390954965,32.709336703505684,32.97355836201249,10362600
2018-05-15,32.37737274169922,32.71611904972847,32.26219765306607,32.621270496988956,12655400
2018-05-16,32.4247932434082,32.580616216830364,32.289294219084475,32.37736897255924,9798800
2018-05-17,32.41801452636719,32.54673975315866,32.289291884004456,32.42479089852924,8907500
2018-05-18,32.34349060058594,32.44511291711596,32.058942428558986,32.41123881160595,11384400
2018-05-21,32.81095504760742,32.85837930583065,32.34348625179493,32.377360352750344,8588800
2018-05-22,33.06841278076172,33.4071590607286,32.69578980525493,32.743216662124986,18539800
2018-05-23,32.919368743896484,33.1835904701244,32.74322178788768,33.02099367756695,14027800
2018-05-24,32.95322799682617,33.197125660082236,32.83805553608206,33.12260108692863,13580400
2018-05-25,32.8719367980957,32.960011547775245,32.68223972287406,32.91936106690112,7948000
2018-05-29,32.65513610839844,32.831283005560934,32.4247885755376,32.72288431859281,13035300
2018-05-30,32.92613983154297,33.00744080557969,32.68224466272043,32.851617815319784,10459100
2018-05-31,32.29607391357422,32.87871801561924,32.19445156506855,32.87194422615729,27288300
2018-06-01,32.39091873168945,32.51964138176454,32.25541970904632,32.445116790089365,9967100
2018-06-04,32.39769744873047,32.62804504693961,32.33672300848601,32.553520443926466,9012600
2018-06-05,32.49931716918945,32.64836376690139,32.36381814764588,32.37059193573007,10378000
2018-06-06,32.79740905761719,32.81773300388717,32.37736446665656,32.628035946891124,12924800
2018-06-07,33.20389938354492,33.373272473326054,32.418008350337594,32.49253292334981,19674300
2018-06-08,33.31907272338867,33.33262288000912,32.810953480048376,32.82450363666882,15399300
2018-06-11,33.40037536621094,33.73912157192186,33.373275049491234,33.529100578415296,14143700
2018-06-12,33.06841278076172,33.63073026160366,32.96678786300004,33.5900823620422,15597900
2018-06-13,32.113136291503906,32.89225089161486,32.09958613527223,32.82450269488453,30809400
2018-06-14,32.39769744873047,32.44512172620624,32.04540097003241,32.3570469604244,17568400
2018-06-15,32.56028747558594,32.56028747558594,32.262189149061356,32.36381404845447,31398000
2018-06-18,32.1537971496582,32.51964376224646,31.930225942695884,32.45189553818008,15330400
2018-06-19,32.858375549316406,33.04807256052232,32.19443342566776,32.296055716916094,25070000
2018-06-20,32.58061599731445,32.9667865341564,32.3909189151967,32.953236373372434,11996800
2018-06-21,32.94645690917969,33.197128379425166,32.77708380520303,33.10905364171734,14854600
2018-06-22,33.7120361328125,33.82721123748545,33.08874407976224,33.17004248137106,31911000
2018-06-25,33.6036262512207,33.90172459891228,33.39360523472389,33.766225584909634,19301900
2018-06-26,33.40037536621094,33.70524746823645,33.244552421715326,33.61717273111165,13597000
2018-06-27,33.40715026855469,33.69169582831356,33.20390048652311,33.31907553530289,14144300
2018-06-28,34.45726776123047,34.58599040134473,33.474903153621234,33.4884533132799,21605500
2018-06-29,34.08464431762695,34.45048825743877,33.92882137236056,34.36918989130597,18023100
2018-07-02,34.159175872802734,34.17272603502203,33.67138295505399,34.044003370582494,13141200
2018-07-03,34.3488655090332,34.61308713392579,34.07786751279913,34.186266194407075,8441100
2018-07-05,34.7418212890625,34.755371451813396,34.226928026675104,34.54535039024781,11279600
2018-07-06,34.877315521240234,34.9992643847476,34.707942386861006,34.8366650385948,10203800
2018-07-09,34.774513244628906,35.028090941351486,34.733391477163735,34.97326191806459,10491200
2018-07-10,35.185707092285156,35.24053348034808,34.774500031445704,34.81561916889521,9614600
2018-07-11,35.185707092285156,35.46669919388329,35.055492133043835,35.10346620299541,14348100
2018-07-12,35.1171875,35.350205624850595,34.92528852904601,35.29537660046609,10583900
2018-07-13,35.23369216918945,35.26110667898053,34.90472589487117,35.021233639895925,11175100
2018-07-16,35.357051849365234,35.446147691432074,35.04179285668729,35.19942235302626,9633400
2018-07-17,35.247398376464844,35.59692421554208,35.24054344202504,35.322786968953835,10636100
2018-07-18,35.04865646362305,35.28852955960825,34.87046733649567,35.233700527020034,11734900
2018-07-19,34.78136444091797,35.02123487406419,34.67856133277436,35.02123487406419,9524200
2018-07-20,34.69227981567383,34.94586020065693,34.5072357297642,34.63059845370395,12026500
2018-07-23,34.78136444091797,34.93899395618429,34.452398155006726,34.740242674782195,11703200
2018-07-24,35.30223083496094,35.548956229282,34.301624615229436,35.12404172483568,23265200
2018-07-25,34.891014099121094,35.672309225745124,34.82248044795419,35.42558389851833,15702800
2018-07-26,35.07606887817383,35.37076837469681,35.02809478472981,35.04180204205553,11162000
2018-07-27,35.64490509033203,35.8984854250889,35.28167192756134,35.28167192756134,14073700
2018-07-30,35.9738655090332,36.32339133189471,35.69287334104137,35.82308833105029,16725000
2018-07-31,35.39131546020508,36.09722196974367,35.28851498813919,36.04924789323471,16924200
2018-08-01,35.452999114990234,35.71343170054603,35.26110279636558,35.65175036750364,12789400
2018-08-02,35.62434768676758,35.64490726647635,35.24740724388471,35.45986582031315,12337500
2018-08-03,35.823097229003906,35.94645992992397,35.54895731265,35.63805317762382,7769900
2018-08-06,35.96701431274414,36.13149876167312,35.473563580348824,35.72714388138065,10768400
2018-08-07,35.953311920166016,36.13835596984154,35.78883006338243,35.96701917729665,7106900
2018-08-08,36.1177864074707,36.24114907315382,35.91903515560443,36.01498331460436,9457300
2018-08-09,36.33024978637695,36.50844150215385,36.09037933943704,36.09037933943704,10768100
2018-08-10,35.96016311645508,36.275422154500035,35.823093173794575,36.275422154500035,7979600
2018-08-13,35.7888298034668,36.172622542769204,35.77512254643572,36.145210643099,9919400
2018-08-14,36.23429489135742,36.28226897185312,35.85050224739183,35.85050224739183,11454400
2018-08-15,36.487884521484375,36.576977771320685,35.95331195050665,36.13835600033833,16473300
2018-08-16,37.193790435791016,37.29659094046173,36.46046918869383,36.49473602358407,16265400
2018-08-17,37.550167083740234,37.83801160199597,37.07727592604634,37.18693135410447,19102700
2018-08-20,37.454219818115234,37.748919278357405,37.14581310223486,37.646116168266715,10747400
2018-08-21,37.632408142089844,37.74206357055855,37.33085636739881,37.625555821606895,11961200
2018-08-22,37.104698181152344,37.70094953226857,36.96762821387252,37.58444175943563,13911400
2018-08-23,37.20064163208008,37.38568567216202,37.04301210483809,37.11840070795205,8354400
2018-08-24,37.543304443359375,37.577573881787146,37.15951183112279,37.186923721717484,8499900
2018-08-27,37.5912971496582,37.73522206496537,37.45422978558263,37.68039302782123,9539600
2018-08-28,37.454219818115234,37.62555659200526,37.32400219674814,37.57072756945244,11864600
2018-08-29,37.39939498901367,37.66667996794907,37.35142089609665,37.543317267764735,9801900
2018-08-30,37.52275085449219,37.55701768399242,37.17322501056343,37.28288043359907,9696500
2018-08-31,37.26232147216797,37.46107276063389,37.03615828636226,37.358269648836554,14605400
2018-09-04,36.4536018371582,36.816837483575796,36.21373146023331,36.70032714736154,19898600
2018-09-05,36.8853759765625,36.9881790741187,36.25485798043252,36.33709888984265,15301200
2018-09-06,37.20748519897461,37.33084785466989,36.80313040850475,36.967612206504434,10521900
2018-09-07,37.00873947143555,37.276024393759954,36.92649856019529,37.097835317007494,11746500
2018-09-10,37.09098815917969,37.474783516086546,37.001894909319866,37.228058116245855,10781900
2018-09-11,37.50218963623047,37.66667145638017,37.08412753723027,37.20749020953824,12298800
2018-09-12,37.67353057861328,37.98193467927573,37.39253837476211,37.52275338138866,13130800
2018-09-13,37.652976989746094,37.748927800876196,37.19379558696016,37.748927800876196,12559900
2018-09-14,37.38568115234375,37.687235528342555,37.13210347521055,37.63240650929131,13454700
2018-09-17,37.488487243652344,37.707798108553064,37.303443211193915,37.55016858780516,11013700
2018-09-18,37.27602767944336,37.563874815743596,37.20749401643417,37.27602767944336,13891100
2018-09-19,36.66606521606445,37.488482155003986,36.5769693722949,37.433653139025374,17471000
2018-09-20,36.97447204589844,37.11154197201312,36.54270269367417,36.73459902159989,14473400
2018-09-21,37.296592712402344,37.5638803117855,37.09098907890087,37.16637768787622,48954100
2018-09-24,36.6934928894043,37.344573308600516,36.68663795275178,37.2212105927784,14029600
2018-09-25,36.357666015625,36.77572819808392,36.26857015352918,36.66607275796288,13604900
2018-09-26,36.41933822631836,36.720892571783814,36.3782190805849,36.52214131943454,13308300
2018-09-27,36.72774887084961,36.919645210108406,36.426197107101274,36.426197107101274,13348100
2018-09-28,36.59069061279297,36.707201009087015,36.508449671780475,36.64551964972955,12634500
2018-10-01,36.89908981323242,36.95391622448961,36.66607168300773,36.741460286079224,10682000
2018-10-02,37.296592712402344,37.31029996988805,36.734608227448696,36.871678187913695,12482900
2018-10-03,37.20748519897461,37.65295913174887,37.104682114431526,37.515891838212816,14939100
2018-10-04,37.70779800415039,37.71465032486318,36.98132913218331,37.248614084641545,15788400
2018-10-05,37.652976989746094,37.99565061489105,37.5433215342754,37.735220542143324,14044900
2018-10-08,37.70779800415039,37.83801301282725,37.317150363728096,37.69409074833308,16703700
2018-10-09,38.104854583740234,38.2087942236386,37.439628728925186,37.75145293534442,16962400
2018-10-10,37.64751052856445,38.73542840172294,37.619792235950534,38.10485178324661,22025500
2018-10-11,36.9545783996582,38.22266020811071,36.615035837851636,37.77224709122981,26336200
2018-10-12,37.23174285888672,37.34261338237567,36.60116626091298,37.29410769355936,18866600
2018-10-15,37.14166259765625,37.59207562096655,37.14166259765625,37.33568801125062,13022000
2018-10-16,37.210960388183594,37.280253483277306,36.90606442570213,37.04465325925169,15981200
2018-10-17,37.39111328125,37.68215001244313,37.093148299882415,37.24559623733413,14528100
2018-10-18,37.8692512512207,37.89003864881822,37.26639028727424,37.32182687201675,16865100
2018-10-19,38.04248046875,38.45824421371587,37.77916202047886,37.848455096852696,19103300
2018-10-22,38.097923278808594,38.29887694782523,37.84153566444788,38.16721901469125,21737500
2018-10-23,39.64318084716797,39.82334710957282,38.86708714124457,38.86708714124457,29328700
2018-10-24,39.788700103759766,40.495500758825024,39.09575859605211,39.49766593933634,37435600
2018-10-25,39.10268783569336,39.93421813840561,38.922521571035354,39.81641671253508,25270000
2018-10-26,38.465179443359375,39.23434489013347,38.243438386695374,38.98488554054599,24973300
2018-10-29,39.1373291015625,39.601601203988956,38.6106948121228,38.67305964249765,22103700
2018-10-30,40.315330505371094,40.744953429413734,39.44222286884388,39.44222286884388,25231200
2018-10-31,39.560020446777344,40.41233796140937,39.33134854015438,40.41233796140937,24214400
2018-11-01,38.83936309814453,39.691680662493056,38.49289241458684,39.48379878103076,22533200
2018-11-02,39.24127960205078,39.55310381936632,38.74928910656975,39.04032592385164,14734400
2018-11-05,39.64318084716797,39.809487962975375,39.15812128970512,39.15812128970512,12733800
2018-11-06,39.64318084716797,39.74019222998815,39.25513531588723,39.51152291953514,12371200
2018-11-07,39.94807052612305,40.03815099984883,39.52537587289978,39.87877480399377,14891300
2018-11-08,40.37770080566406,40.49549958975983,39.95500607522724,39.98272436914225,12482400
2018-11-09,40.50935363769531,41.02213143713016,40.14902379224194,40.41234226456588,17365500
2018-11-12,40.68951416015625,41.16071445768971,40.56478451414085,40.77266637637942,13236800
2018-11-13,40.647945404052734,40.980556983281254,40.4123452050123,40.945910439408635,13047900
2018-11-14,40.84196472167969,41.10528319096669,40.47470662953634,40.97362527800401,18288700
2018-11-15,40.9389762878418,40.945904538273076,40.50242249654981,40.77959745094611,17147100
2018-11-16,41.72201156616211,41.84674126104087,40.82118804798621,40.925130341505955,19471000
2018-11-19,42.0061149597168,42.491174561135864,41.7012216370293,41.749727332834986,18405700
2018-11-20,41.202293395996094,42.67133100968487,41.00133976345921,42.29021113992126,22028900
2018-11-21,40.99441909790039,41.50719697177566,40.80039632347506,41.06371219066313,18482200
2018-11-23,40.63409423828125,40.8835536325364,40.39156574017895,40.78654223329548,7009100
2018-11-26,41.0013427734375,41.23694296324102,40.40541536945144,40.63408466473505,12308900
2018-11-27,42.02690124511719,42.06154778997141,41.00827643755917,41.02906383579931,14115000
2018-11-28,41.618064880371094,42.08233438798546,41.32702809373368,42.061546990140606,18663000
2018-11-29,41.19537353515625,41.430973755646065,41.063712955747114,41.174583492250434,14763700
2018-11-30,41.78437042236328,41.83287611415424,41.21615862421616,41.27852346271338,31142800
2018-12-03,40.301483154296875,41.40326039867391,39.975799758004555,41.230024999516274,27800800
2018-12-04,40.25297546386719,41.16072986218364,40.162892320617516,40.25990371641149,21727400
2018-12-06,40.246036529541016,40.63408200972499,39.60852908681342,40.315329610041985,26880400
2018-12-07,39.96886444091797,40.48857054653667,39.73326423396968,40.128240662770935,16948100
2018-12-10,40.37770080566406,40.44699389708958,39.4075816655349,40.05201746056776,16603400
2018-12-11,40.779598236083984,41.16071810117908,40.63408118397214,40.724164301482034,14991400
2018-12-12,39.670894622802734,40.322258578536385,39.65703547778351,40.04508360823684,18892200
2018-12-13,39.560020446777344,39.84412628498802,39.36599772117826,39.4976556216403,15454700
2018-12-14,39.553104400634766,39.844138578831505,39.32443242345544,39.46302126022816,13960900
2018-12-17,38.77007293701172,39.71247369016124,38.47903616636884,39.53923833534292,18902500
2018-12-18,38.562198638916016,39.282855848017014,38.326598404201576,38.76314968114948,18895800
2018-12-19,38.707706451416016,39.442222632743466,38.45824712818721,38.61069507979629,20968400
2018-12-20,38.160282135009766,38.81164608998556,37.59899865751166,38.74928125915244,26897000
2018-12-21,38.05634689331055,39.17198316003982,37.58514909304338,38.00091294642822,55406300
2018-12-24,36.760536193847656,38.13949057234257,36.68431222633912,37.89003127626418,15077200
2018-12-26,37.72373580932617,37.74452585263955,36.310137102037636,36.885277195372815,17970500
2018-12-27,38.215721130371094,38.229577632888336,36.96842443487572,37.63365022026052,17531000
2018-12-28,38.29887008666992,38.707705603368474,38.04248251824046,38.36816316677684,14771600
2018-12-31,38.957176208496094,38.96410446116953,38.16029233957141,38.47904482979635,15331800
2019-01-02,38.81858444213867,38.915595832436914,38.30580655195379,38.915595832436914,13969700
2019-01-03,38.957176208496094,39.490741538670356,38.846305662184704,39.01261015997062,19245400
2019-01-04,39.05418395996094,39.421442114699374,38.770078046352275,39.14426709647941,17035800
2019-01-07,39.30363464355469,39.6778209676526,39.18583323823087,39.33135028890015,16349000
2019-01-08,40.453922271728516,40.66873242778085,39.53230888169163,39.68475684536374,21424600
2019-01-09,39.94489288330078,40.41401046132199,39.80485766578924,40.38600288362976,18136000
2019-01-10,40.329994201660156,40.400013157129564,39.81886784600872,40.112942117080124,14259900
2019-01-11,40.624061584472656,40.79210170720607,40.203955935739934,40.4980301569478,15801500
2019-01-14,40.63106918334961,40.71509193022422,40.38600951567382,40.49103661379205,11342300
2019-01-15,40.68007278442383,40.81310743758423,40.31598497300986,40.42801260827943,10058000
2019-01-16,39.96590042114258,40.561046764609664,39.90988526503056,40.561046764609664,13411700
2019-01-17,39.790863037109375,40.18996173598626,39.35675352493273,40.02191891337755,15223900
2019-01-18,39.972900390625,40.238967036333584,39.79785703678113,39.85386952111737,16802500
2019-01-22,39.902889251708984,40.182957051325296,39.48978677664621,40.07092939728878,18284800
2019-01-23,40.442012786865234,40.51903228512832,39.86087027706558,39.89587841147168,15109000
2019-01-24,39.95889663696289,40.36499850029382,39.55979800352367,40.33699092262625,12494100
2019-01-25,39.48979568481445,40.2389812909892,39.37076477314013,40.035930287571595,17800300
2019-01-28,38.558555603027344,39.36375622087546,38.36950843176865,39.293737266177786,25955700
2019-01-29,37.30524444580078,38.0194217596803,37.08819236310751,37.54330355042729,33789200
2019-01-30,37.80937194824219,37.823375739848146,36.60507257963117,37.17921468072476,27260000
2019-01-31,38.551551818847656,38.64257244591727,37.48028460464179,37.84437512576962,28585400
2019-02-01,38.1944580078125,38.71958805192803,38.138445525333935,38.656572339796185,13778000
2019-02-04,37.837371826171875,38.2924829414101,37.578305740643614,38.229467227491014,15818900
2019-02-05,37.90739440917969,38.04742964908278,37.536303293744034,37.879386827009064,14124600
2019-02-06,37.66233825683594,38.068437552403,37.58531873415504,37.88639359320748,11391400
2019-02-07,37.50829315185547,37.62032080194271,37.12319827161493,37.536300732114746,12436200
2019-02-08,37.77436065673828,37.781361216482786,37.31924681579749,37.36125818711431,12011700
2019-02-11,37.84437561035156,38.068430907614584,37.71134361227347,37.90039077014223,9802800
2019-02-12,38.10343551635742,38.34849781130947,37.94239595330586,38.124442534807336,11227600
2019-02-13,38.14546203613281,38.34851304579951,38.00542676495059,38.05443870922177,11884800
2019-02-14,37.83037185668945,38.173458033361804,37.77435936779489,38.07543417458394,11190100
2019-02-15,38.6215705871582,38.64257493769025,38.03342473371112,38.145452388132,15719400
2019-02-19,38.81761169433594,38.97165069449961,38.38350494136045,38.55154772980715,12272700
2019-02-20,39.04167175292969,39.1466988424578,38.677583896718545,38.76860452529641,11379000
2019-02-21,39.31474304199219,39.71384172279454,38.83162161821571,38.89463733997135,14680500
2019-02-22,39.85387420654297,40.00091267098012,39.489786338179336,39.510790688406104,12534300
2019-02-25,39.75584411621094,40.098930251551096,39.59480455748377,39.90988311627585,15051200
2019-02-26,39.65782165527344,39.97290022507744,39.53179022735184,39.78385308319504,12005600
2019-02-27,39.713836669921875,39.72083722880406,39.45477058513805,39.59480580132803,8962800
2019-02-28,39.85387420654297,40.33699562935804,39.71384164376461,39.727845434232435,15743000
2019-03-01,39.88188552856445,40.014920215012985,39.45477922755632,39.923896903908755,10942700
2019-03-04,39.37776184082031,40.15495224193803,38.97165989756138,40.014919667938535,13674400
2019-03-05,39.265724182128906,39.328737221815686,38.86662290079973,39.272724740666504,15749500
2019-03-06,38.985660552978516,39.50378744537666,38.82462096907369,39.342747861471835,13935500
2019-03-07,39.419761657714844,39.489780599879424,39.01366247695843,39.04166738287473,12644200
2019-03-08,39.58080291748047,39.6858299997614,39.20971185640057,39.461774717115084,10617300
2019-03-11,40.31599426269531,40.34399917475352,39.73484893454807,39.74184949482509,13627400
2019-03-12,40.21096420288086,40.68708239518578,40.16195227169799,40.35099943666759,12813000
2019-03-13,40.372005462646484,40.4280206268662,40.1479501476677,40.16895449877507,14168300
2019-03-14,40.57505416870117,40.67307802968105,40.26697612453595,40.40701135634288,12148300
2019-03-15,40.88313293457031,40.967153012246854,40.56105374435182,40.63807326178453,23715300
2019-03-18,40.65907287597656,40.83411624212798,40.30198558424557,40.79910810308766,12168100
2019-03-19,40.25996780395508,40.75008968532354,40.12693582840552,40.680070747442684,13462700
2019-03-20,40.37900161743164,40.65207150678633,39.986906194470606,40.26697397216424,11902900
2019-03-21,40.8131103515625,40.953145573385086,40.30898462138107,40.31598785149453,10920100
2019-03-22,41.84235763549805,42.010400412365215,40.701077014045644,40.72208135954804,25125400
2019-03-25,42.066429138183594,42.143445986865295,41.68133154002414,41.75135049921231,15463400
2019-03-26,42.451515197753906,42.49352389354148,42.13643662459896,42.22045668712373,12316900
2019-03-27,42.62656021118164,42.8436122703945,42.34648976393633,42.40250492176529,13290300
2019-03-28,41.36624526977539,42.63355739953108,40.91813205542389,42.62655684083084,20547100
2019-03-29,41.40126037597656,41.4992842399815,40.83411887158374,41.45027230797903,17283900
2019-04-01,41.37325668334961,41.59731201383477,41.16320514488856,41.58330822181067,16331100
2019-04-02,40.98115158081055,41.47127353486827,40.848119585531215,41.46427297551663,11408100
2019-04-03,41.21921157836914,41.35924680705965,40.89713242204585,41.156195859005905,15491700
2019-04-04,41.30323791503906,41.380254760123506,41.149198882970055,41.198210816637456,8776000
2019-04-05,41.37325668334961,41.380257243886554,41.184209497449594,41.324244746740376,11497800
2019-04-08,41.40126037597656,41.40126037597656,41.114189343840685,41.324240862558405,11680500
2019-04-09,41.311424255371094,41.424606128736414,41.05676436568196,41.29020079891786,10414400
2019-04-10,41.459964752197266,41.52362970894745,41.283117949943204,41.311414085936185,8782100
2019-04-11,41.42460250854492,41.544857057906185,41.1699426411111,41.48826747540338,9219900
2019-04-12,41.55192184448242,41.58729066183445,41.396295809972145,41.55899452856571,10847500
2019-04-15,41.530704498291016,41.70047862438421,41.44581878447852,41.67218248695731,7741500
2019-04-16,41.587303161621094,41.72170578734296,41.49534205009107,41.587303161621094,10239300
2019-04-17,40.872833251953125,41.353856783831176,40.77379947159026,41.31141527708602,15498000
2019-04-18,41.056766510009766,41.16994838928638,40.51915055959417,40.681849342400014,13189000
2019-04-22,41.290199279785156,41.3750877055375,40.95065367218164,41.127500511462756,11950400
2019-04-23,40.42718505859375,40.83039560156401,39.82590423772225,40.75965525286057,23488700
2019-04-24,40.37767791748047,40.72429626521807,40.13009068491314,40.56159747160076,13227100
2019-04-25,39.50758743286133,40.25034640341555,39.436849768269944,40.1937541129673,17425500
2019-04-26,40.02397537231445,40.1937468158998,39.49343488879047,39.65613364658828,16329700
2019-04-29,40.20789337158203,40.44132977233701,40.11593226899693,40.14422840801824,13985000
2019-04-30,40.45547866821289,40.639400877139984,40.15130191369135,40.314003367153155,15469000
2019-05-01,39.981536865234375,40.533298183293816,39.981536865234375,40.48378128031253,11627400
2019-05-02,40.31400680541992,41.1911656200616,40.09471575252519,40.18667686483183,14435400
2019-05-03,40.4908561706543,40.57574190351769,40.229120888416595,40.42719119638956,9388200
2019-05-06,40.25741195678711,40.384741889263616,40.13715740859733,40.20082237483558,10066100
2019-05-07,40.05934524536133,40.193747866585454,39.84712958609799,40.10178675813289,12963800
2019-05-08,39.882503509521484,40.10886726812542,39.79054238931712,40.08057112368272,12086700
2019-05-09,39.9532356262207,40.0098279072505,39.56417313878054,39.69857575852358,14834900
2019-05-10,40.25741195678711,40.349373063235355,39.797609123014354,39.96031057998757,10707100
2019-05-13,40.14423370361328,40.561592364594,40.08056873165118,40.12301294578214,13759000
2019-05-14,40.00275802612305,40.45548554276985,39.967389194847925,40.15130873655987,12776200
2019-05-15,40.18667221069336,40.20789296551086,39.73394208632962,39.97445386864511,10806300
2019-05-16,40.58988952636719,40.886990937336655,40.19375161327246,40.32108156039331,11695100
2019-05-17,41.092132568359375,41.36801321182498,40.328152910945086,40.363524438338054,14436700
2019-05-20,41.742923736572266,42.82522814962882,41.028463744892484,41.84196022611824,20910600
2019-05-21,42.089542388916016,42.18150348920241,41.56607462397993,41.80658640271246,14016300
2019-05-22,41.912696838378906,41.99758255741715,41.70755387710718,41.79951498017181,11487100
2019-05-23,41.643890380859375,41.93391907139077,41.41045397066018,41.73585148716497,11706700
2019-05-24,41.96221160888672,41.99050774662345,41.5024088153036,41.78536479573447,8755200
2019-05-28,41.544857025146484,42.35127813907206,41.4953401285699,41.88440261530102,21860500
2019-05-29,41.15579605102539,41.686336561103786,40.96480114358094,41.50241433980087,13418700
2019-05-30,40.20082473754883,40.75965869796386,40.009829827608776,40.75965869796386,17484900
2019-05-31,38.446502685546875,39.21755503090565,38.382837713967945,38.96997052947018,29916600
2019-06-03,39.882503509521484,39.9603165575045,38.59505862053575,38.679944355395016,19518300
2019-06-04,39.76932144165039,40.3069346911684,39.56417844311675,40.038126717174976,15201200
2019-06-05,40.34230041503906,40.589887610965626,39.967385976468876,39.98153404753342,11522900
2019-06-06,40.703067779541016,40.901135369227724,40.3281506581745,40.3281506581745,9906900
2019-06-07,40.4908561706543,41.1275032148329,40.42719119638956,41.02846941008081,11656600
2019-06-10,39.71980285644531,40.582813633561564,39.578324839362224,40.582813633561564,14955400
2019-06-11,40.20082473754883,40.6040353145994,39.741021876752185,39.96738561479923,15378600
2019-06-12,40.57574462890625,40.72429534601222,40.32108471474232,40.32108471474232,11911000
2019-06-13,40.75965881347656,40.84454723933623,40.58281197397184,40.67477308608551,9218700
2019-06-14,41.22652816772461,41.424598433169365,40.688915043730475,40.80209689606967,11826600
2019-06-17,40.76673126220703,41.261902916852044,40.490850644203384,41.141645671446,11027000
2019-06-18,40.554508209228516,41.02845632321483,40.43425098576749,40.901126415299835,12257500
2019-06-19,40.76673126220703,40.922354634804634,40.44840643433035,40.59695712118332,10516400
2019-06-20,40.561580657958984,40.993087265777895,40.27155202460875,40.957718446777704,15302800
2019-06-21,40.86576843261719,40.971874918371036,40.384744808154196,40.384744808154196,22474300
2019-06-24,41.21946334838867,41.50241668399816,40.978951528962796,41.014320358605396,9141800
2019-06-25,41.028472900390625,41.212392453652214,40.96480792070988,41.15580285975212,10571700
2019-06-26,40.31400680541992,41.18409293379276,40.26448720766356,41.14872140704269,15042100
2019-06-27,40.497920989990234,40.58280670636321,40.21496500412265,40.43425602809344,9123300
2019-06-28,40.41304397583008,40.62525966169341,40.200828289966736,40.47670895143596,14604000
2019-07-01,40.080570220947266,40.61818346090573,40.03812600523918,40.61818346090573,15796800
2019-07-02,41.12043380737305,41.134581880390016,40.18668257600511,40.23619948233,14985700
2019-07-03,41.12043380737305,41.20531954700586,40.78796083764678,41.11335842163006,8437800
2019-07-05,41.24775695800781,41.38923226788862,40.86576714500506,41.08505819287002,6938500
2019-07-08,40.950660705566406,41.24068946386191,40.894071110480716,41.00017761319229,12048200
2019-07-09,40.32374572753906,40.73835034410031,40.21651964342906,40.709756358087965,16733700
2019-07-10,40.7454948425293,40.82412693554254,40.45241332203512,40.53104541504836,10901500
2019-07-11,40.68830871582031,41.024281227766295,40.48815627136188,40.90276087988011,10045700
2019-07-12,40.881309509277344,40.9384974738724,40.63826611349283,40.78838315711874,9669500
2019-07-15,41.16010665893555,41.31736814570067,40.88131935470281,40.952804327662314,11734300
2019-07-16,41.03857421875,41.26732062636061,41.03142708651879,41.195838396559395,10556000
2019-07-17,40.90275955200195,41.245879185736946,40.80983046571775,41.14580296675663,7916700
2019-07-18,40.895599365234375,40.974231439397265,40.58822092634588,40.90274922299742,7549200
2019-07-19,40.452415466308594,41.07431965703049,40.43811847346903,41.0171344125448,12240300
2019-07-22,39.67324447631836,40.445265677729246,39.55887126798405,40.43096868582841,15255800
2019-07-23,39.65895080566406,39.77332402357658,39.001305484385234,39.63750667945315,14093500
2019-07-24,40.00921630859375,40.20222160576159,39.61605585498945,39.75187591236997,11173900
2019-07-25,40.288002014160156,40.46671032492071,39.987770634108756,40.152181952783785,11006100
2019-07-26,40.80268478393555,40.909908139424765,40.03066353542496,40.37378318136104,12333100
2019-07-29,41.00998306274414,41.06002117242838,40.623975177590346,40.809830624007176,10165700
2019-07-30,40.48101043701172,41.17439688193104,40.42382246426192,40.96709729789456,13329300
2019-07-31,39.50883102416992,40.54533970253823,39.25863776973772,40.423816641386075,24396200
2019-08-01,39.501686096191406,40.95279951779938,39.4802419702586,40.824129308457344,18677000
2019-08-02,39.73758316040039,40.245114147729,39.15142007396148,39.394463504451224,17458800
2019-08-05,39.47309494018555,39.959181792995956,39.265792632719105,39.53028018511305,18941500
2019-08-06,39.35158157348633,39.70899830481113,38.93697958312365,39.47310468011086,18747900
2019-08-07,39.38016128540039,39.68753978102013,38.89407448892602,39.13711788716321,11865500
2019-08-08,39.9019889831543,39.90913884219869,39.30867884546534,39.57316636579067,11335900
2019-08-09,39.8734016418457,40.07355682534189,39.651805058261914,39.780475273769206,8948000
2019-08-12,39.80906295776367,39.952030154024996,39.36586710353879,39.92343616939824,10635600
2019-08-13,40.29515075683594,40.38807984566886,39.687543566720905,39.77332279578916,11016500
2019-08-14,39.83050537109375,40.40237136553977,39.666094068120024,40.05925176887216,15041200
2019-08-15,40.2451057434082,40.445260879401616,39.616051808762734,39.69468389145243,12124000
2019-08-16,40.49530792236328,40.52389918221304,40.08070329550613,40.36663770898504,11923500
2019-08-19,40.7454948425293,41.10291146395499,40.52389555557129,40.72405071784293,11011900
2019-08-20,40.223663330078125,40.74549122378972,40.20221920729628,40.67400899660211,9892600
2019-08-21,40.452415466308594,40.5882328079756,40.10929581877677,40.5882328079756,7637300
2019-08-22,40.58823013305664,40.71690033326029,40.266557359419906,40.49530377603253,9272200
2019-08-23,39.97347640991211,40.68116256935019,39.75902696752477,40.59538333776978,13203000
2019-08-26,40.538185119628906,40.55248210909091,39.9019840863652,40.03780139594638,9486900
2019-08-27,40.87416076660156,41.217280360035474,40.87416076660156,41.10290716222417,16953900
2019-08-28,41.42458724975586,41.54610759296658,40.82412721261055,40.88846231397871,15238900
2019-08-29,41.41743469238281,41.68192494015267,41.009979985882744,41.63188683422265,8538000
2019-08-30,41.574703216552734,41.753411535524656,41.38884776464585,41.45318286855065,9962200
2019-09-03,41.488929748535156,41.59615311868488,41.16725418434012,41.388853512312906,10470100
2019-09-04,41.5890007019043,41.8534882535912,41.43173650674705,41.631891680639704,9232200
2019-09-05,41.882080078125,41.910674062473035,41.59614568838951,41.87493294547421,9232300
2019-09-06,42.218055725097656,42.246646984705215,41.79630396856898,41.953565440464786,8920200
2019-09-09,41.932125091552734,42.54688222189501,41.917828097024675,42.52543809353936,12848700
2019-09-10,42.68268585205078,42.747020943299255,42.02504067650821,42.3538632642795,13987000
2019-09-11,42.98292541503906,43.01866653326967,42.54687668275702,42.81851408968022,12241500
2019-09-12,43.19737243652344,43.28315166085628,42.87569693668482,42.96147616101766,9491400
2019-09-13,42.86140441894531,43.21167393908222,42.696993085614984,42.947186379104956,10719300
2019-09-16,42.53257369995117,42.882843153774516,42.3109744351346,42.83995218181488,10950500
2019-09-17,42.79706573486328,42.81851258654679,42.4039079943832,42.4039079943832,8801700
2019-09-18,42.83995819091797,42.87569930912829,42.44680043685943,42.6112117621249,8451900
2019-09-19,42.87570571899414,43.1759371559646,42.747035492702935,42.87570571899414,7651700
2019-09-20,43.09729766845703,43.16163277058651,42.86855124463498,43.083000676109094,21019900
2019-09-23,43.04011154174805,43.383231192171145,42.839959094052716,42.982926296780484,8437000
2019-09-24,43.25455856323242,43.60482805398172,43.183076329302736,43.28315254755327,12846300
2019-09-25,43.08300018310547,43.361784713518894,42.96862697250323,43.304599471653994,8088100
2019-09-26,43.20452880859375,43.368940159922296,42.94004121966286,42.99007933846403,7438800
2019-09-27,43.10444641113281,43.39038081502617,42.90429396453101,43.29030459172527,7799000
2019-09-30,43.14733123779297,43.53334180994949,43.125887114963895,43.24026031483928,9709400
2019-10-01,42.78276443481445,43.19736898523066,42.75417318023608,43.17592486257884,8381600
2019-10-02,42.11082458496094,42.689840470762775,41.97500725579018,42.67554347923865,12011700
2019-10-03,42.18230438232422,42.2609364677347,41.69622033290627,42.17515725041061,9769300
2019-10-04,42.81850814819336,42.87569338405282,42.14656322045766,42.15371307923518,9824900
2019-10-07,43.06870651245117,43.311749944583894,42.8185159471113,42.8328102135256,13744600
2019-10-08,42.6898307800293,43.025800460527016,42.38245234921722,42.97576236498753,13832800
2019-10-09,42.77290725708008,42.93902932540935,42.56344791887285,42.90291631146757,10609200
2019-10-10,43.2134895324707,43.35072007593043,42.75845788063625,42.80179239159926,11832100
2019-10-11,43.28571701049805,43.61073962988594,43.25682549871996,43.33627577848658,11349000
2019-10-14,43.04736328125,43.32182711422346,43.018474526657556,43.28571410454838,6876100
2019-10-15,43.7335205078125,43.8346380347393,43.04736231835012,43.10514533673456,11679200
2019-10-16,43.545738220214844,43.632410006501274,43.30016586303128,43.437396420922,9298100
2019-10-17,43.63240432739258,43.64685008243448,43.45183652223779,43.50239528726145,7323700
2019-10-18,44.094661712646484,44.275229535184145,43.56018250087296,43.589071258491785,12339700
2019-10-21,43.87798309326172,44.22467299941841,43.81297856365443,44.06577242587917,10882300
2019-10-22,43.892425537109375,44.22466966102356,43.70463346342136,44.22466966102356,9603600
2019-10-23,43.97187423706055,44.28967259347778,43.73352340331301,43.76963641457126,10375600
2019-10-24,43.75519943237305,44.07299783250041,43.632411870911355,43.97188028497109,11143800
2019-10-25,43.603511810302734,43.97187166724916,42.765677323943834,43.76963385657909,15036400
2019-10-28,43.466285705566406,43.812975588178304,43.36516816754372,43.661299281144274,14621400
2019-10-29,43.473514556884766,43.56741061031665,43.3868427603882,43.41573427763596,10619900
2019-10-30,43.928550720214844,44.109118588270725,43.63241952681308,43.66853254937485,12136500
2019-10-31,43.67573547363281,43.92852926333518,43.4084931756667,43.91408351031709,12226600
2019-11-01,43.603511810302734,44.30411575980187,43.451835518734676,44.268002750654134,9629100
2019-11-04,43.24237823486328,43.77686016313426,43.011251659191004,43.10514769157228,10133300
2019-11-05,42.975135803222656,43.24237537204274,42.86679402262876,43.119590592265865,10645400
2019-11-06,43.43016815185547,43.43016815185547,43.06903255082115,43.11959131454628,9287600
2019-11-07,43.719078063964844,43.75519383081307,43.30738367015991,43.52406449501837,14604400
2019-11-08,42.866790771484375,43.4518313828775,42.58510546959922,43.37238111716718,17644600
2019-11-11,43.05458450317383,43.11236476353418,42.765674935634564,42.83067945056861,7754000
2019-11-12,42.84512710571289,43.29293447554885,42.71511807007569,43.27126722135797,7709400
2019-11-13,42.91012954711914,42.989579815635736,42.46954369825135,42.72234025764468,10255600
2019-11-14,42.85957717895508,42.85957717895508,42.49844154473916,42.56344606910787,9530200
2019-11-15,42.982357025146484,42.996802779482074,42.65733719595631,42.96068977126605,11758800
2019-11-18,42.931800842285156,42.946246597488766,42.65011550392991,42.946246597488766,10165100
2019-11-19,42.975135803222656,43.155703600715185,42.81623525975053,42.92457704034442,10492700
2019-11-20,42.960697174072266,43.09070623024932,42.67901180410413,42.96792143010788,12362100
2019-11-21,43.05458450317383,43.11236476353418,42.80901219733921,43.05458450317383,8056000
2019-11-22,43.15570831298828,43.35794338658374,43.090703788583134,43.090703788583134,10741300
2019-11-25,42.88846206665039,43.227927636814044,42.77289879176037,43.213484638292876,10644500
2019-11-26,43.256832122802734,43.27127788090391,42.70790709119127,43.011259745576034,11936900
2019-11-27,43.408504486083984,43.53129204110813,43.329056956652344,43.343499958188,8795300
2019-11-29,43.50961685180664,43.719073398846575,43.45183383521226,43.45183383521226,6791400
2019-12-02,43.30738830566406,43.502401895484255,43.069040199381476,43.48073463725306,9142000
2019-12-03,43.4373893737793,43.48072663751482,43.03291926656494,43.32905034730943,10289400
2019-12-04,43.719078063964844,43.79130684241512,43.227933391487696,43.35072093723007,8237500
2019-12-05,43.928550720214844,44.000776765338394,43.56741498410308,43.7913201323813,9812500
2019-12-06,44.195777893066406,44.26078241739042,43.993542819723345,44.05854734404736,9296900
2019-12-09,44.06576919555664,44.13799797607346,43.964651658079354,44.04410193902473,9370200
2019-12-10,44.22467041015625,44.22467041015625,43.906872036930665,44.16689014013628,8290900
2019-12-11,44.11634063720703,44.36191028043124,44.051336097751545,44.318575757625496,9657500
2019-12-12,44.18133544921875,44.51358235136362,44.13077667709275,44.13077667709275,8571600
2019-12-13,43.92130661010742,44.195767644500684,43.516833801968346,44.145208887889,10585900
2019-12-16,44.22467041015625,44.25356192278939,43.8490890116644,43.863534767980966,11493000
2019-12-17,44.412471771240234,44.57136961344671,44.31135145588555,44.34746723184994,13648700
2019-12-18,43.95742416381836,44.56413206120043,43.928532655551145,44.42689877455411,17292600
2019-12-19,43.91408920288086,44.15244002570811,43.83463892860511,43.98631797733428,11901600
2019-12-20,44.83137893676758,44.93972073281775,44.159666413847724,44.39079300719151,42977900
2019-12-23,44.34745788574219,44.889161348083114,44.28967486057427,44.788041054039255,9477500
2019-12-24,44.26079177856445,44.390800854709454,44.07300242149212,44.390800854709454,6640100
2019-12-26,44.26800537109375,44.325785638101216,44.13799632626925,44.26078111568897,8117800
2019-12-27,44.44135284423828,44.50635737237976,44.239117759018754,44.34023530162852,8166800
2019-12-30,44.21023178100586,44.55692172275474,44.12355998438032,44.52803296071072,6765400
2019-12-31,44.34745788574219,44.34745788574219,44.01521100151924,44.21022457859153,8466700
2020-01-02,44.094661712646484,44.38357133080526,43.92131814594827,44.333012560914426,11447900
2020-01-03,43.62519073486328,43.906876121122814,43.386839866338114,43.76242129976633,13263200
2020-01-06,43.53129196166992,43.76241855926801,43.39406140536055,43.415728662870876,15094500
2020-01-07,43.04736328125,43.466281908169805,43.03292028157679,43.40849888849286,14293100
2020-01-08,43.126808166503906,43.40849346411423,43.069027909293276,43.09791666027575,15926500
2020-01-09,42.94801330566406,43.34939884512908,42.911524470418065,42.97720548742873,20134600
2020-01-10,43.05018997192383,43.27642244197926,42.94072067201834,43.07208271833695,11786700
2020-01-13,43.16695785522461,43.32750930929615,42.89693431243508,43.07208464332775,14158400
2020-01-14,43.0866813659668,43.15236239302151,42.88233884628542,43.05748917973801,12697100
2020-01-15,43.130462646484375,43.36399454565263,42.96261176795218,43.23993194218442,10291300
2020-01-16,43.54643630981445,43.677798335382,43.218034029815094,43.33479996543963,10689600
2020-01-17,43.88214874267578,43.89674483525714,43.52455143423265,43.56104027372603,15615700
2020-01-21,44.02081298828125,44.130282304462945,43.86025873359353,43.93323920568811,12857600
2020-01-22,44.137577056884766,44.3857050834685,43.99161890290841,44.11568430816039,8847100
2020-01-23,44.159461975097656,44.17405806629908,43.78727139318031,44.064591558167976,11109000
2020-01-24,43.991615295410156,44.26893548683179,43.86755268425206,44.15216953001005,10182800
2020-01-27,43.72159957885742,44.05000474022497,43.509960387762746,43.670514640858066,11482300
2020-01-28,44.29813003540039,44.51706586813176,43.6924046881261,43.77268180970898,15367500
2020-01-29,43.44427490234375,44.45867968709537,43.37859387680271,44.407594754332344,13408900
2020-01-30,43.32020950317383,43.34210224897265,42.575825522895535,42.8385496081608,16719600
2020-01-31,43.37858581542969,43.82375681870945,43.13775728914756,43.30560814902165,14283600
2020-02-03,42.36418914794922,43.553744263686546,42.33499696235467,43.50265933085611,15566400
2020-02-04,42.539337158203125,42.74367687838354,42.072273349836514,42.37878293010714,13924600
2020-02-05,43.15235900878906,43.196144500778246,42.63420748758467,42.71448460145802,10271900
2020-02-06,43.37858581542969,43.54643667530378,43.10126845594355,43.2034383024826,10283700
2020-02-07,43.743492126464844,43.89674972367608,43.4515785940898,43.53915237541028,9418100
2020-02-10,43.96241760253906,43.96241760253906,43.61941645110251,43.73618238590141,8270200
2020-02-11,42.83125686645508,44.04270483930318,42.51744780265223,43.9259388702547,22488200
2020-02-12,42.49555206298828,42.95531925172766,42.41527494293155,42.75097951625242,20938000
2020-02-13,42.80206298828125,42.93342503772031,42.29121088312045,42.597720475864925,19460100
2020-02-14,42.699893951416016,42.91883257494432,42.5320430482525,42.838555450839976,9138900
2020-02-18,42.26201629638672,42.88233488488374,42.18903862147643,42.88233488488374,12427300
2020-02-19,42.488258361816406,42.75098248792978,42.15255376516026,42.422577330288064,13642800
2020-02-20,42.39338302612305,42.59042611087322,42.2839137177329,42.39338302612305,16748600
2020-02-21,42.473655700683594,42.510144538353146,42.18173943148747,42.2620165447124,15704300
2020-02-24,42.32040786743164,42.83125724660259,42.31310842834616,42.4517671478468,18520900
2020-02-25,41.68547439575195,42.61960458406073,41.495730810705055,42.35688055559636,19384900
2020-02-26,41.70008087158203,42.23282571359523,41.524933331590816,41.8752311954932,16803600
2020-02-27,40.18212127685547,41.875228918965256,40.16022574760694,41.437354524952156,25907200
2020-02-28,39.52531433105469,39.53991042378182,38.080334558109314,39.21880473554508,45828300
2020-03-02,41.831443786621094,41.991998021544816,40.05076224551798,40.25510197438817,30736200
2020-03-03,40.64918899536133,42.36418954841191,40.29889111667559,41.75116756473186,27500200
2020-03-04,42.4152717590332,42.510144965062246,40.94839931220216,41.31329326040012,17626400
2020-03-05,41.71467971801758,41.97740382927011,41.225723120679916,41.50304054129524,21249900
2020-03-06,41.50304412841797,41.75117216783336,40.21131899239551,40.34998049860788,22510800
2020-03-09,40.74407196044922,42.02120116683096,39.41585502460513,39.678579192488115,31862200
2020-03-10,41.24761199951172,41.51763274011701,39.35016180951811,40.9192068912513,34330900
2020-03-11,40.0142707824707,40.52512007115342,39.54720420094392,40.40105746787899,21147400
2020-03-12,37.365142822265625,39.40854848312514,37.036737694788904,37.912483773420135,45610600
2020-03-13,39.532615661621094,39.67857382223718,37.547594142571455,38.678765015485546,45744000
2020-03-16,37.211891174316406,38.82472197878105,35.77420793005338,37.146210143260724,36990400
2020-03-17,39.63478088378906,40.48863136966637,37.57677927873521,37.58407593263235,33898000
2020-03-18,39.64208221435547,40.817041288716446,37.13161260567723,39.40125363246096,38417400
2020-03-19,39.1312255859375,40.07994927896826,38.5182036516235,39.23339544433653,33024900
2020-03-20,37.80302047729492,38.70795888527511,37.00755139051057,38.474426931716444,46013800
2020-03-23,36.715633392333984,38.8758050930018,35.85448337394666,36.934569224280565,39225100
2020-03-24,36.48210525512695,37.91978579733807,35.890975941964136,37.91978579733807,40626900
2020-03-25,36.44561004638672,37.88329323130881,35.6428443967698,36.02233447343676,38551300
2020-03-26,39.07284927368164,39.33557339296011,36.13180180944799,36.190186184363306,32610900
2020-03-27,38.51090621948242,39.29177901737507,37.61326747379049,38.05843851975018,25363600
2020-03-30,39.97047805786133,40.16022166054648,38.63496505032676,39.036350566636834,20660200
2020-03-31,39.21150588989258,39.802635126635906,39.08014383728295,39.45963390216409,21251800
2020-04-01,38.6203727722168,39.00716223666367,38.065735215537984,38.3138632028753,18672600
2020-04-02,40.32078170776367,40.5032286838169,38.74443994602057,39.08744115185502,20159400
2020-04-03,39.91940689086914,40.31349310600102,39.61289446223751,40.138342749080024,17612500
2020-04-06,41.37897491455078,41.554122453366276,40.12373882272006,40.70027193782091,20284400
2020-04-07,41.58331298828125,42.24012319258482,41.167334120195605,41.6271012632081,21786000
2020-04-08,42.18173599243164,42.34229020579159,41.32058613082405,41.78764989632248,18234200
2020-04-09,42.369842529296875,42.85668254100969,41.956767861092146,41.9788960572145,19689500
2020-04-13,41.80186080932617,42.487863007415044,41.573195285869915,42.332960011423374,12977700
2020-04-14,42.88618087768555,43.077967922061575,42.01576967963344,42.273944114161225,16765600
2020-04-15,41.993648529052734,42.79029453059622,41.83136758950161,42.458360338038155,18372800
2020-04-16,42.532127380371094,42.78292394362954,41.93464070540997,42.25920261895644,17825800
2020-04-17,43.122222900390625,43.284503807439734,42.591126610350926,42.827170031226245,15054300
2020-04-20,42.87881088256836,43.454166456825355,42.75341121333853,42.85667987396312,14002200
2020-04-21,41.912498474121094,42.81241574930199,41.83873596239062,42.33295098147557,14234500
2020-04-22,42.775543212890625,43.20337093308365,42.21493787957009,42.34771267883758,12701100
2020-04-23,42.48048782348633,43.26975868451569,42.391972227875016,42.87143428347469,15684400
2020-04-24,42.731285095214844,42.77554430071624,41.91988602470992,42.517369822748236,15371500
2020-04-27,42.64277267456055,42.99683790336598,42.192813900288954,42.73128827829683,16050100
2020-04-28,42.65751266479492,43.06321210587533,42.50260688842723,42.65013472532723,13392600
2020-04-29,42.87142562866211,43.225490753489346,42.561619699635585,43.063212663272374,17818100
2020-04-30,42.37721633911133,42.753409705816004,42.20018234581157,42.65751898939433,17532400
2020-05-01,41.919883728027344,42.628014094092464,41.69859052650454,42.60588308562422,13857400
2020-05-04,41.48466873168945,42.06739929799168,41.16010694331629,41.93462453254071,11833600
2020-05-05,41.683841705322266,42.00102565836722,41.30764828935698,41.30764828935698,10902400
2020-05-06,41.04208755493164,41.794476996930726,40.968325042795435,41.573186646662634,12460400
2020-05-07,40.997840881347656,41.418293490576666,40.702785135215656,41.381409411915065,14083100
2020-05-08,42.0452766418457,42.06740483438,41.32976840206692,41.469921125076596,11097900
2020-05-11,41.60270309448242,41.97889650184775,41.48468135747955,41.94939036413199,12636800
2020-05-12,40.90932083129883,41.860872619923946,40.90194570417787,41.860872619923946,13117700
2020-05-13,40.45935821533203,40.975704293848985,40.2454457830568,40.688026528151475,20604500
2020-05-14,40.50362014770508,40.518373215384756,39.7217244438418,40.201189294921534,15859200
2020-05-15,40.35609436035156,40.39297562451765,39.98727609097048,40.29708490045783,10174000
2020-05-18,41.10110092163086,41.45516605435849,40.59950794680183,41.049466598974305,15735900
2020-05-19,40.1126708984375,40.97570419341468,40.06841169849262,40.88718860738465,18467100
2020-05-20,40.02415084838867,40.49624052009106,39.8692478757577,40.2306909590896,21405400
2020-05-21,39.810245513916016,40.304460651887055,39.72910504317805,40.149557651674655,18201000
2020-05-22,39.9061279296875,40.046280645908695,39.588944054047325,39.80285928438317,19960000
2020-05-26,40.05366516113281,40.75442046493081,39.96514956067355,40.49624879114954,20830500
2020-05-27,40.67327117919922,40.73228344262573,40.149550003657076,40.28232478250714,17063800
2020-05-28,41.10110092163086,41.15273524428742,40.688023526518855,40.997832276317745,15427900
2020-05-29,42.32558059692383,42.62801143107051,40.48886458495803,40.81342642619041,34227800
2020-06-01,41.14537048339844,41.97152553823945,41.12324228484642,41.82399764888495,18156100
2020-06-02,41.60270309448242,41.646959487195886,40.96833520289446,41.17487253918443,17300400
2020-06-03,41.919883728027344,42.0305275149288,41.52893446883435,41.691215399588415,16086700
2020-06-04,42.20756149291992,42.31820527976776,41.683837438611036,41.85349631005895,16147300
2020-06-05,42.59114456176758,42.87144448353629,42.104304449285266,42.59851969071487,17105600
2020-06-08,42.84930419921875,42.93044466406077,42.24444249712726,42.52474515371061,14963000
2020-06-09,42.679649353027344,42.878811550416756,42.31820622135174,42.59850888588424,14530800
2020-06-10,42.81979751586914,42.95257230866364,42.561625870913105,42.709153731113645,13649100
2020-06-11,41.63957977294922,42.73865655012241,41.60269851179721,42.39934444534813,23412500
2020-06-12,41.698585510253906,41.90512561923819,41.15273614060736,41.77235083984101,17129000
2020-06-15,41.41829299926758,41.70597080071073,40.77654718112198,41.108484188117956,14826800
2020-06-16,41.98626708984375,42.281322807379944,41.484676872208006,41.919882507950966,15021300
2020-06-17,41.787109375,42.170677883617294,41.683837900061526,42.14854968877475,10652100
2020-06-18,41.964134216308594,42.01576853904052,41.5805629518289,41.67645647141371,9019500
2020-06-19,41.4256591796875,42.39196385494253,41.30763747089646,42.303445462954635,28868200
2020-06-22,41.056846618652344,41.49942738385082,41.01996535719578,41.24125573979502,12333900
2020-06-23,40.525753021240234,41.19700220193572,40.50362482409585,41.123239668880935,20716400
2020-06-24,39.780731201171875,40.24544292016547,39.43404119339861,40.23068985453049,24794600
2020-06-25,40.03890609741211,40.12004655812642,39.345528838884015,39.76598139544017,17122500
2020-06-26,39.21275329589844,39.87662722181117,38.98408498500411,39.861874155250916,30211900
2020-06-29,40.34134292602539,40.35609599506145,39.32340648727918,39.32340648727918,15930300
2020-06-30,40.665897369384766,40.78391908619807,40.097916977889604,40.510991579806316,17414800
2020-07-01,40.32659149169922,40.81343434804358,40.26020689913624,40.63640032629469,12831600
2020-07-02,40.415103912353516,40.87243774770612,40.37822265067119,40.606888161417544,15814500
2020-07-06,40.747039794921875,40.8871897110742,40.50361840944382,40.82817744288807,11231100
2020-07-07,40.599510192871094,40.813425435059486,40.42247620978353,40.51099179439746,13319700
2020-07-08,40.850303649902344,40.89456003198137,40.4372262627213,40.65114148896824,15320800
2020-07-09,40.234928131103516,40.76453355098263,40.093204340127016,40.76453355098263,17618400
2020-07-10,40.645179748535156,40.712312658548925,40.16033063782921,40.16033063782921,15652200
2020-07-13,40.61534881591797,40.85404301323962,40.38411256737419,40.8391242702246,15285100
2020-07-14,41.353797912597656,41.510443252937705,40.4810730021507,40.60042007141162,15683600
2020-07-15,41.07035827636719,41.56266538714601,41.04052079196626,41.48061372777302,13903600
2020-07-16,41.607418060302734,41.6447163378988,40.846579293780124,40.928630951756936,13477400
2020-07-17,41.99529266357422,42.21906807973645,41.68946559754545,41.771517247411985,13506300
2020-07-20,41.67455291748047,41.98038002798331,41.517910387933476,41.98038002798331,10572900
2020-07-21,41.65217590332031,42.14448302483631,41.622338418268626,41.65217590332031,12619700
2020-07-22,41.58503723144531,41.73422179060504,41.30158685358772,41.652170140794254,11223500
2020-07-23,41.659637451171875,41.83865953148997,41.323975674447034,41.629802809001724,16718700
2020-07-24,42.40555191040039,42.9426152342275,41.87594938021479,42.032591901178016,17981700
2020-07-27,42.42047119140625,42.76359656680098,42.15193952607954,42.517441591765134,12306700
2020-07-28,42.8754768371582,43.03958013078248,42.49505892838945,42.5547310425973,13454700
2020-07-29,42.85310745239258,43.03212667098056,42.636789954927856,42.79343248255713,9341800
2020-07-30,42.74121856689453,42.860565661832844,42.62187147195622,42.67408564815053,12635800
2020-07-31,42.8754768371582,42.890395577074834,42.25636478064068,42.40554648888964,16202900
2020-08-03,42.69646453857422,43.166392117211565,42.60695208463069,43.166392117211565,13493400
2020-08-04,43.196224212646484,43.367785459778666,42.65170299032465,42.6666217307873,11601000
2020-08-05,42.92024230957031,43.405088656819046,42.82327190193685,43.38271196484952,9809300
2020-08-06,43.13655090332031,43.22606049816199,42.853100533286494,42.8903959606823,10369900
2020-08-07,43.65869903564453,43.67361777790133,43.00229144910006,43.12909649009417,12783900
2020-08-10,44.00182342529297,44.12117051519942,43.61394467173225,43.748210503559385,12114500
2020-08-11,43.643775939941406,44.46428960946484,43.44983800086647,44.233053395738814,12833100
2020-08-12,43.71091079711914,43.986903245441106,43.651238676846134,43.71091079711914,10802100
2020-08-13,43.6512451171875,43.710917246264586,43.405090115413614,43.48714178267158,7428600
2020-08-14,43.85264205932617,43.96452836372712,43.44984453438049,43.621405810829366,8715900
2020-08-17,43.845176696777344,43.95706583497963,43.67361543820376,43.80788126586291,8371900
2020-08-18,44.1435432434082,44.35986071365482,43.84517412269158,43.904849085018434,10130600
2020-08-19,44.04657745361328,44.337485811698926,43.95706784623134,44.277813688597334,10816300
2020-08-20,43.97944259643555,44.07641299333901,43.703452992666136,43.71091094067764,8061500
2020-08-21,44.00182342529297,44.03911885736516,43.66615884572513,44.00928137352378,11059300
2020-08-24,44.4344596862793,44.46429717289202,44.00928546115573,44.083876332228186,10931500
2020-08-25,44.32257080078125,44.56872579862763,44.143551570946926,44.53143036286709,11316800
2020-08-26,44.3524055480957,44.38224303304493,43.93469214064327,44.233058453757984,15096400
2020-08-27,44.33002471923828,44.598556367797535,44.315105978156225,44.45682975024742,11405300
2020-08-28,44.20322036743164,44.31510951173941,43.87501657383286,44.31510951173941,11873900
2020-08-31,44.2106819152832,44.33748695856607,44.02420190189604,44.03912064442212,14555500
2020-09-01,44.12863540649414,44.233063770910334,43.84518495632195,44.09879791795822,13358400
2020-09-02,45.150535583496094,45.307180942207914,44.00927892199792,44.1211680574408,21711900
2020-09-03,45.21021270751953,45.70997775333101,44.859629388813,45.37431602188583,23126800
2020-09-04,45.113243103027344,45.87408187558978,44.799958056038804,45.113243103027344,22250100
2020-09-08,44.725364685058594,45.35193762924877,44.47175175894688,45.35193762924877,18469700
2020-09-09,44.7850456237793,45.31464823713846,44.7328314419247,44.84471775498761,15896200
2020-09-10,44.40461730957031,44.94168062761736,44.31510770504881,44.92676188595394,15811200
2020-09-11,44.59856414794922,44.7253692010793,44.27781827237858,44.441921607449906,13924800
2020-09-14,44.993900299072266,45.33702286288427,44.75520609420658,44.77012483769311,11932500
2020-09-15,45.20275115966797,45.57571116212549,44.829791157210444,44.83725195071664,9444300
2020-09-16,45.031185150146484,45.44890133320385,44.99388972292642,45.15053222452592,12699000
2020-09-17,45.1953010559082,45.493670247844044,44.82979893805978,45.20275900524983,14996200
2020-09-18,45.01626968383789,45.45636258613997,44.86708796410884,44.889464652976415,22584500
2020-09-21,44.46429443359375,44.81487776604658,44.02420149227649,44.755202796497514,15871400
2020-09-22,44.620933532714844,45.03118895774197,44.3971581050145,44.55380061985885,12198900
2020-09-23,43.9421501159668,44.85963143777151,43.897393888515644,44.62839804292185,15416200
2020-09-24,44.151004791259766,44.42699724633901,43.74821014454293,44.009281012364866,10875300
2020-09-25,44.300193786621094,44.34495001648424,43.86756161311465,43.897396254230756,10676300
2020-09-28,44.27781295776367,44.60601674305298,44.143547126177346,44.426997531243934,11910500
2020-09-29,44.18831253051758,44.37479257473819,44.08388131556792,44.21814717504353,10005900
2020-09-30,44.37478256225586,44.5388830292307,44.04657593738815,44.35240302708642,16348400
2020-10-01,44.344947814941406,44.45683411585559,44.03165991237148,44.30765238130335,14547100
2020-10-02,44.18831253051758,44.41954596425695,44.09134211079416,44.22560797026977,10741800
2020-10-05,44.50160217285156,44.6358680460063,44.203232933516595,44.47922547581242,10457400
2020-10-06,44.3524055480957,44.73282636755037,44.25543799019949,44.576180994296536,12524900
2020-10-07,44.46429443359375,44.59109947569676,44.15846732830271,44.4717523820578,13674700
2020-10-08,44.621089935302734,45.02817609809948,44.45524225382482,44.56831982632041,14266400
2020-10-09,44.72663116455078,44.88494148489845,44.53816567582591,44.666320827796355,9846200
2020-10-12,44.89249038696289,44.99049327152088,44.5909472528892,44.72664266973692,20211200
2020-10-13,44.74924850463867,45.020639283088805,44.36477727658255,45.005561698090986,22109600
2020-10-14,44.048160552978516,44.86987031633974,44.01800538028962,44.8246375573064,16591900
2020-10-15,43.84461975097656,43.93508239803321,43.51292146126507,43.80692722101594,13644500
2020-10-16,43.761695861816406,44.04816427505641,43.73154068657939,43.78431368112206,13364200
2020-10-19,43.19629669189453,43.94262141786182,43.0304489894895,43.837081186579816,16075100
2020-10-20,43.158599853515625,43.47522051574654,42.789206205157555,43.37722052548764,18696200
2020-10-21,42.78166961669922,43.50537646540835,42.736436860246634,43.05306040390399,21498300
2020-10-22,43.21891403198242,43.4676870207171,42.60074448633388,42.917368052434625,16636100
2020-10-23,43.69384765625,43.70138788785101,43.316916597360844,43.535537301697936,12879600
2020-10-26,43.58076858520508,43.61092088331867,42.947524312729016,43.362147888286465,15196800
2020-10-27,43.25660705566406,43.61092027856977,43.203836940002454,43.49784269176159,12253000
2020-10-28,42.449974060058594,43.23398842475568,42.306738426737,42.90982750564075,18720200
2020-10-29,42.789215087890625,43.20384157796459,42.23135869793718,42.33689894059022,19146100
2020-10-30,42.96260070800781,43.02290817831791,42.49520415326553,42.668592084570996,17632800
2020-11-02,43.497840881347656,43.88230926170259,42.970136870939406,43.4752230643229,16086400
2020-11-03,43.535545349121094,44.01047937632327,43.35461714207769,43.58077811982102,10693500
2020-11-04,43.135990142822266,43.610921193743145,42.653518860502565,43.113372324381494,20785700
2020-11-05,43.83707809448242,44.45524472760734,43.57322465913299,43.7315349948894,20156400
2020-11-06,44.12354278564453,44.289393349065726,43.731534193038755,43.78430717974534,11986200
2020-11-09,45.111106872558594,45.66896607573483,44.86233100640071,45.26187986334317,24265900
2020-11-10,46.060970306396484,46.29466857819182,45.38249618387878,45.44280365275,22051800
2020-11-11,45.98558044433594,46.24943098510791,45.58603451809403,46.204201107121406,12196900
2020-11-12,45.827274322509766,45.99312201659487,45.48803582772472,45.91773696253396,13293300
2020-11-13,46.030818939208984,46.128818937572795,45.51819250255376,45.70665801968419,10652800
2020-11-16,45.90266036987305,46.33236151398072,45.75942761375567,45.8423529004704,14289400
2020-11-17,45.797122955322266,46.000666069103275,45.503117194001604,45.65389019040484,11698200
2020-11-18,45.47296905517578,46.09867608054448,45.45789146562707,46.08359849099577,11698800
2020-11-19,45.39003372192383,45.56342164979088,45.15633832494262,45.533269353111564,12663000
2020-11-20,45.26189041137695,45.48051115517516,45.19404269350014,45.39004561416856,14225400
2020-11-23,45.40510940551758,45.52572721444714,45.231721484916044,45.23925883983115,11601400
2020-11-24,45.71419906616211,45.83481689183447,45.503118590174424,45.684043890805064,15481400
2020-11-25,45.54080581665039,45.7895816707335,45.480498348717056,45.736808682128064,10604300
2020-11-27,45.668968200683594,45.78958602377241,45.540810146039135,45.62373543861689,5763700
2020-11-30,45.54080581665039,45.684038569278094,45.374955247261646,45.47295811787822,21839100
2020-12-01,45.668968200683594,45.92527855846104,45.4428072661058,45.5558877333947,14282600
2020-12-02,46.25696563720703,46.70174426355536,45.99311225249759,46.2871208027318,14169900
2020-12-03,46.54344177246094,46.61128946840534,46.015737790199566,46.06850790085017,11937200
2020-12-04,46.40020751953125,46.58867302763313,46.18912707069889,46.40020751953125,10495800
2020-12-07,46.24943161010742,46.51328503020023,46.121276453073534,46.37758964289656,12537500
2020-12-08,46.324825286865234,46.51329080644096,45.89512413229302,46.121282180632775,13421100
2020-12-09,46.33236312866211,46.60375393982082,46.05343496197372,46.32482577313243,14949500
2020-12-10,45.61619186401367,46.249436107760644,45.48049933926946,46.18158840751077,15464400
2020-12-11,45.495574951171875,45.63127035436016,45.20910943400156,45.292034722145026,13673000
2020-12-14,45.216651916503906,46.03082442795248,45.05834155341866,45.69158588151557,15706500
2020-12-15,45.64634704589844,45.789582677430694,45.20910854756367,45.28449360307657,15876000
2020-12-16,45.163875579833984,45.57096177953336,44.98294742138242,45.382496265867594,17165900
2020-12-17,45.239253997802734,45.344797085605634,44.93771094563117,45.21663905972252,12095500
2020-12-18,45.5785026550293,45.81973830109301,45.073416419757066,45.231726773282176,31909400
2020-12-21,44.847251892089844,45.32972311462363,44.688938685644736,45.27695300439371,18567500
2020-12-22,44.47032165527344,44.79447967694033,44.372318787836264,44.719094625530424,12951500
2020-12-23,44.44770050048828,44.68893609778564,44.39493039331418,44.62862863633888,14012100
2020-12-24,44.35724639892578,44.530634338085534,44.221550989886715,44.47786422076542,7751100
2020-12-28,44.4627799987793,44.613552972519265,44.21400703650034,44.59847538756974,15355600
2020-12-29,44.334632873535156,44.65879381929794,44.2064748161203,44.50048058652007,15686100
2020-12-30,43.82953643798828,44.43262546583837,43.769228973080935,44.34970306106019,18259800
2020-12-31,44.28940200805664,44.327094540997415,43.739082975004685,43.76923815165968,12906300
2021-01-04,44.36478042602539,44.59094134129246,44.05569710101662,44.44770571152258,19129800
2021-01-05,44.16123580932617,44.54570415066461,44.070770301918714,44.37231624176647,16220000
2021-01-06,44.69648742675781,44.88495296368047,44.13109081598986,44.334633940957026,22678500
2021-01-07,44.59590148925781,44.771145588729304,44.25303424181523,44.397800348367845,19079900
2021-01-08,44.03969192504883,44.46637511333385,43.7120607621149,44.36732308798276,28411600
2021-01-11,43.78063201904297,44.23017222063009,43.651104915021186,44.001593097535554,15688000
2021-01-12,43.62825393676758,43.773022972835825,43.19395264164653,43.63587488947741,22699300
2021-01-13,43.475868225097656,43.620634349509565,43.33872014658459,43.5977773052713,16985400
2021-01-14,43.46062469482422,43.75777786510244,43.17108956965046,43.346333672467324,18341100
2021-01-15,43.71968460083008,43.81111568059271,43.209188350193706,43.26252338893371,15785300
2021-01-19,43.46824645996094,43.87207264205123,43.414911420041,43.76539965566966,18821300
2021-01-20,43.62825393676758,43.7273059762024,43.17109559660074,43.43777081060776,19923100
2021-01-21,43.6358757019043,43.81873787875889,43.46824961766935,43.574919705258175,13601500
2021-01-22,43.78825378417969,43.95587692740968,43.247279598065425,43.55967175029473,16364500
2021-01-25,44.51209259033203,44.66447966251839,43.56729797455158,43.78825908389472,22444300
2021-01-26,43.102516174316406,43.64348748750933,42.980607105054034,43.422529297718555,37892700
2021-01-27,42.00532913208008,43.399663750234204,41.95199410281709,43.15584564316309,37239000
2021-01-28,42.188209533691406,42.9196670782898,41.90629527025067,41.90629527025067,24000800
2021-01-29,41.71580123901367,42.11200645801395,41.51007913069382,41.9062843496941,26231200
2021-02-01,41.35769271850586,42.11200712767367,41.31197863140225,42.11200712767367,20541100
2021-02-02,41.52531814575195,42.035811487449664,41.273879044408346,41.47198310726239,18974500
2021-02-03,41.74627685546875,41.830089884438884,41.33483266227432,41.38054965258752,13909300
2021-02-04,42.0129508972168,42.188194995535945,41.59388867023264,41.72341577947408,14761700
2021-02-05,42.15010452270508,42.42440068030205,42.035813488192424,42.058673439020005,12069500
2021-02-08,41.94438552856445,42.272016751591806,41.7462843480684,42.18820370757896,17887700
2021-02-09,41.90628433227539,42.13486348368858,41.66246618322912,41.92152332990848,19605600
2021-02-10,41.87580490112305,42.24153211215198,41.84532690690193,42.07390895701883,16232800
2021-02-11,41.60151290893555,41.952004064297675,41.510081823708894,41.921526067041526,17398800
2021-02-12,41.29673767089844,41.662464883054476,41.28149867374091,41.46436082654817,18357300
2021-02-16,41.25864028930664,41.388167401120356,41.014822155799656,41.22816229598291,22095700
2021-02-17,43.42253494262695,43.62063611597831,42.38630626591684,42.668220480258256,40531300
2021-02-18,43.41490936279297,43.8949276058681,43.07203918916788,43.384431368128176,20759900
2021-02-19,43.01108932495117,43.73492576642712,42.93489433258742,43.68159072504337,18689400
2021-02-22,43.01108932495117,43.30824252881539,42.78251016094344,43.072042412300405,17854900
2021-02-23,43.4530029296875,43.83396912168978,42.889174593187285,43.28537978165463,21062000
2021-02-24,43.52157211303711,43.75015122147085,43.17870199711596,43.49109703004272,17136900
2021-02-25,43.0491828918457,43.32347903549527,42.470115515895635,42.75964775059987,24165300
2021-02-26,42.134864807128906,43.13299738438541,42.12724676134388,43.0263273041449,23935200
2021-03-01,42.18058395385742,42.6301242481971,42.11962795829998,42.27963599336734,20550400
2021-03-02,41.89104461669922,42.30248882611644,41.845327624583454,42.14248371352359,17184600
2021-03-03,42.19581604003906,42.645356260733045,41.44912265603812,41.571031720639475,22838700
2021-03-04,41.7538948059082,42.37867913939798,41.548172709777454,42.32534410409091,23692000
2021-03-05,42.6682243347168,42.82061143150636,41.845335755978475,41.86819570974928,23598100
2021-03-08,43.2701416015625,43.658725845858,42.53106624504077,42.630118270661754,23648800
2021-03-09,42.82060623168945,43.5063437241584,42.79774628069458,43.35395955241537,20956400
2021-03-10,43.49110412597656,43.65110923733224,42.55392468736982,43.19394803933405,18848600
2021-03-11,42.294864654541016,43.57491127092568,42.264389568658586,43.43776321156009,30312900
2021-03-12,42.386295318603516,42.79773655799785,42.37105632358282,42.462487387165886,22002400
2021-03-15,42.393917083740234,42.62249621603074,41.98247290169251,42.523447099514385,18970600
2021-03-16,42.393917083740234,42.607257219672526,42.241530026699444,42.43963407281488,19044700
2021-03-17,42.47772979736328,42.75964396155905,42.12724160333164,42.49296879360918,17867000
2021-03-18,42.9044189453125,42.950133033872675,42.40916167127114,42.47773571065315,19970700
2021-03-19,42.85107421875,43.06441433458793,42.63011315218009,42.99584031070558,39055000
2021-03-22,43.11775588989258,43.17870897226887,42.492971536192584,42.56916361579833,20656600
2021-03-23,43.361576080322266,43.750160355129715,42.95775280756567,42.988227896922304,20084100
2021-03-24,43.43776321411133,43.75777632149696,43.14823100569259,43.23204403159219,14819800
2021-03-25,43.71968460083008,43.84159367602746,43.20157030460583,43.46824549830583,18047400
2021-03-26,44.3292236328125,44.38255866391967,43.71967834405833,43.757774379628984,19632700
2021-03-29,44.82448196411133,44.938770073753545,44.153980676020126,44.260650740969375,18577300
2021-03-30,44.641624450683594,44.931159609063506,44.36732829080175,44.85496461657313,13239700
2021-03-31,44.30636978149414,44.58828395285575,44.237795749915215,44.496852879597654,19531700
2021-04-01,44.420654296875,44.489228322897134,43.993974051884976,44.20731417437999,12885100
2021-04-05,44.854957580566406,45.053061623424774,44.5425654267125,44.59590045981868,14326300
2021-04-06,45.0378303527832,45.0378303527832,44.71019914662212,44.80925118504198,12198300
2021-04-07,44.95401382446289,45.30450204823618,44.79400871011529,45.0530658551959,13218400
2021-04-08,44.359474182128906,44.76764496351022,44.30556533251831,44.69833316575203,16472400
2021-04-09,44.27476501464844,44.513503380644934,44.0899325636656,44.35947682779459,13872000
2021-04-12,44.313270568847656,44.58281483085038,44.22855581855762,44.405685324704,19564600
2021-04-13,44.3748779296875,44.48269563085102,44.020618929346796,44.18234548109207,15489100
2021-04-14,44.43648910522461,44.76764514722695,44.12073601143308,44.28246256092855,13890100
2021-04-15,44.43648910522461,44.598215654720086,44.31326845735016,44.32867140556096,13338400
2021-04-16,44.88315963745117,45.037186170715486,44.51349772030388,44.721433099538935,19866200
2021-04-19,44.96787643432617,45.214317723695814,44.73683809276862,45.05259117838671,11955400
2021-04-20,44.96787643432617,45.0833970740109,44.64442334370798,44.7599410455808,16673600
2021-04-21,44.77534484863281,45.31443628110539,44.70603305106045,44.975580236202724,18310100
2021-04-22,44.1130256652832,44.736831742978445,44.005207983713746,44.62131111969031,20921900
2021-04-23,44.12843704223633,44.259360636165006,43.727969192883954,43.99751638611969,18099400
2021-04-26,43.851192474365234,44.197751493423816,43.78188067055352,44.17464853809065,15073600
2021-04-27,43.37370300292969,43.68175604764206,43.2812882646406,43.5739383633362,21858600
2021-04-28,43.45841979980469,43.635549280687435,43.389108008345204,43.41221095956113,12862500
2021-04-29,44.143836975097656,44.2978635124511,43.53543376834806,43.55083671586459,18169200
2021-04-30,44.505802154541016,44.55971100588848,43.86659300597529,44.166943160000315,16861500
2021-05-03,44.60590744018555,44.92166341360326,44.56740154566018,44.8446486867411,17559100
2021-05-04,45.129600524902344,45.168109361243914,44.62901796839114,44.65212091994668,22067700
2021-05-05,45.198917388916016,45.48386753319532,45.09109968581014,45.1527114806204,17882200
2021-05-06,45.66099548339844,45.722604338301,45.1989158514754,45.36834534362838,14593100
2021-05-07,45.222015380859375,45.49155959153629,45.129597704788814,45.28362422709486,15678600
2021-05-10,45.8381233215332,46.09226461275155,45.4530584444415,45.49926728730478,22563000
2021-05-11,45.083396911621094,46.04605911281998,44.89086447138132,46.04605911281998,17971900
2021-05-12,44.983280181884766,45.360645065460304,44.783047732391516,44.860059535009235,14718600
2021-05-13,45.29133224487305,45.58397943845922,44.63672018616191,44.667526081637895,13305100
2021-05-14,45.198917388916016,45.637891144596814,45.18351444021345,45.44535869253288,13770000
2021-05-17,44.621315002441406,45.491562410252385,44.56740615696577,45.35293882536881,22387000
2021-05-18,44.036014556884766,44.28245581509166,43.62014383198131,44.28245581509166,26579000
2021-05-19,43.835784912109375,43.8511878599814,43.396811180098354,43.52773476810461,20213500
2021-05-20,43.73566436767578,44.08992330839774,43.704858476009996,43.828079104861615,20768900
2021-05-21,43.82808303833008,44.128433164498404,43.69716239371795,43.943603673538725,15474400
2021-05-24,43.88199234008789,44.12843362246625,43.72796580414846,43.96670708174516,12970700
2021-05-25,43.496917724609375,43.92048840019216,43.350594164044026,43.8973854532111,15935100
2021-05-26,43.404510498046875,43.55853702609181,43.33519870731724,43.48922523536217,14045200
2021-05-27,43.3505973815918,43.550829791848635,43.14266202989544,43.3737003302876,30754300
2021-05-28,43.50463104248047,43.62014874275098,43.350604504307924,43.39681040929138,14027800
2021-06-01,43.419921875,43.789583851394035,43.31210416577827,43.704869097630606,14922800
2021-06-02,43.62785339355469,43.77417699475088,43.258188512342876,43.36600914975331,13681100
2021-06-03,43.88199234008789,44.066824770777565,43.57394220602085,43.66635695245978,14212500
2021-06-04,44.12843704223633,44.18234589332106,43.82038688429669,43.83578689505343,11868100
2021-06-07,44.051429748535156,44.151547455579376,43.951312041490944,44.0745327048483,11144100
2021-06-08,44.01291275024414,44.089924543754876,43.735665593106916,44.08222453952845,15858400
2021-06-09,43.9359016418457,44.30556356924019,43.90509574677653,44.01291637951863,14705100
2021-06-10,44.15924072265625,44.367176111178836,44.06682597369463,44.15154071766441,12013600
2021-06-11,44.15153884887695,44.320965391833354,43.90509463239061,44.27475948821424,12929000
2021-06-14,44.036014556884766,44.10532634436868,43.781870356839924,44.043714560911184,11907600
2021-06-15,44.1207389831543,44.24395963932819,44.0206212819467,44.036024231194965,12602700
2021-06-16,43.62014389038086,44.19774114091622,43.61244388634413,44.18233819503123,15678400
2021-06-17,43.535430908203125,43.83578102051374,43.51232795735205,43.627848587230744,14761100
2021-06-18,42.98863983154297,43.36600467904608,42.796107405590945,43.36600467904608,38210500
2021-06-21,43.427608489990234,43.504623214124166,43.11185546556943,43.181167248384305,13628200
2021-06-22,43.41221237182617,43.72796544589982,43.342900578111866,43.658653652185514,13866600
2021-06-23,43.181175231933594,43.70486370162114,43.165772284259035,43.47382536212649,16524500
2021-06-24,43.41221237182617,43.44301826632404,43.17347403399719,43.25048583243006,15386200
2021-06-25,43.419921875,43.527739584221735,43.27359532293145,43.33520712123657,14540300
2021-06-28,43.265892028808594,43.51233332767489,43.25818908569977,43.41991857505303,13754900
2021-06-29,43.00404739379883,43.41221524052621,42.98864444553206,43.281294586976664,15313000
2021-06-30,43.150367736816406,43.23508247697981,42.942432357636704,42.942432357636704,14559700
2021-07-01,43.3505973815918,43.458415059254044,43.14266202989544,43.26588265262535,11672200
2021-07-02,43.46611785888672,43.566235539361,43.32749428217204,43.419911958522874,11387100
2021-07-06,43.443023681640625,43.52003548967327,43.12727056820731,43.49693253482591,13815900
2021-07-07,43.535430908203125,43.57393974337046,43.28898963975279,43.396807327473354,14393300
2021-07-08,43.362545013427734,43.59617881999621,43.26130260794922,43.41705946926655,18384000
2021-07-09,43.6662712097168,43.790876110174025,43.3158189988011,43.37812293443729,13757000
2021-07-12,43.72856903076172,43.892112382715624,43.51829773361466,43.603964147728064,13451500
2021-07-13,43.68185043334961,43.98557471506428,43.61175998596811,43.822031328112594,12511900
2021-07-14,43.860965728759766,43.94663215324336,43.635118422542135,43.68184637339185,14821700
2021-07-15,44.04008865356445,44.07902713035428,43.79866831497831,43.86096928367896,12813900
2021-07-16,43.96999740600586,44.22699669560454,43.93105892992538,44.14133026573831,11637900
2021-07-19,43.487152099609375,43.954419736291655,43.074398921512866,43.74414840854008,21958500
2021-07-20,43.28467559814453,44.211424479440105,43.253523626298744,43.5728239106792,20258900
2021-07-21,43.57281494140625,44.2737163387657,43.54944948192381,44.03229603369503,25264100
2021-07-22,43.57281494140625,43.82981122919357,43.31581568280399,43.72857179775777,16231400
2021-07-23,43.518306732177734,43.63512216309317,43.33139788357152,43.47936825520592,14894300
2021-07-26,43.44042205810547,43.565026953281524,43.261302706965836,43.5183019743499,15330500
2021-07-27,43.76750946044922,43.876538366636275,43.2067859762702,43.354753353121936,15225800
2021-07-28,43.393707275390625,43.86097499939092,43.37034180961959,43.79867402257156,14595900
2021-07-29,43.5961799621582,43.75193682755615,43.51830301486678,43.52608952126988,12841900
2021-07-30,43.44042205810547,43.75193578145311,43.42484607485658,43.63511739249399,13856900
2021-08-02,43.42484664916992,43.81423732309683,43.36254568616546,43.65848343017813,13833400
2021-08-03,43.401485443115234,43.57281829537155,43.27688054260569,43.424847933581034,12573100
2021-08-04,43.121124267578125,43.38591005615605,43.051033824401166,43.30024362884919,16446100
2021-08-05,43.06660842895508,43.22236529444945,43.02766995528526,43.15227485351774,12776600
2021-08-06,43.004310607910156,43.292458899102186,42.996521130117884,43.08997703873314,12660300
2021-08-09,42.926422119140625,43.160055902432156,42.9186356137173,43.05102700161709,13452400
2021-08-10,43.206790924072266,43.245729399195966,42.83297621541736,42.91085316566476,11756900
2021-08-11,43.27687454223633,43.49493234519037,43.237936073253785,43.308026505748266,11727300
2021-08-12,43.331390380859375,43.4559952680834,43.24572396386507,43.315814398604516,10744800
2021-08-13,43.51051330566406,43.596179729716944,43.36254591827324,43.3781219018115,8384600
2021-08-16,43.5961799621582,43.666270403046525,43.28466920217741,43.549452011294285,12964200
2021-08-17,43.75193405151367,43.76751003414669,43.43263383457415,43.510510776924306,11847600
2021-08-18,43.199005126953125,43.66627277774322,43.183429142484755,43.65069679327484,15093500
2021-08-19,43.121124267578125,43.3469715812389,42.98094338122421,43.06660980853107,12679900
2021-08-20,43.23793411254883,43.385901476298535,42.98872435738374,43.08996674879912,10645100
2021-08-23,43.160057067871094,43.38590435183778,43.152270562237504,43.26129946599664,11963700
2021-08-24,42.840755462646484,43.16005565785898,42.832968957267276,43.15226915247977,15478400
2021-08-25,42.77845764160156,42.89527602655215,42.685004716130045,42.84854807840893,14666300
2021-08-26,42.52146530151367,42.87970702060311,42.49810280904832,42.76288861664551,15256200
2021-08-27,42.65386199951172,42.70058995778716,42.466953137225545,42.560409053776425,13213800
2021-08-30,42.65386199951172,42.801829411160575,42.58377154750635,42.63049950578179,11621200
2021-08-31,42.832969665527344,42.94199856752741,42.505882959527135,42.60712238520448,18405600
2021-09-01,42.786251068115234,42.949797427662254,42.67722214229417,42.832979023816584,12647300
2021-09-02,43.0588264465332,43.07440243180065,42.75510216085662,42.77846465335008,12875900
2021-09-03,43.16785430908203,43.22236877076732,42.96536947640923,43.01988690890987,11006200
2021-09-07,42.69279098510742,43.22236251119811,42.67721500247947,43.128909586245314,15500900
2021-09-08,42.762882232666016,42.90306310816166,42.669429305940575,42.669429305940575,11835900
2021-09-09,42.3968505859375,42.731726764305016,42.389064080521514,42.700577771826325,19403300
2021-09-10,42.233314514160156,42.575977257004666,42.22552800740209,42.49031379940497,15944100
2021-09-13,42.53703689575195,42.81739865965668,42.36570701733304,42.36570701733304,20749000
2021-09-14,42.37348937988281,42.65385111636991,42.27224698152584,42.56039819447915,16937500
2021-09-15,42.49809646606445,42.56818690381469,42.29561462968319,42.29561462968319,15330000
2021-09-16,42.38906478881836,42.66942652151443,42.326760861190444,42.53703216071249,14431400
2021-09-17,42.27225112915039,42.412432011148056,42.1009212506761,42.163222214444446,30787600
2021-09-20,42.256675720214844,42.50588849112298,42.061980378216255,42.100921823268095,20440500
2021-09-21,42.07755661010742,42.55261372271471,42.0619806261579,42.280041430636025,16906900
2021-09-22,42.10092544555664,42.3579217742824,42.06977347516097,42.16322641553257,15907900
2021-09-23,42.38127899169922,42.52924934725387,42.06197876192371,42.20994911747837,14714100
2021-09-24,42.342342376708984,42.498099245319466,42.24888944386877,42.33455587014529,12663900
2021-09-27,42.42022705078125,42.56040795116031,42.35013660059172,42.40465106509296,13118200
2021-09-28,42.17879867553711,42.59155184897183,42.07755626610052,42.40464598473598,19528200
2021-09-29,42.35012435913086,42.56818215410542,42.12427708815598,42.12427708815598,14823000
2021-09-30,42.06197738647461,42.451368042775606,42.054190880507164,42.44358153680816,18736600
2021-10-01,42.28782653808594,42.49031135191521,41.991888794466654,42.06976871163756,18618400
2021-10-04,42.44358444213867,42.71615673188139,42.27225159097745,42.40464596800616,18159200
2021-10-05,42.45137405395508,42.68501085747096,42.303406653101675,42.552616470757606,13218200
2021-10-06,42.466949462890625,42.513677417123056,42.061982771988845,42.31898206404424,21339800
2021-10-07,42.474822998046875,42.82943413320744,42.419661132306516,42.58514672952761,18069600
2021-10-08,41.95473861694336,42.53000043173404,41.93897764866312,42.45119559033285,21384600
2021-10-11,41.11941146850586,41.99412537345789,40.96180484494847,41.970482425961684,32088400
2021-10-12,40.44959259033203,41.11941707414495,40.27622498017478,41.11941707414495,42154000
2021-10-13,40.46535110473633,40.51263400072728,40.079217975482244,40.355027353520875,27246900
2021-10-14,40.91452407836914,40.969688954657606,40.31562248510042,40.40230628285826,27764900
2021-10-15,41.190330505371094,41.615867447957264,40.993322995591875,41.04060588013346,27005500
2021-10-18,40.90665054321289,41.22974282851741,40.69388201297378,41.10365810757167,20853500
2021-10-19,41.25338363647461,41.30854551516019,40.914530378207814,40.977574243046725,16094800
2021-10-20,42.246299743652344,42.34874451194303,41.54495334263224,41.60011521645877,30659500
2021-10-21,42.072933197021484,42.49847023963321,41.82076376571752,42.37238552398122,17771100
2021-10-22,41.71043395996094,42.09656703042084,41.67103305568287,42.09656703042084,16074000
2021-10-25,41.434635162353516,41.8444082783822,41.34006936071883,41.74196650242356,15987400
2021-10-26,41.828636169433594,41.8995559875261,41.41886018591036,41.52918391107122,15185200
2021-10-27,41.474029541015625,41.92320650665759,41.3479448314687,41.89956355692614,15007400
2021-10-28,41.60799789428711,41.883810294032905,41.46615220438285,41.56859698177969,18374700
2021-10-29,41.75771713256836,41.80499701558487,41.3006582227666,41.37158105338769,17763200
2021-11-01,41.72620391845703,42.05717519306099,41.663160053143734,41.95473342107231,14177700
2021-11-02,41.4267463684082,41.836522423197735,41.379463475360595,41.805000494499325,16913800
2021-11-03,41.71832275390625,41.82076753400958,41.38735147278366,41.44251335297076,12240000
2021-11-04,40.8593635559082,41.694676627376786,40.347145743502004,41.694676627376786,30807500
2021-11-05,41.16669464111328,41.6079895827997,40.99332705339571,40.99332705339571,17442800
2021-11-08,41.23762893676758,41.308548781173144,40.90665463238908,41.21398598253522,15985200
2021-11-09,41.16669464111328,41.26913639194972,40.96968711183288,41.21397452423892,16014100
2021-11-10,41.45038986206055,41.576474581556596,41.14305854616998,41.30854417686539,16261100
2021-11-11,41.33218765258789,41.56071714897768,41.26126480909095,41.56071714897768,10983700
2021-11-12,41.2454948425293,41.38734049856937,41.20609393942844,41.37945851429147,14378500
2021-11-15,41.292789459228516,41.40311322168716,41.032738013921374,41.32430838700451,14282700
2021-11-16,41.02485656738281,41.46615159068989,41.00909560139372,41.379467780798315,15876100
2021-11-17,40.764801025390625,41.024852428831586,40.67023824509236,40.98544851478544,17679200
2021-11-18,40.378665924072266,40.70175816305108,40.291982127207824,40.583552438945674,19490300
2021-11-19,40.079219818115234,40.441713019087764,39.92949214364191,40.41019108697792,21105200
2021-11-22,40.615081787109375,41.00121494502542,39.913735311382815,40.071338964191085,22751600
2021-11-23,40.78055953979492,41.09577279664736,40.63083489614304,40.63083489614304,21501600
2021-11-24,40.70964050292969,41.06425469842754,40.654478628751875,40.686000558595396,15474500
2021-11-26,40.81996536254883,41.135178657371846,40.26834359965693,40.30774751608239,17048100
2021-11-29,40.70964050292969,40.859365160541365,40.449592096962384,40.670239593673635,18652500
2021-11-30,39.61427688598633,40.47322988891425,39.4330303081699,40.394425068496325,47766200
2021-12-01,39.22025680541992,40.126489579045575,39.1966168653546,39.795518393746505,26295500
2021-12-02,39.976776123046875,40.32350836734245,39.228146748723006,39.26755066797452,27364400
2021-12-03,40.520511627197266,40.575676507059576,39.81128624759756,39.866448121363206,24711700
2021-12-06,40.244693756103516,40.922400069016774,40.15800997104307,40.69387063678397,22433100
2021-12-07,40.024051666259766,40.197416253495476,39.50395189235978,40.18953727475149,27754700
2021-12-08,39.78764343261719,40.07133176032993,39.51971306247478,39.96889000564052,20452700
2021-12-09,39.527591705322266,39.71672026161984,39.29906224324082,39.71672026161984,23628300
2021-12-10,39.551239013671875,39.66156577894917,39.39363536118398,39.66156577894917,18498700
2021-12-13,39.62215805053711,39.82704758882888,39.15722010576325,39.48031237205718,27618800
2021-12-14,39.91373062133789,40.30774571925397,39.54335546734585,39.69308012235918,31555900
2021-12-15,39.834930419921875,40.22106658336338,39.77976854030123,40.05558094450144,24115700
2021-12-16,41.56859588623047,41.70255958644444,39.83492872672281,39.921612535612724,40091300
2021-12-17,41.899566650390625,41.938970567486734,41.26126407635039,41.80500386277296,54501100
2021-12-20,41.83652114868164,42.03352868790012,41.52130788349346,41.55282981123158,23418000
2021-12-21,41.59223556518555,42.02565460685583,41.48979379724242,41.97048972383675,23905300
2021-12-22,41.584354400634766,41.68679916929252,41.02485367490579,41.43462974344011,16486500
2021-12-23,41.513431549072266,41.836523813728164,41.5055495635874,41.6473952413482,14921400
2021-12-27,41.513431549072266,41.62375529708696,41.332184962177166,41.521310528460454,19705800
2021-12-28,41.544952392578125,41.836522719864476,41.45826859109112,41.474029555552086,12126500
2021-12-29,41.261253356933594,41.67102933828197,41.245492395409116,41.58434555294535,15109500
2021-12-30,41.1745719909668,41.42674137798359,41.040608319281226,41.27701674384743,15615500
2021-12-31,40.94605255126953,41.22186495241532,40.88301169215706,41.13518114080084,15911400
2022-01-03,41.32429885864258,41.41886463845722,40.961805720975555,41.03272855278835,18240100
2022-01-04,42.1359748840332,42.32510044470551,41.41098555186512,41.48190838864138,26376800
2022-01-05,42.56938934326172,43.05796719776294,42.167492280708665,42.42754367484258,28697300
2022-01-06,42.36449432373047,42.9870387870214,42.28569252087424,42.93187692380282,21563800
2022-01-07,43.257720947265625,43.35342301490589,42.476144427542785,42.476144427542785,26512500
2022-01-10,42.962646484375,43.728272361464086,42.914796958648296,43.457113893858825,24929400
2022-01-11,42.73933792114258,43.130126263338695,42.39640214400553,43.00251942318117,18598500
2022-01-12,42.62769317626953,42.79517262271333,42.340583815328664,42.579840602007685,12778300
2022-01-13,42.68351364135742,43.090249817142976,42.41235517672883,42.68351364135742,18178200
2022-01-14,42.49211120605469,42.82707313181657,42.33260871430762,42.73934493596667,18695800
2022-01-18,42.61174011230469,42.72339307082063,41.93384541142079,42.34855553096145,21570300
2022-01-19,42.667564392089844,42.81111905772879,42.165123062353544,42.64363962858828,18374200
2022-01-20,42.58781814575195,43.01847915085023,42.332610497428846,42.65959548698752,24297100
2022-01-21,42.39640808105469,42.986577630170494,42.324630744571884,42.850996864674116,25294800
2022-01-24,42.23689651489258,42.83503988599881,41.63077923745665,42.35652640603963,32500600
2022-01-25,42.189048767089844,42.9466946351787,41.678630513396115,42.37247904353454,32075900
2022-01-26,40.689697265625,42.15714235589866,40.52221786349672,41.96573515181326,41504700
2022-01-27,40.825279235839844,41.52710166790565,40.522222107576,40.601973342947616,35339600
2022-01-28,42.189048767089844,42.21297352939992,40.82527951143771,41.024660643527326,29490800
2022-01-31,42.452232360839844,42.52400969360387,41.638756936952454,41.8859906480985,25182400
2022-02-01,42.428306579589844,42.7473145735328,41.638755938125215,42.58781209771868,33045600
2022-02-02,42.90681838989258,43.28962979282989,42.50805613154355,42.71541420958122,24160200
2022-02-03,42.89884567260742,43.52091383933652,42.827068342422166,43.066325095601464,21219800
2022-02-04,42.51603698730469,42.93075013917439,42.45223355979479,42.68351642104586,16199800
2022-02-07,42.268802642822266,42.55591197773256,41.87801426090218,42.45223293072277,15438900
2022-02-08,42.12525177001953,42.404384180596175,41.933847557714145,42.276780358287546,13911700
2022-02-09,42.667564392089844,42.795168201289485,42.17310001173059,42.388432010189,16449300
2022-02-10,42.30070495605469,42.69946725079355,42.18905200029818,42.53996172443503,18644400
2022-02-11,42.52400588989258,42.63565883257947,42.02954155414439,42.22892267817514,18833100
2022-02-14,42.48412322998047,42.627677858867415,41.870029104700514,42.4681723776248,16081700
2022-02-15,42.555904388427734,42.739334643615784,42.38842498703616,42.5080518270383,12824100
2022-02-16,42.58781814575195,42.906826184998266,42.340584405426064,42.42033565465886,17277700
2022-02-17,42.731361389160156,42.739335295022784,42.0933393968339,42.34854697683867,17462500
2022-02-18,42.930747985839844,43.034423986870905,42.492107049497996,42.71541599226695,20298500
2022-02-22,42.986568450927734,43.090244437463674,42.73933477976619,43.06631967784988,19858400
2022-02-23,42.59578323364258,43.01049633687374,42.46020552955723,42.98657157552092,17841900
2022-02-24,41.94181823730469,42.39640700943384,41.23999574746948,42.244878432829076,30079700
2022-02-25,43.16202926635742,43.49699117078623,42.33260601822597,42.33260601822597,31444200
2022-02-28,42.803138732910156,43.146074513524404,42.5878097937473,42.906817770432134,30593900
2022-03-01,42.75529098510742,43.21785363531859,42.47615557131313,42.66756279912392,24693100
2022-03-02,43.177978515625,43.39331050853148,42.69148805487124,42.80314100475282,20712900
2022-03-03,43.592689514160156,43.983477861954704,43.20987811514699,43.36938362531445,27577700
2022-03-04,43.95158386230469,44.174889790327086,43.27368608574154,43.40926685798021,26913800
2022-03-07,43.608642578125,44.05525742075139,43.4650879159349,43.66446905316396,24962800
2022-03-08,42.46818161010742,44.135008014713144,42.4203290426374,43.831947838699016,36526700
2022-03-09,42.33259963989258,42.91479212845266,42.276770128970696,42.84301480562666,23049800
2022-03-10,42.452232360839844,42.539960550030855,42.0933456970197,42.26880207540172,17501800
2022-03-11,42.30070495605469,42.73136896452823,42.27677714959624,42.55591258130237,20838500
2022-03-14,41.870033264160156,42.80313540230771,41.82218070233939,42.61173123965328,23124100
2022-03-15,42.077392578125,42.26879980264219,41.63875469806994,42.0215661047897,20477600
2022-03-16,41.86206817626953,42.26880438932179,41.43140415610954,42.16512533802809,28500700
2022-03-17,41.75837707519531,41.90193170715791,41.47126781127011,41.85407914906568,22931500
2022-03-18,40.514244079589844,41.702556925790894,40.514244079589844,41.566976178492666,70390600
2022-03-21,40.75350570678711,41.31975048305282,40.64982969960056,40.968837713144794,39892800
2022-03-22,40.67375183105469,41.040612391924356,40.63387621223228,40.825280399505715,28676600
2022-03-23,40.64982604980469,41.04061136371433,40.64184910085124,40.713626429859175,25988800
2022-03-24,40.67375183105469,40.825280399505715,40.61792535624038,40.705653543038494,21087300
2022-03-25,40.897056579589844,41.04061123716307,40.64982592445844,40.72160325324505,18765800
2022-03-28,40.809329986572266,40.98478636207339,40.63387665338587,40.96086159898314,21688600
2022-03-29,40.873130798339844,40.94490812533683,40.64184796220351,40.92895727019144,28193400
2022-03-30,41.16023635864258,41.17618721233563,40.73754938387676,40.84920231741383,23821200
2022-03-31,40.62590026855469,41.27189626179877,40.617926361518734,41.200118929216096,31027600
2022-04-01,41.566978454589844,41.62280492938292,40.530197154028045,40.689702671571716,30550300
2022-04-04,41.838130950927734,41.870032658346666,41.18416116041108,41.48722129626235,25793000
2022-04-05,42.093345642089844,42.18905078052685,41.57495649930592,41.63078297557011,23150600
2022-04-06,42.428306579589844,42.61173686062786,41.925865262294174,42.11727249251172,28661700
2022-04-07,42.51709747314453,42.76734161712086,42.00854126348857,42.33950773552982,22790600
2022-04-08,43.21131896972656,43.332405536670514,42.379867320079974,42.565531131197204,24852200
2022-04-11,43.5099983215332,44.15578615968419,43.356621592912816,43.48577916054301,33614900
2022-04-12,43.32433319091797,43.63108358125905,43.12252429083873,43.485780926853245,21136400
2022-04-13,43.703739166259766,43.889403002897666,43.259760158703074,43.259760158703074,19798000
2022-04-14,43.453495025634766,43.74409726299497,43.413130781032955,43.59072360333045,16915100
2022-04-18,43.09831237792969,43.81675163902232,42.96108379069165,43.39698871672286,14394300
2022-04-19,43.388912200927734,43.51806976988635,43.15481314489044,43.25168363112891,12890000
2022-04-20,43.921688079833984,43.98626840476054,43.34855155322804,43.39698371756357,19563400
2022-04-21,44.406028747558594,44.80964654525425,43.97012386636044,44.083136357017715,32821100
2022-04-22,41.90360641479492,43.21940151043681,41.54034972221159,43.13867609021834,44958400
2022-04-25,40.587806701660156,41.52419991414576,39.99045405680118,41.44347758247062,46028400
2022-04-26,39.885520935058594,40.88649468650024,39.853230763866236,40.57167013641506,29507700
2022-04-27,39.1186408996582,39.96623776048125,39.08635073292823,39.96623776048125,30582000
2022-04-28,39.0702018737793,39.69177053779372,38.98947647111822,39.3042978430983,33011700
2022-04-29,37.37501525878906,38.908764442193046,37.27007374724415,38.87647427258537,41014200
2022-05-02,37.318504333496094,37.98851141192415,36.769583836270115,37.544529333756316,33309400
2022-05-03,38.07730484008789,38.27104275460682,37.18127583859695,37.44766200678083,33263100
2022-05-04,39.045982360839844,39.08634352212643,37.94007052891958,38.13380841419807,29564600
2022-05-05,38.6181526184082,39.013699431576086,38.271041051554626,38.77152627936415,20664300
2022-05-06,38.965267181396484,39.10249577079951,38.359840413033005,38.42441766705802,19322000
2022-05-09,39.247798919677734,39.44153684283249,38.54550472204139,38.8522551506365,24391300
2022-05-10,38.85225296020508,39.90972969808641,38.56164763153674,39.47382478444354,23007300
2022-05-11,38.650447845458984,39.16707822304695,38.440564829963904,38.89261795003335,20133200
2022-05-12,38.79574966430664,38.892617088117674,38.27104521655709,38.593940735073716,21623900
2022-05-13,38.89261245727539,39.11056644441892,38.432488399758896,38.94911870438377,21080500
2022-05-16,39.58683395385742,39.71599152469548,38.553570307793564,38.73116312245566,22754700
2022-05-17,39.50611114501953,39.72406513751916,39.17514465552592,39.514185225867436,22043100
2022-05-18,39.46574783325195,39.925871877060516,39.25586793301062,39.51418307762738,22365100
2022-05-19,39.63526916503906,39.699849495102,38.85225267886349,39.118638841974054,23186400
2022-05-20,39.98237228393555,40.038878521109,39.48995814911633,39.586828623721374,24181800
2022-05-23,40.095394134521484,40.5797373827326,39.95816554911214,40.19226463177952,16761800
2022-05-24,40.91069412231445,41.023706596125216,39.44152580405667,40.11152964708858,25414700
2022-05-25,41.362754821777344,41.3869709051568,40.67660269221724,40.765399103754625,19831500
2022-05-26,41.160945892333984,41.66143111784027,41.09636556421212,41.41926104610236,15500400
2022-05-27,41.49191665649414,41.51613274235857,40.789619372827175,40.96721221412593,13347300
2022-05-31,41.403114318847656,41.62106829855886,41.0479286870104,41.37889515708458,25016600
2022-06-01,41.49191665649414,41.67758049996109,41.209382310849776,41.524203744526766,15358100
2022-06-02,41.403114318847656,41.64528438096252,40.67660105314364,41.612994218184696,13527800
2022-06-03,41.015647888183594,41.37083049508403,40.91877738500721,41.12058631425152,10819800
2022-06-06,41.362754821777344,41.4515481539552,40.9429919268294,41.11251066920467,12898100
2022-06-07,41.693721771240234,41.73408293711033,41.112511128760225,41.29010395382013,15383000
2022-06-08,41.612998962402344,41.94396547020938,41.52420254431952,41.758301632108825,13249700
2022-06-09,41.12058639526367,41.790593519767526,41.104441311369136,41.66950693023843,12078400
2022-06-10,41.02370834350586,41.49190641707472,40.74117714694471,40.88647978499304,19868500
2022-06-13,40.030818939208984,40.999502406043675,39.877445263042766,40.8622707342235,23762500
2022-06-14,39.68369674682617,40.232617128886865,39.47381687338369,40.03080825546335,20278700
2022-06-15,39.67563247680664,40.22455295197825,39.231650416476995,39.740209725989416,22005600
2022-06-16,39.425392150878906,39.53033365527005,38.755385034313726,39.16707697034675,22029300
2022-06-17,39.578765869140625,39.950096635990654,39.17514801420961,39.2397283490913,36469500
2022-06-21,40.8864860534668,41.09636596318133,39.732138851638,39.804790181800634,34258500
2022-06-22,40.9995002746582,41.306247611044185,40.53130210960641,40.571663277093016,23650600
2022-06-23,42.04890441894531,42.12155574938826,41.19323353587947,41.19323353587947,21736400
2022-06-24,41.136722564697266,42.09733483241524,40.8219011953763,42.00046435004016,28490700
2022-06-27,41.136722564697266,41.564559496789165,40.886481516959684,41.40311177218992,16974900
2022-06-28,40.73310470581055,41.411182684190614,40.708888624948145,41.225518879074066,16615700
2022-06-29,41.12058639526367,41.169021646947286,40.62010111197253,40.74925870376895,13901400
2022-06-30,40.96721267700195,41.34661444975063,40.733113579801284,40.90263234148733,18880500
2022-07-01,41.685646057128906,41.790587547767004,40.82997828851508,41.136725600596534,14189300
2022-07-05,41.50806427001953,41.540354441775534,40.749263709915056,41.50806427001953,19675600
2022-07-06,41.58070755004883,41.887457963500125,41.2739602159572,41.50805621737246,14938900
2022-07-07,41.449928283691406,41.736017221426984,41.1638424640574,41.654276188601855,13617100
2022-07-08,41.27010726928711,41.62158282281306,41.20471443823925,41.294628021879156,13959200
2022-07-11,41.27827072143555,41.47444605326429,41.082095389606806,41.172008953440766,12259000
2022-07-12,41.507144927978516,41.981233558124266,41.09844912327419,41.4008862637885,20528700
2022-07-13,41.28644561767578,41.76053421105796,41.03305623399337,41.22922845890225,13362500
2022-07-14,41.27010726928711,41.32732443740309,40.648887846739626,40.804191143325596,10271700
2022-07-15,41.70330810546875,41.719656307054116,41.15565426571129,41.68695990388339,13021300
2022-07-18,41.098445892333984,41.825923868621004,41.008532323471314,41.736013417859624,16173100
2022-07-19,41.237403869628906,41.32731743804069,41.06575239435256,41.261924618068015,14638500
2022-07-20,40.109397888183594,41.31913685054491,40.06035327905105,41.25374715646908,29611400
2022-07-21,38.956886291503906,39.13671345403775,38.15584284091943,38.93236553955901,32321000
2022-07-22,36.33305740356445,37.74714450361732,35.77723086366949,37.55914480896189,58265000
2022-07-25,36.58644485473633,36.61914126548164,36.00609759546319,36.275838306959955,27180700
2022-07-26,36.71723175048828,36.9215796648203,36.185929044086066,36.373928751099314,20571800
2022-07-27,36.70905303955078,36.85618376260319,36.33305368868406,36.627315134788866,21560500
2022-07-28,37.2321891784668,37.371147380919304,36.57827647954774,36.65184185305749,22051900
2022-07-29,37.75532150268555,38.008714052217,37.256715184862045,37.362973860834884,23129800
2022-08-01,37.81252670288086,38.00870202075885,37.53461348811256,37.837050566428665,18612100
2022-08-02,37.0605354309082,37.95149240353126,37.036014680593375,37.804361665439274,18710300
2022-08-03,37.05236053466797,37.28122917134795,36.92975055467437,37.158619191354354,17314100
2022-08-04,36.316707611083984,36.96244769806645,36.259490450779346,36.96244769806645,29704300
2022-08-05,36.74175262451172,36.76627337443953,36.259491461288754,36.35757757910147,17297500
2022-08-08,36.4066162109375,36.790788075079206,36.25130983866019,36.741746583287174,20597000
2022-08-09,36.521053314208984,36.66000837573459,36.28400902538169,36.463836157333596,14554000
2022-08-10,36.65183639526367,36.831663529976645,36.49653312680326,36.7907914589228,16402700
2022-08-11,36.6027946472168,36.995142238868745,36.57010135315525,36.74992538384897,15407300
2022-08-12,36.90522384643555,36.99513428339723,36.62731063901547,36.741744938876536,15090900
2022-08-15,37.2403564453125,37.305746141411475,36.7335714895657,36.80713684649017,15713600
2022-08-16,37.4365348815918,37.64088278282112,37.093231904215266,37.19131802373691,14112800
2022-08-17,37.0605354309082,37.37114511333591,36.99514260593331,37.1341007999542,11294400
2022-08-18,36.12052917480469,36.39844240885412,35.891660553152605,36.308528845176205,25957400
2022-08-19,36.30853271484375,36.36575299445627,35.932533334027696,36.04696765704985,19485400
2022-08-22,36.104183197021484,36.34940315602852,36.038793494560565,36.29218599708723,15031400
2022-08-23,35.532005310058594,36.07148351167677,35.49113324540055,35.965221756147216,19014200
2022-08-24,35.59739685058594,35.662789662956044,35.327659294811546,35.59739685058594,17384400
2022-08-25,35.752716064453125,35.81810578221243,35.491147839109814,35.67915068316014,14327600
2022-08-26,35.35218811035156,35.72001496864607,35.34401556599018,35.630101390162785,16795700
2022-08-29,35.41757583618164,35.613748053614756,35.16418334405426,35.16418334405426,15039500
2022-08-30,34.76365661621094,35.45844120449216,34.73913587103542,35.45844120449216,20705100
2022-08-31,34.175148010253906,34.812712536796035,34.134275930879156,34.71462640612076,28368200
2022-09-01,34.175148010253906,34.37132027160447,34.03618980020388,34.03618980020388,21641700
2022-09-02,33.75826644897461,34.50209254788402,33.63565960165384,34.33044109077437,21155700
2022-09-06,33.594791412353516,34.07705255092575,33.586618868829134,33.79913929957732,23898600
2022-09-07,33.57844161987305,34.04435448800568,33.51304880843646,33.627483110349615,25548300
2022-09-08,33.774620056152344,34.10157793752265,33.27601069020829,33.51305499829668,28753200
2022-09-09,34.52661895751953,34.592008657291686,33.897227116944045,34.068878586709765,20259500
2022-09-12,34.95166015625,35.025225518054015,34.66557437040173,34.81270509400976,18553200
2022-09-13,34.126102447509766,34.829059787240986,33.97897169649152,34.657408283753625,21284500
2022-09-14,33.741920471191406,34.273226198927006,33.49670364227541,34.126095477957186,23152200
2022-09-15,33.537574768066406,33.73375011477646,33.2760097178539,33.537574768066406,22763400
2022-09-16,33.71739959716797,33.95444388207415,33.235138484266244,33.49670351654164,45069300
2022-09-19,33.709228515625,33.7174010590687,33.25966067368973,33.56209778882823,18960900
2022-09-20,33.17792892456055,33.50488684881372,33.07984279452534,33.50488684881372,15561200
2022-09-21,32.27061080932617,33.4313081723942,32.26243826761681,33.259653615491466,25612100
2022-09-22,32.63844680786133,33.02262185730555,32.090792814945,32.26244742054653,19806400
2022-09-23,32.30331039428711,32.58939615380383,31.96818002538141,32.33600680054643,19439700
2022-09-26,31.821060180664062,32.18888708142413,31.57584328619135,32.066277075136774,21345700
2022-09-27,31.78835105895996,32.450439215723165,31.69843750603031,32.04174351557074,20357700
2022-09-28,32.197052001953125,32.295138112893454,31.886442346190623,31.927314417341904,20567400
2022-09-29,31.584012985229492,32.041753433603,31.428709693616085,31.9681880600805,17806900
2022-09-30,31.036359786987305,31.706620643863648,31.020011580953557,31.502272745593995,23523600
2022-10-03,32.00905227661133,32.180703750031086,31.379660422637638,31.469573990076913,21495300
2022-10-04,32.54036331176758,32.57305660861587,32.08262285677216,32.286970773057334,25922500
2022-10-05,32.205223083496094,32.385047074963595,31.772003512090706,32.15617847594997,17797900
2022-10-06,31.451356887817383,32.96408045300797,31.3931754561293,32.80615987709035,36663300
2022-10-07,30.628498077392578,31.33499182357647,30.59525381208452,31.276810395974856,31838700
2022-10-10,30.437335968017578,31.019153527299526,30.229544209034785,30.861232931906827,21622200
2022-10-11,29.87213706970215,30.49551224105307,29.86382679583684,30.387462827553637,27708900
2022-10-12,29.656034469604492,30.088241626772383,29.5895395974325,29.83889219742745,23336800
2022-10-13,30.254480361938477,30.412400952037228,29.1240927236618,29.19058443556898,33118100
2022-10-14,30.237855911254883,30.67837340028722,30.20460847077874,30.58694452430305,26019000
2022-10-17,30.902788162231445,31.002527310733086,30.412399523677035,30.52045211743319,21962900
2022-10-18,30.811359405517578,31.33499548578085,30.611881107755632,31.310058320572825,27488600
2022-10-19,30.395774841308594,31.060707761347764,30.387464566967594,30.395774841308594,29563600
2022-10-20,30.753175735473633,31.19369318410345,30.3791499910473,30.39577370976071,35523700
2022-10-21,29.381755828857422,29.672666217358024,28.71682278045028,29.523055885135058,51671100
2022-10-24,29.897079467773438,30.24616810294563,29.564611383242234,29.639416543729222,28844800
2022-10-25,30.27941131591797,30.32096902801668,29.75577526565369,29.847204134660966,25496500
2022-10-26,30.27941131591797,30.512137040190897,30.088243303743752,30.23785360381926,20328200
2022-10-27,30.07162094116211,30.52045186163327,30.03006322718893,30.49551469672909,20268000
2022-10-28,31.310056686401367,31.617590732929617,30.39577433296926,30.586942346117784,31824300
2022-10-31,31.060705184936523,31.202005202215123,30.76979804737765,31.177068039960076,26630600
2022-11-01,31.060705184936523,31.659146348657647,31.00252375742475,31.567717485239143,22968900
2022-11-02,31.343311309814453,31.8752577588957,30.886170028300942,30.960975195868677,30648900
2022-11-03,30.877857208251953,31.202011850788942,30.852920040683255,31.05240152797946,22329800
2022-11-04,30.952659606933594,31.060709031034705,30.586944107974784,31.044085311022904,17599400
2022-11-07,30.911096572875977,31.127201747357002,30.73655228086065,31.019149160116488,19697600
2022-11-08,31.476285934448242,31.576028233652664,30.88615826541254,30.919405698480677,17392700
2022-11-09,31.268505096435547,31.69240208869196,31.243571098297227,31.517854589771233,17574600
2022-11-10,32.01655197143555,32.041485965854655,31.434734460003547,31.83369422396111,23049000
2022-11-11,31.833690643310547,32.157845216899545,31.42642065057309,32.0414823618317,22981000
2022-11-14,31.842010498046875,32.407204339861195,31.833697052068363,31.958373376540884,23028500
2022-11-15,31.33499526977539,32.27421482966039,31.135513802738178,31.99161793423704,25074100
2022-11-16,31.48461151123047,31.642532123187234,31.276819730452694,31.301753729537722,18962200
2022-11-17,31.717329025268555,31.7339527438766,30.994214704394345,31.210316704998665,18780400
2022-11-18,32.04148483276367,32.224342573771665,31.825382823922613,31.825382823922613,17821700
2022-11-21,32.09966278076172,32.5235596487896,32.01654736422483,32.08303906332436,19184200
2022-11-22,32.58174514770508,32.68148429414822,32.28252453772534,32.28252453772534,19809500
2022-11-23,32.34901809692383,32.5817470128139,32.09135835630871,32.44044697416809,14170000
2022-11-25,32.432132720947266,32.71472959292343,32.390575010202255,32.49862442400926,7725700
2022-11-28,31.78382682800293,32.49031749535938,31.692397952560242,32.423822614800905,21560900
2022-11-29,31.866941452026367,31.89187544627992,31.54278684412885,31.600968277820698,14008800
2022-11-30,32.398887634277344,32.53187422069815,31.709020708047657,31.758888696299007,31358800
2022-12-01,31.858633041381836,32.606681448606,31.426425815348747,32.56512373220196,26276600
2022-12-02,31.73395538330078,31.833694532594574,31.33499561547523,31.526163639392657,21677100
2022-12-05,30.811359405517578,31.67577381755369,30.670062542157062,31.56772122338658,27561000
2022-12-06,30.66175079345703,30.811361110381966,30.44564876381576,30.744869397665635,26293700
2022-12-07,30.89447593688965,31.0108419804952,30.47889243596415,30.537077043092168,23065900
2022-12-08,30.836292266845703,30.95265830202251,30.645124250744914,30.844605711826322,19549100
2022-12-09,31.085651397705078,31.276819453851893,30.71993583755384,30.927727616493982,20671200
2022-12-12,31.542789459228516,31.551099734451896,30.985905899744065,31.32668425561344,19629600
2022-12-13,31.467979431152344,32.099664881869906,31.451355712626867,31.90849687480209,30176800
2022-12-14,31.1272029876709,31.659149329666345,30.952658688700573,31.47629158561155,23329800
2022-12-15,31.393177032470703,31.86694195466288,31.30174815789846,31.37655331248935,33007200
2022-12-16,30.85291862487793,31.22694441473802,30.478892835017838,31.17707325253983,62763800
2022-12-19,30.778114318847656,31.143829843789693,30.404091689285107,31.02746696609018,26127200
2022-12-20,30.744869232177734,30.927723819151325,30.437335154237065,30.744869232177734,24147300
2022-12-21,31.401487350463867,31.459668785153685,30.95265959294962,30.97759358763086,24504300
2022-12-22,31.842010498046875,31.850320773374744,31.060711449900264,31.318374374173178,26865300
2022-12-23,31.925119400024414,32.03317198107615,31.517846237998643,31.842003981153844,16918300
2022-12-27,32.6233024597168,32.747978769224225,31.85031695033136,31.991616979149796,25315900
2022-12-28,32.257591247558594,32.96408190380774,32.07473349954807,32.57343241329448,21793200
2022-12-29,32.63160705566406,32.85602247133567,32.257584533527755,32.33238967208496,17347000
2022-12-30,32.74798583984375,32.98902189526982,32.47369916796626,32.67318067211816,44007200
2023-01-03,33.34642028808594,33.43784916850433,32.73135846269956,33.05551309643705,31330700
2023-01-04,34.1859016418457,34.426937676563504,33.46278402574028,33.69551295569807,28779500
2023-01-05,34.659664154052734,34.86745590177409,33.928236314291425,34.24408065861002,29987200
2023-01-06,35.066932678222656,35.391090453909904,34.809272951475506,34.84251721997009,26010400
2023-01-09,34.92593765258789,35.179207048766806,34.87528570564917,34.93438179074108,23062200
2023-01-10,35.41560363769531,35.44092961762072,34.757099175171554,34.917505636021566,16695300
2023-01-11,34.76554489135742,35.60977861242876,34.630467624805846,35.57600849066685,20674800
2023-01-12,35.29741287231445,35.41560507743238,34.71488954638173,34.93439211631164,16980300
2023-01-13,35.33962631225586,35.390278277603095,34.92595034577457,35.16233799254799,17229800
2023-01-17,34.486942291259766,35.39027201232317,34.436290334879644,35.3311759162159,28697000
2023-01-18,33.7440299987793,34.49539765417072,33.61739362563606,34.49539765417072,22976500
2023-01-19,33.820003509521484,34.005732735386275,33.32190549286879,33.52451977935693,24812600
2023-01-20,33.769351959228516,33.87065911336722,33.3134649348598,33.803122084106874,23377900
2023-01-23,33.45698165893555,34.05638679915328,33.279690138459046,33.76090629918564,34249300
2023-01-24,34.123924255371094,34.38563785904392,32.42701595293285,32.663400355930264,32143900
2023-01-25,34.047950744628906,34.68956701645456,33.69337087350434,34.22523906994301,26527000
2023-01-26,33.997291564941406,34.25056103143432,33.7102519774505,34.090157787437875,19568100
2023-01-27,34.30965805053711,34.34342817243827,33.57517561191528,33.955081432063146,17254000
2023-01-30,34.65578842163086,34.833076703615774,34.360307951656,34.478500139645945,22272600
2023-01-31,35.09479904174805,35.10324318328217,34.62202695122532,34.681126280475006,18665200
2023-02-01,35.19609832763672,35.45781190824267,34.72332956331071,35.44937098909213,19542000
2023-02-02,35.314300537109375,35.3987226268484,34.78243235436394,35.238319368145746,18443800
2023-02-03,35.04413604736328,35.43248595901167,34.73177051060963,35.27207951056049,18314400
2023-02-06,34.8499641418457,35.1116777334782,34.52915767267842,35.04413749544563,15530700
2023-02-07,34.23367691040039,34.790871040174125,33.870656150949735,34.60514181058027,21668500
2023-02-08,34.20834732055664,34.360309632691305,33.87065257792501,34.21678823989935,14080200
2023-02-09,33.608943939208984,34.32654127856289,33.558288759062066,34.292771158464944,17485700
2023-02-10,33.77778625488281,33.828441432264626,33.53296094877671,33.769345335567046,15398500
2023-02-13,34.03950500488281,34.166141357301996,33.668043309214085,33.77779137944807,14486000
2023-02-14,34.047950744628906,34.25900919490656,33.69337087350434,34.157698820015895,12292400
2023-02-15,34.09015655517578,34.10704161506443,33.853768937230605,33.96352021625887,11265200
2023-02-16,33.6342658996582,33.94663142199602,33.51607371393555,33.81999831750554,16625900
2023-02-17,33.955081939697266,34.098600129178706,33.482309887501216,33.634272217832226,15029200
2023-02-21,33.09395980834961,33.752461026467365,33.06018968934465,33.684924008953246,17805500
2023-02-22,33.161495208740234,33.423208787522505,32.9504368059952,33.24592050213563,15086800
2023-02-23,32.528324127197266,33.195269537402254,32.519883207034695,33.026422149686354,16738200
2023-02-24,32.70561599731445,32.72249783781599,32.156862786627826,32.27505499311514,16431500
2023-02-27,32.82380294799805,33.0517464042232,32.61274455006685,32.916669158367064,14210900
2023-02-28,32.76470947265625,32.89978672930729,32.54520691778843,32.6718432548657,16685300
2023-03-01,32.334144592285156,32.6802802218705,32.20751149101956,32.6802802218705,18411700
2023-03-02,32.42701721191406,32.46922825401731,32.03022633105214,32.165303598080186,18818900
2023-03-03,32.300384521484375,32.51144297638834,32.131540333958355,32.45234686665495,23407500
2023-03-06,32.207523345947266,32.6127552160465,32.1230980268662,32.39325260693236,22925600
2023-03-07,32.00489807128906,32.20751556765374,31.599666299055546,32.165301308059874,23713500
2023-03-08,31.684091567993164,31.920479207639982,31.53212923554027,31.9120350666725,20295600
2023-03-09,30.856740951538086,31.78539994964144,30.831414971211185,31.74318568843531,26506900
2023-03-10,30.966495513916016,31.169109818985145,30.738552005341013,30.93272538957239,23940700
2023-03-13,30.848302841186523,31.51524829483719,30.72166648702633,30.848302841186523,21834500
2023-03-14,31.13534164428711,31.185993608238775,30.814531917109775,30.94960918847452,22433200
2023-03-15,31.287302017211914,31.456146180468842,30.831415047227846,30.974933230095434,21722200
2023-03-16,30.882070541381836,31.135340009329195,30.763875117210127,31.084684827541317,29164400
2023-03-17,31.05936050415039,31.093130627144202,30.527492338734486,30.8567429866837,47352500
2023-03-20,31.599666595458984,31.836050993021846,31.177549759527654,31.202875739124853,19247800
2023-03-21,31.86138153076172,31.886707511422188,31.540571820246406,31.84449647015607,16648100
2023-03-22,31.49835777282715,32.03866677865765,31.481472713832982,31.903589527200023,15321800
2023-03-23,31.54901123046875,31.768513787341508,31.37172293333789,31.489915131425132,15799000
2023-03-24,31.793838500976562,31.827608619227238,31.447702840146455,31.68408722690973,14957700
2023-03-27,32.12308883666992,32.26661022779893,31.827608355662708,32.07243688020909,14472800
2023-03-28,32.08087921142578,32.342592806476446,32.013338972511086,32.09776427115445,13092600
2023-03-29,32.486106872558594,32.511432848698874,32.2159523920775,32.34258871376977,12308900
2023-03-30,32.63807678222656,32.71405794886312,32.45234432589359,32.54521055406008,13918700
2023-03-31,32.832244873046875,32.96732212304248,32.54520531424425,32.7478227994855,22801500
2023-04-03,33.1108512878418,33.414775976823975,32.94200388057432,32.96732986449069,19354900
2023-04-04,33.4738655090332,33.4738655090332,33.10240064193437,33.169940879768994,18577100
2023-04-05,33.86221694946289,33.97196824104088,33.406329941827785,33.54140721588675,23561300
2023-04-06,33.8819465637207,34.139407511975485,33.607321115743126,33.8991110634435,21546600
2023-04-10,33.770381927490234,33.770381927490234,33.46143072664296,33.65023369263954,16114300
2023-04-11,33.85620880126953,34.07076018369356,33.701731544020696,33.7532250543684,12539700
2023-04-12,33.64165496826172,34.01068358105316,33.555832457267165,33.78754832626138,13095200
2023-04-13,33.74463653564453,33.74463653564453,33.401353061350314,33.63306891542984,13515800
2023-04-14,33.65882110595703,33.83045958869802,33.37561171660483,33.787549968012776,11008400
2023-04-17,33.86478805541992,33.90769767542177,33.590162558855084,33.65882056989337,11572900
2023-04-18,33.418521881103516,33.89053753770487,33.38419614827327,33.87337303439262,16588500
2023-04-19,33.126731872558594,33.46143477645794,33.058077133103474,33.4013573779676,17701200
2023-04-20,31.916662216186523,32.440168108931466,31.736439842098868,32.3200198595397,31521300
2023-04-21,32.028228759765625,32.12263188787021,31.796512883634584,32.12263188787021,23823800
2023-04-24,31.83941650390625,32.17411933333312,31.736432780740653,31.91665511472883,20362500
2023-04-25,32.01105499267578,32.0625484859557,31.384565556506107,31.50471376703273,24959400
2023-04-26,31.684946060180664,32.131213321086705,31.59912681815014,31.83942331487099,21499300
2023-04-27,33.289791107177734,33.306955609505295,31.865170151931107,31.925244273180525,28841000
2023-04-28,33.32412338256836,33.470016755980815,33.006584969033504,33.092407489094704,19197500
2023-05-01,33.221126556396484,33.624484097185025,33.19538144487158,33.61590021081443,17043500
2023-05-02,32.3286018371582,33.049494637693385,32.174127848424035,33.01516890341601,17268700
2023-05-03,32.594642639160156,32.86926812160221,32.277107538922905,32.57747813728328,16703200
2023-05-04,32.05397033691406,32.57747615400951,32.002480108212076,32.491656923643674,16163100
2023-05-05,32.46591567993164,32.4744962944737,31.890916291788063,32.199870796009186,15817400
2023-05-08,32.46591567993164,32.534570417650684,32.13121278449597,32.337183545241444,10672400
2023-05-09,32.242774963378906,32.45732630238132,32.12262673734453,32.45732630238132,12226800
2023-05-10,32.29426956176758,32.465911293566485,32.00247959984756,32.44874679300722,14427500
2023-05-11,32.268524169921875,32.30285317422759,32.02822768736993,32.10546631016077,11068700
2023-05-12,32.25994110107422,32.388673220528375,32.10546386724675,32.302850716294344,10670700
2023-05-15,31.556215286254883,32.294272508683726,31.513305667838,32.294272508683726,20408700
2023-05-16,30.93830680847168,31.564796414178335,30.929726194166257,31.42748366873296,20244700
2023-05-17,31.049875259399414,31.1871880084808,30.929727013177477,31.084204265118306,16741100
2023-05-18,31.00696563720703,31.041291369129596,30.655101513095875,30.903978620056808,20365900
2023-05-19,30.93830680847168,31.341664430502384,30.921142306066745,31.084203442016566,16829200
2023-05-22,30.861064910888672,31.178603261005197,30.818155296325116,31.109945258668517,16634300
2023-05-23,31.101369857788086,31.6763659916539,30.723757329236886,30.843905579668892,21539700
2023-05-24,30.783830642700195,31.109949652269115,30.766666139691914,31.092785149260838,16044200
2023-05-25,29.882719039916992,30.517792630970966,29.814064293578358,30.50062812593766,32465900
2023-05-26,30.037193298339844,30.08868680827436,29.753983904391394,29.899880545642063,18216700
2023-05-30,29.95137596130371,30.14876285125384,29.848388934881886,30.011450089819206,19353300
2023-05-31,30.577857971191406,30.878228538437494,29.91703944945636,29.91703944945636,53756700
2023-06-01,30.65510368347168,30.8095809463398,30.39763939616188,30.55211665903,20565300
2023-06-02,29.6767520904541,29.95137762861098,28.93869472898449,29.522274816016523,61527900
2023-06-05,29.573759078979492,30.165922935862785,29.565178464932107,29.848384561611688,30125600
2023-06-06,29.77972984313965,29.814058846934795,29.462194742519518,29.608088097957904,18406700
2023-06-07,30.260324478149414,30.277488980998257,29.71965737048457,29.796895996407283,25494100
2023-06-08,30.40621566772461,30.414796280714597,30.020022607303474,30.24315783056617,17749700
2023-06-09,30.440553665161133,30.56928254082328,30.260328001162843,30.43196977584026,14953900
2023-06-12,30.56069564819336,30.70658899873651,30.346144292363633,30.603605264600528,14044500
2023-06-13,30.449134826660156,30.715179745870234,30.39764131119525,30.466299331815122,17706700
2023-06-14,30.66368293762207,30.8782343183279,30.569279806304422,30.57786369485744,16538700
2023-06-15,31.273006439208984,31.298754829728516,30.620771716409752,30.68942645227563,18890900
2023-06-16,31.290170669555664,31.487557534920654,31.041290297393438,31.341664176352904,36102100
2023-06-20,30.73233985900879,31.04129108626157,30.706591468058782,30.964055734793984,17687900
2023-06-21,30.7495059967041,30.869654248212097,30.466296597754404,30.63793836010625,17121200
2023-06-22,30.766666412353516,30.826740536517786,30.52636991569643,30.740921294510038,12431200
2023-06-23,30.47487449645996,30.964054621390446,30.44912938022984,30.852486994736545,18991500
2023-06-26,30.989797592163086,31.015542706610844,30.466291773099993,30.603604506477705,15840000
2023-06-27,31.367408752441406,31.478976378349582,31.084202654420963,31.21293150850516,17757800
2023-06-28,31.5991268157959,31.633455822123242,31.101369319226322,31.3245013127656,16756400
2023-06-29,31.74502182006836,31.770766936590185,31.461812443152002,31.573380071070027,16740800
2023-06-30,31.916662216186523,31.968155726123396,31.62487220746611,31.75360434541116,19098300
2023-07-03,31.993896484375,32.079718989241385,31.719271016390188,31.89949336591888,10367100
2023-07-05,32.1655387878418,32.3371805268092,31.950987432581012,31.993897048874395,19868300
2023-07-06,31.86517333984375,32.1054698488816,31.805099212584288,32.096889233756414,21558200
2023-07-07,31.361122131347656,31.754225436437597,31.334912800581215,31.640663888585244,20482700
2023-07-10,30.69720458984375,31.413530680704284,30.574905501023693,31.3785871317842,30326400
2023-07-11,30.566171646118164,30.76709205621493,30.32157013314795,30.67973318286833,28340300
2023-07-12,30.452608108520508,30.784565176952,30.321571458971107,30.66226274891903,27299600
2023-07-13,30.260417938232422,30.452604110365765,30.06823176609908,30.417660564086976,25641900
2023-07-14,29.710073471069336,30.138123650036224,29.657661475718648,30.076974100526744,31576000
2023-07-17,27.482473373413086,29.395591159019208,27.299024727023603,29.395591159019208,97510600
2023-07-18,28.1900634765625,28.958804896386155,27.92799185635893,27.971671292826255,79722200
2023-07-19,29.675132751464844,29.841109621278697,28.96754083455227,29.448003000771713,61881000
2023-07-20,29.38685417175293,29.701339475857864,29.273289293626025,29.613983928006736,32839900
2023-07-21,29.596511840820312,29.648923836019787,29.142255665488655,29.27328898588785,25179400
2023-07-24,29.68386459350586,30.225476264786487,29.448000640109406,29.596509054796147,30784200
2023-07-25,29.911001205444336,30.531234337175796,29.456744968395654,30.260426773050344,35719500
2023-07-26,29.99835205078125,30.234216021365896,29.500418112569367,29.57030188214976,27916000
2023-07-27,29.3082332611084,30.23421741049672,29.299499039159713,29.902260325636664,28097500
2023-07-28,29.727542877197266,29.98087860919883,29.404323379498862,29.413057600560872,30642100
2023-07-31,29.771224975585938,29.806165193403015,29.56156700668165,29.701337875151054,24500400
2023-08-01,29.20340347290039,29.96340734956472,29.10731037756576,29.95467312835262,27289500
2023-08-02,29.107311248779297,29.439268315580136,29.019955704442427,29.23834789768501,20481600
2023-08-03,28.88018226623535,29.04615911867804,28.59190299723476,28.871444713138303,20465700
2023-08-04,28.495811462402344,28.853974513721433,28.417190142239605,28.827768517800617,24584000
2023-08-07,28.417192459106445,28.679265769282736,28.11144470710153,28.522023116137188,24314000
2023-08-08,28.452133178710938,28.661791139497982,28.32983409008526,28.347305864517534,22178900
2023-08-09,28.574432373046875,28.67926302002833,28.251212875854666,28.39971796047803,20798500
2023-08-10,28.845239639282227,29.1073095897561,28.67052522816624,28.69673122349356,19031600
2023-08-11,29.142253875732422,29.19466586771304,28.78409082346354,28.79282504466021,15271400
2023-08-14,29.316967010498047,29.343173005343495,28.95006642066098,28.99374418953678,17934000
2023-08-15,29.054895401000977,29.273287590321914,29.011217629616862,29.133516722452526,15528600
2023-08-16,29.063631057739258,29.386850543765657,28.950066193632633,29.089837052379195,17395100
2023-08-17,28.88018226623535,29.247079518708702,28.69673030759856,29.142252208344903,19128000
2023-08-18,28.985013961791992,29.194668614238605,28.7054722035961,28.7054722035961,21722700
2023-08-21,28.82776641845703,29.019952594281428,28.626846022095183,28.95880305331913,27074400
2023-08-22,29.002483367919922,29.10731068557592,28.731675853874883,28.897656050263922,21722000
2023-08-23,28.99374771118164,29.15099036415369,28.836505058209593,29.00248526545818,15766400
2023-08-24,29.159725189208984,29.334439601981046,28.82776813818209,28.83650235924058,18561400
2023-08-25,29.133520126342773,29.28202856528056,28.845244135605853,29.116051681668438,14912100
2023-08-28,29.3082332611084,29.369382811950963,29.05489750338887,29.247083710265834,16050400
2023-08-29,30.304096221923828,30.356511542236312,29.65765726673678,29.69260081361177,28782800
2023-08-30,30.260417938232422,30.53122542329304,30.181796625305143,30.47881010387486,15021400
2023-08-31,30.55743408203125,30.69720494693727,30.365247893135365,30.44386921292002,24333200
2023-09-01,30.452608108520508,30.705943853702447,30.435136333087225,30.566172982636623,14748700
2023-09-05,29.96340560913086,30.636053905001976,29.96340560913086,30.44386772549591,17486000
2023-09-06,29.85858154296875,30.085707962372513,29.69260467234294,29.788694440136528,19187100
2023-09-07,29.53536033630371,30.155593342709665,29.48294501217352,29.858579837439162,26605800
2023-09-08,29.220874786376953,29.55283183800092,29.028688598741986,29.535360063452263,24872400
2023-09-11,29.64892578125,29.77996244264686,29.334443792218845,29.4392711218959,18883900
2023-09-12,29.73628044128418,29.858579530597527,29.526622479318256,29.81490176047137,15784400
2023-09-13,29.57904052734375,29.963409605217358,29.27328944349834,29.963409605217358,21027900
2023-09-14,29.73628044128418,30.03329394350242,29.648921568631604,29.937200849784716,26570100
2023-09-15,29.517885208129883,29.849838892707673,29.404320351616477,29.666390277693647,38205200
2023-09-18,29.29075813293457,29.675130502703006,29.28202391198538,29.613980958858065,16233700
2023-09-19,29.17719268798828,29.465468594276913,29.04615606451178,29.334435303200177,23379300
2023-09-20,29.351909637451172,29.648923155566827,29.142254996663905,29.334441194385928,23742000
2023-09-21,29.081100463867188,29.57029676345002,29.05489113896106,29.282020848681544,17993800
2023-09-22,29.07236671447754,29.273287125574914,28.766618987242463,29.054894939721205,22740000
2023-09-25,28.967538833618164,29.04616015228879,28.714203103190567,28.976273054625906,17616900
2023-09-26,28.819032669067383,28.976271968112453,28.661790037622204,28.731673800264446,18841600
2023-09-27,28.30362892150879,28.836503061459627,28.225007600466807,28.784091069031863,22083500
2023-09-28,28.434663772583008,28.495813321988955,28.303630452027633,28.303630452027633,18772100
2023-09-29,28.31236457824707,28.609378102531203,28.277421026589998,28.49581322584596,19787600
2023-10-02,27.744543075561523,28.364777740527416,27.71833541381926,28.33856841258503,24722600
2023-10-03,27.936729431152344,27.962935428415566,27.613509912770912,27.69213123696104,21389400
2023-10-04,27.552356719970703,27.92798984939515,27.430055972851104,27.77074888801283,23694100
2023-10-05,27.79695701599121,27.884314223155133,27.412586304190036,27.569828943845067,22774400
2023-10-06,27.52483558654785,27.6586675083319,26.891361994181047,27.605135079971323,31291800
2023-10-09,28.060163497924805,28.104773568915448,27.426689938913928,27.426689938913928,20344300
2023-10-10,28.336750030517578,28.37243774739606,27.944174934263437,28.086929205307644,19151900
2023-10-11,28.06908416748047,28.524114039270387,28.024474096463177,28.399204479009867,15694200
2023-10-12,27.578367233276367,27.98878704378248,27.346391114601637,27.953097624710136,21718300
2023-10-13,27.364234924316406,28.006629130608157,27.337467860892332,27.73004294895318,24528400
2023-10-16,27.8817195892334,27.94417436883086,27.3196248710911,27.515911564363865,21087900
2023-10-17,28.11369514465332,28.14046220756527,27.747887127015375,27.756809481319358,21186000
2023-10-18,27.70327377319336,28.086926477526536,27.6497413521921,28.033394056525275,22024300
2023-10-19,28.176151275634766,28.524114601369,28.015552293983532,28.033397003448147,28806600
2023-10-20,28.1672306060791,28.67579294389061,28.149385895546878,28.1672306060791,27271200
2023-10-23,28.006628036499023,28.24752649260939,27.890640836389426,28.086927521869146,31725800
2023-10-24,30.60297203063965,30.745726286154873,29.416327919831193,29.57692688272706,61617900
2023-10-25,30.05872344970703,30.87956305572501,29.97842396002625,30.78141885683403,30832800
2023-10-26,30.75465202331543,30.95986106411905,30.01411194240966,30.031956650766073,34367000
2023-10-27,29.835670471191406,30.86171915470079,29.746450326334227,30.674354808382493,23924800
2023-10-30,30.88848114013672,31.049080106144203,30.1925545564576,30.1925545564576,31497700
2023-10-31,31.343517303466797,31.414892741374704,30.933095772257012,30.968785192976206,28903400
2023-11-01,31.584415435791016,31.727169713545294,31.3613616640793,31.593336089106085,26071200
2023-11-02,32.03052520751953,32.06621122679287,31.50411813351749,31.50411813351749,24946000
2023-11-03,32.13758087158203,32.44985472288823,32.066202046409344,32.11081551390713,23323200
2023-11-06,31.798545837402344,32.14650918422262,31.780701126856364,32.101899109622934,15544000
2023-11-07,32.06620788574219,32.20896215855373,31.80746810619837,31.85207817829004,17654600
2023-11-08,31.91452980041504,32.10189412676935,31.762851486082972,32.066204711217104,16971500
2023-11-09,31.78070068359375,32.164353446154976,31.637946404747517,32.00375445701165,15685800
2023-11-10,31.860998153686523,32.04836249460493,31.58441367048228,32.03944184178845,12791200
2023-11-13,31.959135055541992,32.28033294008485,31.593327110041407,31.79853611327057,17236700
2023-11-14,32.01267623901367,32.20896123127213,31.95022145917731,32.12866174240678,17667100
2023-11-15,32.11974334716797,32.2178875519603,31.976989068432886,32.01267848899928,22855500
2023-11-16,32.280338287353516,32.4587819642733,32.05728454208631,32.19111815065865,19110800
2023-11-17,32.324951171875,32.45878479210703,32.19112095517331,32.45878479210703,19355200
2023-11-20,32.77105712890625,32.89596668658009,32.29818425956096,32.369559691004504,18656400
2023-11-21,33.23501205444336,33.41345575289143,32.87812465754722,32.88704871441138,22946400
2023-11-22,33.32422637939453,33.47590468780937,33.20824088866951,33.306385075844425,14613100
2023-11-24,33.37776184082031,33.52051609966211,33.279617649704704,33.41345125641326,6766700
2023-11-27,33.32422637939453,33.49374939488934,33.27069566168448,33.4134499147944,15245300
2023-11-28,33.43130111694336,33.46698713450656,33.19040262985651,33.32423285366218,14521700
2023-11-29,33.690040588378906,33.80602950405736,33.48483152435118,33.48483152435118,16387400
2023-11-30,34.198604583740234,34.29674538051452,33.74357300115164,33.75249705765041,36623500
2023-12-01,34.42165756225586,34.44842292408151,34.14506967711317,34.261058584241425,20762500
2023-12-04,33.93986511230469,34.41273805252798,33.93094105483027,34.261063110769825,22109200
2023-12-05,34.278900146484375,34.39488905448126,33.98447095360645,34.216445366069955,23003300
2023-12-06,34.35026931762695,34.689311889854075,33.97554074058327,34.127215620759245,20218500
2023-12-07,34.48411178588867,34.55548721744904,34.17183448766275,34.39488824202547,15223200
2023-12-08,34.12722396850586,34.510876693244676,33.91309086958158,34.49303198470681,21850400
2023-12-11,33.6097412109375,34.252137172595404,33.44022156706911,34.162917023934256,21914500
2023-12-12,33.27961730957031,33.582970531949954,33.163628411843696,33.52051575706562,17096700
2023-12-13,33.00303649902344,33.14579077218839,32.530160203796115,33.08333599039937,32473200
2023-12-14,33.788177490234375,33.88632167432262,33.17255043122139,33.23500520227214,28551600
2023-12-15,33.342079162597656,33.752500717789665,33.136870086767,33.50267816168786,51721600
2023-12-18,33.6097412109375,33.7257301270214,33.25285721276239,33.654354688798584,22057200
2023-12-19,33.52051544189453,33.67219375342321,33.44914001563922,33.54728080129903,17642500
2023-12-20,33.27961730957031,33.66327001444839,33.261772601956224,33.45806098218127,18134600
2023-12-21,33.395606994628906,33.502671839307645,33.19931860977618,33.32422816248972,15421000
2023-12-22,33.44913864135742,33.707878379873584,33.368839162913154,33.38668046609651,13171600
2023-12-26,33.44021224975586,33.58296648995696,33.288537358586375,33.4045228388232,11856600
2023-12-27,33.28854751586914,33.422377742407704,33.1904033076225,33.3063922267804,15267600
2023-12-28,33.44913864135742,33.654347663263934,33.145785434293494,33.172550792598315,14931700
2023-12-29,33.63650894165039,33.690039667785015,33.297466260832735,33.35100039049775,16222700
2024-01-02,34.6893196105957,34.76961909548137,33.61866094663021,33.66327101522667,23810900
2024-01-03,34.93913650512695,35.43877809094699,34.912371146369935,35.269255076072945,26263900
2024-01-04,35.12649917602539,35.55476191370106,35.117578524701386,35.403087016485166,24214600
2024-01-05,35.867042541503906,36.01871745299198,35.06404770559643,35.21572602061451,30276700
2024-01-08,35.77782440185547,35.92057868272479,35.22465198892815,35.82243787999568,28483000
2024-01-09,35.41946029663086,35.60998422235776,35.17449948029981,35.60998422235776,17880100
2024-01-10,35.45574951171875,35.473891679948494,35.07469822132135,35.45574951171875,16354700
2024-01-11,34.38517761230469,35.41037958317169,34.07670887446143,35.41037958317169,31289800
2024-01-12,34.98397445678711,35.17449837653543,34.63013987035097,34.648285499982954,18774800
2024-01-16,35.64627456665039,35.70070799493052,34.793447273728475,35.002120285218936,31039400
2024-01-17,35.26521682739258,35.77328398446537,35.083764024086264,35.12912982060612,21377100
2024-01-18,35.3287239074707,35.39223186790386,34.893239266961544,34.95674722739469,17112800
2024-01-19,35.682559967041016,35.77328463989423,35.10191029363744,35.4466702801436,20561700
2024-01-22,35.90937805175781,36.03639398852709,35.66441726187791,35.74607085850454,26039200
2024-01-23,38.31361389160156,38.3317595185189,36.82570709362472,37.26119175686737,49713700
2024-01-24,37.451717376708984,38.413414882168425,37.370063782274464,38.31361565997905,27910400
2024-01-25,38.3680534362793,38.37712451990555,37.49708404932186,37.60595435746037,24613200
2024-01-26,38.46785354614258,38.549507144356916,38.195672578144936,38.36805431933341,20367200
2024-01-29,38.15031051635742,38.45877928287776,37.79647940848039,38.213818486441774,23905700
2024-01-30,38.5313606262207,38.64930201797711,37.932568740114284,38.104947016398434,20044600
2024-01-31,38.422489166259766,39.202733920091376,38.14124056494249,38.2773275930533,23392300
2024-02-01,38.549503326416016,38.75817284320276,38.07772741244948,38.721881589607385,19586500
2024-02-02,38.22289276123047,38.531361525571526,37.9507152540883,38.28640073086615,21548600
2024-02-05,37.54244613647461,38.26825395405122,37.45171799619961,38.10494676248089,20466200
2024-02-06,37.28841018676758,37.714823786682786,37.152323169997025,37.551516597818434,17517600
2024-02-07,36.67147445678711,37.32470324377295,36.61704103182148,37.28841198651268,21815600
2024-02-08,36.20876693725586,36.62610594263552,35.782353388628174,36.56259798359619,19523500
2024-02-09,36.036399841308594,36.37208536599349,35.61905724581018,36.19970706108509,18479400
2024-02-12,36.38114929199219,36.44465725819416,35.8640110181049,36.04546383336394,15060500
2024-02-13,36.40837097167969,36.707765187470166,36.00010298567019,36.47187894051175,14483600
2024-02-14,36.426513671875,36.78034474433199,36.263206490598776,36.63518318996696,12443200
2024-02-15,36.825714111328125,36.85293082642846,36.453737340948045,36.48095405604838,12081400
2024-02-16,36.7349853515625,36.89828908500189,36.05453986202022,36.553532528832946,12645500
2024-02-20,36.744056701660156,37.116033433536266,36.53538716533207,36.66240310388614,12069500
2024-02-21,37.28841018676758,37.30655581452191,36.62611034789531,36.73498411442129,16268200
2024-02-22,36.95272445678711,37.134177272085694,36.39022384419363,36.97087008440943,22068900
2024-02-23,36.889217376708984,37.3337766118233,36.70776455705162,36.86200066508402,15228600
2024-02-26,36.00917434692383,36.862001582255445,35.77328809814738,36.83478140902853,25108400
2024-02-27,36.2269172668457,36.27227960620344,35.77328695141906,36.000102109132385,17074100
2024-02-28,36.38114929199219,36.48094851343089,36.16340868242101,36.25413335958823,12437000
2024-02-29,36.30857467651367,36.49909859838674,36.15433855338428,36.38115373492602,20486500
2024-03-01,36.47187805175781,36.55353164696996,36.08175570362473,36.281354149904345,12130900
2024-03-04,36.57168197631836,36.58982760657871,35.84587060960487,36.21784737762925,18753900
2024-03-05,36.60796356201172,37.16139307777433,36.217841229947076,36.60796356201172,20640100
2024-03-06,36.2269172668457,36.626110698488276,36.081755704346165,36.607965070560255,16331100
2024-03-07,35.864009857177734,36.54445529667951,35.72792284583207,36.38114811432513,17100600
2024-03-08,35.84586715698242,36.181556093078115,35.736996846831666,35.936595299545345,17807900
2024-03-11,36.40837097167969,36.49909565260414,35.8912326763759,35.90030376009845,12344600
2024-03-12,36.40837097167969,36.52631236469653,36.19970143681366,36.317642829830504,12452700
2024-03-13,36.52630615234375,36.7440501948234,36.34485682135554,36.553526320731294,13751800
2024-03-14,36.081756591796875,36.34486301183749,35.782358915007606,36.290426126714515,17475400
2024-03-15,35.82772445678711,36.226917895355385,35.510181153924535,35.927520220735644,54893900
2024-03-18,36.2269172668457,36.25413397827541,35.61905084449319,35.8186492907768,16200800
2024-03-19,36.263206481933594,36.33578552863654,36.11804492760325,36.18155289131499,15226900
2024-03-20,36.3992919921875,36.53538245791781,36.10896889549218,36.25413044383984,15198800
2024-03-21,36.78034591674805,36.825708255009765,36.27227872981297,36.3992946613156,21868300
2024-03-22,36.6261100769043,37.02530696269672,36.299495701592164,36.96179899648876,17816400
2024-03-25,37.07973861694336,37.08881316078308,36.72590754753147,36.77126988395681,14587200
2024-03-26,37.06159210205078,37.19768256898999,36.934576178733835,37.04344993665494,17854100
2024-03-27,37.6876106262207,37.90535125793768,37.28841369986467,37.28841369986467,19260100
2024-03-28,38.06865692138672,38.24103866385432,37.7692626996624,37.77833378356473,19771400
2024-04-01,38.35897445678711,38.41341133502489,37.67852905297414,38.09587153094856,15031600
2024-04-02,38.59486389160156,38.72187981243142,38.34082858901757,38.37711984094732,17260800
2024-04-03,38.86704635620117,38.92148324109453,38.585794308972595,38.631160110179415,18211800
2024-04-04,38.51321029663086,39.393250659723265,38.50413575318831,39.00313181480041,16461400
2024-04-05,38.21381759643555,38.504140727466556,37.75111618789384,38.33176244995587,14338700
2024-04-08,37.859981536865234,38.2410327595009,37.84183591093742,38.213812590147036,14457800
2024-04-09,37.65254592895508,37.96600996698976,37.375960840564524,37.85537663502758,17224100
2024-04-10,37.357521057128906,37.48659386284687,36.841226317286875,37.440496934657624,17900400
2024-04-11,37.02561569213867,37.311422259746216,36.96107929251278,37.292982786000245,14782200
2024-04-12,36.619964599609375,37.11781641503133,36.58308564529052,37.04406202336427,21555000
2024-04-15,36.979522705078125,37.20078937965766,36.73981303781818,36.979522705078125,16442800
2024-04-16,36.66606140136719,37.00718293515582,36.48167014741067,36.97952547800207,14016800
2024-04-17,36.67527389526367,36.859665121637555,36.380249339853506,36.73981029694902,21009200
2024-04-18,36.997962951660156,37.03483838687814,36.61074098762242,36.73981380331151,20173700
2024-04-19,37.329864501953125,37.49581274403392,36.85966667898502,36.878106154098504,24706500
2024-04-22,35.587371826171875,38.39010880050896,35.55049639209218,38.16884212814939,51243200
2024-04-23,36.601524353027344,36.86889149076259,35.66113213948896,35.87318084690881,25972800
2024-04-24,36.40791320800781,36.56464347687118,35.900836415872426,36.41713118742373,15946600
2024-04-25,36.15898513793945,36.712155337665976,35.91927547227969,36.223521544008534,16837700
2024-04-26,36.58308029174805,36.84122590026189,35.86395837261941,36.01147065133733,18246200
2024-04-29,36.961082458496094,37.63410748150846,36.7582517468865,36.785912718359825,19438600
2024-04-30,36.40791320800781,36.804349628359404,36.36181276001703,36.79513164894349,20222200
2024-05-01,36.14054489135742,36.56464226989841,36.07600848666511,36.26039972163041,17754000
2024-05-02,35.89162063598633,36.39869394222605,35.72566886056669,36.25118164373867,17394900
2024-05-03,35.854736328125,36.140542902440984,35.725663525843615,36.00224860458516,13195600
2024-05-06,36.260398864746094,36.2788348225337,36.011471230971,36.06678613827422,13348800
2024-05-07,36.24195861816406,36.49088624663789,36.03912791711795,36.44478580224005,11935200
2024-05-08,36.39868927001953,36.4816651470784,36.04834628721871,36.17742260917598,10438000
2024-05-09,36.68450164794922,36.72138060290822,36.30650115204626,36.42635248020693,12881000
2024-05-10,37.24688720703125,37.26532316447389,36.610737649186014,36.702935021249885,16888500
2024-05-13,37.37596130371094,37.477376658003884,36.961081907499,37.1915700701756,21365700
2024-05-14,37.329864501953125,37.5142522191474,37.265324580570805,37.42205836055027,17664400
2024-05-15,37.329864501953125,37.71708292842543,37.28376405568429,37.56957064448785,14926000
2024-05-16,37.10859298706055,37.283762718902636,37.007177636057705,37.14547193596524,12913200
2024-05-17,36.93342590332031,37.25610793694713,36.72137720736978,37.23766846117268,14670400
2024-05-20,36.988739013671875,37.16391226651937,36.88732366033285,36.92420261008708,8665000
2024-05-21,36.52775955200195,36.9887358333845,36.21429553998302,36.97029636009281,18327000
2024-05-22,36.68450164794922,37.044062666372675,36.527767847858826,36.60152575777683,12374100
2024-05-23,36.352596282958984,36.69371780697194,36.05757169187147,36.50932655829961,14105000
2024-05-24,36.63840103149414,36.63840103149414,36.417130840942974,36.42634882027119,10420000
2024-05-28,36.288055419921875,36.68449532497356,36.112882172545014,36.619958923404226,15071300
2024-05-29,36.04834747314453,36.38947248837017,35.956153614255065,36.19585975754984,17652000
2024-05-30,37.18235397338867,37.21001142887947,36.12210696461614,36.15898591658415,19633200
2024-05-31,37.938350677490234,38.058201982579,36.97029763950989,37.00717658736953,38917400
2024-06-03,37.7816162109375,38.270249951672945,37.70786183354817,37.966007429865776,20688100
2024-06-04,38.31635284423828,38.31635284423828,37.541912488794594,37.689424769975766,16040200
2024-06-05,38.122737884521484,38.463862872309036,37.91991070788483,38.353226030176316,11964000
2024-06-06,38.104305267333984,38.46386624335291,37.929132010423004,38.085865792029125,10259100
2024-06-07,37.74474334716797,38.06742891154295,37.62489202497235,37.94757407237678,10410200
2024-06-10,37.256103515625,37.73551927795533,37.182349138250316,37.71707980436917,15210700
2024-06-11,37.26532745361328,37.42206124567643,37.080939722203276,37.14547613159088,12083300
2024-06-12,36.66606140136719,37.61567161133287,36.49089164444235,37.58801415417912,15065300
2024-06-13,36.67527389526367,36.69371336959807,36.23273706214842,36.647616442247134,12297400
2024-06-14,36.573856353759766,36.73059011772715,36.37102918217303,36.398686633532606,10480600
2024-06-17,36.380252838134766,36.50932565391693,35.91005850678965,36.50932565391693,22286600
2024-06-18,36.951866149902344,37.044060013727325,36.60152313682059,36.6107411164149,17125700
2024-06-20,37.0993766784668,37.311425368759636,36.70293675231966,36.7305942067582,17704700
2024-06-21,37.0993766784668,37.228449488473714,36.78591263260558,37.219227992347335,30375300
2024-06-24,37.956790924072266,38.002891372591804,37.17313253682631,37.23766894438913,20773800
2024-06-25,37.87381362915039,38.38088684414862,37.643325484426654,37.99366493218835,17475700
2024-06-26,37.81850051879883,37.95679131486994,37.5326939130991,37.80006104259525,19709900
2024-06-27,37.63410186767578,37.83693254902937,37.394395758142274,37.80005360387967,15560800
2024-06-28,38.02132797241211,38.33479200699202,37.51425121281949,37.670984988594526,27639200
2024-07-01,38.48230743408203,38.70357411366309,38.12274292506451,38.18727933302319,16412100
2024-07-02,37.892250061035156,38.44542372549196,37.54191060887954,38.380887325517506,21659400
2024-07-03,37.91069030761719,38.15961793415116,37.7539600521903,37.91991180321295,6653900
2024-07-05,38.048988342285156,38.1504037019771,37.75396375971064,37.956790962124096,17552200
2024-07-08,38.288692474365234,38.34401089953997,37.87381659495063,38.076643786650806,15380400
2024-07-09,38.07664108276367,38.51917790182547,37.99366520937896,38.23337485114369,20475200
2024-07-10,38.493629455566406,38.54048077052946,38.12818061999167,38.306220621187975,13826800
2024-07-11,38.69977569580078,38.7559994180937,38.184404085623974,38.49362919644577,12487800
2024-07-12,38.821590423583984,38.95277552917049,38.60607152518815,38.70914655801356,11129100
2024-07-15,38.221885681152344,38.84970114683577,38.13755188693094,38.821591073604004,15874900
2024-07-16,38.84033966064453,38.934042305491815,38.25000298943166,38.27811306798049,16016900
2024-07-17,39.38381576538086,39.53374212026982,38.905926626211745,38.93403670071397,20401700
2024-07-18,39.42129898071289,39.842967978717844,39.09333619033478,39.262003789536756,15752800
2024-07-19,38.999629974365234,39.63681788798611,38.821593541701816,39.63681788798611,17608000
2024-07-22,36.62891387939453,37.48162060518138,36.263468650418154,37.434769294330074,54985800
2024-07-23,36.441505432128906,36.797581832367214,36.28221025870904,36.300951498145366,25257700
2024-07-24,37.17239761352539,37.32232753593728,36.59143346228368,36.76947345788476,22889000
2024-07-25,37.43477249145508,38.39055432745907,37.2848461392109,37.35043869490984,19740300
2024-07-26,37.56595993041992,37.640921323923486,37.15366332983429,37.387923493138345,15911500
2024-07-29,37.509735107421875,37.594068906726044,37.1723999102052,37.55658999833355,12937200
2024-07-30,37.51911163330078,37.7252581629271,37.32233393816929,37.49099798076292,16089200
2024-07-31,37.9688835144043,38.22188489184383,37.462880759525234,37.50973207211936,23605400
2024-08-01,38.278106689453125,38.58733180006919,37.743993838867354,38.10943909721276,18166800
2024-08-02,38.39055633544922,39.299483329615136,37.86581228788513,38.60607525466491,26124900
2024-08-05,37.29421615600586,37.73462639355599,37.14428979900335,37.48162499589058,26855000
2024-08-06,37.725250244140625,37.93140030502134,37.256729978157864,37.45351120651035,18104200
2024-08-07,37.743995666503906,38.15629583395636,37.669034274392956,37.81896063314121,12176300
2024-08-08,37.9688835144043,38.22188489184383,37.715882136964765,37.74399220961604,13237100
2024-08-09,38.18440628051758,38.23125759785833,37.509735872326246,37.940777285629814,11818700
2024-08-12,37.97825241088867,38.41866261397032,37.77210592022312,38.37181130129751,11099000
2024-08-13,38.2125129699707,38.231254210151604,37.8095852423965,38.090700270583945,15349400
2024-08-14,38.3249626159668,38.51236787950547,37.94077610647049,38.04384757160624,10931100
2024-08-15,37.51911163330078,38.34370490085945,37.481629146268105,38.268743501320806,17489600
2024-08-16,38.05322265625,38.06259149027545,37.537850996213685,37.57532990684201,13377500
2024-08-19,38.1750373840332,38.287481260371244,38.00636978226296,38.07196234133735,9401400
2024-08-20,38.278106689453125,38.381181726325146,38.07196019023526,38.10007026409993,8784000
2024-08-21,38.465511322021484,38.48425256072678,38.16565865178826,38.33432622561017,13683400
2024-08-22,38.29684829711914,38.56859092883504,38.05321931406344,38.51236720604086,13529600
2024-08-23,38.61544418334961,38.63418542522228,38.34370153798552,38.409297671803046,11757300
2024-08-26,38.8778190612793,39.11207922932273,38.64355889323587,38.76537160695938,10309500
2024-08-27,38.84033966064453,39.018376115665085,38.58733823012473,38.934042305491815,9778200
2024-08-28,38.8778190612793,39.08396557847951,38.756002773029294,38.8778190612793,12732700
2024-08-29,38.65292739868164,38.95278012526688,38.549852353694256,38.924670049189025,17338100
2024-08-30,39.14955520629883,39.2526302444393,38.57795986717526,38.699776146298206,20009900
2024-09-03,40.22715759277344,40.22715759277344,39.28074448272549,39.31822696866387,23319900
2024-09-04,38.868446350097656,40.545749998111376,38.60607610778095,40.29274858965178,31272700
2024-09-05,38.70914840698242,39.177668706185436,38.324961904617,38.70914840698242,28199800
2024-09-06,38.55921936035156,39.15892472950994,38.54047812074962,38.75599701438304,18100300
2024-09-09,40.03974914550781,40.08660046614479,38.66229815671562,38.66229815671562,27850300
2024-09-10,40.901824951171875,40.9393038597519,39.71178292149266,40.09596943701695,36980400
2024-09-11,41.042381286621094,41.061122529263606,40.23652572562578,40.77063863009448,22395500
2024-09-12,41.09860610961914,41.11734735276101,40.69567831838549,40.76127088211872,18397000
2024-09-13,41.63271713256836,41.670199617145336,40.873712905253775,41.164196798935606,20029700
2024-09-16,42.16682815551758,42.21367947189622,41.66082535976505,41.8013828834273,24714500
2024-09-17,41.30474853515625,41.932563978389844,41.154818617878526,41.932563978389844,18769600
2024-09-18,41.11734390258789,41.69830809313042,41.02363769474146,41.32349041079737,16897900
2024-09-19,41.173561096191406,41.20167474378973,40.601969354741364,41.192302336414926,23097200
2024-09-20,41.53900909423828,41.67019419867291,40.90182123739064,41.02363393463651,52671900
2024-09-23,41.47341537475586,41.72641676564744,41.18293507651184,41.55774917171972,18083200
2024-09-24,41.84823226928711,41.97004854587308,41.35160190443637,41.426563292278864,15154000
2024-09-25,41.74515914916992,42.05438427134311,41.62334286699325,41.97941930553398,21990100
2024-09-26,41.81074905395508,42.05438160284912,41.56712007958713,41.792007813691995,15779600
2024-09-27,42.06375503540039,42.213681399373485,41.68894091273089,41.90445983753431,15659300
2024-09-30,42.08249282836914,42.50416180952037,41.97004895823754,42.28864290238222,13509700
2024-10-01,42.36360549926758,42.39171914849698,41.84823387406147,42.129345344671506,17536400
2024-10-02,42.213680267333984,42.429199186357856,42.04501266557158,42.288645234573444,12040800
2024-10-03,41.71704864501953,42.1293452291486,41.59523236409625,42.10123515452256,12258400
2024-10-04,41.39845657348633,41.46404913361128,40.8081199578353,41.014270046528836,14531200
2024-10-07,41.07986068725586,41.360972156732046,41.014268130195624,41.30475200755257,12885000
2024-10-08,41.23915481567383,41.3703435009476,40.93930211267185,41.229785982560216,10855100
2024-10-09,41.332862854003906,41.464047970574164,41.051751379278166,41.286011537304006,12614200
2024-10-10,40.8741569519043,41.55935570522868,40.74092396182252,41.34047241719052,12352800
2024-10-11,40.9217414855957,41.150143500533545,40.731407078201975,41.064493198722715,10658700
2024-10-14,41.10255432128906,41.19772333353969,40.817054545190416,40.9217386435028,9923500
2024-10-15,41.6259765625,41.84485985438676,41.083522245687185,41.36902566411291,15444500
2024-10-16,41.78776168823242,41.96857738765389,41.549844574628196,41.625979793538534,9459000
2024-10-17,41.730655670166016,41.87340737471047,41.426122088776076,41.7592081892709,10539500
2024-10-18,41.863895416259766,42.03519239205359,41.55935818179085,41.71162861418877,13058400
2024-10-21,41.58790969848633,42.06374389725544,41.4927406805364,41.92099218549398,18760000
2024-10-22,39.494239807128906,40.57914123543628,38.78048848531333,39.874908630894666,42576300
2024-10-23,40.788509368896484,40.82657697726132,39.741671920825176,39.836840941737265,27174700
2024-10-24,39.83684158325195,40.39832610953086,39.62747336420073,40.33170960898311,23506400
2024-10-25,39.38003921508789,40.14137320528345,39.370520498151606,39.87490721629671,19717400
2024-10-28,39.608436584472656,39.76070337861937,39.389553294782175,39.446654703959716,13575000
2024-10-29,39.33245849609375,39.66554099904975,39.29439088709106,39.32293977867957,15072300
2024-10-30,39.28487014770508,39.50375344271422,39.13260334985843,39.3324564716727,16372600
2024-10-31,40.09379196166992,40.588659980776825,39.25632272700233,39.26583781395592,31077900
2024-11-01,39.36100769042969,40.30315742336728,39.30390627648646,40.08427411540878,16682400
2024-11-04,39.07550811767578,39.75119185028522,38.923241309900035,39.63699265203517,14760900
2024-11-05,39.26583480834961,39.27535352490155,38.85662075478316,39.027917719124616,12322800
2024-11-06,39.17067337036133,39.65602268392469,38.95179006186593,39.43713937542929,21957100
2024-11-07,38.60918426513672,39.19921761947221,38.55208285781653,39.094537151541786,24225500
2024-11-08,38.523536682128906,38.87565297624939,38.46643527078766,38.77097250094742,21305900
2024-11-11,38.485469818115234,38.90420624872068,38.45692092705648,38.51402233950093,17116400
2024-11-12,38.44740295410156,38.63773372064207,38.13335065472173,38.54256833737181,16984600
2024-11-13,39.151634216308594,39.399070013201566,38.36175139621152,38.447401690470386,19953500
2024-11-14,38.894683837890625,39.26583390771635,38.88516875188361,39.15163472399919,13636600
2024-11-15,39.63698959350586,39.75118878294389,38.82806928997561,38.82806928997561,21482500
2024-11-18,40.20799255371094,40.52204488899515,39.6560231027243,39.6560231027243,17405400
2024-11-19,39.90345764160156,40.18895744511767,39.77973972895803,40.16992364083967,10520600
2024-11-20,40.179443359375,40.23654114330487,39.73215802351343,39.970075137426676,14706500
2024-11-21,40.44590759277344,40.68382469626034,39.979588472595275,40.17944159857271,12534100
2024-11-22,41.064491271972656,41.24530695383303,40.29363859184364,40.54107076861713,17017400
2024-11-25,41.854373931884766,41.92099042649107,41.21675787484537,41.245306763869024,28365900
2024-11-26,42.22552490234375,42.34924280793708,41.63549152465725,41.854374815890516,17247000
2024-11-27,42.23504638671875,42.568128888611824,42.22552766933495,42.33021177859477,12372400
2024-11-29,42.19697570800781,42.36827630518413,41.92099100918744,42.2350433141196,9023100
2024-12-02,41.730655670166016,42.17794095610041,41.41660700262555,42.13035826469448,12783900
2024-12-03,41.71162414550781,42.273104968351014,41.5879062476022,41.78775572322367,15415900
2024-12-04,40.464942932128906,41.664043581858785,40.36025882177014,41.61646088542127,21431600
2024-12-05,40.49348831176758,40.798021898946764,40.464939422446626,40.53155591774666,16176900
2024-12-06,40.32218933105469,40.607689126685415,39.98910684120664,40.4744561307462,15685900
2024-12-09,40.31267547607422,41.01690808479235,40.12234106306255,40.41735958474699,15570300
2024-12-10,40.25556945800781,40.58865555025636,40.03668617869814,40.32218595039221,16337200
2024-12-11,39.9605598449707,40.40784154820791,39.86539082169797,40.150890630862094,13986100
2024-12-12,40.04621124267578,40.12234283304278,39.789260318323784,40.027177437502246,11232300
2024-12-13,40.23653793334961,40.35074075275268,39.78925626349793,39.97007194872931,13360400
2024-12-16,38.904205322265625,40.20799001758699,38.837588824496954,40.12233971612343,30228300
2024-12-17,38.80903244018555,39.13259981013236,38.552081561375445,38.69483325971211,15374000
2024-12-18,38.29513931274414,39.0659884194908,38.26658679115307,38.732905920319645,19199600
2024-12-19,38.03818893432617,38.50450443971143,38.0001213252217,38.114320522208104,17859100
2024-12-20,38.0001220703125,38.43788869261646,37.990603352686236,38.0001220703125,47590900
2024-12-23,38.00963592529297,38.190455251058765,37.904955447087524,38.00012083830228,21292300
2024-12-24,37.876399993896484,38.0286667862511,37.56235132293301,37.9715690080723,11712200
2024-12-26,38.02866744995117,38.228516937718254,37.81930287576379,37.9049531748535,12946400
2024-12-27,37.9906005859375,38.21900259808187,37.733653313974465,37.933502805646526,15168100
2024-12-30,37.686065673828125,37.914467677995866,37.49573490573616,37.876400072246796,15672000
2024-12-31,38.057220458984375,38.09528443548154,37.638484044574426,37.724134344764934,13549900
2025-01-02,38.26658630371094,38.59967242896619,38.04770300271133,38.09528569765439,22470200
2025-01-03,38.31416702270508,38.66628693384331,38.17141894523775,38.37126843188805,15229900
2025-01-06,37.695587158203125,38.3807895906902,37.667038266958485,38.34272198214604,27115000
2025-01-07,37.03893280029297,38.047702622509235,36.953286128447466,37.790751715992066,31517100
2025-01-08,37.05796813964844,37.105554466414645,36.58213391460265,37.02941924785034,22901600
2025-01-10,36.62019348144531,37.02697511725596,36.40711527526482,36.97854925984842,27338400
2025-01-13,36.920433044433594,36.949491512265645,36.55239360201504,36.74609701606447,19734000
2025-01-14,37.075401306152344,37.14319824606029,36.6395648909316,37.12383085864898,15740100
2025-01-15,36.978546142578125,37.37564405129457,36.872007048469065,37.09476892948992,27817100
2025-01-16,37.13351058959961,37.13351058959961,36.746096378906714,36.930119791580914,24678300
2025-01-17,37.55966567993164,37.74368910443467,37.14319666979611,37.21099360682692,24082100
2025-01-21,37.792118072509766,38.33449730807871,37.56935616182688,37.646836798533144,25717600
2025-01-22,37.72431945800781,38.102046320019184,37.37564737164159,37.666206212061404,31488900
2025-01-23,37.94708251953125,38.1601607331962,37.85023080131421,38.00519576725521,25153500
2025-01-24,38.295753479003906,39.39987929036795,38.131101129338404,38.84781638468593,37123900
2025-01-27,39.36113357543945,39.525785910250995,38.7896996393096,38.88655504056809,35520300
2025-01-28,39.128692626953125,39.5257905824126,39.080263073271354,39.32239606305533,21031900
2025-01-29,39.0124626159668,39.5935839558724,38.78970072879921,39.53547071348507,24238100
2025-01-30,38.22795486450195,39.08026026719098,37.92770864865217,39.08026026719098,27913500
2025-01-31,38.15047073364258,38.68316253669242,38.04393163410141,38.32480677022703,45178700
2025-02-03,38.72190475463867,38.85749862891942,37.91802520226454,38.072990157821955,27967100
2025-02-04,38.55725860595703,38.625055547493595,38.353864086691125,38.52820013482978,19190200
2025-02-05,38.8671875,39.041523543486505,38.55725757705869,38.8671875,16830500
2025-02-06,38.683162689208984,39.02215107041795,38.42165863330127,38.964037826442016,15370600
2025-02-07,38.62505340576172,38.84781530055218,38.32480718513666,38.702534036940314,15754800
2025-02-10,38.69285202026367,38.876871760111186,38.56694183265423,38.76064896097887,16737500
2025-02-11,39.215858459472656,39.24491323433301,38.56694016189534,38.72190511891058,15182700
2025-02-12,39.25459671020508,39.32239364760755,38.88655724849339,39.21585824215794,14440300
2025-02-13,39.74855041503906,39.81634735306752,39.14805797156413,39.3320813987751,17056700
2025-02-14,39.70012283325195,39.99068165426908,39.651693284202544,39.84540039643259,12438200
2025-02-18,39.90351486206055,39.92288594334311,39.332080895520754,39.63232341876059,16357700
2025-02-19,40.68802261352539,40.72676477540508,39.980994785172676,40.04879172113417,21039600
2025-02-20,41.152923583984375,41.19166205348355,40.56211851191247,40.67834130972225,19771700
2025-02-21,41.41442108154297,41.86963224213921,40.84298713120194,41.09480748608083,25465100
2025-02-24,41.95680236816406,42.25704859264833,41.23040343007998,41.40473947079264,27560600
2025-02-25,42.33452606201172,42.586346410741434,42.13113526126095,42.20861958230264,24356900
2025-02-26,41.82120895385742,42.27642014238623,41.42411101109487,42.1698810391428,18651400
2025-02-27,41.90837478637695,42.05365235122087,41.54033163839174,41.7243550597123,19212300
2025-02-28,41.74372100830078,42.38295187770405,41.26914247363702,42.06333829033031,25197500
2025-03-03,42.4894905090332,42.4894905090332,41.57907191545017,41.608126688170735,22334000
2025-03-04,41.52096176147461,43.080298720744715,41.47253590512242,42.6154038493829,32627500
2025-03-05,41.49190902709961,41.985858697633184,41.04638521529972,41.43379577982546,18038400
2025-03-06,42.838165283203125,42.92533330156116,41.511277621225005,41.646871495413954,22845900
2025-03-07,44.61058044433594,44.74617431858387,42.90596223896087,42.90596223896087,44992100
2025-03-10,45.02705001831055,45.86967174357489,44.61058100239294,44.61058100239294,39837000
2025-03-11,42.0633430480957,42.52823794254979,41.2982019178946,41.879323306954355,64142300
2025-03-12,41.24977493286133,41.54033377212975,39.87445767482855,40.77519266281991,49650800
2025-03-13,42.33452606201172,42.44106515611615,41.424107457706526,41.424107457706526,30708600
2025-03-14,42.198936462402344,42.3926435899403,41.6565572442273,41.80183851354481,17432100
2025-03-17,42.27642059326172,42.44106924937129,41.73404137762712,42.21830734687568,15560900
2025-03-18,42.838165283203125,43.03187240118275,42.15050852429861,42.344215642278236,16254400
2025-03-19,42.557289123535156,42.92533226938092,42.34421462407152,42.90596118858315,14373300
2025-03-20,42.37327194213867,42.576662760743474,42.01491616250315,42.576662760743474,18109300
2025-03-21,42.60572052001953,42.84785349850539,42.15050933817619,42.41201339829964,68445500
2025-03-24,42.18925094604492,42.750997527515764,42.160192476643054,42.257047883555956,18050000
2025-03-25,42.12145233154297,42.45075331262431,41.79215135046163,42.13113602452072,21483200
2025-03-26,42.78974151611328,42.935022785353766,42.198936440031,42.33453032083884,21684400
2025-03-27,43.545196533203125,43.826071691534885,42.9253366628546,43.080301630441724,21905200
2025-03-28,43.51613998413086,43.91323792831677,43.46771412648011,43.70984710938996,19530600
2025-03-31,43.93260955810547,44.35876228326432,43.709847654409515,43.87449631140629,27786900
2025-04-01,43.95197677612305,44.16505127264109,43.700156423889226,44.058515871709986,15710800
2025-04-02,43.33211898803711,44.1069437719023,43.196521418036696,43.94229142708695,21924100
2025-04-03,44.184425354003906,44.73648825530668,43.77764371921495,44.05851886399176,30474800
2025-04-04,41.675926208496094,44.35875999771763,41.45316431627775,43.351485941434376,42663400
2025-04-07,41.240089416503906,41.966488329897565,39.951940236650984,40.223127982028046,38812000
2025-04-08,40.842987060546875,41.8599484766861,40.368408514694046,41.6468702836427,29790200
2025-04-09,41.54033279418945,42.150508928547666,39.5935852917308,40.36841007642439,49426000
2025-04-10,42.237064361572266,42.55197604386976,41.18409027244817,41.81390988304453,36501700
2025-04-11,43.0341796875,43.20147664583269,42.41420302497106,43.15226922902971,30144300
2025-04-14,43.59510803222656,43.93954116665872,42.91608850194401,43.20147499087385,24323000
2025-04-15,43.77224349975586,43.97890112464037,43.51638221475579,43.79192571460181,21795300
2025-04-16,42.91608810424805,44.17571983130185,42.827520013814656,44.02810884991198,17271600
2025-04-17,43.33924865722656,43.7722461480385,42.88656895037787,43.0637013867109,16504800
2025-04-21,42.246910095214844,43.5852707545795,42.00088802559631,43.49670265935687,23802500
2025-04-22,42.502769470214844,42.97513137200159,40.879026136697654,41.32186659274732,37633800
2025-04-23,42.02056884765625,42.30595533990608,41.439956632457765,41.87295410918255,29402100
2025-04-24,42.12881851196289,42.44372644549881,41.804067593879715,42.030407436483735,16597300
2025-04-25,41.24313735961914,41.97136429787906,40.68220737168864,41.85327100799994,23361900
2025-04-28,41.71549987792969,41.80406796965772,41.1939343121972,41.33170606510777,16188500
2025-04-29,42.2665901184082,42.32563300949414,41.55804539338758,41.63677425350039,14712800
2025-04-30,43.35892868041992,43.50653966223195,42.67990540048908,42.85704158186246,29563000
2025-05-01,42.611019134521484,43.13258844334264,42.57165470479939,43.0735417987595,18921900
2025-05-02,43.04402160644531,43.201475575918415,42.6307025903292,42.76847434436832,15366500
2025-05-05,42.84720230102539,43.29988198444858,42.532294368731115,43.11290657277344,9210000
2025-05-06,43.4474983215332,43.604952293484,42.73895357075523,42.87672532696232,12131500
2025-05-07,43.19163131713867,43.654153981196906,43.09322399687032,43.30972085226042,12826600
2025-05-08,42.91608810424805,43.35892855641498,42.8176770293228,43.103063515608014,14967400
2025-05-09,42.91608810424805,43.181792375548206,42.630701617962835,42.827520013814656,10878400
2025-05-12,42.3157958984375,42.52245353558642,41.626933353942235,42.36499956147312,20160000
2025-05-13,41.97136688232422,42.52245391969941,41.81391290678861,42.52245391969941,20069600
2025-05-14,41.6761360168457,42.25674823632992,41.57772869313602,42.099294265995155,20447500
2025-05-15,42.78815460205078,42.83735826138507,41.92215593257269,41.92215593257269,14608000
2025-05-16,43.290042877197266,43.290042877197266,42.67006624135325,42.79799876233664,13407700
2025-05-19,43.604949951171875,43.663992841232584,43.17194873606747,43.378610113275755,14778600
2025-05-20,43.51638412475586,43.841131298971085,43.49670190904603,43.555744802176726,12189900
2025-05-21,43.05385971069336,43.5262216067537,42.876723530420904,43.33924619602106,16038600
2025-05-22,42.4437255859375,43.142427314695446,42.384678941845806,43.05385922555721,14947700
2025-05-23,42.63070297241211,42.788156943296414,42.17802327536958,42.77831771249061,12393400
2025-05-27,42.807838439941406,43.00465683874088,42.551977149301194,42.59133782586211,12873700
2025-05-28,42.4437255859375,42.83735861788629,42.3748397114965,42.75863351309597,12783000
2025-05-29,42.64054489135742,42.69958778271394,42.29611175778343,42.4634087092905,9960400
2025-05-30,43.26051712036133,43.35892819446506,42.601179816860174,42.67990492214452,26569500
2025-06-02,43.39828872680664,43.417970941562395,42.660222566459595,43.10306301346755,11873300
2025-06-03,43.132591247558594,43.34908811710813,42.916090624010174,43.23099857426303,13140900
2025-06-04,42.551979064941406,43.2309986296696,42.551979064941406,43.21131641350371,14360100
2025-06-05,42.611019134521484,42.71926943925793,42.34531486489531,42.66022279467479,12095900
2025-06-06,43.103065490722656,43.22115503204551,42.68975021909325,42.709432434980194,10135200
2025-06-09,42.95545196533203,43.250677678200574,42.81767646226134,42.95545196533203,13399400
2025-06-10,43.42781448364258,43.644311340738916,42.87672372540014,42.9554525854342,13724100
2025-06-11,43.04402160644531,43.693519699771706,42.994814190860986,43.486858314714276,14602100
2025-06-12,42.47324752807617,43.19163147993906,42.22722547247935,43.1817922494746,22370500
2025-06-13,42.32563400268555,42.59133828080316,42.23706590997968,42.30595554119425,13544100
2025-06-16,41.82374954223633,42.424043959835274,41.65645634598674,42.276429224557326,20449300
2025-06-17,41.18408966064453,42.1386564157443,41.144728985690854,42.11897420126818,23028200
2025-06-18,41.006954193115234,41.292340676953714,40.93806831825748,41.28250144654488,18654200
2025-06-20,41.03647994995117,41.43011298963015,40.98727628924114,41.144730255912464,37068100
2025-06-23,41.685977935791016,41.71549938134937,41.056162070555054,41.14473016122878,16014400
2025-06-24,41.951683044433594,42.0500903675897,41.59741067467362,41.705660982544586,16716300
2025-06-25,41.44979476928711,41.79422789863649,41.27265858939283,41.72534202356635,15599700
2025-06-26,41.43011474609375,41.597411704398986,41.213617878991286,41.49900062480801,15870000
2025-06-27,41.636775970458984,41.77454772733897,41.31202504010002,41.47932199773916,21439600
2025-06-30,42.58149719238281,42.630700851962,41.607248215121146,41.63677341406753,22796000
2025-07-01,42.9849739074707,43.18179230299182,42.52245124109587,42.72910886709366,19233200
2025-07-02,42.89640808105469,43.32940557085377,42.73895410712785,43.12274793394958,18313900
2025-07-03,42.85704040527344,43.073541010785725,42.72910788801631,43.04401956603353,10301300
2025-07-07,42.11897659301758,43.00465752474409,41.99104406865735,43.00465752474409,22039300
2025-07-08,42.374839782714844,42.55197596128902,41.86311346172263,42.11897474521943,16736200
2025-07-09,41.93199920654297,42.37483965160827,41.794227457855676,42.30595377726463,23519800
2025-07-10,42.029998779296875,42.18000030517578,41.599998474121094,41.869998931884766,19359300
2025-07-11,41.619998931884766,42.029998779296875,41.4900016784668,41.97999954223633,20174300
2025-07-14,41.58000183105469,41.84000015258789,41.47999954223633,41.59000015258789,15757300
2025-07-15,41.2599983215332,41.630001068115234,41.099998474121094,41.439998626708984,15653200
2025-07-16,41.25,41.45000076293945,41.15999984741211,41.27000045776367,17971300
2025-07-17,40.95000076293945,41.349998474121094,40.83000183105469,41.290000915527344,18411200
2025-07-18,40.84000015258789,41.119998931884766,40.689998626708984,40.97999954223633,21079700
2025-07-21,42.4900016784668,43.08000183105469,41.68000030517578,41.95000076293945,47574000
2025-07-22,42.959999084472656,43.4900016784668,42.54999923706055,42.75,23521000
2025-07-23,42.84000015258789,42.869998931884766,42.04999923706055,42.400001525878906,23357200
2025-07-24,43.08000183105469,43.349998474121094,42.7599983215332,42.900001525878906,20411000
2025-07-25,43.08000183105469,43.209999084472656,42.75,43.02000045776367,16571500
2025-07-28,42.36000061035156,43.02000045776367,42.2400016784668,43.02000045776367,18243700
2025-07-29,42.709999084472656,42.97999954223633,42.400001525878906,42.41999816894531,13118500
2025-07-30,42.599998474121094,42.88999938964844,42.45000076293945,42.66999816894531,13313300
2025-07-31,42.7599983215332,43.11000061035156,42.150001525878906,42.290000915527344,25538700
2025-08-01,42.880001068115234,43.470001220703125,42.619998931884766,43.290000915527344,20841300
2025-08-04,42.95000076293945,43.029998779296875,42.529998779296875,42.79999923706055,13629900
2025-08-05,42.66999816894531,43.099998474121094,42.66999816894531,42.95000076293945,14863700
2025-08-06,42.349998474121094,42.79999923706055,42.310001373291016,42.79999923706055,17812000
2025-08-07,42.95000076293945,43.029998779296875,42.16999816894531,42.5,15543400
2025-08-08,43.150001525878906,43.36000061035156,43.029998779296875,43.099998474121094,13057000
2025-08-11,43.18000030517578,43.529998779296875,42.9900016784668,43.22999954223633,12914900
2025-08-12,43.25,43.650001525878906,43.209999084472656,43.34000015258789,12469300
2025-08-13,43.709999084472656,43.84000015258789,43.0,43.20000076293945,14327700
2025-08-14,43.5,43.790000915527344,43.33000183105469,43.7599983215332,10582800
2025-08-15,44.2400016784668,44.439998626708984,43.43000030517578,43.56999969482422,21239200
2025-08-18,44.38999938964844,44.599998474121094,44.220001220703125,44.349998474121094,12692100
2025-08-19,44.939998626708984,45.06999969482422,44.470001220703125,44.5099983215332,17944200
2025-08-20,45.060001373291016,45.75,44.95000076293945,45.08000183105469,20982100
2025-08-21,45.029998779296875,45.209999084472656,44.869998931884766,44.97999954223633,11866800
2025-08-22,44.439998626708984,45.43000030517578,44.25,45.150001525878906,19123700
2025-08-25,44.22999954223633,44.47999954223633,43.959999084472656,44.439998626708984,16021200
2025-08-26,43.959999084472656,44.41999816894531,43.75,44.11000061035156,17328200
2025-08-27,44.27000045776367,44.279998779296875,43.880001068115234,44.02000045776367,12046600
2025-08-28,43.93000030517578,44.189998626708984,43.689998626708984,44.099998474121094,15842800
2025-08-29,44.22999954223633,44.290000915527344,43.93000030517578,43.970001220703125,14792700
2025-09-02,43.79999923706055,44.47999954223633,43.5099983215332,44.15999984741211,21123700
2025-09-03,43.7400016784668,43.7400016784668,42.880001068115234,43.5,21828500
2025-09-04,44.18000030517578,44.41999816894531,43.93000030517578,44.06999969482422,14480500
2025-09-05,44.380001068115234,44.470001220703125,44.02000045776367,44.099998474121094,13406700
2025-09-08,43.31999969482422,43.619998931884766,42.939998626708984,42.97999954223633,30273900
2025-09-09,43.56999969482422,43.7400016784668,43.349998474121094,43.36000061035156,15595500
2025-09-10,43.4900016784668,43.66999816894531,43.0099983215332,43.4900016784668,14807800
2025-09-11,44.13999938964844,44.150001525878906,43.5099983215332,43.61000061035156,15510600
2025-09-12,43.970001220703125,44.09000015258789,43.77000045776367,44.0099983215332,13723500
2025-09-15,43.869998931884766,44.25,43.77000045776367,44.04999923706055,15034700
2025-09-16,43.7400016784668,43.95000076293945,43.29999923706055,43.869998931884766,16173600
2025-09-17,44.209999084472656,44.40999984741211,43.86000061035156,43.869998931884766,14414000
2025-09-18,43.66999816894531,43.95000076293945,43.58000183105469,43.880001068115234,16507300
2025-09-19,43.47999954223633,43.790000915527344,43.459999084472656,43.790000915527344,29164200
2025-09-22,43.15999984741211,43.52000045776367,42.97999954223633,43.380001068115234,18507700
2025-09-23,43.349998474121094,43.380001068115234,42.959999084472656,43.15999984741211,16796400
2025-09-24,43.18000030517578,43.38999938964844,42.959999084472656,43.20000076293945,21162400
2025-09-25,43.349998474121094,43.77000045776367,43.2400016784668,43.2400016784668,19012200
2025-09-26,43.61000061035156,43.709999084472656,43.45000076293945,43.650001525878906,12456200
2025-09-29,43.25,43.650001525878906,43.09000015258789,43.599998474121094,15854500
2025-09-30,43.95000076293945,43.970001220703125,43.189998626708984,43.2400016784668,24399100
2025-10-01,43.83000183105469,44.09000015258789,43.45000076293945,43.91999816894531,19921900
2025-10-02,43.400001525878906,43.720001220703125,43.220001220703125,43.58000183105469,21550100
2025-10-03,43.66999816894531,43.93000030517578,43.400001525878906,43.439998626708984,18010500
