Date,Close,High,Low,Open,Volume
2025-07-11 13:30:00+00:00,41.79499816894531,42.029998779296875,41.77000045776367,41.974998474121094,933995
2025-07-11 13:35:00+00:00,41.79990005493164,41.810001373291016,41.75,41.79499816894531,204450
2025-07-11 13:40:00+00:00,41.834999084472656,41.900001525878906,41.79999923706055,41.79999923706055,182843
2025-07-11 13:45:00+00:00,41.72200012207031,41.834999084472656,41.72200012207031,41.834999084472656,255677
2025-07-11 13:50:00+00:00,41.73500061035156,41.7400016784668,41.692501068115234,41.72829818725586,143257
2025-07-11 13:55:00+00:00,41.77000045776367,41.775001525878906,41.724700927734375,41.73889923095703,146325
2025-07-11 14:00:00+00:00,41.76499938964844,41.79999923706055,41.7400016784668,41.76499938964844,163416
2025-07-11 14:05:00+00:00,41.77000045776367,41.795799255371094,41.75,41.76499938964844,156613
2025-07-11 14:10:00+00:00,41.755001068115234,41.779998779296875,41.709999084472656,41.75,146398
2025-07-11 14:15:00+00:00,41.72999954223633,41.779998779296875,41.724998474121094,41.755001068115234,207633
2025-07-11 14:20:00+00:00,41.689998626708984,41.790000915527344,41.689998626708984,41.73500061035156,223742
2025-07-11 14:25:00+00:00,41.65999984741211,41.709999084472656,41.65999984741211,41.70000076293945,220822
2025-07-11 14:30:00+00:00,41.64500045776367,41.679901123046875,41.630001068115234,41.664798736572266,317706
2025-07-11 14:35:00+00:00,41.61009979248047,41.67499923706055,41.599998474121094,41.63999938964844,265518
2025-07-11 14:40:00+00:00,41.630001068115234,41.63999938964844,41.59000015258789,41.6150016784668,268932
2025-07-11 14:45:00+00:00,41.60499954223633,41.64670181274414,41.599998474121094,41.6349983215332,156491
2025-07-11 14:50:00+00:00,41.6349983215332,41.650001525878906,41.599998474121094,41.60499954223633,98173
2025-07-11 14:55:00+00:00,41.62879943847656,41.63999938964844,41.599998474121094,41.630001068115234,164734
2025-07-11 15:00:00+00:00,41.6150016784668,41.630001068115234,41.54999923706055,41.625,286265
2025-07-11 15:05:00+00:00,41.6150016784668,41.650001525878906,41.61349868774414,41.619998931884766,100629
2025-07-11 15:10:00+00:00,41.595001220703125,41.61000061035156,41.560001373291016,41.61000061035156,228649
2025-07-11 15:15:00+00:00,41.61000061035156,41.61000061035156,41.5630989074707,41.59000015258789,139636
2025-07-11 15:20:00+00:00,41.595001220703125,41.619998931884766,41.59000015258789,41.599998474121094,105337
2025-07-11 15:25:00+00:00,41.55500030517578,41.599998474121094,41.54999923706055,41.595001220703125,140850
2025-07-11 15:30:00+00:00,41.55500030517578,41.560001373291016,41.52000045776367,41.55500030517578,176740
2025-07-11 15:35:00+00:00,41.57500076293945,41.599998474121094,41.54999923706055,41.55350112915039,159777
2025-07-11 15:40:00+00:00,41.619998931884766,41.619998931884766,41.54999923706055,41.57500076293945,173738
2025-07-11 15:45:00+00:00,41.59669876098633,41.62990188598633,41.59000015258789,41.61899948120117,110032
2025-07-11 15:50:00+00:00,41.564998626708984,41.599998474121094,41.564998626708984,41.595001220703125,103083
2025-07-11 15:55:00+00:00,41.595001220703125,41.599998474121094,41.56010055541992,41.56999969482422,96747
2025-07-11 16:00:00+00:00,41.55500030517578,41.599998474121094,41.54999923706055,41.595001220703125,112291
2025-07-11 16:05:00+00:00,41.53779983520508,41.560001373291016,41.52000045776367,41.5547981262207,179833
2025-07-11 16:10:00+00:00,41.5099983215332,41.540000915527344,41.4900016784668,41.53990173339844,490585
2025-07-11 16:15:00+00:00,41.4900016784668,41.52000045776367,41.4900016784668,41.505001068115234,161185
2025-07-11 16:20:00+00:00,41.505001068115234,41.52000045776367,41.4900016784668,41.495201110839844,106166
2025-07-11 16:25:00+00:00,41.54800033569336,41.560001373291016,41.5,41.505001068115234,146633
2025-07-11 16:30:00+00:00,41.57500076293945,41.57500076293945,41.529998779296875,41.54999923706055,63346
2025-07-11 16:35:00+00:00,41.599998474121094,41.61000061035156,41.570098876953125,41.57500076293945,72088
2025-07-11 16:40:00+00:00,41.6156005859375,41.630001068115234,41.59000015258789,41.595001220703125,104176
2025-07-11 16:45:00+00:00,41.6349983215332,41.63999938964844,41.61009979248047,41.619998931884766,124997
2025-07-11 16:50:00+00:00,41.69499969482422,41.70000076293945,41.63999938964844,41.63999938964844,164124
2025-07-11 16:55:00+00:00,41.67499923706055,41.69499969482422,41.65999984741211,41.69499969482422,125461
2025-07-11 17:00:00+00:00,41.67499923706055,41.68000030517578,41.65999984741211,41.67499923706055,102972
2025-07-11 17:05:00+00:00,41.67499923706055,41.689998626708984,41.66999816894531,41.67499923706055,105994
2025-07-11 17:10:00+00:00,41.689998626708984,41.70000076293945,41.66999816894531,41.66999816894531,64999
2025-07-11 17:15:00+00:00,41.72740173339844,41.72999954223633,41.680198669433594,41.69499969482422,130378
2025-07-11 17:20:00+00:00,41.75,41.755001068115234,41.720001220703125,41.724998474121094,83281
2025-07-11 17:25:00+00:00,41.720001220703125,41.75699996948242,41.70000076293945,41.755001068115234,463475
2025-07-11 17:30:00+00:00,41.70500183105469,41.720001220703125,41.70000076293945,41.71500015258789,53963
2025-07-11 17:35:00+00:00,41.755001068115234,41.7599983215332,41.689998626708984,41.709800720214844,100996
2025-07-11 17:40:00+00:00,41.769901275634766,41.790000915527344,41.72999954223633,41.7599983215332,96466
2025-07-11 17:45:00+00:00,41.744998931884766,41.779998779296875,41.7400016784668,41.77000045776367,102787
2025-07-11 17:50:00+00:00,41.7400016784668,41.7599983215332,41.734130859375,41.745399475097656,88821
2025-07-11 17:55:00+00:00,41.720001220703125,41.7400016784668,41.709999084472656,41.73529815673828,108635
2025-07-11 18:00:00+00:00,41.66999816894531,41.72999954223633,41.65999984741211,41.720001220703125,141902
2025-07-11 18:05:00+00:00,41.64500045776367,41.68000030517578,41.63999938964844,41.665000915527344,120426
2025-07-11 18:10:00+00:00,41.647499084472656,41.65999984741211,41.63999938964844,41.64500045776367,82496
2025-07-11 18:15:00+00:00,41.6349983215332,41.650001525878906,41.630001068115234,41.64500045776367,94021
2025-07-11 18:20:00+00:00,41.654998779296875,41.659698486328125,41.63010025024414,41.63999938964844,78966
2025-07-11 18:25:00+00:00,41.654998779296875,41.65999984741211,41.6349983215332,41.654998779296875,67717
2025-07-11 18:30:00+00:00,41.65999984741211,41.65999984741211,41.640098571777344,41.654998779296875,71379
2025-07-11 18:35:00+00:00,41.665000915527344,41.66999816894531,41.63999938964844,41.654998779296875,86612
2025-07-11 18:40:00+00:00,41.685001373291016,41.68989944458008,41.65999984741211,41.665000915527344,63515
2025-07-11 18:45:00+00:00,41.69499969482422,41.709999084472656,41.68000030517578,41.685001373291016,61643
2025-07-11 18:50:00+00:00,41.744998931884766,41.75,41.690101623535156,41.69810104370117,82232
2025-07-11 18:55:00+00:00,41.73500061035156,41.75,41.720001220703125,41.744998931884766,68321
2025-07-11 19:00:00+00:00,41.72990036010742,41.75,41.70500183105469,41.730098724365234,92598
2025-07-11 19:05:00+00:00,41.7400016784668,41.7400016784668,41.720001220703125,41.72819900512695,94880
2025-07-11 19:10:00+00:00,41.744998931884766,41.75,41.720001220703125,41.73500061035156,142662
2025-07-11 19:15:00+00:00,41.71620178222656,41.75,41.709999084472656,41.744998931884766,113058
2025-07-11 19:20:00+00:00,41.724998474121094,41.72999954223633,41.709999084472656,41.71500015258789,82014
2025-07-11 19:25:00+00:00,41.65999984741211,41.724998474121094,41.630001068115234,41.724998474121094,243406
2025-07-11 19:30:00+00:00,41.78499984741211,41.790000915527344,41.66019821166992,41.66019821166992,179750
2025-07-11 19:35:00+00:00,41.775001525878906,41.806400299072266,41.77000045776367,41.78499984741211,170330
2025-07-11 19:40:00+00:00,41.724998474121094,41.775001525878906,41.724998474121094,41.77410125732422,153291
2025-07-11 19:45:00+00:00,41.685001373291016,41.75,41.68000030517578,41.724998474121094,208604
2025-07-11 19:50:00+00:00,41.630001068115234,41.69499969482422,41.61000061035156,41.68000030517578,777516
2025-07-11 19:55:00+00:00,41.61000061035156,41.689998626708984,41.61000061035156,41.630001068115234,1943673
2025-07-14 13:30:00+00:00,41.599998474121094,41.66999816894531,41.5,41.59000015258789,1529912
2025-07-14 13:35:00+00:00,41.744998931884766,41.7599983215332,41.59000015258789,41.599998474121094,364455
2025-07-14 13:40:00+00:00,41.79999923706055,41.84000015258789,41.689998626708984,41.7400016784668,395695
2025-07-14 13:45:00+00:00,41.79999923706055,41.81999969482422,41.75,41.80500030517578,189013
2025-07-14 13:50:00+00:00,41.779998779296875,41.81999969482422,41.76499938964844,41.79499816894531,145224
2025-07-14 13:55:00+00:00,41.755001068115234,41.790000915527344,41.73500061035156,41.78499984741211,198871
2025-07-14 14:00:00+00:00,41.755001068115234,41.779998779296875,41.689998626708984,41.7599983215332,196686
2025-07-14 14:05:00+00:00,41.775001525878906,41.790000915527344,41.73331832885742,41.7598991394043,172817
2025-07-14 14:10:00+00:00,41.73500061035156,41.790000915527344,41.720001220703125,41.77000045776367,185098
2025-07-14 14:15:00+00:00,41.73500061035156,41.7599983215332,41.724998474121094,41.73500061035156,150561
2025-07-14 14:20:00+00:00,41.77989959716797,41.810001373291016,41.730098724365234,41.73500061035156,190488
2025-07-14 14:25:00+00:00,41.755001068115234,41.779998779296875,41.75,41.775001525878906,114082
2025-07-14 14:30:00+00:00,41.744998931884766,41.779998779296875,41.709999084472656,41.755001068115234,214624
2025-07-14 14:35:00+00:00,41.79650115966797,41.84000015258789,41.75,41.75,296622
2025-07-14 14:40:00+00:00,41.75,41.79999923706055,41.72999954223633,41.790000915527344,130954
2025-07-14 14:45:00+00:00,41.67499923706055,41.75,41.672000885009766,41.75,165686
2025-07-14 14:50:00+00:00,41.67499923706055,41.70000076293945,41.63999938964844,41.67499923706055,213824
2025-07-14 14:55:00+00:00,41.67499923706055,41.70000076293945,41.660099029541016,41.67499923706055,101377
2025-07-14 15:00:00+00:00,41.625,41.689998626708984,41.619998931884766,41.66999816894531,143306
2025-07-14 15:05:00+00:00,41.625,41.65999984741211,41.595001220703125,41.619998931884766,139178
2025-07-14 15:10:00+00:00,41.654998779296875,41.689998626708984,41.625,41.630001068115234,121560
2025-07-14 15:15:00+00:00,41.6349983215332,41.650001525878906,41.6150016784668,41.650001525878906,104275
2025-07-14 15:20:00+00:00,41.68000030517578,41.685001373291016,41.63999938964844,41.63999938964844,121511
2025-07-14 15:25:00+00:00,41.689998626708984,41.70000076293945,41.68000030517578,41.685001373291016,72130
2025-07-14 15:30:00+00:00,41.69499969482422,41.709999084472656,41.68000030517578,41.69499969482422,113993
2025-07-14 15:35:00+00:00,41.70500183105469,41.720001220703125,41.70000076293945,41.720001220703125,151988
2025-07-14 15:40:00+00:00,41.724998474121094,41.7400016784668,41.70220184326172,41.70500183105469,109889
2025-07-14 15:45:00+00:00,41.685001373291016,41.72999954223633,41.67499923706055,41.724998474121094,85125
2025-07-14 15:50:00+00:00,41.70000076293945,41.720001220703125,41.68000030517578,41.68000030517578,87955
2025-07-14 15:55:00+00:00,41.665000915527344,41.70000076293945,41.65999984741211,41.70000076293945,54473
2025-07-14 16:00:00+00:00,41.64500045776367,41.66999816894531,41.63999938964844,41.665000915527344,59601
2025-07-14 16:05:00+00:00,41.6150016784668,41.650001525878906,41.61000061035156,41.64500045776367,72123
2025-07-14 16:10:00+00:00,41.599998474121094,41.61000061035156,41.564998626708984,41.61000061035156,118029
2025-07-14 16:15:00+00:00,41.584999084472656,41.59000015258789,41.56999969482422,41.59000015258789,72220
2025-07-14 16:20:00+00:00,41.567420959472656,41.59000015258789,41.560001373291016,41.584999084472656,81897
2025-07-14 16:25:00+00:00,41.5343017578125,41.56999969482422,41.529998779296875,41.564998626708984,144921
2025-07-14 16:30:00+00:00,41.584999084472656,41.584999084472656,41.53010177612305,41.53499984741211,86799
2025-07-14 16:35:00+00:00,41.564998626708984,41.619998931884766,41.564998626708984,41.584999084472656,71127
2025-07-14 16:40:00+00:00,41.564998626708984,41.58000183105469,41.55500030517578,41.56010055541992,94831
2025-07-14 16:45:00+00:00,41.57500076293945,41.58000183105469,41.560001373291016,41.564998626708984,68554
2025-07-14 16:50:00+00:00,41.54499816894531,41.58000183105469,41.540000915527344,41.57500076293945,74326
2025-07-14 16:55:00+00:00,41.54499816894531,41.560001373291016,41.540000915527344,41.544700622558594,291071
2025-07-14 17:00:00+00:00,41.53499984741211,41.560001373291016,41.529998779296875,41.54999923706055,83450
2025-07-14 17:05:00+00:00,41.54990005493164,41.54999923706055,41.529998779296875,41.53990173339844,78802
2025-07-14 17:10:00+00:00,41.5099983215332,41.54999923706055,41.47999954223633,41.540000915527344,300513
2025-07-14 17:15:00+00:00,41.52299880981445,41.529998779296875,41.5,41.51499938964844,79568
2025-07-14 17:20:00+00:00,41.5099983215332,41.54999923706055,41.5099983215332,41.529998779296875,62218
2025-07-14 17:25:00+00:00,41.52009963989258,41.529998779296875,41.5,41.516700744628906,75684
2025-07-14 17:30:00+00:00,41.579898834228516,41.58000183105469,41.52470016479492,41.525001525878906,146895
2025-07-14 17:35:00+00:00,41.57529830932617,41.59000015258789,41.560001373291016,41.57500076293945,88951
2025-07-14 17:40:00+00:00,41.599998474121094,41.6067008972168,41.56330108642578,41.57500076293945,90706
2025-07-14 17:45:00+00:00,41.613800048828125,41.630001068115234,41.60169982910156,41.60499954223633,62817
2025-07-14 17:50:00+00:00,41.60210037231445,41.619998931884766,41.599998474121094,41.61000061035156,70237
2025-07-14 17:55:00+00:00,41.60499954223633,41.61000061035156,41.599998474121094,41.599998474121094,80548
2025-07-14 18:00:00+00:00,41.60499954223633,41.61000061035156,41.58000183105469,41.60499954223633,70411
2025-07-14 18:05:00+00:00,41.6349983215332,41.63990020751953,41.599998474121094,41.60499954223633,110459
2025-07-14 18:10:00+00:00,41.595001220703125,41.63999938964844,41.58000183105469,41.6349983215332,67237
2025-07-14 18:15:00+00:00,41.6349983215332,41.63999938964844,41.59000015258789,41.595001220703125,60409
2025-07-14 18:20:00+00:00,41.64500045776367,41.66999816894531,41.6349983215332,41.6349983215332,73161
2025-07-14 18:25:00+00:00,41.665000915527344,41.66999816894531,41.63999938964844,41.650001525878906,118103
2025-07-14 18:30:00+00:00,41.685001373291016,41.70000076293945,41.65999984741211,41.65999984741211,82974
2025-07-14 18:35:00+00:00,41.701900482177734,41.71500015258789,41.68000030517578,41.685001373291016,106760
2025-07-14 18:40:00+00:00,41.69499969482422,41.70500183105469,41.66999816894531,41.70000076293945,60756
2025-07-14 18:45:00+00:00,41.709999084472656,41.709999084472656,41.689998626708984,41.70000076293945,65802
2025-07-14 18:50:00+00:00,41.67499923706055,41.709999084472656,41.66999816894531,41.70500183105469,67772
2025-07-14 18:55:00+00:00,41.68220138549805,41.689998626708984,41.66999816894531,41.66999816894531,109072
2025-07-14 19:00:00+00:00,41.71500015258789,41.720001220703125,41.665000915527344,41.685001373291016,141995
2025-07-14 19:05:00+00:00,41.720001220703125,41.720001220703125,41.68000030517578,41.720001220703125,69927
2025-07-14 19:10:00+00:00,41.709999084472656,41.72999954223633,41.709999084472656,41.7140998840332,80383
2025-07-14 19:15:00+00:00,41.70500183105469,41.7400016784668,41.70330047607422,41.71500015258789,94636
2025-07-14 19:20:00+00:00,41.69499969482422,41.709999084472656,41.689998626708984,41.70500183105469,111708
2025-07-14 19:25:00+00:00,41.69499969482422,41.70000076293945,41.66999816894531,41.693599700927734,134647
2025-07-14 19:30:00+00:00,41.71500015258789,41.72999954223633,41.689998626708984,41.70000076293945,139264
2025-07-14 19:35:00+00:00,41.69499969482422,41.720001220703125,41.689998626708984,41.71500015258789,138784
2025-07-14 19:40:00+00:00,41.650001525878906,41.709999084472656,41.650001525878906,41.69499969482422,178679
2025-07-14 19:45:00+00:00,41.66999816894531,41.689998626708984,41.650001525878906,41.654998779296875,174740
2025-07-14 19:50:00+00:00,41.592498779296875,41.665000915527344,41.59000015258789,41.65999984741211,285122
2025-07-14 19:55:00+00:00,41.59000015258789,41.63999938964844,41.57500076293945,41.595001220703125,1415632
2025-07-15 13:30:00+00:00,41.5099983215332,41.625,41.369998931884766,41.439998626708984,1308151
2025-07-15 13:35:00+00:00,41.39500045776367,41.505001068115234,41.38999938964844,41.5,187055
2025-07-15 13:40:00+00:00,41.37519836425781,41.40520095825195,41.34000015258789,41.39500045776367,227754
2025-07-15 13:45:00+00:00,41.380001068115234,41.400001525878906,41.36000061035156,41.375,184648
2025-07-15 13:50:00+00:00,41.404998779296875,41.42499923706055,41.380001068115234,41.380001068115234,118494
2025-07-15 13:55:00+00:00,41.392398834228516,41.43000030517578,41.38999938964844,41.40999984741211,140925
2025-07-15 14:00:00+00:00,41.384700775146484,41.41999816894531,41.380001068115234,41.39500045776367,167798
2025-07-15 14:05:00+00:00,41.3849983215332,41.38999938964844,41.349998474121094,41.3849983215332,143175
2025-07-15 14:10:00+00:00,41.36349868774414,41.400001525878906,41.349998474121094,41.3849983215332,133124
2025-07-15 14:15:00+00:00,41.29999923706055,41.3650016784668,41.275001525878906,41.3650016784668,424907
2025-07-15 14:20:00+00:00,41.2151985168457,41.26499938964844,41.209999084472656,41.26499938964844,273684
2025-07-15 14:25:00+00:00,41.150001525878906,41.21989822387695,41.099998474121094,41.209999084472656,310708
2025-07-15 14:30:00+00:00,41.165000915527344,41.20500183105469,41.1349983215332,41.154998779296875,275363
2025-07-15 14:35:00+00:00,41.17499923706055,41.189998626708984,41.119998931884766,41.16999816894531,138140
2025-07-15 14:40:00+00:00,41.26499938964844,41.275001525878906,41.17499923706055,41.17499923706055,168883
2025-07-15 14:45:00+00:00,41.275001525878906,41.279998779296875,41.25,41.2599983215332,197319
2025-07-15 14:50:00+00:00,41.275001525878906,41.29499816894531,41.2599983215332,41.275001525878906,161604
2025-07-15 14:55:00+00:00,41.29999923706055,41.30500030517578,41.2599983215332,41.275001525878906,106405
2025-07-15 15:00:00+00:00,41.34000015258789,41.34000015258789,41.27000045776367,41.29499816894531,131931
2025-07-15 15:05:00+00:00,41.334999084472656,41.37990188598633,41.33000183105469,41.345001220703125,116069
2025-07-15 15:10:00+00:00,41.275001525878906,41.334999084472656,41.27000045776367,41.334999084472656,101339
2025-07-15 15:15:00+00:00,41.255001068115234,41.28499984741211,41.25,41.275001525878906,92296
2025-07-15 15:20:00+00:00,41.279998779296875,41.290000915527344,41.2400016784668,41.255001068115234,115962
2025-07-15 15:25:00+00:00,41.21500015258789,41.279998779296875,41.209999084472656,41.279998779296875,93554
2025-07-15 15:30:00+00:00,41.165000915527344,41.220001220703125,41.1349983215332,41.21500015258789,180380
2025-07-15 15:35:00+00:00,41.1150016784668,41.165000915527344,41.11000061035156,41.15999984741211,168064
2025-07-15 15:40:00+00:00,41.16619873046875,41.185001373291016,41.10499954223633,41.1150016784668,150438
2025-07-15 15:45:00+00:00,41.176300048828125,41.209999084472656,41.15999984741211,41.15999984741211,92956
2025-07-15 15:50:00+00:00,41.209999084472656,41.220001220703125,41.17300033569336,41.177398681640625,105667
2025-07-15 15:55:00+00:00,41.25,41.25,41.189998626708984,41.20500183105469,174384
2025-07-15 16:00:00+00:00,41.25,41.2599983215332,41.209999084472656,41.25,270392
2025-07-15 16:05:00+00:00,41.20500183105469,41.275001525878906,41.20000076293945,41.255001068115234,359870
2025-07-15 16:10:00+00:00,41.19499969482422,41.21580123901367,41.189998626708984,41.20500183105469,50975
2025-07-15 16:15:00+00:00,41.162899017333984,41.220001220703125,41.162899017333984,41.189998626708984,121411
2025-07-15 16:20:00+00:00,41.17499923706055,41.17499923706055,41.150001525878906,41.15999984741211,77418
2025-07-15 16:25:00+00:00,41.14500045776367,41.18000030517578,41.130001068115234,41.17259979248047,82945
2025-07-15 16:30:00+00:00,41.1150016784668,41.15999984741211,41.11000061035156,41.150001525878906,106943
2025-07-15 16:35:00+00:00,41.1150016784668,41.130001068115234,41.11000061035156,41.1150016784668,70614
2025-07-15 16:40:00+00:00,41.13240051269531,41.13990020751953,41.11000061035156,41.1150016784668,54549
2025-07-15 16:45:00+00:00,41.18000030517578,41.18000030517578,41.130001068115234,41.1349983215332,81515
2025-07-15 16:50:00+00:00,41.17639923095703,41.185001373291016,41.150001525878906,41.18000030517578,61175
2025-07-15 16:55:00+00:00,41.185001373291016,41.189998626708984,41.165000915527344,41.176700592041016,91999
2025-07-15 17:00:00+00:00,41.13999938964844,41.185001373291016,41.119998931884766,41.185001373291016,89963
2025-07-15 17:05:00+00:00,41.1427001953125,41.150001525878906,41.119998931884766,41.1349983215332,63715
2025-07-15 17:10:00+00:00,41.20009994506836,41.220001220703125,41.13999938964844,41.150001525878906,146389
2025-07-15 17:15:00+00:00,41.19499969482422,41.220001220703125,41.189998626708984,41.209999084472656,82158
2025-07-15 17:20:00+00:00,41.19729995727539,41.20500183105469,41.18000030517578,41.19499969482422,66146
2025-07-15 17:25:00+00:00,41.21989822387695,41.220001220703125,41.189998626708984,41.19499969482422,87988
2025-07-15 17:30:00+00:00,41.21500015258789,41.22999954223633,41.20000076293945,41.21500015258789,94735
2025-07-15 17:35:00+00:00,41.230098724365234,41.2400016784668,41.21440124511719,41.21500015258789,133701
2025-07-15 17:40:00+00:00,41.2599983215332,41.27000045776367,41.224998474121094,41.23500061035156,102406
2025-07-15 17:45:00+00:00,41.28499984741211,41.31999969482422,41.25379943847656,41.2599983215332,98472
2025-07-15 17:50:00+00:00,41.27000045776367,41.290000915527344,41.27000045776367,41.28499984741211,76836
2025-07-15 17:55:00+00:00,41.2599983215332,41.279998779296875,41.25,41.275001525878906,85804
2025-07-15 18:00:00+00:00,41.25,41.257198333740234,41.209999084472656,41.25,115066
2025-07-15 18:05:00+00:00,41.28499984741211,41.29499816894531,41.23500061035156,41.244998931884766,115788
2025-07-15 18:10:00+00:00,41.29029846191406,41.310001373291016,41.28350067138672,41.28499984741211,97066
2025-07-15 18:15:00+00:00,41.31999969482422,41.33000183105469,41.275001525878906,41.29499816894531,126462
2025-07-15 18:20:00+00:00,41.33000183105469,41.34000015258789,41.310001373291016,41.314998626708984,100346
2025-07-15 18:25:00+00:00,41.29999923706055,41.33000183105469,41.279998779296875,41.33000183105469,125714
2025-07-15 18:30:00+00:00,41.345001220703125,41.369998931884766,41.299800872802734,41.299800872802734,228702
2025-07-15 18:35:00+00:00,41.345001220703125,41.37990188598633,41.34000015258789,41.345001220703125,98222
2025-07-15 18:40:00+00:00,41.34000015258789,41.36000061035156,41.33000183105469,41.349998474121094,85039
2025-07-15 18:45:00+00:00,41.33330154418945,41.349998474121094,41.32500076293945,41.34000015258789,58988
2025-07-15 18:50:00+00:00,41.30730056762695,41.34000015258789,41.29499816894531,41.3306999206543,85140
2025-07-15 18:55:00+00:00,41.29999923706055,41.29999923706055,41.279998779296875,41.28010177612305,78681
2025-07-15 19:00:00+00:00,41.28850173950195,41.29999923706055,41.27000045776367,41.29499816894531,114949
2025-07-15 19:05:00+00:00,41.31999969482422,41.33000183105469,41.27000045776367,41.279998779296875,116432
2025-07-15 19:10:00+00:00,41.32500076293945,41.32500076293945,41.290000915527344,41.314998626708984,86851
2025-07-15 19:15:00+00:00,41.33369827270508,41.349998474121094,41.30270004272461,41.32500076293945,146725
2025-07-15 19:20:00+00:00,41.334999084472656,41.34000015258789,41.320098876953125,41.334999084472656,110727
2025-07-15 19:25:00+00:00,41.32500076293945,41.334999084472656,41.310001373291016,41.334999084472656,164927
2025-07-15 19:30:00+00:00,41.314998626708984,41.337100982666016,41.310001373291016,41.32500076293945,114966
2025-07-15 19:35:00+00:00,41.313499450683594,41.33000183105469,41.310001373291016,41.314998626708984,104201
2025-07-15 19:40:00+00:00,41.31650161743164,41.31999969482422,41.29499816894531,41.314998626708984,159381
2025-07-15 19:45:00+00:00,41.369998931884766,41.3849983215332,41.310001373291016,41.314998626708984,226581
2025-07-15 19:50:00+00:00,41.32500076293945,41.3650016784668,41.310001373291016,41.36000061035156,297601
2025-07-15 19:55:00+00:00,41.244998931884766,41.33000183105469,41.2400016784668,41.32500076293945,955280
2025-07-16 13:30:00+00:00,41.34189987182617,41.349998474121094,41.21009826660156,41.27000045776367,4233159
2025-07-16 13:35:00+00:00,41.380001068115234,41.45000076293945,41.345001220703125,41.349998474121094,145111
2025-07-16 13:40:00+00:00,41.409698486328125,41.42499923706055,41.36000061035156,41.375,111077
2025-07-16 13:45:00+00:00,41.380001068115234,41.40999984741211,41.380001068115234,41.404998779296875,162681
2025-07-16 13:50:00+00:00,41.380001068115234,41.41999816894531,41.369998931884766,41.3849983215332,110174
2025-07-16 13:55:00+00:00,41.35499954223633,41.380001068115234,41.33000183105469,41.369998931884766,148750
2025-07-16 14:00:00+00:00,41.30500030517578,41.369998931884766,41.28499984741211,41.36000061035156,135138
2025-07-16 14:05:00+00:00,41.24789810180664,41.29999923706055,41.224998474121094,41.29999923706055,146950
2025-07-16 14:10:00+00:00,41.209999084472656,41.24760055541992,41.209999084472656,41.244998931884766,104320
2025-07-16 14:15:00+00:00,41.29499816894531,41.31999969482422,41.209999084472656,41.217498779296875,233941
2025-07-16 14:20:00+00:00,41.26499938964844,41.33000183105469,41.263301849365234,41.29499816894531,157048
2025-07-16 14:25:00+00:00,41.29999923706055,41.31990051269531,41.26499938964844,41.26499938964844,219264
2025-07-16 14:30:00+00:00,41.310001373291016,41.33000183105469,41.275001525878906,41.295101165771484,178017
2025-07-16 14:35:00+00:00,41.28499984741211,41.31990051269531,41.27000045776367,41.31990051269531,130971
2025-07-16 14:40:00+00:00,41.255001068115234,41.290000915527344,41.2400016784668,41.28499984741211,110642
2025-07-16 14:45:00+00:00,41.29499816894531,41.310001373291016,41.255001068115234,41.255001068115234,148266
2025-07-16 14:50:00+00:00,41.29999923706055,41.310001373291016,41.275001525878906,41.29499816894531,132271
2025-07-16 14:55:00+00:00,41.32500076293945,41.334999084472656,41.28499984741211,41.29999923706055,120181
2025-07-16 15:00:00+00:00,41.310001373291016,41.33000183105469,41.279998779296875,41.32500076293945,130981
2025-07-16 15:05:00+00:00,41.345001220703125,41.349998474121094,41.310001373291016,41.310001373291016,133728
2025-07-16 15:10:00+00:00,41.314998626708984,41.380001068115234,41.310001373291016,41.349998474121094,148192
2025-07-16 15:15:00+00:00,41.185001373291016,41.31999969482422,41.18000030517578,41.310001373291016,277868
2025-07-16 15:20:00+00:00,41.249900817871094,41.25,41.16999816894531,41.189998626708984,107575
2025-07-16 15:25:00+00:00,41.29999923706055,41.30500030517578,41.2400016784668,41.244998931884766,135864
2025-07-16 15:30:00+00:00,41.30500030517578,41.33000183105469,41.279998779296875,41.29999923706055,136996
2025-07-16 15:35:00+00:00,41.314998626708984,41.32780075073242,41.29499816894531,41.29999923706055,139844
2025-07-16 15:40:00+00:00,41.314998626708984,41.33000183105469,41.290000915527344,41.317100524902344,119846
2025-07-16 15:45:00+00:00,41.27000045776367,41.315101623535156,41.27000045776367,41.314998626708984,108792
2025-07-16 15:50:00+00:00,41.28499984741211,41.290000915527344,41.26499938964844,41.27000045776367,72697
2025-07-16 15:55:00+00:00,41.316001892089844,41.31999969482422,41.28499984741211,41.28499984741211,148454
2025-07-16 16:00:00+00:00,41.30500030517578,41.33000183105469,41.29999923706055,41.31999969482422,63971
2025-07-16 16:05:00+00:00,41.32500076293945,41.33000183105469,41.30500030517578,41.30500030517578,70427
2025-07-16 16:10:00+00:00,41.30500030517578,41.32709884643555,41.279998779296875,41.32500076293945,97237
2025-07-16 16:15:00+00:00,41.279998779296875,41.310001373291016,41.279998779296875,41.30500030517578,74215
2025-07-16 16:20:00+00:00,41.28499984741211,41.29999923706055,41.279998779296875,41.279998779296875,76604
2025-07-16 16:25:00+00:00,41.29499816894531,41.31999969482422,41.28499984741211,41.28499984741211,68169
2025-07-16 16:30:00+00:00,41.30500030517578,41.31999969482422,41.29499816894531,41.29999923706055,52556
2025-07-16 16:35:00+00:00,41.345001220703125,41.369998931884766,41.30500030517578,41.30500030517578,207708
2025-07-16 16:40:00+00:00,41.310001373291016,41.349998474121094,41.310001373291016,41.34239959716797,72298
2025-07-16 16:45:00+00:00,41.29499816894531,41.31999969482422,41.279998779296875,41.31999969482422,79492
2025-07-16 16:50:00+00:00,41.32500076293945,41.33000183105469,41.29499816894531,41.29499816894531,53785
2025-07-16 16:55:00+00:00,41.34000015258789,41.34000015258789,41.30009841918945,41.32500076293945,110152
2025-07-16 17:00:00+00:00,41.375,41.38999938964844,41.33000183105469,41.34000015258789,108561
2025-07-16 17:05:00+00:00,41.3849983215332,41.38999938964844,41.37009811401367,41.37189865112305,87770
2025-07-16 17:10:00+00:00,41.397499084472656,41.40999984741211,41.380001068115234,41.3849983215332,89818
2025-07-16 17:15:00+00:00,41.404998779296875,41.40999984741211,41.380001068115234,41.39500045776367,63429
2025-07-16 17:20:00+00:00,41.3650016784668,41.40999984741211,41.36000061035156,41.404998779296875,86628
2025-07-16 17:25:00+00:00,41.369998931884766,41.38999938964844,41.36009979248047,41.3650016784668,64941
2025-07-16 17:30:00+00:00,41.345001220703125,41.375,41.34000015258789,41.3650016784668,79017
2025-07-16 17:35:00+00:00,41.369998931884766,41.369998931884766,41.33000183105469,41.349998474121094,84048
2025-07-16 17:40:00+00:00,41.3650016784668,41.380001068115234,41.349998474121094,41.36000061035156,78248
2025-07-16 17:45:00+00:00,41.35499954223633,41.369998931884766,41.349998474121094,41.363800048828125,56624
2025-07-16 17:50:00+00:00,41.314998626708984,41.36000061035156,41.310001373291016,41.35499954223633,92709
2025-07-16 17:55:00+00:00,41.32500076293945,41.33000183105469,41.310001373291016,41.31480026245117,59432
2025-07-16 18:00:00+00:00,41.32500076293945,41.33000183105469,41.29999923706055,41.31999969482422,63268
2025-07-16 18:05:00+00:00,41.310001373291016,41.32500076293945,41.310001373291016,41.32500076293945,59452
2025-07-16 18:10:00+00:00,41.314998626708984,41.33000183105469,41.310001373291016,41.314998626708984,92212
2025-07-16 18:15:00+00:00,41.279998779296875,41.31999969482422,41.279998779296875,41.314998626708984,64268
2025-07-16 18:20:00+00:00,41.25,41.290000915527344,41.25,41.290000915527344,80072
2025-07-16 18:25:00+00:00,41.2400016784668,41.2599983215332,41.22999954223633,41.255001068115234,87611
2025-07-16 18:30:00+00:00,41.2599983215332,41.290000915527344,41.2400016784668,41.244998931884766,86995
2025-07-16 18:35:00+00:00,41.28499984741211,41.29999923706055,41.262001037597656,41.27000045776367,62295
2025-07-16 18:40:00+00:00,41.29499816894531,41.314998626708984,41.27000045776367,41.28499984741211,103610
2025-07-16 18:45:00+00:00,41.29499816894531,41.29999923706055,41.290000915527344,41.29349899291992,53876
2025-07-16 18:50:00+00:00,41.30500030517578,41.310001373291016,41.290000915527344,41.29999923706055,80011
2025-07-16 18:55:00+00:00,41.33000183105469,41.34000015258789,41.30500030517578,41.310001373291016,193880
2025-07-16 19:00:00+00:00,41.34000015258789,41.380001068115234,41.33250045776367,41.34000015258789,155101
2025-07-16 19:05:00+00:00,41.334999084472656,41.349998474121094,41.314998626708984,41.334999084472656,99021
2025-07-16 19:10:00+00:00,41.33549880981445,41.34000015258789,41.31999969482422,41.334999084472656,103870
2025-07-16 19:15:00+00:00,41.29999923706055,41.33769989013672,41.290000915527344,41.334999084472656,174145
2025-07-16 19:20:00+00:00,41.28499984741211,41.310001373291016,41.279998779296875,41.29499816894531,120064
2025-07-16 19:25:00+00:00,41.279998779296875,41.29999923706055,41.27000045776367,41.28499984741211,149032
2025-07-16 19:30:00+00:00,41.220001220703125,41.279998779296875,41.209999084472656,41.275001525878906,188906
2025-07-16 19:35:00+00:00,41.23500061035156,41.244998931884766,41.220001220703125,41.224998474121094,167762
2025-07-16 19:40:00+00:00,41.234500885009766,41.2400016784668,41.220001220703125,41.23500061035156,123145
2025-07-16 19:45:00+00:00,41.255001068115234,41.2599983215332,41.220001220703125,41.23500061035156,206069
2025-07-16 19:50:00+00:00,41.20500183105469,41.2599983215332,41.15999984741211,41.2599983215332,419998
2025-07-16 19:55:00+00:00,41.244998931884766,41.2599983215332,41.20000076293945,41.20000076293945,727861
2025-07-17 13:30:00+00:00,41.209999084472656,41.345001220703125,41.09000015258789,41.290000915527344,645688
2025-07-17 13:35:00+00:00,41.16999816894531,41.220401763916016,41.15999984741211,41.209999084472656,182861
2025-07-17 13:40:00+00:00,41.172000885009766,41.220001220703125,41.150001525878906,41.17499923706055,159520
2025-07-17 13:45:00+00:00,41.21500015258789,41.220001220703125,41.17190170288086,41.18000030517578,114277
2025-07-17 13:50:00+00:00,41.172298431396484,41.22999954223633,41.172298431396484,41.21500015258789,166925
2025-07-17 13:55:00+00:00,41.13999938964844,41.18000030517578,41.1349983215332,41.17499923706055,138509
2025-07-17 14:00:00+00:00,41.15999984741211,41.18000030517578,41.125,41.130001068115234,144512
2025-07-17 14:05:00+00:00,41.16999816894531,41.18000030517578,41.130001068115234,41.16529846191406,164045
2025-07-17 14:10:00+00:00,41.18280029296875,41.220001220703125,41.16999816894531,41.16999816894531,121998
2025-07-17 14:15:00+00:00,41.136199951171875,41.189998626708984,41.119998931884766,41.189998626708984,195674
2025-07-17 14:20:00+00:00,41.064998626708984,41.1349983215332,41.04999923706055,41.1349983215332,253483
2025-07-17 14:25:00+00:00,41.032100677490234,41.09000015258789,41.029998779296875,41.06999969482422,213849
2025-07-17 14:30:00+00:00,41.025001525878906,41.05500030517578,40.97999954223633,41.03499984741211,546244
2025-07-17 14:35:00+00:00,40.96500015258789,41.040000915527344,40.95000076293945,41.025001525878906,199560
2025-07-17 14:40:00+00:00,40.959999084472656,40.97999954223633,40.93000030517578,40.96500015258789,309138
2025-07-17 14:45:00+00:00,40.88999938964844,40.959999084472656,40.88999938964844,40.95500183105469,278261
2025-07-17 14:50:00+00:00,40.95500183105469,40.95989990234375,40.86000061035156,40.88999938964844,242190
2025-07-17 14:55:00+00:00,40.96500015258789,40.970001220703125,40.93000030517578,40.95500183105469,227452
2025-07-17 15:00:00+00:00,40.96500015258789,41.0,40.95500183105469,40.970001220703125,125358
2025-07-17 15:05:00+00:00,40.939998626708984,40.97740173339844,40.93000030517578,40.96500015258789,152876
2025-07-17 15:10:00+00:00,40.915199279785156,40.947601318359375,40.90999984741211,40.935001373291016,206586
2025-07-17 15:15:00+00:00,40.93000030517578,40.959999084472656,40.88999938964844,40.90999984741211,224679
2025-07-17 15:20:00+00:00,40.94670104980469,40.959999084472656,40.915000915527344,40.92499923706055,354686
2025-07-17 15:25:00+00:00,40.98500061035156,40.9900016784668,40.93000030517578,40.94499969482422,176194
2025-07-17 15:30:00+00:00,41.0099983215332,41.025001525878906,40.97999954223633,40.98500061035156,181892
2025-07-17 15:35:00+00:00,40.97999954223633,41.00768280029297,40.959999084472656,41.00768280029297,119311
2025-07-17 15:40:00+00:00,40.9900016784668,40.9900016784668,40.970001220703125,40.974998474121094,141929
2025-07-17 15:45:00+00:00,40.94499969482422,40.9900016784668,40.93000030517578,40.97999954223633,194641
2025-07-17 15:50:00+00:00,40.994998931884766,41.0099983215332,40.939998626708984,40.94499969482422,95204
2025-07-17 15:55:00+00:00,41.005001068115234,41.029998779296875,40.9900016784668,40.994998931884766,154644
2025-07-17 16:00:00+00:00,40.974998474121094,41.00979995727539,40.959999084472656,41.005001068115234,109225
2025-07-17 16:05:00+00:00,40.970001220703125,40.97999954223633,40.95500183105469,40.974998474121094,135959
2025-07-17 16:10:00+00:00,40.989898681640625,40.9900016784668,40.959999084472656,40.96009826660156,113421
2025-07-17 16:15:00+00:00,40.93000030517578,40.9822998046875,40.91999816894531,40.9822998046875,144139
2025-07-17 16:20:00+00:00,40.94499969482422,40.95989990234375,40.900001525878906,40.935001373291016,130988
2025-07-17 16:25:00+00:00,40.915000915527344,40.94660186767578,40.90999984741211,40.94499969482422,98258
2025-07-17 16:30:00+00:00,40.915000915527344,40.939998626708984,40.90999984741211,40.90999984741211,74876
2025-07-17 16:35:00+00:00,40.89500045776367,40.93000030517578,40.88999938964844,40.9197998046875,177204
2025-07-17 16:40:00+00:00,40.92100143432617,40.939998626708984,40.900001525878906,40.900001525878906,111275
2025-07-17 16:45:00+00:00,40.875,40.92499923706055,40.869998931884766,40.91999816894531,157709
2025-07-17 16:50:00+00:00,40.86000061035156,40.900001525878906,40.84000015258789,40.87670135498047,204176
2025-07-17 16:55:00+00:00,40.886600494384766,40.88999938964844,40.86000061035156,40.8650016784668,86757
2025-07-17 17:00:00+00:00,40.875,40.8849983215332,40.86000061035156,40.880001068115234,71001
2025-07-17 17:05:00+00:00,40.87519836425781,40.88999938964844,40.83000183105469,40.869998931884766,201159
2025-07-17 17:10:00+00:00,40.880001068115234,40.88999938964844,40.849998474121094,40.869998931884766,102018
2025-07-17 17:15:00+00:00,40.875,40.88999938964844,40.869998931884766,40.8849983215332,59555
2025-07-17 17:20:00+00:00,40.900001525878906,40.90999984741211,40.86000061035156,40.869998931884766,173673
2025-07-17 17:25:00+00:00,40.915000915527344,40.93000030517578,40.900001525878906,40.904998779296875,151396
2025-07-17 17:30:00+00:00,40.95500183105469,40.959999084472656,40.915000915527344,40.91669845581055,176373
2025-07-17 17:35:00+00:00,40.95000076293945,40.970001220703125,40.939998626708984,40.95500183105469,120489
2025-07-17 17:40:00+00:00,40.959999084472656,40.970001220703125,40.939998626708984,40.95000076293945,70417
2025-07-17 17:45:00+00:00,40.92499923706055,40.970001220703125,40.92100143432617,40.96070098876953,81374
2025-07-17 17:50:00+00:00,40.935001373291016,40.939998626708984,40.91999816894531,40.92499923706055,88365
2025-07-17 17:55:00+00:00,40.904998779296875,40.935001373291016,40.904998779296875,40.935001373291016,83968
2025-07-17 18:00:00+00:00,40.94900131225586,40.95500183105469,40.900001525878906,40.904998779296875,123690
2025-07-17 18:05:00+00:00,40.95500183105469,40.970001220703125,40.939998626708984,40.94499969482422,87610
2025-07-17 18:10:00+00:00,40.95009994506836,40.97999954223633,40.95000076293945,40.95000076293945,137038
2025-07-17 18:15:00+00:00,40.967498779296875,40.968299865722656,40.95000076293945,40.95500183105469,76944
2025-07-17 18:20:00+00:00,40.989498138427734,41.0,40.95009994506836,40.959999084472656,93938
2025-07-17 18:25:00+00:00,41.025001525878906,41.040000915527344,40.98500061035156,40.98500061035156,158103
2025-07-17 18:30:00+00:00,41.03499984741211,41.040000915527344,41.02000045776367,41.029998779296875,82003
2025-07-17 18:35:00+00:00,41.04249954223633,41.04999923706055,41.02000045776367,41.03499984741211,101254
2025-07-17 18:40:00+00:00,41.025001525878906,41.04999923706055,41.02000045776367,41.04359817504883,62177
2025-07-17 18:45:00+00:00,41.02470016479492,41.03499984741211,41.0,41.02410125732422,84104
2025-07-17 18:50:00+00:00,41.064998626708984,41.06990051269531,41.01499938964844,41.025001525878906,93886
2025-07-17 18:55:00+00:00,41.07500076293945,41.08000183105469,41.060001373291016,41.064998626708984,90170
2025-07-17 19:00:00+00:00,41.08000183105469,41.119998931884766,41.070098876953125,41.07500076293945,229979
2025-07-17 19:05:00+00:00,41.095001220703125,41.099998474121094,41.05500030517578,41.07500076293945,107353
2025-07-17 19:10:00+00:00,41.08359909057617,41.099998474121094,41.06999969482422,41.09000015258789,156435
2025-07-17 19:15:00+00:00,41.04499816894531,41.127498626708984,41.040000915527344,41.084999084472656,258807
2025-07-17 19:20:00+00:00,41.04669952392578,41.05670166015625,41.02000045776367,41.04999923706055,184964
2025-07-17 19:25:00+00:00,41.05500030517578,41.06999969482422,41.040000915527344,41.04999923706055,105348
2025-07-17 19:30:00+00:00,41.0099983215332,41.064998626708984,41.0099983215332,41.05500030517578,121677
2025-07-17 19:35:00+00:00,41.04999923706055,41.04999923706055,41.01219940185547,41.02000045776367,109046
2025-07-17 19:40:00+00:00,41.025001525878906,41.04499816894531,41.0,41.04499816894531,183264
2025-07-17 19:45:00+00:00,41.029998779296875,41.04999923706055,41.02000045776367,41.025001525878906,337237
2025-07-17 19:50:00+00:00,41.0,41.029998779296875,40.97420120239258,41.029998779296875,426178
2025-07-17 19:55:00+00:00,40.9900016784668,41.0,40.939998626708984,40.994998931884766,1654391
2025-07-18 13:30:00+00:00,41.01499938964844,41.08000183105469,40.935001373291016,40.97999954223633,1627270
2025-07-18 13:35:00+00:00,41.035701751708984,41.04999923706055,40.959999084472656,41.02000045776367,249779
2025-07-18 13:40:00+00:00,41.0099983215332,41.064998626708984,40.974998474121094,41.03820037841797,230417
2025-07-18 13:45:00+00:00,41.0099983215332,41.02000045776367,40.970001220703125,41.01499938964844,141341
2025-07-18 13:50:00+00:00,41.025001525878906,41.029998779296875,41.0,41.01499938964844,197059
2025-07-18 13:55:00+00:00,41.02000045776367,41.064998626708984,41.02000045776367,41.029998779296875,221805
2025-07-18 14:00:00+00:00,41.029998779296875,41.08000183105469,41.013099670410156,41.029998779296875,226965
2025-07-18 14:05:00+00:00,41.03499984741211,41.060001373291016,41.02000045776367,41.040000915527344,219176
2025-07-18 14:10:00+00:00,41.025001525878906,41.035301208496094,40.970001220703125,41.029998779296875,251173
2025-07-18 14:15:00+00:00,41.0099983215332,41.040000915527344,41.0,41.029998779296875,175697
2025-07-18 14:20:00+00:00,41.05500030517578,41.05500030517578,41.02000045776367,41.029998779296875,147599
2025-07-18 14:25:00+00:00,41.03499984741211,41.1150016784668,41.029998779296875,41.05500030517578,327248
2025-07-18 14:30:00+00:00,41.020301818847656,41.040000915527344,41.005001068115234,41.03499984741211,170415
2025-07-18 14:35:00+00:00,40.94499969482422,41.029998779296875,40.92499923706055,41.029998779296875,216833
2025-07-18 14:40:00+00:00,40.842899322509766,40.94499969482422,40.84000015258789,40.94499969482422,209931
2025-07-18 14:45:00+00:00,40.859901428222656,40.869998931884766,40.83000183105469,40.845001220703125,224673
2025-07-18 14:50:00+00:00,40.88999938964844,40.88999938964844,40.849998474121094,40.85499954223633,207317
2025-07-18 14:55:00+00:00,40.900001525878906,40.91999816894531,40.8849983215332,40.8849983215332,172616
2025-07-18 15:00:00+00:00,41.02000045776367,41.02000045776367,40.89500045776367,40.904998779296875,185625
2025-07-18 15:05:00+00:00,40.96500015258789,41.025001525878906,40.959999084472656,41.02000045776367,102294
2025-07-18 15:10:00+00:00,40.93000030517578,40.974998474121094,40.93000030517578,40.959999084472656,81913
2025-07-18 15:15:00+00:00,40.91230010986328,40.935001373291016,40.88999938964844,40.93299865722656,149207
2025-07-18 15:20:00+00:00,40.9005012512207,40.91999816894531,40.88999938964844,40.915000915527344,102949
2025-07-18 15:25:00+00:00,40.904998779296875,40.90999984741211,40.88999938964844,40.90570068359375,77276
2025-07-18 15:30:00+00:00,40.89500045776367,40.935001373291016,40.8927001953125,40.904998779296875,166107
2025-07-18 15:35:00+00:00,40.8849983215332,40.89500045776367,40.869998931884766,40.88999938964844,149316
2025-07-18 15:40:00+00:00,40.869998931884766,40.90530014038086,40.86000061035156,40.8849983215332,148969
2025-07-18 15:45:00+00:00,40.8650016784668,40.880001068115234,40.849998474121094,40.875,102787
2025-07-18 15:50:00+00:00,40.85499954223633,40.869998931884766,40.84000015258789,40.86980056762695,156434
2025-07-18 15:55:00+00:00,40.8650016784668,40.869998931884766,40.84000015258789,40.85499954223633,135308
2025-07-18 16:00:00+00:00,40.86819839477539,40.880001068115234,40.86000061035156,40.8650016784668,123076
2025-07-18 16:05:00+00:00,40.85329818725586,40.875,40.849998474121094,40.8650016784668,129718
2025-07-18 16:10:00+00:00,40.900001525878906,40.904998779296875,40.84000015258789,40.85499954223633,138855
2025-07-18 16:15:00+00:00,40.89500045776367,40.91999816894531,40.88999938964844,40.89500045776367,145361
2025-07-18 16:20:00+00:00,40.84270095825195,40.900001525878906,40.84000015258789,40.900001525878906,93413
2025-07-18 16:25:00+00:00,40.83000183105469,40.849998474121094,40.79999923706055,40.845001220703125,212297
2025-07-18 16:30:00+00:00,40.92499923706055,40.92499923706055,40.83000183105469,40.834999084472656,121258
2025-07-18 16:35:00+00:00,40.875,40.93000030517578,40.869998931884766,40.929901123046875,80608
2025-07-18 16:40:00+00:00,40.83000183105469,40.876644134521484,40.81999969482422,40.875,136304
2025-07-18 16:45:00+00:00,40.82500076293945,40.84000015258789,40.810001373291016,40.834999084472656,124181
2025-07-18 16:50:00+00:00,40.85319900512695,40.8650016784668,40.81999969482422,40.82500076293945,206388
2025-07-18 16:55:00+00:00,40.82500076293945,40.856201171875,40.81999969482422,40.85499954223633,136448
2025-07-18 17:00:00+00:00,40.82500076293945,40.83000183105469,40.79999923706055,40.82500076293945,130014
2025-07-18 17:05:00+00:00,40.82749938964844,40.83000183105469,40.810001373291016,40.82500076293945,123040
2025-07-18 17:10:00+00:00,40.779998779296875,40.82680130004883,40.779998779296875,40.82500076293945,174545
2025-07-18 17:15:00+00:00,40.755001068115234,40.78810119628906,40.72999954223633,40.78499984741211,347531
2025-07-18 17:20:00+00:00,40.71500015258789,40.7599983215332,40.689998626708984,40.755001068115234,279256
2025-07-18 17:25:00+00:00,40.73500061035156,40.75,40.709999084472656,40.714900970458984,182010
2025-07-18 17:30:00+00:00,40.82500076293945,40.82500076293945,40.73500061035156,40.73500061035156,129495
2025-07-18 17:35:00+00:00,40.80500030517578,40.84000015258789,40.80179977416992,40.82500076293945,110165
2025-07-18 17:40:00+00:00,40.83000183105469,40.849998474121094,40.80500030517578,40.809898376464844,104549
2025-07-18 17:45:00+00:00,40.814998626708984,40.84000015258789,40.810001373291016,40.83000183105469,95444
2025-07-18 17:50:00+00:00,40.79499816894531,40.81999969482422,40.779998779296875,40.810001373291016,106898
2025-07-18 17:55:00+00:00,40.779998779296875,40.80500030517578,40.775001525878906,40.79499816894531,105292
2025-07-18 18:00:00+00:00,40.77000045776367,40.79999923706055,40.75,40.779998779296875,130322
2025-07-18 18:05:00+00:00,40.77000045776367,40.79499816894531,40.7599983215332,40.77000045776367,106953
2025-07-18 18:10:00+00:00,40.76499938964844,40.78499984741211,40.763301849365234,40.775001525878906,96099
2025-07-18 18:15:00+00:00,40.75339889526367,40.769901275634766,40.743499755859375,40.76499938964844,132310
2025-07-18 18:20:00+00:00,40.76499938964844,40.779998779296875,40.75,40.7599983215332,124286
2025-07-18 18:25:00+00:00,40.744998931884766,40.779998779296875,40.72999954223633,40.77000045776367,118622
2025-07-18 18:30:00+00:00,40.744998931884766,40.7599983215332,40.720001220703125,40.744998931884766,161774
2025-07-18 18:35:00+00:00,40.75529861450195,40.7599983215332,40.7400016784668,40.744998931884766,123675
2025-07-18 18:40:00+00:00,40.75,40.7599983215332,40.73500061035156,40.756446838378906,151424
2025-07-18 18:45:00+00:00,40.73500061035156,40.7599983215332,40.72999954223633,40.744998931884766,114006
2025-07-18 18:50:00+00:00,40.775001525878906,40.779998779296875,40.72999954223633,40.73500061035156,341649
2025-07-18 18:55:00+00:00,40.76219940185547,40.779998779296875,40.75,40.77000045776367,135903
2025-07-18 19:00:00+00:00,40.755001068115234,40.779998779296875,40.72999954223633,40.77000045776367,160864
2025-07-18 19:05:00+00:00,40.71500015258789,40.75749969482422,40.70000076293945,40.755001068115234,247973
2025-07-18 19:10:00+00:00,40.717498779296875,40.72999954223633,40.709999084472656,40.71500015258789,134036
2025-07-18 19:15:00+00:00,40.75,40.75,40.709999084472656,40.709999084472656,228343
2025-07-18 19:20:00+00:00,40.755001068115234,40.7599983215332,40.7400016784668,40.744998931884766,155825
2025-07-18 19:25:00+00:00,40.775001525878906,40.779998779296875,40.7400016784668,40.7599983215332,275615
2025-07-18 19:30:00+00:00,40.77000045776367,40.779998779296875,40.75,40.775001525878906,279291
2025-07-18 19:35:00+00:00,40.755001068115234,40.77000045776367,40.7400016784668,40.76750183105469,364172
2025-07-18 19:40:00+00:00,40.73500061035156,40.7599983215332,40.71179962158203,40.755001068115234,464271
2025-07-18 19:45:00+00:00,40.814998626708984,40.81999969482422,40.72999954223633,40.73500061035156,392611
2025-07-18 19:50:00+00:00,40.775001525878906,40.81999969482422,40.75,40.81999969482422,591022
2025-07-18 19:55:00+00:00,40.79999923706055,40.814998626708984,40.75,40.775001525878906,1832066
2025-07-21 13:30:00+00:00,42.04999923706055,42.40999984741211,41.849998474121094,41.95000076293945,6173042
2025-07-21 13:35:00+00:00,41.790000915527344,42.150001525878906,41.77000045776367,42.04999923706055,1297863
2025-07-21 13:40:00+00:00,41.73500061035156,41.875,41.68000030517578,41.79669952392578,913652
2025-07-21 13:45:00+00:00,41.85499954223633,41.880001068115234,41.72999954223633,41.73500061035156,600739
2025-07-21 13:50:00+00:00,41.814998626708984,41.900001525878906,41.72999954223633,41.85499954223633,536981
2025-07-21 13:55:00+00:00,41.96500015258789,41.970001220703125,41.79499816894531,41.85499954223633,427689
2025-07-21 14:00:00+00:00,42.17499923706055,42.18000030517578,41.96009826660156,41.96659851074219,669603
2025-07-21 14:05:00+00:00,42.22010040283203,42.26499938964844,42.16999816894531,42.17250061035156,623927
2025-07-21 14:10:00+00:00,42.372501373291016,42.43000030517578,42.209999084472656,42.224998474121094,887838
2025-07-21 14:15:00+00:00,42.525001525878906,42.540000915527344,42.349998474121094,42.369998931884766,816442
2025-07-21 14:20:00+00:00,42.55500030517578,42.619998931884766,42.52299880981445,42.525001525878906,1118326
2025-07-21 14:25:00+00:00,42.66999816894531,42.689998626708984,42.490299224853516,42.560001373291016,921636
2025-07-21 14:30:00+00:00,42.54499816894531,42.7400016784668,42.529998779296875,42.67499923706055,830024
2025-07-21 14:35:00+00:00,42.573299407958984,42.68000030517578,42.540000915527344,42.54999923706055,631885
2025-07-21 14:40:00+00:00,42.48379898071289,42.60649871826172,42.45000076293945,42.57500076293945,525484
2025-07-21 14:45:00+00:00,42.4900016784668,42.52750015258789,42.310001373291016,42.480098724365234,1025086
2025-07-21 14:50:00+00:00,42.459999084472656,42.52000045776367,42.44499969482422,42.494998931884766,316299
2025-07-21 14:55:00+00:00,42.6150016784668,42.619998931884766,42.439998626708984,42.45500183105469,437104
2025-07-21 15:00:00+00:00,42.619998931884766,42.68000030517578,42.59000015258789,42.6150016784668,545876
2025-07-21 15:05:00+00:00,42.687599182128906,42.689998626708984,42.599998474121094,42.6150016784668,339291
2025-07-21 15:10:00+00:00,42.63479995727539,42.70500183105469,42.599998474121094,42.685001373291016,517111
2025-07-21 15:15:00+00:00,42.564998626708984,42.64500045776367,42.5099983215332,42.6349983215332,395755
2025-07-21 15:20:00+00:00,42.6349983215332,42.650001525878906,42.56420135498047,42.564998626708984,332133
2025-07-21 15:25:00+00:00,42.66350173950195,42.70000076293945,42.630001068115234,42.63999938964844,369156
2025-07-21 15:30:00+00:00,42.67499923706055,42.68000030517578,42.62009811401367,42.66299819946289,285277
2025-07-21 15:35:00+00:00,42.7047004699707,42.72999954223633,42.65999984741211,42.67499923706055,313428
2025-07-21 15:40:00+00:00,42.79999923706055,42.81999969482422,42.685001373291016,42.70500183105469,763976
2025-07-21 15:45:00+00:00,42.775001525878906,42.81999969482422,42.754798889160156,42.79499816894531,330051
2025-07-21 15:50:00+00:00,42.755001068115234,42.810001373291016,42.75,42.779998779296875,396844
2025-07-21 15:55:00+00:00,42.779998779296875,42.79999923706055,42.75,42.755001068115234,452823
2025-07-21 16:00:00+00:00,42.775001525878906,42.80500030517578,42.7400016784668,42.777400970458984,273347
2025-07-21 16:05:00+00:00,42.78499984741211,42.80500030517578,42.77009963989258,42.775001525878906,258080
2025-07-21 16:10:00+00:00,42.875,42.88999938964844,42.77009963989258,42.78499984741211,951789
2025-07-21 16:15:00+00:00,42.83000183105469,42.93000030517578,42.810001373291016,42.880001068115234,498430
2025-07-21 16:20:00+00:00,42.85499954223633,42.93000030517578,42.834999084472656,42.834999084472656,385585
2025-07-21 16:25:00+00:00,42.793800354003906,42.86000061035156,42.779998779296875,42.85499954223633,216469
2025-07-21 16:30:00+00:00,42.86000061035156,42.880001068115234,42.790000915527344,42.79650115966797,234084
2025-07-21 16:35:00+00:00,42.880001068115234,42.91849899291992,42.84349822998047,42.85499954223633,248510
2025-07-21 16:40:00+00:00,42.936798095703125,42.939998626708984,42.880001068115234,42.8849983215332,621066
2025-07-21 16:45:00+00:00,42.85499954223633,43.0,42.849998474121094,42.939701080322266,925942
2025-07-21 16:50:00+00:00,42.915000915527344,42.91999816894531,42.85329818725586,42.85499954223633,180227
2025-07-21 16:55:00+00:00,42.935001373291016,42.97999954223633,42.915000915527344,42.915000915527344,237505
2025-07-21 17:00:00+00:00,42.96500015258789,42.97999954223633,42.89500045776367,42.935001373291016,168633
2025-07-21 17:05:00+00:00,43.01470184326172,43.029998779296875,42.94499969482422,42.96860122680664,280248
2025-07-21 17:10:00+00:00,43.02000045776367,43.08000183105469,43.0,43.0099983215332,296072
2025-07-21 17:15:00+00:00,42.95500183105469,43.029998779296875,42.939998626708984,43.029998779296875,314794
2025-07-21 17:20:00+00:00,43.028099060058594,43.029998779296875,42.95000076293945,42.95500183105469,467521
2025-07-21 17:25:00+00:00,43.025001525878906,43.064998626708984,43.0099983215332,43.025001525878906,574997
2025-07-21 17:30:00+00:00,43.0359001159668,43.040000915527344,42.9900016784668,43.025001525878906,301870
2025-07-21 17:35:00+00:00,43.029998779296875,43.06999969482422,43.01319885253906,43.03499984741211,250168
2025-07-21 17:40:00+00:00,42.834999084472656,43.040000915527344,42.810001373291016,43.03070068359375,614290
2025-07-21 17:45:00+00:00,42.92770004272461,42.939998626708984,42.834999084472656,42.834999084472656,225277
2025-07-21 17:50:00+00:00,42.845001220703125,42.939998626708984,42.84000015258789,42.92499923706055,187150
2025-07-21 17:55:00+00:00,42.91999816894531,42.935001373291016,42.84000015258789,42.84000015258789,268173
2025-07-21 18:00:00+00:00,42.8849983215332,42.939998626708984,42.869998931884766,42.92499923706055,194322
2025-07-21 18:05:00+00:00,42.855201721191406,42.88999938964844,42.775001525878906,42.88999938964844,268439
2025-07-21 18:10:00+00:00,42.79499816894531,42.85499954223633,42.790000915527344,42.85499954223633,159821
2025-07-21 18:15:00+00:00,42.779998779296875,42.790000915527344,42.7400016784668,42.790000915527344,173466
2025-07-21 18:20:00+00:00,42.71500015258789,42.779998779296875,42.709999084472656,42.779998779296875,221239
2025-07-21 18:25:00+00:00,42.766700744628906,42.779998779296875,42.70000076293945,42.720001220703125,196328
2025-07-21 18:30:00+00:00,42.750099182128906,42.779998779296875,42.720001220703125,42.76499938964844,305327
2025-07-21 18:35:00+00:00,42.79499816894531,42.810001373291016,42.73500061035156,42.759300231933594,175241
2025-07-21 18:40:00+00:00,42.78499984741211,42.79999923706055,42.764801025390625,42.79999923706055,153245
2025-07-21 18:45:00+00:00,42.74470138549805,42.79999923706055,42.7400016784668,42.78350067138672,182737
2025-07-21 18:50:00+00:00,42.755001068115234,42.7599983215332,42.709999084472656,42.7400016784668,191695
2025-07-21 18:55:00+00:00,42.69990158081055,42.78499984741211,42.67499923706055,42.753501892089844,337316
2025-07-21 19:00:00+00:00,42.63999938964844,42.69499969482422,42.63999938964844,42.69499969482422,267695
2025-07-21 19:05:00+00:00,42.689998626708984,42.72999954223633,42.64250183105469,42.64500045776367,335898
2025-07-21 19:10:00+00:00,42.685001373291016,42.70000076293945,42.63999938964844,42.685001373291016,253470
2025-07-21 19:15:00+00:00,42.65420150756836,42.689998626708984,42.650001525878906,42.685001373291016,284517
2025-07-21 19:20:00+00:00,42.599998474121094,42.65999984741211,42.529998779296875,42.654998779296875,589850
2025-07-21 19:25:00+00:00,42.6349983215332,42.665000915527344,42.58000183105469,42.595001220703125,290385
2025-07-21 19:30:00+00:00,42.665000915527344,42.66999816894531,42.59000015258789,42.6349983215332,511148
2025-07-21 19:35:00+00:00,42.584999084472656,42.665000915527344,42.54499816894531,42.665000915527344,500211
2025-07-21 19:40:00+00:00,42.54499816894531,42.595001220703125,42.53499984741211,42.584999084472656,355642
2025-07-21 19:45:00+00:00,42.60499954223633,42.6150016784668,42.5,42.54499816894531,714968
2025-07-21 19:50:00+00:00,42.53499984741211,42.605201721191406,42.52000045776367,42.605201721191406,757117
2025-07-21 19:55:00+00:00,42.505001068115234,42.54999923706055,42.369998931884766,42.53499984741211,2981549
2025-07-22 13:30:00+00:00,42.84000015258789,42.86000061035156,42.54999923706055,42.744998931884766,1160286
2025-07-22 13:35:00+00:00,43.0099983215332,43.060001373291016,42.79999923706055,42.834999084472656,756536
2025-07-22 13:40:00+00:00,43.255001068115234,43.28499984741211,42.9900016784668,43.00019836425781,809789
2025-07-22 13:45:00+00:00,43.314998626708984,43.349998474121094,43.2400016784668,43.25529861450195,842989
2025-07-22 13:50:00+00:00,43.45000076293945,43.4900016784668,43.29999923706055,43.314998626708984,776933
2025-07-22 13:55:00+00:00,43.380001068115234,43.45000076293945,43.32500076293945,43.44499969482422,393964
2025-07-22 14:00:00+00:00,43.42499923706055,43.470001220703125,43.32500076293945,43.375,588700
2025-07-22 14:05:00+00:00,43.255001068115234,43.42499923706055,43.2400016784668,43.41999816894531,449205
2025-07-22 14:10:00+00:00,43.099998474121094,43.2599983215332,43.099998474121094,43.255001068115234,321779
2025-07-22 14:15:00+00:00,43.17499923706055,43.17499923706055,43.060001373291016,43.099998474121094,260556
2025-07-22 14:20:00+00:00,43.1349983215332,43.189998626708984,43.099998474121094,43.17499923706055,333392
2025-07-22 14:25:00+00:00,43.17499923706055,43.18000030517578,43.11000061035156,43.137298583984375,217051
2025-07-22 14:30:00+00:00,43.07500076293945,43.185001373291016,43.07500076293945,43.17499923706055,230102
2025-07-22 14:35:00+00:00,42.9734992980957,43.08000183105469,42.9734992980957,43.07500076293945,269692
2025-07-22 14:40:00+00:00,42.96500015258789,43.0099983215332,42.93000030517578,42.974998474121094,167534
2025-07-22 14:45:00+00:00,42.95500183105469,42.97999954223633,42.93000030517578,42.96500015258789,178505
2025-07-22 14:50:00+00:00,42.939998626708984,43.0,42.89500045776367,42.959999084472656,255517
2025-07-22 14:55:00+00:00,42.91999816894531,42.95000076293945,42.883052825927734,42.94499969482422,252883
2025-07-22 15:00:00+00:00,42.880001068115234,42.94499969482422,42.880001068115234,42.92499923706055,218715
2025-07-22 15:05:00+00:00,42.90999984741211,42.91999816894531,42.84000015258789,42.8849983215332,152596
2025-07-22 15:10:00+00:00,42.904998779296875,42.970001220703125,42.869998931884766,42.91999816894531,186684
2025-07-22 15:15:00+00:00,42.88999938964844,42.915000915527344,42.849998474121094,42.904998779296875,146098
2025-07-22 15:20:00+00:00,42.8849983215332,42.89500045776367,42.83000183105469,42.8849983215332,200356
2025-07-22 15:25:00+00:00,42.814998626708984,42.88999938964844,42.814998626708984,42.8849983215332,150564
2025-07-22 15:30:00+00:00,42.787498474121094,42.82619857788086,42.779998779296875,42.814998626708984,178113
2025-07-22 15:35:00+00:00,42.7400016784668,42.80500030517578,42.724998474121094,42.779998779296875,176129
2025-07-22 15:40:00+00:00,42.66999816894531,42.75,42.66999816894531,42.744998931884766,174770
2025-07-22 15:45:00+00:00,42.67499923706055,42.69900131225586,42.65999984741211,42.66999816894531,194021
2025-07-22 15:50:00+00:00,42.73500061035156,42.744998931884766,42.630001068115234,42.67499923706055,295450
2025-07-22 15:55:00+00:00,42.744998931884766,42.79499816894531,42.720001220703125,42.73440170288086,384824
2025-07-22 16:00:00+00:00,42.875,42.875,42.74470138549805,42.74470138549805,288862
2025-07-22 16:05:00+00:00,42.85070037841797,42.90999984741211,42.85070037841797,42.869998931884766,170825
2025-07-22 16:10:00+00:00,42.81999969482422,42.869998931884766,42.814998626708984,42.85499954223633,112474
2025-07-22 16:15:00+00:00,42.790000915527344,42.814998626708984,42.790000915527344,42.814998626708984,70168
2025-07-22 16:20:00+00:00,42.80500030517578,42.81999969482422,42.779998779296875,42.79499816894531,119123
2025-07-22 16:25:00+00:00,42.85499954223633,42.85530090332031,42.79999923706055,42.810001373291016,93732
2025-07-22 16:30:00+00:00,42.79999923706055,42.85499954223633,42.79999923706055,42.85499954223633,106614
2025-07-22 16:35:00+00:00,42.814998626708984,42.83000183105469,42.790000915527344,42.79499816894531,105395
2025-07-22 16:40:00+00:00,42.79499816894531,42.814998626708984,42.760101318359375,42.81439971923828,121810
2025-07-22 16:45:00+00:00,42.79999923706055,42.810001373291016,42.790000915527344,42.79010009765625,72392
2025-07-22 16:50:00+00:00,42.744998931884766,42.80500030517578,42.7400016784668,42.79249954223633,117879
2025-07-22 16:55:00+00:00,42.724998474121094,42.75,42.722999572753906,42.74150085449219,91955
2025-07-22 17:00:00+00:00,42.70500183105469,42.73500061035156,42.70000076293945,42.724998474121094,139686
2025-07-22 17:05:00+00:00,42.67300033569336,42.70500183105469,42.650001525878906,42.70500183105469,146994
2025-07-22 17:10:00+00:00,42.66999816894531,42.689998626708984,42.65999984741211,42.67499923706055,126391
2025-07-22 17:15:00+00:00,42.71500015258789,42.71699905395508,42.66999816894531,42.66999816894531,79858
2025-07-22 17:20:00+00:00,42.633201599121094,42.7165641784668,42.633201599121094,42.7165641784668,129172
2025-07-22 17:25:00+00:00,42.665000915527344,42.68656539916992,42.630001068115234,42.6349983215332,136803
2025-07-22 17:30:00+00:00,42.69499969482422,42.70000076293945,42.650001525878906,42.665000915527344,163734
2025-07-22 17:35:00+00:00,42.71500015258789,42.720001220703125,42.690101623535156,42.69499969482422,94328
2025-07-22 17:40:00+00:00,42.7400016784668,42.749900817871094,42.709999084472656,42.720001220703125,194756
2025-07-22 17:45:00+00:00,42.775001525878906,42.79990005493164,42.744998931884766,42.744998931884766,139736
2025-07-22 17:50:00+00:00,42.73500061035156,42.779998779296875,42.72999954223633,42.775001525878906,98307
2025-07-22 17:55:00+00:00,42.7400016784668,42.7599983215332,42.72999954223633,42.73500061035156,111797
2025-07-22 18:00:00+00:00,42.755001068115234,42.775001525878906,42.72999954223633,42.7400016784668,166608
2025-07-22 18:05:00+00:00,42.775001525878906,42.790000915527344,42.755001068115234,42.755001068115234,129425
2025-07-22 18:10:00+00:00,42.779998779296875,42.790000915527344,42.7599983215332,42.770301818847656,97761
2025-07-22 18:15:00+00:00,42.809898376464844,42.84000015258789,42.775001525878906,42.775001525878906,211363
2025-07-22 18:20:00+00:00,42.80500030517578,42.81999969482422,42.790000915527344,42.8046989440918,126286
2025-07-22 18:25:00+00:00,42.78499984741211,42.810001373291016,42.76179885864258,42.80500030517578,136000
2025-07-22 18:30:00+00:00,42.792598724365234,42.79499816894531,42.76350021362305,42.779998779296875,91378
2025-07-22 18:35:00+00:00,42.779998779296875,42.790000915527344,42.7400016784668,42.790000915527344,142033
2025-07-22 18:40:00+00:00,42.7682991027832,42.790000915527344,42.7599983215332,42.775001525878906,110459
2025-07-22 18:45:00+00:00,42.73500061035156,42.77000045776367,42.720001220703125,42.769901275634766,140621
2025-07-22 18:50:00+00:00,42.73320007324219,42.75,42.72999954223633,42.72999954223633,117390
2025-07-22 18:55:00+00:00,42.72100067138672,42.7400016784668,42.720001220703125,42.73099899291992,92174
2025-07-22 19:00:00+00:00,42.724998474121094,42.7598991394043,42.709999084472656,42.724998474121094,135710
2025-07-22 19:05:00+00:00,42.724998474121094,42.73500061035156,42.70000076293945,42.724998474121094,159983
2025-07-22 19:10:00+00:00,42.70500183105469,42.72999954223633,42.70000076293945,42.72480010986328,146806
2025-07-22 19:15:00+00:00,42.76499938964844,42.77000045776367,42.70000076293945,42.70500183105469,145724
2025-07-22 19:20:00+00:00,42.779998779296875,42.790000915527344,42.7599983215332,42.76499938964844,158093
2025-07-22 19:25:00+00:00,42.82500076293945,42.84000015258789,42.779998779296875,42.78499984741211,419698
2025-07-22 19:30:00+00:00,42.78499984741211,42.83000183105469,42.779998779296875,42.82500076293945,385742
2025-07-22 19:35:00+00:00,42.81999969482422,42.83000183105469,42.779998779296875,42.78499984741211,276222
2025-07-22 19:40:00+00:00,42.88999938964844,42.900001525878906,42.83000183105469,42.83000183105469,367901
2025-07-22 19:45:00+00:00,42.900001525878906,42.91999816894531,42.880001068115234,42.88999938964844,283736
2025-07-22 19:50:00+00:00,42.814998626708984,42.904998779296875,42.810001373291016,42.904998779296875,511259
2025-07-22 19:55:00+00:00,42.95000076293945,42.959999084472656,42.814998626708984,42.81999969482422,1746949
2025-07-23 13:30:00+00:00,42.23500061035156,42.470001220703125,42.08000183105469,42.2400016784668,2397527
2025-07-23 13:35:00+00:00,42.165199279785156,42.26499938964844,42.04999923706055,42.220001220703125,897001
2025-07-23 13:40:00+00:00,42.279998779296875,42.349998474121094,42.099998474121094,42.165000915527344,786839
2025-07-23 13:45:00+00:00,42.369998931884766,42.415000915527344,42.2599983215332,42.279998779296875,655328
2025-07-23 13:50:00+00:00,42.435001373291016,42.470001220703125,42.349998474121094,42.375,381205
2025-07-23 13:55:00+00:00,42.59000015258789,42.599998474121094,42.41999816894531,42.439998626708984,447994
2025-07-23 14:00:00+00:00,42.439998626708984,42.61000061035156,42.43000030517578,42.599998474121094,408794
2025-07-23 14:05:00+00:00,42.51499938964844,42.599998474121094,42.435001373291016,42.435001373291016,282182
2025-07-23 14:10:00+00:00,42.459999084472656,42.55500030517578,42.459999084472656,42.51499938964844,148444
2025-07-23 14:15:00+00:00,42.470001220703125,42.48500061035156,42.345001220703125,42.46500015258789,337234
2025-07-23 14:20:00+00:00,42.484100341796875,42.52000045776367,42.424800872802734,42.470001220703125,156549
2025-07-23 14:25:00+00:00,42.474998474121094,42.54499816894531,42.45000076293945,42.48500061035156,191911
2025-07-23 14:30:00+00:00,42.630001068115234,42.63999938964844,42.4718017578125,42.474998474121094,267945
2025-07-23 14:35:00+00:00,42.720001220703125,42.7400016784668,42.584999084472656,42.6349983215332,275319
2025-07-23 14:40:00+00:00,42.77479934692383,42.79499816894531,42.689998626708984,42.724998474121094,498832
2025-07-23 14:45:00+00:00,42.68000030517578,42.81999969482422,42.68000030517578,42.77000045776367,262618
2025-07-23 14:50:00+00:00,42.67499923706055,42.69499969482422,42.65999984741211,42.68000030517578,111273
2025-07-23 14:55:00+00:00,42.66999816894531,42.72999954223633,42.61330032348633,42.68000030517578,258542
2025-07-23 15:00:00+00:00,42.657501220703125,42.67499923706055,42.59000015258789,42.6349983215332,225825
2025-07-23 15:05:00+00:00,42.654998779296875,42.70000076293945,42.650001525878906,42.65999984741211,231529
2025-07-23 15:10:00+00:00,42.709999084472656,42.720001220703125,42.63999938964844,42.65999984741211,394109
2025-07-23 15:15:00+00:00,42.69499969482422,42.720001220703125,42.67499923706055,42.70500183105469,152401
2025-07-23 15:20:00+00:00,42.654998779296875,42.70000076293945,42.63999938964844,42.70000076293945,157503
2025-07-23 15:25:00+00:00,42.689998626708984,42.709999084472656,42.65439987182617,42.65999984741211,136514
2025-07-23 15:30:00+00:00,42.60499954223633,42.71500015258789,42.60499954223633,42.689998626708984,189735
2025-07-23 15:35:00+00:00,42.64500045776367,42.65520095825195,42.59000015258789,42.61000061035156,203243
2025-07-23 15:40:00+00:00,42.564998626708984,42.650001525878906,42.55009841918945,42.650001525878906,142205
2025-07-23 15:45:00+00:00,42.6150016784668,42.619998931884766,42.564998626708984,42.564998626708984,121193
2025-07-23 15:50:00+00:00,42.64500045776367,42.66999816894531,42.62369918823242,42.65999984741211,166803
2025-07-23 15:55:00+00:00,42.65999984741211,42.720001220703125,42.650001525878906,42.650001525878906,126742
2025-07-23 16:00:00+00:00,42.709999084472656,42.709999084472656,42.65999984741211,42.65999984741211,146092
2025-07-23 16:05:00+00:00,42.70500183105469,42.72999954223633,42.684898376464844,42.709999084472656,197272
2025-07-23 16:10:00+00:00,42.6702995300293,42.72549819946289,42.66999816894531,42.709999084472656,141364
2025-07-23 16:15:00+00:00,42.689998626708984,42.70000076293945,42.665000915527344,42.68000030517578,85198
2025-07-23 16:20:00+00:00,42.67499923706055,42.70000076293945,42.65999984741211,42.689998626708984,99946
2025-07-23 16:25:00+00:00,42.73500061035156,42.7400016784668,42.65999984741211,42.68000030517578,132268
2025-07-23 16:30:00+00:00,42.7400016784668,42.7400016784668,42.70500183105469,42.7400016784668,145498
2025-07-23 16:35:00+00:00,42.70000076293945,42.75,42.70000076293945,42.7400016784668,113939
2025-07-23 16:40:00+00:00,42.72999954223633,42.72999954223633,42.66999816894531,42.709999084472656,156437
2025-07-23 16:45:00+00:00,42.720001220703125,42.7400016784668,42.709999084472656,42.72999954223633,106501
2025-07-23 16:50:00+00:00,42.685298919677734,42.7400016784668,42.68000030517578,42.720001220703125,120588
2025-07-23 16:55:00+00:00,42.65999984741211,42.689998626708984,42.6349983215332,42.689998626708984,76561
2025-07-23 17:00:00+00:00,42.67499923706055,42.689998626708984,42.63999938964844,42.65999984741211,129293
2025-07-23 17:05:00+00:00,42.6875,42.689998626708984,42.650001525878906,42.68000030517578,82298
2025-07-23 17:10:00+00:00,42.68439865112305,42.709999084472656,42.66999816894531,42.689998626708984,117610
2025-07-23 17:15:00+00:00,42.67499923706055,42.70000076293945,42.66379928588867,42.689998626708984,77472
2025-07-23 17:20:00+00:00,42.685001373291016,42.689998626708984,42.65190124511719,42.68000030517578,62443
2025-07-23 17:25:00+00:00,42.67499923706055,42.689998626708984,42.650001525878906,42.685001373291016,96863
2025-07-23 17:30:00+00:00,42.71500015258789,42.720001220703125,42.66999816894531,42.67499923706055,127122
2025-07-23 17:35:00+00:00,42.779998779296875,42.779998779296875,42.71500015258789,42.71500015258789,155909
2025-07-23 17:40:00+00:00,42.79999923706055,42.79999923706055,42.76499938964844,42.775001525878906,110133
2025-07-23 17:45:00+00:00,42.779998779296875,42.81999969482422,42.779998779296875,42.79499816894531,166511
2025-07-23 17:50:00+00:00,42.720001220703125,42.779998779296875,42.71500015258789,42.779998779296875,182553
2025-07-23 17:55:00+00:00,42.64500045776367,42.720001220703125,42.63999938964844,42.720001220703125,149017
2025-07-23 18:00:00+00:00,42.68000030517578,42.709999084472656,42.64440155029297,42.64500045776367,158154
2025-07-23 18:05:00+00:00,42.70000076293945,42.70000076293945,42.66999816894531,42.685001373291016,63085
2025-07-23 18:10:00+00:00,42.70000076293945,42.71500015258789,42.68000030517578,42.70000076293945,87219
2025-07-23 18:15:00+00:00,42.654998779296875,42.709999084472656,42.63999938964844,42.709999084472656,75031
2025-07-23 18:20:00+00:00,42.6150016784668,42.65999984741211,42.61009979248047,42.654998779296875,87977
2025-07-23 18:25:00+00:00,42.654998779296875,42.65999984741211,42.59000015258789,42.619998931884766,114031
2025-07-23 18:30:00+00:00,42.64500045776367,42.66999816894531,42.63999938964844,42.654998779296875,79173
2025-07-23 18:35:00+00:00,42.66529846191406,42.66999816894531,42.624698638916016,42.64500045776367,101863
2025-07-23 18:40:00+00:00,42.68000030517578,42.68000030517578,42.64500045776367,42.65999984741211,109148
2025-07-23 18:45:00+00:00,42.665000915527344,42.70000076293945,42.65999984741211,42.68000030517578,63000
2025-07-23 18:50:00+00:00,42.665000915527344,42.68000030517578,42.650001525878906,42.665000915527344,77731
2025-07-23 18:55:00+00:00,42.60649871826172,42.66999816894531,42.59000015258789,42.665000915527344,148336
2025-07-23 19:00:00+00:00,42.584999084472656,42.619998931884766,42.58000183105469,42.60499954223633,126197
2025-07-23 19:05:00+00:00,42.61000061035156,42.61000061035156,42.58000183105469,42.584999084472656,95000
2025-07-23 19:10:00+00:00,42.654998779296875,42.66999816894531,42.60049819946289,42.60499954223633,142341
2025-07-23 19:15:00+00:00,42.665000915527344,42.68000030517578,42.650001525878906,42.6593017578125,107112
2025-07-23 19:20:00+00:00,42.685001373291016,42.70000076293945,42.65999984741211,42.665000915527344,192753
2025-07-23 19:25:00+00:00,42.689998626708984,42.70000076293945,42.665000915527344,42.685001373291016,175140
2025-07-23 19:30:00+00:00,42.744998931884766,42.75,42.68009948730469,42.685001373291016,238351
2025-07-23 19:35:00+00:00,42.7599983215332,42.769901275634766,42.72999954223633,42.744998931884766,205296
2025-07-23 19:40:00+00:00,42.775001525878906,42.779998779296875,42.75,42.755001068115234,146460
2025-07-23 19:45:00+00:00,42.83000183105469,42.83689880371094,42.7599983215332,42.775001525878906,424504
2025-07-23 19:50:00+00:00,42.82500076293945,42.86000061035156,42.7947998046875,42.83000183105469,412222
2025-07-23 19:55:00+00:00,42.86000061035156,42.869998931884766,42.81999969482422,42.82500076293945,1544185
2025-07-24 13:30:00+00:00,42.82699966430664,43.0,42.823001861572266,42.900001525878906,718137
2025-07-24 13:35:00+00:00,42.82500076293945,42.869998931884766,42.790000915527344,42.83000183105469,272037
2025-07-24 13:40:00+00:00,43.02000045776367,43.04499816894531,42.82469940185547,42.82500076293945,525436
2025-07-24 13:45:00+00:00,43.048099517822266,43.06999969482422,42.93000030517578,43.01129913330078,423090
2025-07-24 13:50:00+00:00,43.0,43.05500030517578,42.96500015258789,43.04499816894531,328934
2025-07-24 13:55:00+00:00,43.064998626708984,43.06999969482422,42.974998474121094,42.9984016418457,205922
2025-07-24 14:00:00+00:00,43.11000061035156,43.13999938964844,43.060001373291016,43.06999969482422,523492
2025-07-24 14:05:00+00:00,43.20500183105469,43.220001220703125,43.11000061035156,43.11000061035156,591097
2025-07-24 14:10:00+00:00,43.29999923706055,43.31999969482422,43.15999984741211,43.192100524902344,369446
2025-07-24 14:15:00+00:00,43.21009826660156,43.349998474121094,43.185001373291016,43.310001373291016,384338
2025-07-24 14:20:00+00:00,43.1349983215332,43.22999954223633,43.130001068115234,43.209999084472656,268307
2025-07-24 14:25:00+00:00,43.084999084472656,43.150001525878906,43.084999084472656,43.1349983215332,146476
2025-07-24 14:30:00+00:00,43.154998779296875,43.15829849243164,43.07500076293945,43.08000183105469,231554
2025-07-24 14:35:00+00:00,43.15999984741211,43.165000915527344,43.09000015258789,43.154998779296875,219646
2025-07-24 14:40:00+00:00,43.16830062866211,43.20000076293945,43.1349983215332,43.15999984741211,141188
2025-07-24 14:45:00+00:00,43.185001373291016,43.209999084472656,43.12200164794922,43.165000915527344,212153
2025-07-24 14:50:00+00:00,43.21500015258789,43.21500015258789,43.16999816894531,43.185001373291016,125522
2025-07-24 14:55:00+00:00,43.21500015258789,43.2599983215332,43.209999084472656,43.220001220703125,266215
2025-07-24 15:00:00+00:00,43.244998931884766,43.279998779296875,43.209999084472656,43.21500015258789,220847
2025-07-24 15:05:00+00:00,43.17499923706055,43.25,43.150001525878906,43.244998931884766,177757
2025-07-24 15:10:00+00:00,43.21500015258789,43.23500061035156,43.165000915527344,43.17530059814453,158740
2025-07-24 15:15:00+00:00,43.125,43.22999954223633,43.119998931884766,43.21500015258789,190916
2025-07-24 15:20:00+00:00,43.125,43.13999938964844,43.064998626708984,43.127201080322266,175173
2025-07-24 15:25:00+00:00,43.064998626708984,43.119998931884766,43.04999923706055,43.119998931884766,225486
2025-07-24 15:30:00+00:00,43.012901306152344,43.08000183105469,43.005001068115234,43.069801330566406,201324
2025-07-24 15:35:00+00:00,43.04499816894531,43.060001373291016,43.01219940185547,43.013099670410156,187802
2025-07-24 15:40:00+00:00,43.084999084472656,43.09000015258789,43.029998779296875,43.04499816894531,173530
2025-07-24 15:45:00+00:00,43.13999938964844,43.15999984741211,43.084999084472656,43.084999084472656,175611
2025-07-24 15:50:00+00:00,43.084999084472656,43.150001525878906,43.084999084472656,43.13999938964844,148954
2025-07-24 15:55:00+00:00,43.10499954223633,43.13990020751953,43.08000183105469,43.084999084472656,121195
2025-07-24 16:00:00+00:00,43.13560104370117,43.16999816894531,43.10419845581055,43.10499954223633,182170
2025-07-24 16:05:00+00:00,43.13999938964844,43.16999816894531,43.125,43.1349983215332,141025
2025-07-24 16:10:00+00:00,43.05550003051758,43.13999938964844,43.05009841918945,43.1349983215332,114705
2025-07-24 16:15:00+00:00,43.07500076293945,43.08000183105469,43.040000915527344,43.05009841918945,74586
2025-07-24 16:20:00+00:00,43.07500076293945,43.09000015258789,43.064998626708984,43.07500076293945,144309
2025-07-24 16:25:00+00:00,43.05500030517578,43.08000183105469,43.04499816894531,43.07500076293945,96503
2025-07-24 16:30:00+00:00,43.070098876953125,43.099998474121094,43.04499816894531,43.04999923706055,153063
2025-07-24 16:35:00+00:00,43.11800003051758,43.119998931884766,43.07500076293945,43.08000183105469,131897
2025-07-24 16:40:00+00:00,43.119998931884766,43.130001068115234,43.099998474121094,43.1150016784668,128618
2025-07-24 16:45:00+00:00,43.094398498535156,43.130001068115234,43.09000015258789,43.1150016784668,77546
2025-07-24 16:50:00+00:00,43.130001068115234,43.13999938964844,43.095001220703125,43.095001220703125,113559
2025-07-24 16:55:00+00:00,43.074798583984375,43.130001068115234,43.060001373291016,43.125,128025
2025-07-24 17:00:00+00:00,43.125,43.130001068115234,43.05500030517578,43.08000183105469,161942
2025-07-24 17:05:00+00:00,43.154998779296875,43.15999984741211,43.119998931884766,43.119998931884766,98251
2025-07-24 17:10:00+00:00,43.15999984741211,43.16999816894531,43.144798278808594,43.15999984741211,123740
2025-07-24 17:15:00+00:00,43.17499923706055,43.18000030517578,43.119998931884766,43.15999984741211,114089
2025-07-24 17:20:00+00:00,43.084999084472656,43.18000030517578,43.084999084472656,43.18000030517578,165674
2025-07-24 17:25:00+00:00,43.06999969482422,43.099998474121094,43.029998779296875,43.089900970458984,178961
2025-07-24 17:30:00+00:00,43.03499984741211,43.064998626708984,43.02009963989258,43.064998626708984,97263
2025-07-24 17:35:00+00:00,42.98500061035156,43.040000915527344,42.959999084472656,43.03499984741211,142555
2025-07-24 17:40:00+00:00,42.98500061035156,43.0099983215332,42.97999954223633,42.9900016784668,81567
2025-07-24 17:45:00+00:00,42.94020080566406,42.97999954223633,42.94020080566406,42.97999954223633,74301
2025-07-24 17:50:00+00:00,42.970001220703125,42.97999954223633,42.939998626708984,42.94499969482422,120024
2025-07-24 17:55:00+00:00,42.96500015258789,42.9900016784668,42.95500183105469,42.970001220703125,140827
2025-07-24 18:00:00+00:00,42.98500061035156,42.9900016784668,42.939998626708984,42.96500015258789,138574
2025-07-24 18:05:00+00:00,42.98500061035156,43.0099983215332,42.97999954223633,42.98400115966797,176906
2025-07-24 18:10:00+00:00,43.005001068115234,43.02000045776367,42.97999954223633,42.97999954223633,96779
2025-07-24 18:15:00+00:00,43.01499938964844,43.040000915527344,43.0,43.005001068115234,102281
2025-07-24 18:20:00+00:00,43.025001525878906,43.029998779296875,42.99190139770508,43.01499938964844,102972
2025-07-24 18:25:00+00:00,43.02000045776367,43.04999923706055,43.01470184326172,43.025001525878906,81251
2025-07-24 18:30:00+00:00,43.01499938964844,43.029998779296875,43.0099983215332,43.0099983215332,120631
2025-07-24 18:35:00+00:00,43.01499938964844,43.02000045776367,43.0,43.015201568603516,81552
2025-07-24 18:40:00+00:00,43.005001068115234,43.029998779296875,42.98500061035156,43.02000045776367,145688
2025-07-24 18:45:00+00:00,42.996498107910156,43.0099983215332,42.95500183105469,43.0,118995
2025-07-24 18:50:00+00:00,42.9900016784668,42.999900817871094,42.970001220703125,42.9900016784668,62346
2025-07-24 18:55:00+00:00,42.98500061035156,42.994998931884766,42.974998474121094,42.9900016784668,187265
2025-07-24 19:00:00+00:00,43.025001525878906,43.029998779296875,42.959999084472656,42.98500061035156,187235
2025-07-24 19:05:00+00:00,43.040000915527344,43.04999923706055,43.025001525878906,43.025001525878906,94129
2025-07-24 19:10:00+00:00,43.0359992980957,43.04710006713867,43.0099983215332,43.04499816894531,171920
2025-07-24 19:15:00+00:00,43.05500030517578,43.06999969482422,43.029998779296875,43.040000915527344,203801
2025-07-24 19:20:00+00:00,43.065799713134766,43.065799713134766,43.040000915527344,43.05500030517578,135794
2025-07-24 19:25:00+00:00,43.032901763916016,43.06999969482422,43.02000045776367,43.064998626708984,155295
2025-07-24 19:30:00+00:00,43.095001220703125,43.099998474121094,43.029998779296875,43.03499984741211,319551
2025-07-24 19:35:00+00:00,43.11000061035156,43.11000061035156,43.08000183105469,43.095001220703125,188134
2025-07-24 19:40:00+00:00,43.119998931884766,43.125,43.099998474121094,43.11000061035156,240278
2025-07-24 19:45:00+00:00,43.11000061035156,43.119998931884766,43.099998474121094,43.1150016784668,297470
2025-07-24 19:50:00+00:00,43.14500045776367,43.15999984741211,43.07500076293945,43.11000061035156,529515
2025-07-24 19:55:00+00:00,43.125,43.18000030517578,43.08000183105469,43.13999938964844,1646767
2025-07-25 13:30:00+00:00,43.130001068115234,43.13690185546875,42.970001220703125,43.02000045776367,425926
2025-07-25 13:35:00+00:00,43.1343994140625,43.18000030517578,43.060001373291016,43.130001068115234,170485
2025-07-25 13:40:00+00:00,43.150001525878906,43.209999084472656,43.12189865112305,43.1349983215332,160861
2025-07-25 13:45:00+00:00,43.130001068115234,43.150001525878906,43.09000015258789,43.13999938964844,200725
2025-07-25 13:50:00+00:00,43.06999969482422,43.130001068115234,43.04999923706055,43.125,120899
2025-07-25 13:55:00+00:00,43.01499938964844,43.08000183105469,43.0,43.06760025024414,124302
2025-07-25 14:00:00+00:00,42.970001220703125,43.02000045776367,42.95000076293945,43.019500732421875,138094
2025-07-25 14:05:00+00:00,42.92499923706055,43.0,42.915000915527344,42.970001220703125,143794
2025-07-25 14:10:00+00:00,42.93000030517578,42.9900016784668,42.91999816894531,42.93000030517578,78473
2025-07-25 14:15:00+00:00,42.89500045776367,42.939998626708984,42.859901428222656,42.935001373291016,161814
2025-07-25 14:20:00+00:00,42.8849983215332,42.91999816894531,42.85329818725586,42.89500045776367,109981
2025-07-25 14:25:00+00:00,42.90999984741211,42.91999816894531,42.869998931884766,42.88010025024414,111642
2025-07-25 14:30:00+00:00,42.92499923706055,42.965301513671875,42.91239929199219,42.91999816894531,134400
2025-07-25 14:35:00+00:00,42.8849983215332,42.93000030517578,42.8650016784668,42.92499923706055,147324
2025-07-25 14:40:00+00:00,42.915000915527344,42.93000030517578,42.880001068115234,42.8849983215332,111017
2025-07-25 14:45:00+00:00,42.875,42.91999816894531,42.86000061035156,42.915000915527344,94181
2025-07-25 14:50:00+00:00,42.910099029541016,42.91999816894531,42.86000061035156,42.87990188598633,125030
2025-07-25 14:55:00+00:00,42.89500045776367,42.9453010559082,42.880001068115234,42.915000915527344,213530
2025-07-25 15:00:00+00:00,42.83449935913086,42.89500045776367,42.83000183105469,42.88999938964844,169693
2025-07-25 15:05:00+00:00,42.88999938964844,42.90999984741211,42.83000183105469,42.83330154418945,147894
2025-07-25 15:10:00+00:00,42.994998931884766,43.0,42.88479995727539,42.8849983215332,117439
2025-07-25 15:15:00+00:00,42.97999954223633,42.9900016784668,42.95000076293945,42.95000076293945,152391
2025-07-25 15:20:00+00:00,42.915000915527344,43.0,42.900001525878906,42.974998474121094,139169
2025-07-25 15:25:00+00:00,42.86000061035156,42.95000076293945,42.86000061035156,42.915000915527344,92570
2025-07-25 15:30:00+00:00,42.869998931884766,42.88710021972656,42.84000015258789,42.86000061035156,106359
2025-07-25 15:35:00+00:00,42.86000061035156,42.916900634765625,42.86000061035156,42.8650016784668,82123
2025-07-25 15:40:00+00:00,42.8650016784668,42.880001068115234,42.86000061035156,42.86470031738281,67436
2025-07-25 15:45:00+00:00,42.86000061035156,42.8849983215332,42.84000015258789,42.869998931884766,85627
2025-07-25 15:50:00+00:00,42.8650016784668,42.869998931884766,42.849998474121094,42.855499267578125,84893
2025-07-25 15:55:00+00:00,42.875,42.8849983215332,42.86000061035156,42.86149978637695,91621
2025-07-25 16:00:00+00:00,42.83000183105469,42.875,42.81999969482422,42.87329864501953,132646
2025-07-25 16:05:00+00:00,42.8302001953125,42.84989929199219,42.81999969482422,42.82500076293945,88346
2025-07-25 16:10:00+00:00,42.810001373291016,42.849998474121094,42.79499816894531,42.834999084472656,118177
2025-07-25 16:15:00+00:00,42.76499938964844,42.80500030517578,42.75469970703125,42.80500030517578,110365
2025-07-25 16:20:00+00:00,42.7947998046875,42.79999923706055,42.762699127197266,42.76499938964844,86623
2025-07-25 16:25:00+00:00,42.79499816894531,42.810001373291016,42.78499984741211,42.79999923706055,98547
2025-07-25 16:30:00+00:00,42.790000915527344,42.810001373291016,42.78499984741211,42.79899978637695,65592
2025-07-25 16:35:00+00:00,42.834999084472656,42.84000015258789,42.790000915527344,42.79499816894531,81915
2025-07-25 16:40:00+00:00,42.85499954223633,42.86000061035156,42.81999969482422,42.83000183105469,123096
2025-07-25 16:45:00+00:00,42.904998779296875,42.90999984741211,42.849998474121094,42.85499954223633,99016
2025-07-25 16:50:00+00:00,42.869998931884766,42.90999984741211,42.86000061035156,42.900001525878906,81792
2025-07-25 16:55:00+00:00,42.915000915527344,42.916500091552734,42.869998931884766,42.877498626708984,63379
2025-07-25 17:00:00+00:00,42.92499923706055,42.93000030517578,42.90999984741211,42.915000915527344,79206
2025-07-25 17:05:00+00:00,42.92499923706055,42.93000030517578,42.915000915527344,42.93000030517578,92430
2025-07-25 17:10:00+00:00,42.920101165771484,42.93000030517578,42.90169906616211,42.93000030517578,72197
2025-07-25 17:15:00+00:00,42.8849983215332,42.92499923706055,42.880001068115234,42.92499923706055,69405
2025-07-25 17:20:00+00:00,42.875301361083984,42.89500045776367,42.87260055541992,42.8849983215332,43457
2025-07-25 17:25:00+00:00,42.92499923706055,42.93000030517578,42.880001068115234,42.880001068115234,70512
2025-07-25 17:30:00+00:00,42.90999984741211,42.93000030517578,42.880001068115234,42.92499923706055,62584
2025-07-25 17:35:00+00:00,42.904998779296875,42.919898986816406,42.900001525878906,42.900001525878906,55627
2025-07-25 17:40:00+00:00,42.909698486328125,42.90999984741211,42.88999938964844,42.90999984741211,58695
2025-07-25 17:45:00+00:00,42.88999938964844,42.915000915527344,42.88999938964844,42.904998779296875,71544
2025-07-25 17:50:00+00:00,42.88999938964844,42.900001525878906,42.869998931884766,42.88999938964844,72309
2025-07-25 17:55:00+00:00,42.890098571777344,42.900001525878906,42.880001068115234,42.8849983215332,59142
2025-07-25 18:00:00+00:00,42.935001373291016,42.939998626708984,42.880001068115234,42.89500045776367,149809
2025-07-25 18:05:00+00:00,42.935001373291016,42.95000076293945,42.93000030517578,42.939998626708984,92111
2025-07-25 18:10:00+00:00,42.935001373291016,42.939998626708984,42.91999816894531,42.935001373291016,77920
2025-07-25 18:15:00+00:00,42.935001373291016,42.939998626708984,42.90999984741211,42.935001373291016,86679
2025-07-25 18:20:00+00:00,42.92499923706055,42.939998626708984,42.90999984741211,42.935001373291016,74541
2025-07-25 18:25:00+00:00,42.93000030517578,42.939998626708984,42.91999816894531,42.92499923706055,56207
2025-07-25 18:30:00+00:00,42.92499923706055,42.93000030517578,42.91999816894531,42.92499923706055,81111
2025-07-25 18:35:00+00:00,42.935001373291016,42.939998626708984,42.90999984741211,42.92499923706055,101684
2025-07-25 18:40:00+00:00,42.939998626708984,42.939998626708984,42.93000030517578,42.935001373291016,57148
2025-07-25 18:45:00+00:00,42.9557991027832,42.959999084472656,42.93000030517578,42.935001373291016,115759
2025-07-25 18:50:00+00:00,42.96500015258789,43.0,42.95000076293945,42.95669937133789,147550
2025-07-25 18:55:00+00:00,42.96500015258789,42.97999954223633,42.959999084472656,42.959999084472656,74544
2025-07-25 19:00:00+00:00,42.970001220703125,42.97999954223633,42.95000076293945,42.970001220703125,86907
2025-07-25 19:05:00+00:00,43.005001068115234,43.0099983215332,42.970001220703125,42.97999954223633,152309
2025-07-25 19:10:00+00:00,43.02690124511719,43.029998779296875,42.99449920654297,43.005001068115234,104292
2025-07-25 19:15:00+00:00,43.029998779296875,43.04999923706055,43.0099983215332,43.025001525878906,186101
2025-07-25 19:20:00+00:00,43.04499816894531,43.060001373291016,43.029998779296875,43.03580093383789,154788
2025-07-25 19:25:00+00:00,43.055198669433594,43.060001373291016,43.040000915527344,43.04999923706055,60756
2025-07-25 19:30:00+00:00,43.025001525878906,43.060001373291016,43.02000045776367,43.04999923706055,251954
2025-07-25 19:35:00+00:00,43.05500030517578,43.064998626708984,43.02000045776367,43.025001525878906,135577
2025-07-25 19:40:00+00:00,43.04999923706055,43.06999969482422,43.03499984741211,43.05500030517578,146526
2025-07-25 19:45:00+00:00,43.01020050048828,43.04499816894531,43.0099983215332,43.04499816894531,259298
2025-07-25 19:50:00+00:00,43.01499938964844,43.03499984741211,42.9900016784668,43.0099983215332,342578
2025-07-25 19:55:00+00:00,43.09000015258789,43.1150016784668,43.02000045776367,43.02000045776367,1601329
2025-07-28 13:30:00+00:00,42.5099983215332,43.02000045776367,42.5,43.02000045776367,808362
2025-07-28 13:35:00+00:00,42.58000183105469,42.6349983215332,42.5,42.51499938964844,426824
2025-07-28 13:40:00+00:00,42.56999969482422,42.575199127197266,42.48500061035156,42.57500076293945,480911
2025-07-28 13:45:00+00:00,42.45500183105469,42.60499954223633,42.420101165771484,42.564998626708984,285248
2025-07-28 13:50:00+00:00,42.505001068115234,42.51499938964844,42.439998626708984,42.45000076293945,182819
2025-07-28 13:55:00+00:00,42.439998626708984,42.54999923706055,42.41999816894531,42.505001068115234,232572
2025-07-28 14:00:00+00:00,42.415000915527344,42.459999084472656,42.400001525878906,42.43000030517578,236548
2025-07-28 14:05:00+00:00,42.43000030517578,42.45500183105469,42.403099060058594,42.415000915527344,504910
2025-07-28 14:10:00+00:00,42.474998474121094,42.47999954223633,42.404998779296875,42.41999816894531,212320
2025-07-28 14:15:00+00:00,42.51499938964844,42.529998779296875,42.474998474121094,42.474998474121094,181126
2025-07-28 14:20:00+00:00,42.38999938964844,42.52519989013672,42.369998931884766,42.52000045776367,322704
2025-07-28 14:25:00+00:00,42.3849983215332,42.41999816894531,42.35499954223633,42.39649963378906,208400
2025-07-28 14:30:00+00:00,42.34000015258789,42.38999938964844,42.32500076293945,42.3849983215332,240969
2025-07-28 14:35:00+00:00,42.33000183105469,42.369998931884766,42.32500076293945,42.345001220703125,167366
2025-07-28 14:40:00+00:00,42.3650016784668,42.37779998779297,42.31999969482422,42.334999084472656,172824
2025-07-28 14:45:00+00:00,42.380001068115234,42.380001068115234,42.34000015258789,42.375,188647
2025-07-28 14:50:00+00:00,42.375,42.380001068115234,42.33000183105469,42.375,108644
2025-07-28 14:55:00+00:00,42.400001525878906,42.40999984741211,42.36000061035156,42.375,144281
2025-07-28 15:00:00+00:00,42.415000915527344,42.47999954223633,42.380001068115234,42.400001525878906,180760
2025-07-28 15:05:00+00:00,42.415000915527344,42.43000030517578,42.38999938964844,42.415000915527344,139527
2025-07-28 15:10:00+00:00,42.42499923706055,42.44499969482422,42.40999984741211,42.415000915527344,122111
2025-07-28 15:15:00+00:00,42.4900016784668,42.4900016784668,42.42499923706055,42.42499923706055,153268
2025-07-28 15:20:00+00:00,42.46500015258789,42.505001068115234,42.44499969482422,42.4900016784668,169803
2025-07-28 15:25:00+00:00,42.439998626708984,42.470001220703125,42.43000030517578,42.46500015258789,151881
2025-07-28 15:30:00+00:00,42.44499969482422,42.459999084472656,42.41999816894531,42.44499969482422,108299
2025-07-28 15:35:00+00:00,42.44499969482422,42.459999084472656,42.43000030517578,42.44499969482422,98891
2025-07-28 15:40:00+00:00,42.44499969482422,42.45000076293945,42.439998626708984,42.44499969482422,85470
2025-07-28 15:45:00+00:00,42.48500061035156,42.4900016784668,42.439998626708984,42.439998626708984,106272
2025-07-28 15:50:00+00:00,42.47999954223633,42.4900016784668,42.470001220703125,42.48500061035156,107328
2025-07-28 15:55:00+00:00,42.505001068115234,42.5099983215332,42.47010040283203,42.47660446166992,87226
2025-07-28 16:00:00+00:00,42.474998474121094,42.5099983215332,42.470001220703125,42.505001068115234,120886
2025-07-28 16:05:00+00:00,42.41999816894531,42.486900329589844,42.415000915527344,42.470001220703125,115428
2025-07-28 16:10:00+00:00,42.404998779296875,42.439998626708984,42.404998779296875,42.415000915527344,113952
2025-07-28 16:15:00+00:00,42.46500015258789,42.46500015258789,42.38999938964844,42.404998779296875,136935
2025-07-28 16:20:00+00:00,42.474998474121094,42.47999954223633,42.459999084472656,42.470001220703125,92840
2025-07-28 16:25:00+00:00,42.5,42.5,42.46220016479492,42.474998474121094,102353
2025-07-28 16:30:00+00:00,42.46500015258789,42.494998931884766,42.439998626708984,42.494998931884766,104671
2025-07-28 16:35:00+00:00,42.44499969482422,42.470001220703125,42.41999816894531,42.46500015258789,66518
2025-07-28 16:40:00+00:00,42.45640182495117,42.459999084472656,42.439998626708984,42.44499969482422,66268
2025-07-28 16:45:00+00:00,42.43000030517578,42.470001220703125,42.43000030517578,42.45500183105469,59985
2025-07-28 16:50:00+00:00,42.435001373291016,42.439998626708984,42.41999816894531,42.435001373291016,54702
2025-07-28 16:55:00+00:00,42.41529846191406,42.435001373291016,42.400001525878906,42.43000030517578,67973
2025-07-28 17:00:00+00:00,42.45500183105469,42.45500183105469,42.400001525878906,42.415000915527344,100190
2025-07-28 17:05:00+00:00,42.435001373291016,42.47999954223633,42.43000030517578,42.45500183105469,137192
2025-07-28 17:10:00+00:00,42.334999084472656,42.435001373291016,42.33000183105469,42.435001373291016,482964
2025-07-28 17:15:00+00:00,42.31999969482422,42.36989974975586,42.31999969482422,42.33000183105469,201847
2025-07-28 17:20:00+00:00,42.314998626708984,42.34000015258789,42.310001373291016,42.325199127197266,135575
2025-07-28 17:25:00+00:00,42.33000183105469,42.349998474121094,42.29999923706055,42.314998626708984,172683
2025-07-28 17:30:00+00:00,42.369998931884766,42.369998931884766,42.33000183105469,42.334999084472656,79067
2025-07-28 17:35:00+00:00,42.39500045776367,42.400001525878906,42.349998474121094,42.3650016784668,147842
2025-07-28 17:40:00+00:00,42.38999938964844,42.40999984741211,42.369998931884766,42.39500045776367,82417
2025-07-28 17:45:00+00:00,42.415000915527344,42.415199279785156,42.380001068115234,42.384700775146484,68646
2025-07-28 17:50:00+00:00,42.350101470947266,42.41999816894531,42.350101470947266,42.415000915527344,264056
2025-07-28 17:55:00+00:00,42.34980010986328,42.3650016784668,42.33000183105469,42.35499954223633,83226
2025-07-28 18:00:00+00:00,42.35499954223633,42.380001068115234,42.34260177612305,42.349998474121094,90436
2025-07-28 18:05:00+00:00,42.314998626708984,42.36000061035156,42.310001373291016,42.35499954223633,146615
2025-07-28 18:10:00+00:00,42.345001220703125,42.349998474121094,42.314998626708984,42.314998626708984,99530
2025-07-28 18:15:00+00:00,42.359901428222656,42.369998931884766,42.341800689697266,42.34260177612305,87007
2025-07-28 18:20:00+00:00,42.35309982299805,42.36000061035156,42.349998474121094,42.35499954223633,64335
2025-07-28 18:25:00+00:00,42.404998779296875,42.40999984741211,42.34000015258789,42.36000061035156,238077
2025-07-28 18:30:00+00:00,42.40480041503906,42.41999816894531,42.39500045776367,42.4099006652832,105054
2025-07-28 18:35:00+00:00,42.415199279785156,42.43000030517578,42.400001525878906,42.404998779296875,96248
2025-07-28 18:40:00+00:00,42.415000915527344,42.41999816894531,42.400001525878906,42.415000915527344,81737
2025-07-28 18:45:00+00:00,42.3849983215332,42.41999816894531,42.380001068115234,42.41669845581055,328907
2025-07-28 18:50:00+00:00,42.39500045776367,42.40999984741211,42.38999938964844,42.38999938964844,75110
2025-07-28 18:55:00+00:00,42.400001525878906,42.40999984741211,42.380001068115234,42.38999938964844,96626
2025-07-28 19:00:00+00:00,42.375,42.40999984741211,42.369998931884766,42.404998779296875,120476
2025-07-28 19:05:00+00:00,42.35499954223633,42.378700256347656,42.349998474121094,42.375,71488
2025-07-28 19:10:00+00:00,42.35820007324219,42.36000061035156,42.31999969482422,42.35499954223633,206889
2025-07-28 19:15:00+00:00,42.35499954223633,42.36000061035156,42.34000015258789,42.350101470947266,117338
2025-07-28 19:20:00+00:00,42.3849983215332,42.38999938964844,42.349998474121094,42.35200119018555,95949
2025-07-28 19:25:00+00:00,42.3650016784668,42.38999938964844,42.34489822387695,42.380001068115234,250663
2025-07-28 19:30:00+00:00,42.349998474121094,42.380001068115234,42.349998474121094,42.369998931884766,151337
2025-07-28 19:35:00+00:00,42.36980056762695,42.36980056762695,42.34000015258789,42.349998474121094,165883
2025-07-28 19:40:00+00:00,42.36000061035156,42.36989974975586,42.33000183105469,42.3650016784668,179585
2025-07-28 19:45:00+00:00,42.255001068115234,42.36000061035156,42.23500061035156,42.35530090332031,739293
2025-07-28 19:50:00+00:00,42.349998474121094,42.349998474121094,42.255001068115234,42.255001068115234,521053
2025-07-28 19:55:00+00:00,42.36000061035156,42.380001068115234,42.314998626708984,42.345001220703125,1322799
2025-07-29 13:30:00+00:00,42.55500030517578,42.66999816894531,42.400001525878906,42.41999816894531,860266
2025-07-29 13:35:00+00:00,42.550498962402344,42.625,42.52009963989258,42.55659866333008,196085
2025-07-29 13:40:00+00:00,42.525001525878906,42.59000015258789,42.52000045776367,42.54999923706055,131242
2025-07-29 13:45:00+00:00,42.61000061035156,42.6150016784668,42.470001220703125,42.525001525878906,244393
2025-07-29 13:50:00+00:00,42.57500076293945,42.63710021972656,42.55500030517578,42.599998474121094,166514
2025-07-29 13:55:00+00:00,42.5802001953125,42.59000015258789,42.560001373291016,42.58000183105469,83211
2025-07-29 14:00:00+00:00,42.63010025024414,42.65999984741211,42.57500076293945,42.57500076293945,218427
2025-07-29 14:05:00+00:00,42.665000915527344,42.709999084472656,42.625,42.630001068115234,153567
2025-07-29 14:10:00+00:00,42.64500045776367,42.685001373291016,42.61000061035156,42.663700103759766,90877
2025-07-29 14:15:00+00:00,42.665000915527344,42.6974983215332,42.61000061035156,42.64500045776367,120887
2025-07-29 14:20:00+00:00,42.685001373291016,42.7071418762207,42.65999984741211,42.665000915527344,117185
2025-07-29 14:25:00+00:00,42.65999984741211,42.687198638916016,42.619998931884766,42.68000030517578,123348
2025-07-29 14:30:00+00:00,42.654998779296875,42.66999816894531,42.62350082397461,42.665000915527344,100824
2025-07-29 14:35:00+00:00,42.654998779296875,42.68880081176758,42.64469909667969,42.654998779296875,107687
2025-07-29 14:40:00+00:00,42.70000076293945,42.70000076293945,42.6349983215332,42.654998779296875,102270
2025-07-29 14:45:00+00:00,42.67499923706055,42.70000076293945,42.630001068115234,42.69499969482422,135739
2025-07-29 14:50:00+00:00,42.71500015258789,42.73740005493164,42.67499923706055,42.6781005859375,191971
2025-07-29 14:55:00+00:00,42.73500061035156,42.7400016784668,42.709999084472656,42.7135009765625,87494
2025-07-29 15:00:00+00:00,42.78499984741211,42.78770065307617,42.72010040283203,42.730098724365234,218033
2025-07-29 15:05:00+00:00,42.8047981262207,42.84000015258789,42.779998779296875,42.78010177612305,359469
2025-07-29 15:10:00+00:00,42.8849983215332,42.8849983215332,42.78499984741211,42.810001373291016,103332
2025-07-29 15:15:00+00:00,42.904998779296875,42.90999984741211,42.869998931884766,42.880001068115234,126156
2025-07-29 15:20:00+00:00,42.90999984741211,42.91999816894531,42.880001068115234,42.904998779296875,133972
2025-07-29 15:25:00+00:00,42.93479919433594,42.97999954223633,42.880001068115234,42.915000915527344,239013
2025-07-29 15:30:00+00:00,42.85499954223633,42.94499969482422,42.849998474121094,42.93299865722656,127362
2025-07-29 15:35:00+00:00,42.87770080566406,42.8849983215332,42.834999084472656,42.85499954223633,92206
2025-07-29 15:40:00+00:00,42.875,42.929901123046875,42.8650016784668,42.875,116045
2025-07-29 15:45:00+00:00,42.810001373291016,42.87519836425781,42.79119873046875,42.869998931884766,153709
2025-07-29 15:50:00+00:00,42.764198303222656,42.82500076293945,42.7400016784668,42.810001373291016,89103
2025-07-29 15:55:00+00:00,42.755001068115234,42.77989959716797,42.72999954223633,42.7599983215332,104015
2025-07-29 16:00:00+00:00,42.76499938964844,42.77000045776367,42.709999084472656,42.75,126360
2025-07-29 16:05:00+00:00,42.75490188598633,42.785099029541016,42.7401008605957,42.76499938964844,102673
2025-07-29 16:10:00+00:00,42.7599983215332,42.7599983215332,42.720001220703125,42.75859832763672,137733
2025-07-29 16:15:00+00:00,42.7599983215332,42.779998779296875,42.709999084472656,42.75,76472
2025-07-29 16:20:00+00:00,42.765201568603516,42.779998779296875,42.75,42.7599983215332,36402
2025-07-29 16:25:00+00:00,42.7598991394043,42.77510070800781,42.75,42.76499938964844,42476
2025-07-29 16:30:00+00:00,42.73500061035156,42.77000045776367,42.72999954223633,42.7599983215332,45993
2025-07-29 16:35:00+00:00,42.77000045776367,42.77000045776367,42.720001220703125,42.73500061035156,94151
2025-07-29 16:40:00+00:00,42.724998474121094,42.7859992980957,42.71500015258789,42.77000045776367,90292
2025-07-29 16:45:00+00:00,42.724998474121094,42.748199462890625,42.720001220703125,42.724998474121094,43279
2025-07-29 16:50:00+00:00,42.755001068115234,42.7599983215332,42.720001220703125,42.724998474121094,52218
2025-07-29 16:55:00+00:00,42.71500015258789,42.76499938964844,42.71500015258789,42.755001068115234,111857
2025-07-29 17:00:00+00:00,42.724998474121094,42.73500061035156,42.69499969482422,42.71500015258789,84309
2025-07-29 17:05:00+00:00,42.724998474121094,42.72999954223633,42.70439910888672,42.724998474121094,61838
2025-07-29 17:10:00+00:00,42.724998474121094,42.724998474121094,42.70000076293945,42.720001220703125,73984
2025-07-29 17:15:00+00:00,42.71500015258789,42.73500061035156,42.69499969482422,42.720001220703125,107732
2025-07-29 17:20:00+00:00,42.69499969482422,42.72999954223633,42.689998626708984,42.7150993347168,77860
2025-07-29 17:25:00+00:00,42.69499969482422,42.707298278808594,42.67499923706055,42.69499969482422,98796
2025-07-29 17:30:00+00:00,42.72999954223633,42.755001068115234,42.69499969482422,42.69499969482422,180818
2025-07-29 17:35:00+00:00,42.724998474121094,42.75,42.720001220703125,42.72999954223633,110446
2025-07-29 17:40:00+00:00,42.65999984741211,42.724998474121094,42.64250183105469,42.724998474121094,59917
2025-07-29 17:45:00+00:00,42.665000915527344,42.665000915527344,42.63999938964844,42.654998779296875,58956
2025-07-29 17:50:00+00:00,42.64500045776367,42.66999816894531,42.63999938964844,42.665000915527344,61259
2025-07-29 17:55:00+00:00,42.62329864501953,42.650001525878906,42.619998931884766,42.650001525878906,79388
2025-07-29 18:00:00+00:00,42.584999084472656,42.630001068115234,42.564998626708984,42.625,112500
2025-07-29 18:05:00+00:00,42.61000061035156,42.61000061035156,42.57469940185547,42.584999084472656,49090
2025-07-29 18:10:00+00:00,42.619998931884766,42.619998931884766,42.595001220703125,42.61000061035156,84655
2025-07-29 18:15:00+00:00,42.64500045776367,42.650001525878906,42.61000061035156,42.61989974975586,64691
2025-07-29 18:20:00+00:00,42.630001068115234,42.665000915527344,42.630001068115234,42.650001525878906,104571
2025-07-29 18:25:00+00:00,42.63759994506836,42.65999984741211,42.625,42.630001068115234,104293
2025-07-29 18:30:00+00:00,42.657501220703125,42.65999984741211,42.61000061035156,42.6349983215332,56450
2025-07-29 18:35:00+00:00,42.65999984741211,42.66999816894531,42.63999938964844,42.650001525878906,83369
2025-07-29 18:40:00+00:00,42.67499923706055,42.68000030517578,42.650001525878906,42.65999984741211,46961
2025-07-29 18:45:00+00:00,42.64500045776367,42.68000030517578,42.630001068115234,42.67499923706055,131996
2025-07-29 18:50:00+00:00,42.624698638916016,42.65999984741211,42.624698638916016,42.63999938964844,66609
2025-07-29 18:55:00+00:00,42.63999938964844,42.63999938964844,42.61000061035156,42.62730026245117,71741
2025-07-29 19:00:00+00:00,42.65999984741211,42.66999816894531,42.630001068115234,42.63999938964844,76558
2025-07-29 19:05:00+00:00,42.65999984741211,42.66999816894531,42.63999938964844,42.65010070800781,85876
2025-07-29 19:10:00+00:00,42.654998779296875,42.67499923706055,42.650001525878906,42.66999816894531,108323
2025-07-29 19:15:00+00:00,42.67499923706055,42.68000030517578,42.650001525878906,42.654998779296875,104352
2025-07-29 19:20:00+00:00,42.66999816894531,42.68000030517578,42.65999984741211,42.67499923706055,68618
2025-07-29 19:25:00+00:00,42.654998779296875,42.68000030517578,42.650001525878906,42.65999984741211,127501
2025-07-29 19:30:00+00:00,42.685001373291016,42.689998626708984,42.654998779296875,42.65999984741211,124553
2025-07-29 19:35:00+00:00,42.67499923706055,42.70000076293945,42.66999816894531,42.68519973754883,94993
2025-07-29 19:40:00+00:00,42.68000030517578,42.68000030517578,42.654998779296875,42.66999816894531,173965
2025-07-29 19:45:00+00:00,42.665000915527344,42.6775016784668,42.63999938964844,42.67499923706055,169741
2025-07-29 19:50:00+00:00,42.67499923706055,42.709999084472656,42.65999984741211,42.665000915527344,380411
2025-07-29 19:55:00+00:00,42.72999954223633,42.7400016784668,42.665000915527344,42.66999816894531,1184426
2025-07-30 13:30:00+00:00,42.540000915527344,42.70000076293945,42.45000076293945,42.66999816894531,1291588
2025-07-30 13:35:00+00:00,42.595001220703125,42.599998474121094,42.459999084472656,42.54999923706055,116694
2025-07-30 13:40:00+00:00,42.69580078125,42.698001861572266,42.56999969482422,42.595001220703125,156803
2025-07-30 13:45:00+00:00,42.66999816894531,42.70000076293945,42.64500045776367,42.70000076293945,171549
2025-07-30 13:50:00+00:00,42.7400016784668,42.755001068115234,42.650001525878906,42.65999984741211,141771
2025-07-30 13:55:00+00:00,42.78499984741211,42.790000915527344,42.71009826660156,42.7400016784668,111620
2025-07-30 14:00:00+00:00,42.83000183105469,42.849998474121094,42.779998779296875,42.78499984741211,149773
2025-07-30 14:05:00+00:00,42.8650016784668,42.87710189819336,42.79999923706055,42.82500076293945,157085
2025-07-30 14:10:00+00:00,42.82500076293945,42.875,42.81999969482422,42.86000061035156,119530
2025-07-30 14:15:00+00:00,42.810001373291016,42.84000015258789,42.779998779296875,42.82500076293945,119551
2025-07-30 14:20:00+00:00,42.84479904174805,42.858299255371094,42.80500030517578,42.80500030517578,82046
2025-07-30 14:25:00+00:00,42.814998626708984,42.83000183105469,42.790000915527344,42.81549835205078,89050
2025-07-30 14:30:00+00:00,42.834999084472656,42.84000015258789,42.80500030517578,42.814998626708984,173867
2025-07-30 14:35:00+00:00,42.845001220703125,42.880001068115234,42.83259963989258,42.834999084472656,137747
2025-07-30 14:40:00+00:00,42.79999923706055,42.880001068115234,42.79249954223633,42.845001220703125,125870
2025-07-30 14:45:00+00:00,42.794700622558594,42.827598571777344,42.78329849243164,42.79999923706055,99915
2025-07-30 14:50:00+00:00,42.78499984741211,42.83000183105469,42.779998779296875,42.79499816894531,101333
2025-07-30 14:55:00+00:00,42.77000045776367,42.78990173339844,42.755001068115234,42.779998779296875,73392
2025-07-30 15:00:00+00:00,42.724998474121094,42.78499984741211,42.724998474121094,42.77000045776367,91990
2025-07-30 15:05:00+00:00,42.709999084472656,42.73500061035156,42.70500183105469,42.72999954223633,94732
2025-07-30 15:10:00+00:00,42.71329879760742,42.724998474121094,42.68000030517578,42.709999084472656,93687
2025-07-30 15:15:00+00:00,42.755001068115234,42.77000045776367,42.689998626708984,42.71500015258789,109800
2025-07-30 15:20:00+00:00,42.735198974609375,42.76499938964844,42.72999954223633,42.755001068115234,80098
2025-07-30 15:25:00+00:00,42.724998474121094,42.7599983215332,42.709999084472656,42.72999954223633,142055
2025-07-30 15:30:00+00:00,42.76499938964844,42.775001525878906,42.709999084472656,42.720001220703125,76901
2025-07-30 15:35:00+00:00,42.7599983215332,42.7864990234375,42.73500061035156,42.76499938964844,86212
2025-07-30 15:40:00+00:00,42.720001220703125,42.755001068115234,42.720001220703125,42.755001068115234,95274
2025-07-30 15:45:00+00:00,42.76499938964844,42.77000045776367,42.720001220703125,42.724998474121094,101409
2025-07-30 15:50:00+00:00,42.755001068115234,42.77790069580078,42.75,42.76499938964844,91553
2025-07-30 15:55:00+00:00,42.755001068115234,42.7599983215332,42.73500061035156,42.7599983215332,65526
2025-07-30 16:00:00+00:00,42.724998474121094,42.77000045776367,42.720001220703125,42.75600051879883,81984
2025-07-30 16:05:00+00:00,42.77000045776367,42.77000045776367,42.72330093383789,42.72439956665039,81789
2025-07-30 16:10:00+00:00,42.777099609375,42.779998779296875,42.75,42.76499938964844,88873
2025-07-30 16:15:00+00:00,42.786800384521484,42.790000915527344,42.77000045776367,42.77669906616211,80848
2025-07-30 16:20:00+00:00,42.81999969482422,42.81999969482422,42.779998779296875,42.779998779296875,153468
2025-07-30 16:25:00+00:00,42.814998626708984,42.82749938964844,42.79999923706055,42.82500076293945,69755
2025-07-30 16:30:00+00:00,42.83000183105469,42.84000015258789,42.80500030517578,42.814998626708984,72613
2025-07-30 16:35:00+00:00,42.76499938964844,42.83000183105469,42.76250076293945,42.829898834228516,71696
2025-07-30 16:40:00+00:00,42.775001525878906,42.779998779296875,42.75,42.76499938964844,71877
2025-07-30 16:45:00+00:00,42.755001068115234,42.779998779296875,42.75,42.77980041503906,85553
2025-07-30 16:50:00+00:00,42.755001068115234,42.775001525878906,42.7400016784668,42.755001068115234,63800
2025-07-30 16:55:00+00:00,42.75849914550781,42.77000045776367,42.743499755859375,42.75239944458008,50692
2025-07-30 17:00:00+00:00,42.744998931884766,42.7599983215332,42.7400016784668,42.755001068115234,51614
2025-07-30 17:05:00+00:00,42.755001068115234,42.7599983215332,42.72999954223633,42.744998931884766,56922
2025-07-30 17:10:00+00:00,42.749900817871094,42.7599983215332,42.7400016784668,42.755001068115234,44262
2025-07-30 17:15:00+00:00,42.72990036010742,42.744998931884766,42.709999084472656,42.744998931884766,85455
2025-07-30 17:20:00+00:00,42.720001220703125,42.72999954223633,42.709999084472656,42.724998474121094,43639
2025-07-30 17:25:00+00:00,42.744998931884766,42.75,42.709999084472656,42.71099853515625,68208
2025-07-30 17:30:00+00:00,42.73500061035156,42.75,42.72999954223633,42.744998931884766,62568
2025-07-30 17:35:00+00:00,42.7599983215332,42.77000045776367,42.73249816894531,42.73500061035156,56534
2025-07-30 17:40:00+00:00,42.79999923706055,42.810001373291016,42.755001068115234,42.7599983215332,69048
2025-07-30 17:45:00+00:00,42.76499938964844,42.79999923706055,42.7599983215332,42.79499816894531,74139
2025-07-30 17:50:00+00:00,42.790000915527344,42.79999923706055,42.7599983215332,42.76499938964844,61056
2025-07-30 17:55:00+00:00,42.78499984741211,42.819000244140625,42.77000045776367,42.79499816894531,70342
2025-07-30 18:00:00+00:00,42.78499984741211,42.81999969482422,42.7848014831543,42.790000915527344,88886
2025-07-30 18:05:00+00:00,42.744998931884766,42.78499984741211,42.720001220703125,42.78499984741211,93892
2025-07-30 18:10:00+00:00,42.724998474121094,42.75,42.712501525878906,42.744998931884766,106826
2025-07-30 18:15:00+00:00,42.755001068115234,42.755001068115234,42.709999084472656,42.724998474121094,100314
2025-07-30 18:20:00+00:00,42.755001068115234,42.7599983215332,42.7400016784668,42.7599983215332,96433
2025-07-30 18:25:00+00:00,42.83000183105469,42.83000183105469,42.75,42.755001068115234,93160
2025-07-30 18:30:00+00:00,42.8650016784668,42.875,42.81999969482422,42.82500076293945,83939
2025-07-30 18:35:00+00:00,42.81990051269531,42.86840057373047,42.810001373291016,42.8650016784668,124511
2025-07-30 18:40:00+00:00,42.86650085449219,42.869998931884766,42.79499816894531,42.81880187988281,113653
2025-07-30 18:45:00+00:00,42.87300109863281,42.886199951171875,42.849998474121094,42.8650016784668,106780
2025-07-30 18:50:00+00:00,42.834999084472656,42.875,42.81999969482422,42.875,97006
2025-07-30 18:55:00+00:00,42.80500030517578,42.834999084472656,42.779998779296875,42.834999084472656,147023
2025-07-30 19:00:00+00:00,42.724998474121094,42.83000183105469,42.70249938964844,42.810001373291016,123649
2025-07-30 19:05:00+00:00,42.694400787353516,42.72999954223633,42.650001525878906,42.724998474121094,175631
2025-07-30 19:10:00+00:00,42.6349983215332,42.6952018737793,42.6349983215332,42.689998626708984,115295
2025-07-30 19:15:00+00:00,42.64500045776367,42.650001525878906,42.59450149536133,42.63669967651367,120260
2025-07-30 19:20:00+00:00,42.58000183105469,42.648101806640625,42.58000183105469,42.64500045776367,126127
2025-07-30 19:25:00+00:00,42.560001373291016,42.595001220703125,42.54100036621094,42.58000183105469,200218
2025-07-30 19:30:00+00:00,42.54499816894531,42.56999969482422,42.52000045776367,42.56999969482422,170965
2025-07-30 19:35:00+00:00,42.55440139770508,42.56999969482422,42.525001525878906,42.54499816894531,175549
2025-07-30 19:40:00+00:00,42.50790023803711,42.560001373291016,42.48500061035156,42.55500030517578,229008
2025-07-30 19:45:00+00:00,42.53499984741211,42.56999969482422,42.50379943847656,42.505001068115234,251877
2025-07-30 19:50:00+00:00,42.584999084472656,42.595001220703125,42.522499084472656,42.540000915527344,383341
2025-07-30 19:55:00+00:00,42.619998931884766,42.65999984741211,42.58000183105469,42.584999084472656,1140921
2025-07-31 13:30:00+00:00,42.66999816894531,42.68000030517578,42.150001525878906,42.28499984741211,1171930
2025-07-31 13:35:00+00:00,42.70500183105469,42.78499984741211,42.63999938964844,42.68000030517578,356757
2025-07-31 13:40:00+00:00,42.70000076293945,42.75,42.66999816894531,42.70500183105469,198013
2025-07-31 13:45:00+00:00,42.69449996948242,42.744998931884766,42.63999938964844,42.70000076293945,235250
2025-07-31 13:50:00+00:00,42.70009994506836,42.7400016784668,42.68000030517578,42.69499969482422,236630
2025-07-31 13:55:00+00:00,42.80799865722656,42.81999969482422,42.69499969482422,42.70000076293945,330222
2025-07-31 14:00:00+00:00,42.810001373291016,42.834999084472656,42.755001068115234,42.810001373291016,479877
2025-07-31 14:05:00+00:00,42.81999969482422,42.86000061035156,42.79499816894531,42.81999969482422,293931
2025-07-31 14:10:00+00:00,42.744998931884766,42.846500396728516,42.7400016784668,42.814998626708984,341740
2025-07-31 14:15:00+00:00,42.744998931884766,42.79999923706055,42.720001220703125,42.744998931884766,249246
2025-07-31 14:20:00+00:00,42.755001068115234,42.775001525878906,42.70000076293945,42.744998931884766,137256
2025-07-31 14:25:00+00:00,42.834999084472656,42.84510040283203,42.7400016784668,42.7578010559082,175054
2025-07-31 14:30:00+00:00,42.8849983215332,42.88999938964844,42.814998626708984,42.834999084472656,300621
2025-07-31 14:35:00+00:00,42.89500045776367,42.939998626708984,42.8843994140625,42.8849983215332,251760
2025-07-31 14:40:00+00:00,42.915000915527344,42.9900016784668,42.869998931884766,42.88999938964844,277242
2025-07-31 14:45:00+00:00,42.95000076293945,42.970001220703125,42.90999984741211,42.915000915527344,177610
2025-07-31 14:50:00+00:00,42.94499969482422,42.9900016784668,42.93000030517578,42.95000076293945,191192
2025-07-31 14:55:00+00:00,42.92796325683594,42.94990158081055,42.89070129394531,42.939998626708984,155540
2025-07-31 15:00:00+00:00,42.93000030517578,42.96989822387695,42.91999816894531,42.91999816894531,224999
2025-07-31 15:05:00+00:00,42.96500015258789,42.9900016784668,42.915000915527344,42.93000030517578,189324
2025-07-31 15:10:00+00:00,42.8650016784668,42.96500015258789,42.86000061035156,42.959999084472656,197884
2025-07-31 15:15:00+00:00,42.875,42.907901763916016,42.85499954223633,42.8650016784668,207168
2025-07-31 15:20:00+00:00,42.88999938964844,42.904998779296875,42.84000015258789,42.877899169921875,125532
2025-07-31 15:25:00+00:00,42.845001220703125,42.8849983215332,42.81999969482422,42.8849983215332,170717
2025-07-31 15:30:00+00:00,42.89500045776367,42.900001525878906,42.84000015258789,42.845001220703125,97670
2025-07-31 15:35:00+00:00,42.915000915527344,42.92789840698242,42.869998931884766,42.89500045776367,120303
2025-07-31 15:40:00+00:00,42.927398681640625,42.96500015258789,42.9119987487793,42.915000915527344,161686
2025-07-31 15:45:00+00:00,42.935001373291016,42.939998626708984,42.90999984741211,42.9275016784668,140557
2025-07-31 15:50:00+00:00,42.9900016784668,42.9900016784668,42.92499923706055,42.93000030517578,171628
2025-07-31 15:55:00+00:00,42.989898681640625,43.0099983215332,42.974998474121094,42.98500061035156,365750
2025-07-31 16:00:00+00:00,43.029998779296875,43.040000915527344,42.98469924926758,42.98469924926758,219742
2025-07-31 16:05:00+00:00,43.03499984741211,43.037899017333984,43.0,43.03499984741211,186762
2025-07-31 16:10:00+00:00,43.04499816894531,43.08000183105469,43.029998779296875,43.03499984741211,237125
2025-07-31 16:15:00+00:00,42.994998931884766,43.05500030517578,42.9900016784668,43.04999923706055,173322
2025-07-31 16:20:00+00:00,42.94499969482422,43.0,42.9182014465332,42.994998931884766,100126
2025-07-31 16:25:00+00:00,42.95500183105469,42.97999954223633,42.923301696777344,42.94499969482422,109452
2025-07-31 16:30:00+00:00,42.994998931884766,42.994998931884766,42.95000076293945,42.95500183105469,87746
2025-07-31 16:35:00+00:00,43.025001525878906,43.040000915527344,42.994998931884766,42.994998931884766,80260
2025-07-31 16:40:00+00:00,43.03499984741211,43.05500030517578,43.02000045776367,43.025001525878906,154900
2025-07-31 16:45:00+00:00,43.09000015258789,43.099998474121094,43.03499984741211,43.03499984741211,243214
2025-07-31 16:50:00+00:00,43.05500030517578,43.11000061035156,43.04999923706055,43.0900993347168,156447
2025-07-31 16:55:00+00:00,43.04999923706055,43.077598571777344,43.04999923706055,43.0546989440918,96717
2025-07-31 17:00:00+00:00,43.025001525878906,43.06999969482422,43.02000045776367,43.04999923706055,102133
2025-07-31 17:05:00+00:00,43.025001525878906,43.04999923706055,43.0099983215332,43.025001525878906,117625
2025-07-31 17:10:00+00:00,43.02220153808594,43.03499984741211,42.9900016784668,43.02750015258789,102070
2025-07-31 17:15:00+00:00,43.040000915527344,43.08000183105469,43.02000045776367,43.02000045776367,97287
2025-07-31 17:20:00+00:00,42.98500061035156,43.04499816894531,42.98500061035156,43.04499816894531,137603
2025-07-31 17:25:00+00:00,43.003700256347656,43.0099983215332,42.939998626708984,42.98500061035156,197537
2025-07-31 17:30:00+00:00,42.974998474121094,43.005001068115234,42.970001220703125,43.0,152279
2025-07-31 17:35:00+00:00,43.005001068115234,43.025001525878906,42.970001220703125,42.977298736572266,139646
2025-07-31 17:40:00+00:00,42.95000076293945,43.005001068115234,42.939998626708984,43.005001068115234,112998
2025-07-31 17:45:00+00:00,42.96500015258789,42.9900016784668,42.93000030517578,42.94499969482422,130034
2025-07-31 17:50:00+00:00,42.98419952392578,43.0,42.95000076293945,42.96500015258789,151856
2025-07-31 17:55:00+00:00,42.970001220703125,43.0,42.959999084472656,42.98469924926758,110532
2025-07-31 18:00:00+00:00,42.974998474121094,42.97999954223633,42.93009948730469,42.974998474121094,173331
2025-07-31 18:05:00+00:00,42.935001373291016,42.970001220703125,42.923301696777344,42.970001220703125,141108
2025-07-31 18:10:00+00:00,42.952701568603516,42.95989990234375,42.91999816894531,42.935001373291016,111977
2025-07-31 18:15:00+00:00,42.91469955444336,42.95750045776367,42.88999938964844,42.95000076293945,104850
2025-07-31 18:20:00+00:00,42.900001525878906,42.939998626708984,42.880001068115234,42.90999984741211,155771
2025-07-31 18:25:00+00:00,42.94499969482422,42.95000076293945,42.88999938964844,42.89500045776367,181820
2025-07-31 18:30:00+00:00,42.89500045776367,42.95000076293945,42.88999938964844,42.939998626708984,144655
2025-07-31 18:35:00+00:00,42.8849983215332,42.90999984741211,42.869998931884766,42.89500045776367,122904
2025-07-31 18:40:00+00:00,42.834999084472656,42.88990020751953,42.810001373291016,42.8849983215332,143167
2025-07-31 18:45:00+00:00,42.915000915527344,42.915000915527344,42.81999969482422,42.834999084472656,126886
2025-07-31 18:50:00+00:00,42.935001373291016,42.94499969482422,42.90999984741211,42.915000915527344,164578
2025-07-31 18:55:00+00:00,42.875,42.95000076293945,42.875,42.935001373291016,218100
2025-07-31 19:00:00+00:00,42.83000183105469,42.880001068115234,42.81999969482422,42.869998931884766,397206
2025-07-31 19:05:00+00:00,42.89500045776367,42.895301818847656,42.76499938964844,42.82500076293945,480352
2025-07-31 19:10:00+00:00,42.904998779296875,42.94670104980469,42.8849983215332,42.88999938964844,184525
2025-07-31 19:15:00+00:00,42.834999084472656,42.90549850463867,42.83000183105469,42.90549850463867,204883
2025-07-31 19:20:00+00:00,42.86000061035156,42.88999938964844,42.81999969482422,42.834999084472656,309839
2025-07-31 19:25:00+00:00,42.85499954223633,42.8650016784668,42.81999969482422,42.8650016784668,228535
2025-07-31 19:30:00+00:00,42.82500076293945,42.900001525878906,42.81999969482422,42.85499954223633,286397
2025-07-31 19:35:00+00:00,42.834999084472656,42.84000015258789,42.79999923706055,42.81999969482422,212762
2025-07-31 19:40:00+00:00,42.845298767089844,42.84989929199219,42.814998626708984,42.83000183105469,405111
2025-07-31 19:45:00+00:00,42.76470184326172,42.849998474121094,42.76340103149414,42.849998474121094,353405
2025-07-31 19:50:00+00:00,42.72999954223633,42.775001525878906,42.709999084472656,42.7599983215332,506214
2025-07-31 19:55:00+00:00,42.77000045776367,42.790000915527344,42.69499969482422,42.709999084472656,1584296
2025-08-01 13:30:00+00:00,42.9380989074707,43.470001220703125,42.90999984741211,43.290000915527344,2018712
2025-08-01 13:35:00+00:00,42.7400016784668,42.95000076293945,42.724998474121094,42.939998626708984,502309
2025-08-01 13:40:00+00:00,42.92689895629883,42.9900016784668,42.720001220703125,42.7400016784668,766292
2025-08-01 13:45:00+00:00,42.849998474121094,42.93000030517578,42.790000915527344,42.92499923706055,541342
2025-08-01 13:50:00+00:00,42.73500061035156,42.900001525878906,42.691200256347656,42.849998474121094,262889
2025-08-01 13:55:00+00:00,42.744998931884766,42.77830123901367,42.68000030517578,42.7400016784668,308287
2025-08-01 14:00:00+00:00,42.70000076293945,42.755001068115234,42.6349983215332,42.7400016784668,388795
2025-08-01 14:05:00+00:00,42.73849868774414,42.7400016784668,42.630001068115234,42.70000076293945,322533
2025-08-01 14:10:00+00:00,42.79999923706055,42.81999969482422,42.67499923706055,42.7400016784668,412893
2025-08-01 14:15:00+00:00,42.87839889526367,42.88999938964844,42.772499084472656,42.80500030517578,277576
2025-08-01 14:20:00+00:00,42.810001373291016,42.90999984741211,42.779998779296875,42.875,191524
2025-08-01 14:25:00+00:00,42.829898834228516,42.869998931884766,42.790000915527344,42.815799713134766,162390
2025-08-01 14:30:00+00:00,42.76900100708008,42.880001068115234,42.7599983215332,42.827999114990234,238893
2025-08-01 14:35:00+00:00,42.66999816894531,42.77000045776367,42.619998931884766,42.76499938964844,267008
2025-08-01 14:40:00+00:00,42.724998474121094,42.73500061035156,42.660099029541016,42.66999816894531,210989
2025-08-01 14:45:00+00:00,42.77000045776367,42.775001525878906,42.709999084472656,42.720001220703125,190717
2025-08-01 14:50:00+00:00,42.814998626708984,42.84000015258789,42.7599983215332,42.775001525878906,149153
2025-08-01 14:55:00+00:00,42.89500045776367,42.900001525878906,42.80500030517578,42.814998626708984,543686
2025-08-01 15:00:00+00:00,42.95000076293945,42.974998474121094,42.88999938964844,42.89500045776367,289716
2025-08-01 15:05:00+00:00,42.974998474121094,43.0,42.93000030517578,42.94499969482422,355135
2025-08-01 15:10:00+00:00,43.07500076293945,43.109901428222656,42.96500015258789,42.974998474121094,437372
2025-08-01 15:15:00+00:00,43.03499984741211,43.079898834228516,43.01499938964844,43.07500076293945,180558
2025-08-01 15:20:00+00:00,42.95500183105469,43.04499816894531,42.93000030517578,43.029998779296875,229355
2025-08-01 15:25:00+00:00,43.025001525878906,43.025001525878906,42.93000030517578,42.95500183105469,197665
2025-08-01 15:30:00+00:00,42.94499969482422,43.040000915527344,42.939998626708984,43.029998779296875,176467
2025-08-01 15:35:00+00:00,42.90999984741211,42.959999084472656,42.845001220703125,42.939998626708984,187116
2025-08-01 15:40:00+00:00,42.89500045776367,42.935001373291016,42.880001068115234,42.91419982910156,89712
2025-08-01 15:45:00+00:00,42.915000915527344,42.917701721191406,42.86000061035156,42.89500045776367,131309
2025-08-01 15:50:00+00:00,42.939998626708984,42.95709991455078,42.900001525878906,42.91999816894531,107253
2025-08-01 15:55:00+00:00,42.94499969482422,42.94499969482422,42.875,42.93000030517578,91321
2025-08-01 16:00:00+00:00,42.930198669433594,42.94499969482422,42.89500045776367,42.94499969482422,129661
2025-08-01 16:05:00+00:00,42.875,42.939998626708984,42.86410140991211,42.935001373291016,159144
2025-08-01 16:10:00+00:00,42.935001373291016,42.939998626708984,42.875,42.880001068115234,134471
2025-08-01 16:15:00+00:00,42.92499923706055,42.939998626708984,42.89500045776367,42.935001373291016,136967
2025-08-01 16:20:00+00:00,42.95989990234375,42.970001220703125,42.90999984741211,42.924800872802734,124986
2025-08-01 16:25:00+00:00,42.93000030517578,42.95500183105469,42.91999816894531,42.95500183105469,87592
2025-08-01 16:30:00+00:00,42.939998626708984,42.95000076293945,42.904998779296875,42.92499923706055,206055
2025-08-01 16:35:00+00:00,42.97999954223633,42.97999954223633,42.94499969482422,42.94499969482422,87397
2025-08-01 16:40:00+00:00,43.004798889160156,43.005001068115234,42.959999084472656,42.970001220703125,220356
2025-08-01 16:45:00+00:00,43.002201080322266,43.02000045776367,42.97999954223633,43.005001068115234,131034
2025-08-01 16:50:00+00:00,43.005001068115234,43.060001373291016,42.981201171875,43.005001068115234,177886
2025-08-01 16:55:00+00:00,43.00279998779297,43.012001037597656,42.959999084472656,43.005001068115234,187961
2025-08-01 17:00:00+00:00,42.97999954223633,43.02000045776367,42.9718017578125,43.0099983215332,97749
2025-08-01 17:05:00+00:00,42.959999084472656,43.0099983215332,42.94499969482422,42.970001220703125,104959
2025-08-01 17:10:00+00:00,43.02560043334961,43.06999969482422,42.96009826660156,42.96009826660156,171750
2025-08-01 17:15:00+00:00,42.9900016784668,43.04499816894531,42.9900016784668,43.022098541259766,140849
2025-08-01 17:20:00+00:00,43.064998626708984,43.06999969482422,42.98500061035156,42.99530029296875,151908
2025-08-01 17:25:00+00:00,42.974998474121094,43.06999969482422,42.970001220703125,43.064998626708984,125695
2025-08-01 17:30:00+00:00,42.915000915527344,42.9900016784668,42.90999984741211,42.974998474121094,97807
2025-08-01 17:35:00+00:00,42.92499923706055,42.939998626708984,42.911800384521484,42.911800384521484,91100
2025-08-01 17:40:00+00:00,42.904998779296875,42.93989944458008,42.900001525878906,42.91999816894531,87854
2025-08-01 17:45:00+00:00,42.939998626708984,42.94499969482422,42.890098571777344,42.900001525878906,116323
2025-08-01 17:50:00+00:00,42.904998779296875,42.970001220703125,42.88999938964844,42.94499969482422,129323
2025-08-01 17:55:00+00:00,42.85499954223633,42.904998779296875,42.849998474121094,42.904998779296875,92082
2025-08-01 18:00:00+00:00,42.8849983215332,42.900001525878906,42.834999084472656,42.85499954223633,149184
2025-08-01 18:05:00+00:00,42.85499954223633,42.904998779296875,42.84000015258789,42.8849983215332,118837
2025-08-01 18:10:00+00:00,42.89500045776367,42.900001525878906,42.849998474121094,42.857398986816406,79586
2025-08-01 18:15:00+00:00,42.845001220703125,42.904998779296875,42.84450149536133,42.89500045776367,79926
2025-08-01 18:20:00+00:00,42.834999084472656,42.869998931884766,42.834999084472656,42.845001220703125,113771
2025-08-01 18:25:00+00:00,42.84510040283203,42.869998931884766,42.83000183105469,42.834999084472656,132919
2025-08-01 18:30:00+00:00,42.8650016784668,42.880001068115234,42.84000015258789,42.849998474121094,91551
2025-08-01 18:35:00+00:00,42.875,42.904998779296875,42.86249923706055,42.869998931884766,125737
2025-08-01 18:40:00+00:00,42.87350082397461,42.88999938964844,42.84000015258789,42.875,89856
2025-08-01 18:45:00+00:00,42.875,42.88999938964844,42.862300872802734,42.880001068115234,89101
2025-08-01 18:50:00+00:00,42.859901428222656,42.87670135498047,42.849998474121094,42.875,77996
2025-08-01 18:55:00+00:00,42.82500076293945,42.875,42.81999969482422,42.86000061035156,158290
2025-08-01 19:00:00+00:00,42.84980010986328,42.84980010986328,42.810001373291016,42.81999969482422,101455
2025-08-01 19:05:00+00:00,42.834999084472656,42.8650016784668,42.79999923706055,42.845001220703125,114556
2025-08-01 19:10:00+00:00,42.845001220703125,42.869998931884766,42.83440017700195,42.834999084472656,91920
2025-08-01 19:15:00+00:00,42.85499954223633,42.86000061035156,42.84000015258789,42.845001220703125,81793
2025-08-01 19:20:00+00:00,42.875,42.880001068115234,42.82500076293945,42.86000061035156,146679
2025-08-01 19:25:00+00:00,42.86000061035156,42.880001068115234,42.85499954223633,42.869998931884766,141494
2025-08-01 19:30:00+00:00,42.834999084472656,42.86000061035156,42.81999969482422,42.85499954223633,236393
2025-08-01 19:35:00+00:00,42.8650016784668,42.875,42.830101013183594,42.834999084472656,147729
2025-08-01 19:40:00+00:00,42.849998474121094,42.8650016784668,42.84000015258789,42.8650016784668,151743
2025-08-01 19:45:00+00:00,42.875,42.8849983215332,42.83000183105469,42.85499954223633,226976
2025-08-01 19:50:00+00:00,42.845001220703125,42.900001525878906,42.83000183105469,42.875,305623
2025-08-01 19:55:00+00:00,42.880001068115234,42.88999938964844,42.83000183105469,42.845001220703125,1331777
2025-08-04 13:30:00+00:00,42.939998626708984,42.959999084472656,42.72999954223633,42.79999923706055,774035
2025-08-04 13:35:00+00:00,42.685001373291016,42.95000076293945,42.68000030517578,42.939998626708984,277520
2025-08-04 13:40:00+00:00,42.560001373291016,42.689998626708984,42.560001373291016,42.685001373291016,379216
2025-08-04 13:45:00+00:00,42.6150016784668,42.619998931884766,42.529998779296875,42.564998626708984,231323
2025-08-04 13:50:00+00:00,42.720001220703125,42.744998931884766,42.599998474121094,42.6150016784668,199595
2025-08-04 13:55:00+00:00,42.85499954223633,42.869998931884766,42.68000030517578,42.71500015258789,155236
2025-08-04 14:00:00+00:00,42.91999816894531,42.974998474121094,42.85499954223633,42.86000061035156,162852
2025-08-04 14:05:00+00:00,42.834999084472656,42.939998626708984,42.830101013183594,42.91999816894531,118366
2025-08-04 14:10:00+00:00,42.81999969482422,42.84000015258789,42.75,42.834999084472656,150315
2025-08-04 14:15:00+00:00,42.814998626708984,42.81999969482422,42.779998779296875,42.814998626708984,121137
2025-08-04 14:20:00+00:00,42.814998626708984,42.83000183105469,42.78499984741211,42.814998626708984,91946
2025-08-04 14:25:00+00:00,42.810001373291016,42.83000183105469,42.779998779296875,42.81999969482422,118031
2025-08-04 14:30:00+00:00,42.70500183105469,42.81800079345703,42.70500183105469,42.79999923706055,122281
2025-08-04 14:35:00+00:00,42.724998474121094,42.7400016784668,42.687198638916016,42.70500183105469,94061
2025-08-04 14:40:00+00:00,42.73789978027344,42.77000045776367,42.709999084472656,42.724998474121094,89079
2025-08-04 14:45:00+00:00,42.810001373291016,42.82500076293945,42.73500061035156,42.7400016784668,117320
2025-08-04 14:50:00+00:00,42.845001220703125,42.849998474121094,42.79999923706055,42.810001373291016,103477
2025-08-04 14:55:00+00:00,42.817901611328125,42.880001068115234,42.810001373291016,42.845001220703125,80611
2025-08-04 15:00:00+00:00,42.849998474121094,42.849998474121094,42.8140983581543,42.814998626708984,59252
2025-08-04 15:05:00+00:00,42.84000015258789,42.8849983215332,42.84000015258789,42.849998474121094,115105
2025-08-04 15:10:00+00:00,42.834999084472656,42.875,42.834999084472656,42.849998474121094,79531
2025-08-04 15:15:00+00:00,42.790000915527344,42.834999084472656,42.790000915527344,42.83000183105469,64963
2025-08-04 15:20:00+00:00,42.76499938964844,42.79999923706055,42.755001068115234,42.79650115966797,75558
2025-08-04 15:25:00+00:00,42.71500015258789,42.790000915527344,42.71500015258789,42.76499938964844,112041
2025-08-04 15:30:00+00:00,42.77000045776367,42.77000045776367,42.720001220703125,42.720001220703125,86541
2025-08-04 15:35:00+00:00,42.75,42.790000915527344,42.75,42.767398834228516,116210
2025-08-04 15:40:00+00:00,42.76499938964844,42.77000045776367,42.75,42.75,83437
2025-08-04 15:45:00+00:00,42.78810119628906,42.790000915527344,42.76350021362305,42.77000045776367,67074
2025-08-04 15:50:00+00:00,42.77560043334961,42.790000915527344,42.7599983215332,42.779998779296875,66327
2025-08-04 15:55:00+00:00,42.79499816894531,42.79999923706055,42.77000045776367,42.779998779296875,87146
2025-08-04 16:00:00+00:00,42.810001373291016,42.84000015258789,42.79970169067383,42.79970169067383,92644
2025-08-04 16:05:00+00:00,42.880001068115234,42.88999938964844,42.80500030517578,42.810001373291016,114274
2025-08-04 16:10:00+00:00,42.869998931884766,42.89500045776367,42.86000061035156,42.875,66357
2025-08-04 16:15:00+00:00,42.8849983215332,42.88999938964844,42.849998474121094,42.87820053100586,64766
2025-08-04 16:20:00+00:00,42.880001068115234,42.88999938964844,42.85499954223633,42.8849983215332,57251
2025-08-04 16:25:00+00:00,42.85499954223633,42.880001068115234,42.85100173950195,42.87670135498047,75594
2025-08-04 16:30:00+00:00,42.904998779296875,42.91999816894531,42.86000061035156,42.86000061035156,110710
2025-08-04 16:35:00+00:00,42.915000915527344,42.91999816894531,42.88999938964844,42.90999984741211,74732
2025-08-04 16:40:00+00:00,42.904998779296875,42.91999816894531,42.900001525878906,42.91830062866211,62405
2025-08-04 16:45:00+00:00,42.89670181274414,42.90999984741211,42.88999938964844,42.904998779296875,52215
2025-08-04 16:50:00+00:00,42.87350082397461,42.900001525878906,42.86000061035156,42.89500045776367,91781
2025-08-04 16:55:00+00:00,42.869998931884766,42.904998779296875,42.869998931884766,42.875,78340
2025-08-04 17:00:00+00:00,42.8650016784668,42.88999938964844,42.86000061035156,42.869998931884766,87540
2025-08-04 17:05:00+00:00,42.87009811401367,42.880001068115234,42.86000061035156,42.86989974975586,78367
2025-08-04 17:10:00+00:00,42.85499954223633,42.86000061035156,42.84000015258789,42.845001220703125,112399
2025-08-04 17:15:00+00:00,42.890098571777344,42.90999984741211,42.85150146484375,42.85150146484375,79692
2025-08-04 17:20:00+00:00,42.915000915527344,42.93000030517578,42.8849983215332,42.88999938964844,83440
2025-08-04 17:25:00+00:00,42.89500045776367,42.92649841308594,42.88999938964844,42.90999984741211,65162
2025-08-04 17:30:00+00:00,42.91999816894531,42.91999816894531,42.8849983215332,42.89500045776367,70473
2025-08-04 17:35:00+00:00,42.91999816894531,42.939998626708984,42.900001525878906,42.91999816894531,73088
2025-08-04 17:40:00+00:00,42.91999816894531,42.91999816894531,42.90359878540039,42.915000915527344,53528
2025-08-04 17:45:00+00:00,42.90999984741211,42.91999816894531,42.89500045776367,42.915000915527344,64794
2025-08-04 17:50:00+00:00,42.86000061035156,42.90999984741211,42.86000061035156,42.90650177001953,53789
2025-08-04 17:55:00+00:00,42.85499954223633,42.86650085449219,42.849998474121094,42.86650085449219,48675
2025-08-04 18:00:00+00:00,42.90999984741211,42.90999984741211,42.85499954223633,42.85499954223633,85043
2025-08-04 18:05:00+00:00,42.89500045776367,42.90999984741211,42.88999938964844,42.904998779296875,55625
2025-08-04 18:10:00+00:00,42.880001068115234,42.90650177001953,42.869998931884766,42.89500045776367,72764
2025-08-04 18:15:00+00:00,42.904998779296875,42.907501220703125,42.8849983215332,42.8849983215332,62936
2025-08-04 18:20:00+00:00,42.915000915527344,42.91999816894531,42.900001525878906,42.904998779296875,94502
2025-08-04 18:25:00+00:00,42.95500183105469,42.959999084472656,42.91230010986328,42.915000915527344,93695
2025-08-04 18:30:00+00:00,42.95500183105469,42.959999084472656,42.93470001220703,42.95500183105469,76145
2025-08-04 18:35:00+00:00,42.96500015258789,42.970001220703125,42.94260025024414,42.95500183105469,49843
2025-08-04 18:40:00+00:00,42.96500015258789,42.97999954223633,42.95500183105469,42.970001220703125,105082
2025-08-04 18:45:00+00:00,42.959999084472656,42.970001220703125,42.959999084472656,42.96900177001953,44256
2025-08-04 18:50:00+00:00,42.96500015258789,42.970001220703125,42.95500183105469,42.96500015258789,65770
2025-08-04 18:55:00+00:00,42.974998474121094,42.97999954223633,42.95000076293945,42.96500015258789,62513
2025-08-04 19:00:00+00:00,42.967498779296875,42.97999954223633,42.95500183105469,42.97809982299805,87804
2025-08-04 19:05:00+00:00,42.939998626708984,42.96670150756836,42.93009948730469,42.96500015258789,69947
2025-08-04 19:10:00+00:00,42.95500183105469,42.959999084472656,42.935001373291016,42.939998626708984,84843
2025-08-04 19:15:00+00:00,42.970001220703125,42.9900016784668,42.95000076293945,42.95500183105469,129600
2025-08-04 19:20:00+00:00,43.02000045776367,43.02000045776367,42.970001220703125,42.97669982910156,146057
2025-08-04 19:25:00+00:00,42.9900016784668,43.029998779296875,42.97999954223633,43.02000045776367,152213
2025-08-04 19:30:00+00:00,42.98500061035156,43.0099983215332,42.983299255371094,42.98500061035156,151956
2025-08-04 19:35:00+00:00,42.970001220703125,43.0,42.959999084472656,42.9900016784668,103691
2025-08-04 19:40:00+00:00,42.96500015258789,42.97999954223633,42.95000076293945,42.970001220703125,178238
2025-08-04 19:45:00+00:00,42.96500015258789,42.97999954223633,42.90999984741211,42.96500015258789,260804
2025-08-04 19:50:00+00:00,42.970001220703125,42.9900016784668,42.94499969482422,42.959999084472656,436708
2025-08-04 19:55:00+00:00,42.95000076293945,42.974998474121094,42.939998626708984,42.974998474121094,896611
2025-08-05 13:30:00+00:00,43.099998474121094,43.099998474121094,42.935001373291016,42.95000076293945,546294
2025-08-05 13:35:00+00:00,42.97999954223633,43.095001220703125,42.935001373291016,43.095001220703125,186699
2025-08-05 13:40:00+00:00,42.875,43.02000045776367,42.875,42.970001220703125,171422
2025-08-05 13:45:00+00:00,42.8650016784668,42.92499923706055,42.851898193359375,42.880001068115234,168056
2025-08-05 13:50:00+00:00,42.8849983215332,42.91999816894531,42.834999084472656,42.86000061035156,157813
2025-08-05 13:55:00+00:00,42.869998931884766,42.904998779296875,42.84000015258789,42.8849983215332,144533
2025-08-05 14:00:00+00:00,42.945098876953125,42.945098876953125,42.83000183105469,42.86000061035156,219226
2025-08-05 14:05:00+00:00,42.97529983520508,42.98500061035156,42.904998779296875,42.94599914550781,132550
2025-08-05 14:10:00+00:00,42.92499923706055,42.97999954223633,42.92499923706055,42.974998474121094,108075
2025-08-05 14:15:00+00:00,42.94499969482422,42.95000076293945,42.910099029541016,42.92499923706055,95288
2025-08-05 14:20:00+00:00,42.9379997253418,42.959999084472656,42.915000915527344,42.94499969482422,117686
2025-08-05 14:25:00+00:00,42.94499969482422,42.959999084472656,42.920101165771484,42.939998626708984,141985
2025-08-05 14:30:00+00:00,42.974998474121094,42.994998931884766,42.92499923706055,42.94710159301758,131226
2025-08-05 14:35:00+00:00,42.96500015258789,42.9900016784668,42.959999084472656,42.97999954223633,93566
2025-08-05 14:40:00+00:00,43.025001525878906,43.029998779296875,42.96500015258789,42.96770095825195,106460
2025-08-05 14:45:00+00:00,43.025001525878906,43.029998779296875,42.97999954223633,43.025001525878906,125415
2025-08-05 14:50:00+00:00,42.939998626708984,43.02669906616211,42.91379928588867,43.02669906616211,156541
2025-08-05 14:55:00+00:00,42.89500045776367,42.939998626708984,42.884498596191406,42.93989944458008,143489
2025-08-05 15:00:00+00:00,42.83580017089844,42.93000030517578,42.834999084472656,42.89500045776367,114761
2025-08-05 15:05:00+00:00,42.834999084472656,42.849998474121094,42.78499984741211,42.84000015258789,106388
2025-08-05 15:10:00+00:00,42.791500091552734,42.8650016784668,42.791500091552734,42.83399963378906,108099
2025-08-05 15:15:00+00:00,42.775001525878906,42.79999923706055,42.7400016784668,42.79499816894531,121520
2025-08-05 15:20:00+00:00,42.81999969482422,42.81999969482422,42.775001525878906,42.775001525878906,122024
2025-08-05 15:25:00+00:00,42.834999084472656,42.84709930419922,42.810001373291016,42.81999969482422,72940
2025-08-05 15:30:00+00:00,42.89509963989258,42.900001525878906,42.83000183105469,42.834999084472656,93615
2025-08-05 15:35:00+00:00,42.89500045776367,42.900001525878906,42.86000061035156,42.900001525878906,93210
2025-08-05 15:40:00+00:00,42.8849983215332,42.900001525878906,42.87009811401367,42.88999938964844,70218
2025-08-05 15:45:00+00:00,42.880001068115234,42.8849983215332,42.86000061035156,42.880001068115234,73600
2025-08-05 15:50:00+00:00,42.8849983215332,42.89500045776367,42.86000061035156,42.8849983215332,79044
2025-08-05 15:55:00+00:00,42.834999084472656,42.88999938964844,42.83000183105469,42.88990020751953,65916
2025-08-05 16:00:00+00:00,42.814998626708984,42.84659957885742,42.779998779296875,42.834999084472656,111709
2025-08-05 16:05:00+00:00,42.79999923706055,42.81999969482422,42.779998779296875,42.814998626708984,76930
2025-08-05 16:10:00+00:00,42.750999450683594,42.807498931884766,42.75,42.79999923706055,79935
2025-08-05 16:15:00+00:00,42.74829864501953,42.77000045776367,42.72999954223633,42.75,104472
2025-08-05 16:20:00+00:00,42.73500061035156,42.75,42.72999954223633,42.74829864501953,69553
2025-08-05 16:25:00+00:00,42.750099182128906,42.76499938964844,42.72999954223633,42.73500061035156,79826
2025-08-05 16:30:00+00:00,42.779998779296875,42.790000915527344,42.75,42.75740051269531,77834
2025-08-05 16:35:00+00:00,42.77000045776367,42.785099029541016,42.750099182128906,42.775001525878906,62881
2025-08-05 16:40:00+00:00,42.78499984741211,42.79790115356445,42.76499938964844,42.76499938964844,100051
2025-08-05 16:45:00+00:00,42.83000183105469,42.83000183105469,42.77000045776367,42.779998779296875,71121
2025-08-05 16:50:00+00:00,42.875,42.880001068115234,42.81010055541992,42.82500076293945,60970
2025-08-05 16:55:00+00:00,42.85499954223633,42.8849983215332,42.845001220703125,42.875,74355
2025-08-05 17:00:00+00:00,42.904998779296875,42.90999984741211,42.850101470947266,42.86000061035156,63529
2025-08-05 17:05:00+00:00,42.90019989013672,42.91999816894531,42.880001068115234,42.90999984741211,68970
2025-08-05 17:10:00+00:00,42.94499969482422,42.94499969482422,42.900001525878906,42.904998779296875,72612
2025-08-05 17:15:00+00:00,42.96718978881836,42.970001220703125,42.939998626708984,42.940101623535156,117910
2025-08-05 17:20:00+00:00,42.95500183105469,42.96989822387695,42.939998626708984,42.96500015258789,92766
2025-08-05 17:25:00+00:00,42.94499969482422,42.970001220703125,42.94499969482422,42.95500183105469,63748
2025-08-05 17:30:00+00:00,42.95500183105469,42.97999954223633,42.939998626708984,42.95000076293945,97395
2025-08-05 17:35:00+00:00,42.95500183105469,42.96580123901367,42.935001373291016,42.95500183105469,110083
2025-08-05 17:40:00+00:00,42.92770004272461,42.955101013183594,42.91999816894531,42.95009994506836,45199
2025-08-05 17:45:00+00:00,42.8849983215332,42.926998138427734,42.869998931884766,42.92509841918945,83612
2025-08-05 17:50:00+00:00,42.875,42.90999984741211,42.872398376464844,42.885101318359375,53336
2025-08-05 17:55:00+00:00,42.869998931884766,42.88999938964844,42.86009979248047,42.869998931884766,63439
2025-08-05 18:00:00+00:00,42.86009979248047,42.880001068115234,42.84000015258789,42.869998931884766,107169
2025-08-05 18:05:00+00:00,42.834999084472656,42.869998931884766,42.834999084472656,42.86690139770508,61598
2025-08-05 18:10:00+00:00,42.77000045776367,42.839900970458984,42.77000045776367,42.834999084472656,78270
2025-08-05 18:15:00+00:00,42.790000915527344,42.790000915527344,42.744998931884766,42.775001525878906,89532
2025-08-05 18:20:00+00:00,42.79499816894531,42.80580139160156,42.76499938964844,42.785099029541016,74432
2025-08-05 18:25:00+00:00,42.779998779296875,42.79999923706055,42.775001525878906,42.79520034790039,50894
2025-08-05 18:30:00+00:00,42.76499938964844,42.790000915527344,42.7599983215332,42.779998779296875,65431
2025-08-05 18:35:00+00:00,42.76499938964844,42.779998779296875,42.7599983215332,42.76499938964844,70249
2025-08-05 18:40:00+00:00,42.79499816894531,42.79990005493164,42.76499938964844,42.76499938964844,108321
2025-08-05 18:45:00+00:00,42.79999923706055,42.81999969482422,42.790000915527344,42.79499816894531,81008
2025-08-05 18:50:00+00:00,42.80500030517578,42.80500030517578,42.77000045776367,42.803199768066406,83563
2025-08-05 18:55:00+00:00,42.790000915527344,42.810001373291016,42.77000045776367,42.80500030517578,78718
2025-08-05 19:00:00+00:00,42.82500076293945,42.83000183105469,42.79010009765625,42.79499816894531,85566
2025-08-05 19:05:00+00:00,42.834999084472656,42.84000015258789,42.81999969482422,42.83000183105469,62440
2025-08-05 19:10:00+00:00,42.84000015258789,42.849998474121094,42.83000183105469,42.83000183105469,74413
2025-08-05 19:15:00+00:00,42.845001220703125,42.86000061035156,42.81010055541992,42.83000183105469,72865
2025-08-05 19:20:00+00:00,42.82500076293945,42.849998474121094,42.814998626708984,42.84989929199219,66725
2025-08-05 19:25:00+00:00,42.814998626708984,42.83000183105469,42.79499816894531,42.82500076293945,117811
2025-08-05 19:30:00+00:00,42.78499984741211,42.814998626708984,42.77000045776367,42.814998626708984,122171
2025-08-05 19:35:00+00:00,42.790000915527344,42.810001373291016,42.775001525878906,42.78499984741211,182056
2025-08-05 19:40:00+00:00,42.722999572753906,42.790000915527344,42.709999084472656,42.78499984741211,166604
2025-08-05 19:45:00+00:00,42.755001068115234,42.76499938964844,42.71009826660156,42.720001220703125,301907
2025-08-05 19:50:00+00:00,42.7400016784668,42.79999923706055,42.73500061035156,42.75,488880
2025-08-05 19:55:00+00:00,42.67499923706055,42.7599983215332,42.66999816894531,42.7400016784668,1455935
2025-08-06 13:30:00+00:00,42.59000015258789,42.79999923706055,42.58000183105469,42.79999923706055,673599
2025-08-06 13:35:00+00:00,42.5099983215332,42.64630126953125,42.470001220703125,42.59000015258789,366041
2025-08-06 13:40:00+00:00,42.54999923706055,42.584999084472656,42.5,42.52000045776367,216183
2025-08-06 13:45:00+00:00,42.625,42.63999938964844,42.540000915527344,42.55500030517578,217845
2025-08-06 13:50:00+00:00,42.66999816894531,42.67580032348633,42.59000015258789,42.630001068115234,107661
2025-08-06 13:55:00+00:00,42.60499954223633,42.67499923706055,42.59000015258789,42.67499923706055,169535
2025-08-06 14:00:00+00:00,42.529998779296875,42.60499954223633,42.5,42.60499954223633,172470
2025-08-06 14:05:00+00:00,42.54499816894531,42.54999923706055,42.4900016784668,42.53499984741211,205636
2025-08-06 14:10:00+00:00,42.540000915527344,42.57500076293945,42.529998779296875,42.540000915527344,166237
2025-08-06 14:15:00+00:00,42.55500030517578,42.56999969482422,42.525001525878906,42.53499984741211,126151
2025-08-06 14:20:00+00:00,42.51559829711914,42.58000183105469,42.510101318359375,42.560001373291016,117320
2025-08-06 14:25:00+00:00,42.5,42.525001525878906,42.48500061035156,42.51890182495117,148949
2025-08-06 14:30:00+00:00,42.54499816894531,42.54499816894531,42.47999954223633,42.500099182128906,141738
2025-08-06 14:35:00+00:00,42.54499816894531,42.560001373291016,42.5099983215332,42.54499816894531,138537
2025-08-06 14:40:00+00:00,42.54499816894531,42.564998626708984,42.540000915527344,42.540000915527344,85671
2025-08-06 14:45:00+00:00,42.57619857788086,42.599998474121094,42.529998779296875,42.54499816894531,109900
2025-08-06 14:50:00+00:00,42.62329864501953,42.63740158081055,42.56999969482422,42.57460021972656,154936
2025-08-06 14:55:00+00:00,42.6156005859375,42.630001068115234,42.61000061035156,42.619998931884766,138257
2025-08-06 15:00:00+00:00,42.665000915527344,42.679901123046875,42.6150016784668,42.6150016784668,147167
2025-08-06 15:05:00+00:00,42.625,42.66999816894531,42.619998931884766,42.665000915527344,193406
2025-08-06 15:10:00+00:00,42.589900970458984,42.63999938964844,42.58000183105469,42.625,141532
2025-08-06 15:15:00+00:00,42.60499954223633,42.63999938964844,42.584999084472656,42.584999084472656,120661
2025-08-06 15:20:00+00:00,42.564998626708984,42.6150016784668,42.560001373291016,42.599998474121094,108309
2025-08-06 15:25:00+00:00,42.62699890136719,42.62990188598633,42.56999969482422,42.56999969482422,193541
2025-08-06 15:30:00+00:00,42.619998931884766,42.6349983215332,42.599998474121094,42.625,122972
2025-08-06 15:35:00+00:00,42.564998626708984,42.630001068115234,42.560001373291016,42.625,145928
2025-08-06 15:40:00+00:00,42.525001525878906,42.56999969482422,42.5099983215332,42.56999969482422,123157
2025-08-06 15:45:00+00:00,42.53499984741211,42.54999923706055,42.52000045776367,42.529998779296875,108962
2025-08-06 15:50:00+00:00,42.560001373291016,42.560001373291016,42.53499984741211,42.53499984741211,118990
2025-08-06 15:55:00+00:00,42.6150016784668,42.625,42.55500030517578,42.55500030517578,257721
2025-08-06 16:00:00+00:00,42.6150016784668,42.630001068115234,42.599998474121094,42.61009979248047,108349
2025-08-06 16:05:00+00:00,42.6150016784668,42.625,42.59000015258789,42.619998931884766,189348
2025-08-06 16:10:00+00:00,42.654998779296875,42.66999816894531,42.61259841918945,42.6150016784668,116879
2025-08-06 16:15:00+00:00,42.65999984741211,42.685001373291016,42.650001525878906,42.65999984741211,145694
2025-08-06 16:20:00+00:00,42.69499969482422,42.70000076293945,42.630001068115234,42.654998779296875,194750
2025-08-06 16:25:00+00:00,42.69499969482422,42.720001220703125,42.66999816894531,42.70000076293945,105277
2025-08-06 16:30:00+00:00,42.733001708984375,42.746498107910156,42.69499969482422,42.69499969482422,134810
2025-08-06 16:35:00+00:00,42.744998931884766,42.75,42.72999954223633,42.7400016784668,100955
2025-08-06 16:40:00+00:00,42.69459915161133,42.75,42.69459915161133,42.744998931884766,105901
2025-08-06 16:45:00+00:00,42.665000915527344,42.70750045776367,42.650001525878906,42.70000076293945,85852
2025-08-06 16:50:00+00:00,42.619998931884766,42.65999984741211,42.595001220703125,42.65999984741211,155487
2025-08-06 16:55:00+00:00,42.625,42.6349983215332,42.61000061035156,42.625,120430
2025-08-06 17:00:00+00:00,42.647499084472656,42.647499084472656,42.599998474121094,42.619998931884766,116309
2025-08-06 17:05:00+00:00,42.625,42.650001525878906,42.62260055541992,42.64699935913086,81238
2025-08-06 17:10:00+00:00,42.625,42.630001068115234,42.61000061035156,42.619998931884766,78763
2025-08-06 17:15:00+00:00,42.625,42.63999938964844,42.61000061035156,42.630001068115234,92970
2025-08-06 17:20:00+00:00,42.59000015258789,42.625,42.58000183105469,42.625,72535
2025-08-06 17:25:00+00:00,42.606998443603516,42.619998931884766,42.58000183105469,42.595001220703125,91275
2025-08-06 17:30:00+00:00,42.63999938964844,42.63999938964844,42.599998474121094,42.599998474121094,111701
2025-08-06 17:35:00+00:00,42.630001068115234,42.63999938964844,42.630001068115234,42.6349983215332,39204
2025-08-06 17:40:00+00:00,42.61000061035156,42.6349983215332,42.61000061035156,42.630001068115234,71018
2025-08-06 17:45:00+00:00,42.6150016784668,42.630001068115234,42.61000061035156,42.6150016784668,91913
2025-08-06 17:50:00+00:00,42.61000061035156,42.630001068115234,42.599998474121094,42.619998931884766,74534
2025-08-06 17:55:00+00:00,42.66749954223633,42.67499923706055,42.61000061035156,42.61000061035156,117435
2025-08-06 18:00:00+00:00,42.71500015258789,42.720001220703125,42.665000915527344,42.665000915527344,128939
2025-08-06 18:05:00+00:00,42.71500015258789,42.720001220703125,42.70500183105469,42.720001220703125,82563
2025-08-06 18:10:00+00:00,42.724998474121094,42.72999954223633,42.709999084472656,42.71500015258789,103907
2025-08-06 18:15:00+00:00,42.724998474121094,42.7400016784668,42.720001220703125,42.724998474121094,57237
2025-08-06 18:20:00+00:00,42.689998626708984,42.70800018310547,42.66999816894531,42.70800018310547,92514
2025-08-06 18:25:00+00:00,42.67499923706055,42.68989944458008,42.665000915527344,42.68009948730469,92963
2025-08-06 18:30:00+00:00,42.654998779296875,42.689998626708984,42.650001525878906,42.68000030517578,98748
2025-08-06 18:35:00+00:00,42.618099212646484,42.66999816894531,42.599998474121094,42.654998779296875,96486
2025-08-06 18:40:00+00:00,42.6150016784668,42.63999938964844,42.61000061035156,42.61280059814453,94017
2025-08-06 18:45:00+00:00,42.60499954223633,42.630001068115234,42.595001220703125,42.6150016784668,106302
2025-08-06 18:50:00+00:00,42.619998931884766,42.630001068115234,42.59360122680664,42.60499954223633,90895
2025-08-06 18:55:00+00:00,42.59000015258789,42.630001068115234,42.59000015258789,42.619998931884766,141825
2025-08-06 19:00:00+00:00,42.619998931884766,42.63650131225586,42.58000183105469,42.59000015258789,116667
2025-08-06 19:05:00+00:00,42.619998931884766,42.630001068115234,42.599998474121094,42.619998931884766,95471
2025-08-06 19:10:00+00:00,42.63690185546875,42.63999938964844,42.619998931884766,42.625,75182
2025-08-06 19:15:00+00:00,42.60499954223633,42.63999938964844,42.599998474121094,42.63999938964844,83609
2025-08-06 19:20:00+00:00,42.564998626708984,42.61000061035156,42.560001373291016,42.60499954223633,81377
2025-08-06 19:25:00+00:00,42.474998474121094,42.560001373291016,42.470001220703125,42.560001373291016,436840
2025-08-06 19:30:00+00:00,42.464599609375,42.4900016784668,42.45000076293945,42.474998474121094,221392
2025-08-06 19:35:00+00:00,42.45349884033203,42.4900016784668,42.45000076293945,42.470001220703125,173169
2025-08-06 19:40:00+00:00,42.45000076293945,42.470001220703125,42.439998626708984,42.45000076293945,373048
2025-08-06 19:45:00+00:00,42.404598236083984,42.45500183105469,42.39500045776367,42.45500183105469,382588
2025-08-06 19:50:00+00:00,42.334999084472656,42.404998779296875,42.32500076293945,42.400001525878906,650739
2025-08-06 19:55:00+00:00,42.35499954223633,42.36000061035156,42.310001373291016,42.34000015258789,1066796
2025-08-07 13:30:00+00:00,42.367000579833984,42.5,42.16999816894531,42.5,1778631
2025-08-07 13:35:00+00:00,42.525001525878906,42.560001373291016,42.369998931884766,42.369998931884766,325904
2025-08-07 13:40:00+00:00,42.5,42.560001373291016,42.459999084472656,42.52629852294922,186981
2025-08-07 13:45:00+00:00,42.474998474121094,42.52000045776367,42.45500183105469,42.494998931884766,108833
2025-08-07 13:50:00+00:00,42.53499984741211,42.56999969482422,42.46500015258789,42.474998474121094,153588
2025-08-07 13:55:00+00:00,42.56999969482422,42.599998474121094,42.529998779296875,42.540000915527344,127154
2025-08-07 14:00:00+00:00,42.51850128173828,42.625,42.5099983215332,42.56999969482422,130760
2025-08-07 14:05:00+00:00,42.505001068115234,42.54999923706055,42.5,42.51499938964844,185594
2025-08-07 14:10:00+00:00,42.47999954223633,42.529998779296875,42.45000076293945,42.5,136282
2025-08-07 14:15:00+00:00,42.45500183105469,42.470001220703125,42.41999816894531,42.43009948730469,124535
2025-08-07 14:20:00+00:00,42.439998626708984,42.467899322509766,42.400001525878906,42.459999084472656,137826
2025-08-07 14:25:00+00:00,42.407901763916016,42.45500183105469,42.3849983215332,42.44499969482422,124524
2025-08-07 14:30:00+00:00,42.41559982299805,42.44499969482422,42.390098571777344,42.404998779296875,131049
2025-08-07 14:35:00+00:00,42.459800720214844,42.474998474121094,42.404998779296875,42.40999984741211,80856
2025-08-07 14:40:00+00:00,42.48550033569336,42.540000915527344,42.45500183105469,42.45500183105469,144658
2025-08-07 14:45:00+00:00,42.494998931884766,42.5099983215332,42.480098724365234,42.48500061035156,132500
2025-08-07 14:50:00+00:00,42.459999084472656,42.49509811401367,42.440101623535156,42.49509811401367,87682
2025-08-07 14:55:00+00:00,42.494598388671875,42.505001068115234,42.45500183105469,42.459999084472656,130698
2025-08-07 15:00:00+00:00,42.53499984741211,42.54999923706055,42.464599609375,42.4900016784668,231986
2025-08-07 15:05:00+00:00,42.54280090332031,42.56990051269531,42.5099983215332,42.53499984741211,148881
2025-08-07 15:10:00+00:00,42.4900016784668,42.564998626708984,42.4900016784668,42.54499816894531,74140
2025-08-07 15:15:00+00:00,42.459999084472656,42.50680160522461,42.459999084472656,42.48500061035156,92343
2025-08-07 15:20:00+00:00,42.53499984741211,42.53499984741211,42.46500015258789,42.46500015258789,100993
2025-08-07 15:25:00+00:00,42.459999084472656,42.525001525878906,42.45000076293945,42.525001525878906,109962
2025-08-07 15:30:00+00:00,42.46500015258789,42.48500061035156,42.46500015258789,42.470001220703125,74014
2025-08-07 15:35:00+00:00,42.45719909667969,42.470001220703125,42.45000076293945,42.470001220703125,53627
2025-08-07 15:40:00+00:00,42.439998626708984,42.470001220703125,42.439998626708984,42.45500183105469,68351
2025-08-07 15:45:00+00:00,42.4900016784668,42.494998931884766,42.422298431396484,42.45000076293945,95692
2025-08-07 15:50:00+00:00,42.564998626708984,42.56999969482422,42.47999954223633,42.48649978637695,96997
2025-08-07 15:55:00+00:00,42.599998474121094,42.61000061035156,42.560001373291016,42.56999969482422,254815
2025-08-07 16:00:00+00:00,42.60689926147461,42.61539840698242,42.56999969482422,42.59989929199219,143526
2025-08-07 16:05:00+00:00,42.600101470947266,42.606468200683594,42.56999969482422,42.60499954223633,272053
2025-08-07 16:10:00+00:00,42.65999984741211,42.66999816894531,42.599998474121094,42.60649871826172,184476
2025-08-07 16:15:00+00:00,42.67499923706055,42.689998626708984,42.643001556396484,42.65999984741211,153649
2025-08-07 16:20:00+00:00,42.68989944458008,42.697200775146484,42.65999984741211,42.67499923706055,72093
2025-08-07 16:25:00+00:00,42.70500183105469,42.709999084472656,42.684200286865234,42.689300537109375,152031
2025-08-07 16:30:00+00:00,42.7599983215332,42.779998779296875,42.70000076293945,42.70500183105469,181253
2025-08-07 16:35:00+00:00,42.79999923706055,42.79999923706055,42.750099182128906,42.755001068115234,112403
2025-08-07 16:40:00+00:00,42.79349899291992,42.834999084472656,42.77000045776367,42.79999923706055,153913
2025-08-07 16:45:00+00:00,42.81999969482422,42.82500076293945,42.790000915527344,42.79499816894531,90206
2025-08-07 16:50:00+00:00,42.834999084472656,42.84000015258789,42.814998626708984,42.81999969482422,100851
2025-08-07 16:55:00+00:00,42.829898834228516,42.880001068115234,42.82500076293945,42.849998474121094,243378
2025-08-07 17:00:00+00:00,42.77989959716797,42.849998474121094,42.7599983215332,42.82500076293945,115521
2025-08-07 17:05:00+00:00,42.7578010559082,42.78020095825195,42.740299224853516,42.77799987792969,75756
2025-08-07 17:10:00+00:00,42.720001220703125,42.7599983215332,42.720001220703125,42.755001068115234,73651
2025-08-07 17:15:00+00:00,42.75,42.7599983215332,42.709999084472656,42.720001220703125,94925
2025-08-07 17:20:00+00:00,42.773101806640625,42.79499816894531,42.750999450683594,42.7599983215332,86763
2025-08-07 17:25:00+00:00,42.779998779296875,42.79499816894531,42.77360153198242,42.775001525878906,57348
2025-08-07 17:30:00+00:00,42.82500076293945,42.84000015258789,42.78010177612305,42.785099029541016,86614
2025-08-07 17:35:00+00:00,42.875,42.89720153808594,42.82500076293945,42.82500076293945,133953
2025-08-07 17:40:00+00:00,42.869998931884766,42.88999938964844,42.849998474121094,42.880001068115234,116739
2025-08-07 17:45:00+00:00,42.8650016784668,42.88999938964844,42.834999084472656,42.8671989440918,100545
2025-08-07 17:50:00+00:00,42.875,42.88719940185547,42.849998474121094,42.86989974975586,113457
2025-08-07 17:55:00+00:00,42.880001068115234,42.88999938964844,42.869998931884766,42.875,93699
2025-08-07 18:00:00+00:00,42.875,42.900001525878906,42.869998931884766,42.87346267700195,128257
2025-08-07 18:05:00+00:00,42.89500045776367,42.900001525878906,42.87009811401367,42.8849983215332,98357
2025-08-07 18:10:00+00:00,42.94499969482422,42.95000076293945,42.8849983215332,42.89500045776367,95383
2025-08-07 18:15:00+00:00,42.940101623535156,42.975399017333984,42.93000030517578,42.939998626708984,184669
2025-08-07 18:20:00+00:00,42.92499923706055,42.959999084472656,42.91239929199219,42.95000076293945,178134
2025-08-07 18:25:00+00:00,42.920101165771484,42.93000030517578,42.910099029541016,42.92499923706055,75515
2025-08-07 18:30:00+00:00,42.89500045776367,42.93000030517578,42.893455505371094,42.92499923706055,100658
2025-08-07 18:35:00+00:00,42.904998779296875,42.91999816894531,42.88999938964844,42.89670181274414,100926
2025-08-07 18:40:00+00:00,42.9463005065918,42.9463005065918,42.89500045776367,42.904998779296875,97333
2025-08-07 18:45:00+00:00,42.89500045776367,42.95000076293945,42.88999938964844,42.95000076293945,98989
2025-08-07 18:50:00+00:00,42.880001068115234,42.900001525878906,42.875,42.900001525878906,85244
2025-08-07 18:55:00+00:00,42.959999084472656,42.994998931884766,42.880001068115234,42.8849983215332,329274
2025-08-07 19:00:00+00:00,42.96500015258789,42.97999954223633,42.95009994506836,42.96500015258789,113153
2025-08-07 19:05:00+00:00,42.974998474121094,42.98500061035156,42.959999084472656,42.96179962158203,72658
2025-08-07 19:10:00+00:00,42.970001220703125,42.97999954223633,42.95000076293945,42.974998474121094,129116
2025-08-07 19:15:00+00:00,42.939998626708984,42.96500015258789,42.93000030517578,42.96500015258789,82545
2025-08-07 19:20:00+00:00,42.95500183105469,42.970001220703125,42.93000030517578,42.94990158081055,134705
2025-08-07 19:25:00+00:00,42.95650100708008,42.970001220703125,42.93000030517578,42.959999084472656,142722
2025-08-07 19:30:00+00:00,42.974998474121094,42.9900016784668,42.95500183105469,42.95500183105469,148774
2025-08-07 19:35:00+00:00,42.9900016784668,42.9900016784668,42.970001220703125,42.97999954223633,148462
2025-08-07 19:40:00+00:00,43.0,43.0099983215332,42.97999954223633,42.98500061035156,476346
2025-08-07 19:45:00+00:00,43.005001068115234,43.029998779296875,42.994998931884766,42.994998931884766,319438
2025-08-07 19:50:00+00:00,42.959999084472656,43.02000045776367,42.93009948730469,43.00239944458008,393337
2025-08-07 19:55:00+00:00,42.97999954223633,42.9900016784668,42.93000030517578,42.95000076293945,1003929
2025-08-08 13:30:00+00:00,43.190101623535156,43.22999954223633,43.03499984741211,43.099998474121094,1820644
2025-08-08 13:35:00+00:00,43.095001220703125,43.21500015258789,43.09000015258789,43.20000076293945,163588
2025-08-08 13:40:00+00:00,43.1515998840332,43.17499923706055,43.08000183105469,43.09590148925781,115352
2025-08-08 13:45:00+00:00,43.244998931884766,43.24720001220703,43.119998931884766,43.154998779296875,236763
2025-08-08 13:50:00+00:00,43.31999969482422,43.334999084472656,43.2400016784668,43.244998931884766,369375
2025-08-08 13:55:00+00:00,43.275001525878906,43.35499954223633,43.275001525878906,43.32500076293945,204575
2025-08-08 14:00:00+00:00,43.224998474121094,43.31660079956055,43.20539855957031,43.314998626708984,212222
2025-08-08 14:05:00+00:00,43.29499816894531,43.29999923706055,43.19499969482422,43.224998474121094,148444
2025-08-08 14:10:00+00:00,43.22800064086914,43.30500030517578,43.209999084472656,43.29999923706055,147056
2025-08-08 14:15:00+00:00,43.1150016784668,43.22999954223633,43.10499954223633,43.22999954223633,136602
2025-08-08 14:20:00+00:00,43.07500076293945,43.135398864746094,43.04999923706055,43.11750030517578,146699
2025-08-08 14:25:00+00:00,43.084999084472656,43.11000061035156,43.04999923706055,43.07500076293945,123639
2025-08-08 14:30:00+00:00,43.13330078125,43.1349983215332,43.060001373291016,43.084999084472656,124743
2025-08-08 14:35:00+00:00,43.1150016784668,43.13999938964844,43.08000183105469,43.1349983215332,89063
2025-08-08 14:40:00+00:00,43.1349983215332,43.165000915527344,43.099998474121094,43.1150016784668,143194
2025-08-08 14:45:00+00:00,43.1150016784668,43.149898529052734,43.11000061035156,43.130001068115234,96869
2025-08-08 14:50:00+00:00,43.10499954223633,43.13719940185547,43.07500076293945,43.11000061035156,113415
2025-08-08 14:55:00+00:00,43.1150016784668,43.13999938964844,43.099998474121094,43.10499954223633,74802
2025-08-08 15:00:00+00:00,43.11989974975586,43.125301361083984,43.09000015258789,43.119998931884766,72373
2025-08-08 15:05:00+00:00,43.08000183105469,43.130001068115234,43.08000183105469,43.1150016784668,99886
2025-08-08 15:10:00+00:00,43.1150016784668,43.119998931884766,43.064998626708984,43.08000183105469,76256
2025-08-08 15:15:00+00:00,43.11980056762695,43.130001068115234,43.099998474121094,43.1150016784668,114848
2025-08-08 15:20:00+00:00,43.08369827270508,43.130001068115234,43.06999969482422,43.1150016784668,103496
2025-08-08 15:25:00+00:00,43.097198486328125,43.11000061035156,43.08000183105469,43.09000015258789,100676
2025-08-08 15:30:00+00:00,43.074501037597656,43.11000061035156,43.06999969482422,43.09000015258789,58622
2025-08-08 15:35:00+00:00,43.095001220703125,43.099998474121094,43.0724983215332,43.079898834228516,53184
2025-08-08 15:40:00+00:00,43.08000183105469,43.11000061035156,43.074100494384766,43.095001220703125,78265
2025-08-08 15:45:00+00:00,43.04990005493164,43.08000183105469,43.029998779296875,43.08000183105469,63333
2025-08-08 15:50:00+00:00,43.095001220703125,43.099998474121094,43.03310012817383,43.040000915527344,101459
2025-08-08 15:55:00+00:00,43.1150016784668,43.129798889160156,43.09000015258789,43.095001220703125,82298
2025-08-08 16:00:00+00:00,43.119998931884766,43.13999938964844,43.1150016784668,43.1150016784668,70126
2025-08-08 16:05:00+00:00,43.154998779296875,43.15999984741211,43.119998931884766,43.125,80198
2025-08-08 16:10:00+00:00,43.20000076293945,43.209999084472656,43.154998779296875,43.154998779296875,99754
2025-08-08 16:15:00+00:00,43.21500015258789,43.220001220703125,43.1702995300293,43.189998626708984,74696
2025-08-08 16:20:00+00:00,43.185001373291016,43.220001220703125,43.18000030517578,43.220001220703125,77644
2025-08-08 16:25:00+00:00,43.20000076293945,43.20000076293945,43.154998779296875,43.185001373291016,88815
2025-08-08 16:30:00+00:00,43.1349983215332,43.19499969482422,43.1150016784668,43.19499969482422,71024
2025-08-08 16:35:00+00:00,43.1349983215332,43.14500045776367,43.11009979248047,43.1349983215332,87399
2025-08-08 16:40:00+00:00,43.165000915527344,43.17499923706055,43.1349983215332,43.1349983215332,66939
2025-08-08 16:45:00+00:00,43.125,43.16999816894531,43.119998931884766,43.165000915527344,95707
2025-08-08 16:50:00+00:00,43.084999084472656,43.130001068115234,43.07500076293945,43.125,70833
2025-08-08 16:55:00+00:00,43.11439895629883,43.119998931884766,43.084999084472656,43.084999084472656,64970
2025-08-08 17:00:00+00:00,43.10499954223633,43.119998931884766,43.083499908447266,43.1150016784668,65208
2025-08-08 17:05:00+00:00,43.14500045776367,43.14500045776367,43.099998474121094,43.10499954223633,74461
2025-08-08 17:10:00+00:00,43.185001373291016,43.19499969482422,43.13999938964844,43.13999938964844,82566
2025-08-08 17:15:00+00:00,43.19499969482422,43.20000076293945,43.17499923706055,43.185001373291016,66362
2025-08-08 17:20:00+00:00,43.224998474121094,43.22990036010742,43.189998626708984,43.189998626708984,73350
2025-08-08 17:25:00+00:00,43.17499923706055,43.224998474121094,43.16999816894531,43.224998474121094,69455
2025-08-08 17:30:00+00:00,43.150001525878906,43.17720031738281,43.125,43.17499923706055,70608
2025-08-08 17:35:00+00:00,43.13999938964844,43.15999984741211,43.130001068115234,43.150001525878906,74333
2025-08-08 17:40:00+00:00,43.14500045776367,43.15999984741211,43.1349983215332,43.14400100708008,52354
2025-08-08 17:45:00+00:00,43.16999816894531,43.16999816894531,43.14580154418945,43.150001525878906,60779
2025-08-08 17:50:00+00:00,43.142398834228516,43.16999816894531,43.130001068115234,43.15999984741211,77877
2025-08-08 17:55:00+00:00,43.1161994934082,43.150001525878906,43.1150016784668,43.14500045776367,46639
2025-08-08 18:00:00+00:00,43.095001220703125,43.11830139160156,43.08000183105469,43.1150016784668,105210
2025-08-08 18:05:00+00:00,43.119998931884766,43.12990188598633,43.09000015258789,43.095001220703125,148829
2025-08-08 18:10:00+00:00,43.16999816894531,43.1781005859375,43.119998931884766,43.125,114788
2025-08-08 18:15:00+00:00,43.154998779296875,43.1775016784668,43.14500045776367,43.174598693847656,141690
2025-08-08 18:20:00+00:00,43.19499969482422,43.20000076293945,43.150001525878906,43.15250015258789,61427
2025-08-08 18:25:00+00:00,43.21500015258789,43.21989822387695,43.189998626708984,43.19499969482422,96648
2025-08-08 18:30:00+00:00,43.255001068115234,43.2599983215332,43.20000076293945,43.21500015258789,119317
2025-08-08 18:35:00+00:00,43.255001068115234,43.27000045776367,43.2400016784668,43.2400016784668,102142
2025-08-08 18:40:00+00:00,43.21500015258789,43.26499938964844,43.209999084472656,43.2599983215332,126832
2025-08-08 18:45:00+00:00,43.21500015258789,43.22999954223633,43.209999084472656,43.21500015258789,58725
2025-08-08 18:50:00+00:00,43.19499969482422,43.220001220703125,43.16999816894531,43.21500015258789,102104
2025-08-08 18:55:00+00:00,43.185001373291016,43.20000076293945,43.16999816894531,43.19499969482422,86050
2025-08-08 19:00:00+00:00,43.15999984741211,43.189998626708984,43.150001525878906,43.186500549316406,70098
2025-08-08 19:05:00+00:00,43.18000030517578,43.18000030517578,43.13999938964844,43.154998779296875,106849
2025-08-08 19:10:00+00:00,43.185001373291016,43.185001373291016,43.165000915527344,43.17499923706055,89068
2025-08-08 19:15:00+00:00,43.189998626708984,43.20000076293945,43.18000030517578,43.189998626708984,59633
2025-08-08 19:20:00+00:00,43.17499923706055,43.20000076293945,43.17499923706055,43.189998626708984,147131
2025-08-08 19:25:00+00:00,43.17499923706055,43.189998626708984,43.150001525878906,43.16999816894531,223961
2025-08-08 19:30:00+00:00,43.18009948730469,43.189998626708984,43.14500045776367,43.17499923706055,167829
2025-08-08 19:35:00+00:00,43.14500045776367,43.189998626708984,43.13999938964844,43.185001373291016,179223
2025-08-08 19:40:00+00:00,43.1349983215332,43.150001525878906,43.119998931884766,43.150001525878906,141970
2025-08-08 19:45:00+00:00,43.11750030517578,43.13999938964844,43.11000061035156,43.1349983215332,140576
2025-08-08 19:50:00+00:00,43.154998779296875,43.15999984741211,43.06999969482422,43.11000061035156,290876
2025-08-08 19:55:00+00:00,43.13999938964844,43.154998779296875,43.10499954223633,43.154998779296875,587888
2025-08-11 13:30:00+00:00,43.45009994506836,43.474998474121094,43.224998474121094,43.22999954223633,891238
2025-08-11 13:35:00+00:00,43.375,43.529998779296875,43.369998931884766,43.45000076293945,448830
2025-08-11 13:40:00+00:00,43.20000076293945,43.3849983215332,43.185001373291016,43.380001068115234,302348
2025-08-11 13:45:00+00:00,43.185001373291016,43.2400016784668,43.18000030517578,43.2150993347168,135330
2025-08-11 13:50:00+00:00,43.23500061035156,43.244998931884766,43.16999816894531,43.18000030517578,99489
2025-08-11 13:55:00+00:00,43.244998931884766,43.25,43.209999084472656,43.244300842285156,93885
2025-08-11 14:00:00+00:00,43.30500030517578,43.310001373291016,43.244998931884766,43.25,134437
2025-08-11 14:05:00+00:00,43.275001525878906,43.31990051269531,43.255001068115234,43.29999923706055,115170
2025-08-11 14:10:00+00:00,43.28499984741211,43.30500030517578,43.26319885253906,43.275001525878906,112082
2025-08-11 14:15:00+00:00,43.28499984741211,43.310001373291016,43.2599983215332,43.28499984741211,102793
2025-08-11 14:20:00+00:00,43.30500030517578,43.349998474121094,43.279998779296875,43.28499984741211,111481
2025-08-11 14:25:00+00:00,43.26499938964844,43.310001373291016,43.26499938964844,43.30500030517578,103827
2025-08-11 14:30:00+00:00,43.28499984741211,43.28499984741211,43.23500061035156,43.27000045776367,165443
2025-08-11 14:35:00+00:00,43.255001068115234,43.290000915527344,43.2400016784668,43.290000915527344,118948
2025-08-11 14:40:00+00:00,43.18000030517578,43.25,43.16999816894531,43.25,148278
2025-08-11 14:45:00+00:00,43.244998931884766,43.244998931884766,43.154998779296875,43.17499923706055,110436
2025-08-11 14:50:00+00:00,43.19499969482422,43.247501373291016,43.19499969482422,43.2400016784668,112298
2025-08-11 14:55:00+00:00,43.13999938964844,43.19499969482422,43.1150016784668,43.19499969482422,190037
2025-08-11 15:00:00+00:00,43.150001525878906,43.165000915527344,43.11000061035156,43.13999938964844,123263
2025-08-11 15:05:00+00:00,43.14509963989258,43.15999984741211,43.1349983215332,43.13999938964844,83262
2025-08-11 15:10:00+00:00,43.15019989013672,43.154998779296875,43.119998931884766,43.14500045776367,93241
2025-08-11 15:15:00+00:00,43.13750076293945,43.150001525878906,43.121299743652344,43.150001525878906,118450
2025-08-11 15:20:00+00:00,43.1150016784668,43.130001068115234,43.08000183105469,43.130001068115234,92638
2025-08-11 15:25:00+00:00,43.07500076293945,43.1150016784668,43.060001373291016,43.1150016784668,71299
2025-08-11 15:30:00+00:00,43.058998107910156,43.08700180053711,43.04999923706055,43.07500076293945,132269
2025-08-11 15:35:00+00:00,43.064998626708984,43.06999969482422,43.04010009765625,43.05500030517578,83541
2025-08-11 15:40:00+00:00,43.095001220703125,43.09989929199219,43.05500030517578,43.06010055541992,73295
2025-08-11 15:45:00+00:00,43.1150016784668,43.119998931884766,43.06999969482422,43.095001220703125,64248
2025-08-11 15:50:00+00:00,43.14500045776367,43.150001525878906,43.10499954223633,43.1150016784668,50726
2025-08-11 15:55:00+00:00,43.1349983215332,43.150001525878906,43.125,43.14500045776367,66901
2025-08-11 16:00:00+00:00,43.14500045776367,43.15679931640625,43.130001068115234,43.135101318359375,165139
2025-08-11 16:05:00+00:00,43.185001373291016,43.189998626708984,43.13349914550781,43.13999938964844,90424
2025-08-11 16:10:00+00:00,43.16999816894531,43.20000076293945,43.15999984741211,43.185001373291016,54367
2025-08-11 16:15:00+00:00,43.150001525878906,43.177101135253906,43.13999938964844,43.17499923706055,49961
2025-08-11 16:20:00+00:00,43.165000915527344,43.16999816894531,43.130001068115234,43.150001525878906,67498
2025-08-11 16:25:00+00:00,43.165000915527344,43.18000030517578,43.15999984741211,43.165000915527344,50838
2025-08-11 16:30:00+00:00,43.139801025390625,43.18000030517578,43.130001068115234,43.165000915527344,69120
2025-08-11 16:35:00+00:00,43.10499954223633,43.13999938964844,43.099998474121094,43.13999938964844,72629
2025-08-11 16:40:00+00:00,43.1150016784668,43.119998931884766,43.099998474121094,43.10350036621094,34064
2025-08-11 16:45:00+00:00,43.09000015258789,43.119998931884766,43.05500030517578,43.1150016784668,224834
2025-08-11 16:50:00+00:00,43.1150016784668,43.12810134887695,43.08000183105469,43.084999084472656,111267
2025-08-11 16:55:00+00:00,43.10499954223633,43.1349983215332,43.10490036010742,43.111900329589844,44890
2025-08-11 17:00:00+00:00,43.064998626708984,43.109901428222656,43.05440139770508,43.10279846191406,122424
2025-08-11 17:05:00+00:00,43.005001068115234,43.06999969482422,43.0,43.06999969482422,77646
2025-08-11 17:10:00+00:00,43.005001068115234,43.02830123901367,42.994998931884766,43.005001068115234,76190
2025-08-11 17:15:00+00:00,43.005001068115234,43.02000045776367,43.0,43.0099983215332,56841
2025-08-11 17:20:00+00:00,43.025001525878906,43.029998779296875,43.005001068115234,43.005001068115234,77952
2025-08-11 17:25:00+00:00,43.040000915527344,43.060001373291016,43.02429962158203,43.025001525878906,76278
2025-08-11 17:30:00+00:00,43.02009963989258,43.060001373291016,43.0099983215332,43.04499816894531,65037
2025-08-11 17:35:00+00:00,43.01499938964844,43.029998779296875,43.000099182128906,43.025001525878906,100129
2025-08-11 17:40:00+00:00,43.01499938964844,43.03499984741211,42.9900016784668,43.01499938964844,85225
2025-08-11 17:45:00+00:00,43.04010009765625,43.04499816894531,42.9900016784668,43.01490020751953,112939
2025-08-11 17:50:00+00:00,43.060001373291016,43.064998626708984,43.040000915527344,43.040000915527344,98651
2025-08-11 17:55:00+00:00,43.025001525878906,43.05970001220703,43.02000045776367,43.0531005859375,90597
2025-08-11 18:00:00+00:00,43.084999084472656,43.08720016479492,43.02349853515625,43.025001525878906,141141
2025-08-11 18:05:00+00:00,43.064998626708984,43.099998474121094,43.060001373291016,43.084999084472656,90637
2025-08-11 18:10:00+00:00,43.064998626708984,43.06999969482422,43.04999923706055,43.064998626708984,60243
2025-08-11 18:15:00+00:00,43.060001373291016,43.06999969482422,43.060001373291016,43.064998626708984,54614
2025-08-11 18:20:00+00:00,43.060001373291016,43.06999969482422,43.040000915527344,43.064998626708984,103869
2025-08-11 18:25:00+00:00,43.064998626708984,43.07500076293945,43.05009841918945,43.05540084838867,80668
2025-08-11 18:30:00+00:00,43.06999969482422,43.09000015258789,43.064998626708984,43.064998626708984,62974
2025-08-11 18:35:00+00:00,43.073299407958984,43.084999084472656,43.060001373291016,43.07500076293945,63285
2025-08-11 18:40:00+00:00,43.0629997253418,43.09000015258789,43.061798095703125,43.07680130004883,129409
2025-08-11 18:45:00+00:00,43.095001220703125,43.099998474121094,43.04499816894531,43.060001373291016,78534
2025-08-11 18:50:00+00:00,43.149898529052734,43.150001525878906,43.095001220703125,43.099998474121094,80684
2025-08-11 18:55:00+00:00,43.154998779296875,43.15999984741211,43.130001068115234,43.14500045776367,120830
2025-08-11 19:00:00+00:00,43.1349983215332,43.15999984741211,43.119998931884766,43.154998779296875,121254
2025-08-11 19:05:00+00:00,43.19499969482422,43.19499969482422,43.14500045776367,43.150001525878906,106911
2025-08-11 19:10:00+00:00,43.189998626708984,43.209999084472656,43.154998779296875,43.19499969482422,136364
2025-08-11 19:15:00+00:00,43.18000030517578,43.189998626708984,43.15999984741211,43.185001373291016,81706
2025-08-11 19:20:00+00:00,43.19499969482422,43.20000076293945,43.16999816894531,43.17499923706055,65805
2025-08-11 19:25:00+00:00,43.17499923706055,43.19499969482422,43.16999816894531,43.19499969482422,101278
2025-08-11 19:30:00+00:00,43.189998626708984,43.209999084472656,43.15999984741211,43.17499923706055,188824
2025-08-11 19:35:00+00:00,43.19499969482422,43.21500015258789,43.185001373291016,43.185001373291016,163925
2025-08-11 19:40:00+00:00,43.20500183105469,43.20500183105469,43.165000915527344,43.19499969482422,213118
2025-08-11 19:45:00+00:00,43.19499969482422,43.209999084472656,43.165000915527344,43.20100021362305,166528
2025-08-11 19:50:00+00:00,43.120201110839844,43.189998626708984,43.119998931884766,43.189998626708984,265717
2025-08-11 19:55:00+00:00,43.209999084472656,43.209999084472656,43.119998931884766,43.130001068115234,1035058
2025-08-12 13:30:00+00:00,43.5,43.52000045776367,43.31999969482422,43.34000015258789,643586
2025-08-12 13:35:00+00:00,43.51499938964844,43.59600067138672,43.4900016784668,43.505001068115234,312298
2025-08-12 13:40:00+00:00,43.415000915527344,43.52000045776367,43.38999938964844,43.51599884033203,132731
2025-08-12 13:45:00+00:00,43.47999954223633,43.47999954223633,43.35179901123047,43.415000915527344,129037
2025-08-12 13:50:00+00:00,43.41999816894531,43.4900016784668,43.380001068115234,43.470001220703125,110031
2025-08-12 13:55:00+00:00,43.53499984741211,43.540000915527344,43.40999984741211,43.415000915527344,138854
2025-08-12 14:00:00+00:00,43.619998931884766,43.650001525878906,43.53499984741211,43.53499984741211,369565
2025-08-12 14:05:00+00:00,43.579898834228516,43.630001068115234,43.57500076293945,43.627201080322266,164006
2025-08-12 14:10:00+00:00,43.439998626708984,43.59000015258789,43.439998626708984,43.5797004699707,146809
2025-08-12 14:15:00+00:00,43.39500045776367,43.459999084472656,43.38999938964844,43.43000030517578,104937
2025-08-12 14:20:00+00:00,43.38990020751953,43.43000030517578,43.34280014038086,43.39500045776367,142743
2025-08-12 14:25:00+00:00,43.32500076293945,43.400001525878906,43.310001373291016,43.38999938964844,101465
2025-08-12 14:30:00+00:00,43.29499816894531,43.32500076293945,43.27000045776367,43.32500076293945,141598
2025-08-12 14:35:00+00:00,43.279701232910156,43.31999969482422,43.27000045776367,43.2942008972168,86367
2025-08-12 14:40:00+00:00,43.375,43.380001068115234,43.275001525878906,43.275001525878906,115765
2025-08-12 14:45:00+00:00,43.39500045776367,43.40999984741211,43.34000015258789,43.375,124343
2025-08-12 14:50:00+00:00,43.39500045776367,43.400001525878906,43.349998474121094,43.39500045776367,98336
2025-08-12 14:55:00+00:00,43.35499954223633,43.41999816894531,43.349998474121094,43.400001525878906,122855
2025-08-12 15:00:00+00:00,43.349998474121094,43.39500045776367,43.349998474121094,43.35499954223633,114993
2025-08-12 15:05:00+00:00,43.255001068115234,43.380001068115234,43.25,43.35499954223633,263333
2025-08-12 15:10:00+00:00,43.28710174560547,43.29999923706055,43.22999954223633,43.255001068115234,174446
2025-08-12 15:15:00+00:00,43.25279998779297,43.28499984741211,43.224998474121094,43.28499984741211,197039
2025-08-12 15:20:00+00:00,43.255001068115234,43.27000045776367,43.209999084472656,43.2598991394043,119334
2025-08-12 15:25:00+00:00,43.334999084472656,43.34000015258789,43.22999954223633,43.255001068115234,117005
2025-08-12 15:30:00+00:00,43.3650016784668,43.380001068115234,43.339900970458984,43.34000015258789,109342
2025-08-12 15:35:00+00:00,43.334999084472656,43.380001068115234,43.33000183105469,43.3650016784668,75707
2025-08-12 15:40:00+00:00,43.314998626708984,43.349998474121094,43.29010009765625,43.33000183105469,118170
2025-08-12 15:45:00+00:00,43.32500076293945,43.33000183105469,43.279998779296875,43.314998626708984,116005
2025-08-12 15:50:00+00:00,43.345001220703125,43.345401763916016,43.29999923706055,43.32500076293945,129988
2025-08-12 15:55:00+00:00,43.35499954223633,43.36000061035156,43.33000183105469,43.34000015258789,113752
2025-08-12 16:00:00+00:00,43.33530044555664,43.357601165771484,43.32500076293945,43.35100173950195,69468
2025-08-12 16:05:00+00:00,43.33000183105469,43.34000015258789,43.31999969482422,43.335601806640625,47557
2025-08-12 16:10:00+00:00,43.31639862060547,43.34000015258789,43.310001373291016,43.33549880981445,90240
2025-08-12 16:15:00+00:00,43.314998626708984,43.31999969482422,43.29999923706055,43.314998626708984,51904
2025-08-12 16:20:00+00:00,43.30500030517578,43.31999969482422,43.279998779296875,43.312400817871094,86695
2025-08-12 16:25:00+00:00,43.32500076293945,43.32500076293945,43.290000915527344,43.29999923706055,81046
2025-08-12 16:30:00+00:00,43.346900939941406,43.349998474121094,43.32500076293945,43.32500076293945,53962
2025-08-12 16:35:00+00:00,43.33000183105469,43.36000061035156,43.32320022583008,43.345001220703125,67805
2025-08-12 16:40:00+00:00,43.334999084472656,43.349998474121094,43.32500076293945,43.32500076293945,48806
2025-08-12 16:45:00+00:00,43.345001220703125,43.36000061035156,43.33470153808594,43.34000015258789,37950
2025-08-12 16:50:00+00:00,43.34000015258789,43.349998474121094,43.34000015258789,43.345001220703125,44183
2025-08-12 16:55:00+00:00,43.375,43.380001068115234,43.332000732421875,43.345001220703125,145784
2025-08-12 17:00:00+00:00,43.314998626708984,43.380001068115234,43.314998626708984,43.369998931884766,57130
2025-08-12 17:05:00+00:00,43.345001220703125,43.349998474121094,43.31999969482422,43.31999969482422,58493
2025-08-12 17:10:00+00:00,43.3849983215332,43.38999938964844,43.34000015258789,43.345001220703125,90773
2025-08-12 17:15:00+00:00,43.375,43.38999938964844,43.3650016784668,43.3849983215332,106478
2025-08-12 17:20:00+00:00,43.3849983215332,43.38999938964844,43.369998931884766,43.375,87556
2025-08-12 17:25:00+00:00,43.3849983215332,43.38999938964844,43.380001068115234,43.3849983215332,61407
2025-08-12 17:30:00+00:00,43.39500045776367,43.400001525878906,43.38010025024414,43.3849983215332,49549
2025-08-12 17:35:00+00:00,43.404998779296875,43.404998779296875,43.380001068115234,43.39500045776367,49954
2025-08-12 17:40:00+00:00,43.39500045776367,43.41999816894531,43.39419937133789,43.404998779296875,77494
2025-08-12 17:45:00+00:00,43.45500183105469,43.459999084472656,43.38999938964844,43.38999938964844,249675
2025-08-12 17:50:00+00:00,43.45009994506836,43.459999084472656,43.415000915527344,43.45500183105469,223054
2025-08-12 17:55:00+00:00,43.45000076293945,43.459999084472656,43.42300033569336,43.452598571777344,58989
2025-08-12 18:00:00+00:00,43.40999984741211,43.459999084472656,43.40999984741211,43.439998626708984,81689
2025-08-12 18:05:00+00:00,43.39500045776367,43.43000030517578,43.38999938964844,43.415000915527344,70364
2025-08-12 18:10:00+00:00,43.380001068115234,43.400001525878906,43.369998931884766,43.38999938964844,72623
2025-08-12 18:15:00+00:00,43.38999938964844,43.400001525878906,43.375,43.375,64150
2025-08-12 18:20:00+00:00,43.3849983215332,43.40999984741211,43.369998931884766,43.3849983215332,142047
2025-08-12 18:25:00+00:00,43.375,43.38999938964844,43.3650016784668,43.38990020751953,68539
2025-08-12 18:30:00+00:00,43.3650016784668,43.380001068115234,43.36000061035156,43.380001068115234,50050
2025-08-12 18:35:00+00:00,43.36000061035156,43.380001068115234,43.35499954223633,43.369998931884766,68681
2025-08-12 18:40:00+00:00,43.35499954223633,43.36000061035156,43.34000015258789,43.36000061035156,57747
2025-08-12 18:45:00+00:00,43.3671989440918,43.369998931884766,43.345001220703125,43.36000061035156,70763
2025-08-12 18:50:00+00:00,43.334999084472656,43.369998931884766,43.33000183105469,43.36539840698242,79525
2025-08-12 18:55:00+00:00,43.334999084472656,43.349998474121094,43.33000183105469,43.34000015258789,71588
2025-08-12 19:00:00+00:00,43.314998626708984,43.33000183105469,43.29999923706055,43.33000183105469,71437
2025-08-12 19:05:00+00:00,43.314998626708984,43.33000183105469,43.30500030517578,43.314998626708984,133712
2025-08-12 19:10:00+00:00,43.324501037597656,43.33000183105469,43.310001373291016,43.310001373291016,72239
2025-08-12 19:15:00+00:00,43.29999923706055,43.334999084472656,43.29999923706055,43.325801849365234,76575
2025-08-12 19:20:00+00:00,43.279998779296875,43.306800842285156,43.2599983215332,43.30500030517578,155317
2025-08-12 19:25:00+00:00,43.25,43.290000915527344,43.244998931884766,43.275001525878906,112251
2025-08-12 19:30:00+00:00,43.26499938964844,43.279998779296875,43.244998931884766,43.244998931884766,93298
2025-08-12 19:35:00+00:00,43.255001068115234,43.279998779296875,43.25,43.27000045776367,134410
2025-08-12 19:40:00+00:00,43.22999954223633,43.279998779296875,43.22999954223633,43.255001068115234,239526
2025-08-12 19:45:00+00:00,43.220001220703125,43.25749969482422,43.220001220703125,43.244998931884766,165477
2025-08-12 19:50:00+00:00,43.227500915527344,43.25,43.20500183105469,43.22999954223633,282644
2025-08-12 19:55:00+00:00,43.2400016784668,43.25,43.209999084472656,43.220001220703125,701407
2025-08-13 13:30:00+00:00,43.064998626708984,43.29999923706055,43.0,43.20000076293945,787043
2025-08-13 13:35:00+00:00,43.172401428222656,43.220001220703125,43.064998626708984,43.064998626708984,222864
2025-08-13 13:40:00+00:00,43.13999938964844,43.16999816894531,43.08259963989258,43.165000915527344,171547
2025-08-13 13:45:00+00:00,43.19499969482422,43.220001220703125,43.1349983215332,43.1349983215332,195434
2025-08-13 13:50:00+00:00,43.27000045776367,43.27000045776367,43.19499969482422,43.19499969482422,140195
2025-08-13 13:55:00+00:00,43.32500076293945,43.36000061035156,43.27009963989258,43.27009963989258,174586
2025-08-13 14:00:00+00:00,43.459999084472656,43.474998474121094,43.334999084472656,43.334999084472656,190371
2025-08-13 14:05:00+00:00,43.4900016784668,43.5,43.439998626708984,43.46500015258789,160022
2025-08-13 14:10:00+00:00,43.564998626708984,43.59000015258789,43.47999954223633,43.48590087890625,294554
2025-08-13 14:15:00+00:00,43.49509811401367,43.599998474121094,43.4900016784668,43.564998626708984,182701
2025-08-13 14:20:00+00:00,43.5,43.540000915527344,43.474998474121094,43.4900016784668,126655
2025-08-13 14:25:00+00:00,43.576499938964844,43.58000183105469,43.474998474121094,43.505001068115234,153582
2025-08-13 14:30:00+00:00,43.619998931884766,43.619998931884766,43.54999923706055,43.57500076293945,179886
2025-08-13 14:35:00+00:00,43.685001373291016,43.70000076293945,43.619998931884766,43.64500045776367,358656
2025-08-13 14:40:00+00:00,43.6150016784668,43.689998626708984,43.6150016784668,43.689998626708984,150943
2025-08-13 14:45:00+00:00,43.68000030517578,43.68000030517578,43.61000061035156,43.6150016784668,133466
2025-08-13 14:50:00+00:00,43.61000061035156,43.689998626708984,43.59120178222656,43.67499923706055,105667
2025-08-13 14:55:00+00:00,43.57279968261719,43.60499954223633,43.56999969482422,43.60499954223633,123034
2025-08-13 15:00:00+00:00,43.599998474121094,43.61000061035156,43.57500076293945,43.57500076293945,95242
2025-08-13 15:05:00+00:00,43.6599006652832,43.665000915527344,43.56999969482422,43.599998474121094,137778
2025-08-13 15:10:00+00:00,43.78499984741211,43.790000915527344,43.652801513671875,43.654998779296875,322271
2025-08-13 15:15:00+00:00,43.77989959716797,43.79499816894531,43.7599983215332,43.7843017578125,163609
2025-08-13 15:20:00+00:00,43.755001068115234,43.810001373291016,43.744998931884766,43.777000427246094,180529
2025-08-13 15:25:00+00:00,43.742801666259766,43.7599983215332,43.73469924926758,43.755001068115234,122576
2025-08-13 15:30:00+00:00,43.75,43.7599983215332,43.689998626708984,43.744998931884766,129155
2025-08-13 15:35:00+00:00,43.7598991394043,43.775001525878906,43.724998474121094,43.7599983215332,117668
2025-08-13 15:40:00+00:00,43.79499816894531,43.79499816894531,43.75,43.7599983215332,161610
2025-08-13 15:45:00+00:00,43.75,43.790000915527344,43.7400016784668,43.790000915527344,79175
2025-08-13 15:50:00+00:00,43.69499969482422,43.744998931884766,43.67499923706055,43.744998931884766,113206
2025-08-13 15:55:00+00:00,43.68000030517578,43.70000076293945,43.66120147705078,43.69499969482422,107259
2025-08-13 16:00:00+00:00,43.665000915527344,43.689998626708984,43.654998779296875,43.689998626708984,86608
2025-08-13 16:05:00+00:00,43.654998779296875,43.689998626708984,43.654998779296875,43.66239929199219,121156
2025-08-13 16:10:00+00:00,43.70500183105469,43.709999084472656,43.650001525878906,43.65999984741211,130970
2025-08-13 16:15:00+00:00,43.709999084472656,43.709999084472656,43.689998626708984,43.70500183105469,65828
2025-08-13 16:20:00+00:00,43.70289993286133,43.75,43.70289993286133,43.70759963989258,117732
2025-08-13 16:25:00+00:00,43.67279815673828,43.709999084472656,43.654998779296875,43.70500183105469,64099
2025-08-13 16:30:00+00:00,43.70500183105469,43.70989990234375,43.665000915527344,43.66999816894531,95578
2025-08-13 16:35:00+00:00,43.69850158691406,43.7150993347168,43.67499923706055,43.70500183105469,75508
2025-08-13 16:40:00+00:00,43.709800720214844,43.71649932861328,43.689998626708984,43.70000076293945,63442
2025-08-13 16:45:00+00:00,43.724998474121094,43.74509811401367,43.70000076293945,43.70500183105469,77164
2025-08-13 16:50:00+00:00,43.72529983520508,43.75,43.70500183105469,43.724998474121094,80378
2025-08-13 16:55:00+00:00,43.72010040283203,43.73500061035156,43.70500183105469,43.724998474121094,64979
2025-08-13 17:00:00+00:00,43.71500015258789,43.72990036010742,43.69499969482422,43.724998474121094,115512
2025-08-13 17:05:00+00:00,43.70500183105469,43.72999954223633,43.70000076293945,43.71500015258789,84708
2025-08-13 17:10:00+00:00,43.68009948730469,43.720001220703125,43.68000030517578,43.70000076293945,64836
2025-08-13 17:15:00+00:00,43.685001373291016,43.689998626708984,43.68000030517578,43.689998626708984,52062
2025-08-13 17:20:00+00:00,43.654998779296875,43.69716262817383,43.650001525878906,43.685001373291016,100809
2025-08-13 17:25:00+00:00,43.654998779296875,43.66999816894531,43.619998931884766,43.654998779296875,111523
2025-08-13 17:30:00+00:00,43.665000915527344,43.66999816894531,43.64500045776367,43.650001525878906,83357
2025-08-13 17:35:00+00:00,43.67499923706055,43.685001373291016,43.65999984741211,43.665000915527344,100513
2025-08-13 17:40:00+00:00,43.67499923706055,43.6963005065918,43.665000915527344,43.66999816894531,75651
2025-08-13 17:45:00+00:00,43.709999084472656,43.709999084472656,43.66999816894531,43.67499923706055,109004
2025-08-13 17:50:00+00:00,43.685001373291016,43.72999954223633,43.68000030517578,43.709999084472656,113596
2025-08-13 17:55:00+00:00,43.665000915527344,43.685001373291016,43.665000915527344,43.685001373291016,69874
2025-08-13 18:00:00+00:00,43.654998779296875,43.66999816894531,43.650001525878906,43.666500091552734,52029
2025-08-13 18:05:00+00:00,43.70000076293945,43.70000076293945,43.650001525878906,43.654998779296875,49004
2025-08-13 18:10:00+00:00,43.69499969482422,43.709999084472656,43.689998626708984,43.70000076293945,51656
2025-08-13 18:15:00+00:00,43.709999084472656,43.709999084472656,43.690101623535156,43.69499969482422,43727
2025-08-13 18:20:00+00:00,43.744998931884766,43.75,43.709999084472656,43.709999084472656,89972
2025-08-13 18:25:00+00:00,43.755001068115234,43.77000045776367,43.7400016784668,43.744998931884766,73091
2025-08-13 18:30:00+00:00,43.78499984741211,43.790000915527344,43.755001068115234,43.755001068115234,93463
2025-08-13 18:35:00+00:00,43.76789855957031,43.834999084472656,43.76499938964844,43.78499984741211,248137
2025-08-13 18:40:00+00:00,43.73500061035156,43.76499938964844,43.724998474121094,43.7599983215332,62654
2025-08-13 18:45:00+00:00,43.724998474121094,43.7400016784668,43.72010040283203,43.72999954223633,61432
2025-08-13 18:50:00+00:00,43.67499923706055,43.72999954223633,43.66999816894531,43.724998474121094,83273
2025-08-13 18:55:00+00:00,43.64500045776367,43.689998626708984,43.63999938964844,43.67499923706055,201622
2025-08-13 19:00:00+00:00,43.6349983215332,43.66999816894531,43.630001068115234,43.64500045776367,89085
2025-08-13 19:05:00+00:00,43.64500045776367,43.66999816894531,43.625,43.63999938964844,81573
2025-08-13 19:10:00+00:00,43.6349983215332,43.65999984741211,43.630001068115234,43.64720153808594,112711
2025-08-13 19:15:00+00:00,43.685001373291016,43.689998626708984,43.6349983215332,43.6349983215332,134772
2025-08-13 19:20:00+00:00,43.689998626708984,43.70000076293945,43.68280029296875,43.685001373291016,77872
2025-08-13 19:25:00+00:00,43.665000915527344,43.69499969482422,43.65999984741211,43.685001373291016,96009
2025-08-13 19:30:00+00:00,43.665000915527344,43.685001373291016,43.65999984741211,43.665000915527344,108987
2025-08-13 19:35:00+00:00,43.720001220703125,43.72999954223633,43.65999984741211,43.65999984741211,176032
2025-08-13 19:40:00+00:00,43.779998779296875,43.779998779296875,43.724998474121094,43.724998474121094,201789
2025-08-13 19:45:00+00:00,43.755001068115234,43.79999923706055,43.755001068115234,43.777198791503906,290400
2025-08-13 19:50:00+00:00,43.7400016784668,43.779998779296875,43.720001220703125,43.755001068115234,392322
2025-08-13 19:55:00+00:00,43.70000076293945,43.744998931884766,43.65999984741211,43.7400016784668,929416
2025-08-14 13:30:00+00:00,43.73500061035156,43.77000045776367,43.54999923706055,43.7599983215332,447622
2025-08-14 13:35:00+00:00,43.654998779296875,43.78499984741211,43.654998779296875,43.73500061035156,199932
2025-08-14 13:40:00+00:00,43.57500076293945,43.6599006652832,43.55500030517578,43.650001525878906,95666
2025-08-14 13:45:00+00:00,43.53499984741211,43.58000183105469,43.505001068115234,43.57500076293945,121073
2025-08-14 13:50:00+00:00,43.61000061035156,43.61000061035156,43.540000915527344,43.540000915527344,137439
2025-08-14 13:55:00+00:00,43.61000061035156,43.6150016784668,43.58000183105469,43.61000061035156,77210
2025-08-14 14:00:00+00:00,43.60029983520508,43.619998931884766,43.57500076293945,43.61000061035156,95794
2025-08-14 14:05:00+00:00,43.48500061035156,43.625,43.48500061035156,43.61000061035156,218228
2025-08-14 14:10:00+00:00,43.55500030517578,43.569000244140625,43.47100067138672,43.4900016784668,141252
2025-08-14 14:15:00+00:00,43.525001525878906,43.56999969482422,43.51490020751953,43.55500030517578,111533
2025-08-14 14:20:00+00:00,43.474998474121094,43.52000045776367,43.459999084472656,43.52000045776367,83112
2025-08-14 14:25:00+00:00,43.45000076293945,43.47999954223633,43.439998626708984,43.474998474121094,76818
2025-08-14 14:30:00+00:00,43.4635009765625,43.5,43.439998626708984,43.45500183105469,123444
2025-08-14 14:35:00+00:00,43.47999954223633,43.5,43.44490051269531,43.46500015258789,120212
2025-08-14 14:40:00+00:00,43.42499923706055,43.494998931884766,43.415000915527344,43.48139953613281,98483
2025-08-14 14:45:00+00:00,43.45500183105469,43.470001220703125,43.424198150634766,43.42499923706055,97371
2025-08-14 14:50:00+00:00,43.485599517822266,43.485599517822266,43.45000076293945,43.45500183105469,59550
2025-08-14 14:55:00+00:00,43.46500015258789,43.5,43.459999084472656,43.48569869995117,87989
2025-08-14 15:00:00+00:00,43.40999984741211,43.4900016784668,43.40300750732422,43.46500015258789,97770
2025-08-14 15:05:00+00:00,43.470001220703125,43.470001220703125,43.40999984741211,43.40999984741211,70370
2025-08-14 15:10:00+00:00,43.470001220703125,43.48529815673828,43.45000076293945,43.46500015258789,70350
2025-08-14 15:15:00+00:00,43.44029998779297,43.467201232910156,43.43349838256836,43.46500015258789,77599
2025-08-14 15:20:00+00:00,43.47169876098633,43.4900016784668,43.439998626708984,43.45000076293945,113730
2025-08-14 15:25:00+00:00,43.47420120239258,43.4900016784668,43.470001220703125,43.474998474121094,88227
2025-08-14 15:30:00+00:00,43.48809814453125,43.5099983215332,43.470001220703125,43.474998474121094,112683
2025-08-14 15:35:00+00:00,43.43000030517578,43.48500061035156,43.43000030517578,43.48500061035156,91812
2025-08-14 15:40:00+00:00,43.41999816894531,43.439998626708984,43.40999984741211,43.42499923706055,111253
2025-08-14 15:45:00+00:00,43.3650016784668,43.415000915527344,43.36000061035156,43.41320037841797,91275
2025-08-14 15:50:00+00:00,43.39500045776367,43.41999816894531,43.36000061035156,43.36280059814453,53445
2025-08-14 15:55:00+00:00,43.380001068115234,43.400001525878906,43.35499954223633,43.39500045776367,69069
2025-08-14 16:00:00+00:00,43.375,43.400001525878906,43.375,43.3849983215332,60284
2025-08-14 16:05:00+00:00,43.358299255371094,43.380001068115234,43.349998474121094,43.375,71126
2025-08-14 16:10:00+00:00,43.36970138549805,43.369998931884766,43.34349822998047,43.35499954223633,81722
2025-08-14 16:15:00+00:00,43.39500045776367,43.400001525878906,43.35350036621094,43.375,65811
2025-08-14 16:20:00+00:00,43.35559844970703,43.40999984741211,43.349998474121094,43.400001525878906,58489
2025-08-14 16:25:00+00:00,43.3650016784668,43.375,43.349998474121094,43.349998474121094,59986
2025-08-14 16:30:00+00:00,43.334999084472656,43.3650016784668,43.33000183105469,43.36280059814453,76213
2025-08-14 16:35:00+00:00,43.369998931884766,43.380001068115234,43.33000183105469,43.334999084472656,44669
2025-08-14 16:40:00+00:00,43.407901763916016,43.40999984741211,43.37009811401367,43.375,76771
2025-08-14 16:45:00+00:00,43.404998779296875,43.41999816894531,43.38999938964844,43.40999984741211,70814
2025-08-14 16:50:00+00:00,43.40999984741211,43.43000030517578,43.402801513671875,43.404998779296875,62460
2025-08-14 16:55:00+00:00,43.44499969482422,43.45500183105469,43.40999984741211,43.415000915527344,63494
2025-08-14 17:00:00+00:00,43.44499969482422,43.45000076293945,43.43000030517578,43.44660186767578,54194
2025-08-14 17:05:00+00:00,43.45500183105469,43.459999084472656,43.439998626708984,43.44499969482422,39797
2025-08-14 17:10:00+00:00,43.47999954223633,43.47999954223633,43.439998626708984,43.45500183105469,55711
2025-08-14 17:15:00+00:00,43.4900016784668,43.5,43.470001220703125,43.470001220703125,62064
2025-08-14 17:20:00+00:00,43.5099983215332,43.51499938964844,43.47999954223633,43.494998931884766,80741
2025-08-14 17:25:00+00:00,43.51499938964844,43.52989959716797,43.5,43.5099983215332,76375
2025-08-14 17:30:00+00:00,43.525001525878906,43.529998779296875,43.5099983215332,43.51499938964844,41444
2025-08-14 17:35:00+00:00,43.48500061035156,43.529998779296875,43.47999954223633,43.525001525878906,54609
2025-08-14 17:40:00+00:00,43.499900817871094,43.505001068115234,43.47999954223633,43.48500061035156,56343
2025-08-14 17:45:00+00:00,43.532901763916016,43.540000915527344,43.5,43.5,60672
2025-08-14 17:50:00+00:00,43.4900016784668,43.540000915527344,43.4900016784668,43.540000915527344,67805
2025-08-14 17:55:00+00:00,43.47999954223633,43.4900016784668,43.464698791503906,43.4900016784668,78070
2025-08-14 18:00:00+00:00,43.48030090332031,43.48720169067383,43.459999084472656,43.47999954223633,75078
2025-08-14 18:05:00+00:00,43.5099983215332,43.5099983215332,43.47999954223633,43.47999954223633,54486
2025-08-14 18:10:00+00:00,43.540000915527344,43.54499816894531,43.5,43.5099983215332,85379
2025-08-14 18:15:00+00:00,43.525001525878906,43.54499816894531,43.52000045776367,43.54499816894531,137754
2025-08-14 18:20:00+00:00,43.552799224853516,43.56660079956055,43.525001525878906,43.525001525878906,73977
2025-08-14 18:25:00+00:00,43.55500030517578,43.56529998779297,43.540000915527344,43.54499816894531,58926
2025-08-14 18:30:00+00:00,43.532798767089844,43.560001373291016,43.52000045776367,43.55500030517578,120939
2025-08-14 18:35:00+00:00,43.525001525878906,43.540000915527344,43.51470184326172,43.53499984741211,110321
2025-08-14 18:40:00+00:00,43.544700622558594,43.54999923706055,43.525001525878906,43.525001525878906,68682
2025-08-14 18:45:00+00:00,43.54499816894531,43.560001373291016,43.52000045776367,43.54999923706055,63707
2025-08-14 18:50:00+00:00,43.50809860229492,43.54999923706055,43.5,43.54499816894531,57013
2025-08-14 18:55:00+00:00,43.51409912109375,43.52000045776367,43.5,43.5,72192
2025-08-14 19:00:00+00:00,43.48500061035156,43.529998779296875,43.47999954223633,43.52000045776367,93889
2025-08-14 19:05:00+00:00,43.505001068115234,43.5099983215332,43.470001220703125,43.48500061035156,97874
2025-08-14 19:10:00+00:00,43.5099983215332,43.525001525878906,43.494998931884766,43.5,110658
2025-08-14 19:15:00+00:00,43.505001068115234,43.51499938964844,43.4900016784668,43.51490020751953,71413
2025-08-14 19:20:00+00:00,43.52000045776367,43.529998779296875,43.5,43.505001068115234,79593
2025-08-14 19:25:00+00:00,43.54499816894531,43.57809829711914,43.52000045776367,43.525299072265625,152279
2025-08-14 19:30:00+00:00,43.525001525878906,43.54999923706055,43.5099983215332,43.540000915527344,114627
2025-08-14 19:35:00+00:00,43.55849838256836,43.56999969482422,43.52000045776367,43.5265998840332,130448
2025-08-14 19:40:00+00:00,43.53499984741211,43.55649948120117,43.52000045776367,43.55500030517578,117806
2025-08-14 19:45:00+00:00,43.51499938964844,43.53499984741211,43.48500061035156,43.53459930419922,203305
2025-08-14 19:50:00+00:00,43.505001068115234,43.529998779296875,43.47439956665039,43.51499938964844,302915
2025-08-14 19:55:00+00:00,43.5,43.529998779296875,43.47999954223633,43.505001068115234,731236
2025-08-15 13:30:00+00:00,43.564998626708984,43.630001068115234,43.42499923706055,43.56999969482422,1770539
2025-08-15 13:35:00+00:00,43.67499923706055,43.709999084472656,43.55500030517578,43.56999969482422,213401
2025-08-15 13:40:00+00:00,43.67499923706055,43.724998474121094,43.65999984741211,43.68000030517578,197204
2025-08-15 13:45:00+00:00,43.88990020751953,43.89500045776367,43.67499923706055,43.67499923706055,294705
2025-08-15 13:50:00+00:00,43.935001373291016,43.936500549316406,43.880001068115234,43.8849983215332,232348
2025-08-15 13:55:00+00:00,43.915000915527344,43.94599914550781,43.88999938964844,43.935001373291016,161347
2025-08-15 14:00:00+00:00,43.8849983215332,43.915000915527344,43.869998931884766,43.90999984741211,467457
2025-08-15 14:05:00+00:00,43.83720016479492,43.888301849365234,43.83000183105469,43.8849983215332,101405
2025-08-15 14:10:00+00:00,43.79499816894531,43.845001220703125,43.779998779296875,43.83000183105469,137704
2025-08-15 14:15:00+00:00,43.76499938964844,43.82500076293945,43.7599983215332,43.79499816894531,113307
2025-08-15 14:20:00+00:00,43.80500030517578,43.81999969482422,43.755001068115234,43.7599983215332,92720
2025-08-15 14:25:00+00:00,43.85499954223633,43.86000061035156,43.790000915527344,43.79999923706055,105553
2025-08-15 14:30:00+00:00,43.904998779296875,43.90999984741211,43.85499954223633,43.85499954223633,154816
2025-08-15 14:35:00+00:00,43.91999816894531,43.91999816894531,43.89500045776367,43.904998779296875,119991
2025-08-15 14:40:00+00:00,43.915000915527344,43.91999816894531,43.88999938964844,43.915000915527344,97433
2025-08-15 14:45:00+00:00,43.92499923706055,43.93000030517578,43.869998931884766,43.915000915527344,132827
2025-08-15 14:50:00+00:00,43.96500015258789,43.97999954223633,43.915000915527344,43.92499923706055,173076
2025-08-15 14:55:00+00:00,44.0,44.03499984741211,43.959999084472656,43.96500015258789,661972
2025-08-15 15:00:00+00:00,43.96500015258789,44.005001068115234,43.959999084472656,44.0,181575
2025-08-15 15:05:00+00:00,43.95500183105469,43.970001220703125,43.939998626708984,43.959999084472656,98937
2025-08-15 15:10:00+00:00,43.97999954223633,43.97999954223633,43.939998626708984,43.959999084472656,89279
2025-08-15 15:15:00+00:00,44.0452995300293,44.04999923706055,43.97999954223633,43.98569869995117,196722
2025-08-15 15:20:00+00:00,43.97999954223633,44.06999969482422,43.970001220703125,44.04999923706055,243338
2025-08-15 15:25:00+00:00,43.9900016784668,43.9900016784668,43.96500015258789,43.974998474121094,116406
2025-08-15 15:30:00+00:00,44.02119827270508,44.040000915527344,43.98149871826172,43.98500061035156,185205
2025-08-15 15:35:00+00:00,44.07500076293945,44.08000183105469,44.02349853515625,44.025001525878906,159222
2025-08-15 15:40:00+00:00,44.084999084472656,44.099998474121094,44.052799224853516,44.07500076293945,165795
2025-08-15 15:45:00+00:00,44.084999084472656,44.11000061035156,44.08000183105469,44.08760070800781,145126
2025-08-15 15:50:00+00:00,44.07500076293945,44.09000015258789,44.03499984741211,44.084999084472656,169256
2025-08-15 15:55:00+00:00,44.08570098876953,44.099998474121094,44.06999969482422,44.08000183105469,111233
2025-08-15 16:00:00+00:00,44.07500076293945,44.1150016784668,44.0546989440918,44.09000015258789,193240
2025-08-15 16:05:00+00:00,44.11000061035156,44.130001068115234,44.06999969482422,44.08000183105469,100176
2025-08-15 16:10:00+00:00,44.119998931884766,44.130001068115234,44.09000015258789,44.11000061035156,105674
2025-08-15 16:15:00+00:00,44.1349983215332,44.13990020751953,44.099998474121094,44.119998931884766,109726
2025-08-15 16:20:00+00:00,44.13999938964844,44.16999816894531,44.130001068115234,44.13999938964844,147483
2025-08-15 16:25:00+00:00,44.165000915527344,44.20000076293945,44.140098571777344,44.14500045776367,102598
2025-08-15 16:30:00+00:00,44.209800720214844,44.209999084472656,44.161598205566406,44.165000915527344,152455
2025-08-15 16:35:00+00:00,44.21500015258789,44.220001220703125,44.20000076293945,44.20500183105469,62635
2025-08-15 16:40:00+00:00,44.22990036010742,44.22999954223633,44.19499969482422,44.2135009765625,196613
2025-08-15 16:45:00+00:00,44.244998931884766,44.25,44.209999084472656,44.224998474121094,158592
2025-08-15 16:50:00+00:00,44.22999954223633,44.244998931884766,44.220001220703125,44.2400016784668,110789
2025-08-15 16:55:00+00:00,44.244998931884766,44.27000045776367,44.222801208496094,44.224998474121094,132430
2025-08-15 17:00:00+00:00,44.185001373291016,44.26530075073242,44.185001373291016,44.24589920043945,141083
2025-08-15 17:05:00+00:00,44.224998474121094,44.23500061035156,44.18000030517578,44.185001373291016,106002
2025-08-15 17:10:00+00:00,44.224998474121094,44.22999954223633,44.18000030517578,44.224998474121094,313599
2025-08-15 17:15:00+00:00,44.26499938964844,44.27000045776367,44.22100067138672,44.224998474121094,161769
2025-08-15 17:20:00+00:00,44.28499984741211,44.29499816894531,44.255001068115234,44.26499938964844,151134
2025-08-15 17:25:00+00:00,44.28499984741211,44.29999923706055,44.279998779296875,44.28499984741211,87774
2025-08-15 17:30:00+00:00,44.30500030517578,44.31999969482422,44.27000045776367,44.28499984741211,146760
2025-08-15 17:35:00+00:00,44.31999969482422,44.34000015258789,44.29999923706055,44.30500030517578,112373
2025-08-15 17:40:00+00:00,44.30500030517578,44.33000183105469,44.29999923706055,44.32500076293945,157175
2025-08-15 17:45:00+00:00,44.3650016784668,44.36980056762695,44.29999923706055,44.305301666259766,143994
2025-08-15 17:50:00+00:00,44.400001525878906,44.400001525878906,44.36009979248047,44.3650016784668,105530
2025-08-15 17:55:00+00:00,44.375,44.400001525878906,44.36000061035156,44.39500045776367,175616
2025-08-15 18:00:00+00:00,44.33470153808594,44.42499923706055,44.33000183105469,44.369998931884766,271704
2025-08-15 18:05:00+00:00,44.31999969482422,44.334999084472656,44.30500030517578,44.33100128173828,98953
2025-08-15 18:10:00+00:00,44.334999084472656,44.349998474121094,44.314998626708984,44.32500076293945,155705
2025-08-15 18:15:00+00:00,44.28499984741211,44.34000015258789,44.27000045776367,44.334999084472656,150492
2025-08-15 18:20:00+00:00,44.33000183105469,44.33000183105469,44.279998779296875,44.28499984741211,101417
2025-08-15 18:25:00+00:00,44.334999084472656,44.34000015258789,44.310001373291016,44.33000183105469,109786
2025-08-15 18:30:00+00:00,44.334999084472656,44.34000015258789,44.31999969482422,44.334999084472656,148251
2025-08-15 18:35:00+00:00,44.35499954223633,44.36000061035156,44.33000183105469,44.334999084472656,125490
2025-08-15 18:40:00+00:00,44.39500045776367,44.40999984741211,44.35499954223633,44.36000061035156,109463
2025-08-15 18:45:00+00:00,44.404998779296875,44.41999816894531,44.372501373291016,44.39500045776367,103407
2025-08-15 18:50:00+00:00,44.40999984741211,44.41999816894531,44.39500045776367,44.404998779296875,107032
2025-08-15 18:55:00+00:00,44.43000030517578,44.439998626708984,44.39500045776367,44.404998779296875,163796
2025-08-15 19:00:00+00:00,44.400001525878906,44.43000030517578,44.380001068115234,44.42279815673828,117843
2025-08-15 19:05:00+00:00,44.380001068115234,44.400001525878906,44.369998931884766,44.39500045776367,132264
2025-08-15 19:10:00+00:00,44.35499954223633,44.38999938964844,44.349998474121094,44.375,89751
2025-08-15 19:15:00+00:00,44.32500076293945,44.369998931884766,44.32500076293945,44.35499954223633,155740
2025-08-15 19:20:00+00:00,44.290000915527344,44.33000183105469,44.290000915527344,44.32500076293945,131393
2025-08-15 19:25:00+00:00,44.28499984741211,44.29999923706055,44.27000045776367,44.290000915527344,217983
2025-08-15 19:30:00+00:00,44.314998626708984,44.33000183105469,44.2843017578125,44.2843017578125,185078
2025-08-15 19:35:00+00:00,44.30500030517578,44.33000183105469,44.29999923706055,44.31719970703125,176578
2025-08-15 19:40:00+00:00,44.36000061035156,44.36000061035156,44.30500030517578,44.30500030517578,237531
2025-08-15 19:45:00+00:00,44.334999084472656,44.36000061035156,44.30500030517578,44.35499954223633,316640
2025-08-15 19:50:00+00:00,44.29499816894531,44.345001220703125,44.27009963989258,44.33000183105469,541622
2025-08-15 19:55:00+00:00,44.2400016784668,44.310001373291016,44.220001220703125,44.29499816894531,1738082
2025-08-18 13:30:00+00:00,44.22999954223633,44.470001220703125,44.220001220703125,44.349998474121094,525149
2025-08-18 13:35:00+00:00,44.28499984741211,44.369998931884766,44.22999954223633,44.2400016784668,194185
2025-08-18 13:40:00+00:00,44.380001068115234,44.38999938964844,44.27000045776367,44.28499984741211,71105
2025-08-18 13:45:00+00:00,44.43000030517578,44.46860122680664,44.3849983215332,44.3849983215332,163134
2025-08-18 13:50:00+00:00,44.494598388671875,44.5099983215332,44.435001373291016,44.435001373291016,231246
2025-08-18 13:55:00+00:00,44.52000045776367,44.54999923706055,44.4900016784668,44.49359893798828,136551
2025-08-18 14:00:00+00:00,44.505001068115234,44.540000915527344,44.47999954223633,44.51499938964844,258869
2025-08-18 14:05:00+00:00,44.58000183105469,44.58000183105469,44.4900016784668,44.5099983215332,137929
2025-08-18 14:10:00+00:00,44.525001525878906,44.59000015258789,44.52000045776367,44.57279968261719,108597
2025-08-18 14:15:00+00:00,44.525001525878906,44.54999923706055,44.51499938964844,44.51499938964844,127826
2025-08-18 14:20:00+00:00,44.494998931884766,44.526100158691406,44.46500015258789,44.52009963989258,128577
2025-08-18 14:25:00+00:00,44.5,44.525001525878906,44.45000076293945,44.4900016784668,126161
2025-08-18 14:30:00+00:00,44.51499938964844,44.52000045776367,44.47999954223633,44.4900016784668,154342
2025-08-18 14:35:00+00:00,44.55500030517578,44.56999969482422,44.51499938964844,44.51499938964844,188920
2025-08-18 14:40:00+00:00,44.584999084472656,44.59000015258789,44.529998779296875,44.55500030517578,81408
2025-08-18 14:45:00+00:00,44.57979965209961,44.599998474121094,44.56999969482422,44.584999084472656,260254
2025-08-18 14:50:00+00:00,44.57500076293945,44.586299896240234,44.54399871826172,44.57500076293945,137090
2025-08-18 14:55:00+00:00,44.52009963989258,44.56999969482422,44.5099983215332,44.56999969482422,160900
2025-08-18 15:00:00+00:00,44.529998779296875,44.54999923706055,44.5,44.52050018310547,135290
2025-08-18 15:05:00+00:00,44.5453987121582,44.5453987121582,44.5,44.529998779296875,86913
2025-08-18 15:10:00+00:00,44.505001068115234,44.55500030517578,44.5,44.54499816894531,97798
2025-08-18 15:15:00+00:00,44.505001068115234,44.51499938964844,44.470001220703125,44.505001068115234,120175
2025-08-18 15:20:00+00:00,44.52000045776367,44.525001525878906,44.48500061035156,44.505001068115234,102678
2025-08-18 15:25:00+00:00,44.5,44.529998779296875,44.47999954223633,44.525001525878906,197887
2025-08-18 15:30:00+00:00,44.51499938964844,44.51649856567383,44.470001220703125,44.5,61818
2025-08-18 15:35:00+00:00,44.525001525878906,44.525001525878906,44.5,44.51390075683594,69616
2025-08-18 15:40:00+00:00,44.51499938964844,44.520198822021484,44.5,44.52000045776367,116601
2025-08-18 15:45:00+00:00,44.505001068115234,44.52619934082031,44.4900016784668,44.52000045776367,75549
2025-08-18 15:50:00+00:00,44.476200103759766,44.5099983215332,44.470001220703125,44.505001068115234,60007
2025-08-18 15:55:00+00:00,44.42829895019531,44.475799560546875,44.42499923706055,44.473201751708984,84614
2025-08-18 16:00:00+00:00,44.439998626708984,44.459999084472656,44.42580032348633,44.42580032348633,43547
2025-08-18 16:05:00+00:00,44.459999084472656,44.459999084472656,44.43000030517578,44.435001373291016,70025
2025-08-18 16:10:00+00:00,44.47990036010742,44.4900016784668,44.45000076293945,44.45500183105469,133260
2025-08-18 16:15:00+00:00,44.42499923706055,44.47999954223633,44.41999816894531,44.47999954223633,50304
2025-08-18 16:20:00+00:00,44.44499969482422,44.45500183105469,44.43000030517578,44.43000030517578,69017
2025-08-18 16:25:00+00:00,44.43370056152344,44.459999084472656,44.43000030517578,44.44279861450195,52214
2025-08-18 16:30:00+00:00,44.42499923706055,44.439998626708984,44.41999816894531,44.43830108642578,51088
2025-08-18 16:35:00+00:00,44.39500045776367,44.42499923706055,44.380001068115234,44.41999816894531,1596364
2025-08-18 16:40:00+00:00,44.42499923706055,44.439998626708984,44.39459991455078,44.39500045776367,77343
2025-08-18 16:45:00+00:00,44.42499923706055,44.439998626708984,44.40999984741211,44.43989944458008,59517
2025-08-18 16:50:00+00:00,44.41999816894531,44.42720031738281,44.400001525878906,44.41999816894531,70709
2025-08-18 16:55:00+00:00,44.435001373291016,44.439998626708984,44.400001525878906,44.42499923706055,41111
2025-08-18 17:00:00+00:00,44.4197998046875,44.45000076293945,44.40999984741211,44.43439865112305,63526
2025-08-18 17:05:00+00:00,44.404998779296875,44.415000915527344,44.38999938964844,44.415000915527344,52165
2025-08-18 17:10:00+00:00,44.400001525878906,44.41999816894531,44.38999938964844,44.404998779296875,77588
2025-08-18 17:15:00+00:00,44.415000915527344,44.419898986816406,44.400001525878906,44.404998779296875,32927
2025-08-18 17:20:00+00:00,44.42499923706055,44.43000030517578,44.40999984741211,44.41569900512695,74011
2025-08-18 17:25:00+00:00,44.42499923706055,44.43000030517578,44.40999984741211,44.42499923706055,52013
2025-08-18 17:30:00+00:00,44.43000030517578,44.44499969482422,44.40999984741211,44.42499923706055,67018
2025-08-18 17:35:00+00:00,44.40570068359375,44.439998626708984,44.400001525878906,44.43000030517578,71202
2025-08-18 17:40:00+00:00,44.404998779296875,44.4099006652832,44.38999938964844,44.400001525878906,16163
2025-08-18 17:45:00+00:00,44.415000915527344,44.439998626708984,44.38999938964844,44.439998626708984,168310
2025-08-18 17:50:00+00:00,44.36349868774414,44.41999816894531,44.36000061035156,44.41019821166992,67170
2025-08-18 17:55:00+00:00,44.375,44.3849983215332,44.349998474121094,44.36000061035156,77732
2025-08-18 18:00:00+00:00,44.3650016784668,44.380001068115234,44.34000015258789,44.375,69866
2025-08-18 18:05:00+00:00,44.369998931884766,44.3849983215332,44.36000061035156,44.3650016784668,72776
2025-08-18 18:10:00+00:00,44.3650016784668,44.380001068115234,44.344398498535156,44.375,69240
2025-08-18 18:15:00+00:00,44.369998931884766,44.380001068115234,44.36000061035156,44.369998931884766,77680
2025-08-18 18:20:00+00:00,44.375,44.380001068115234,44.3650016784668,44.375,50092
2025-08-18 18:25:00+00:00,44.3400993347168,44.380001068115234,44.3400993347168,44.375,70831
2025-08-18 18:30:00+00:00,44.35499954223633,44.369998931884766,44.330101013183594,44.345001220703125,99993
2025-08-18 18:35:00+00:00,44.35499954223633,44.380001068115234,44.349998474121094,44.35499954223633,51973
2025-08-18 18:40:00+00:00,44.375,44.39500045776367,44.349998474121094,44.35499954223633,68708
2025-08-18 18:45:00+00:00,44.36280059814453,44.3849983215332,44.36000061035156,44.380001068115234,87116
2025-08-18 18:50:00+00:00,44.374698638916016,44.380001068115234,44.349998474121094,44.3650016784668,77047
2025-08-18 18:55:00+00:00,44.41019821166992,44.42499923706055,44.369998931884766,44.375,125019
2025-08-18 19:00:00+00:00,44.39630126953125,44.41999816894531,44.39390182495117,44.415000915527344,78573
2025-08-18 19:05:00+00:00,44.417198181152344,44.41999816894531,44.38999938964844,44.39500045776367,89069
2025-08-18 19:10:00+00:00,44.41999816894531,44.435298919677734,44.41999816894531,44.41999816894531,61978
2025-08-18 19:15:00+00:00,44.43000030517578,44.44649887084961,44.415000915527344,44.41999816894531,86898
2025-08-18 19:20:00+00:00,44.415000915527344,44.44499969482422,44.40999984741211,44.435001373291016,89248
2025-08-18 19:25:00+00:00,44.404998779296875,44.42499923706055,44.38999938964844,44.41630172729492,96281
2025-08-18 19:30:00+00:00,44.375,44.40999984741211,44.36000061035156,44.400001525878906,115692
2025-08-18 19:35:00+00:00,44.375,44.40999984741211,44.369998931884766,44.380001068115234,127167
2025-08-18 19:40:00+00:00,44.404998779296875,44.40999984741211,44.375,44.375,121346
2025-08-18 19:45:00+00:00,44.38010025024414,44.415000915527344,44.380001068115234,44.404998779296875,163243
2025-08-18 19:50:00+00:00,44.434200286865234,44.435001373291016,44.380001068115234,44.3849983215332,323589
2025-08-18 19:55:00+00:00,44.3849983215332,44.435001373291016,44.35499954223633,44.435001373291016,749596
2025-08-19 13:30:00+00:00,44.58000183105469,44.650001525878906,44.470001220703125,44.5099983215332,599102
2025-08-19 13:35:00+00:00,44.654998779296875,44.65999984741211,44.55500030517578,44.56999969482422,204505
2025-08-19 13:40:00+00:00,44.85499954223633,44.86539840698242,44.650001525878906,44.650001525878906,244972
2025-08-19 13:45:00+00:00,45.05500030517578,45.064998626708984,44.84000015258789,44.85499954223633,939854
2025-08-19 13:50:00+00:00,44.915000915527344,45.05500030517578,44.915000915527344,45.05500030517578,214524
2025-08-19 13:55:00+00:00,44.78499984741211,44.9197998046875,44.779998779296875,44.915000915527344,129199
2025-08-19 14:00:00+00:00,44.78879928588867,44.80500030517578,44.755001068115234,44.78499984741211,120120
2025-08-19 14:05:00+00:00,44.792598724365234,44.810001373291016,44.7400016784668,44.78499984741211,124182
2025-08-19 14:10:00+00:00,44.815399169921875,44.815399169921875,44.7599983215332,44.79499816894531,153163
2025-08-19 14:15:00+00:00,44.82500076293945,44.86000061035156,44.78409957885742,44.814998626708984,130614
2025-08-19 14:20:00+00:00,44.8650016784668,44.880001068115234,44.810298919677734,44.82500076293945,113975
2025-08-19 14:25:00+00:00,44.96500015258789,44.96979904174805,44.85499954223633,44.8650016784668,141562
2025-08-19 14:30:00+00:00,44.95500183105469,44.9900016784668,44.91379928588867,44.96500015258789,123864
2025-08-19 14:35:00+00:00,44.942501068115234,45.0,44.91999816894531,44.95000076293945,179755
2025-08-19 14:40:00+00:00,44.95500183105469,44.97999954223633,44.89500045776367,44.939998626708984,148749
2025-08-19 14:45:00+00:00,44.89500045776367,44.959999084472656,44.88999938964844,44.95500183105469,147978
2025-08-19 14:50:00+00:00,44.829898834228516,44.900001525878906,44.810001373291016,44.89500045776367,137014
2025-08-19 14:55:00+00:00,44.85499954223633,44.86000061035156,44.804100036621094,44.82500076293945,123672
2025-08-19 15:00:00+00:00,44.81999969482422,44.86000061035156,44.79499816894531,44.85499954223633,118644
2025-08-19 15:05:00+00:00,44.78499984741211,44.83000183105469,44.77000045776367,44.82500076293945,127236
2025-08-19 15:10:00+00:00,44.75,44.79999923706055,44.7400016784668,44.779998779296875,119372
2025-08-19 15:15:00+00:00,44.70500183105469,44.744998931884766,44.70000076293945,44.7400016784668,117929
2025-08-19 15:20:00+00:00,44.685001373291016,44.709999084472656,44.68000030517578,44.70500183105469,103238
2025-08-19 15:25:00+00:00,44.76499938964844,44.766998291015625,44.68000030517578,44.687198638916016,129725
2025-08-19 15:30:00+00:00,44.81999969482422,44.83000183105469,44.750099182128906,44.76499938964844,139648
2025-08-19 15:35:00+00:00,44.77989959716797,44.81999969482422,44.760101318359375,44.814998626708984,110774
2025-08-19 15:40:00+00:00,44.70500183105469,44.790000915527344,44.70000076293945,44.779998779296875,60506
2025-08-19 15:45:00+00:00,44.68000030517578,44.709999084472656,44.68000030517578,44.7046012878418,61521
2025-08-19 15:50:00+00:00,44.70000076293945,44.70000076293945,44.67499923706055,44.685001373291016,75472
2025-08-19 15:55:00+00:00,44.685001373291016,44.709999084472656,44.68000030517578,44.69990158081055,79730
2025-08-19 16:00:00+00:00,44.7400016784668,44.7400016784668,44.685001373291016,44.685001373291016,61813
2025-08-19 16:05:00+00:00,44.7598991394043,44.77000045776367,44.72999954223633,44.73500061035156,60048
2025-08-19 16:10:00+00:00,44.78350067138672,44.79999923706055,44.744998931884766,44.755001068115234,85699
2025-08-19 16:15:00+00:00,44.74879837036133,44.79990005493164,44.7400016784668,44.78499984741211,68223
2025-08-19 16:20:00+00:00,44.78499984741211,44.790000915527344,44.744998931884766,44.75,52023
2025-08-19 16:25:00+00:00,44.76499938964844,44.79999923706055,44.76279830932617,44.78499984741211,73253
2025-08-19 16:30:00+00:00,44.80500030517578,44.81999969482422,44.75,44.7599983215332,72942
2025-08-19 16:35:00+00:00,44.834999084472656,44.84000015258789,44.790000915527344,44.80500030517578,56212
2025-08-19 16:40:00+00:00,44.8849983215332,44.900001525878906,44.83100128173828,44.83100128173828,62300
2025-08-19 16:45:00+00:00,44.8849983215332,44.90999984741211,44.880001068115234,44.8849983215332,91393
2025-08-19 16:50:00+00:00,44.85499954223633,44.900001525878906,44.849998474121094,44.88999938964844,50244
2025-08-19 16:55:00+00:00,44.90999984741211,44.90999984741211,44.85169982910156,44.86000061035156,85205
2025-08-19 17:00:00+00:00,44.876399993896484,44.90999984741211,44.869998931884766,44.904998779296875,83636
2025-08-19 17:05:00+00:00,44.904998779296875,44.90999984741211,44.87070083618164,44.87459945678711,65350
2025-08-19 17:10:00+00:00,44.93000030517578,44.939998626708984,44.88999938964844,44.900001525878906,108743
2025-08-19 17:15:00+00:00,44.939998626708984,44.95000076293945,44.90999984741211,44.93000030517578,91516
2025-08-19 17:20:00+00:00,44.93000030517578,44.95000076293945,44.91999816894531,44.935001373291016,115880
2025-08-19 17:25:00+00:00,44.8849983215332,44.95000076293945,44.8849983215332,44.93000030517578,82385
2025-08-19 17:30:00+00:00,44.846099853515625,44.88999938964844,44.84000015258789,44.8849983215332,94136
2025-08-19 17:35:00+00:00,44.8650016784668,44.8650016784668,44.834999084472656,44.845001220703125,61534
2025-08-19 17:40:00+00:00,44.904998779296875,44.90999984741211,44.849998474121094,44.8650016784668,180014
2025-08-19 17:45:00+00:00,44.935001373291016,44.939998626708984,44.900001525878906,44.904998779296875,95747
2025-08-19 17:50:00+00:00,44.94499969482422,44.970001220703125,44.93000030517578,44.935001373291016,95974
2025-08-19 17:55:00+00:00,44.900001525878906,44.95000076293945,44.900001525878906,44.94499969482422,94534
2025-08-19 18:00:00+00:00,44.900001525878906,44.91999816894531,44.88999938964844,44.900001525878906,84068
2025-08-19 18:05:00+00:00,44.90999984741211,44.91999816894531,44.89500045776367,44.89500045776367,78396
2025-08-19 18:10:00+00:00,44.85499954223633,44.90999984741211,44.849998474121094,44.900001525878906,142229
2025-08-19 18:15:00+00:00,44.82500076293945,44.869998931884766,44.81999969482422,44.85499954223633,82709
2025-08-19 18:20:00+00:00,44.935001373291016,44.939998626708984,44.79999923706055,44.81999969482422,270166
2025-08-19 18:25:00+00:00,44.935001373291016,44.94499969482422,44.900001525878906,44.939998626708984,425084
2025-08-19 18:30:00+00:00,44.93090057373047,44.95000076293945,44.904998779296875,44.935001373291016,85691
2025-08-19 18:35:00+00:00,44.95500183105469,44.959999084472656,44.93000030517578,44.935001373291016,102637
2025-08-19 18:40:00+00:00,44.95500183105469,44.970001220703125,44.95000076293945,44.95880126953125,119772
2025-08-19 18:45:00+00:00,44.980098724365234,45.0,44.94499969482422,44.959999084472656,408260
2025-08-19 18:50:00+00:00,44.974998474121094,44.9900016784668,44.95000076293945,44.98500061035156,144118
2025-08-19 18:55:00+00:00,44.974998474121094,44.9900016784668,44.95000076293945,44.97999954223633,144822
2025-08-19 19:00:00+00:00,44.97999954223633,45.0,44.970001220703125,44.974998474121094,145305
2025-08-19 19:05:00+00:00,45.005001068115234,45.029998779296875,44.974998474121094,44.974998474121094,360714
2025-08-19 19:10:00+00:00,45.025001525878906,45.029998779296875,44.99359893798828,45.005001068115234,181070
2025-08-19 19:15:00+00:00,45.01100158691406,45.029998779296875,44.9900016784668,45.025001525878906,175446
2025-08-19 19:20:00+00:00,44.994998931884766,45.02000045776367,44.98500061035156,45.01499938964844,327252
2025-08-19 19:25:00+00:00,44.95500183105469,44.99509811401367,44.939998626708984,44.994998931884766,236984
2025-08-19 19:30:00+00:00,44.95500183105469,44.970001220703125,44.93000030517578,44.95500183105469,173701
2025-08-19 19:35:00+00:00,44.930999755859375,44.96500015258789,44.93000030517578,44.95500183105469,230793
2025-08-19 19:40:00+00:00,44.92499923706055,44.95000076293945,44.92499923706055,44.935001373291016,186578
2025-08-19 19:45:00+00:00,44.92335510253906,44.97999954223633,44.90999984741211,44.935001373291016,361933
2025-08-19 19:50:00+00:00,44.890098571777344,44.939998626708984,44.88999938964844,44.92499923706055,382977
2025-08-19 19:55:00+00:00,44.959999084472656,44.970001220703125,44.88999938964844,44.89350128173828,1238843
2025-08-20 13:30:00+00:00,45.209999084472656,45.220001220703125,45.029998779296875,45.08000183105469,767459
2025-08-20 13:35:00+00:00,45.19499969482422,45.275001525878906,45.16999816894531,45.20000076293945,369713
2025-08-20 13:40:00+00:00,45.314998626708984,45.32550048828125,45.185001373291016,45.189998626708984,315328
2025-08-20 13:45:00+00:00,45.58430099487305,45.59000015258789,45.314998626708984,45.314998626708984,474052
2025-08-20 13:50:00+00:00,45.707698822021484,45.75,45.58000183105469,45.58000183105469,459227
2025-08-20 13:55:00+00:00,45.622798919677734,45.720001220703125,45.619998931884766,45.70000076293945,310528
2025-08-20 14:00:00+00:00,45.540000915527344,45.654998779296875,45.5,45.625,484575
2025-08-20 14:05:00+00:00,45.560001373291016,45.61000061035156,45.5,45.540000915527344,264014
2025-08-20 14:10:00+00:00,45.494998931884766,45.599998474121094,45.48500061035156,45.55500030517578,224461
2025-08-20 14:15:00+00:00,45.4900016784668,45.56990051269531,45.46799850463867,45.5,183185
2025-08-20 14:20:00+00:00,45.29499816894531,45.5,45.279998779296875,45.48500061035156,215193
2025-08-20 14:25:00+00:00,45.28499984741211,45.314998626708984,45.25,45.292999267578125,169256
2025-08-20 14:30:00+00:00,45.30500030517578,45.31990051269531,45.255001068115234,45.28499984741211,220074
2025-08-20 14:35:00+00:00,45.349998474121094,45.349998474121094,45.27000045776367,45.30500030517578,205289
2025-08-20 14:40:00+00:00,45.31999969482422,45.368099212646484,45.290000915527344,45.345001220703125,195777
2025-08-20 14:45:00+00:00,45.310001373291016,45.31999969482422,45.26499938964844,45.314998626708984,184642
2025-08-20 14:50:00+00:00,45.36650085449219,45.38999938964844,45.304298400878906,45.304298400878906,214368
2025-08-20 14:55:00+00:00,45.35499954223633,45.400001525878906,45.334999084472656,45.3650016784668,226354
2025-08-20 15:00:00+00:00,45.29999923706055,45.36000061035156,45.290000915527344,45.35499954223633,149786
2025-08-20 15:05:00+00:00,45.29999923706055,45.310001373291016,45.2599983215332,45.30500030517578,153497
2025-08-20 15:10:00+00:00,45.28499984741211,45.32590103149414,45.27000045776367,45.29999923706055,188155
2025-08-20 15:15:00+00:00,45.310001373291016,45.33000183105469,45.275001525878906,45.28499984741211,828453
2025-08-20 15:20:00+00:00,45.2599983215332,45.349998474121094,45.22999954223633,45.30500030517578,244041
2025-08-20 15:25:00+00:00,45.224998474121094,45.29999923706055,45.220001220703125,45.2599983215332,251221
2025-08-20 15:30:00+00:00,45.19499969482422,45.25,45.165000915527344,45.22999954223633,159405
2025-08-20 15:35:00+00:00,45.20500183105469,45.220001220703125,45.165000915527344,45.20000076293945,196916
2025-08-20 15:40:00+00:00,45.17499923706055,45.20500183105469,45.13999938964844,45.20500183105469,188049
2025-08-20 15:45:00+00:00,45.209999084472656,45.21500015258789,45.15999984741211,45.17499923706055,217940
2025-08-20 15:50:00+00:00,45.23249816894531,45.2599983215332,45.209999084472656,45.21500015258789,270850
2025-08-20 15:55:00+00:00,45.189998626708984,45.25,45.185001373291016,45.23500061035156,214086
2025-08-20 16:00:00+00:00,45.154998779296875,45.20539855957031,45.150001525878906,45.189998626708984,368034
2025-08-20 16:05:00+00:00,45.20500183105469,45.209999084472656,45.14500045776367,45.154998779296875,95955
2025-08-20 16:10:00+00:00,45.21500015258789,45.220001220703125,45.189998626708984,45.20500183105469,87635
2025-08-20 16:15:00+00:00,45.239898681640625,45.249900817871094,45.20500183105469,45.220001220703125,135655
2025-08-20 16:20:00+00:00,45.20500183105469,45.25,45.19499969482422,45.23500061035156,92017
2025-08-20 16:25:00+00:00,45.1599006652832,45.21500015258789,45.150001525878906,45.20500183105469,123026
2025-08-20 16:30:00+00:00,45.084999084472656,45.15999984741211,45.08000183105469,45.154998779296875,93835
2025-08-20 16:35:00+00:00,45.105098724365234,45.11000061035156,45.06999969482422,45.084999084472656,92699
2025-08-20 16:40:00+00:00,45.10499954223633,45.11000061035156,45.06999969482422,45.11000061035156,104232
2025-08-20 16:45:00+00:00,45.07400131225586,45.119998931884766,45.06999969482422,45.10499954223633,126278
2025-08-20 16:50:00+00:00,45.05500030517578,45.09000015258789,45.04499816894531,45.07500076293945,91902
2025-08-20 16:55:00+00:00,45.11000061035156,45.119998931884766,45.04999923706055,45.05500030517578,121332
2025-08-20 17:00:00+00:00,45.07500076293945,45.119998931884766,45.06999969482422,45.11370086669922,81395
2025-08-20 17:05:00+00:00,45.05500030517578,45.07500076293945,45.040000915527344,45.07500076293945,97240
2025-08-20 17:10:00+00:00,45.0099983215332,45.060001373291016,44.9900016784668,45.05500030517578,197677
2025-08-20 17:15:00+00:00,45.04499816894531,45.04999923706055,44.974998474121094,45.01499938964844,108210
2025-08-20 17:20:00+00:00,45.05500030517578,45.07820129394531,45.040000915527344,45.04999923706055,197733
2025-08-20 17:25:00+00:00,45.095001220703125,45.11000061035156,45.04999923706055,45.05500030517578,107961
2025-08-20 17:30:00+00:00,45.099998474121094,45.099998474121094,45.06999969482422,45.095001220703125,87629
2025-08-20 17:35:00+00:00,45.1150016784668,45.119998931884766,45.060001373291016,45.09809875488281,141764
2025-08-20 17:40:00+00:00,45.099998474121094,45.130001068115234,45.099998474121094,45.1150016784668,119220
2025-08-20 17:45:00+00:00,45.07500076293945,45.11000061035156,45.06999969482422,45.10499954223633,77886
2025-08-20 17:50:00+00:00,45.10499954223633,45.1150016784668,45.07460021972656,45.07460021972656,67926
2025-08-20 17:55:00+00:00,45.1150016784668,45.119998931884766,45.099998474121094,45.10540008544922,61776
2025-08-20 18:00:00+00:00,45.095001220703125,45.130001068115234,45.095001220703125,45.1150016784668,120192
2025-08-20 18:05:00+00:00,45.07500076293945,45.095001220703125,45.060001373291016,45.095001220703125,115474
2025-08-20 18:10:00+00:00,45.095001220703125,45.11000061035156,45.08000183105469,45.08000183105469,132729
2025-08-20 18:15:00+00:00,45.10350036621094,45.119998931884766,45.08000183105469,45.099998474121094,109407
2025-08-20 18:20:00+00:00,45.099998474121094,45.11000061035156,45.08000183105469,45.10499954223633,80963
2025-08-20 18:25:00+00:00,45.11000061035156,45.11000061035156,45.09000015258789,45.10499954223633,93246
2025-08-20 18:30:00+00:00,45.1349983215332,45.1349983215332,45.099998474121094,45.10499954223633,54071
2025-08-20 18:35:00+00:00,45.125,45.1349983215332,45.10499954223633,45.1349983215332,95687
2025-08-20 18:40:00+00:00,45.10499954223633,45.130001068115234,45.084999084472656,45.125,64661
2025-08-20 18:45:00+00:00,45.10499954223633,45.125,45.099998474121094,45.10540008544922,84067
2025-08-20 18:50:00+00:00,45.084999084472656,45.11000061035156,45.080101013183594,45.10499954223633,76174
2025-08-20 18:55:00+00:00,45.06869888305664,45.099998474121094,45.064998626708984,45.084999084472656,115992
2025-08-20 19:00:00+00:00,45.064998626708984,45.08000183105469,45.05009841918945,45.06999969482422,108407
2025-08-20 19:05:00+00:00,45.03499984741211,45.08000183105469,45.029998779296875,45.064998626708984,128815
2025-08-20 19:10:00+00:00,45.025001525878906,45.060001373291016,45.02000045776367,45.03499984741211,158313
2025-08-20 19:15:00+00:00,44.994998931884766,45.029998779296875,44.97999954223633,45.02069854736328,110773
2025-08-20 19:20:00+00:00,44.994998931884766,45.0,44.97999954223633,44.99760055541992,98121
2025-08-20 19:25:00+00:00,44.959999084472656,45.005001068115234,44.95000076293945,45.0,138642
2025-08-20 19:30:00+00:00,44.994998931884766,45.0099983215332,44.959999084472656,44.962799072265625,139113
2025-08-20 19:35:00+00:00,45.005001068115234,45.0099983215332,44.970001220703125,44.995399475097656,169163
2025-08-20 19:40:00+00:00,45.025001525878906,45.025001525878906,44.9900016784668,45.005001068115234,193196
2025-08-20 19:45:00+00:00,45.064998626708984,45.07500076293945,45.0099983215332,45.025001525878906,194221
2025-08-20 19:50:00+00:00,45.084999084472656,45.10499954223633,45.05500030517578,45.06999969482422,460039
2025-08-20 19:55:00+00:00,45.060001373291016,45.084999084472656,44.97999954223633,45.08000183105469,1259859
2025-08-21 13:30:00+00:00,44.97999954223633,45.04999923706055,44.880001068115234,44.97999954223633,423357
2025-08-21 13:35:00+00:00,44.95989990234375,44.9900016784668,44.884700775146484,44.9828987121582,139135
2025-08-21 13:40:00+00:00,44.9900016784668,45.0,44.95349884033203,44.959999084472656,168880
2025-08-21 13:45:00+00:00,44.915000915527344,44.994998931884766,44.8650016784668,44.9900016784668,290466
2025-08-21 13:50:00+00:00,44.98500061035156,45.02000045776367,44.90999984741211,44.915000915527344,145776
2025-08-21 13:55:00+00:00,45.04499816894531,45.04999923706055,44.939998626708984,44.98500061035156,119515
2025-08-21 14:00:00+00:00,45.04499816894531,45.11000061035156,45.029998779296875,45.04499816894531,201249
2025-08-21 14:05:00+00:00,45.025001525878906,45.04719924926758,45.0,45.04719924926758,92692
2025-08-21 14:10:00+00:00,45.06999969482422,45.08000183105469,44.97420120239258,45.02000045776367,77442
2025-08-21 14:15:00+00:00,45.06999969482422,45.11000061035156,45.060001373291016,45.07500076293945,144682
2025-08-21 14:20:00+00:00,45.04499816894531,45.08570098876953,45.02000045776367,45.07500076293945,78207
2025-08-21 14:25:00+00:00,45.025001525878906,45.04999923706055,45.005001068115234,45.04570007324219,100789
2025-08-21 14:30:00+00:00,45.03459930419922,45.08000183105469,45.02000045776367,45.025001525878906,82618
2025-08-21 14:35:00+00:00,44.974998474121094,45.033599853515625,44.974998474121094,45.033599853515625,169841
2025-08-21 14:40:00+00:00,44.996498107910156,44.999900817871094,44.964698791503906,44.97663497924805,83124
2025-08-21 14:45:00+00:00,45.01639938354492,45.04499816894531,44.994998931884766,44.994998931884766,76496
2025-08-21 14:50:00+00:00,45.05500030517578,45.05500030517578,45.0099983215332,45.01499938964844,84783
2025-08-21 14:55:00+00:00,45.06999969482422,45.08000183105469,45.04499816894531,45.05350112915039,66205
2025-08-21 15:00:00+00:00,45.084999084472656,45.095001220703125,45.060001373291016,45.07500076293945,113157
2025-08-21 15:05:00+00:00,45.040000915527344,45.084999084472656,45.02870178222656,45.084999084472656,101942
2025-08-21 15:10:00+00:00,45.03499984741211,45.060001373291016,45.02000045776367,45.040000915527344,71479
2025-08-21 15:15:00+00:00,45.064998626708984,45.06999969482422,45.025001525878906,45.03654479980469,50522
2025-08-21 15:20:00+00:00,45.084999084472656,45.099998474121094,45.06010055541992,45.06999969482422,76120
2025-08-21 15:25:00+00:00,45.1245002746582,45.14500045776367,45.083900451660156,45.09000015258789,110202
2025-08-21 15:30:00+00:00,45.13990020751953,45.13990020751953,45.099998474121094,45.125,89432
2025-08-21 15:35:00+00:00,45.154998779296875,45.16999816894531,45.130001068115234,45.13010025024414,87385
2025-08-21 15:40:00+00:00,45.13990020751953,45.165000915527344,45.130001068115234,45.154998779296875,55387
2025-08-21 15:45:00+00:00,45.1150016784668,45.13999938964844,45.100101470947266,45.13999938964844,72013
2025-08-21 15:50:00+00:00,45.084999084472656,45.13999938964844,45.08000183105469,45.1150016784668,64552
2025-08-21 15:55:00+00:00,45.060001373291016,45.099998474121094,45.05500030517578,45.09000015258789,59732
2025-08-21 16:00:00+00:00,45.07149887084961,45.07500076293945,45.050201416015625,45.064300537109375,55110
2025-08-21 16:05:00+00:00,45.1150016784668,45.119998931884766,45.06999969482422,45.07500076293945,47971
2025-08-21 16:10:00+00:00,45.125,45.12990188598633,45.099998474121094,45.11000061035156,43641
2025-08-21 16:15:00+00:00,45.125,45.127601623535156,45.099998474121094,45.127601623535156,57765
2025-08-21 16:20:00+00:00,45.12990188598633,45.130001068115234,45.11000061035156,45.125,28578
2025-08-21 16:25:00+00:00,45.095699310302734,45.130001068115234,45.08000183105469,45.125,65245
2025-08-21 16:30:00+00:00,45.07500076293945,45.09510040283203,45.060001373291016,45.095001220703125,54972
2025-08-21 16:35:00+00:00,45.06420135498047,45.08539962768555,45.0531005859375,45.075401306152344,78343
2025-08-21 16:40:00+00:00,45.07500076293945,45.11000061035156,45.065101623535156,45.065101623535156,81984
2025-08-21 16:45:00+00:00,45.064998626708984,45.095001220703125,45.060001373291016,45.07590103149414,137098
2025-08-21 16:50:00+00:00,45.11000061035156,45.130001068115234,45.06999969482422,45.06999969482422,73051
2025-08-21 16:55:00+00:00,45.099998474121094,45.119998931884766,45.09000015258789,45.10100173950195,96188
2025-08-21 17:00:00+00:00,45.08000183105469,45.099998474121094,45.070098876953125,45.099998474121094,86900
2025-08-21 17:05:00+00:00,45.095001220703125,45.10499954223633,45.07500076293945,45.084999084472656,86160
2025-08-21 17:10:00+00:00,45.119998931884766,45.130001068115234,45.084999084472656,45.095001220703125,87062
2025-08-21 17:15:00+00:00,45.119998931884766,45.130001068115234,45.09000015258789,45.11399841308594,80506
2025-08-21 17:20:00+00:00,45.07500076293945,45.119998931884766,45.070098876953125,45.1150016784668,61815
2025-08-21 17:25:00+00:00,45.064998626708984,45.07720184326172,45.02000045776367,45.070098876953125,80364
2025-08-21 17:30:00+00:00,45.08000183105469,45.08000183105469,45.05500030517578,45.06990051269531,61209
2025-08-21 17:35:00+00:00,45.095001220703125,45.095001220703125,45.063201904296875,45.08000183105469,67459
2025-08-21 17:40:00+00:00,45.10499954223633,45.119998931884766,45.095001220703125,45.099998474121094,41700
2025-08-21 17:45:00+00:00,45.125,45.130001068115234,45.10499954223633,45.10499954223633,53499
2025-08-21 17:50:00+00:00,45.12009811401367,45.13999938964844,45.099998474121094,45.130001068115234,76070
2025-08-21 17:55:00+00:00,45.130001068115234,45.13570022583008,45.1150016784668,45.125,55140
2025-08-21 18:00:00+00:00,45.1150016784668,45.12580108642578,45.103599548339844,45.125,112416
2025-08-21 18:05:00+00:00,45.150001525878906,45.150001525878906,45.11000061035156,45.1150016784668,74595
2025-08-21 18:10:00+00:00,45.18000030517578,45.18000030517578,45.14030075073242,45.14500045776367,61271
2025-08-21 18:15:00+00:00,45.185001373291016,45.189998626708984,45.16999816894531,45.18000030517578,83606
2025-08-21 18:20:00+00:00,45.165000915527344,45.19499969482422,45.15999984741211,45.184600830078125,52096
2025-08-21 18:25:00+00:00,45.150001525878906,45.16999816894531,45.149898529052734,45.165000915527344,72032
2025-08-21 18:30:00+00:00,45.185001373291016,45.189998626708984,45.13999938964844,45.154998779296875,91417
2025-08-21 18:35:00+00:00,45.18000030517578,45.205101013183594,45.18000030517578,45.185001373291016,95330
2025-08-21 18:40:00+00:00,45.17499923706055,45.185001373291016,45.170101165771484,45.18000030517578,39130
2025-08-21 18:45:00+00:00,45.154998779296875,45.17499923706055,45.130001068115234,45.16999816894531,111092
2025-08-21 18:50:00+00:00,45.16429901123047,45.18000030517578,45.150001525878906,45.15010070800781,44806
2025-08-21 18:55:00+00:00,45.14500045776367,45.20000076293945,45.13999938964844,45.16529846191406,195096
2025-08-21 19:00:00+00:00,45.130001068115234,45.16999816894531,45.130001068115234,45.150001525878906,66735
2025-08-21 19:05:00+00:00,45.1349983215332,45.150001525878906,45.119998931884766,45.119998931884766,119514
2025-08-21 19:10:00+00:00,45.130001068115234,45.14500045776367,45.130001068115234,45.13999938964844,84352
2025-08-21 19:15:00+00:00,45.1150016784668,45.13999938964844,45.11000061035156,45.1349983215332,125248
2025-08-21 19:20:00+00:00,45.13999938964844,45.13999938964844,45.1150016784668,45.1150016784668,65443
2025-08-21 19:25:00+00:00,45.125,45.14500045776367,45.11000061035156,45.13629913330078,108350
2025-08-21 19:30:00+00:00,45.125,45.13990020751953,45.1150016784668,45.125,68976
2025-08-21 19:35:00+00:00,45.1150016784668,45.130001068115234,45.099998474121094,45.119998931884766,109036
2025-08-21 19:40:00+00:00,45.03499984741211,45.130001068115234,45.03499984741211,45.119998931884766,181584
2025-08-21 19:45:00+00:00,45.02510070800781,45.06999969482422,45.0099983215332,45.03499984741211,235515
2025-08-21 19:50:00+00:00,45.005001068115234,45.040000915527344,44.97999954223633,45.025001525878906,944234
2025-08-21 19:55:00+00:00,45.029998779296875,45.064998626708984,45.0099983215332,45.0099983215332,749375
2025-08-22 13:30:00+00:00,45.38999938964844,45.43000030517578,45.150001525878906,45.150001525878906,394800
2025-08-22 13:35:00+00:00,45.26499938964844,45.38999938964844,45.22800064086914,45.38999938964844,128303
2025-08-22 13:40:00+00:00,45.26499938964844,45.2864990234375,45.220001220703125,45.26499938964844,87769
2025-08-22 13:45:00+00:00,45.220001220703125,45.31999969482422,45.209999084472656,45.26499938964844,106481
2025-08-22 13:50:00+00:00,45.255001068115234,45.279998779296875,45.21500015258789,45.220001220703125,108302
2025-08-22 13:55:00+00:00,45.325801849365234,45.34000015258789,45.22999954223633,45.255001068115234,157160
2025-08-22 14:00:00+00:00,45.15999984741211,45.39649963378906,45.15999984741211,45.33000183105469,289835
2025-08-22 14:05:00+00:00,45.095001220703125,45.189998626708984,45.060001373291016,45.16999816894531,211674
2025-08-22 14:10:00+00:00,45.02000045776367,45.11000061035156,45.02000045776367,45.099998474121094,186690
2025-08-22 14:15:00+00:00,45.040000915527344,45.08000183105469,45.0,45.029998779296875,314987
2025-08-22 14:20:00+00:00,45.060001373291016,45.130001068115234,45.0099983215332,45.03499984741211,503322
2025-08-22 14:25:00+00:00,44.98500061035156,45.060001373291016,44.970001220703125,45.05849838256836,242467
2025-08-22 14:30:00+00:00,44.915000915527344,45.029998779296875,44.90999984741211,44.98500061035156,228276
2025-08-22 14:35:00+00:00,44.7599983215332,44.92499923706055,44.75,44.91999816894531,492449
2025-08-22 14:40:00+00:00,44.48500061035156,44.7599983215332,44.45000076293945,44.755001068115234,738886
2025-08-22 14:45:00+00:00,44.47999954223633,44.529998779296875,44.41999816894531,44.47999954223633,459036
2025-08-22 14:50:00+00:00,44.42499923706055,44.54999923706055,44.415000915527344,44.47809982299805,521422
2025-08-22 14:55:00+00:00,44.53499984741211,44.56999969482422,44.422401428222656,44.42499923706055,344227
2025-08-22 15:00:00+00:00,44.5,44.564998626708984,44.46009826660156,44.540000915527344,211405
2025-08-22 15:05:00+00:00,44.56999969482422,44.59000015258789,44.5,44.5,220911
2025-08-22 15:10:00+00:00,44.584999084472656,44.599998474121094,44.54999923706055,44.564998626708984,239831
2025-08-22 15:15:00+00:00,44.64500045776367,44.65719985961914,44.5630989074707,44.58000183105469,186610
2025-08-22 15:20:00+00:00,44.724998474121094,44.738800048828125,44.650001525878906,44.650001525878906,113584
2025-08-22 15:25:00+00:00,44.764198303222656,44.77000045776367,44.709999084472656,44.724998474121094,212055
2025-08-22 15:30:00+00:00,44.67499923706055,44.790000915527344,44.650001525878906,44.766700744628906,282679
2025-08-22 15:35:00+00:00,44.70500183105469,44.72999954223633,44.65999984741211,44.67499923706055,199945
2025-08-22 15:40:00+00:00,44.69990158081055,44.7400016784668,44.689998626708984,44.70500183105469,149226
2025-08-22 15:45:00+00:00,44.775001525878906,44.790000915527344,44.68000030517578,44.689998626708984,134906
2025-08-22 15:50:00+00:00,44.73500061035156,44.786598205566406,44.720001220703125,44.77000045776367,191694
2025-08-22 15:55:00+00:00,44.7400016784668,44.779998779296875,44.71500015258789,44.72999954223633,131585
2025-08-22 16:00:00+00:00,44.76499938964844,44.769901275634766,44.689998626708984,44.744998931884766,161042
2025-08-22 16:05:00+00:00,44.77000045776367,44.785400390625,44.7599983215332,44.76499938964844,92262
2025-08-22 16:10:00+00:00,44.755001068115234,44.78689956665039,44.75,44.76499938964844,79597
2025-08-22 16:15:00+00:00,44.6349983215332,44.7672004699707,44.63010025024414,44.755001068115234,157859
2025-08-22 16:20:00+00:00,44.599998474121094,44.63999938964844,44.584999084472656,44.6348991394043,120183
2025-08-22 16:25:00+00:00,44.630001068115234,44.65999984741211,44.58000183105469,44.61000061035156,91606
2025-08-22 16:30:00+00:00,44.665000915527344,44.69649887084961,44.6349983215332,44.6349983215332,115723
2025-08-22 16:35:00+00:00,44.63240051269531,44.689998626708984,44.63240051269531,44.665000915527344,93749
2025-08-22 16:40:00+00:00,44.582401275634766,44.63999938964844,44.58000183105469,44.6348991394043,90794
2025-08-22 16:45:00+00:00,44.58000183105469,44.607601165771484,44.58000183105469,44.584999084472656,67806
2025-08-22 16:50:00+00:00,44.67499923706055,44.67499923706055,44.57339859008789,44.584999084472656,84480
2025-08-22 16:55:00+00:00,44.66999816894531,44.66999816894531,44.619998931884766,44.66999816894531,97179
2025-08-22 17:00:00+00:00,44.650001525878906,44.70000076293945,44.650001525878906,44.66460037231445,79718
2025-08-22 17:05:00+00:00,44.61970138549805,44.65999984741211,44.58000183105469,44.65380096435547,86638
2025-08-22 17:10:00+00:00,44.60459899902344,44.654998779296875,44.56999969482422,44.61330032348633,120306
2025-08-22 17:15:00+00:00,44.619998931884766,44.650001525878906,44.61000061035156,44.61000061035156,69413
2025-08-22 17:20:00+00:00,44.630001068115234,44.63999938964844,44.599998474121094,44.619998931884766,88530
2025-08-22 17:25:00+00:00,44.619998931884766,44.66999816894531,44.61000061035156,44.6349983215332,71395
2025-08-22 17:30:00+00:00,44.599998474121094,44.65010070800781,44.58000183105469,44.62810134887695,81845
2025-08-22 17:35:00+00:00,44.60499954223633,44.625,44.59000015258789,44.60499954223633,91209
2025-08-22 17:40:00+00:00,44.564998626708984,44.599998474121094,44.560001373291016,44.599998474121094,96800
2025-08-22 17:45:00+00:00,44.58000183105469,44.61000061035156,44.56999969482422,44.56999969482422,83783
2025-08-22 17:50:00+00:00,44.6150016784668,44.619998931884766,44.56999969482422,44.58000183105469,116514
2025-08-22 17:55:00+00:00,44.625,44.63999938964844,44.59000015258789,44.61989974975586,90729
2025-08-22 18:00:00+00:00,44.54349899291992,44.630001068115234,44.540000915527344,44.62990188598633,134498
2025-08-22 18:05:00+00:00,44.451499938964844,44.54499816894531,44.439998626708984,44.540000915527344,310903
2025-08-22 18:10:00+00:00,44.43000030517578,44.470001220703125,44.40999984741211,44.45500183105469,135953
2025-08-22 18:15:00+00:00,44.415000915527344,44.439998626708984,44.39500045776367,44.42499923706055,255776
2025-08-22 18:20:00+00:00,44.415000915527344,44.45000076293945,44.40999984741211,44.417198181152344,173336
2025-08-22 18:25:00+00:00,44.3849983215332,44.43000030517578,44.369998931884766,44.416500091552734,169499
2025-08-22 18:30:00+00:00,44.36000061035156,44.404998779296875,44.349998474121094,44.3849983215332,227938
2025-08-22 18:35:00+00:00,44.32500076293945,44.375,44.31999969482422,44.36000061035156,240957
2025-08-22 18:40:00+00:00,44.30500030517578,44.33000183105469,44.290000915527344,44.31999969482422,159354
2025-08-22 18:45:00+00:00,44.3849983215332,44.38999938964844,44.30160140991211,44.30500030517578,155857
2025-08-22 18:50:00+00:00,44.41460037231445,44.41999816894531,44.380001068115234,44.3848991394043,173163
2025-08-22 18:55:00+00:00,44.3849983215332,44.415000915527344,44.36000061035156,44.415000915527344,199021
2025-08-22 19:00:00+00:00,44.326499938964844,44.38999938964844,44.31999969482422,44.3849983215332,164027
2025-08-22 19:05:00+00:00,44.310001373291016,44.34000015258789,44.27000045776367,44.31999969482422,254310
2025-08-22 19:10:00+00:00,44.310001373291016,44.31999969482422,44.244998931884766,44.314998626708984,252594
2025-08-22 19:15:00+00:00,44.32350158691406,44.33000183105469,44.29999923706055,44.30500030517578,153248
2025-08-22 19:20:00+00:00,44.30379867553711,44.349998474121094,44.29999923706055,44.32720184326172,247285
2025-08-22 19:25:00+00:00,44.346500396728516,44.349998474121094,44.29999923706055,44.30500030517578,175399
2025-08-22 19:30:00+00:00,44.375,44.404998779296875,44.345001220703125,44.346500396728516,192062
2025-08-22 19:35:00+00:00,44.34379959106445,44.3849983215332,44.34000015258789,44.375,160826
2025-08-22 19:40:00+00:00,44.349998474121094,44.38999938964844,44.344200134277344,44.34980010986328,215410
2025-08-22 19:45:00+00:00,44.33420181274414,44.380001068115234,44.31999969482422,44.349998474121094,280797
2025-08-22 19:50:00+00:00,44.369998931884766,44.386199951171875,44.314998626708984,44.334999084472656,472326
2025-08-22 19:55:00+00:00,44.43000030517578,44.439998626708984,44.33000183105469,44.3650016784668,1334393
2025-08-25 13:30:00+00:00,44.345001220703125,44.47999954223633,44.310001373291016,44.439998626708984,843142
2025-08-25 13:35:00+00:00,44.20000076293945,44.34000015258789,44.18000030517578,44.34000015258789,354463
2025-08-25 13:40:00+00:00,44.2599983215332,44.29999923706055,44.18000030517578,44.206199645996094,376292
2025-08-25 13:45:00+00:00,44.189998626708984,44.29499816894531,44.16999816894531,44.255001068115234,281890
2025-08-25 13:50:00+00:00,44.26499938964844,44.31999969482422,44.18000030517578,44.19990158081055,148563
2025-08-25 13:55:00+00:00,44.165000915527344,44.260501861572266,44.154998779296875,44.260501861572266,163143
2025-08-25 14:00:00+00:00,44.09000015258789,44.16510009765625,44.060001373291016,44.16510009765625,372096
2025-08-25 14:05:00+00:00,44.07500076293945,44.13999938964844,44.0546989440918,44.09000015258789,264393
2025-08-25 14:10:00+00:00,44.04499816894531,44.11000061035156,44.029998779296875,44.06999969482422,218359
2025-08-25 14:15:00+00:00,44.14500045776367,44.14500045776367,44.0099983215332,44.04499816894531,392640
2025-08-25 14:20:00+00:00,44.05500030517578,44.150001525878906,44.040000915527344,44.14500045776367,167233
2025-08-25 14:25:00+00:00,44.01499938964844,44.060001373291016,43.9900016784668,44.05500030517578,448844
2025-08-25 14:30:00+00:00,43.98500061035156,44.025001525878906,43.98500061035156,44.01499938964844,231831
2025-08-25 14:35:00+00:00,44.01499938964844,44.01499938964844,43.959999084472656,43.98500061035156,192466
2025-08-25 14:40:00+00:00,44.037498474121094,44.040000915527344,44.0,44.01499938964844,173510
2025-08-25 14:45:00+00:00,44.04499816894531,44.060001373291016,44.029998779296875,44.03499984741211,170827
2025-08-25 14:50:00+00:00,44.025001525878906,44.04499816894531,44.0,44.04499816894531,131692
2025-08-25 14:55:00+00:00,44.05500030517578,44.060001373291016,44.02000045776367,44.025001525878906,120880
2025-08-25 15:00:00+00:00,44.025001525878906,44.05500030517578,44.005001068115234,44.04999923706055,126666
2025-08-25 15:05:00+00:00,44.060001373291016,44.060001373291016,43.980098724365234,44.025001525878906,104220
2025-08-25 15:10:00+00:00,44.095001220703125,44.099998474121094,44.04199981689453,44.05500030517578,135731
2025-08-25 15:15:00+00:00,44.18989944458008,44.209999084472656,44.099998474121094,44.099998474121094,161563
2025-08-25 15:20:00+00:00,44.1150016784668,44.189998626708984,44.11000061035156,44.185001373291016,224105
2025-08-25 15:25:00+00:00,44.1150016784668,44.1349983215332,44.11000061035156,44.1150016784668,127203
2025-08-25 15:30:00+00:00,44.10499954223633,44.1161994934082,44.06999969482422,44.1161994934082,111412
2025-08-25 15:35:00+00:00,44.14500045776367,44.154998779296875,44.09000015258789,44.10499954223633,121708
2025-08-25 15:40:00+00:00,44.23500061035156,44.2400016784668,44.14179992675781,44.14569854736328,148378
2025-08-25 15:45:00+00:00,44.209999084472656,44.2400016784668,44.209999084472656,44.23500061035156,96480
2025-08-25 15:50:00+00:00,44.19499969482422,44.21989822387695,44.15010070800781,44.209999084472656,85814
2025-08-25 15:55:00+00:00,44.189998626708984,44.21500015258789,44.16999816894531,44.19499969482422,120662
2025-08-25 16:00:00+00:00,44.154998779296875,44.19049835205078,44.13999938964844,44.19049835205078,74143
2025-08-25 16:05:00+00:00,44.095001220703125,44.150001525878906,44.084999084472656,44.150001525878906,80368
2025-08-25 16:10:00+00:00,44.097198486328125,44.119998931884766,44.082401275634766,44.095001220703125,87877
2025-08-25 16:15:00+00:00,44.119998931884766,44.14500045776367,44.092899322509766,44.095001220703125,124931
2025-08-25 16:20:00+00:00,44.1150016784668,44.130001068115234,44.11000061035156,44.119998931884766,71456
2025-08-25 16:25:00+00:00,44.130001068115234,44.150001525878906,44.1150016784668,44.1150016784668,76253
2025-08-25 16:30:00+00:00,44.13570022583008,44.149898529052734,44.130001068115234,44.130001068115234,54752
2025-08-25 16:35:00+00:00,44.125,44.13999938964844,44.11000061035156,44.1349983215332,65583
2025-08-25 16:40:00+00:00,44.1150016784668,44.13999938964844,44.11000061035156,44.119998931884766,63752
2025-08-25 16:45:00+00:00,44.14500045776367,44.149898529052734,44.11000061035156,44.11000061035156,75973
2025-08-25 16:50:00+00:00,44.125,44.150001525878906,44.119998931884766,44.14500045776367,68685
2025-08-25 16:55:00+00:00,44.14500045776367,44.14500045776367,44.119998931884766,44.130001068115234,85782
2025-08-25 17:00:00+00:00,44.14500045776367,44.165000915527344,44.130001068115234,44.14500045776367,82946
2025-08-25 17:05:00+00:00,44.150001525878906,44.15999984741211,44.140098571777344,44.14500045776367,44170
2025-08-25 17:10:00+00:00,44.150001525878906,44.16999816894531,44.13999938964844,44.14500045776367,47481
2025-08-25 17:15:00+00:00,44.165000915527344,44.185001373291016,44.15010070800781,44.15010070800781,78061
2025-08-25 17:20:00+00:00,44.150001525878906,44.17499923706055,44.130001068115234,44.15999984741211,96252
2025-08-25 17:25:00+00:00,44.20009994506836,44.20500183105469,44.14500045776367,44.14500045776367,79785
2025-08-25 17:30:00+00:00,44.18280029296875,44.209999084472656,44.18000030517578,44.20500183105469,67873
2025-08-25 17:35:00+00:00,44.150001525878906,44.18629837036133,44.14500045776367,44.18009948730469,53755
2025-08-25 17:40:00+00:00,44.14569854736328,44.165000915527344,44.13999938964844,44.14500045776367,63819
2025-08-25 17:45:00+00:00,44.161800384521484,44.18000030517578,44.142799377441406,44.14500045776367,95249
2025-08-25 17:50:00+00:00,44.156700134277344,44.16999816894531,44.14500045776367,44.16419982910156,73358
2025-08-25 17:55:00+00:00,44.154998779296875,44.15999984741211,44.13199996948242,44.154998779296875,71607
2025-08-25 18:00:00+00:00,44.14500045776367,44.165000915527344,44.119998931884766,44.15700149536133,92377
2025-08-25 18:05:00+00:00,44.165000915527344,44.165000915527344,44.144500732421875,44.14500045776367,59897
2025-08-25 18:10:00+00:00,44.185001373291016,44.189998626708984,44.150001525878906,44.165000915527344,192901
2025-08-25 18:15:00+00:00,44.19499969482422,44.19499969482422,44.16999816894531,44.185001373291016,63312
2025-08-25 18:20:00+00:00,44.185001373291016,44.209999084472656,44.185001373291016,44.19499969482422,80501
2025-08-25 18:25:00+00:00,44.17499923706055,44.189998626708984,44.15999984741211,44.185001373291016,96814
2025-08-25 18:30:00+00:00,44.165000915527344,44.17649841308594,44.150001525878906,44.17499923706055,62821
2025-08-25 18:35:00+00:00,44.14500045776367,44.16999816894531,44.13999938964844,44.165000915527344,123327
2025-08-25 18:40:00+00:00,44.165000915527344,44.16999816894531,44.13999938964844,44.14500045776367,52128
2025-08-25 18:45:00+00:00,44.17499923706055,44.189998626708984,44.15480041503906,44.16279983520508,87155
2025-08-25 18:50:00+00:00,44.154998779296875,44.18000030517578,44.154998779296875,44.17499923706055,56486
2025-08-25 18:55:00+00:00,44.130001068115234,44.15742492675781,44.130001068115234,44.150001525878906,59749
2025-08-25 19:00:00+00:00,44.13479995727539,44.13999938964844,44.119998931884766,44.130001068115234,126402
2025-08-25 19:05:00+00:00,44.1349983215332,44.150001525878906,44.13010025024414,44.1349983215332,166390
2025-08-25 19:10:00+00:00,44.13999938964844,44.165000915527344,44.13180160522461,44.132598876953125,85616
2025-08-25 19:15:00+00:00,44.1349983215332,44.14500045776367,44.125,44.14500045776367,76879
2025-08-25 19:20:00+00:00,44.16999816894531,44.16999816894531,44.13010025024414,44.1349983215332,111428
2025-08-25 19:25:00+00:00,44.165000915527344,44.189998626708984,44.15999984741211,44.16999816894531,84036
2025-08-25 19:30:00+00:00,44.13999938964844,44.16999816894531,44.13999938964844,44.165000915527344,137527
2025-08-25 19:35:00+00:00,44.15999984741211,44.15999984741211,44.130001068115234,44.13999938964844,146057
2025-08-25 19:40:00+00:00,44.14500045776367,44.15999984741211,44.13999938964844,44.150001525878906,112247
2025-08-25 19:45:00+00:00,44.1150016784668,44.14649963378906,44.099998474121094,44.13999938964844,229000
2025-08-25 19:50:00+00:00,44.19929885864258,44.20000076293945,44.099998474121094,44.11000061035156,484553
2025-08-25 19:55:00+00:00,44.209999084472656,44.27000045776367,44.19499969482422,44.20000076293945,923130
2025-08-26 13:30:00+00:00,44.224998474121094,44.224998474121094,44.01580047607422,44.11000061035156,817004
2025-08-26 13:35:00+00:00,44.28499984741211,44.29999923706055,44.20500183105469,44.22829818725586,175620
2025-08-26 13:40:00+00:00,44.3849983215332,44.400001525878906,44.290000915527344,44.290000915527344,196806
2025-08-26 13:45:00+00:00,44.369998931884766,44.41999816894531,44.345001220703125,44.3849983215332,166431
2025-08-26 13:50:00+00:00,44.32500076293945,44.38999938964844,44.31999969482422,44.380001068115234,100664
2025-08-26 13:55:00+00:00,44.310001373291016,44.325801849365234,44.25,44.32500076293945,146354
2025-08-26 14:00:00+00:00,44.29499816894531,44.32500076293945,44.27000045776367,44.30580139160156,163910
2025-08-26 14:05:00+00:00,44.150001525878906,44.310001373291016,44.13999938964844,44.29999923706055,205263
2025-08-26 14:10:00+00:00,44.1150016784668,44.154998779296875,44.095001220703125,44.154998779296875,125605
2025-08-26 14:15:00+00:00,43.97439956665039,44.125,43.970001220703125,44.1150016784668,265728
2025-08-26 14:20:00+00:00,43.96620178222656,43.9900016784668,43.90999984741211,43.974998474121094,204982
2025-08-26 14:25:00+00:00,44.0,44.040000915527344,43.959999084472656,43.959999084472656,116686
2025-08-26 14:30:00+00:00,44.01750183105469,44.064998626708984,43.99319839477539,44.0,136171
2025-08-26 14:35:00+00:00,43.95330047607422,44.040000915527344,43.93254089355469,44.01499938964844,157577
2025-08-26 14:40:00+00:00,43.91749954223633,43.959999084472656,43.900001525878906,43.95000076293945,186029
2025-08-26 14:45:00+00:00,43.92499923706055,43.939998626708984,43.880001068115234,43.915000915527344,149073
2025-08-26 14:50:00+00:00,43.935001373291016,43.939998626708984,43.90999984741211,43.92499923706055,113342
2025-08-26 14:55:00+00:00,43.92499923706055,43.959999084472656,43.915000915527344,43.939998626708984,111145
2025-08-26 15:00:00+00:00,43.86989974975586,43.92499923706055,43.8650016784668,43.92499923706055,149855
2025-08-26 15:05:00+00:00,43.825801849365234,43.869998931884766,43.81999969482422,43.8650016784668,150771
2025-08-26 15:10:00+00:00,43.77000045776367,43.81999969482422,43.77000045776367,43.81999969482422,246840
2025-08-26 15:15:00+00:00,43.790000915527344,43.81999969482422,43.75,43.77000045776367,146981
2025-08-26 15:20:00+00:00,43.8650016784668,43.880001068115234,43.79499816894531,43.79499816894531,120832
2025-08-26 15:25:00+00:00,43.880001068115234,43.880001068115234,43.84000015258789,43.8650016784668,99198
2025-08-26 15:30:00+00:00,43.93009948730469,43.939998626708984,43.86000061035156,43.87329864501953,119238
2025-08-26 15:35:00+00:00,43.89500045776367,43.93579864501953,43.875,43.93280029296875,125065
2025-08-26 15:40:00+00:00,43.8849983215332,43.900001525878906,43.875,43.88999938964844,67580
2025-08-26 15:45:00+00:00,43.904998779296875,43.915000915527344,43.872798919677734,43.8849983215332,133767
2025-08-26 15:50:00+00:00,43.8849983215332,43.904998779296875,43.834999084472656,43.904998779296875,107856
2025-08-26 15:55:00+00:00,43.8651008605957,43.90719985961914,43.8650016784668,43.8849983215332,79969
2025-08-26 16:00:00+00:00,43.8849983215332,43.900001525878906,43.86000061035156,43.86539840698242,79944
2025-08-26 16:05:00+00:00,43.920101165771484,43.93000030517578,43.869998931884766,43.8849983215332,157393
2025-08-26 16:10:00+00:00,43.941200256347656,43.959999084472656,43.9235954284668,43.9235954284668,77567
2025-08-26 16:15:00+00:00,43.933101654052734,43.959999084472656,43.93000030517578,43.94350051879883,79274
2025-08-26 16:20:00+00:00,43.89500045776367,43.937198638916016,43.88999938964844,43.93000030517578,119030
2025-08-26 16:25:00+00:00,43.89289855957031,43.93000030517578,43.89289855957031,43.900001525878906,77781
2025-08-26 16:30:00+00:00,43.919898986816406,43.93000030517578,43.88999938964844,43.89500045776367,79704
2025-08-26 16:35:00+00:00,43.915000915527344,43.92499923706055,43.900001525878906,43.91510009765625,78828
2025-08-26 16:40:00+00:00,43.94231414794922,43.959999084472656,43.90999984741211,43.915000915527344,95783
2025-08-26 16:45:00+00:00,43.96799850463867,43.97999954223633,43.939998626708984,43.949798583984375,108610
2025-08-26 16:50:00+00:00,43.970001220703125,43.970001220703125,43.939998626708984,43.970001220703125,113327
2025-08-26 16:55:00+00:00,43.958499908447266,43.970001220703125,43.939998626708984,43.970001220703125,123408
2025-08-26 17:00:00+00:00,43.974998474121094,43.97999954223633,43.94499969482422,43.95389938354492,58839
2025-08-26 17:05:00+00:00,43.97999954223633,43.9900016784668,43.970001220703125,43.974998474121094,57354
2025-08-26 17:10:00+00:00,44.005001068115234,44.02000045776367,43.974998474121094,43.97809982299805,87014
2025-08-26 17:15:00+00:00,43.95500183105469,44.02000045776367,43.94300079345703,44.0099983215332,70591
2025-08-26 17:20:00+00:00,43.935001373291016,43.959999084472656,43.93000030517578,43.95500183105469,83305
2025-08-26 17:25:00+00:00,43.96500015258789,43.97999954223633,43.93000030517578,43.93009948730469,84471
2025-08-26 17:30:00+00:00,43.974998474121094,44.0,43.9650993347168,43.970001220703125,68946
2025-08-26 17:35:00+00:00,43.96500015258789,43.97999954223633,43.959999084472656,43.974998474121094,44907
2025-08-26 17:40:00+00:00,43.98500061035156,43.9900016784668,43.940101623535156,43.959999084472656,58532
2025-08-26 17:45:00+00:00,43.96500015258789,44.0,43.959999084472656,43.98500061035156,63718
2025-08-26 17:50:00+00:00,43.970001220703125,43.97999954223633,43.939998626708984,43.96500015258789,115938
2025-08-26 17:55:00+00:00,43.935001373291016,43.970001220703125,43.93000030517578,43.959999084472656,69521
2025-08-26 18:00:00+00:00,43.8849983215332,43.939998626708984,43.880001068115234,43.935001373291016,84902
2025-08-26 18:05:00+00:00,43.89500045776367,43.900001525878906,43.869998931884766,43.8849983215332,74181
2025-08-26 18:10:00+00:00,43.924400329589844,43.939998626708984,43.89500045776367,43.89500045776367,107598
2025-08-26 18:15:00+00:00,43.875,43.93000030517578,43.86000061035156,43.92499923706055,65315
2025-08-26 18:20:00+00:00,43.904998779296875,43.90999984741211,43.86000061035156,43.875,106258
2025-08-26 18:25:00+00:00,43.90999984741211,43.90999984741211,43.875,43.90999984741211,88066
2025-08-26 18:30:00+00:00,43.92499923706055,43.93000030517578,43.90010070800781,43.90719985961914,78733
2025-08-26 18:35:00+00:00,43.904998779296875,43.935001373291016,43.900001525878906,43.92499923706055,74108
2025-08-26 18:40:00+00:00,43.935001373291016,43.939998626708984,43.904998779296875,43.90999984741211,95139
2025-08-26 18:45:00+00:00,43.93000030517578,43.939998626708984,43.91999816894531,43.935001373291016,63417
2025-08-26 18:50:00+00:00,43.91999816894531,43.93000030517578,43.900001525878906,43.92499923706055,79603
2025-08-26 18:55:00+00:00,43.92499923706055,43.939998626708984,43.90999984741211,43.93000030517578,81235
2025-08-26 19:00:00+00:00,43.8849983215332,43.93000030517578,43.875,43.92499923706055,83976
2025-08-26 19:05:00+00:00,43.904998779296875,43.904998779296875,43.869998931884766,43.8849983215332,99375
2025-08-26 19:10:00+00:00,43.880001068115234,43.93000030517578,43.875,43.900001525878906,111079
2025-08-26 19:15:00+00:00,43.855499267578125,43.88999938964844,43.84000015258789,43.880001068115234,151399
2025-08-26 19:20:00+00:00,43.86000061035156,43.88999938964844,43.84000015258789,43.856201171875,159046
2025-08-26 19:25:00+00:00,43.8650016784668,43.900001525878906,43.86000061035156,43.86899948120117,151963
2025-08-26 19:30:00+00:00,43.92499923706055,43.93000030517578,43.863399505615234,43.869998931884766,139715
2025-08-26 19:35:00+00:00,43.900001525878906,43.939998626708984,43.900001525878906,43.92499923706055,192446
2025-08-26 19:40:00+00:00,43.904998779296875,43.91999816894531,43.8849983215332,43.90620040893555,165873
2025-08-26 19:45:00+00:00,43.92499923706055,43.94499969482422,43.90999984741211,43.90999984741211,222761
2025-08-26 19:50:00+00:00,43.96500015258789,43.970001220703125,43.880001068115234,43.93000030517578,359795
2025-08-26 19:55:00+00:00,43.959999084472656,44.005001068115234,43.95000076293945,43.970001220703125,1216794
2025-08-27 13:30:00+00:00,44.060001373291016,44.1150016784668,43.9900016784668,44.060001373291016,433018
2025-08-27 13:35:00+00:00,44.03499984741211,44.06999969482422,44.01499938964844,44.04999923706055,106593
2025-08-27 13:40:00+00:00,44.1593017578125,44.189998626708984,44.03499984741211,44.03499984741211,141142
2025-08-27 13:45:00+00:00,44.09159851074219,44.23500061035156,44.060001373291016,44.16999816894531,165103
2025-08-27 13:50:00+00:00,44.144901275634766,44.16999816894531,44.095001220703125,44.095001220703125,85448
2025-08-27 13:55:00+00:00,44.10499954223633,44.14500045776367,44.09000015258789,44.14500045776367,130844
2025-08-27 14:00:00+00:00,44.060001373291016,44.17499923706055,44.04999923706055,44.099998474121094,130382
2025-08-27 14:05:00+00:00,43.959999084472656,44.06999969482422,43.95000076293945,44.04999923706055,189935
2025-08-27 14:10:00+00:00,43.915000915527344,43.994998931884766,43.90999984741211,43.96500015258789,219400
2025-08-27 14:15:00+00:00,43.935001373291016,43.94499969482422,43.880001068115234,43.915000915527344,259188
2025-08-27 14:20:00+00:00,43.92499923706055,43.974998474121094,43.903499603271484,43.935001373291016,165810
2025-08-27 14:25:00+00:00,43.93980026245117,43.96500015258789,43.91999816894531,43.93000030517578,130304
2025-08-27 14:30:00+00:00,43.974998474121094,43.98500061035156,43.91999816894531,43.935001373291016,159467
2025-08-27 14:35:00+00:00,43.96500015258789,44.0099983215332,43.939998626708984,43.974998474121094,200863
2025-08-27 14:40:00+00:00,43.96500015258789,43.97999954223633,43.91999816894531,43.959999084472656,177085
2025-08-27 14:45:00+00:00,44.0,44.0,43.94380187988281,43.96500015258789,127053
2025-08-27 14:50:00+00:00,44.005001068115234,44.025001525878906,43.9900016784668,43.994598388671875,79613
2025-08-27 14:55:00+00:00,44.0,44.040000915527344,43.9900016784668,44.0,92841
2025-08-27 15:00:00+00:00,44.060001373291016,44.08720016479492,44.001399993896484,44.005001068115234,117147
2025-08-27 15:05:00+00:00,44.1150016784668,44.119998931884766,44.060001373291016,44.064998626708984,199066
2025-08-27 15:10:00+00:00,44.064998626708984,44.119998931884766,44.060001373291016,44.1150016784668,93145
2025-08-27 15:15:00+00:00,44.06999969482422,44.07500076293945,44.040000915527344,44.064998626708984,100063
2025-08-27 15:20:00+00:00,44.040000915527344,44.084999084472656,44.029998779296875,44.07500076293945,76934
2025-08-27 15:25:00+00:00,44.01499938964844,44.04499816894531,44.0,44.04499816894531,89850
2025-08-27 15:30:00+00:00,44.01499938964844,44.02000045776367,43.97999954223633,44.01499938964844,133786
2025-08-27 15:35:00+00:00,44.01499938964844,44.04499816894531,44.0099983215332,44.02000045776367,121475
2025-08-27 15:40:00+00:00,44.03499984741211,44.04999923706055,44.0099983215332,44.0099983215332,138052
2025-08-27 15:45:00+00:00,43.9900016784668,44.035099029541016,43.97999954223633,44.03499984741211,77290
2025-08-27 15:50:00+00:00,44.025001525878906,44.029998779296875,43.97999954223633,43.994998931884766,95478
2025-08-27 15:55:00+00:00,44.025001525878906,44.04999923706055,44.0099983215332,44.025001525878906,137166
2025-08-27 16:00:00+00:00,44.03499984741211,44.060001373291016,44.02000045776367,44.029998779296875,91174
2025-08-27 16:05:00+00:00,44.025001525878906,44.06999969482422,44.025001525878906,44.040000915527344,99451
2025-08-27 16:10:00+00:00,44.04999923706055,44.060001373291016,44.012699127197266,44.02510070800781,66067
2025-08-27 16:15:00+00:00,44.05500030517578,44.08000183105469,44.04399871826172,44.04499816894531,90901
2025-08-27 16:20:00+00:00,44.08000183105469,44.08000183105469,44.040000915527344,44.05500030517578,80155
2025-08-27 16:25:00+00:00,44.07500076293945,44.09000015258789,44.05009841918945,44.07500076293945,67241
2025-08-27 16:30:00+00:00,44.05500030517578,44.08000183105469,44.03499984741211,44.07600021362305,92116
2025-08-27 16:35:00+00:00,44.064998626708984,44.08649826049805,44.04999923706055,44.05500030517578,98477
2025-08-27 16:40:00+00:00,44.049800872802734,44.08000183105469,44.04499816894531,44.064998626708984,85326
2025-08-27 16:45:00+00:00,44.07419967651367,44.076499938964844,44.029998779296875,44.04499816894531,50399
2025-08-27 16:50:00+00:00,44.1150016784668,44.119998931884766,44.07500076293945,44.07500076293945,64443
2025-08-27 16:55:00+00:00,44.1349983215332,44.150001525878906,44.113399505615234,44.1150016784668,64850
2025-08-27 17:00:00+00:00,44.154998779296875,44.165000915527344,44.119998931884766,44.1349983215332,106413
2025-08-27 17:05:00+00:00,44.19499969482422,44.19499969482422,44.154598236083984,44.15480041503906,66065
2025-08-27 17:10:00+00:00,44.19499969482422,44.20500183105469,44.18000030517578,44.19499969482422,127405
2025-08-27 17:15:00+00:00,44.224998474121094,44.22999954223633,44.18000030517578,44.19499969482422,62335
2025-08-27 17:20:00+00:00,44.21500015258789,44.2400016784668,44.21500015258789,44.224998474121094,65158
2025-08-27 17:25:00+00:00,44.19649887084961,44.220001220703125,44.189998626708984,44.209999084472656,58895
2025-08-27 17:30:00+00:00,44.21500015258789,44.22779846191406,44.189998626708984,44.19499969482422,64173
2025-08-27 17:35:00+00:00,44.185001373291016,44.22629928588867,44.185001373291016,44.21500015258789,76231
2025-08-27 17:40:00+00:00,44.165000915527344,44.19499969482422,44.15999984741211,44.189998626708984,37296
2025-08-27 17:45:00+00:00,44.154998779296875,44.167198181152344,44.1349983215332,44.15999984741211,76142
2025-08-27 17:50:00+00:00,44.13999938964844,44.15510177612305,44.125,44.150001525878906,66019
2025-08-27 17:55:00+00:00,44.1349983215332,44.13999938964844,44.12419891357422,44.13209915161133,38702
2025-08-27 18:00:00+00:00,44.14500045776367,44.167198181152344,44.130001068115234,44.13999938964844,56994
2025-08-27 18:05:00+00:00,44.1349983215332,44.149898529052734,44.130001068115234,44.149898529052734,38935
2025-08-27 18:10:00+00:00,44.13999938964844,44.165000915527344,44.119998931884766,44.130001068115234,109114
2025-08-27 18:15:00+00:00,44.17509841918945,44.185001373291016,44.1349983215332,44.1349983215332,56964
2025-08-27 18:20:00+00:00,44.194801330566406,44.20000076293945,44.16999816894531,44.17499923706055,48857
2025-08-27 18:25:00+00:00,44.19459915161133,44.20000076293945,44.185001373291016,44.19499969482422,60685
2025-08-27 18:30:00+00:00,44.19499969482422,44.20000076293945,44.189998626708984,44.19459915161133,28678
2025-08-27 18:35:00+00:00,44.18989944458008,44.209999084472656,44.18000030517578,44.190101623535156,65237
2025-08-27 18:40:00+00:00,44.19499969482422,44.20000076293945,44.165000915527344,44.18009948730469,50880
2025-08-27 18:45:00+00:00,44.20500183105469,44.21500015258789,44.189998626708984,44.19499969482422,90631
2025-08-27 18:50:00+00:00,44.21500015258789,44.220001220703125,44.20000076293945,44.20000076293945,47079
2025-08-27 18:55:00+00:00,44.19810104370117,44.21603775024414,44.185001373291016,44.21500015258789,70771
2025-08-27 19:00:00+00:00,44.212799072265625,44.217201232910156,44.18000030517578,44.189998626708984,86181
2025-08-27 19:05:00+00:00,44.224998474121094,44.22999954223633,44.209999084472656,44.21500015258789,58663
2025-08-27 19:10:00+00:00,44.20500183105469,44.22999954223633,44.20000076293945,44.224998474121094,101523
2025-08-27 19:15:00+00:00,44.19499969482422,44.220001220703125,44.189998626708984,44.20029830932617,98182
2025-08-27 19:20:00+00:00,44.1781005859375,44.189998626708984,44.150001525878906,44.189998626708984,88969
2025-08-27 19:25:00+00:00,44.154998779296875,44.18000030517578,44.150001525878906,44.170101165771484,87622
2025-08-27 19:30:00+00:00,44.155399322509766,44.17499923706055,44.130001068115234,44.154998779296875,171126
2025-08-27 19:35:00+00:00,44.17499923706055,44.18000030517578,44.14500045776367,44.154998779296875,116847
2025-08-27 19:40:00+00:00,44.16999816894531,44.20000076293945,44.16999816894531,44.17499923706055,114666
2025-08-27 19:45:00+00:00,44.18000030517578,44.21500015258789,44.18000030517578,44.185001373291016,170841
2025-08-27 19:50:00+00:00,44.224998474121094,44.244998931884766,44.185001373291016,44.189998626708984,329400
2025-08-27 19:55:00+00:00,44.27000045776367,44.279998779296875,44.22200012207031,44.224998474121094,1105863
2025-08-28 13:30:00+00:00,44.04999923706055,44.189998626708984,43.904998779296875,44.099998474121094,4065857
2025-08-28 13:35:00+00:00,43.8849983215332,44.08000183105469,43.86000061035156,44.04499816894531,239739
2025-08-28 13:40:00+00:00,43.81999969482422,43.90999984741211,43.790000915527344,43.88589859008789,336757
2025-08-28 13:45:00+00:00,43.775001525878906,43.84000015258789,43.763301849365234,43.810001373291016,265026
2025-08-28 13:50:00+00:00,43.91640090942383,43.939998626708984,43.775001525878906,43.775001525878906,217100
2025-08-28 13:55:00+00:00,43.959999084472656,43.959999084472656,43.83000183105469,43.915000915527344,145207
2025-08-28 14:00:00+00:00,43.775001525878906,43.959999084472656,43.7599983215332,43.959999084472656,277970
2025-08-28 14:05:00+00:00,43.76499938964844,43.779998779296875,43.689998626708984,43.775001525878906,367581
2025-08-28 14:10:00+00:00,43.76499938964844,43.790000915527344,43.724998474121094,43.76499938964844,145699
2025-08-28 14:15:00+00:00,43.869998931884766,43.880001068115234,43.76499938964844,43.76499938964844,207479
2025-08-28 14:20:00+00:00,43.810001373291016,43.90999984741211,43.810001373291016,43.875,0
2025-08-28 14:25:00+00:00,43.86000061035156,43.880001068115234,43.81999969482422,43.81999969482422,127127
2025-08-28 14:30:00+00:00,43.8213996887207,43.869998931884766,43.77000045776367,43.8650016784668,181282
2025-08-28 14:35:00+00:00,43.79999923706055,43.83000183105469,43.76499938964844,43.81999969482422,113640
2025-08-28 14:40:00+00:00,43.79999923706055,43.84619903564453,43.779998779296875,43.79999923706055,115064
2025-08-28 14:45:00+00:00,43.834999084472656,43.849998474121094,43.779998779296875,43.80500030517578,146568
2025-08-28 14:50:00+00:00,43.81930160522461,43.849998474121094,43.790000915527344,43.834999084472656,124226
2025-08-28 14:55:00+00:00,43.79999923706055,43.82500076293945,43.790000915527344,43.814998626708984,108149
2025-08-28 15:00:00+00:00,43.79499816894531,43.81999969482422,43.77000045776367,43.80649948120117,123516
2025-08-28 15:05:00+00:00,43.73500061035156,43.810001373291016,43.72999954223633,43.79869842529297,119434
2025-08-28 15:10:00+00:00,43.755001068115234,43.7598991394043,43.72999954223633,43.7400016784668,100194
2025-08-28 15:15:00+00:00,43.78630065917969,43.79499816894531,43.720001220703125,43.755001068115234,106179
2025-08-28 15:20:00+00:00,43.81999969482422,43.81999969482422,43.7599983215332,43.78499984741211,126672
2025-08-28 15:25:00+00:00,43.85499954223633,43.869998931884766,43.814998626708984,43.814998626708984,134625
2025-08-28 15:30:00+00:00,43.814998626708984,43.869998931884766,43.79999923706055,43.85499954223633,100700
2025-08-28 15:35:00+00:00,43.82500076293945,43.849998474121094,43.81999969482422,43.81999969482422,96221
2025-08-28 15:40:00+00:00,43.85499954223633,43.869998931884766,43.81159973144531,43.83000183105469,76816
2025-08-28 15:45:00+00:00,43.84980010986328,43.869998931884766,43.84000015258789,43.85459899902344,59658
2025-08-28 15:50:00+00:00,43.85499954223633,43.86600112915039,43.81999969482422,43.845001220703125,82767
2025-08-28 15:55:00+00:00,43.849998474121094,43.849998474121094,43.82500076293945,43.849998474121094,67388
2025-08-28 16:00:00+00:00,43.83599853515625,43.869998931884766,43.83000183105469,43.845001220703125,61855
2025-08-28 16:05:00+00:00,43.814998626708984,43.84989929199219,43.810001373291016,43.834999084472656,69394
2025-08-28 16:10:00+00:00,43.829498291015625,43.84000015258789,43.80500030517578,43.819801330566406,97385
2025-08-28 16:15:00+00:00,43.82740020751953,43.84000015258789,43.810001373291016,43.82500076293945,105447
2025-08-28 16:20:00+00:00,43.83290100097656,43.849998474121094,43.82500076293945,43.82659912109375,58733
2025-08-28 16:25:00+00:00,43.85499954223633,43.859798431396484,43.83000183105469,43.834999084472656,120209
2025-08-28 16:30:00+00:00,43.894500732421875,43.900001525878906,43.849998474121094,43.85499954223633,82517
2025-08-28 16:35:00+00:00,43.875,43.900001525878906,43.869998931884766,43.89680099487305,70299
2025-08-28 16:40:00+00:00,43.85499954223633,43.885799407958984,43.849998474121094,43.875,41724
2025-08-28 16:45:00+00:00,43.869998931884766,43.869998931884766,43.849998474121094,43.85499954223633,41097
2025-08-28 16:50:00+00:00,43.85499954223633,43.869998931884766,43.849998474121094,43.869998931884766,45753
2025-08-28 16:55:00+00:00,43.84000015258789,43.85969924926758,43.820098876953125,43.85499954223633,73155
2025-08-28 17:00:00+00:00,43.849998474121094,43.86000061035156,43.84000015258789,43.845001220703125,104178
2025-08-28 17:05:00+00:00,43.89659881591797,43.900001525878906,43.849998474121094,43.849998474121094,63085
2025-08-28 17:10:00+00:00,43.875,43.89540100097656,43.869998931884766,43.89540100097656,34990
2025-08-28 17:15:00+00:00,43.869998931884766,43.880001068115234,43.849998474121094,43.869998931884766,114350
2025-08-28 17:20:00+00:00,43.869998931884766,43.89500045776367,43.85499954223633,43.875,93646
2025-08-28 17:25:00+00:00,43.873600006103516,43.88999938964844,43.869998931884766,43.875,39341
2025-08-28 17:30:00+00:00,43.8838005065918,43.904998779296875,43.869998931884766,43.87419891357422,77216
2025-08-28 17:35:00+00:00,43.873600006103516,43.8849983215332,43.862998962402344,43.880001068115234,52081
2025-08-28 17:40:00+00:00,43.89550018310547,43.89550018310547,43.877201080322266,43.877201080322266,40480
2025-08-28 17:45:00+00:00,43.89500045776367,43.900001525878906,43.875,43.8932991027832,58910
2025-08-28 17:50:00+00:00,43.84000015258789,43.899898529052734,43.83000183105469,43.89500045776367,66816
2025-08-28 17:55:00+00:00,43.845001220703125,43.86000061035156,43.81999969482422,43.84000015258789,82362
2025-08-28 18:00:00+00:00,43.845001220703125,43.859901428222656,43.834999084472656,43.84000015258789,72138
2025-08-28 18:05:00+00:00,43.869998931884766,43.869998931884766,43.84360122680664,43.845001220703125,43523
2025-08-28 18:10:00+00:00,43.8849983215332,43.88999938964844,43.86240005493164,43.869998931884766,41260
2025-08-28 18:15:00+00:00,43.89500045776367,43.91999816894531,43.88010025024414,43.88010025024414,72303
2025-08-28 18:20:00+00:00,43.904998779296875,43.91999816894531,43.890098571777344,43.89500045776367,52291
2025-08-28 18:25:00+00:00,43.900001525878906,43.90999984741211,43.880001068115234,43.90010070800781,71405
2025-08-28 18:30:00+00:00,43.88999938964844,43.9099006652832,43.88460159301758,43.89500045776367,57879
2025-08-28 18:35:00+00:00,43.904998779296875,43.90999984741211,43.89500045776367,43.89500045776367,47559
2025-08-28 18:40:00+00:00,43.900001525878906,43.91999816894531,43.875,43.904998779296875,88674
2025-08-28 18:45:00+00:00,43.915000915527344,43.92499923706055,43.89500045776367,43.89500045776367,63280
2025-08-28 18:50:00+00:00,43.91999816894531,43.94499969482422,43.90999984741211,43.917701721191406,87152
2025-08-28 18:55:00+00:00,43.92499923706055,43.93000030517578,43.900001525878906,43.91999816894531,69495
2025-08-28 19:00:00+00:00,43.935001373291016,43.95000076293945,43.924598693847656,43.92499923706055,72763
2025-08-28 19:05:00+00:00,43.959999084472656,43.970001220703125,43.91999816894531,43.935001373291016,177400
2025-08-28 19:10:00+00:00,43.974998474121094,43.97999954223633,43.94300079345703,43.956600189208984,68608
2025-08-28 19:15:00+00:00,43.970001220703125,43.97999954223633,43.959999084472656,43.970001220703125,116925
2025-08-28 19:20:00+00:00,43.9900016784668,43.9900016784668,43.96500015258789,43.974998474121094,81330
2025-08-28 19:25:00+00:00,44.02000045776367,44.02000045776367,43.97999954223633,43.98500061035156,180076
2025-08-28 19:30:00+00:00,43.98500061035156,44.02000045776367,43.970001220703125,44.02000045776367,152601
2025-08-28 19:35:00+00:00,43.97999954223633,44.0,43.959999084472656,43.98350143432617,148140
2025-08-28 19:40:00+00:00,43.98500061035156,44.0,43.97999954223633,43.97999954223633,135567
2025-08-28 19:45:00+00:00,43.94499969482422,43.994998931884766,43.930999755859375,43.98500061035156,218476
2025-08-28 19:50:00+00:00,43.96500015258789,43.970001220703125,43.90999984741211,43.94499969482422,329784
2025-08-28 19:55:00+00:00,43.939998626708984,44.0,43.93000030517578,43.970001220703125,918816
2025-08-29 13:30:00+00:00,44.0,44.0,43.92499923706055,43.950199127197266,374649
2025-08-29 13:35:00+00:00,44.14350128173828,44.14350128173828,43.97999954223633,43.994998931884766,276167
2025-08-29 13:40:00+00:00,44.21500015258789,44.2400016784668,44.13999938964844,44.14500045776367,160235
2025-08-29 13:45:00+00:00,44.189998626708984,44.23500061035156,44.16999816894531,44.21500015258789,160228
2025-08-29 13:50:00+00:00,44.13990020751953,44.19609832763672,44.11669921875,44.1875,106110
2025-08-29 13:55:00+00:00,44.19499969482422,44.20000076293945,44.13999938964844,44.13999938964844,41295
2025-08-29 14:00:00+00:00,44.279998779296875,44.290000915527344,44.244998931884766,44.244998931884766,314639
2025-08-29 14:05:00+00:00,44.224700927734375,44.28580093383789,44.220001220703125,44.279998779296875,108718
2025-08-29 14:10:00+00:00,44.220001220703125,44.2400016784668,44.19269943237305,44.224998474121094,113973
2025-08-29 14:15:00+00:00,44.125,44.235801696777344,44.119998931884766,44.21500015258789,83254
2025-08-29 14:20:00+00:00,44.084999084472656,44.14500045776367,44.06999969482422,44.12699890136719,104653
2025-08-29 14:25:00+00:00,44.0546989440918,44.125,44.040000915527344,44.09000015258789,130772
2025-08-29 14:30:00+00:00,44.16999816894531,44.17499923706055,44.05500030517578,44.05500030517578,139973
2025-08-29 14:35:00+00:00,44.125,44.16999816894531,44.09519958496094,44.16999816894531,118353
2025-08-29 14:40:00+00:00,44.1349983215332,44.150001525878906,44.11000061035156,44.125,102424
2025-08-29 14:45:00+00:00,44.130001068115234,44.14649963378906,44.11000061035156,44.13999938964844,81559
2025-08-29 14:50:00+00:00,44.19499969482422,44.209999084472656,44.130001068115234,44.13460159301758,101470
2025-08-29 14:55:00+00:00,44.20752716064453,44.220001220703125,44.18159866333008,44.19499969482422,150854
2025-08-29 15:00:00+00:00,44.23500061035156,44.24509811401367,44.18000030517578,44.209999084472656,121035
2025-08-29 15:05:00+00:00,44.185001373291016,44.23500061035156,44.184600830078125,44.23500061035156,70775
2025-08-29 15:10:00+00:00,44.17499923706055,44.20000076293945,44.165000915527344,44.185001373291016,109074
2025-08-29 15:15:00+00:00,44.1349983215332,44.17499923706055,44.119998931884766,44.17499923706055,130105
2025-08-29 15:20:00+00:00,44.09510040283203,44.13759994506836,44.08000183105469,44.135799407958984,110461
2025-08-29 15:25:00+00:00,44.09000015258789,44.099998474121094,44.060001373291016,44.09349822998047,88368
2025-08-29 15:30:00+00:00,44.10499954223633,44.119998931884766,44.09000015258789,44.09000015258789,81783
2025-08-29 15:35:00+00:00,44.13650131225586,44.150001525878906,44.10499954223633,44.10499954223633,91595
2025-08-29 15:40:00+00:00,44.125,44.150001525878906,44.119998931884766,44.1349983215332,71672
2025-08-29 15:45:00+00:00,44.14500045776367,44.165000915527344,44.125,44.125,69781
2025-08-29 15:50:00+00:00,44.154998779296875,44.154998779296875,44.125,44.140098571777344,63510
2025-08-29 15:55:00+00:00,44.1515998840332,44.15999984741211,44.143798828125,44.15999984741211,58841
2025-08-29 16:00:00+00:00,44.15999984741211,44.165000915527344,44.1349983215332,44.150001525878906,78686
2025-08-29 16:05:00+00:00,44.14500045776367,44.167198181152344,44.140098571777344,44.165000915527344,66764
2025-08-29 16:10:00+00:00,44.10499954223633,44.150001525878906,44.099998474121094,44.150001525878906,55783
2025-08-29 16:15:00+00:00,44.04499816894531,44.10499954223633,44.029998779296875,44.10499954223633,116943
2025-08-29 16:20:00+00:00,44.064998626708984,44.064998626708984,44.02000045776367,44.04499816894531,107095
2025-08-29 16:25:00+00:00,44.07699966430664,44.09000015258789,44.04999923706055,44.064998626708984,140310
2025-08-29 16:30:00+00:00,44.119998931884766,44.119998931884766,44.0724983215332,44.07500076293945,76822
2025-08-29 16:35:00+00:00,44.13719940185547,44.13719940185547,44.11009979248047,44.1150016784668,92328
2025-08-29 16:40:00+00:00,44.11000061035156,44.13589859008789,44.09489822387695,44.13589859008789,102457
2025-08-29 16:45:00+00:00,44.106201171875,44.130001068115234,44.10350036621094,44.10499954223633,107735
2025-08-29 16:50:00+00:00,44.11000061035156,44.11650085449219,44.095001220703125,44.10499954223633,48159
2025-08-29 16:55:00+00:00,44.09989929199219,44.119998931884766,44.09000015258789,44.1150016784668,73308
2025-08-29 17:00:00+00:00,44.154998779296875,44.1599006652832,44.095001220703125,44.095001220703125,197227
2025-08-29 17:05:00+00:00,44.185001373291016,44.189998626708984,44.154998779296875,44.15763854980469,137014
2025-08-29 17:10:00+00:00,44.18000030517578,44.20000076293945,44.165000915527344,44.185001373291016,104470
2025-08-29 17:15:00+00:00,44.2400016784668,44.2400016784668,44.18009948730469,44.184898376464844,155054
2025-08-29 17:20:00+00:00,44.17499923706055,44.2400016784668,44.17020034790039,44.22999954223633,94348
2025-08-29 17:25:00+00:00,44.20159912109375,44.20500183105469,44.170101165771484,44.17499923706055,57595
2025-08-29 17:30:00+00:00,44.20500183105469,44.21500015258789,44.18000030517578,44.20000076293945,98518
2025-08-29 17:35:00+00:00,44.19260025024414,44.217201232910156,44.189998626708984,44.2057991027832,63419
2025-08-29 17:40:00+00:00,44.20539855957031,44.21799850463867,44.182498931884766,44.189998626708984,81975
2025-08-29 17:45:00+00:00,44.19499969482422,44.220001220703125,44.189998626708984,44.20500183105469,67590
2025-08-29 17:50:00+00:00,44.17499923706055,44.20000076293945,44.17250061035156,44.19499969482422,53071
2025-08-29 17:55:00+00:00,44.165000915527344,44.18000030517578,44.165000915527344,44.16999816894531,68128
2025-08-29 18:00:00+00:00,44.16999816894531,44.19649887084961,44.150001525878906,44.165000915527344,97373
2025-08-29 18:05:00+00:00,44.14500045776367,44.1766471862793,44.13999938964844,44.17660140991211,51068
2025-08-29 18:10:00+00:00,44.12990188598633,44.154998779296875,44.1150016784668,44.140098571777344,104093
2025-08-29 18:15:00+00:00,44.154998779296875,44.15999984741211,44.125,44.125,99662
2025-08-29 18:20:00+00:00,44.185001373291016,44.209999084472656,44.154998779296875,44.154998779296875,161840
2025-08-29 18:25:00+00:00,44.185001373291016,44.20000076293945,44.17449951171875,44.185001373291016,120636
2025-08-29 18:30:00+00:00,44.18000030517578,44.189998626708984,44.16999816894531,44.185001373291016,61816
2025-08-29 18:35:00+00:00,44.17499923706055,44.186798095703125,44.16999816894531,44.17499923706055,68298
2025-08-29 18:40:00+00:00,44.185001373291016,44.189998626708984,44.16999816894531,44.17499923706055,113132
2025-08-29 18:45:00+00:00,44.220001220703125,44.22999954223633,44.18000030517578,44.18000030517578,108072
2025-08-29 18:50:00+00:00,44.20500183105469,44.224998474121094,44.20000076293945,44.224998474121094,124950
2025-08-29 18:55:00+00:00,44.189998626708984,44.20719909667969,44.16999816894531,44.20500183105469,127654
2025-08-29 19:00:00+00:00,44.2239990234375,44.224998474121094,44.165000915527344,44.185001373291016,154282
2025-08-29 19:05:00+00:00,44.23500061035156,44.25,44.222801208496094,44.22999954223633,122086
2025-08-29 19:10:00+00:00,44.23500061035156,44.25,44.22999954223633,44.234798431396484,100229
2025-08-29 19:15:00+00:00,44.220001220703125,44.2400016784668,44.220001220703125,44.22999954223633,94389
2025-08-29 19:20:00+00:00,44.244998931884766,44.244998931884766,44.220001220703125,44.2224006652832,118135
2025-08-29 19:25:00+00:00,44.244998931884766,44.25,44.22999954223633,44.244998931884766,116352
2025-08-29 19:30:00+00:00,44.20500183105469,44.25,44.20000076293945,44.244998931884766,228576
2025-08-29 19:35:00+00:00,44.185001373291016,44.20719909667969,44.154998779296875,44.20719909667969,425609
2025-08-29 19:40:00+00:00,44.154998779296875,44.189998626708984,44.13999938964844,44.189998626708984,199235
2025-08-29 19:45:00+00:00,44.130001068115234,44.18000030517578,44.130001068115234,44.154998779296875,278296
2025-08-29 19:50:00+00:00,44.165000915527344,44.1875,44.13750076293945,44.13750076293945,508682
2025-08-29 19:55:00+00:00,44.25,44.27000045776367,44.15999984741211,44.16999816894531,1429353
2025-09-02 13:30:00+00:00,44.380001068115234,44.459999084472656,44.15999984741211,44.15999984741211,1130732
2025-09-02 13:35:00+00:00,44.28459930419922,44.41999816894531,44.19499969482422,44.3849983215332,391040
2025-09-02 13:40:00+00:00,44.244998931884766,44.279998779296875,44.150001525878906,44.27000045776367,274192
2025-09-02 13:45:00+00:00,44.29999923706055,44.30839920043945,44.16999816894531,44.244998931884766,238446
2025-09-02 13:50:00+00:00,44.32500076293945,44.345001220703125,44.224998474121094,44.29999923706055,288608
2025-09-02 13:55:00+00:00,44.32500076293945,44.36989974975586,44.29999923706055,44.33000183105469,203099
2025-09-02 14:00:00+00:00,44.404998779296875,44.415000915527344,44.310001373291016,44.31999969482422,179701
2025-09-02 14:05:00+00:00,44.45500183105469,44.47999954223633,44.400001525878906,44.404998779296875,246283
2025-09-02 14:10:00+00:00,44.345001220703125,44.459999084472656,44.32500076293945,44.45500183105469,272515
2025-09-02 14:15:00+00:00,44.26499938964844,44.369998931884766,44.2400016784668,44.349998474121094,220631
2025-09-02 14:20:00+00:00,44.18709945678711,44.25,44.18000030517578,44.224998474121094,199461
2025-09-02 14:25:00+00:00,44.185001373291016,44.20000076293945,44.154998779296875,44.185001373291016,156095
2025-09-02 14:30:00+00:00,44.22209930419922,44.224998474121094,44.18000030517578,44.185001373291016,147450
2025-09-02 14:35:00+00:00,44.17499923706055,44.224998474121094,44.15999984741211,44.224998474121094,179600
2025-09-02 14:40:00+00:00,44.154998779296875,44.209999084472656,44.150001525878906,44.16999816894531,114782
2025-09-02 14:45:00+00:00,44.224998474121094,44.22999954223633,44.144798278808594,44.154998779296875,128185
2025-09-02 14:50:00+00:00,44.193199157714844,44.22999954223633,44.16999816894531,44.224998474121094,162093
2025-09-02 14:55:00+00:00,44.09000015258789,44.20000076293945,44.084999084472656,44.189998626708984,186752
2025-09-02 15:00:00+00:00,44.1150016784668,44.119998931884766,44.064998626708984,44.08000183105469,148455
2025-09-02 15:05:00+00:00,44.06999969482422,44.11989974975586,44.060001373291016,44.1150016784668,123940
2025-09-02 15:10:00+00:00,44.064998626708984,44.06999969482422,44.040000915527344,44.06999969482422,105480
2025-09-02 15:15:00+00:00,44.025001525878906,44.09000015258789,44.025001525878906,44.064998626708984,186661
2025-09-02 15:20:00+00:00,43.942100524902344,44.02539825439453,43.939998626708984,44.025001525878906,224283
2025-09-02 15:25:00+00:00,43.915000915527344,43.94559860229492,43.900001525878906,43.94559860229492,191837
2025-09-02 15:30:00+00:00,43.900001525878906,43.93000030517578,43.8849983215332,43.915000915527344,280813
2025-09-02 15:35:00+00:00,43.8650016784668,43.91999816894531,43.86000061035156,43.900001525878906,302908
2025-09-02 15:40:00+00:00,43.91350173950195,43.939998626708984,43.86970138549805,43.86970138549805,158120
2025-09-02 15:45:00+00:00,43.90999984741211,43.94990158081055,43.904998779296875,43.90999984741211,96910
2025-09-02 15:50:00+00:00,43.935001373291016,43.959999084472656,43.904998779296875,43.904998779296875,159514
2025-09-02 15:55:00+00:00,43.915000915527344,43.95000076293945,43.90999984741211,43.939998626708984,72191
2025-09-02 16:00:00+00:00,43.85499954223633,43.91999816894531,43.83000183105469,43.915000915527344,143868
2025-09-02 16:05:00+00:00,43.915000915527344,43.915000915527344,43.834999084472656,43.85499954223633,123812
2025-09-02 16:10:00+00:00,43.94499969482422,43.95500183105469,43.880001068115234,43.910099029541016,149868
2025-09-02 16:15:00+00:00,43.89500045776367,43.959999084472656,43.88999938964844,43.94499969482422,122357
2025-09-02 16:20:00+00:00,43.8849983215332,43.915000915527344,43.869998931884766,43.89500045776367,90039
2025-09-02 16:25:00+00:00,43.875,43.900001525878906,43.849998474121094,43.88460159301758,91585
2025-09-02 16:30:00+00:00,43.880001068115234,43.915000915527344,43.86009979248047,43.875,301350
2025-09-02 16:35:00+00:00,43.8650016784668,43.88999938964844,43.849998474121094,43.88650131225586,193527
2025-09-02 16:40:00+00:00,43.84000015258789,43.869998931884766,43.82500076293945,43.8650016784668,133424
2025-09-02 16:45:00+00:00,43.814998626708984,43.849998474121094,43.79999923706055,43.834999084472656,159496
2025-09-02 16:50:00+00:00,43.810001373291016,43.86000061035156,43.810001373291016,43.814998626708984,135711
2025-09-02 16:55:00+00:00,43.83000183105469,43.83000183105469,43.790000915527344,43.810001373291016,116774
2025-09-02 17:00:00+00:00,43.80500030517578,43.845001220703125,43.79010009765625,43.827301025390625,116302
2025-09-02 17:05:00+00:00,43.810001373291016,43.81999969482422,43.79999923706055,43.79999923706055,83459
2025-09-02 17:10:00+00:00,43.810001373291016,43.83000183105469,43.810001373291016,43.814998626708984,115149
2025-09-02 17:15:00+00:00,43.79999923706055,43.83000183105469,43.79999923706055,43.810001373291016,130906
2025-09-02 17:20:00+00:00,43.78990173339844,43.80500030517578,43.7599983215332,43.80500030517578,122807
2025-09-02 17:25:00+00:00,43.779998779296875,43.81999969482422,43.779998779296875,43.790000915527344,104762
2025-09-02 17:30:00+00:00,43.81460189819336,43.81999969482422,43.779998779296875,43.779998779296875,95197
2025-09-02 17:35:00+00:00,43.79499816894531,43.81999969482422,43.790000915527344,43.81999969482422,150214
2025-09-02 17:40:00+00:00,43.83000183105469,43.84000015258789,43.79499816894531,43.79499816894531,106053
2025-09-02 17:45:00+00:00,43.845001220703125,43.849998474121094,43.83000183105469,43.834999084472656,94060
2025-09-02 17:50:00+00:00,43.81999969482422,43.869998931884766,43.81999969482422,43.845001220703125,184906
2025-09-02 17:55:00+00:00,43.83000183105469,43.845001220703125,43.820098876953125,43.83000183105469,79366
2025-09-02 18:00:00+00:00,43.775001525878906,43.84000015258789,43.77000045776367,43.83000183105469,150140
2025-09-02 18:05:00+00:00,43.76499938964844,43.77989959716797,43.7599983215332,43.77830123901367,98741
2025-09-02 18:10:00+00:00,43.78499984741211,43.78499984741211,43.755001068115234,43.76499938964844,135880
2025-09-02 18:15:00+00:00,43.78499984741211,43.79719924926758,43.77000045776367,43.790000915527344,117979
2025-09-02 18:20:00+00:00,43.80500030517578,43.810001373291016,43.779998779296875,43.790000915527344,87261
2025-09-02 18:25:00+00:00,43.814998626708984,43.81999969482422,43.779998779296875,43.79999923706055,129490
2025-09-02 18:30:00+00:00,43.79499816894531,43.83000183105469,43.79499816894531,43.810001373291016,130634
2025-09-02 18:35:00+00:00,43.76499938964844,43.79999923706055,43.7599983215332,43.79499816894531,107710
2025-09-02 18:40:00+00:00,43.744998931884766,43.76649856567383,43.7234992980957,43.7599983215332,199423
2025-09-02 18:45:00+00:00,43.764198303222656,43.790000915527344,43.7400016784668,43.744998931884766,113740
2025-09-02 18:50:00+00:00,43.75,43.77000045776367,43.720001220703125,43.76499938964844,243034
2025-09-02 18:55:00+00:00,43.709999084472656,43.75,43.709999084472656,43.744998931884766,135341
2025-09-02 19:00:00+00:00,43.625,43.71989822387695,43.619998931884766,43.709999084472656,419926
2025-09-02 19:05:00+00:00,43.595001220703125,43.63990020751953,43.59000015258789,43.625,163316
2025-09-02 19:10:00+00:00,43.595001220703125,43.599998474121094,43.56999969482422,43.595001220703125,207840
2025-09-02 19:15:00+00:00,43.609901428222656,43.61000061035156,43.56290054321289,43.595001220703125,235191
2025-09-02 19:20:00+00:00,43.54999923706055,43.61000061035156,43.54999923706055,43.60499954223633,210175
2025-09-02 19:25:00+00:00,43.564998626708984,43.58000183105469,43.51350021362305,43.55500030517578,404052
2025-09-02 19:30:00+00:00,43.584999084472656,43.599998474121094,43.529998779296875,43.565399169921875,267004
2025-09-02 19:35:00+00:00,43.60499954223633,43.650001525878906,43.58000183105469,43.58000183105469,366311
2025-09-02 19:40:00+00:00,43.627201080322266,43.63999938964844,43.599998474121094,43.599998474121094,365493
2025-09-02 19:45:00+00:00,43.73500061035156,43.7599983215332,43.625,43.630001068115234,473075
2025-09-02 19:50:00+00:00,43.814998626708984,43.849998474121094,43.73500061035156,43.7400016784668,851682
2025-09-02 19:55:00+00:00,43.79999923706055,43.83000183105469,43.720001220703125,43.814998626708984,1514280
2025-09-03 13:30:00+00:00,43.45000076293945,43.619998931884766,43.369998931884766,43.5,1001747
2025-09-03 13:35:00+00:00,43.29999923706055,43.529998779296875,43.290000915527344,43.439998626708984,588034
2025-09-03 13:40:00+00:00,42.974998474121094,43.334999084472656,42.91999816894531,43.310001373291016,863220
2025-09-03 13:45:00+00:00,42.97999954223633,43.0,42.880001068115234,42.97999954223633,614912
2025-09-03 13:50:00+00:00,43.1349983215332,43.209999084472656,42.98500061035156,42.98500061035156,711244
2025-09-03 13:55:00+00:00,43.25,43.27000045776367,43.12459945678711,43.1349983215332,343022
2025-09-03 14:00:00+00:00,43.29499816894531,43.345001220703125,43.22999954223633,43.255001068115234,510937
2025-09-03 14:05:00+00:00,43.369998931884766,43.40999984741211,43.279998779296875,43.29499816894531,356406
2025-09-03 14:10:00+00:00,43.275001525878906,43.38999938964844,43.255001068115234,43.3650016784668,342866
2025-09-03 14:15:00+00:00,43.310001373291016,43.31990051269531,43.2599983215332,43.275001525878906,217523
2025-09-03 14:20:00+00:00,43.314998626708984,43.380001068115234,43.290000915527344,43.314998626708984,202088
2025-09-03 14:25:00+00:00,43.29499816894531,43.334999084472656,43.25,43.31570053100586,166519
2025-09-03 14:30:00+00:00,43.26499938964844,43.29999923706055,43.2400016784668,43.29650115966797,136017
2025-09-03 14:35:00+00:00,43.28499984741211,43.290000915527344,43.224998474121094,43.2599983215332,241830
2025-09-03 14:40:00+00:00,43.224998474121094,43.31999969482422,43.220001220703125,43.28499984741211,671463
2025-09-03 14:45:00+00:00,43.32500076293945,43.349998474121094,43.220001220703125,43.22489929199219,393766
2025-09-03 14:50:00+00:00,43.349998474121094,43.380001068115234,43.310001373291016,43.32500076293945,241370
2025-09-03 14:55:00+00:00,43.26499938964844,43.35499954223633,43.2599983215332,43.35499954223633,195737
2025-09-03 15:00:00+00:00,43.34000015258789,43.349998474121094,43.26499938964844,43.26499938964844,150094
2025-09-03 15:05:00+00:00,43.32500076293945,43.380001068115234,43.31999969482422,43.345001220703125,206617
2025-09-03 15:10:00+00:00,43.3650016784668,43.380001068115234,43.31999969482422,43.32500076293945,359867
2025-09-03 15:15:00+00:00,43.39500045776367,43.400001525878906,43.33000183105469,43.36000061035156,128315
2025-09-03 15:20:00+00:00,43.400001525878906,43.42570114135742,43.369998931884766,43.400001525878906,167190
2025-09-03 15:25:00+00:00,43.44499969482422,43.44499969482422,43.400001525878906,43.404998779296875,153837
2025-09-03 15:30:00+00:00,43.46149826049805,43.494998931884766,43.439998626708984,43.44499969482422,173108
2025-09-03 15:35:00+00:00,43.5,43.5,43.44499969482422,43.462799072265625,158055
2025-09-03 15:40:00+00:00,43.45539855957031,43.5099983215332,43.424598693847656,43.494998931884766,204478
2025-09-03 15:45:00+00:00,43.41999816894531,43.4567985534668,43.415000915527344,43.45000076293945,156747
2025-09-03 15:50:00+00:00,43.3213996887207,43.439998626708984,43.31999969482422,43.415000915527344,117665
2025-09-03 15:55:00+00:00,43.314998626708984,43.334999084472656,43.30500030517578,43.32500076293945,74722
2025-09-03 16:00:00+00:00,43.314998626708984,43.32720184326172,43.290000915527344,43.310001373291016,140608
2025-09-03 16:05:00+00:00,43.29819869995117,43.31999969482422,43.255001068115234,43.315101623535156,143952
2025-09-03 16:10:00+00:00,43.34749984741211,43.349998474121094,43.297698974609375,43.29999923706055,87817
2025-09-03 16:15:00+00:00,43.400001525878906,43.400001525878906,43.32350158691406,43.349998474121094,210384
2025-09-03 16:20:00+00:00,43.404998779296875,43.41999816894531,43.38999938964844,43.400001525878906,113743
2025-09-03 16:25:00+00:00,43.404998779296875,43.459999084472656,43.404998779296875,43.40999984741211,162576
2025-09-03 16:30:00+00:00,43.435001373291016,43.439998626708984,43.3849983215332,43.404998779296875,94387
2025-09-03 16:35:00+00:00,43.4900016784668,43.4900016784668,43.43119812011719,43.435001373291016,91342
2025-09-03 16:40:00+00:00,43.5,43.538299560546875,43.48460006713867,43.4900016784668,109782
2025-09-03 16:45:00+00:00,43.494998931884766,43.5099983215332,43.470298767089844,43.4900016784668,86883
2025-09-03 16:50:00+00:00,43.51499938964844,43.529998779296875,43.4900016784668,43.4900016784668,78522
2025-09-03 16:55:00+00:00,43.40999984741211,43.52510070800781,43.404998779296875,43.515899658203125,193865
2025-09-03 17:00:00+00:00,43.404998779296875,43.41999816894531,43.38349914550781,43.41999816894531,106961
2025-09-03 17:05:00+00:00,43.44499969482422,43.45000076293945,43.38999938964844,43.400001525878906,158001
2025-09-03 17:10:00+00:00,43.45240020751953,43.470001220703125,43.44169998168945,43.44499969482422,70782
2025-09-03 17:15:00+00:00,43.46500015258789,43.48540115356445,43.43000030517578,43.45500183105469,161378
2025-09-03 17:20:00+00:00,43.494998931884766,43.5099983215332,43.459999084472656,43.46500015258789,85866
2025-09-03 17:25:00+00:00,43.505001068115234,43.5099983215332,43.48500061035156,43.4900016784668,104479
2025-09-03 17:30:00+00:00,43.470001220703125,43.5099983215332,43.470001220703125,43.505001068115234,117447
2025-09-03 17:35:00+00:00,43.44499969482422,43.46860122680664,43.439998626708984,43.46500015258789,58977
2025-09-03 17:40:00+00:00,43.44499969482422,43.459999084472656,43.435001373291016,43.439998626708984,79529
2025-09-03 17:45:00+00:00,43.42499923706055,43.470001220703125,43.42179870605469,43.439998626708984,95546
2025-09-03 17:50:00+00:00,43.40999984741211,43.44499969482422,43.40999984741211,43.42499923706055,62873
2025-09-03 17:55:00+00:00,43.439998626708984,43.439998626708984,43.381900787353516,43.40999984741211,88334
2025-09-03 18:00:00+00:00,43.46500015258789,43.470001220703125,43.434200286865234,43.435001373291016,102669
2025-09-03 18:05:00+00:00,43.48500061035156,43.505001068115234,43.46369934082031,43.470001220703125,93300
2025-09-03 18:10:00+00:00,43.50749969482422,43.5099983215332,43.47999954223633,43.48500061035156,73545
2025-09-03 18:15:00+00:00,43.505001068115234,43.529998779296875,43.5,43.505001068115234,176392
2025-09-03 18:20:00+00:00,43.56999969482422,43.56999969482422,43.4900016784668,43.5,96795
2025-09-03 18:25:00+00:00,43.57500076293945,43.59000015258789,43.560001373291016,43.56999969482422,99485
2025-09-03 18:30:00+00:00,43.59989929199219,43.599998474121094,43.56999969482422,43.56999969482422,87385
2025-09-03 18:35:00+00:00,43.60499954223633,43.619998931884766,43.5900993347168,43.595001220703125,93463
2025-09-03 18:40:00+00:00,43.607200622558594,43.619998931884766,43.59000015258789,43.60499954223633,98148
2025-09-03 18:45:00+00:00,43.595001220703125,43.630001068115234,43.58000183105469,43.60499954223633,94328
2025-09-03 18:50:00+00:00,43.625,43.64540100097656,43.59189987182617,43.599998474121094,157097
2025-09-03 18:55:00+00:00,43.583099365234375,43.625,43.564998626708984,43.625,94516
2025-09-03 19:00:00+00:00,43.6150016784668,43.619998931884766,43.56999969482422,43.59000015258789,107984
2025-09-03 19:05:00+00:00,43.64500045776367,43.64500045776367,43.595001220703125,43.619998931884766,151594
2025-09-03 19:10:00+00:00,43.6598014831543,43.65999984741211,43.63999938964844,43.64500045776367,152681
2025-09-03 19:15:00+00:00,43.619998931884766,43.678199768066406,43.619998931884766,43.65999984741211,151220
2025-09-03 19:20:00+00:00,43.580101013183594,43.625,43.58000183105469,43.625,131535
2025-09-03 19:25:00+00:00,43.584999084472656,43.595401763916016,43.57149887084961,43.58649826049805,119120
2025-09-03 19:30:00+00:00,43.59000015258789,43.59510040283203,43.560001373291016,43.59000015258789,152312
2025-09-03 19:35:00+00:00,43.635101318359375,43.635101318359375,43.584999084472656,43.59000015258789,148222
2025-09-03 19:40:00+00:00,43.6349983215332,43.65999984741211,43.619998931884766,43.6349983215332,191341
2025-09-03 19:45:00+00:00,43.650001525878906,43.65999984741211,43.619998931884766,43.6349983215332,298787
2025-09-03 19:50:00+00:00,43.665000915527344,43.685001373291016,43.64500045776367,43.650001525878906,435343
2025-09-03 19:55:00+00:00,43.7400016784668,43.7400016784668,43.665000915527344,43.66999816894531,1552162
2025-09-04 13:30:00+00:00,44.060001373291016,44.18000030517578,43.93000030517578,44.06999969482422,824355
2025-09-04 13:35:00+00:00,44.14500045776367,44.150001525878906,44.02000045776367,44.060001373291016,212399
2025-09-04 13:40:00+00:00,44.279998779296875,44.33000183105469,44.14500045776367,44.14500045776367,374905
2025-09-04 13:45:00+00:00,44.35499954223633,44.41999816894531,44.290000915527344,44.290000915527344,492246
2025-09-04 13:50:00+00:00,44.30500030517578,44.36539840698242,44.185001373291016,44.35499954223633,249546
2025-09-04 13:55:00+00:00,44.255001068115234,44.34000015258789,44.2400016784668,44.30500030517578,152032
2025-09-04 14:00:00+00:00,44.369998931884766,44.37990188598633,44.25,44.2599983215332,181937
2025-09-04 14:05:00+00:00,44.279998779296875,44.380001068115234,44.2599983215332,44.3650016784668,117927
2025-09-04 14:10:00+00:00,44.23500061035156,44.275001525878906,44.220001220703125,44.27000045776367,173557
2025-09-04 14:15:00+00:00,44.202999114990234,44.255001068115234,44.19499969482422,44.22999954223633,129466
2025-09-04 14:20:00+00:00,44.15999984741211,44.21839904785156,44.14419937133789,44.20500183105469,165680
2025-09-04 14:25:00+00:00,44.17499923706055,44.18000030517578,44.14419937133789,44.167198181152344,101218
2025-09-04 14:30:00+00:00,44.13999938964844,44.20000076293945,44.13309860229492,44.18000030517578,151199
2025-09-04 14:35:00+00:00,44.03499984741211,44.14500045776367,44.03499984741211,44.1349983215332,136841
2025-09-04 14:40:00+00:00,44.15999984741211,44.16999816894531,44.029998779296875,44.040000915527344,155866
2025-09-04 14:45:00+00:00,44.220001220703125,44.27000045776367,44.16999816894531,44.16999816894531,197082
2025-09-04 14:50:00+00:00,44.16999816894531,44.2400016784668,44.16999816894531,44.21500015258789,113034
2025-09-04 14:55:00+00:00,44.224998474121094,44.22999954223633,44.16999816894531,44.16999816894531,103897
2025-09-04 15:00:00+00:00,44.26499938964844,44.27000045776367,44.20000076293945,44.224998474121094,187603
2025-09-04 15:05:00+00:00,44.29999923706055,44.33000183105469,44.244998931884766,44.26530075073242,207675
2025-09-04 15:10:00+00:00,44.31829833984375,44.334999084472656,44.279998779296875,44.29999923706055,179479
2025-09-04 15:15:00+00:00,44.26499938964844,44.31999969482422,44.26499938964844,44.31999969482422,98482
2025-09-04 15:20:00+00:00,44.28499984741211,44.290000915527344,44.24449920654297,44.269901275634766,85483
2025-09-04 15:25:00+00:00,44.26499938964844,44.310001373291016,44.2599983215332,44.290000915527344,187951
2025-09-04 15:30:00+00:00,44.30030059814453,44.31999969482422,44.2599983215332,44.26499938964844,165187
2025-09-04 15:35:00+00:00,44.257198333740234,44.31999969482422,44.25,44.30500030517578,82219
2025-09-04 15:40:00+00:00,44.20500183105469,44.28499984741211,44.189998626708984,44.25,142064
2025-09-04 15:45:00+00:00,44.255001068115234,44.2599983215332,44.189998626708984,44.20500183105469,153859
2025-09-04 15:50:00+00:00,44.25,44.2599983215332,44.220001220703125,44.255001068115234,99248
2025-09-04 15:55:00+00:00,44.22999954223633,44.290000915527344,44.22999954223633,44.244998931884766,158525
2025-09-04 16:00:00+00:00,44.23500061035156,44.28990173339844,44.22999954223633,44.23500061035156,92720
2025-09-04 16:05:00+00:00,44.209999084472656,44.236698150634766,44.20000076293945,44.22999954223633,54351
2025-09-04 16:10:00+00:00,44.20000076293945,44.220001220703125,44.15999984741211,44.209999084472656,120091
2025-09-04 16:15:00+00:00,44.15999984741211,44.20500183105469,44.150001525878906,44.20500183105469,96329
2025-09-04 16:20:00+00:00,44.13999938964844,44.17499923706055,44.13010025024414,44.15999984741211,96201
2025-09-04 16:25:00+00:00,44.185001373291016,44.18989944458008,44.130001068115234,44.14500045776367,83278
2025-09-04 16:30:00+00:00,44.130001068115234,44.19499969482422,44.130001068115234,44.189998626708984,75169
2025-09-04 16:35:00+00:00,44.080101013183594,44.1349983215332,44.06999969482422,44.130001068115234,107600
2025-09-04 16:40:00+00:00,44.08000183105469,44.095001220703125,44.040000915527344,44.084999084472656,85073
2025-09-04 16:45:00+00:00,44.05500030517578,44.08000183105469,44.04999923706055,44.06999969482422,60778
2025-09-04 16:50:00+00:00,44.084999084472656,44.09000015258789,44.04499816894531,44.060001373291016,82310
2025-09-04 16:55:00+00:00,44.13719940185547,44.13999938964844,44.084999084472656,44.09000015258789,98540
2025-09-04 17:00:00+00:00,44.10499954223633,44.1349983215332,44.099998474121094,44.1349983215332,74326
2025-09-04 17:05:00+00:00,44.119998931884766,44.1349983215332,44.09000015258789,44.10459899902344,73591
2025-09-04 17:10:00+00:00,44.1349983215332,44.1349983215332,44.11000061035156,44.125,72294
2025-09-04 17:15:00+00:00,44.141700744628906,44.15999984741211,44.130001068115234,44.1349983215332,54555
2025-09-04 17:20:00+00:00,44.185001373291016,44.189998626708984,44.13999938964844,44.13999938964844,71324
2025-09-04 17:25:00+00:00,44.17499923706055,44.20000076293945,44.174598693847656,44.185001373291016,52626
2025-09-04 17:30:00+00:00,44.185001373291016,44.189998626708984,44.16999816894531,44.17499923706055,49827
2025-09-04 17:35:00+00:00,44.19649887084961,44.209999084472656,44.16999816894531,44.189998626708984,84230
2025-09-04 17:40:00+00:00,44.206600189208984,44.21500015258789,44.19459915161133,44.20000076293945,57863
2025-09-04 17:45:00+00:00,44.19990158081055,44.209999084472656,44.18280029296875,44.20000076293945,51813
2025-09-04 17:50:00+00:00,44.244998931884766,44.255001068115234,44.19499969482422,44.19499969482422,53361
2025-09-04 17:55:00+00:00,44.21659851074219,44.25,44.209999084472656,44.25,53437
2025-09-04 18:00:00+00:00,44.150001525878906,44.22999954223633,44.119998931884766,44.209999084472656,135742
2025-09-04 18:05:00+00:00,44.19499969482422,44.20000076293945,44.14500045776367,44.14500045776367,51453
2025-09-04 18:10:00+00:00,44.19169998168945,44.224998474121094,44.18000030517578,44.19499969482422,69372
2025-09-04 18:15:00+00:00,44.189998626708984,44.20000076293945,44.15999984741211,44.20000076293945,126060
2025-09-04 18:20:00+00:00,44.20000076293945,44.239898681640625,44.18000030517578,44.185001373291016,210761
2025-09-04 18:25:00+00:00,44.21500015258789,44.220001220703125,44.192901611328125,44.20989990234375,70175
2025-09-04 18:30:00+00:00,44.189998626708984,44.21989822387695,44.185001373291016,44.21989822387695,144636
2025-09-04 18:35:00+00:00,44.15999984741211,44.19649887084961,44.15999984741211,44.18349838256836,57557
2025-09-04 18:40:00+00:00,44.185001373291016,44.19499969482422,44.154998779296875,44.15999984741211,72481
2025-09-04 18:45:00+00:00,44.19499969482422,44.20000076293945,44.16999816894531,44.18000030517578,86065
2025-09-04 18:50:00+00:00,44.185001373291016,44.20500183105469,44.16999816894531,44.20000076293945,124462
2025-09-04 18:55:00+00:00,44.17499923706055,44.189998626708984,44.150001525878906,44.18000030517578,98558
2025-09-04 19:00:00+00:00,44.19770050048828,44.209999084472656,44.16999816894531,44.1775016784668,117093
2025-09-04 19:05:00+00:00,44.220001220703125,44.22999954223633,44.20000076293945,44.20000076293945,141646
2025-09-04 19:10:00+00:00,44.21500015258789,44.224998474121094,44.173099517822266,44.220001220703125,85893
2025-09-04 19:15:00+00:00,44.19499969482422,44.2400016784668,44.189998626708984,44.220001220703125,100329
2025-09-04 19:20:00+00:00,44.19499969482422,44.20000076293945,44.16999816894531,44.19499969482422,94568
2025-09-04 19:25:00+00:00,44.12580108642578,44.20000076293945,44.119998931884766,44.196998596191406,212153
2025-09-04 19:30:00+00:00,44.125,44.150001525878906,44.10499954223633,44.125,174853
2025-09-04 19:35:00+00:00,44.1349983215332,44.150001525878906,44.119998931884766,44.125,126523
2025-09-04 19:40:00+00:00,44.165000915527344,44.17499923706055,44.119998931884766,44.130001068115234,199537
2025-09-04 19:45:00+00:00,44.14500045776367,44.16999816894531,44.119998931884766,44.16669845581055,222580
2025-09-04 19:50:00+00:00,44.165000915527344,44.185001373291016,44.130001068115234,44.150001525878906,414458
2025-09-04 19:55:00+00:00,44.15999984741211,44.16999816894531,44.130001068115234,44.165000915527344,960099
2025-09-05 13:30:00+00:00,44.20000076293945,44.20000076293945,44.024200439453125,44.099998474121094,651986
2025-09-05 13:35:00+00:00,44.28499984741211,44.31999969482422,44.11000061035156,44.20000076293945,293319
2025-09-05 13:40:00+00:00,44.168399810791016,44.28499984741211,44.10499954223633,44.279998779296875,202296
2025-09-05 13:45:00+00:00,44.224998474121094,44.25,44.150001525878906,44.22999954223633,194305
2025-09-05 13:50:00+00:00,44.209999084472656,44.27000045776367,44.18000030517578,44.22999954223633,126471
2025-09-05 13:55:00+00:00,44.29999923706055,44.29999923706055,44.16999816894531,44.20000076293945,204717
2025-09-05 14:00:00+00:00,44.349998474121094,44.40999984741211,44.29499816894531,44.29999923706055,259698
2025-09-05 14:05:00+00:00,44.375,44.470001220703125,44.349998474121094,44.349998474121094,136997
2025-09-05 14:10:00+00:00,44.404998779296875,44.404998779296875,44.32500076293945,44.372501373291016,148778
2025-09-05 14:15:00+00:00,44.380001068115234,44.41999816894531,44.34000015258789,44.41999816894531,112815
2025-09-05 14:20:00+00:00,44.334999084472656,44.369998931884766,44.290000915527344,44.369998931884766,134590
2025-09-05 14:25:00+00:00,44.29499816894531,44.34000015258789,44.25,44.334999084472656,153976
2025-09-05 14:30:00+00:00,44.21500015258789,44.29999923706055,44.20000076293945,44.29499816894531,131607
2025-09-05 14:35:00+00:00,44.15589904785156,44.209999084472656,44.11000061035156,44.209999084472656,147331
2025-09-05 14:40:00+00:00,44.16999816894531,44.199798583984375,44.150001525878906,44.15019989013672,97285
2025-09-05 14:45:00+00:00,44.16999816894531,44.218101501464844,44.165000915527344,44.18000030517578,113325
2025-09-05 14:50:00+00:00,44.084999084472656,44.186798095703125,44.06999969482422,44.17499923706055,125565
2025-09-05 14:55:00+00:00,44.150001525878906,44.150001525878906,44.07500076293945,44.084999084472656,130699
2025-09-05 15:00:00+00:00,44.19160079956055,44.20000076293945,44.119998931884766,44.13999938964844,146086
2025-09-05 15:05:00+00:00,44.119998931884766,44.20000076293945,44.099998474121094,44.19499969482422,120471
2025-09-05 15:10:00+00:00,44.11180114746094,44.15650177001953,44.11000061035156,44.119998931884766,97810
2025-09-05 15:15:00+00:00,44.13999938964844,44.150001525878906,44.10499954223633,44.11000061035156,184296
2025-09-05 15:20:00+00:00,44.21500015258789,44.22999954223633,44.125,44.14500045776367,151887
2025-09-05 15:25:00+00:00,44.206600189208984,44.21500015258789,44.150001525878906,44.21500015258789,170638
2025-09-05 15:30:00+00:00,44.189998626708984,44.217498779296875,44.165000915527344,44.20500183105469,111485
2025-09-05 15:35:00+00:00,44.14500045776367,44.224998474121094,44.13999938964844,44.189998626708984,180768
2025-09-05 15:40:00+00:00,44.17499923706055,44.189998626708984,44.14500045776367,44.150001525878906,113368
2025-09-05 15:45:00+00:00,44.17499923706055,44.20000076293945,44.16400146484375,44.17499923706055,119183
2025-09-05 15:50:00+00:00,44.18000030517578,44.190101623535156,44.15999984741211,44.17580032348633,101037
2025-09-05 15:55:00+00:00,44.154998779296875,44.17499923706055,44.10499954223633,44.17499923706055,130069
2025-09-05 16:00:00+00:00,44.19499969482422,44.20000076293945,44.150001525878906,44.154998779296875,81752
2025-09-05 16:05:00+00:00,44.18989944458008,44.209999084472656,44.16999816894531,44.19490051269531,68536
2025-09-05 16:10:00+00:00,44.160099029541016,44.19499969482422,44.15999984741211,44.189998626708984,76984
2025-09-05 16:15:00+00:00,44.13999938964844,44.16999816894531,44.11000061035156,44.165000915527344,79586
2025-09-05 16:20:00+00:00,44.119998931884766,44.154998779296875,44.103599548339844,44.1349983215332,82559
2025-09-05 16:25:00+00:00,44.1349983215332,44.13999938964844,44.11000061035156,44.125,65332
2025-09-05 16:30:00+00:00,44.13990020751953,44.15999984741211,44.11000061035156,44.13999938964844,76762
2025-09-05 16:35:00+00:00,44.095001220703125,44.15999984741211,44.080101013183594,44.1349983215332,113314
2025-09-05 16:40:00+00:00,44.14500045776367,44.14500045776367,44.09000015258789,44.09000015258789,63500
2025-09-05 16:45:00+00:00,44.10499954223633,44.16999816894531,44.099998474121094,44.150001525878906,105573
2025-09-05 16:50:00+00:00,44.13999938964844,44.14500045776367,44.099998474121094,44.11000061035156,55735
2025-09-05 16:55:00+00:00,44.12689971923828,44.14500045776367,44.119998931884766,44.14500045776367,57194
2025-09-05 17:00:00+00:00,44.1150016784668,44.13999938964844,44.11000061035156,44.125,56707
2025-09-05 17:05:00+00:00,44.10499954223633,44.12900161743164,44.08000183105469,44.1150016784668,91167
2025-09-05 17:10:00+00:00,44.155399322509766,44.15999984741211,44.095001220703125,44.10499954223633,130739
2025-09-05 17:15:00+00:00,44.16999816894531,44.189998626708984,44.150001525878906,44.150001525878906,77349
2025-09-05 17:20:00+00:00,44.216400146484375,44.22999954223633,44.15999984741211,44.17399978637695,140133
2025-09-05 17:25:00+00:00,44.209999084472656,44.220001220703125,44.20000076293945,44.220001220703125,124869
2025-09-05 17:30:00+00:00,44.25,44.25,44.209999084472656,44.209999084472656,135898
2025-09-05 17:35:00+00:00,44.189998626708984,44.24689865112305,44.18000030517578,44.24689865112305,92653
2025-09-05 17:40:00+00:00,44.23500061035156,44.23500061035156,44.189998626708984,44.189998626708984,70273
2025-09-05 17:45:00+00:00,44.279998779296875,44.279998779296875,44.22999954223633,44.239898681640625,65084
2025-09-05 17:50:00+00:00,44.26499938964844,44.28499984741211,44.25,44.275001525878906,54102
2025-09-05 17:55:00+00:00,44.22999954223633,44.2671012878418,44.220001220703125,44.26279830932617,48893
2025-09-05 18:00:00+00:00,44.18000030517578,44.24720001220703,44.15999984741211,44.22999954223633,85346
2025-09-05 18:05:00+00:00,44.165000915527344,44.185001373291016,44.150001525878906,44.17290115356445,48974
2025-09-05 18:10:00+00:00,44.15999984741211,44.189998626708984,44.150001525878906,44.16579818725586,63924
2025-09-05 18:15:00+00:00,44.18000030517578,44.189998626708984,44.150001525878906,44.154998779296875,68357
2025-09-05 18:20:00+00:00,44.16999816894531,44.20000076293945,44.165000915527344,44.18370056152344,58038
2025-09-05 18:25:00+00:00,44.17499923706055,44.189998626708984,44.150001525878906,44.17580032348633,73638
2025-09-05 18:30:00+00:00,44.224998474121094,44.22999954223633,44.17449951171875,44.17449951171875,51732
2025-09-05 18:35:00+00:00,44.247501373291016,44.2599983215332,44.209999084472656,44.220001220703125,75471
2025-09-05 18:40:00+00:00,44.26499938964844,44.279998779296875,44.246498107910156,44.246498107910156,63474
2025-09-05 18:45:00+00:00,44.28499984741211,44.290000915527344,44.2599983215332,44.2681999206543,58621
2025-09-05 18:50:00+00:00,44.32500076293945,44.33000183105469,44.28499984741211,44.28499984741211,79186
2025-09-05 18:55:00+00:00,44.32809829711914,44.34000015258789,44.29999923706055,44.32500076293945,206081
2025-09-05 19:00:00+00:00,44.328399658203125,44.34000015258789,44.310001373291016,44.322898864746094,108301
2025-09-05 19:05:00+00:00,44.349998474121094,44.369998931884766,44.314998626708984,44.32500076293945,91104
2025-09-05 19:10:00+00:00,44.349998474121094,44.369998931884766,44.34280014038086,44.345001220703125,70258
2025-09-05 19:15:00+00:00,44.37900161743164,44.380001068115234,44.349998474121094,44.35499954223633,70560
2025-09-05 19:20:00+00:00,44.35499954223633,44.38999938964844,44.349998474121094,44.37649917602539,105012
2025-09-05 19:25:00+00:00,44.334999084472656,44.36000061035156,44.32500076293945,44.35499954223633,127226
2025-09-05 19:30:00+00:00,44.314998626708984,44.33649826049805,44.279998779296875,44.334999084472656,154252
2025-09-05 19:35:00+00:00,44.31999969482422,44.347198486328125,44.30500030517578,44.31999969482422,165039
2025-09-05 19:40:00+00:00,44.30500030517578,44.33000183105469,44.290000915527344,44.31999969482422,131742
2025-09-05 19:45:00+00:00,44.310001373291016,44.317501068115234,44.26499938964844,44.30580139160156,253260
2025-09-05 19:50:00+00:00,44.30500030517578,44.33000183105469,44.275001525878906,44.310001373291016,410697
2025-09-05 19:55:00+00:00,44.375,44.380001068115234,44.290000915527344,44.30500030517578,1070599
2025-09-08 13:30:00+00:00,43.38999938964844,43.61000061035156,42.939998626708984,42.974998474121094,3994369
2025-09-08 13:35:00+00:00,43.244998931884766,43.439998626708984,43.119998931884766,43.38999938964844,780991
2025-09-08 13:40:00+00:00,43.334999084472656,43.459999084472656,43.15999984741211,43.25,571117
2025-09-08 13:45:00+00:00,43.285099029541016,43.329898834228516,43.15999984741211,43.19990158081055,506345
2025-09-08 13:50:00+00:00,43.45000076293945,43.470001220703125,43.25,43.28499984741211,777915
2025-09-08 13:55:00+00:00,43.30500030517578,43.489898681640625,43.279998779296875,43.45500183105469,377282
2025-09-08 14:00:00+00:00,43.39500045776367,43.42499923706055,43.26499938964844,43.29999923706055,295063
2025-09-08 14:05:00+00:00,43.5099983215332,43.529998779296875,43.39500045776367,43.397499084472656,322978
2025-09-08 14:10:00+00:00,43.560001373291016,43.59000015258789,43.5099983215332,43.55500030517578,393371
2025-09-08 14:15:00+00:00,43.584999084472656,43.60499954223633,43.53499984741211,43.564998626708984,292630
2025-09-08 14:20:00+00:00,43.470001220703125,43.584999084472656,43.44499969482422,43.584999084472656,402596
2025-09-08 14:25:00+00:00,43.46500015258789,43.48500061035156,43.40999984741211,43.474998474121094,238293
2025-09-08 14:30:00+00:00,43.52000045776367,43.54999923706055,43.44499969482422,43.459999084472656,569765
2025-09-08 14:35:00+00:00,43.4281005859375,43.5181999206543,43.40999984741211,43.51539993286133,261494
2025-09-08 14:40:00+00:00,43.399898529052734,43.45000076293945,43.369998931884766,43.43000030517578,317706
2025-09-08 14:45:00+00:00,43.4900016784668,43.5,43.400001525878906,43.400001525878906,269460
2025-09-08 14:50:00+00:00,43.54499816894531,43.558998107910156,43.46500015258789,43.48500061035156,978539
2025-09-08 14:55:00+00:00,43.540000915527344,43.5989990234375,43.540000915527344,43.54499816894531,230605
2025-09-08 15:00:00+00:00,43.525001525878906,43.560001373291016,43.4900016784668,43.54010009765625,219190
2025-09-08 15:05:00+00:00,43.39500045776367,43.529998779296875,43.38999938964844,43.529998779296875,276088
2025-09-08 15:10:00+00:00,43.53499984741211,43.540000915527344,43.3849983215332,43.38999938964844,178623
2025-09-08 15:15:00+00:00,43.5098991394043,43.540000915527344,43.494998931884766,43.53499984741211,183373
2025-09-08 15:20:00+00:00,43.4901008605957,43.505001068115234,43.459999084472656,43.505001068115234,171072
2025-09-08 15:25:00+00:00,43.505001068115234,43.505001068115234,43.439998626708984,43.4900016784668,216445
2025-09-08 15:30:00+00:00,43.4900016784668,43.52000045776367,43.48350143432617,43.505001068115234,229988
2025-09-08 15:35:00+00:00,43.46989822387695,43.494998931884766,43.404998779296875,43.494998931884766,153944
2025-09-08 15:40:00+00:00,43.48500061035156,43.540000915527344,43.46500015258789,43.46500015258789,140002
2025-09-08 15:45:00+00:00,43.494998931884766,43.51499938964844,43.47999954223633,43.48460006713867,253895
2025-09-08 15:50:00+00:00,43.564998626708984,43.56650161743164,43.4900016784668,43.5,488704
2025-09-08 15:55:00+00:00,43.595001220703125,43.6171989440918,43.564998626708984,43.564998626708984,129018
2025-09-08 16:00:00+00:00,43.52000045776367,43.59980010986328,43.209999084472656,43.595001220703125,1148114
2025-09-08 16:05:00+00:00,43.52000045776367,43.529998779296875,43.45000076293945,43.52980041503906,144185
2025-09-08 16:10:00+00:00,43.494998931884766,43.584999084472656,43.45000076293945,43.51499938964844,292636
2025-09-08 16:15:00+00:00,43.5099983215332,43.52000045776367,43.474998474121094,43.494998931884766,165056
2025-09-08 16:20:00+00:00,43.470001220703125,43.519901275634766,43.45349884033203,43.50379943847656,85822
2025-09-08 16:25:00+00:00,43.494998931884766,43.499900817871094,43.459999084472656,43.467201232910156,122789
2025-09-08 16:30:00+00:00,43.51459884643555,43.52000045776367,43.4900016784668,43.49580001831055,99012
2025-09-08 16:35:00+00:00,43.474998474121094,43.529998779296875,43.470001220703125,43.51499938964844,155813
2025-09-08 16:40:00+00:00,43.54499816894531,43.55500030517578,43.470001220703125,43.474998474121094,114177
2025-09-08 16:45:00+00:00,43.54999923706055,43.557498931884766,43.525001525878906,43.54999923706055,116195
2025-09-08 16:50:00+00:00,43.595001220703125,43.599998474121094,43.54999923706055,43.55500030517578,152436
2025-09-08 16:55:00+00:00,43.57500076293945,43.599998474121094,43.56100082397461,43.599998474121094,97315
2025-09-08 17:00:00+00:00,43.56999969482422,43.58000183105469,43.55979919433594,43.57659912109375,83615
2025-09-08 17:05:00+00:00,43.57500076293945,43.595001220703125,43.56999969482422,43.58000183105469,87552
2025-09-08 17:10:00+00:00,43.56999969482422,43.58000183105469,43.54499816894531,43.57500076293945,129356
2025-09-08 17:15:00+00:00,43.564998626708984,43.579898834228516,43.540000915527344,43.57500076293945,140844
2025-09-08 17:20:00+00:00,43.52000045776367,43.56999969482422,43.51499938964844,43.564998626708984,73721
2025-09-08 17:25:00+00:00,43.53499984741211,43.540000915527344,43.5099983215332,43.525001525878906,115431
2025-09-08 17:30:00+00:00,43.560001373291016,43.56999969482422,43.53499984741211,43.53499984741211,144929
2025-09-08 17:35:00+00:00,43.577598571777344,43.577598571777344,43.540000915527344,43.564998626708984,139109
2025-09-08 17:40:00+00:00,43.505001068115234,43.57889938354492,43.5,43.57500076293945,127579
2025-09-08 17:45:00+00:00,43.46500015258789,43.5099983215332,43.459999084472656,43.500099182128906,118457
2025-09-08 17:50:00+00:00,43.43000030517578,43.475399017333984,43.43000030517578,43.46500015258789,163621
2025-09-08 17:55:00+00:00,43.41999816894531,43.45000076293945,43.404998779296875,43.43989944458008,144362
2025-09-08 18:00:00+00:00,43.33000183105469,43.41999816894531,43.33000183105469,43.415000915527344,156330
2025-09-08 18:05:00+00:00,43.345001220703125,43.349998474121094,43.31460189819336,43.334999084472656,196578
2025-09-08 18:10:00+00:00,43.36470031738281,43.369998931884766,43.33000183105469,43.345001220703125,208176
2025-09-08 18:15:00+00:00,43.39500045776367,43.400001525878906,43.36009979248047,43.369998931884766,98356
2025-09-08 18:20:00+00:00,43.403900146484375,43.41999816894531,43.38999938964844,43.39500045776367,109692
2025-09-08 18:25:00+00:00,43.415000915527344,43.41999816894531,43.3739013671875,43.404998779296875,147966
2025-09-08 18:30:00+00:00,43.35499954223633,43.42689895629883,43.349998474121094,43.41510009765625,137555
2025-09-08 18:35:00+00:00,43.36000061035156,43.37990188598633,43.345001220703125,43.349998474121094,127805
2025-09-08 18:40:00+00:00,43.35499954223633,43.375,43.34000015258789,43.35499954223633,120107
2025-09-08 18:45:00+00:00,43.3224983215332,43.380001068115234,43.31999969482422,43.36000061035156,178621
2025-09-08 18:50:00+00:00,43.334999084472656,43.345001220703125,43.30500030517578,43.32500076293945,182452
2025-09-08 18:55:00+00:00,43.28499984741211,43.334999084472656,43.279998779296875,43.334999084472656,228899
2025-09-08 19:00:00+00:00,43.244998931884766,43.2953987121582,43.23500061035156,43.279998779296875,240418
2025-09-08 19:05:00+00:00,43.22639846801758,43.275001525878906,43.209999084472656,43.244998931884766,355469
2025-09-08 19:10:00+00:00,43.224998474121094,43.244998931884766,43.209999084472656,43.22999954223633,454069
2025-09-08 19:15:00+00:00,43.30500030517578,43.31990051269531,43.21500015258789,43.220001220703125,193235
2025-09-08 19:20:00+00:00,43.23500061035156,43.31999969482422,43.22999954223633,43.30500030517578,214823
2025-09-08 19:25:00+00:00,43.244998931884766,43.25,43.20000076293945,43.23500061035156,303236
2025-09-08 19:30:00+00:00,43.2400016784668,43.2864990234375,43.23500061035156,43.244998931884766,326685
2025-09-08 19:35:00+00:00,43.185001373291016,43.25,43.16999816894531,43.23500061035156,409651
2025-09-08 19:40:00+00:00,43.209999084472656,43.224998474121094,43.184600830078125,43.185001373291016,340468
2025-09-08 19:45:00+00:00,43.209999084472656,43.25,43.20000076293945,43.20989990234375,522397
2025-09-08 19:50:00+00:00,43.255001068115234,43.31999969482422,43.209999084472656,43.209999084472656,1067548
2025-09-08 19:55:00+00:00,43.31999969482422,43.36000061035156,43.2599983215332,43.2599983215332,2186651
2025-09-09 13:30:00+00:00,43.439998626708984,43.665000915527344,43.40999984741211,43.41999816894531,676717
2025-09-09 13:35:00+00:00,43.39500045776367,43.5,43.380001068115234,43.44499969482422,155820
2025-09-09 13:40:00+00:00,43.45500183105469,43.48500061035156,43.39619827270508,43.39619827270508,173354
2025-09-09 13:45:00+00:00,43.529998779296875,43.529998779296875,43.422000885009766,43.459999084472656,163678
2025-09-09 13:50:00+00:00,43.50469970703125,43.56999969482422,43.4900016784668,43.529998779296875,173350
2025-09-09 13:55:00+00:00,43.54499816894531,43.54999923706055,43.47169876098633,43.505001068115234,118749
2025-09-09 14:00:00+00:00,43.584999084472656,43.65999984741211,43.54499816894531,43.54499816894531,256417
2025-09-09 14:05:00+00:00,43.5099983215332,43.60499954223633,43.470001220703125,43.584999084472656,186306
2025-09-09 14:10:00+00:00,43.56999969482422,43.59000015258789,43.494998931884766,43.507598876953125,111295
2025-09-09 14:15:00+00:00,43.540000915527344,43.59989929199219,43.529998779296875,43.56999969482422,134435
2025-09-09 14:20:00+00:00,43.599998474121094,43.625,43.529998779296875,43.54010009765625,86851
2025-09-09 14:25:00+00:00,43.650001525878906,43.65999984741211,43.580101013183594,43.60499954223633,153076
2025-09-09 14:30:00+00:00,43.685001373291016,43.689998626708984,43.6348991394043,43.64500045776367,225416
2025-09-09 14:35:00+00:00,43.67499923706055,43.7400016784668,43.654998779296875,43.68000030517578,322928
2025-09-09 14:40:00+00:00,43.65999984741211,43.70000076293945,43.630001068115234,43.67839813232422,333728
2025-09-09 14:45:00+00:00,43.629798889160156,43.69499969482422,43.614498138427734,43.654998779296875,121861
2025-09-09 14:50:00+00:00,43.6349983215332,43.64500045776367,43.6150016784668,43.630001068115234,81698
2025-09-09 14:55:00+00:00,43.599998474121094,43.63999938964844,43.57310104370117,43.63999938964844,89181
2025-09-09 15:00:00+00:00,43.60499954223633,43.62820053100586,43.56999969482422,43.60499954223633,131778
2025-09-09 15:05:00+00:00,43.625,43.625,43.599998474121094,43.599998474121094,87249
2025-09-09 15:10:00+00:00,43.57500076293945,43.60499954223633,43.564998626708984,43.60499954223633,87729
2025-09-09 15:15:00+00:00,43.56999969482422,43.584999084472656,43.529998779296875,43.57500076293945,85215
2025-09-09 15:20:00+00:00,43.564998626708984,43.59000015258789,43.54999923706055,43.560001373291016,85445
2025-09-09 15:25:00+00:00,43.564998626708984,43.607200622558594,43.560001373291016,43.560001373291016,107105
2025-09-09 15:30:00+00:00,43.54999923706055,43.58000183105469,43.529998779296875,43.566001892089844,120200
2025-09-09 15:35:00+00:00,43.53350067138672,43.61000061035156,43.529998779296875,43.54499816894531,144897
2025-09-09 15:40:00+00:00,43.51499938964844,43.54999923706055,43.5099983215332,43.529998779296875,78246
2025-09-09 15:45:00+00:00,43.525001525878906,43.52989959716797,43.482398986816406,43.5099983215332,130720
2025-09-09 15:50:00+00:00,43.48500061035156,43.540000915527344,43.470001220703125,43.525001525878906,150292
2025-09-09 15:55:00+00:00,43.45000076293945,43.499900817871094,43.435001373291016,43.47999954223633,112534
2025-09-09 16:00:00+00:00,43.44499969482422,43.46580123901367,43.415000915527344,43.45000076293945,133898
2025-09-09 16:05:00+00:00,43.435001373291016,43.44960021972656,43.41999816894531,43.44499969482422,84109
2025-09-09 16:10:00+00:00,43.43320083618164,43.45750045776367,43.415000915527344,43.435001373291016,85536
2025-09-09 16:15:00+00:00,43.38999938964844,43.439998626708984,43.38999938964844,43.439998626708984,97266
2025-09-09 16:20:00+00:00,43.42499923706055,43.43000030517578,43.38999938964844,43.39500045776367,91460
2025-09-09 16:25:00+00:00,43.42499923706055,43.439998626708984,43.41999816894531,43.42499923706055,67628
2025-09-09 16:30:00+00:00,43.400001525878906,43.429901123046875,43.380001068115234,43.42499923706055,110551
2025-09-09 16:35:00+00:00,43.42499923706055,43.42900085449219,43.38999938964844,43.39500045776367,56719
2025-09-09 16:40:00+00:00,43.45000076293945,43.45500183105469,43.42499923706055,43.42509841918945,76892
2025-09-09 16:45:00+00:00,43.415000915527344,43.45000076293945,43.40999984741211,43.45000076293945,59183
2025-09-09 16:50:00+00:00,43.41360092163086,43.42850112915039,43.400001525878906,43.415000915527344,65042
2025-09-09 16:55:00+00:00,43.400001525878906,43.41999816894531,43.38999938964844,43.419898986816406,73734
2025-09-09 17:00:00+00:00,43.435001373291016,43.445499420166016,43.38999938964844,43.400001525878906,82012
2025-09-09 17:05:00+00:00,43.44499969482422,43.45000076293945,43.41999816894531,43.435001373291016,76583
2025-09-09 17:10:00+00:00,43.459999084472656,43.47809982299805,43.439998626708984,43.44499969482422,74455
2025-09-09 17:15:00+00:00,43.45500183105469,43.47999954223633,43.45000076293945,43.459999084472656,82691
2025-09-09 17:20:00+00:00,43.46500015258789,43.470001220703125,43.439998626708984,43.45000076293945,90124
2025-09-09 17:25:00+00:00,43.46149826049805,43.475799560546875,43.459999084472656,43.46500015258789,67340
2025-09-09 17:30:00+00:00,43.51499938964844,43.51499938964844,43.459999084472656,43.46500015258789,82954
2025-09-09 17:35:00+00:00,43.53499984741211,43.560001373291016,43.5099983215332,43.51499938964844,156706
2025-09-09 17:40:00+00:00,43.53499984741211,43.540000915527344,43.52000045776367,43.532100677490234,67078
2025-09-09 17:45:00+00:00,43.505001068115234,43.54999923706055,43.5,43.53499984741211,122506
2025-09-09 17:50:00+00:00,43.52000045776367,43.525001525878906,43.470001220703125,43.5,107778
2025-09-09 17:55:00+00:00,43.54499816894531,43.54999923706055,43.52000045776367,43.525001525878906,95814
2025-09-09 18:00:00+00:00,43.560001373291016,43.56629943847656,43.529998779296875,43.54499816894531,95061
2025-09-09 18:05:00+00:00,43.56650161743164,43.58829879760742,43.540000915527344,43.54999923706055,93263
2025-09-09 18:10:00+00:00,43.560001373291016,43.599998474121094,43.560001373291016,43.564998626708984,130990
2025-09-09 18:15:00+00:00,43.57500076293945,43.59000015258789,43.54999923706055,43.566200256347656,67467
2025-09-09 18:20:00+00:00,43.60499954223633,43.61000061035156,43.56999969482422,43.57500076293945,83371
2025-09-09 18:25:00+00:00,43.59000015258789,43.60499954223633,43.56999969482422,43.60499954223633,127764
2025-09-09 18:30:00+00:00,43.60499954223633,43.630001068115234,43.59000015258789,43.59579849243164,163377
2025-09-09 18:35:00+00:00,43.5900993347168,43.619998931884766,43.59000015258789,43.61000061035156,138707
2025-09-09 18:40:00+00:00,43.560001373291016,43.599998474121094,43.560001373291016,43.599998474121094,219317
2025-09-09 18:45:00+00:00,43.560001373291016,43.565101623535156,43.540000915527344,43.56330108642578,159681
2025-09-09 18:50:00+00:00,43.52000045776367,43.56999969482422,43.5099983215332,43.564998626708984,103153
2025-09-09 18:55:00+00:00,43.53010177612305,43.560001373291016,43.52000045776367,43.525001525878906,149430
2025-09-09 19:00:00+00:00,43.584999084472656,43.59000015258789,43.525001525878906,43.529998779296875,100925
2025-09-09 19:05:00+00:00,43.599998474121094,43.61000061035156,43.58000183105469,43.584999084472656,82768
2025-09-09 19:10:00+00:00,43.630001068115234,43.630001068115234,43.60279846191406,43.60279846191406,65621
2025-09-09 19:15:00+00:00,43.625,43.650001525878906,43.619998931884766,43.625,128852
2025-09-09 19:20:00+00:00,43.61750030517578,43.63999938964844,43.61000061035156,43.622398376464844,89299
2025-09-09 19:25:00+00:00,43.584999084472656,43.619998931884766,43.57500076293945,43.61309814453125,164991
2025-09-09 19:30:00+00:00,43.529998779296875,43.59000015258789,43.529998779296875,43.584999084472656,171735
2025-09-09 19:35:00+00:00,43.53499984741211,43.56999969482422,43.525001525878906,43.53499984741211,149840
2025-09-09 19:40:00+00:00,43.53179931640625,43.56999969482422,43.529998779296875,43.540000915527344,184417
2025-09-09 19:45:00+00:00,43.51499938964844,43.540000915527344,43.4900016784668,43.529998779296875,246362
2025-09-09 19:50:00+00:00,43.56999969482422,43.56999969482422,43.51499938964844,43.52000045776367,339590
2025-09-09 19:55:00+00:00,43.560001373291016,43.599998474121094,43.54999923706055,43.564998626708984,1099444
2025-09-10 13:30:00+00:00,43.59000015258789,43.66999816894531,43.41999816894531,43.480098724365234,780054
2025-09-10 13:35:00+00:00,43.52000045776367,43.66999816894531,43.47999954223633,43.58000183105469,254437
2025-09-10 13:40:00+00:00,43.599998474121094,43.65999984741211,43.524200439453125,43.525901794433594,201707
2025-09-10 13:45:00+00:00,43.64773941040039,43.65999984741211,43.52109909057617,43.599998474121094,138237
2025-09-10 13:50:00+00:00,43.564998626708984,43.650001525878906,43.52000045776367,43.6349983215332,284420
2025-09-10 13:55:00+00:00,43.53799819946289,43.599998474121094,43.5099983215332,43.564998626708984,101480
2025-09-10 14:00:00+00:00,43.54499816894531,43.545799255371094,43.48500061035156,43.53990173339844,209376
2025-09-10 14:05:00+00:00,43.48500061035156,43.54999923706055,43.459999084472656,43.54499816894531,174856
2025-09-10 14:10:00+00:00,43.41999816894531,43.505001068115234,43.40999984741211,43.48500061035156,140242
2025-09-10 14:15:00+00:00,43.32500076293945,43.41999816894531,43.310001373291016,43.41999816894531,205076
2025-09-10 14:20:00+00:00,43.275001525878906,43.32500076293945,43.2599983215332,43.32500076293945,194084
2025-09-10 14:25:00+00:00,43.23099899291992,43.275001525878906,43.22999954223633,43.275001525878906,155931
2025-09-10 14:30:00+00:00,43.084999084472656,43.22999954223633,43.04999923706055,43.22999954223633,349467
2025-09-10 14:35:00+00:00,43.084999084472656,43.16999816894531,43.08000183105469,43.084999084472656,198948
2025-09-10 14:40:00+00:00,43.11000061035156,43.150001525878906,43.09000015258789,43.09000015258789,184486
2025-09-10 14:45:00+00:00,43.1349983215332,43.150001525878906,43.099998474121094,43.1150016784668,233057
2025-09-10 14:50:00+00:00,43.062198638916016,43.1349983215332,43.04999923706055,43.1349983215332,190389
2025-09-10 14:55:00+00:00,43.10499954223633,43.11650085449219,43.04999923706055,43.064998626708984,213415
2025-09-10 15:00:00+00:00,43.150001525878906,43.15999984741211,43.09000015258789,43.10499954223633,237128
2025-09-10 15:05:00+00:00,43.07500076293945,43.15999984741211,43.06999969482422,43.154998779296875,225121
2025-09-10 15:10:00+00:00,43.06999969482422,43.09000015258789,43.06999969482422,43.07500076293945,147748
2025-09-10 15:15:00+00:00,43.07320022583008,43.08000183105469,43.0099983215332,43.06999969482422,255249
2025-09-10 15:20:00+00:00,43.170101165771484,43.18000030517578,43.04499816894531,43.07500076293945,238097
2025-09-10 15:25:00+00:00,43.23500061035156,43.2400016784668,43.160099029541016,43.17499923706055,206609
2025-09-10 15:30:00+00:00,43.19499969482422,43.244998931884766,43.17499923706055,43.23500061035156,253232
2025-09-10 15:35:00+00:00,43.21500015258789,43.225799560546875,43.19499969482422,43.20000076293945,188579
2025-09-10 15:40:00+00:00,43.244998931884766,43.25,43.185001373291016,43.21500015258789,260791
2025-09-10 15:45:00+00:00,43.23500061035156,43.2599983215332,43.220001220703125,43.244998931884766,187833
2025-09-10 15:50:00+00:00,43.21500015258789,43.25,43.20000076293945,43.23500061035156,122829
2025-09-10 15:55:00+00:00,43.154998779296875,43.220001220703125,43.150001525878906,43.220001220703125,144557
2025-09-10 16:00:00+00:00,43.154998779296875,43.17499923706055,43.1349983215332,43.150001525878906,189725
2025-09-10 16:05:00+00:00,43.189998626708984,43.21500015258789,43.150001525878906,43.154998779296875,96844
2025-09-10 16:10:00+00:00,43.244998931884766,43.244998931884766,43.170101165771484,43.189998626708984,176077
2025-09-10 16:15:00+00:00,43.26499938964844,43.27579879760742,43.22999954223633,43.244998931884766,112633
2025-09-10 16:20:00+00:00,43.24150085449219,43.275001525878906,43.2400016784668,43.2682991027832,62615
2025-09-10 16:25:00+00:00,43.20500183105469,43.2599983215332,43.20000076293945,43.244998931884766,106494
2025-09-10 16:30:00+00:00,43.23500061035156,43.25,43.20500183105469,43.209999084472656,76974
2025-09-10 16:35:00+00:00,43.23500061035156,43.23500061035156,43.209999084472656,43.23500061035156,77958
2025-09-10 16:40:00+00:00,43.185001373291016,43.23500061035156,43.18000030517578,43.23500061035156,75477
2025-09-10 16:45:00+00:00,43.185001373291016,43.19499969482422,43.16999816894531,43.185001373291016,101166
2025-09-10 16:50:00+00:00,43.224998474121094,43.224998474121094,43.18000030517578,43.185001373291016,110790
2025-09-10 16:55:00+00:00,43.23500061035156,43.25,43.220001220703125,43.22999954223633,83149
2025-09-10 17:00:00+00:00,43.244998931884766,43.2599983215332,43.21500015258789,43.23500061035156,107572
2025-09-10 17:05:00+00:00,43.23500061035156,43.25749969482422,43.209999084472656,43.2400016784668,120831
2025-09-10 17:10:00+00:00,43.26499938964844,43.27000045776367,43.220001220703125,43.23500061035156,154755
2025-09-10 17:15:00+00:00,43.21500015258789,43.27000045776367,43.209999084472656,43.26499938964844,66523
2025-09-10 17:20:00+00:00,43.188499450683594,43.22999954223633,43.16999816894531,43.21500015258789,99094
2025-09-10 17:25:00+00:00,43.189998626708984,43.20000076293945,43.16999816894531,43.189998626708984,90643
2025-09-10 17:30:00+00:00,43.23500061035156,43.2400016784668,43.18000030517578,43.20000076293945,95159
2025-09-10 17:35:00+00:00,43.224998474121094,43.25,43.220001220703125,43.23500061035156,83458
2025-09-10 17:40:00+00:00,43.24580001831055,43.25,43.220001220703125,43.224998474121094,68090
2025-09-10 17:45:00+00:00,43.255001068115234,43.2765998840332,43.241798400878906,43.241798400878906,74764
2025-09-10 17:50:00+00:00,43.244998931884766,43.26499938964844,43.2400016784668,43.25,54545
2025-09-10 17:55:00+00:00,43.275001525878906,43.290000915527344,43.244998931884766,43.244998931884766,52803
2025-09-10 18:00:00+00:00,43.275001525878906,43.27989959716797,43.25,43.275001525878906,67339
2025-09-10 18:05:00+00:00,43.315101623535156,43.31999969482422,43.274200439453125,43.275001525878906,77135
2025-09-10 18:10:00+00:00,43.33580017089844,43.34000015258789,43.314998626708984,43.314998626708984,119046
2025-09-10 18:15:00+00:00,43.375,43.380001068115234,43.33000183105469,43.334999084472656,77206
2025-09-10 18:20:00+00:00,43.3650016784668,43.375,43.349998474121094,43.375,88511
2025-09-10 18:25:00+00:00,43.40010070800781,43.40999984741211,43.36009979248047,43.3650016784668,87736
2025-09-10 18:30:00+00:00,43.40999984741211,43.41680145263672,43.38999938964844,43.404998779296875,91349
2025-09-10 18:35:00+00:00,43.375,43.42499923706055,43.374298095703125,43.404998779296875,113950
2025-09-10 18:40:00+00:00,43.38520050048828,43.40999984741211,43.369998931884766,43.375,87395
2025-09-10 18:45:00+00:00,43.375,43.38999938964844,43.3650016784668,43.38990020751953,64472
2025-09-10 18:50:00+00:00,43.415000915527344,43.4276008605957,43.375,43.375,78688
2025-09-10 18:55:00+00:00,43.41550064086914,43.435001373291016,43.404998779296875,43.40999984741211,101603
2025-09-10 19:00:00+00:00,43.415000915527344,43.435001373291016,43.40999984741211,43.415000915527344,86273
2025-09-10 19:05:00+00:00,43.42509841918945,43.43000030517578,43.400001525878906,43.413700103759766,137335
2025-09-10 19:10:00+00:00,43.44990158081055,43.46099853515625,43.41999816894531,43.43000030517578,96736
2025-09-10 19:15:00+00:00,43.4474983215332,43.46500015258789,43.41999816894531,43.44499969482422,132135
2025-09-10 19:20:00+00:00,43.43000030517578,43.44990158081055,43.420101165771484,43.44269943237305,89912
2025-09-10 19:25:00+00:00,43.415000915527344,43.43579864501953,43.410099029541016,43.435001373291016,81115
2025-09-10 19:30:00+00:00,43.411598205566406,43.42649841308594,43.3942985534668,43.41999816894531,129532
2025-09-10 19:35:00+00:00,43.375,43.419898986816406,43.369998931884766,43.40999984741211,186128
2025-09-10 19:40:00+00:00,43.404998779296875,43.40999984741211,43.369998931884766,43.3760986328125,97862
2025-09-10 19:45:00+00:00,43.404998779296875,43.41999816894531,43.37369918823242,43.404998779296875,185236
2025-09-10 19:50:00+00:00,43.47999954223633,43.47999954223633,43.400001525878906,43.404998779296875,262425
2025-09-10 19:55:00+00:00,43.5,43.529998779296875,43.47999954223633,43.47999954223633,749575
2025-09-11 13:30:00+00:00,43.619998931884766,43.64500045776367,43.5099983215332,43.61000061035156,544058
2025-09-11 13:35:00+00:00,43.57500076293945,43.66999816894531,43.57500076293945,43.619998931884766,156256
2025-09-11 13:40:00+00:00,43.654998779296875,43.67649841308594,43.55500030517578,43.58000183105469,181064
2025-09-11 13:45:00+00:00,43.61000061035156,43.66999816894531,43.5724983215332,43.654998779296875,122402
2025-09-11 13:50:00+00:00,43.654998779296875,43.685001373291016,43.61000061035156,43.6150016784668,124368
2025-09-11 13:55:00+00:00,43.71500015258789,43.7400016784668,43.65999984741211,43.65999984741211,111552
2025-09-11 14:00:00+00:00,43.755001068115234,43.79669952392578,43.709999084472656,43.71500015258789,191964
2025-09-11 14:05:00+00:00,43.69499969482422,43.76499938964844,43.669700622558594,43.7599983215332,104197
2025-09-11 14:10:00+00:00,43.72999954223633,43.744998931884766,43.69499969482422,43.69499969482422,137601
2025-09-11 14:15:00+00:00,43.71500015258789,43.75,43.685001373291016,43.724998474121094,133794
2025-09-11 14:20:00+00:00,43.755001068115234,43.77510070800781,43.70000076293945,43.720001220703125,112555
2025-09-11 14:25:00+00:00,43.755001068115234,43.810001373291016,43.744998931884766,43.755001068115234,228336
2025-09-11 14:30:00+00:00,43.685001373291016,43.77000045776367,43.685001373291016,43.755001068115234,113616
2025-09-11 14:35:00+00:00,43.71500015258789,43.72999954223633,43.68000030517578,43.689300537109375,121920
2025-09-11 14:40:00+00:00,43.71500015258789,43.72990036010742,43.701698303222656,43.720001220703125,107826
2025-09-11 14:45:00+00:00,43.67509841918945,43.720001220703125,43.65999984741211,43.71500015258789,131950
2025-09-11 14:50:00+00:00,43.69499969482422,43.70000076293945,43.66999816894531,43.67499923706055,143299
2025-09-11 14:55:00+00:00,43.709999084472656,43.72999954223633,43.69499969482422,43.70000076293945,114238
2025-09-11 15:00:00+00:00,43.720001220703125,43.720001220703125,43.69350051879883,43.70500183105469,82106
2025-09-11 15:05:00+00:00,43.724998474121094,43.72990036010742,43.685001373291016,43.724998474121094,114464
2025-09-11 15:10:00+00:00,43.720001220703125,43.72990036010742,43.70000076293945,43.724998474121094,79939
2025-09-11 15:15:00+00:00,43.75579833984375,43.76499938964844,43.71500015258789,43.71500015258789,167892
2025-09-11 15:20:00+00:00,43.7400016784668,43.755001068115234,43.70000076293945,43.75,130763
2025-09-11 15:25:00+00:00,43.755001068115234,43.775001525878906,43.71179962158203,43.72999954223633,138169
2025-09-11 15:30:00+00:00,43.794898986816406,43.79999923706055,43.75,43.7599983215332,151373
2025-09-11 15:35:00+00:00,43.80500030517578,43.81999969482422,43.7400016784668,43.79499816894531,385350
2025-09-11 15:40:00+00:00,43.875,43.91999816894531,43.794898986816406,43.80500030517578,565270
2025-09-11 15:45:00+00:00,43.845001220703125,43.875,43.8224983215332,43.875,135862
2025-09-11 15:50:00+00:00,43.873199462890625,43.880001068115234,43.849998474121094,43.849998474121094,149742
2025-09-11 15:55:00+00:00,43.86199951171875,43.880001068115234,43.84000015258789,43.875,111651
2025-09-11 16:00:00+00:00,43.91999816894531,43.92499923706055,43.864200592041016,43.8650016784668,126680
2025-09-11 16:05:00+00:00,43.89500045776367,43.93000030517578,43.87009811401367,43.915000915527344,121561
2025-09-11 16:10:00+00:00,43.93000030517578,43.935001373291016,43.89500045776367,43.89500045776367,96577
2025-09-11 16:15:00+00:00,43.9193000793457,43.95000076293945,43.90999984741211,43.939998626708984,95705
2025-09-11 16:20:00+00:00,43.92499923706055,43.93000030517578,43.900001525878906,43.91999816894531,69302
2025-09-11 16:25:00+00:00,43.93239974975586,43.93600082397461,43.900001525878906,43.93000030517578,85070
2025-09-11 16:30:00+00:00,43.876800537109375,43.935001373291016,43.869998931884766,43.935001373291016,151703
2025-09-11 16:35:00+00:00,43.915000915527344,43.915000915527344,43.869998931884766,43.87329864501953,126216
2025-09-11 16:40:00+00:00,43.904998779296875,43.91999816894531,43.88010025024414,43.915000915527344,100389
2025-09-11 16:45:00+00:00,43.91680145263672,43.92499923706055,43.900001525878906,43.904998779296875,79888
2025-09-11 16:50:00+00:00,43.93000030517578,43.93000030517578,43.90380096435547,43.91450119018555,107228
2025-09-11 16:55:00+00:00,43.94499969482422,43.95000076293945,43.90999984741211,43.9297981262207,106010
2025-09-11 17:00:00+00:00,43.97999954223633,43.97999954223633,43.93000030517578,43.94499969482422,144108
2025-09-11 17:05:00+00:00,43.92499923706055,43.97669982910156,43.92390060424805,43.974998474121094,110274
2025-09-11 17:10:00+00:00,43.92499923706055,43.95000076293945,43.91999816894531,43.9275016784668,117727
2025-09-11 17:15:00+00:00,43.92499923706055,43.93000030517578,43.904998779296875,43.92499923706055,142733
2025-09-11 17:20:00+00:00,43.935001373291016,43.939998626708984,43.90999984741211,43.91999816894531,84975
2025-09-11 17:25:00+00:00,43.96549987792969,43.970001220703125,43.93000030517578,43.935001373291016,77292
2025-09-11 17:30:00+00:00,43.98500061035156,43.994998931884766,43.959999084472656,43.96549987792969,139455
2025-09-11 17:35:00+00:00,43.940101623535156,43.9900016784668,43.940101623535156,43.98500061035156,101928
2025-09-11 17:40:00+00:00,43.97010040283203,44.0,43.94499969482422,43.94499969482422,174551
2025-09-11 17:45:00+00:00,43.994998931884766,44.0,43.959999084472656,43.974998474121094,127588
2025-09-11 17:50:00+00:00,43.97999954223633,44.0,43.959999084472656,43.994998931884766,81068
2025-09-11 17:55:00+00:00,43.9900016784668,43.994998931884766,43.970001220703125,43.974998474121094,76615
2025-09-11 18:00:00+00:00,44.01499938964844,44.03580093383789,43.99300003051758,43.994998931884766,98461
2025-09-11 18:05:00+00:00,43.96649932861328,44.02510070800781,43.96500015258789,44.01459884643555,135612
2025-09-11 18:10:00+00:00,44.005001068115234,44.0099983215332,43.963401794433594,43.970001220703125,92550
2025-09-11 18:15:00+00:00,44.0,44.0099983215332,43.96500015258789,44.005001068115234,90961
2025-09-11 18:20:00+00:00,44.0099983215332,44.02000045776367,43.9900016784668,43.994998931884766,109223
2025-09-11 18:25:00+00:00,43.994998931884766,44.040000915527344,43.9900016784668,44.005001068115234,88044
2025-09-11 18:30:00+00:00,43.98500061035156,44.0099983215332,43.970001220703125,43.99420166015625,78034
2025-09-11 18:35:00+00:00,43.9635009765625,43.99829864501953,43.959999084472656,43.98320007324219,72012
2025-09-11 18:40:00+00:00,44.01499938964844,44.02000045776367,43.959999084472656,43.970001220703125,158430
2025-09-11 18:45:00+00:00,44.01029968261719,44.029998779296875,44.0099983215332,44.0099983215332,124512
2025-09-11 18:50:00+00:00,44.022499084472656,44.040000915527344,44.0099983215332,44.01499938964844,138802
2025-09-11 18:55:00+00:00,44.03010177612305,44.040000915527344,44.0,44.025001525878906,96939
2025-09-11 19:00:00+00:00,44.05500030517578,44.060001373291016,44.029998779296875,44.03499984741211,118080
2025-09-11 19:05:00+00:00,44.05500030517578,44.060001373291016,44.029998779296875,44.05500030517578,68588
2025-09-11 19:10:00+00:00,44.064998626708984,44.06999969482422,44.04999923706055,44.05500030517578,121604
2025-09-11 19:15:00+00:00,44.064998626708984,44.08000183105469,44.060001373291016,44.063499450683594,108816
2025-09-11 19:20:00+00:00,44.0453987121582,44.08000183105469,44.025001525878906,44.064998626708984,186052
2025-09-11 19:25:00+00:00,44.02349853515625,44.04999923706055,44.02000045776367,44.0458984375,169825
2025-09-11 19:30:00+00:00,44.05500030517578,44.060001373291016,44.0099983215332,44.025001525878906,183123
2025-09-11 19:35:00+00:00,44.064998626708984,44.084999084472656,44.04999923706055,44.060001373291016,133371
2025-09-11 19:40:00+00:00,44.06370162963867,44.06999969482422,44.04349899291992,44.064998626708984,188812
2025-09-11 19:45:00+00:00,44.04999923706055,44.06660079956055,44.040000915527344,44.064998626708984,179344
2025-09-11 19:50:00+00:00,44.095001220703125,44.11000061035156,44.05500030517578,44.060001373291016,517475
2025-09-11 19:55:00+00:00,44.130001068115234,44.150001525878906,44.08000183105469,44.099998474121094,1265367
2025-09-12 13:30:00+00:00,43.875,44.064998626708984,43.869998931884766,44.005001068115234,532820
2025-09-12 13:35:00+00:00,43.96500015258789,43.970001220703125,43.79999923706055,43.875,251724
2025-09-12 13:40:00+00:00,44.005001068115234,44.0099983215332,43.959999084472656,43.96500015258789,160292
2025-09-12 13:45:00+00:00,43.9900016784668,44.01499938964844,43.904998779296875,44.005001068115234,193930
2025-09-12 13:50:00+00:00,44.06420135498047,44.064998626708984,43.9900016784668,43.9900016784668,115312
2025-09-12 13:55:00+00:00,44.0,44.08000183105469,43.974998474121094,44.064998626708984,135965
2025-09-12 14:00:00+00:00,44.04499816894531,44.04970169067383,43.959999084472656,43.9900016784668,144590
2025-09-12 14:05:00+00:00,44.025001525878906,44.084999084472656,44.0,44.04990005493164,188835
2025-09-12 14:10:00+00:00,44.005001068115234,44.038299560546875,43.96500015258789,44.03499984741211,115243
2025-09-12 14:15:00+00:00,43.91999816894531,44.0,43.915000915527344,44.0,154633
2025-09-12 14:20:00+00:00,43.939998626708984,43.95000076293945,43.910099029541016,43.910099029541016,122477
2025-09-12 14:25:00+00:00,43.92499923706055,43.95000076293945,43.90999984741211,43.94499969482422,98615
2025-09-12 14:30:00+00:00,43.998199462890625,44.0,43.91999816894531,43.91999816894531,137730
2025-09-12 14:35:00+00:00,44.064998626708984,44.08000183105469,43.94499969482422,43.999900817871094,313131
2025-09-12 14:40:00+00:00,44.029998779296875,44.06999969482422,44.029998779296875,44.064998626708984,81588
2025-09-12 14:45:00+00:00,44.056800842285156,44.08000183105469,44.03419876098633,44.03419876098633,117186
2025-09-12 14:50:00+00:00,44.02349853515625,44.05929946899414,44.0099983215332,44.05500030517578,92638
2025-09-12 14:55:00+00:00,44.005001068115234,44.025001525878906,44.0,44.02000045776367,134116
2025-09-12 15:00:00+00:00,43.91999816894531,44.005001068115234,43.91999816894531,44.005001068115234,305659
2025-09-12 15:05:00+00:00,43.90999984741211,43.93000030517578,43.904998779296875,43.92499923706055,87661
2025-09-12 15:10:00+00:00,43.904998779296875,43.91999816894531,43.880001068115234,43.910099029541016,93930
2025-09-12 15:15:00+00:00,43.93000030517578,43.939998626708984,43.900001525878906,43.900001525878906,90699
2025-09-12 15:20:00+00:00,43.95500183105469,43.96989822387695,43.91999816894531,43.935001373291016,89373
2025-09-12 15:25:00+00:00,43.92499923706055,43.959999084472656,43.91999816894531,43.95500183105469,59748
2025-09-12 15:30:00+00:00,43.89500045776367,43.935001373291016,43.88999938964844,43.91999816894531,141273
2025-09-12 15:35:00+00:00,43.8650016784668,43.900001525878906,43.849998474121094,43.89500045776367,179508
2025-09-12 15:40:00+00:00,43.89500045776367,43.900001525878906,43.849998474121094,43.86349868774414,69591
2025-09-12 15:45:00+00:00,43.8849983215332,43.93000030517578,43.880001068115234,43.89500045776367,112588
2025-09-12 15:50:00+00:00,43.82500076293945,43.900001525878906,43.79999923706055,43.8849983215332,576174
2025-09-12 15:55:00+00:00,43.834999084472656,43.84000015258789,43.79999923706055,43.82500076293945,113626
2025-09-12 16:00:00+00:00,43.845001220703125,43.85499954223633,43.83000183105469,43.834999084472656,67484
2025-09-12 16:05:00+00:00,43.790000915527344,43.845001220703125,43.779998779296875,43.84000015258789,81762
2025-09-12 16:10:00+00:00,43.800201416015625,43.81999969482422,43.78499984741211,43.790000915527344,62275
2025-09-12 16:15:00+00:00,43.814998626708984,43.81999969482422,43.76499938964844,43.80500030517578,95214
2025-09-12 16:20:00+00:00,43.85369873046875,43.85499954223633,43.81999969482422,43.81999969482422,164478
2025-09-12 16:25:00+00:00,43.92499923706055,43.93000030517578,43.85499954223633,43.85499954223633,174141
2025-09-12 16:30:00+00:00,43.904998779296875,43.939998626708984,43.900001525878906,43.92499923706055,119324
2025-09-12 16:35:00+00:00,43.92499923706055,43.93000030517578,43.900001525878906,43.900001525878906,75691
2025-09-12 16:40:00+00:00,43.94499969482422,43.94499969482422,43.915000915527344,43.92499923706055,99276
2025-09-12 16:45:00+00:00,43.84000015258789,43.95000076293945,43.84000015258789,43.94499969482422,194435
2025-09-12 16:50:00+00:00,43.79999923706055,43.84000015258789,43.79999923706055,43.84000015258789,76610
2025-09-12 16:55:00+00:00,43.78499984741211,43.83000183105469,43.779998779296875,43.80500030517578,149887
2025-09-12 17:00:00+00:00,43.790000915527344,43.79999923706055,43.77000045776367,43.78499984741211,86836
2025-09-12 17:05:00+00:00,43.79499816894531,43.814998626708984,43.78010177612305,43.79499816894531,75032
2025-09-12 17:10:00+00:00,43.82500076293945,43.829898834228516,43.779998779296875,43.79499816894531,70275
2025-09-12 17:15:00+00:00,43.813899993896484,43.839900970458984,43.779998779296875,43.82500076293945,91026
2025-09-12 17:20:00+00:00,43.814998626708984,43.84000015258789,43.790000915527344,43.814998626708984,141771
2025-09-12 17:25:00+00:00,43.79999923706055,43.81999969482422,43.790000915527344,43.813499450683594,62823
2025-09-12 17:30:00+00:00,43.82500076293945,43.84000015258789,43.8036003112793,43.810001373291016,60956
2025-09-12 17:35:00+00:00,43.88999938964844,43.88999938964844,43.81999969482422,43.82500076293945,146144
2025-09-12 17:40:00+00:00,43.959999084472656,43.970001220703125,43.89500045776367,43.89500045776367,124471
2025-09-12 17:45:00+00:00,43.915000915527344,43.959999084472656,43.904998779296875,43.95500183105469,105842
2025-09-12 17:50:00+00:00,43.935001373291016,43.935001373291016,43.86349868774414,43.915000915527344,121460
2025-09-12 17:55:00+00:00,43.92499923706055,43.95000076293945,43.90999984741211,43.93000030517578,69807
2025-09-12 18:00:00+00:00,43.92499923706055,43.93000030517578,43.904998779296875,43.93000030517578,80512
2025-09-12 18:05:00+00:00,43.959999084472656,43.959999084472656,43.91999816894531,43.92499923706055,92615
2025-09-12 18:10:00+00:00,43.97999954223633,43.97999954223633,43.940101623535156,43.95500183105469,122939
2025-09-12 18:15:00+00:00,43.98500061035156,43.9900016784668,43.959999084472656,43.97999954223633,77551
2025-09-12 18:20:00+00:00,43.974998474121094,43.9900016784668,43.959999084472656,43.98500061035156,95713
2025-09-12 18:25:00+00:00,44.0099983215332,44.0099983215332,43.970001220703125,43.974998474121094,92442
2025-09-12 18:30:00+00:00,44.025001525878906,44.029998779296875,44.0,44.0098991394043,83033
2025-09-12 18:35:00+00:00,44.025001525878906,44.029998779296875,44.02000045776367,44.025001525878906,88975
2025-09-12 18:40:00+00:00,44.025001525878906,44.029998779296875,44.0,44.025001525878906,145971
2025-09-12 18:45:00+00:00,44.07500076293945,44.08000183105469,44.02000045776367,44.025001525878906,185125
2025-09-12 18:50:00+00:00,44.065101623535156,44.07500076293945,44.060001373291016,44.06999969482422,132488
2025-09-12 18:55:00+00:00,44.005001068115234,44.064998626708984,44.0,44.06119918823242,105936
2025-09-12 19:00:00+00:00,44.05500030517578,44.060001373291016,43.994998931884766,44.0098991394043,212165
2025-09-12 19:05:00+00:00,44.03499984741211,44.060001373291016,44.02000045776367,44.05500030517578,139302
2025-09-12 19:10:00+00:00,44.01499938964844,44.060001373291016,43.994998931884766,44.03499984741211,319488
2025-09-12 19:15:00+00:00,44.01599884033203,44.026798248291016,43.994998931884766,44.01649856567383,127664
2025-09-12 19:20:00+00:00,44.025001525878906,44.029998779296875,44.0,44.01499938964844,88357
2025-09-12 19:25:00+00:00,44.025001525878906,44.040000915527344,44.02000045776367,44.025001525878906,93416
2025-09-12 19:30:00+00:00,44.0,44.03900146484375,43.9900016784668,44.029998779296875,124058
2025-09-12 19:35:00+00:00,43.99509811401367,44.0099983215332,43.9900016784668,44.005001068115234,97311
2025-09-12 19:40:00+00:00,44.00899887084961,44.0099983215332,43.97010040283203,43.994998931884766,132254
2025-09-12 19:45:00+00:00,43.974998474121094,44.0099983215332,43.94499969482422,44.00899887084961,188369
2025-09-12 19:50:00+00:00,43.95500183105469,44.00849914550781,43.939998626708984,43.974998474121094,372044
2025-09-12 19:55:00+00:00,43.974998474121094,44.0,43.959999084472656,43.959999084472656,598658
2025-09-15 13:30:00+00:00,44.185001373291016,44.25,44.04999923706055,44.04999923706055,650522
2025-09-15 13:35:00+00:00,44.029998779296875,44.16999816894531,43.96390151977539,44.1349983215332,236079
2025-09-15 13:40:00+00:00,44.140098571777344,44.150001525878906,44.0099983215332,44.029998779296875,226459
2025-09-15 13:45:00+00:00,44.1171989440918,44.18000030517578,44.102725982666016,44.14500045776367,159031
2025-09-15 13:50:00+00:00,44.09000015258789,44.11579895019531,44.04999923706055,44.11000061035156,149079
2025-09-15 13:55:00+00:00,44.095001220703125,44.11000061035156,44.06999969482422,44.095001220703125,83938
2025-09-15 14:00:00+00:00,44.060001373291016,44.11000061035156,44.04499816894531,44.099998474121094,122361
2025-09-15 14:05:00+00:00,44.03499984741211,44.064998626708984,44.025001525878906,44.060001373291016,62239
2025-09-15 14:10:00+00:00,44.025001525878906,44.060001373291016,44.025001525878906,44.03499984741211,89124
2025-09-15 14:15:00+00:00,43.935001373291016,44.040000915527344,43.935001373291016,44.025001525878906,159490
2025-09-15 14:20:00+00:00,43.92499923706055,43.94990158081055,43.91999816894531,43.92499923706055,75145
2025-09-15 14:25:00+00:00,43.939998626708984,43.939998626708984,43.900001525878906,43.91999816894531,87139
2025-09-15 14:30:00+00:00,43.95500183105469,43.959999084472656,43.92499923706055,43.935001373291016,124153
2025-09-15 14:35:00+00:00,43.92499923706055,43.96989822387695,43.915000915527344,43.95650100708008,84342
2025-09-15 14:40:00+00:00,44.02000045776367,44.02000045776367,43.915000915527344,43.91999816894531,91781
2025-09-15 14:45:00+00:00,44.0099983215332,44.02000045776367,43.994998931884766,44.01499938964844,115410
2025-09-15 14:50:00+00:00,44.02579879760742,44.029998779296875,44.00210189819336,44.005001068115234,131609
2025-09-15 14:55:00+00:00,44.02000045776367,44.04999923706055,44.0099983215332,44.02450180053711,147897
2025-09-15 15:00:00+00:00,43.95000076293945,44.02000045776367,43.95000076293945,44.01499938964844,131449
2025-09-15 15:05:00+00:00,43.97010040283203,43.974998474121094,43.920501708984375,43.94580078125,88369
2025-09-15 15:10:00+00:00,43.939998626708984,43.970001220703125,43.91999816894531,43.970001220703125,87604
2025-09-15 15:15:00+00:00,43.93000030517578,43.95989990234375,43.90999984741211,43.93000030517578,99028
2025-09-15 15:20:00+00:00,43.935001373291016,43.955101013183594,43.915000915527344,43.92570114135742,75831
2025-09-15 15:25:00+00:00,43.875,43.935001373291016,43.869998931884766,43.935001373291016,126063
2025-09-15 15:30:00+00:00,43.89500045776367,43.899898529052734,43.86000061035156,43.875,72555
2025-09-15 15:35:00+00:00,43.869998931884766,43.89500045776367,43.869998931884766,43.89500045776367,76069
2025-09-15 15:40:00+00:00,43.869998931884766,43.88999938964844,43.85499954223633,43.875,128285
2025-09-15 15:45:00+00:00,43.880001068115234,43.90999984741211,43.8650016784668,43.8650016784668,91329
2025-09-15 15:50:00+00:00,43.91619873046875,43.91999816894531,43.86000061035156,43.87860107421875,113978
2025-09-15 15:55:00+00:00,43.94499969482422,43.959999084472656,43.91999816894531,43.91999816894531,102672
2025-09-15 16:00:00+00:00,43.994998931884766,44.0,43.94499969482422,43.95000076293945,83171
2025-09-15 16:05:00+00:00,43.929901123046875,43.994998931884766,43.910099029541016,43.994998931884766,140536
2025-09-15 16:10:00+00:00,43.935001373291016,43.9557991027832,43.91999816894531,43.91999816894531,100010
2025-09-15 16:15:00+00:00,43.875,43.939998626708984,43.869998931884766,43.93009948730469,118667
2025-09-15 16:20:00+00:00,43.8754997253418,43.880001068115234,43.86000061035156,43.875,63211
2025-09-15 16:25:00+00:00,43.900001525878906,43.91999816894531,43.869998931884766,43.875,94607
2025-09-15 16:30:00+00:00,43.869998931884766,43.900001525878906,43.86399841308594,43.89500045776367,59193
2025-09-15 16:35:00+00:00,43.86989974975586,43.880001068115234,43.86000061035156,43.875,55028
2025-09-15 16:40:00+00:00,43.83000183105469,43.88570022583008,43.83000183105469,43.86360168457031,126518
2025-09-15 16:45:00+00:00,43.82500076293945,43.880001068115234,43.810001373291016,43.84000015258789,136666
2025-09-15 16:50:00+00:00,43.830101013183594,43.845001220703125,43.810001373291016,43.82360076904297,113517
2025-09-15 16:55:00+00:00,43.834999084472656,43.834999084472656,43.814998626708984,43.830101013183594,67601
2025-09-15 17:00:00+00:00,43.845001220703125,43.849998474121094,43.81999969482422,43.834999084472656,42172
2025-09-15 17:05:00+00:00,43.834999084472656,43.849998474121094,43.81999969482422,43.845001220703125,60542
2025-09-15 17:10:00+00:00,43.82500076293945,43.849998474121094,43.79999923706055,43.834999084472656,97682
2025-09-15 17:15:00+00:00,43.810001373291016,43.834999084472656,43.810001373291016,43.83000183105469,51710
2025-09-15 17:20:00+00:00,43.81420135498047,43.81999969482422,43.80009841918945,43.814998626708984,52207
2025-09-15 17:25:00+00:00,43.814998626708984,43.82550048828125,43.790000915527344,43.814998626708984,98564
2025-09-15 17:30:00+00:00,43.80500030517578,43.81999969482422,43.77000045776367,43.814998626708984,93382
2025-09-15 17:35:00+00:00,43.814998626708984,43.83000183105469,43.790000915527344,43.80500030517578,92286
2025-09-15 17:40:00+00:00,43.834999084472656,43.839900970458984,43.814998626708984,43.814998626708984,60927
2025-09-15 17:45:00+00:00,43.81999969482422,43.84000015258789,43.80500030517578,43.83000183105469,60419
2025-09-15 17:50:00+00:00,43.80500030517578,43.83000183105469,43.79999923706055,43.81999969482422,70134
2025-09-15 17:55:00+00:00,43.834999084472656,43.84000015258789,43.80500030517578,43.80500030517578,51854
2025-09-15 18:00:00+00:00,43.82500076293945,43.84600067138672,43.81010055541992,43.84000015258789,80278
2025-09-15 18:05:00+00:00,43.816200256347656,43.83000183105469,43.79999923706055,43.82500076293945,73166
2025-09-15 18:10:00+00:00,43.834999084472656,43.845001220703125,43.790000915527344,43.815101623535156,129902
2025-09-15 18:15:00+00:00,43.869998931884766,43.869998931884766,43.83000183105469,43.834999084472656,72395
2025-09-15 18:20:00+00:00,43.906700134277344,43.90999984741211,43.8650016784668,43.8650016784668,106939
2025-09-15 18:25:00+00:00,43.89500045776367,43.904998779296875,43.869998931884766,43.904998779296875,82724
2025-09-15 18:30:00+00:00,43.85499954223633,43.89509963989258,43.843101501464844,43.89500045776367,94297
2025-09-15 18:35:00+00:00,43.860198974609375,43.880001068115234,43.83000183105469,43.849998474121094,93161
2025-09-15 18:40:00+00:00,43.904998779296875,43.90999984741211,43.862300872802734,43.862300872802734,85856
2025-09-15 18:45:00+00:00,43.880001068115234,43.91999816894531,43.880001068115234,43.904998779296875,95921
2025-09-15 18:50:00+00:00,43.88019943237305,43.90999984741211,43.8650016784668,43.880001068115234,114511
2025-09-15 18:55:00+00:00,43.8650016784668,43.88999938964844,43.862998962402344,43.885101318359375,122055
2025-09-15 19:00:00+00:00,43.85337448120117,43.8650016784668,43.84000015258789,43.86000061035156,98664
2025-09-15 19:05:00+00:00,43.86309814453125,43.869998931884766,43.849998474121094,43.85499954223633,83062
2025-09-15 19:10:00+00:00,43.85499954223633,43.880001068115234,43.84170150756836,43.869998931884766,112801
2025-09-15 19:15:00+00:00,43.875,43.880001068115234,43.82500076293945,43.85499954223633,131151
2025-09-15 19:20:00+00:00,43.8849983215332,43.88999938964844,43.869998931884766,43.875,89945
2025-09-15 19:25:00+00:00,43.85499954223633,43.88990020751953,43.849998474121094,43.8849983215332,109958
2025-09-15 19:30:00+00:00,43.9066276550293,43.90999984741211,43.849998474121094,43.86000061035156,194446
2025-09-15 19:35:00+00:00,43.8650016784668,43.9099006652832,43.86000061035156,43.904998779296875,131026
2025-09-15 19:40:00+00:00,43.85499954223633,43.90999984741211,43.849998474121094,43.86000061035156,228844
2025-09-15 19:45:00+00:00,43.90999984741211,43.91999816894531,43.85499954223633,43.859901428222656,197768
2025-09-15 19:50:00+00:00,43.904998779296875,43.929901123046875,43.88999938964844,43.90999984741211,416170
2025-09-15 19:55:00+00:00,43.869998931884766,43.91999816894531,43.86000061035156,43.900001525878906,1379470
2025-09-16 13:30:00+00:00,43.89500045776367,43.90769958496094,43.7599983215332,43.869998931884766,589184
2025-09-16 13:35:00+00:00,43.775001525878906,43.94499969482422,43.7599983215332,43.900001525878906,246906
2025-09-16 13:40:00+00:00,43.650001525878906,43.779998779296875,43.64139938354492,43.775001525878906,285762
2025-09-16 13:45:00+00:00,43.60499954223633,43.66999816894531,43.58000183105469,43.6349983215332,226061
2025-09-16 13:50:00+00:00,43.58549880981445,43.6150016784668,43.5099983215332,43.599998474121094,249090
2025-09-16 13:55:00+00:00,43.65999984741211,43.67499923706055,43.584999084472656,43.589298248291016,134962
2025-09-16 14:00:00+00:00,43.53499984741211,43.66999816894531,43.510101318359375,43.654998779296875,230690
2025-09-16 14:05:00+00:00,43.525001525878906,43.58000183105469,43.5,43.53499984741211,240320
2025-09-16 14:10:00+00:00,43.49509811401367,43.53499984741211,43.47999954223633,43.525001525878906,204935
2025-09-16 14:15:00+00:00,43.51499938964844,43.540000915527344,43.494998931884766,43.494998931884766,151967
2025-09-16 14:20:00+00:00,43.505001068115234,43.53499984741211,43.474998474121094,43.52000045776367,210986
2025-09-16 14:25:00+00:00,43.494998931884766,43.525001525878906,43.47999954223633,43.505001068115234,120291
2025-09-16 14:30:00+00:00,43.505001068115234,43.52989959716797,43.29999923706055,43.5,510273
2025-09-16 14:35:00+00:00,43.595001220703125,43.627498626708984,43.505001068115234,43.505001068115234,136146
2025-09-16 14:40:00+00:00,43.56480026245117,43.599998474121094,43.545101165771484,43.59000015258789,129093
2025-09-16 14:45:00+00:00,43.6150016784668,43.6349983215332,43.56019973754883,43.56999969482422,121401
2025-09-16 14:50:00+00:00,43.65999984741211,43.65999984741211,43.61000061035156,43.619998931884766,110563
2025-09-16 14:55:00+00:00,43.61000061035156,43.68000030517578,43.599998474121094,43.654998779296875,232489
2025-09-16 15:00:00+00:00,43.630001068115234,43.630001068115234,43.58000183105469,43.6150016784668,119704
2025-09-16 15:05:00+00:00,43.625,43.63719940185547,43.595001220703125,43.6349983215332,103793
2025-09-16 15:10:00+00:00,43.564998626708984,43.64500045776367,43.56420135498047,43.625,101256
2025-09-16 15:15:00+00:00,43.54499816894531,43.564998626708984,43.540000915527344,43.564998626708984,67481
2025-09-16 15:20:00+00:00,43.584999084472656,43.6150016784668,43.525001525878906,43.54499816894531,395890
2025-09-16 15:25:00+00:00,43.56999969482422,43.650001525878906,43.56999969482422,43.589900970458984,365167
2025-09-16 15:30:00+00:00,43.55500030517578,43.59000015258789,43.55500030517578,43.58000183105469,82894
2025-09-16 15:35:00+00:00,43.54499816894531,43.57500076293945,43.540000915527344,43.55500030517578,101193
2025-09-16 15:40:00+00:00,43.564998626708984,43.59000015258789,43.540000915527344,43.540000915527344,141745
2025-09-16 15:45:00+00:00,43.560001373291016,43.58665084838867,43.55500030517578,43.564998626708984,69009
2025-09-16 15:50:00+00:00,43.619998931884766,43.619998931884766,43.54499816894531,43.55149841308594,86987
2025-09-16 15:55:00+00:00,43.654998779296875,43.67499923706055,43.6161994934082,43.61819839477539,103881
2025-09-16 16:00:00+00:00,43.71500015258789,43.720001220703125,43.650001525878906,43.654998779296875,95673
2025-09-16 16:05:00+00:00,43.665000915527344,43.720001220703125,43.665000915527344,43.71500015258789,72197
2025-09-16 16:10:00+00:00,43.64500045776367,43.67499923706055,43.63999938964844,43.66419982910156,68267
2025-09-16 16:15:00+00:00,43.665000915527344,43.689998626708984,43.64500045776367,43.650001525878906,120319
2025-09-16 16:20:00+00:00,43.6349983215332,43.67499923706055,43.6349983215332,43.665000915527344,116049
2025-09-16 16:25:00+00:00,43.6150016784668,43.63999938964844,43.599998474121094,43.63999938964844,51424
2025-09-16 16:30:00+00:00,43.619998931884766,43.650001525878906,43.61000061035156,43.61000061035156,51715
2025-09-16 16:35:00+00:00,43.61000061035156,43.630001068115234,43.599998474121094,43.6150016784668,46501
2025-09-16 16:40:00+00:00,43.60879898071289,43.619998931884766,43.59000015258789,43.61000061035156,70761
2025-09-16 16:45:00+00:00,43.599998474121094,43.60530090332031,43.58000183105469,43.599998474121094,93946
2025-09-16 16:50:00+00:00,43.584999084472656,43.62580108642578,43.58000183105469,43.60499954223633,91175
2025-09-16 16:55:00+00:00,43.595001220703125,43.599998474121094,43.56999969482422,43.584999084472656,99568
2025-09-16 17:00:00+00:00,43.59809875488281,43.630001068115234,43.59000015258789,43.595001220703125,63571
2025-09-16 17:05:00+00:00,43.6150016784668,43.63999938964844,43.595001220703125,43.59809875488281,72815
2025-09-16 17:10:00+00:00,43.6349983215332,43.63999938964844,43.599998474121094,43.61000061035156,60329
2025-09-16 17:15:00+00:00,43.63999938964844,43.650001525878906,43.630001068115234,43.6349983215332,79324
2025-09-16 17:20:00+00:00,43.64500045776367,43.64500045776367,43.619998931884766,43.63399887084961,62423
2025-09-16 17:25:00+00:00,43.67499923706055,43.67509841918945,43.63999938964844,43.64500045776367,85684
2025-09-16 17:30:00+00:00,43.67490005493164,43.689998626708984,43.65999984741211,43.67499923706055,79329
2025-09-16 17:35:00+00:00,43.685001373291016,43.69990158081055,43.66999816894531,43.67499923706055,96201
2025-09-16 17:40:00+00:00,43.68989944458008,43.689998626708984,43.65999984741211,43.685001373291016,89963
2025-09-16 17:45:00+00:00,43.69499969482422,43.69990158081055,43.68000030517578,43.685001373291016,58362
2025-09-16 17:50:00+00:00,43.69329833984375,43.70000076293945,43.68389892578125,43.69029998779297,76900
2025-09-16 17:55:00+00:00,43.64500045776367,43.70000076293945,43.64500045776367,43.69499969482422,109686
2025-09-16 18:00:00+00:00,43.6349983215332,43.654998779296875,43.619998931884766,43.64500045776367,88808
2025-09-16 18:05:00+00:00,43.66809844970703,43.669898986816406,43.630001068115234,43.63589859008789,82429
2025-09-16 18:10:00+00:00,43.64500045776367,43.68000030517578,43.64500045776367,43.665000915527344,104639
2025-09-16 18:15:00+00:00,43.64500045776367,43.685001373291016,43.640098571777344,43.64500045776367,99725
2025-09-16 18:20:00+00:00,43.650001525878906,43.65620040893555,43.6349983215332,43.64500045776367,85297
2025-09-16 18:25:00+00:00,43.66310119628906,43.66999816894531,43.63999938964844,43.64500045776367,73718
2025-09-16 18:30:00+00:00,43.665000915527344,43.689998626708984,43.65999984741211,43.665000915527344,111404
2025-09-16 18:35:00+00:00,43.65999984741211,43.68000030517578,43.654998779296875,43.665000915527344,109873
2025-09-16 18:40:00+00:00,43.65999984741211,43.66999816894531,43.650001525878906,43.665000915527344,62332
2025-09-16 18:45:00+00:00,43.69499969482422,43.70000076293945,43.654998779296875,43.65999984741211,123623
2025-09-16 18:50:00+00:00,43.73500061035156,43.73640060424805,43.69449996948242,43.69499969482422,124247
2025-09-16 18:55:00+00:00,43.720001220703125,43.7400016784668,43.709999084472656,43.73500061035156,90150
2025-09-16 19:00:00+00:00,43.704498291015625,43.71500015258789,43.66999816894531,43.71500015258789,117717
2025-09-16 19:05:00+00:00,43.685001373291016,43.709999084472656,43.65999984741211,43.709999084472656,94203
2025-09-16 19:10:00+00:00,43.724998474121094,43.72999954223633,43.68000030517578,43.689998626708984,125621
2025-09-16 19:15:00+00:00,43.724998474121094,43.7400016784668,43.720001220703125,43.724998474121094,101167
2025-09-16 19:20:00+00:00,43.724998474121094,43.744998931884766,43.720001220703125,43.724998474121094,120948
2025-09-16 19:25:00+00:00,43.67499923706055,43.72999954223633,43.66999816894531,43.724998474121094,134143
2025-09-16 19:30:00+00:00,43.69499969482422,43.709999084472656,43.66999816894531,43.67499923706055,137835
2025-09-16 19:35:00+00:00,43.73500061035156,43.75,43.689998626708984,43.69499969482422,189728
2025-09-16 19:40:00+00:00,43.69020080566406,43.7400016784668,43.685001373291016,43.73500061035156,230437
2025-09-16 19:45:00+00:00,43.69499969482422,43.709999084472656,43.66999816894531,43.69499969482422,199708
2025-09-16 19:50:00+00:00,43.71500015258789,43.7400016784668,43.69839859008789,43.70000076293945,297139
2025-09-16 19:55:00+00:00,43.7400016784668,43.77000045776367,43.69499969482422,43.71500015258789,1030815
2025-09-17 13:30:00+00:00,43.91999816894531,43.989898681640625,43.85499954223633,43.869998931884766,438154
2025-09-17 13:35:00+00:00,44.04499816894531,44.04890060424805,43.90999984741211,43.92499923706055,262830
2025-09-17 13:40:00+00:00,44.15010070800781,44.18000030517578,44.0099983215332,44.04990005493164,261809
2025-09-17 13:45:00+00:00,44.14500045776367,44.16999816894531,44.09000015258789,44.154998779296875,235753
2025-09-17 13:50:00+00:00,44.23500061035156,44.2400016784668,44.1150016784668,44.13999938964844,189195
2025-09-17 13:55:00+00:00,44.19990158081055,44.25,44.161399841308594,44.23500061035156,140697
2025-09-17 14:00:00+00:00,44.224998474121094,44.22999954223633,44.16999816894531,44.20000076293945,165805
2025-09-17 14:05:00+00:00,44.209999084472656,44.2400016784668,44.18000030517578,44.220001220703125,191038
2025-09-17 14:10:00+00:00,44.15999984741211,44.220001220703125,44.15999984741211,44.20500183105469,136141
2025-09-17 14:15:00+00:00,44.28499984741211,44.28499984741211,44.15999984741211,44.165000915527344,233795
2025-09-17 14:20:00+00:00,44.31999969482422,44.31999969482422,44.25,44.28010177612305,151686
2025-09-17 14:25:00+00:00,44.290000915527344,44.349998474121094,44.279998779296875,44.310001373291016,180637
2025-09-17 14:30:00+00:00,44.26499938964844,44.29999923706055,44.2400016784668,44.28499984741211,141046
2025-09-17 14:35:00+00:00,44.28499984741211,44.29999923706055,44.255001068115234,44.2599983215332,278844
2025-09-17 14:40:00+00:00,44.29499816894531,44.34000015258789,44.2599983215332,44.28499984741211,148845
2025-09-17 14:45:00+00:00,44.290000915527344,44.314998626708984,44.27000045776367,44.29499816894531,105476
2025-09-17 14:50:00+00:00,44.334999084472656,44.349998474121094,44.275001525878906,44.2864990234375,135348
2025-09-17 14:55:00+00:00,44.32500076293945,44.345001220703125,44.31999969482422,44.34000015258789,155688
2025-09-17 15:00:00+00:00,44.349998474121094,44.3650016784668,44.31999969482422,44.33000183105469,121136
2025-09-17 15:05:00+00:00,44.33000183105469,44.349998474121094,44.33000183105469,44.349998474121094,88304
2025-09-17 15:10:00+00:00,44.34000015258789,44.345001220703125,44.30500030517578,44.33000183105469,115616
2025-09-17 15:15:00+00:00,44.32500076293945,44.339900970458984,44.29999923706055,44.334999084472656,155413
2025-09-17 15:20:00+00:00,44.36000061035156,44.380001068115234,44.32429885864258,44.32429885864258,178741
2025-09-17 15:25:00+00:00,44.32500076293945,44.3650016784668,44.310001373291016,44.3650016784668,189744
2025-09-17 15:30:00+00:00,44.334999084472656,44.36000061035156,44.310001373291016,44.31999969482422,89177
2025-09-17 15:35:00+00:00,44.380001068115234,44.40999984741211,44.33000183105469,44.334999084472656,182805
2025-09-17 15:40:00+00:00,44.343299865722656,44.375,44.33000183105469,44.375,76793
2025-09-17 15:45:00+00:00,44.29990005493164,44.345001220703125,44.290000915527344,44.345001220703125,163687
2025-09-17 15:50:00+00:00,44.35499954223633,44.36000061035156,44.29499816894531,44.29499816894531,132974
2025-09-17 15:55:00+00:00,44.345001220703125,44.3650016784668,44.33000183105469,44.36000061035156,117521
2025-09-17 16:00:00+00:00,44.36000061035156,44.36640167236328,44.33000183105469,44.345001220703125,88371
2025-09-17 16:05:00+00:00,44.334999084472656,44.36000061035156,44.324501037597656,44.35499954223633,68275
2025-09-17 16:10:00+00:00,44.32500076293945,44.35499954223633,44.314998626708984,44.330101013183594,104200
2025-09-17 16:15:00+00:00,44.314998626708984,44.33610153198242,44.310001373291016,44.329898834228516,95266
2025-09-17 16:20:00+00:00,44.33420181274414,44.34000015258789,44.310001373291016,44.314998626708984,51468
2025-09-17 16:25:00+00:00,44.35499954223633,44.36000061035156,44.32500076293945,44.34000015258789,160764
2025-09-17 16:30:00+00:00,44.349998474121094,44.36000061035156,44.334999084472656,44.35499954223633,120576
2025-09-17 16:35:00+00:00,44.33000183105469,44.36000061035156,44.33000183105469,44.36000061035156,110236
2025-09-17 16:40:00+00:00,44.28499984741211,44.345001220703125,44.279998779296875,44.33000183105469,128334
2025-09-17 16:45:00+00:00,44.275001525878906,44.2963981628418,44.2599983215332,44.290000915527344,96650
2025-09-17 16:50:00+00:00,44.27830123901367,44.29999923706055,44.27000045776367,44.27450180053711,84792
2025-09-17 16:55:00+00:00,44.28499984741211,44.30500030517578,44.275001525878906,44.279998779296875,58073
2025-09-17 17:00:00+00:00,44.229698181152344,44.29499816894531,44.224300384521484,44.28499984741211,123369
2025-09-17 17:05:00+00:00,44.224998474121094,44.25,44.21500015258789,44.22999954223633,133676
2025-09-17 17:10:00+00:00,44.189998626708984,44.22999954223633,44.16120147705078,44.220001220703125,104878
2025-09-17 17:15:00+00:00,44.19990158081055,44.2056999206543,44.18000030517578,44.189998626708984,56493
2025-09-17 17:20:00+00:00,44.17399978637695,44.20000076293945,44.16999816894531,44.20000076293945,127497
2025-09-17 17:25:00+00:00,44.13019943237305,44.17639923095703,44.130001068115234,44.16999816894531,112998
2025-09-17 17:30:00+00:00,44.16310119628906,44.18000030517578,44.130001068115234,44.1349983215332,63963
2025-09-17 17:35:00+00:00,44.154998779296875,44.165000915527344,44.1349983215332,44.15999984741211,71262
2025-09-17 17:40:00+00:00,44.1349983215332,44.17499923706055,44.12379837036133,44.15999984741211,105380
2025-09-17 17:45:00+00:00,44.130001068115234,44.150001525878906,44.119998931884766,44.1349983215332,86549
2025-09-17 17:50:00+00:00,44.16999816894531,44.16999816894531,44.130001068115234,44.130001068115234,66957
2025-09-17 17:55:00+00:00,44.16999816894531,44.185001373291016,44.150001525878906,44.165000915527344,80931
2025-09-17 18:00:00+00:00,44.185001373291016,44.2400016784668,44.16999816894531,44.16999816894531,129808
2025-09-17 18:05:00+00:00,44.29499816894531,44.30500030517578,44.18450164794922,44.18450164794922,158096
2025-09-17 18:10:00+00:00,44.32099914550781,44.36000061035156,44.28499984741211,44.29499816894531,207187
2025-09-17 18:15:00+00:00,44.2244987487793,44.32500076293945,44.209999084472656,44.31999969482422,96182
2025-09-17 18:20:00+00:00,44.21620178222656,44.23500061035156,44.19499969482422,44.224998474121094,95729
2025-09-17 18:25:00+00:00,44.224998474121094,44.23500061035156,44.189998626708984,44.21500015258789,235691
2025-09-17 18:30:00+00:00,44.244998931884766,44.25,44.21009826660156,44.220001220703125,100221
2025-09-17 18:35:00+00:00,44.21500015258789,44.27000045776367,44.21500015258789,44.2400016784668,97810
2025-09-17 18:40:00+00:00,44.21989822387695,44.2775993347168,44.185001373291016,44.21500015258789,181844
2025-09-17 18:45:00+00:00,44.2400016784668,44.255001068115234,44.209999084472656,44.220001220703125,98171
2025-09-17 18:50:00+00:00,44.185001373291016,44.244998931884766,44.17499923706055,44.2400016784668,103268
2025-09-17 18:55:00+00:00,44.18579864501953,44.189998626708984,44.143798828125,44.18000030517578,155397
2025-09-17 19:00:00+00:00,44.185001373291016,44.224998474121094,44.17499923706055,44.18000030517578,131069
2025-09-17 19:05:00+00:00,44.17499923706055,44.1974983215332,44.154998779296875,44.189998626708984,212648
2025-09-17 19:10:00+00:00,44.17499923706055,44.20000076293945,44.150001525878906,44.17499923706055,135160
2025-09-17 19:15:00+00:00,44.17599868774414,44.220001220703125,44.16999816894531,44.17499923706055,119781
2025-09-17 19:20:00+00:00,44.21500015258789,44.22999954223633,44.17499923706055,44.17499923706055,131066
2025-09-17 19:25:00+00:00,44.17499923706055,44.209999084472656,44.165000915527344,44.209999084472656,165240
2025-09-17 19:30:00+00:00,44.19499969482422,44.20000076293945,44.14500045776367,44.17499923706055,108533
2025-09-17 19:35:00+00:00,44.16999816894531,44.220001220703125,44.16999816894531,44.19499969482422,222784
2025-09-17 19:40:00+00:00,44.21500015258789,44.22999954223633,44.15999984741211,44.17499923706055,165422
2025-09-17 19:45:00+00:00,44.209999084472656,44.220001220703125,44.16360092163086,44.21500015258789,237631
2025-09-17 19:50:00+00:00,44.18000030517578,44.209999084472656,44.150001525878906,44.209999084472656,358806
2025-09-17 19:55:00+00:00,44.19499969482422,44.209999084472656,44.150001525878906,44.18000030517578,914897
2025-09-18 13:30:00+00:00,43.810001373291016,43.95249938964844,43.70000076293945,43.880001068115234,923407
2025-09-18 13:35:00+00:00,43.904998779296875,43.91999816894531,43.810001373291016,43.81999969482422,204733
2025-09-18 13:40:00+00:00,43.71989822387695,43.90620040893555,43.689998626708984,43.90620040893555,323542
2025-09-18 13:45:00+00:00,43.77799987792969,43.790000915527344,43.68450164794922,43.709999084472656,209683
2025-09-18 13:50:00+00:00,43.724998474121094,43.775001525878906,43.70000076293945,43.775001525878906,191985
2025-09-18 13:55:00+00:00,43.76150131225586,43.79999923706055,43.720001220703125,43.72010040283203,210470
2025-09-18 14:00:00+00:00,43.814998626708984,43.849998474121094,43.77000045776367,43.77000045776367,142227
2025-09-18 14:05:00+00:00,43.79499816894531,43.83000183105469,43.775001525878906,43.810001373291016,119790
2025-09-18 14:10:00+00:00,43.79499816894531,43.84000015258789,43.793800354003906,43.79499816894531,138259
2025-09-18 14:15:00+00:00,43.80149841308594,43.83000183105469,43.79499816894531,43.79499816894531,93491
2025-09-18 14:20:00+00:00,43.75,43.815101623535156,43.73500061035156,43.80500030517578,160462
2025-09-18 14:25:00+00:00,43.734500885009766,43.778099060058594,43.724998474121094,43.755001068115234,129561
2025-09-18 14:30:00+00:00,43.81019973754883,43.817501068115234,43.720001220703125,43.7400016784668,141934
2025-09-18 14:35:00+00:00,43.804500579833984,43.849998474121094,43.802398681640625,43.810001373291016,169557
2025-09-18 14:40:00+00:00,43.76499938964844,43.82740020751953,43.755001068115234,43.810001373291016,154665
2025-09-18 14:45:00+00:00,43.71620178222656,43.76499938964844,43.714500427246094,43.76499938964844,183400
2025-09-18 14:50:00+00:00,43.709999084472656,43.7400016784668,43.689998626708984,43.71500015258789,172396
2025-09-18 14:55:00+00:00,43.724998474121094,43.73500061035156,43.712799072265625,43.7150993347168,105228
2025-09-18 15:00:00+00:00,43.69540023803711,43.724998474121094,43.68000030517578,43.720001220703125,161525
2025-09-18 15:05:00+00:00,43.64500045776367,43.69499969482422,43.63999938964844,43.69499969482422,206173
2025-09-18 15:10:00+00:00,43.650001525878906,43.65999984741211,43.630001068115234,43.64500045776367,160942
2025-09-18 15:15:00+00:00,43.70000076293945,43.70000076293945,43.64500045776367,43.65399932861328,158886
2025-09-18 15:20:00+00:00,43.724998474121094,43.7400016784668,43.69990158081055,43.70000076293945,177398
2025-09-18 15:25:00+00:00,43.779998779296875,43.79999923706055,43.720001220703125,43.729801177978516,157247
2025-09-18 15:30:00+00:00,43.755001068115234,43.80500030517578,43.744998931884766,43.78499984741211,133864
2025-09-18 15:35:00+00:00,43.78499984741211,43.80500030517578,43.75379943847656,43.755001068115234,122750
2025-09-18 15:40:00+00:00,43.76499938964844,43.78499984741211,43.7599983215332,43.78499984741211,74917
2025-09-18 15:45:00+00:00,43.744998931884766,43.77000045776367,43.71500015258789,43.76499938964844,115882
2025-09-18 15:50:00+00:00,43.73500061035156,43.75,43.709999084472656,43.744998931884766,113299
2025-09-18 15:55:00+00:00,43.71500015258789,43.7400016784668,43.704498291015625,43.73500061035156,77675
2025-09-18 16:00:00+00:00,43.724998474121094,43.744998931884766,43.70500183105469,43.71500015258789,111871
2025-09-18 16:05:00+00:00,43.72140121459961,43.72999954223633,43.709999084472656,43.720001220703125,80024
2025-09-18 16:10:00+00:00,43.71500015258789,43.72990036010742,43.70231628417969,43.720001220703125,73484
2025-09-18 16:15:00+00:00,43.709999084472656,43.73649978637695,43.709999084472656,43.71500015258789,103833
2025-09-18 16:20:00+00:00,43.7135009765625,43.735801696777344,43.709999084472656,43.709999084472656,90488
2025-09-18 16:25:00+00:00,43.71500015258789,43.73691940307617,43.709999084472656,43.720001220703125,70196
2025-09-18 16:30:00+00:00,43.74980163574219,43.75,43.709999084472656,43.71009826660156,136566
2025-09-18 16:35:00+00:00,43.7599983215332,43.77000045776367,43.749698638916016,43.749698638916016,90652
2025-09-18 16:40:00+00:00,43.75,43.775699615478516,43.75,43.76499938964844,74580
2025-09-18 16:45:00+00:00,43.790000915527344,43.79999923706055,43.75,43.75,170832
2025-09-18 16:50:00+00:00,43.79499816894531,43.79999923706055,43.779998779296875,43.79499816894531,86372
2025-09-18 16:55:00+00:00,43.80619812011719,43.814998626708984,43.76250076293945,43.79499816894531,105289
2025-09-18 17:00:00+00:00,43.7400016784668,43.83000183105469,43.7400016784668,43.79999923706055,139363
2025-09-18 17:05:00+00:00,43.73500061035156,43.7599983215332,43.720001220703125,43.744998931884766,129254
2025-09-18 17:10:00+00:00,43.709999084472656,43.755001068115234,43.709999084472656,43.72999954223633,85396
2025-09-18 17:15:00+00:00,43.71500015258789,43.75,43.70500183105469,43.71500015258789,83700
2025-09-18 17:20:00+00:00,43.69499969482422,43.720001220703125,43.689998626708984,43.71500015258789,116956
2025-09-18 17:25:00+00:00,43.695701599121094,43.705101013183594,43.689998626708984,43.69499969482422,101489
2025-09-18 17:30:00+00:00,43.70009994506836,43.720001220703125,43.689998626708984,43.689998626708984,106457
2025-09-18 17:35:00+00:00,43.685001373291016,43.70989990234375,43.68000030517578,43.70989990234375,87266
2025-09-18 17:40:00+00:00,43.69559860229492,43.709999084472656,43.68000030517578,43.68000030517578,131659
2025-09-18 17:45:00+00:00,43.68450164794922,43.70000076293945,43.68000030517578,43.69499969482422,66648
2025-09-18 17:50:00+00:00,43.66999816894531,43.70000076293945,43.66999816894531,43.689998626708984,81444
2025-09-18 17:55:00+00:00,43.705101013183594,43.709999084472656,43.66999816894531,43.67499923706055,100909
2025-09-18 18:00:00+00:00,43.7400016784668,43.74620056152344,43.70000076293945,43.70000076293945,122187
2025-09-18 18:05:00+00:00,43.76499938964844,43.779998779296875,43.73500061035156,43.73500061035156,90551
2025-09-18 18:10:00+00:00,43.755001068115234,43.779998779296875,43.75,43.76499938964844,99892
2025-09-18 18:15:00+00:00,43.76499938964844,43.779998779296875,43.7599983215332,43.7599983215332,114797
2025-09-18 18:20:00+00:00,43.724700927734375,43.790000915527344,43.724700927734375,43.77000045776367,123188
2025-09-18 18:25:00+00:00,43.71770095825195,43.72999954223633,43.70009994506836,43.724998474121094,114245
2025-09-18 18:30:00+00:00,43.7400016784668,43.75,43.709999084472656,43.71500015258789,79596
2025-09-18 18:35:00+00:00,43.724998474121094,43.74620056152344,43.709999084472656,43.74449920654297,94384
2025-09-18 18:40:00+00:00,43.686100006103516,43.7400016784668,43.685001373291016,43.724998474121094,130575
2025-09-18 18:45:00+00:00,43.667701721191406,43.689998626708984,43.654701232910156,43.68000030517578,140998
2025-09-18 18:50:00+00:00,43.66999816894531,43.66999816894531,43.63999938964844,43.665000915527344,181784
2025-09-18 18:55:00+00:00,43.66379928588867,43.68000030517578,43.650001525878906,43.66999816894531,114189
2025-09-18 19:00:00+00:00,43.65999984741211,43.689998626708984,43.650001525878906,43.65999984741211,107023
2025-09-18 19:05:00+00:00,43.654998779296875,43.66999816894531,43.63999938964844,43.65999984741211,162758
2025-09-18 19:10:00+00:00,43.65999984741211,43.66999816894531,43.64500045776367,43.654998779296875,144735
2025-09-18 19:15:00+00:00,43.670101165771484,43.68619918823242,43.652198791503906,43.66400146484375,150086
2025-09-18 19:20:00+00:00,43.67499923706055,43.68000030517578,43.650001525878906,43.67499923706055,110708
2025-09-18 19:25:00+00:00,43.644500732421875,43.689998626708984,43.644500732421875,43.68000030517578,160300
2025-09-18 19:30:00+00:00,43.62009811401367,43.650001525878906,43.61349868774414,43.648101806640625,273356
2025-09-18 19:35:00+00:00,43.595001220703125,43.635101318359375,43.58000183105469,43.625,207126
2025-09-18 19:40:00+00:00,43.59000015258789,43.64509963989258,43.59000015258789,43.595001220703125,257195
2025-09-18 19:45:00+00:00,43.619998931884766,43.630001068115234,43.584999084472656,43.595001220703125,260425
2025-09-18 19:50:00+00:00,43.685001373291016,43.69499969482422,43.625,43.625,544025
2025-09-18 19:55:00+00:00,43.65999984741211,43.720001220703125,43.65999984741211,43.689998626708984,1242684
2025-09-19 13:30:00+00:00,43.494998931884766,43.78499984741211,43.459999084472656,43.78499984741211,3250025
2025-09-19 13:35:00+00:00,43.63999938964844,43.64500045776367,43.47999954223633,43.5,253559
2025-09-19 13:40:00+00:00,43.625,43.689998626708984,43.60459899902344,43.64590072631836,176630
2025-09-19 13:45:00+00:00,43.755001068115234,43.779998779296875,43.6150016784668,43.619998931884766,188484
2025-09-19 13:50:00+00:00,43.70500183105469,43.77000045776367,43.68000030517578,43.755001068115234,140545
2025-09-19 13:55:00+00:00,43.709999084472656,43.7598991394043,43.70000076293945,43.70500183105469,153018
2025-09-19 14:00:00+00:00,43.619998931884766,43.72999954223633,43.61240005493164,43.720001220703125,87667
2025-09-19 14:05:00+00:00,43.59360122680664,43.63990020751953,43.57460021972656,43.619998931884766,105815
2025-09-19 14:10:00+00:00,43.56999969482422,43.61000061035156,43.55500030517578,43.599998474121094,73715
2025-09-19 14:15:00+00:00,43.57460021972656,43.59000015258789,43.540000915527344,43.576499938964844,104135
2025-09-19 14:20:00+00:00,43.60499954223633,43.6150016784668,43.540000915527344,43.57720184326172,111056
2025-09-19 14:25:00+00:00,43.589900970458984,43.6150016784668,43.580101013183594,43.599998474121094,93579
2025-09-19 14:30:00+00:00,43.595001220703125,43.61000061035156,43.58000183105469,43.59000015258789,97049
2025-09-19 14:35:00+00:00,43.61989974975586,43.62689971923828,43.584999084472656,43.595001220703125,99235
2025-09-19 14:40:00+00:00,43.625,43.64500045776367,43.61389923095703,43.619998931884766,90370
2025-09-19 14:45:00+00:00,43.61000061035156,43.62990188598633,43.595001220703125,43.62990188598633,74054
2025-09-19 14:50:00+00:00,43.625,43.64820098876953,43.61000061035156,43.61000061035156,105666
2025-09-19 14:55:00+00:00,43.60499954223633,43.63629913330078,43.60499954223633,43.625,68825
2025-09-19 15:00:00+00:00,43.630001068115234,43.63999938964844,43.60499954223633,43.60499954223633,76168
2025-09-19 15:05:00+00:00,43.600101470947266,43.625,43.56999969482422,43.625,97493
2025-09-19 15:10:00+00:00,43.593101501464844,43.619998931884766,43.593101501464844,43.61000061035156,75616
2025-09-19 15:15:00+00:00,43.584999084472656,43.60540008544922,43.58000183105469,43.595001220703125,61271
2025-09-19 15:20:00+00:00,43.6349983215332,43.63999938964844,43.58330154418945,43.589698791503906,72579
2025-09-19 15:25:00+00:00,43.58000183105469,43.63999938964844,43.58000183105469,43.6349983215332,75912
2025-09-19 15:30:00+00:00,43.6150016784668,43.6150016784668,43.575401306152344,43.584999084472656,151401
2025-09-19 15:35:00+00:00,43.55500030517578,43.619998931884766,43.540000915527344,43.619998931884766,166775
2025-09-19 15:40:00+00:00,43.560001373291016,43.595001220703125,43.540000915527344,43.560001373291016,97618
2025-09-19 15:45:00+00:00,43.570098876953125,43.58000183105469,43.54010009765625,43.564998626708984,100833
2025-09-19 15:50:00+00:00,43.595001220703125,43.59989929199219,43.55500030517578,43.57500076293945,111967
2025-09-19 15:55:00+00:00,43.64500045776367,43.65999984741211,43.59000015258789,43.595001220703125,242366
2025-09-19 16:00:00+00:00,43.654998779296875,43.67539978027344,43.619998931884766,43.64500045776367,116628
2025-09-19 16:05:00+00:00,43.64459991455078,43.66999816894531,43.63999938964844,43.654998779296875,64146
2025-09-19 16:10:00+00:00,43.66999816894531,43.66999816894531,43.630001068115234,43.640098571777344,89357
2025-09-19 16:15:00+00:00,43.67499923706055,43.68000030517578,43.65999984741211,43.66559982299805,52290
2025-09-19 16:20:00+00:00,43.654998779296875,43.68000030517578,43.65010070800781,43.67499923706055,64426
2025-09-19 16:25:00+00:00,43.65999984741211,43.65999984741211,43.630001068115234,43.654998779296875,68261
2025-09-19 16:30:00+00:00,43.665000915527344,43.66999816894531,43.63999938964844,43.65620040893555,59652
2025-09-19 16:35:00+00:00,43.654998779296875,43.66999816894531,43.63999938964844,43.66460037231445,87032
2025-09-19 16:40:00+00:00,43.58620071411133,43.654998779296875,43.58000183105469,43.650001525878906,66206
2025-09-19 16:45:00+00:00,43.6150016784668,43.619998931884766,43.58000183105469,43.584999084472656,83541
2025-09-19 16:50:00+00:00,43.62540054321289,43.63990020751953,43.614601135253906,43.6150016784668,69825
2025-09-19 16:55:00+00:00,43.614898681640625,43.630001068115234,43.60499954223633,43.625,60871
2025-09-19 17:00:00+00:00,43.64500045776367,43.649898529052734,43.6150016784668,43.6150016784668,66127
2025-09-19 17:05:00+00:00,43.65620040893555,43.65999984741211,43.63010025024414,43.64500045776367,49590
2025-09-19 17:10:00+00:00,43.650001525878906,43.65999984741211,43.633399963378906,43.654998779296875,42483
2025-09-19 17:15:00+00:00,43.68000030517578,43.689998626708984,43.650001525878906,43.650001525878906,84177
2025-09-19 17:20:00+00:00,43.65999984741211,43.68619918823242,43.650001525878906,43.68000030517578,53645
2025-09-19 17:25:00+00:00,43.69580078125,43.69649887084961,43.65999984741211,43.662498474121094,104543
2025-09-19 17:30:00+00:00,43.71500015258789,43.72999954223633,43.685001373291016,43.69499969482422,119247
2025-09-19 17:35:00+00:00,43.74620056152344,43.75,43.709999084472656,43.720001220703125,85275
2025-09-19 17:40:00+00:00,43.724998474121094,43.75,43.720001220703125,43.74250030517578,65374
2025-09-19 17:45:00+00:00,43.709999084472656,43.72999954223633,43.70000076293945,43.724998474121094,58916
2025-09-19 17:50:00+00:00,43.744998931884766,43.75,43.70000076293945,43.70500183105469,64475
2025-09-19 17:55:00+00:00,43.744998931884766,43.77000045776367,43.7400016784668,43.7400016784668,75976
2025-09-19 18:00:00+00:00,43.744998931884766,43.7599983215332,43.724998474121094,43.75,76504
2025-09-19 18:05:00+00:00,43.73609924316406,43.75,43.72999954223633,43.744998931884766,49124
2025-09-19 18:10:00+00:00,43.70500183105469,43.7400016784668,43.70000076293945,43.7400016784668,61417
2025-09-19 18:15:00+00:00,43.70500183105469,43.720001220703125,43.70000076293945,43.70500183105469,57401
2025-09-19 18:20:00+00:00,43.70500183105469,43.72999954223633,43.70000076293945,43.70500183105469,72644
2025-09-19 18:25:00+00:00,43.676300048828125,43.70500183105469,43.65999984741211,43.70000076293945,71067
2025-09-19 18:30:00+00:00,43.649898529052734,43.68000030517578,43.630001068115234,43.67649841308594,85962
2025-09-19 18:35:00+00:00,43.649898529052734,43.68000030517578,43.63010025024414,43.64500045776367,80093
2025-09-19 18:40:00+00:00,43.64500045776367,43.65999984741211,43.63999938964844,43.650001525878906,55272
2025-09-19 18:45:00+00:00,43.64500045776367,43.650001525878906,43.619998931884766,43.64500045776367,104462
2025-09-19 18:50:00+00:00,43.625,43.650001525878906,43.622798919677734,43.64500045776367,59330
2025-09-19 18:55:00+00:00,43.63999938964844,43.63999938964844,43.61000061035156,43.630001068115234,118225
2025-09-19 19:00:00+00:00,43.654998779296875,43.68000030517578,43.625,43.6349983215332,117775
2025-09-19 19:05:00+00:00,43.63010025024414,43.6796989440918,43.630001068115234,43.650001525878906,82536
2025-09-19 19:10:00+00:00,43.630001068115234,43.650001525878906,43.630001068115234,43.6349983215332,67899
2025-09-19 19:15:00+00:00,43.70500183105469,43.709999084472656,43.63460159301758,43.636600494384766,107996
2025-09-19 19:20:00+00:00,43.68000030517578,43.720001220703125,43.68000030517578,43.70000076293945,161095
2025-09-19 19:25:00+00:00,43.69499969482422,43.720001220703125,43.67100143432617,43.68000030517578,167174
2025-09-19 19:30:00+00:00,43.67499923706055,43.70500183105469,43.66999816894531,43.689998626708984,135174
2025-09-19 19:35:00+00:00,43.67499923706055,43.70500183105469,43.66999816894531,43.68000030517578,109360
2025-09-19 19:40:00+00:00,43.654998779296875,43.68000030517578,43.650001525878906,43.67499923706055,136682
2025-09-19 19:45:00+00:00,43.69499969482422,43.69990158081055,43.654998779296875,43.654998779296875,256986
2025-09-19 19:50:00+00:00,43.619998931884766,43.689998626708984,43.619998931884766,43.689998626708984,501453
2025-09-19 19:55:00+00:00,43.4900016784668,43.630001068115234,43.470001220703125,43.630001068115234,1300102
2025-09-22 13:30:00+00:00,43.255001068115234,43.52000045776367,43.224998474121094,43.380001068115234,823423
2025-09-22 13:35:00+00:00,43.24850082397461,43.279998779296875,43.209999084472656,43.255001068115234,354563
2025-09-22 13:40:00+00:00,43.29999923706055,43.33000183105469,43.244998931884766,43.244998931884766,215018
2025-09-22 13:45:00+00:00,43.2599983215332,43.3650016784668,43.255001068115234,43.29999923706055,229000
2025-09-22 13:50:00+00:00,43.255001068115234,43.27000045776367,43.224998474121094,43.26499938964844,125779
2025-09-22 13:55:00+00:00,43.33000183105469,43.349998474121094,43.255001068115234,43.2599983215332,163994
2025-09-22 14:00:00+00:00,43.255001068115234,43.349998474121094,43.25,43.32500076293945,183673
2025-09-22 14:05:00+00:00,43.26649856567383,43.279998779296875,43.2400016784668,43.2598991394043,190471
2025-09-22 14:10:00+00:00,43.29999923706055,43.33000183105469,43.26499938964844,43.26499938964844,156419
2025-09-22 14:15:00+00:00,43.32500076293945,43.33000183105469,43.279998779296875,43.30500030517578,123205
2025-09-22 14:20:00+00:00,43.31999969482422,43.33000183105469,43.290000915527344,43.31999969482422,109729
2025-09-22 14:25:00+00:00,43.35499954223633,43.380001068115234,43.31999969482422,43.32619857788086,113480
2025-09-22 14:30:00+00:00,43.380001068115234,43.380001068115234,43.345001220703125,43.35499954223633,127420
2025-09-22 14:35:00+00:00,43.34000015258789,43.380001068115234,43.32500076293945,43.375,158405
2025-09-22 14:40:00+00:00,43.28499984741211,43.349998474121094,43.2599983215332,43.334999084472656,129499
2025-09-22 14:45:00+00:00,43.349998474121094,43.349998474121094,43.290000915527344,43.290000915527344,101304
2025-09-22 14:50:00+00:00,43.310001373291016,43.369998931884766,43.310001373291016,43.345001220703125,155856
2025-09-22 14:55:00+00:00,43.2599983215332,43.316200256347656,43.23350143432617,43.310001373291016,139416
2025-09-22 15:00:00+00:00,43.239898681640625,43.29999923706055,43.22999954223633,43.25,170104
2025-09-22 15:05:00+00:00,43.21500015258789,43.249900817871094,43.20000076293945,43.22999954223633,127074
2025-09-22 15:10:00+00:00,43.16579818725586,43.21500015258789,43.150001525878906,43.21500015258789,229880
2025-09-22 15:15:00+00:00,43.20000076293945,43.20000076293945,43.15999984741211,43.165000915527344,158209
2025-09-22 15:20:00+00:00,43.165000915527344,43.220001220703125,43.13999938964844,43.19900131225586,193468
2025-09-22 15:25:00+00:00,43.20000076293945,43.20000076293945,43.15999984741211,43.165000915527344,137820
2025-09-22 15:30:00+00:00,43.29499816894531,43.30500030517578,43.189998626708984,43.19499969482422,263821
2025-09-22 15:35:00+00:00,43.255001068115234,43.310001373291016,43.2400016784668,43.29499816894531,129459
2025-09-22 15:40:00+00:00,43.209999084472656,43.255001068115234,43.209999084472656,43.255001068115234,113987
2025-09-22 15:45:00+00:00,43.14830017089844,43.21989822387695,43.13999938964844,43.21500015258789,169320
2025-09-22 15:50:00+00:00,43.084999084472656,43.149898529052734,43.06999969482422,43.13999938964844,239594
2025-09-22 15:55:00+00:00,43.1349983215332,43.14649963378906,43.08489990234375,43.084999084472656,157328
2025-09-22 16:00:00+00:00,43.153499603271484,43.17580032348633,43.130001068115234,43.1349983215332,180800
2025-09-22 16:05:00+00:00,43.1349983215332,43.1775016784668,43.119998931884766,43.154998779296875,115833
2025-09-22 16:10:00+00:00,43.11000061035156,43.149898529052734,43.11000061035156,43.130001068115234,164458
2025-09-22 16:15:00+00:00,43.11000061035156,43.125,43.08000183105469,43.1150016784668,165727
2025-09-22 16:20:00+00:00,43.1150016784668,43.125,43.084999084472656,43.11000061035156,144124
2025-09-22 16:25:00+00:00,43.099998474121094,43.119998931884766,43.0900993347168,43.1150016784668,138409
2025-09-22 16:30:00+00:00,43.03499984741211,43.106201171875,43.029998779296875,43.10499954223633,184679
2025-09-22 16:35:00+00:00,43.01900100708008,43.04499816894531,42.9900016784668,43.03580093383789,621313
2025-09-22 16:40:00+00:00,43.01499938964844,43.03559875488281,42.97999954223633,43.01580047607422,167452
2025-09-22 16:45:00+00:00,43.095001220703125,43.11000061035156,43.02000045776367,43.02000045776367,116142
2025-09-22 16:50:00+00:00,43.10499954223633,43.11000061035156,43.04999923706055,43.095001220703125,217544
2025-09-22 16:55:00+00:00,43.154998779296875,43.165000915527344,43.099998474121094,43.10499954223633,166195
2025-09-22 17:00:00+00:00,43.1349983215332,43.20000076293945,43.131500244140625,43.15999984741211,134247
2025-09-22 17:05:00+00:00,43.084999084472656,43.150001525878906,43.084999084472656,43.13629913330078,89995
2025-09-22 17:10:00+00:00,43.095001220703125,43.11000061035156,43.084999084472656,43.089900970458984,103256
2025-09-22 17:15:00+00:00,43.13999938964844,43.15999984741211,43.092098236083984,43.09510040283203,132787
2025-09-22 17:20:00+00:00,43.1349983215332,43.14509963989258,43.11000061035156,43.14509963989258,122741
2025-09-22 17:25:00+00:00,43.13010025024414,43.14619827270508,43.11000061035156,43.1349983215332,161732
2025-09-22 17:30:00+00:00,43.08000183105469,43.13840103149414,43.08000183105469,43.13840103149414,256962
2025-09-22 17:35:00+00:00,43.04999923706055,43.10499954223633,43.029998779296875,43.084999084472656,459513
2025-09-22 17:40:00+00:00,43.099998474121094,43.10499954223633,43.04990005493164,43.04999923706055,211566
2025-09-22 17:45:00+00:00,43.084999084472656,43.119998931884766,43.08000183105469,43.099998474121094,94450
2025-09-22 17:50:00+00:00,43.06999969482422,43.08760070800781,43.060001373291016,43.08330154418945,68348
2025-09-22 17:55:00+00:00,43.084999084472656,43.084999084472656,43.060001373291016,43.07500076293945,39202
2025-09-22 18:00:00+00:00,43.07379913330078,43.105098724365234,43.064701080322266,43.064998626708984,123013
2025-09-22 18:05:00+00:00,43.07500076293945,43.08000183105469,43.064998626708984,43.06999969482422,82861
2025-09-22 18:10:00+00:00,43.07500076293945,43.084999084472656,43.06999969482422,43.07500076293945,88671
2025-09-22 18:15:00+00:00,43.064998626708984,43.084999084472656,43.060001373291016,43.07500076293945,76553
2025-09-22 18:20:00+00:00,43.07849884033203,43.079898834228516,43.040000915527344,43.060001373291016,84711
2025-09-22 18:25:00+00:00,43.06999969482422,43.08000183105469,43.04999923706055,43.0629997253418,109557
2025-09-22 18:30:00+00:00,43.060001373291016,43.08000183105469,43.04999923706055,43.06999969482422,72510
2025-09-22 18:35:00+00:00,43.095001220703125,43.099998474121094,43.060001373291016,43.064998626708984,106611
2025-09-22 18:40:00+00:00,43.07500076293945,43.099998474121094,43.06999969482422,43.095001220703125,82520
2025-09-22 18:45:00+00:00,43.064998626708984,43.07749938964844,43.060001373291016,43.07500076293945,97050
2025-09-22 18:50:00+00:00,43.104801177978516,43.11000061035156,43.060001373291016,43.064998626708984,119212
2025-09-22 18:55:00+00:00,43.10499954223633,43.119998931884766,43.09000015258789,43.10499954223633,129324
2025-09-22 19:00:00+00:00,43.14500045776367,43.15999984741211,43.095001220703125,43.10499954223633,175376
2025-09-22 19:05:00+00:00,43.154998779296875,43.17499923706055,43.130001068115234,43.14509963989258,186795
2025-09-22 19:10:00+00:00,43.19620132446289,43.209999084472656,43.154998779296875,43.154998779296875,248143
2025-09-22 19:15:00+00:00,43.190101623535156,43.20000076293945,43.165000915527344,43.19990158081055,246649
2025-09-22 19:20:00+00:00,43.17499923706055,43.220001220703125,43.16350173950195,43.19499969482422,241626
2025-09-22 19:25:00+00:00,43.14500045776367,43.189998626708984,43.13999938964844,43.17499923706055,172651
2025-09-22 19:30:00+00:00,43.165000915527344,43.165000915527344,43.130001068115234,43.150001525878906,156624
2025-09-22 19:35:00+00:00,43.21500015258789,43.220001220703125,43.15340042114258,43.165000915527344,261499
2025-09-22 19:40:00+00:00,43.19499969482422,43.224998474121094,43.17499923706055,43.21500015258789,301454
2025-09-22 19:45:00+00:00,43.23500061035156,43.244998931884766,43.17340087890625,43.19499969482422,346762
2025-09-22 19:50:00+00:00,43.23500061035156,43.26499938964844,43.19499969482422,43.23500061035156,478813
2025-09-22 19:55:00+00:00,43.15999984741211,43.2400016784668,43.15999984741211,43.22999954223633,1188497
2025-09-23 13:30:00+00:00,43.25,43.25,43.099998474121094,43.15999984741211,488377
2025-09-23 13:35:00+00:00,43.290000915527344,43.290000915527344,43.21149826049805,43.25,167566
2025-09-23 13:40:00+00:00,43.279998779296875,43.30500030517578,43.244998931884766,43.29389953613281,222056
2025-09-23 13:45:00+00:00,43.209999084472656,43.295799255371094,43.18000030517578,43.28499984741211,116392
2025-09-23 13:50:00+00:00,43.1349983215332,43.23500061035156,43.125,43.220001220703125,120863
2025-09-23 13:55:00+00:00,43.13999938964844,43.18000030517578,43.130001068115234,43.1349983215332,171048
2025-09-23 14:00:00+00:00,43.10499954223633,43.17499923706055,43.08000183105469,43.13999938964844,249231
2025-09-23 14:05:00+00:00,43.11000061035156,43.1150016784668,43.06999969482422,43.099998474121094,185275
2025-09-23 14:10:00+00:00,43.04499816894531,43.119998931884766,43.03499984741211,43.1150016784668,209741
2025-09-23 14:15:00+00:00,43.0099983215332,43.04499816894531,43.0,43.03499984741211,205485
2025-09-23 14:20:00+00:00,43.0099983215332,43.02510070800781,42.959999084472656,43.0099983215332,332627
2025-09-23 14:25:00+00:00,43.06999969482422,43.06999969482422,42.9900016784668,43.0099983215332,123847
2025-09-23 14:30:00+00:00,43.09400177001953,43.11000061035156,43.05500030517578,43.066654205322266,127279
2025-09-23 14:35:00+00:00,43.084999084472656,43.119998931884766,43.06999969482422,43.09360122680664,137459
2025-09-23 14:40:00+00:00,43.1150016784668,43.119998931884766,43.060001373291016,43.08000183105469,123767
2025-09-23 14:45:00+00:00,43.13999938964844,43.17499923706055,43.113399505615234,43.1150016784668,209665
2025-09-23 14:50:00+00:00,43.209999084472656,43.22999954223633,43.13999938964844,43.14500045776367,214241
2025-09-23 14:55:00+00:00,43.14500045776367,43.21500015258789,43.13999938964844,43.203800201416016,225213
2025-09-23 15:00:00+00:00,43.19350051879883,43.220001220703125,43.13999938964844,43.14350128173828,136833
2025-09-23 15:05:00+00:00,43.16999816894531,43.20000076293945,43.15399932861328,43.189998626708984,96836
2025-09-23 15:10:00+00:00,43.11259841918945,43.17499923706055,43.11000061035156,43.17499923706055,106032
2025-09-23 15:15:00+00:00,43.119998931884766,43.13999938964844,43.119998931884766,43.119998931884766,120539
2025-09-23 15:20:00+00:00,43.08000183105469,43.130001068115234,43.08000183105469,43.130001068115234,132406
2025-09-23 15:25:00+00:00,43.084999084472656,43.09000015258789,43.06999969482422,43.084999084472656,158583
2025-09-23 15:30:00+00:00,43.06880187988281,43.11000061035156,43.060001373291016,43.084999084472656,148568
2025-09-23 15:35:00+00:00,43.084999084472656,43.09000015258789,43.05500030517578,43.064998626708984,131944
2025-09-23 15:40:00+00:00,43.05500030517578,43.09000015258789,43.029998779296875,43.084999084472656,152319
2025-09-23 15:45:00+00:00,43.04499816894531,43.060001373291016,43.0099983215332,43.05500030517578,390677
2025-09-23 15:50:00+00:00,43.025001525878906,43.08000183105469,43.02000045776367,43.04499816894531,144878
2025-09-23 15:55:00+00:00,43.04990005493164,43.060001373291016,43.02000045776367,43.025001525878906,114173
2025-09-23 16:00:00+00:00,43.04999923706055,43.07500076293945,43.040000915527344,43.04999923706055,125268
2025-09-23 16:05:00+00:00,43.084999084472656,43.099998474121094,43.05400085449219,43.05500030517578,114097
2025-09-23 16:10:00+00:00,43.09349822998047,43.099998474121094,43.070098876953125,43.084999084472656,84371
2025-09-23 16:15:00+00:00,43.1150016784668,43.119998931884766,43.060001373291016,43.09000015258789,113355
2025-09-23 16:20:00+00:00,43.149898529052734,43.150001525878906,43.11009979248047,43.119998931884766,96818
2025-09-23 16:25:00+00:00,43.165000915527344,43.1682014465332,43.13999938964844,43.14500045776367,149913
2025-09-23 16:30:00+00:00,43.14500045776367,43.165000915527344,43.13999938964844,43.165000915527344,90723
2025-09-23 16:35:00+00:00,43.154998779296875,43.15999984741211,43.13010025024414,43.14500045776367,222335
2025-09-23 16:40:00+00:00,43.12299346923828,43.15999984741211,43.119998931884766,43.154998779296875,98512
2025-09-23 16:45:00+00:00,43.1150016784668,43.13999938964844,43.1150016784668,43.119998931884766,82237
2025-09-23 16:50:00+00:00,43.151798248291016,43.185001373291016,43.11009979248047,43.11470031738281,179901
2025-09-23 16:55:00+00:00,43.125,43.16999816894531,43.1150016784668,43.15999984741211,95517
2025-09-23 17:00:00+00:00,43.142398834228516,43.150001525878906,43.119998931884766,43.125,213373
2025-09-23 17:05:00+00:00,43.15380096435547,43.15999984741211,43.119998931884766,43.149898529052734,89382
2025-09-23 17:10:00+00:00,43.154998779296875,43.15999984741211,43.1349983215332,43.154998779296875,73408
2025-09-23 17:15:00+00:00,43.19499969482422,43.20000076293945,43.13999938964844,43.154998779296875,94169
2025-09-23 17:20:00+00:00,43.20500183105469,43.22999954223633,43.190101623535156,43.19499969482422,155000
2025-09-23 17:25:00+00:00,43.20000076293945,43.220001220703125,43.170101165771484,43.20500183105469,110273
2025-09-23 17:30:00+00:00,43.189998626708984,43.209999084472656,43.16999816894531,43.20000076293945,92781
2025-09-23 17:35:00+00:00,43.269901275634766,43.27000045776367,43.185001373291016,43.18989944458008,126177
2025-09-23 17:40:00+00:00,43.2599983215332,43.27000045776367,43.2401008605957,43.26499938964844,153717
2025-09-23 17:45:00+00:00,43.279998779296875,43.290000915527344,43.244998931884766,43.256500244140625,117480
2025-09-23 17:50:00+00:00,43.27000045776367,43.279998779296875,43.23500061035156,43.27773666381836,116237
2025-09-23 17:55:00+00:00,43.22999954223633,43.279998779296875,43.22999954223633,43.27000045776367,97601
2025-09-23 18:00:00+00:00,43.244998931884766,43.2599983215332,43.22999954223633,43.2400016784668,110822
2025-09-23 18:05:00+00:00,43.22999954223633,43.25,43.21500015258789,43.244998931884766,89612
2025-09-23 18:10:00+00:00,43.23500061035156,43.25,43.22010040283203,43.22990036010742,75027
2025-09-23 18:15:00+00:00,43.22829818725586,43.2400016784668,43.220001220703125,43.23860168457031,96665
2025-09-23 18:20:00+00:00,43.26639938354492,43.279998779296875,43.220001220703125,43.22999954223633,84691
2025-09-23 18:25:00+00:00,43.275001525878906,43.279998779296875,43.25,43.27000045776367,69036
2025-09-23 18:30:00+00:00,43.30500030517578,43.314998626708984,43.27000045776367,43.279998779296875,105491
2025-09-23 18:35:00+00:00,43.31999969482422,43.31999969482422,43.290000915527344,43.30500030517578,104845
2025-09-23 18:40:00+00:00,43.310001373291016,43.34000015258789,43.310001373291016,43.314998626708984,157953
2025-09-23 18:45:00+00:00,43.28559875488281,43.316200256347656,43.28499984741211,43.30500030517578,80525
2025-09-23 18:50:00+00:00,43.27510070800781,43.29999923706055,43.2599983215332,43.28499984741211,95018
2025-09-23 18:55:00+00:00,43.256500244140625,43.279998779296875,43.255001068115234,43.279998779296875,100634
2025-09-23 19:00:00+00:00,43.30500030517578,43.33000183105469,43.25419998168945,43.2599983215332,188172
2025-09-23 19:05:00+00:00,43.29499816894531,43.31999969482422,43.290000915527344,43.310001373291016,93430
2025-09-23 19:10:00+00:00,43.28499984741211,43.310001373291016,43.279998779296875,43.29499816894531,100833
2025-09-23 19:15:00+00:00,43.30500030517578,43.310001373291016,43.273399353027344,43.28499984741211,107081
2025-09-23 19:20:00+00:00,43.314998626708984,43.31999969482422,43.290000915527344,43.30500030517578,139672
2025-09-23 19:25:00+00:00,43.314998626708984,43.31999969482422,43.29999923706055,43.31999969482422,136427
2025-09-23 19:30:00+00:00,43.3650016784668,43.380001068115234,43.29499816894531,43.310001373291016,258848
2025-09-23 19:35:00+00:00,43.349998474121094,43.369998931884766,43.31999969482422,43.3650016784668,279352
2025-09-23 19:40:00+00:00,43.34000015258789,43.36970138549805,43.32500076293945,43.349998474121094,237043
2025-09-23 19:45:00+00:00,43.3400993347168,43.35499954223633,43.31999969482422,43.34000015258789,244618
2025-09-23 19:50:00+00:00,43.334999084472656,43.380001068115234,43.31999969482422,43.34000015258789,459263
2025-09-23 19:55:00+00:00,43.375,43.380001068115234,43.31999969482422,43.33000183105469,1295571
2025-09-24 13:30:00+00:00,43.3849983215332,43.3849983215332,43.130001068115234,43.20000076293945,678644
2025-09-24 13:35:00+00:00,43.28499984741211,43.385101318359375,43.2400016784668,43.3849983215332,316305
2025-09-24 13:40:00+00:00,43.189998626708984,43.29499816894531,43.150001525878906,43.28499984741211,420810
2025-09-24 13:45:00+00:00,43.189998626708984,43.19499969482422,43.064998626708984,43.19499969482422,659902
2025-09-24 13:50:00+00:00,43.165000915527344,43.22650146484375,43.15999984741211,43.185001373291016,231806
2025-09-24 13:55:00+00:00,43.17499923706055,43.19499969482422,43.134498596191406,43.165000915527344,161692
2025-09-24 14:00:00+00:00,43.10499954223633,43.18000030517578,43.10499954223633,43.17499923706055,299512
2025-09-24 14:05:00+00:00,43.150001525878906,43.189998626708984,43.10499954223633,43.11000061035156,188887
2025-09-24 14:10:00+00:00,43.1349983215332,43.18000030517578,43.130001068115234,43.153900146484375,215742
2025-09-24 14:15:00+00:00,43.125,43.14500045776367,43.09000015258789,43.13999938964844,206803
2025-09-24 14:20:00+00:00,43.150001525878906,43.16999816894531,43.119998931884766,43.125,142361
2025-09-24 14:25:00+00:00,43.109798431396484,43.154998779296875,43.099998474121094,43.154998779296875,178457
2025-09-24 14:30:00+00:00,43.10499954223633,43.130001068115234,43.08000183105469,43.11000061035156,271985
2025-09-24 14:35:00+00:00,43.1349983215332,43.13999938964844,43.095001220703125,43.10499954223633,180647
2025-09-24 14:40:00+00:00,43.095001220703125,43.15999984741211,43.09000015258789,43.13990020751953,191316
2025-09-24 14:45:00+00:00,43.084999084472656,43.125,43.08000183105469,43.095001220703125,214451
2025-09-24 14:50:00+00:00,43.040000915527344,43.11000061035156,43.040000915527344,43.084999084472656,183475
2025-09-24 14:55:00+00:00,43.005001068115234,43.04999923706055,42.959999084472656,43.04499816894531,471108
2025-09-24 15:00:00+00:00,43.004798889160156,43.02000045776367,42.959999084472656,43.0,230202
2025-09-24 15:05:00+00:00,43.04499816894531,43.04999923706055,43.0,43.005001068115234,154490
2025-09-24 15:10:00+00:00,43.05500030517578,43.06999969482422,43.04499816894531,43.0453987121582,163685
2025-09-24 15:15:00+00:00,43.029998779296875,43.05500030517578,43.029998779296875,43.05500030517578,150553
2025-09-24 15:20:00+00:00,43.025699615478516,43.04499816894531,43.0099983215332,43.03499984741211,170525
2025-09-24 15:25:00+00:00,43.04999923706055,43.04999923706055,43.01499938964844,43.029998779296875,129962
2025-09-24 15:30:00+00:00,42.974998474121094,43.04999923706055,42.974998474121094,43.04499816894531,209222
2025-09-24 15:35:00+00:00,43.02000045776367,43.029998779296875,42.970001220703125,42.974998474121094,128362
2025-09-24 15:40:00+00:00,43.0536994934082,43.060001373291016,43.02000045776367,43.025001525878906,91463
2025-09-24 15:45:00+00:00,43.119998931884766,43.125,43.04999923706055,43.04999923706055,167337
2025-09-24 15:50:00+00:00,43.17499923706055,43.18000030517578,43.11000061035156,43.1150016784668,133598
2025-09-24 15:55:00+00:00,43.1349983215332,43.185001373291016,43.130001068115234,43.17499923706055,109793
2025-09-24 16:00:00+00:00,43.18000030517578,43.189998626708984,43.1349983215332,43.1349983215332,135662
2025-09-24 16:05:00+00:00,43.19499969482422,43.20500183105469,43.14500045776367,43.17499923706055,192755
2025-09-24 16:10:00+00:00,43.18000030517578,43.22529983520508,43.18000030517578,43.19499969482422,148380
2025-09-24 16:15:00+00:00,43.16999816894531,43.189998626708984,43.150001525878906,43.17499923706055,125815
2025-09-24 16:20:00+00:00,43.15999984741211,43.16999816894531,43.13999938964844,43.165000915527344,82036
2025-09-24 16:25:00+00:00,43.18000030517578,43.189998626708984,43.14500045776367,43.154998779296875,112765
2025-09-24 16:30:00+00:00,43.21500015258789,43.220001220703125,43.17490005493164,43.179901123046875,79693
2025-09-24 16:35:00+00:00,43.185001373291016,43.22999954223633,43.18000030517578,43.220001220703125,95527
2025-09-24 16:40:00+00:00,43.180301666259766,43.20000076293945,43.15999984741211,43.185001373291016,65628
2025-09-24 16:45:00+00:00,43.150001525878906,43.189998626708984,43.150001525878906,43.185001373291016,81311
2025-09-24 16:50:00+00:00,43.15620040893555,43.16999816894531,43.13999938964844,43.154998779296875,97484
2025-09-24 16:55:00+00:00,43.1599006652832,43.16999816894531,43.150001525878906,43.154998779296875,66794
2025-09-24 17:00:00+00:00,43.17499923706055,43.18000030517578,43.154598236083984,43.154998779296875,55387
2025-09-24 17:05:00+00:00,43.21500015258789,43.21500015258789,43.16999816894531,43.170101165771484,84078
2025-09-24 17:10:00+00:00,43.23500061035156,43.25,43.20000076293945,43.220001220703125,104399
2025-09-24 17:15:00+00:00,43.25,43.27000045776367,43.220001220703125,43.23500061035156,147026
2025-09-24 17:20:00+00:00,43.224998474121094,43.24509811401367,43.209999084472656,43.244998931884766,64561
2025-09-24 17:25:00+00:00,43.2150993347168,43.22999954223633,43.209999084472656,43.22999954223633,94084
2025-09-24 17:30:00+00:00,43.234500885009766,43.23649978637695,43.2047004699707,43.21500015258789,86570
2025-09-24 17:35:00+00:00,43.19499969482422,43.22999954223633,43.18000030517578,43.224998474121094,122951
2025-09-24 17:40:00+00:00,43.189998626708984,43.220001220703125,43.189998626708984,43.19499969482422,78775
2025-09-24 17:45:00+00:00,43.189998626708984,43.20000076293945,43.15999984741211,43.19499969482422,97798
2025-09-24 17:50:00+00:00,43.17499923706055,43.19499969482422,43.16999816894531,43.19499969482422,127649
2025-09-24 17:55:00+00:00,43.17499923706055,43.189998626708984,43.16999816894531,43.17499923706055,106142
2025-09-24 18:00:00+00:00,43.220001220703125,43.220001220703125,43.14500045776367,43.17499923706055,265194
2025-09-24 18:05:00+00:00,43.20500183105469,43.220001220703125,43.20000076293945,43.21500015258789,70189
2025-09-24 18:10:00+00:00,43.224998474121094,43.22999954223633,43.20000076293945,43.20500183105469,146229
2025-09-24 18:15:00+00:00,43.21500015258789,43.23500061035156,43.20000076293945,43.22999954223633,128153
2025-09-24 18:20:00+00:00,43.19499969482422,43.21989822387695,43.190101623535156,43.21989822387695,125242
2025-09-24 18:25:00+00:00,43.20000076293945,43.205101013183594,43.189998626708984,43.19540023803711,99376
2025-09-24 18:30:00+00:00,43.22549819946289,43.22999954223633,43.19499969482422,43.20500183105469,132904
2025-09-24 18:35:00+00:00,43.244998931884766,43.24509811401367,43.220001220703125,43.22999954223633,71766
2025-09-24 18:40:00+00:00,43.23500061035156,43.25,43.22999954223633,43.244998931884766,73410
2025-09-24 18:45:00+00:00,43.21500015258789,43.2400016784668,43.204200744628906,43.23500061035156,90554
2025-09-24 18:50:00+00:00,43.224998474121094,43.2400016784668,43.209999084472656,43.209999084472656,101124
2025-09-24 18:55:00+00:00,43.23500061035156,43.2400016784668,43.220001220703125,43.224998474121094,97307
2025-09-24 19:00:00+00:00,43.21500015258789,43.2400016784668,43.209999084472656,43.2400016784668,117491
2025-09-24 19:05:00+00:00,43.173500061035156,43.21500015258789,43.16999816894531,43.21500015258789,87489
2025-09-24 19:10:00+00:00,43.17499923706055,43.18000030517578,43.150001525878906,43.17499923706055,174616
2025-09-24 19:15:00+00:00,43.154998779296875,43.189998626708984,43.150001525878906,43.17499923706055,193198
2025-09-24 19:20:00+00:00,43.17499923706055,43.18000030517578,43.150001525878906,43.154998779296875,123215
2025-09-24 19:25:00+00:00,43.165000915527344,43.18000030517578,43.150001525878906,43.18000030517578,160347
2025-09-24 19:30:00+00:00,43.165000915527344,43.16999816894531,43.130001068115234,43.165000915527344,212565
2025-09-24 19:35:00+00:00,43.19499969482422,43.19499969482422,43.150001525878906,43.165000915527344,184272
2025-09-24 19:40:00+00:00,43.224998474121094,43.2400016784668,43.185001373291016,43.19499969482422,208796
2025-09-24 19:45:00+00:00,43.23500061035156,43.2599983215332,43.224998474121094,43.224998474121094,319767
2025-09-24 19:50:00+00:00,43.224998474121094,43.255001068115234,43.220001220703125,43.23500061035156,444685
2025-09-24 19:55:00+00:00,43.18000030517578,43.22999954223633,43.16999816894531,43.224998474121094,1178912
2025-09-25 13:30:00+00:00,43.505001068115234,43.584999084472656,43.2400016784668,43.2400016784668,977010
2025-09-25 13:35:00+00:00,43.654998779296875,43.66579818725586,43.474998474121094,43.505001068115234,377046
2025-09-25 13:40:00+00:00,43.720001220703125,43.76499938964844,43.560001373291016,43.650001525878906,589321
2025-09-25 13:45:00+00:00,43.59000015258789,43.72999954223633,43.54499816894531,43.720001220703125,328282
2025-09-25 13:50:00+00:00,43.474998474121094,43.59510040283203,43.470001220703125,43.59000015258789,266403
2025-09-25 13:55:00+00:00,43.46500015258789,43.50849914550781,43.45000076293945,43.470001220703125,250727
2025-09-25 14:00:00+00:00,43.44350051879883,43.494998931884766,43.41999816894531,43.470001220703125,218664
2025-09-25 14:05:00+00:00,43.44499969482422,43.455101013183594,43.40250015258789,43.44649887084961,175821
2025-09-25 14:10:00+00:00,43.59000015258789,43.595001220703125,43.44499969482422,43.44499969482422,217474
2025-09-25 14:15:00+00:00,43.564998626708984,43.599998474121094,43.529998779296875,43.58000183105469,260366
2025-09-25 14:20:00+00:00,43.564998626708984,43.595001220703125,43.54999923706055,43.564998626708984,167833
2025-09-25 14:25:00+00:00,43.494998931884766,43.560001373291016,43.4900016784668,43.560001373291016,342152
2025-09-25 14:30:00+00:00,43.47999954223633,43.505001068115234,43.459999084472656,43.494998931884766,165957
2025-09-25 14:35:00+00:00,43.499900817871094,43.5098991394043,43.46500015258789,43.474998474121094,216037
2025-09-25 14:40:00+00:00,43.42499923706055,43.496498107910156,43.40999984741211,43.494998931884766,154884
2025-09-25 14:45:00+00:00,43.43989944458008,43.45000076293945,43.40999984741211,43.41999816894531,125636
2025-09-25 14:50:00+00:00,43.45000076293945,43.455101013183594,43.400001525878906,43.43190002441406,137048
2025-09-25 14:55:00+00:00,43.375,43.45000076293945,43.369998931884766,43.45000076293945,270414
2025-09-25 15:00:00+00:00,43.349998474121094,43.3849983215332,43.349998474121094,43.375,168127
2025-09-25 15:05:00+00:00,43.345001220703125,43.38529968261719,43.34000015258789,43.35499954223633,158792
2025-09-25 15:10:00+00:00,43.375,43.380001068115234,43.314998626708984,43.345001220703125,207600
2025-09-25 15:15:00+00:00,43.4474983215332,43.45000076293945,43.375,43.375,250532
2025-09-25 15:20:00+00:00,43.404998779296875,43.459999084472656,43.404998779296875,43.439998626708984,124009
2025-09-25 15:25:00+00:00,43.435001373291016,43.45000076293945,43.400001525878906,43.404998779296875,191680
2025-09-25 15:30:00+00:00,43.415000915527344,43.435001373291016,43.38999938964844,43.43000030517578,124482
2025-09-25 15:35:00+00:00,43.404998779296875,43.435001373291016,43.38999938964844,43.41550064086914,178633
2025-09-25 15:40:00+00:00,43.400001525878906,43.439998626708984,43.38999938964844,43.40999984741211,144167
2025-09-25 15:45:00+00:00,43.345001220703125,43.40639877319336,43.34000015258789,43.40639877319336,143916
2025-09-25 15:50:00+00:00,43.31999969482422,43.36830139160156,43.27000045776367,43.345001220703125,328104
2025-09-25 15:55:00+00:00,43.34000015258789,43.34000015258789,43.275001525878906,43.32820129394531,237106
2025-09-25 16:00:00+00:00,43.37620162963867,43.380001068115234,43.33000183105469,43.334999084472656,122897
2025-09-25 16:05:00+00:00,43.3849983215332,43.38999938964844,43.34000015258789,43.375,98662
2025-09-25 16:10:00+00:00,43.422401428222656,43.43000030517578,43.36000061035156,43.384498596191406,273071
2025-09-25 16:15:00+00:00,43.39500045776367,43.45000076293945,43.369998931884766,43.42470169067383,166080
2025-09-25 16:20:00+00:00,43.3849983215332,43.40999984741211,43.375,43.39500045776367,106792
2025-09-25 16:25:00+00:00,43.38949966430664,43.400001525878906,43.36000061035156,43.3849983215332,143253
2025-09-25 16:30:00+00:00,43.400001525878906,43.439998626708984,43.3849983215332,43.385101318359375,95863
2025-09-25 16:35:00+00:00,43.42179870605469,43.43000030517578,43.37300109863281,43.400001525878906,104076
2025-09-25 16:40:00+00:00,43.404998779296875,43.435001373291016,43.400001525878906,43.41999816894531,85318
2025-09-25 16:45:00+00:00,43.375,43.40999984741211,43.369998931884766,43.400001525878906,89498
2025-09-25 16:50:00+00:00,43.39500045776367,43.39739990234375,43.36240005493164,43.375,142237
2025-09-25 16:55:00+00:00,43.39500045776367,43.42499923706055,43.380001068115234,43.391300201416016,109337
2025-09-25 17:00:00+00:00,43.345001220703125,43.39500045776367,43.34000015258789,43.38999938964844,126810
2025-09-25 17:05:00+00:00,43.30500030517578,43.34629821777344,43.29999923706055,43.345001220703125,125648
2025-09-25 17:10:00+00:00,43.310001373291016,43.32500076293945,43.29999923706055,43.30500030517578,110203
2025-09-25 17:15:00+00:00,43.349998474121094,43.369998931884766,43.29499816894531,43.310001373291016,131442
2025-09-25 17:20:00+00:00,43.33549880981445,43.349998474121094,43.31999969482422,43.349998474121094,68333
2025-09-25 17:25:00+00:00,43.35150146484375,43.36000061035156,43.33000183105469,43.334999084472656,73574
2025-09-25 17:30:00+00:00,43.35649871826172,43.36000061035156,43.334999084472656,43.35499954223633,105371
2025-09-25 17:35:00+00:00,43.380001068115234,43.400001525878906,43.349998474121094,43.35499954223633,65068
2025-09-25 17:40:00+00:00,43.374698638916016,43.38529968261719,43.369998931884766,43.380001068115234,104619
2025-09-25 17:45:00+00:00,43.345001220703125,43.375,43.34379959106445,43.375,126600
2025-09-25 17:50:00+00:00,43.32500076293945,43.349998474121094,43.31999969482422,43.345001220703125,72222
2025-09-25 17:55:00+00:00,43.345001220703125,43.345001220703125,43.31999969482422,43.32500076293945,116414
2025-09-25 18:00:00+00:00,43.36000061035156,43.369998931884766,43.31999969482422,43.345001220703125,122905
2025-09-25 18:05:00+00:00,43.334999084472656,43.3849983215332,43.33000183105469,43.36280059814453,172461
2025-09-25 18:10:00+00:00,43.314998626708984,43.34000015258789,43.314998626708984,43.33000183105469,109932
2025-09-25 18:15:00+00:00,43.345001220703125,43.36000061035156,43.314998626708984,43.320098876953125,107178
2025-09-25 18:20:00+00:00,43.34510040283203,43.349998474121094,43.31999969482422,43.34000015258789,70969
2025-09-25 18:25:00+00:00,43.33509826660156,43.369998931884766,43.32500076293945,43.349998474121094,138436
2025-09-25 18:30:00+00:00,43.334999084472656,43.35499954223633,43.32500076293945,43.33330154418945,79177
2025-09-25 18:35:00+00:00,43.334999084472656,43.345001220703125,43.31999969482422,43.334999084472656,66752
2025-09-25 18:40:00+00:00,43.30500030517578,43.334999084472656,43.29999923706055,43.334999084472656,115374
2025-09-25 18:45:00+00:00,43.31999969482422,43.349998474121094,43.301700592041016,43.3046989440918,110352
2025-09-25 18:50:00+00:00,43.400001525878906,43.404998779296875,43.31999969482422,43.31999969482422,198809
2025-09-25 18:55:00+00:00,43.435001373291016,43.439998626708984,43.38999938964844,43.38999938964844,312942
2025-09-25 19:00:00+00:00,43.39500045776367,43.43989944458008,43.3849983215332,43.43000030517578,135458
2025-09-25 19:05:00+00:00,43.375,43.400001525878906,43.375,43.39500045776367,126563
2025-09-25 19:10:00+00:00,43.37099838256836,43.400001525878906,43.369998931884766,43.375,137375
2025-09-25 19:15:00+00:00,43.3650016784668,43.380001068115234,43.35499954223633,43.369998931884766,148370
2025-09-25 19:20:00+00:00,43.33649826049805,43.380001068115234,43.33000183105469,43.36000061035156,106673
2025-09-25 19:25:00+00:00,43.314998626708984,43.334999084472656,43.310001373291016,43.334999084472656,120759
2025-09-25 19:30:00+00:00,43.337501525878906,43.345001220703125,43.31291961669922,43.31999969482422,205069
2025-09-25 19:35:00+00:00,43.31999969482422,43.34000015258789,43.31999969482422,43.334999084472656,174725
2025-09-25 19:40:00+00:00,43.30500030517578,43.34000015258789,43.29999923706055,43.31999969482422,204738
2025-09-25 19:45:00+00:00,43.29499816894531,43.33000183105469,43.2599983215332,43.29999923706055,392945
2025-09-25 19:50:00+00:00,43.29999923706055,43.310001373291016,43.25,43.290000915527344,453780
2025-09-25 19:55:00+00:00,43.349998474121094,43.36000061035156,43.290000915527344,43.29499816894531,949258
2025-09-26 13:30:00+00:00,43.540000915527344,43.650001525878906,43.45000076293945,43.650001525878906,551222
2025-09-26 13:35:00+00:00,43.505001068115234,43.54999923706055,43.453590393066406,43.540000915527344,219874
2025-09-26 13:40:00+00:00,43.595001220703125,43.599998474121094,43.47010040283203,43.50600051879883,146871
2025-09-26 13:45:00+00:00,43.65999984741211,43.665000915527344,43.54999923706055,43.595001220703125,214864
2025-09-26 13:50:00+00:00,43.62379837036133,43.665000915527344,43.599998474121094,43.665000915527344,174149
2025-09-26 13:55:00+00:00,43.625,43.665000915527344,43.59000015258789,43.621700286865234,164666
2025-09-26 14:00:00+00:00,43.70000076293945,43.709999084472656,43.619998931884766,43.625,302871
2025-09-26 14:05:00+00:00,43.57500076293945,43.69499969482422,43.540000915527344,43.69499969482422,245357
2025-09-26 14:10:00+00:00,43.54999923706055,43.60649871826172,43.54999923706055,43.577999114990234,108213
2025-09-26 14:15:00+00:00,43.560001373291016,43.59000015258789,43.53350067138672,43.55500030517578,98248
2025-09-26 14:20:00+00:00,43.55500030517578,43.584999084472656,43.529998779296875,43.564998626708984,135501
2025-09-26 14:25:00+00:00,43.59000015258789,43.61000061035156,43.53499984741211,43.55500030517578,137356
2025-09-26 14:30:00+00:00,43.619998931884766,43.619998931884766,43.54999923706055,43.595001220703125,121844
2025-09-26 14:35:00+00:00,43.61000061035156,43.63999938964844,43.60100173950195,43.6150016784668,143090
2025-09-26 14:40:00+00:00,43.595001220703125,43.630001068115234,43.58000183105469,43.6150016784668,109391
2025-09-26 14:45:00+00:00,43.6349983215332,43.63999938964844,43.595001220703125,43.595001220703125,157031
2025-09-26 14:50:00+00:00,43.625,43.63999938964844,43.61000061035156,43.630001068115234,135266
2025-09-26 14:55:00+00:00,43.58660125732422,43.63999938964844,43.584999084472656,43.625,79477
2025-09-26 15:00:00+00:00,43.53369903564453,43.584999084472656,43.53369903564453,43.580101013183594,109877
2025-09-26 15:05:00+00:00,43.56999969482422,43.595001220703125,43.53010177612305,43.53010177612305,142723
2025-09-26 15:10:00+00:00,43.55500030517578,43.58000183105469,43.54499816894531,43.57500076293945,148129
2025-09-26 15:15:00+00:00,43.54499816894531,43.564998626708984,43.540000915527344,43.54999923706055,62386
2025-09-26 15:20:00+00:00,43.525001525878906,43.564998626708984,43.52000045776367,43.54499816894531,102761
2025-09-26 15:25:00+00:00,43.56420135498047,43.58000183105469,43.52000045776367,43.52989959716797,123100
2025-09-26 15:30:00+00:00,43.564998626708984,43.56999969482422,43.540000915527344,43.56999969482422,105602
2025-09-26 15:35:00+00:00,43.584999084472656,43.59000015258789,43.55500030517578,43.564998626708984,104457
2025-09-26 15:40:00+00:00,43.584999084472656,43.61000061035156,43.58000183105469,43.584999084472656,111974
2025-09-26 15:45:00+00:00,43.560001373291016,43.595001220703125,43.55500030517578,43.584999084472656,96977
2025-09-26 15:50:00+00:00,43.53499984741211,43.560001373291016,43.525001525878906,43.5546989440918,78050
2025-09-26 15:55:00+00:00,43.540000915527344,43.54610061645508,43.529998779296875,43.53499984741211,93265
2025-09-26 16:00:00+00:00,43.53499984741211,43.560001373291016,43.53499984741211,43.540000915527344,69264
2025-09-26 16:05:00+00:00,43.564998626708984,43.564998626708984,43.53010177612305,43.53499984741211,67584
2025-09-26 16:10:00+00:00,43.564998626708984,43.57500076293945,43.540000915527344,43.564998626708984,69310
2025-09-26 16:15:00+00:00,43.52000045776367,43.56999969482422,43.52000045776367,43.569698333740234,89533
2025-09-26 16:20:00+00:00,43.579898834228516,43.58000183105469,43.5099983215332,43.51499938964844,79472
2025-09-26 16:25:00+00:00,43.59000015258789,43.59000015258789,43.570098876953125,43.58000183105469,49393
2025-09-26 16:30:00+00:00,43.61000061035156,43.61000061035156,43.58000183105469,43.584999084472656,56422
2025-09-26 16:35:00+00:00,43.630001068115234,43.63999938964844,43.60350036621094,43.61000061035156,91414
2025-09-26 16:40:00+00:00,43.6349983215332,43.63999938964844,43.619998931884766,43.6349983215332,43269
2025-09-26 16:45:00+00:00,43.6349983215332,43.63999938964844,43.62419891357422,43.63349914550781,65427
2025-09-26 16:50:00+00:00,43.6349983215332,43.63999938964844,43.6150016784668,43.6349983215332,89689
2025-09-26 16:55:00+00:00,43.66999816894531,43.66999816894531,43.63370132446289,43.6349983215332,69680
2025-09-26 17:00:00+00:00,43.64500045776367,43.68000030517578,43.64500045776367,43.665000915527344,58065
2025-09-26 17:05:00+00:00,43.64500045776367,43.654998779296875,43.630001068115234,43.64419937133789,51028
2025-09-26 17:10:00+00:00,43.66999816894531,43.66999816894531,43.632198333740234,43.64500045776367,63827
2025-09-26 17:15:00+00:00,43.67499923706055,43.689998626708984,43.660099029541016,43.66999816894531,61984
2025-09-26 17:20:00+00:00,43.70000076293945,43.70000076293945,43.654998779296875,43.67499923706055,80972
2025-09-26 17:25:00+00:00,43.674198150634766,43.709999084472656,43.66999816894531,43.69499969482422,154430
2025-09-26 17:30:00+00:00,43.68000030517578,43.689998626708984,43.65999984741211,43.67499923706055,81724
2025-09-26 17:35:00+00:00,43.654998779296875,43.68009948730469,43.650001525878906,43.67499923706055,65862
2025-09-26 17:40:00+00:00,43.64500045776367,43.68000030517578,43.64500045776367,43.654998779296875,84157
2025-09-26 17:45:00+00:00,43.630001068115234,43.65999984741211,43.630001068115234,43.649898529052734,47004
2025-09-26 17:50:00+00:00,43.625,43.650001525878906,43.619998931884766,43.6349983215332,52702
2025-09-26 17:55:00+00:00,43.625,43.636199951171875,43.6150016784668,43.630001068115234,64172
2025-09-26 18:00:00+00:00,43.595001220703125,43.630001068115234,43.58000183105469,43.625,68265
2025-09-26 18:05:00+00:00,43.564998626708984,43.599998474121094,43.564998626708984,43.595001220703125,59833
2025-09-26 18:10:00+00:00,43.59000015258789,43.59000015258789,43.560001373291016,43.564998626708984,68856
2025-09-26 18:15:00+00:00,43.57149887084961,43.599998474121094,43.56999969482422,43.59000015258789,62476
2025-09-26 18:20:00+00:00,43.560001373291016,43.584999084472656,43.54999923706055,43.579898834228516,90534
2025-09-26 18:25:00+00:00,43.57500076293945,43.59000015258789,43.559898376464844,43.560001373291016,91639
2025-09-26 18:30:00+00:00,43.595001220703125,43.599998474121094,43.570098876953125,43.58000183105469,81756
2025-09-26 18:35:00+00:00,43.59349822998047,43.625,43.59000015258789,43.595001220703125,94874
2025-09-26 18:40:00+00:00,43.584999084472656,43.61000061035156,43.58000183105469,43.595001220703125,54452
2025-09-26 18:45:00+00:00,43.58440017700195,43.59000015258789,43.5625,43.584999084472656,79731
2025-09-26 18:50:00+00:00,43.614200592041016,43.619998931884766,43.58420181274414,43.59000015258789,105252
2025-09-26 18:55:00+00:00,43.619998931884766,43.619998931884766,43.61000061035156,43.619998931884766,54897
2025-09-26 19:00:00+00:00,43.57619857788086,43.625,43.564998626708984,43.619998931884766,82265
2025-09-26 19:05:00+00:00,43.564998626708984,43.584999084472656,43.54999923706055,43.57500076293945,97872
2025-09-26 19:10:00+00:00,43.564998626708984,43.58000183105469,43.560001373291016,43.564998626708984,69405
2025-09-26 19:15:00+00:00,43.58000183105469,43.58000183105469,43.560001373291016,43.564998626708984,78501
2025-09-26 19:20:00+00:00,43.585201263427734,43.59000015258789,43.560001373291016,43.58000183105469,151737
2025-09-26 19:25:00+00:00,43.569000244140625,43.59619903564453,43.560001373291016,43.584999084472656,121104
2025-09-26 19:30:00+00:00,43.595001220703125,43.599998474121094,43.560001373291016,43.564998626708984,180482
2025-09-26 19:35:00+00:00,43.619998931884766,43.625,43.59450149536133,43.595001220703125,144163
2025-09-26 19:40:00+00:00,43.61000061035156,43.63999938964844,43.60499954223633,43.625,123356
2025-09-26 19:45:00+00:00,43.584999084472656,43.630001068115234,43.58000183105469,43.61000061035156,228080
2025-09-26 19:50:00+00:00,43.57500076293945,43.59560012817383,43.54499816894531,43.584999084472656,450081
2025-09-26 19:55:00+00:00,43.61000061035156,43.6150016784668,43.54999923706055,43.573001861572266,877890
2025-09-29 13:30:00+00:00,43.494998931884766,43.6526985168457,43.45000076293945,43.599998474121094,920249
2025-09-29 13:35:00+00:00,43.48500061035156,43.52000045776367,43.404998779296875,43.494998931884766,180608
2025-09-29 13:40:00+00:00,43.43000030517578,43.525001525878906,43.400001525878906,43.48500061035156,149536
2025-09-29 13:45:00+00:00,43.3849983215332,43.470001220703125,43.380001068115234,43.41999816894531,197688
2025-09-29 13:50:00+00:00,43.32500076293945,43.387001037597656,43.314998626708984,43.387001037597656,225043
2025-09-29 13:55:00+00:00,43.28499984741211,43.329898834228516,43.284698486328125,43.32500076293945,174450
2025-09-29 14:00:00+00:00,43.273799896240234,43.34000015258789,43.27000045776367,43.28499984741211,182892
2025-09-29 14:05:00+00:00,43.275001525878906,43.310001373291016,43.2599983215332,43.275001525878906,137049
2025-09-29 14:10:00+00:00,43.32500076293945,43.34000015258789,43.27000045776367,43.279998779296875,193920
2025-09-29 14:15:00+00:00,43.32170104980469,43.34000015258789,43.313499450683594,43.33000183105469,126680
2025-09-29 14:20:00+00:00,43.314998626708984,43.339900970458984,43.27000045776367,43.31999969482422,138715
2025-09-29 14:25:00+00:00,43.349998474121094,43.349998474121094,43.290000915527344,43.310001373291016,153890
2025-09-29 14:30:00+00:00,43.377498626708984,43.41999816894531,43.3400993347168,43.349998474121094,159822
2025-09-29 14:35:00+00:00,43.3650016784668,43.380001068115234,43.349998474121094,43.375,138966
2025-09-29 14:40:00+00:00,43.375,43.38999938964844,43.352699279785156,43.36989974975586,86629
2025-09-29 14:45:00+00:00,43.3650016784668,43.38999938964844,43.363800048828125,43.37350082397461,158342
2025-09-29 14:50:00+00:00,43.33000183105469,43.36000061035156,43.310001373291016,43.36000061035156,111429
2025-09-29 14:55:00+00:00,43.310001373291016,43.34000015258789,43.29999923706055,43.334999084472656,135695
2025-09-29 15:00:00+00:00,43.334999084472656,43.349300384521484,43.30500030517578,43.314998626708984,152259
2025-09-29 15:05:00+00:00,43.31529998779297,43.349998474121094,43.310001373291016,43.334999084472656,112858
2025-09-29 15:10:00+00:00,43.334999084472656,43.34000015258789,43.313499450683594,43.314998626708984,97285
2025-09-29 15:15:00+00:00,43.30500030517578,43.34000015258789,43.29999923706055,43.334999084472656,169982
2025-09-29 15:20:00+00:00,43.31660079956055,43.31660079956055,43.290000915527344,43.30500030517578,227712
2025-09-29 15:25:00+00:00,43.314998626708984,43.33000183105469,43.30500030517578,43.311798095703125,135964
2025-09-29 15:30:00+00:00,43.310001373291016,43.33000183105469,43.279998779296875,43.310001373291016,152873
2025-09-29 15:35:00+00:00,43.27989959716797,43.309898376464844,43.27000045776367,43.30500030517578,157836
2025-09-29 15:40:00+00:00,43.25,43.279998779296875,43.2400016784668,43.27000045776367,275301
2025-09-29 15:45:00+00:00,43.255001068115234,43.279998779296875,43.25,43.255001068115234,140415
2025-09-29 15:50:00+00:00,43.260101318359375,43.279998779296875,43.243499755859375,43.255001068115234,208681
2025-09-29 15:55:00+00:00,43.244998931884766,43.26580047607422,43.2400016784668,43.2599983215332,132197
2025-09-29 16:00:00+00:00,43.224998474121094,43.2599983215332,43.209999084472656,43.25,125691
2025-09-29 16:05:00+00:00,43.23609924316406,43.2400016784668,43.21200180053711,43.220001220703125,88019
2025-09-29 16:10:00+00:00,43.21500015258789,43.22999954223633,43.209999084472656,43.22999954223633,110279
2025-09-29 16:15:00+00:00,43.21900177001953,43.22549819946289,43.20000076293945,43.21500015258789,156781
2025-09-29 16:20:00+00:00,43.224998474121094,43.226200103759766,43.15999984741211,43.214900970458984,236541
2025-09-29 16:25:00+00:00,43.19499969482422,43.229000091552734,43.165000915527344,43.224998474121094,153254
2025-09-29 16:30:00+00:00,43.16999816894531,43.224998474121094,43.16339874267578,43.19499969482422,224303
2025-09-29 16:35:00+00:00,43.19499969482422,43.20000076293945,43.17499923706055,43.17499923706055,70129
2025-09-29 16:40:00+00:00,43.23500061035156,43.2400016784668,43.19499969482422,43.19499969482422,88374
2025-09-29 16:45:00+00:00,43.224998474121094,43.23630142211914,43.209999084472656,43.23630142211914,104709
2025-09-29 16:50:00+00:00,43.209999084472656,43.22999954223633,43.209999084472656,43.224998474121094,79376
2025-09-29 16:55:00+00:00,43.2150993347168,43.2400016784668,43.21500015258789,43.21500015258789,110688
2025-09-29 17:00:00+00:00,43.23619842529297,43.255001068115234,43.209999084472656,43.21500015258789,152808
2025-09-29 17:05:00+00:00,43.165000915527344,43.23500061035156,43.165000915527344,43.23350143432617,139738
2025-09-29 17:10:00+00:00,43.1349983215332,43.189998626708984,43.130001068115234,43.165000915527344,151001
2025-09-29 17:15:00+00:00,43.155601501464844,43.15999984741211,43.130001068115234,43.1349983215332,140781
2025-09-29 17:20:00+00:00,43.12990188598633,43.15999984741211,43.119998931884766,43.1599006652832,159926
2025-09-29 17:25:00+00:00,43.11000061035156,43.130001068115234,43.099998474121094,43.1245002746582,128748
2025-09-29 17:30:00+00:00,43.10499954223633,43.125,43.09000015258789,43.10499954223633,175794
2025-09-29 17:35:00+00:00,43.125,43.13999938964844,43.09349822998047,43.10499954223633,93612
2025-09-29 17:40:00+00:00,43.1349983215332,43.150001525878906,43.119998931884766,43.119998931884766,113163
2025-09-29 17:45:00+00:00,43.125,43.13999938964844,43.119998931884766,43.130001068115234,93409
2025-09-29 17:50:00+00:00,43.14500045776367,43.150001525878906,43.125,43.130001068115234,92783
2025-09-29 17:55:00+00:00,43.15639877319336,43.17499923706055,43.130001068115234,43.14500045776367,163938
2025-09-29 18:00:00+00:00,43.185001373291016,43.189998626708984,43.154998779296875,43.154998779296875,146794
2025-09-29 18:05:00+00:00,43.19499969482422,43.209999084472656,43.17470169067383,43.18009948730469,130878
2025-09-29 18:10:00+00:00,43.203800201416016,43.209999084472656,43.185001373291016,43.19499969482422,108262
2025-09-29 18:15:00+00:00,43.20500183105469,43.209999084472656,43.20000076293945,43.20500183105469,61807
2025-09-29 18:20:00+00:00,43.22460174560547,43.22999954223633,43.18000030517578,43.206600189208984,112284
2025-09-29 18:25:00+00:00,43.22999954223633,43.25,43.220001220703125,43.224998474121094,85723
2025-09-29 18:30:00+00:00,43.22999954223633,43.2400016784668,43.220001220703125,43.23569869995117,68911
2025-09-29 18:35:00+00:00,43.220001220703125,43.24850082397461,43.220001220703125,43.22999954223633,68093
2025-09-29 18:40:00+00:00,43.20500183105469,43.22999954223633,43.2036018371582,43.22529983520508,95429
2025-09-29 18:45:00+00:00,43.21500015258789,43.22999954223633,43.20000076293945,43.20500183105469,101421
2025-09-29 18:50:00+00:00,43.185001373291016,43.220001220703125,43.18000030517578,43.209999084472656,70319
2025-09-29 18:55:00+00:00,43.19499969482422,43.20000076293945,43.18000030517578,43.18000030517578,103669
2025-09-29 19:00:00+00:00,43.19499969482422,43.209999084472656,43.18000030517578,43.19499969482422,110358
2025-09-29 19:05:00+00:00,43.189998626708984,43.20000076293945,43.189998626708984,43.19499969482422,78615
2025-09-29 19:10:00+00:00,43.18000030517578,43.20000076293945,43.17499923706055,43.189998626708984,176902
2025-09-29 19:15:00+00:00,43.20000076293945,43.209999084472656,43.16999816894531,43.185001373291016,152232
2025-09-29 19:20:00+00:00,43.20500183105469,43.209999084472656,43.189998626708984,43.2057991027832,94994
2025-09-29 19:25:00+00:00,43.24250030517578,43.25,43.189998626708984,43.20500183105469,212111
2025-09-29 19:30:00+00:00,43.29999923706055,43.29999923706055,43.244998931884766,43.246700286865234,200577
2025-09-29 19:35:00+00:00,43.290000915527344,43.33000183105469,43.279998779296875,43.29499816894531,224149
2025-09-29 19:40:00+00:00,43.279998779296875,43.31999969482422,43.279998779296875,43.28499984741211,280104
2025-09-29 19:45:00+00:00,43.314998626708984,43.32500076293945,43.279998779296875,43.28499984741211,311655
2025-09-29 19:50:00+00:00,43.244998931884766,43.31999969482422,43.2400016784668,43.318599700927734,540473
2025-09-29 19:55:00+00:00,43.27000045776367,43.27000045776367,43.209999084472656,43.2400016784668,806290
2025-09-30 13:30:00+00:00,43.3849983215332,43.38999938964844,43.189998626708984,43.2400016784668,660684
2025-09-30 13:35:00+00:00,43.525001525878906,43.5364990234375,43.369998931884766,43.3849983215332,288924
2025-09-30 13:40:00+00:00,43.564998626708984,43.56999969482422,43.49100112915039,43.52439880371094,356951
2025-09-30 13:45:00+00:00,43.494998931884766,43.564998626708984,43.459999084472656,43.560001373291016,162157
2025-09-30 13:50:00+00:00,43.564998626708984,43.59000015258789,43.47999954223633,43.4900016784668,157539
2025-09-30 13:55:00+00:00,43.619998931884766,43.625,43.529998779296875,43.560001373291016,212087
2025-09-30 14:00:00+00:00,43.51499938964844,43.6150016784668,43.5099983215332,43.6150016784668,137166
2025-09-30 14:05:00+00:00,43.595001220703125,43.59510040283203,43.5099983215332,43.51499938964844,143722
2025-09-30 14:10:00+00:00,43.685001373291016,43.69499969482422,43.595001220703125,43.595001220703125,169360
2025-09-30 14:15:00+00:00,43.70349884033203,43.7400016784668,43.685001373291016,43.685001373291016,221562
2025-09-30 14:20:00+00:00,43.665000915527344,43.69499969482422,43.654998779296875,43.69499969482422,117258
2025-09-30 14:25:00+00:00,43.64500045776367,43.68000030517578,43.63999938964844,43.66999816894531,107146
2025-09-30 14:30:00+00:00,43.634300231933594,43.665000915527344,43.61000061035156,43.63999938964844,129503
2025-09-30 14:35:00+00:00,43.494998931884766,43.6349983215332,43.47010040283203,43.630001068115234,147565
2025-09-30 14:40:00+00:00,43.540000915527344,43.540000915527344,43.49285125732422,43.5,199149
2025-09-30 14:45:00+00:00,43.57500076293945,43.595001220703125,43.52000045776367,43.529998779296875,351620
2025-09-30 14:50:00+00:00,43.560001373291016,43.595001220703125,43.53499984741211,43.57500076293945,142182
2025-09-30 14:55:00+00:00,43.59000015258789,43.595298767089844,43.540000915527344,43.5571403503418,98485
2025-09-30 15:00:00+00:00,43.58440017700195,43.62419891357422,43.560001373291016,43.58700180053711,172735
2025-09-30 15:05:00+00:00,43.584999084472656,43.60820007324219,43.55500030517578,43.589900970458984,98128
2025-09-30 15:10:00+00:00,43.595001220703125,43.630001068115234,43.56999969482422,43.584999084472656,101583
2025-09-30 15:15:00+00:00,43.70000076293945,43.70500183105469,43.595001220703125,43.595001220703125,203068
2025-09-30 15:20:00+00:00,43.64500045776367,43.709999084472656,43.625,43.70000076293945,147412
2025-09-30 15:25:00+00:00,43.709999084472656,43.709999084472656,43.630001068115234,43.64500045776367,112751
2025-09-30 15:30:00+00:00,43.720001220703125,43.72999954223633,43.689998626708984,43.70500183105469,193789
2025-09-30 15:35:00+00:00,43.73500061035156,43.7400016784668,43.689998626708984,43.720001220703125,216429
2025-09-30 15:40:00+00:00,43.775001525878906,43.779998779296875,43.72999954223633,43.73500061035156,209675
2025-09-30 15:45:00+00:00,43.76499938964844,43.785099029541016,43.75,43.77009963989258,134596
2025-09-30 15:50:00+00:00,43.7599983215332,43.790000915527344,43.7400016784668,43.76499938964844,335029
2025-09-30 15:55:00+00:00,43.7598991394043,43.779701232910156,43.744998931884766,43.755001068115234,139247
2025-09-30 16:00:00+00:00,43.73500061035156,43.775001525878906,43.72999954223633,43.7599983215332,96658
2025-09-30 16:05:00+00:00,43.724998474121094,43.7400016784668,43.709999084472656,43.73500061035156,68834
2025-09-30 16:10:00+00:00,43.7234992980957,43.744998931884766,43.720001220703125,43.724998474121094,69253
2025-09-30 16:15:00+00:00,43.724998474121094,43.77000045776367,43.720001220703125,43.724998474121094,83233
2025-09-30 16:20:00+00:00,43.7400016784668,43.755001068115234,43.71500015258789,43.720001220703125,123737
2025-09-30 16:25:00+00:00,43.75429916381836,43.7599983215332,43.72999954223633,43.7400016784668,93451
2025-09-30 16:30:00+00:00,43.790000915527344,43.790000915527344,43.75,43.75,84237
2025-09-30 16:35:00+00:00,43.79999923706055,43.810001373291016,43.78379821777344,43.790000915527344,352893
2025-09-30 16:40:00+00:00,43.785099029541016,43.810001373291016,43.782283782958984,43.79499816894531,864090
2025-09-30 16:45:00+00:00,43.77360153198242,43.805301666259766,43.77360153198242,43.78850173950195,120431
2025-09-30 16:50:00+00:00,43.744998931884766,43.790000915527344,43.7400016784668,43.775001525878906,64286
2025-09-30 16:55:00+00:00,43.755001068115234,43.76499938964844,43.7400016784668,43.744998931884766,118209
2025-09-30 17:00:00+00:00,43.76499938964844,43.790000915527344,43.75,43.755001068115234,92334
2025-09-30 17:05:00+00:00,43.750099182128906,43.779998779296875,43.75,43.76499938964844,83772
2025-09-30 17:10:00+00:00,43.76499938964844,43.77000045776367,43.75,43.755001068115234,88278
2025-09-30 17:15:00+00:00,43.76499938964844,43.769901275634766,43.744998931884766,43.76499938964844,81010
2025-09-30 17:20:00+00:00,43.775001525878906,43.779998779296875,43.755001068115234,43.76499938964844,78107
2025-09-30 17:25:00+00:00,43.75,43.779998779296875,43.720001220703125,43.77750015258789,178196
2025-09-30 17:30:00+00:00,43.76499938964844,43.77000045776367,43.7400016784668,43.75,128075
2025-09-30 17:35:00+00:00,43.790000915527344,43.79499816894531,43.75,43.760101318359375,93002
2025-09-30 17:40:00+00:00,43.814998626708984,43.814998626708984,43.76499938964844,43.790000915527344,118405
2025-09-30 17:45:00+00:00,43.80649948120117,43.834999084472656,43.80350112915039,43.810001373291016,205898
2025-09-30 17:50:00+00:00,43.78499984741211,43.814998626708984,43.78499984741211,43.801700592041016,76600
2025-09-30 17:55:00+00:00,43.78499984741211,43.790000915527344,43.76020050048828,43.78499984741211,77455
2025-09-30 18:00:00+00:00,43.810001373291016,43.810001373291016,43.779998779296875,43.779998779296875,83467
2025-09-30 18:05:00+00:00,43.810001373291016,43.814998626708984,43.78499984741211,43.810001373291016,108173
2025-09-30 18:10:00+00:00,43.80500030517578,43.84000015258789,43.80500030517578,43.80500030517578,154731
2025-09-30 18:15:00+00:00,43.817501068115234,43.81999969482422,43.79999923706055,43.80500030517578,80335
2025-09-30 18:20:00+00:00,43.79499816894531,43.81999969482422,43.779998779296875,43.81999969482422,100848
2025-09-30 18:25:00+00:00,43.79359817504883,43.79999923706055,43.790000915527344,43.79499816894531,63964
2025-09-30 18:30:00+00:00,43.790000915527344,43.79999923706055,43.77000045776367,43.79499816894531,82792
2025-09-30 18:35:00+00:00,43.779998779296875,43.79499816894531,43.774200439453125,43.785099029541016,96197
2025-09-30 18:40:00+00:00,43.79499816894531,43.810001373291016,43.779998779296875,43.78499984741211,130234
2025-09-30 18:45:00+00:00,43.779998779296875,43.810001373291016,43.779998779296875,43.796199798583984,131273
2025-09-30 18:50:00+00:00,43.80500030517578,43.809898376464844,43.78499984741211,43.790000915527344,89464
2025-09-30 18:55:00+00:00,43.810001373291016,43.81999969482422,43.79999923706055,43.80500030517578,148038
2025-09-30 19:00:00+00:00,43.849998474121094,43.85499954223633,43.810001373291016,43.810001373291016,203635
2025-09-30 19:05:00+00:00,43.845001220703125,43.869998931884766,43.8400993347168,43.86000061035156,166103
2025-09-30 19:10:00+00:00,43.8468017578125,43.849998474121094,43.83000183105469,43.845001220703125,122417
2025-09-30 19:15:00+00:00,43.82500076293945,43.855098724365234,43.81999969482422,43.84989929199219,205059
2025-09-30 19:20:00+00:00,43.855098724365234,43.8650016784668,43.82500076293945,43.83000183105469,158033
2025-09-30 19:25:00+00:00,43.85499954223633,43.869998931884766,43.83000183105469,43.85499954223633,158231
2025-09-30 19:30:00+00:00,43.829898834228516,43.8650016784668,43.81999969482422,43.85499954223633,217946
2025-09-30 19:35:00+00:00,43.81999969482422,43.834999084472656,43.810001373291016,43.82500076293945,210305
2025-09-30 19:40:00+00:00,43.82500076293945,43.84000015258789,43.810001373291016,43.82500076293945,207396
2025-09-30 19:45:00+00:00,43.875,43.880001068115234,43.82500076293945,43.82500076293945,272758
2025-09-30 19:50:00+00:00,43.87379837036133,43.88999938964844,43.82350158691406,43.880001068115234,619778
2025-09-30 19:55:00+00:00,43.93000030517578,43.970001220703125,43.875,43.875,1761531
2025-10-01 13:30:00+00:00,44.02000045776367,44.08000183105469,43.88999938964844,43.915000915527344,879671
2025-10-01 13:35:00+00:00,44.04999923706055,44.06999969482422,43.95500183105469,44.029998779296875,275084
2025-10-01 13:40:00+00:00,43.994998931884766,44.089900970458984,43.9724006652832,44.05590057373047,272215
2025-10-01 13:45:00+00:00,43.96500015258789,44.040000915527344,43.939998626708984,43.994998931884766,253941
2025-10-01 13:50:00+00:00,43.994998931884766,44.0,43.94499969482422,43.959999084472656,226005
2025-10-01 13:55:00+00:00,44.02000045776367,44.02000045776367,43.96500015258789,43.994998931884766,226777
2025-10-01 14:00:00+00:00,43.94499969482422,44.09000015258789,43.940101623535156,44.0099983215332,302170
2025-10-01 14:05:00+00:00,43.904998779296875,44.0,43.904998779296875,43.94499969482422,311529
2025-10-01 14:10:00+00:00,43.89500045776367,43.939998626708984,43.845001220703125,43.900001525878906,457976
2025-10-01 14:15:00+00:00,43.92499923706055,43.93000030517578,43.88999938964844,43.88999938964844,228048
2025-10-01 14:20:00+00:00,43.869998931884766,43.95500183105469,43.869998931884766,43.92499923706055,212158
2025-10-01 14:25:00+00:00,43.939998626708984,43.939998626708984,43.849998474121094,43.869998931884766,165714
2025-10-01 14:30:00+00:00,43.935001373291016,43.959999084472656,43.92499923706055,43.939998626708984,133148
2025-10-01 14:35:00+00:00,43.92499923706055,43.95500183105469,43.915000915527344,43.935001373291016,199780
2025-10-01 14:40:00+00:00,43.904998779296875,43.93000030517578,43.88999938964844,43.92499923706055,204159
2025-10-01 14:45:00+00:00,43.92499923706055,43.93000030517578,43.890098571777344,43.904998779296875,236929
2025-10-01 14:50:00+00:00,43.904998779296875,43.939998626708984,43.89500045776367,43.92499923706055,149902
2025-10-01 14:55:00+00:00,43.92300033569336,43.92499923706055,43.900001525878906,43.904998779296875,171664
2025-10-01 15:00:00+00:00,43.935001373291016,43.959800720214844,43.91999816894531,43.92499923706055,212487
2025-10-01 15:05:00+00:00,43.96500015258789,43.97999954223633,43.939998626708984,43.939998626708984,189028
2025-10-01 15:10:00+00:00,43.95500183105469,43.970001220703125,43.94200134277344,43.96500015258789,132311
2025-10-01 15:15:00+00:00,43.94559860229492,43.959999084472656,43.93000030517578,43.95500183105469,176466
2025-10-01 15:20:00+00:00,43.959999084472656,43.97999954223633,43.939998626708984,43.94499969482422,217403
2025-10-01 15:25:00+00:00,43.93000030517578,43.959999084472656,43.90999984741211,43.95500183105469,144820
2025-10-01 15:30:00+00:00,43.92499923706055,43.970001220703125,43.90999984741211,43.92499923706055,180563
2025-10-01 15:35:00+00:00,43.96500015258789,43.97999954223633,43.93000030517578,43.93000030517578,106225
2025-10-01 15:40:00+00:00,43.935001373291016,43.970001220703125,43.91999816894531,43.959999084472656,122411
2025-10-01 15:45:00+00:00,43.935001373291016,43.970001220703125,43.93280029296875,43.939998626708984,81514
2025-10-01 15:50:00+00:00,43.881900787353516,43.94990158081055,43.880001068115234,43.935001373291016,82581
2025-10-01 15:55:00+00:00,43.845001220703125,43.8849983215332,43.83000183105469,43.8849983215332,126418
2025-10-01 16:00:00+00:00,43.816200256347656,43.849998474121094,43.79999923706055,43.845001220703125,181730
2025-10-01 16:05:00+00:00,43.72999954223633,43.810001373291016,43.71009826660156,43.810001373291016,171828
2025-10-01 16:10:00+00:00,43.63999938964844,43.73500061035156,43.630001068115234,43.73500061035156,127974
2025-10-01 16:15:00+00:00,43.649898529052734,43.67499923706055,43.622501373291016,43.64500045776367,197079
2025-10-01 16:20:00+00:00,43.654998779296875,43.65999984741211,43.58000183105469,43.64970016479492,275526
2025-10-01 16:25:00+00:00,43.63999938964844,43.66999816894531,43.630001068115234,43.65530014038086,120790
2025-10-01 16:30:00+00:00,43.6349983215332,43.65620040893555,43.61000061035156,43.63999938964844,87473
2025-10-01 16:35:00+00:00,43.59000015258789,43.65999984741211,43.58000183105469,43.63560104370117,271145
2025-10-01 16:40:00+00:00,43.51499938964844,43.599998474121094,43.5099983215332,43.58000183105469,261151
2025-10-01 16:45:00+00:00,43.48500061035156,43.52989959716797,43.459999084472656,43.519901275634766,298427
2025-10-01 16:50:00+00:00,43.4900016784668,43.5,43.459999084472656,43.48500061035156,239631
2025-10-01 16:55:00+00:00,43.4901008605957,43.5,43.45000076293945,43.494998931884766,137175
2025-10-01 17:00:00+00:00,43.53499984741211,43.540000915527344,43.47999954223633,43.494998931884766,234400
2025-10-01 17:05:00+00:00,43.564998626708984,43.56999969482422,43.529998779296875,43.53499984741211,94445
2025-10-01 17:10:00+00:00,43.56560134887695,43.58000183105469,43.540000915527344,43.560001373291016,124312
2025-10-01 17:15:00+00:00,43.630001068115234,43.630001068115234,43.56489944458008,43.564998626708984,129212
2025-10-01 17:20:00+00:00,43.6349983215332,43.650001525878906,43.625,43.625,98302
2025-10-01 17:25:00+00:00,43.61000061035156,43.650001525878906,43.61000061035156,43.63999938964844,118021
2025-10-01 17:30:00+00:00,43.60499954223633,43.64500045776367,43.59000015258789,43.6150016784668,77736
2025-10-01 17:35:00+00:00,43.630001068115234,43.63990020751953,43.599998474121094,43.61000061035156,89519
2025-10-01 17:40:00+00:00,43.67150115966797,43.67499923706055,43.619998931884766,43.625,128166
2025-10-01 17:45:00+00:00,43.69499969482422,43.70000076293945,43.67499923706055,43.67499923706055,124233
2025-10-01 17:50:00+00:00,43.7599983215332,43.77000045776367,43.689998626708984,43.69499969482422,185353
2025-10-01 17:55:00+00:00,43.76179885864258,43.779998779296875,43.75,43.755001068115234,96457
2025-10-01 18:00:00+00:00,43.80500030517578,43.82820129394531,43.755001068115234,43.76499938964844,231124
2025-10-01 18:05:00+00:00,43.79819869995117,43.81999969482422,43.790000915527344,43.79999923706055,121264
2025-10-01 18:10:00+00:00,43.82500076293945,43.84830093383789,43.775001525878906,43.79800033569336,206804
2025-10-01 18:15:00+00:00,43.82500076293945,43.84000015258789,43.810001373291016,43.83000183105469,84501
2025-10-01 18:20:00+00:00,43.8849983215332,43.88999938964844,43.81999969482422,43.81999969482422,102192
2025-10-01 18:25:00+00:00,43.90999984741211,43.90999984741211,43.880001068115234,43.88999938964844,168946
2025-10-01 18:30:00+00:00,43.8650016784668,43.90999984741211,43.86000061035156,43.904998779296875,62953
2025-10-01 18:35:00+00:00,43.875,43.880001068115234,43.86000061035156,43.8650016784668,96441
2025-10-01 18:40:00+00:00,43.904998779296875,43.90999984741211,43.869998931884766,43.87620162963867,218675
2025-10-01 18:45:00+00:00,43.904998779296875,43.91999816894531,43.88999938964844,43.900001525878906,158026
2025-10-01 18:50:00+00:00,43.87990188598633,43.900001525878906,43.869998931884766,43.900001525878906,141154
2025-10-01 18:55:00+00:00,43.8849983215332,43.88999938964844,43.86349868774414,43.875,127872
2025-10-01 19:00:00+00:00,43.86000061035156,43.90999984741211,43.86000061035156,43.8849983215332,220721
2025-10-01 19:05:00+00:00,43.86009979248047,43.869998931884766,43.84000015258789,43.8650016784668,106461
2025-10-01 19:10:00+00:00,43.85499954223633,43.904998779296875,43.849998474121094,43.8650016784668,212855
2025-10-01 19:15:00+00:00,43.859901428222656,43.8650016784668,43.84000015258789,43.853599548339844,109682
2025-10-01 19:20:00+00:00,43.817501068115234,43.86000061035156,43.81010055541992,43.85710144042969,128308
2025-10-01 19:25:00+00:00,43.845001220703125,43.849998474121094,43.810001373291016,43.81999969482422,151510
2025-10-01 19:30:00+00:00,43.834999084472656,43.849998474121094,43.81999969482422,43.845001220703125,139290
2025-10-01 19:35:00+00:00,43.8849983215332,43.90999984741211,43.833499908447266,43.834999084472656,432369
2025-10-01 19:40:00+00:00,43.88999938964844,43.900001525878906,43.86000061035156,43.880001068115234,266224
2025-10-01 19:45:00+00:00,43.80849838256836,43.899898529052734,43.79999923706055,43.8849983215332,352045
2025-10-01 19:50:00+00:00,43.79999923706055,43.81999969482422,43.775001525878906,43.810001373291016,562901
2025-10-01 19:55:00+00:00,43.84000015258789,43.85499954223633,43.77000045776367,43.79999923706055,1304016
2025-10-02 13:30:00+00:00,43.70500183105469,43.70989990234375,43.5099983215332,43.58000183105469,892757
2025-10-02 13:35:00+00:00,43.68000030517578,43.720001220703125,43.59510040283203,43.70000076293945,332151
2025-10-02 13:40:00+00:00,43.62580108642578,43.70000076293945,43.584999084472656,43.68000030517578,385456
2025-10-02 13:45:00+00:00,43.54880142211914,43.625,43.5099983215332,43.625,450804
2025-10-02 13:50:00+00:00,43.60499954223633,43.650001525878906,43.51499938964844,43.54499816894531,263982
2025-10-02 13:55:00+00:00,43.60499954223633,43.63999938964844,43.599998474121094,43.60499954223633,167431
2025-10-02 14:00:00+00:00,43.52510070800781,43.618099212646484,43.525001525878906,43.60499954223633,350500
2025-10-02 14:05:00+00:00,43.41899871826172,43.529998779296875,43.40999984741211,43.525001525878906,534968
2025-10-02 14:10:00+00:00,43.33000183105469,43.415000915527344,43.31999969482422,43.415000915527344,422797
2025-10-02 14:15:00+00:00,43.41460037231445,43.41999816894531,43.34000015258789,43.34000015258789,296494
2025-10-02 14:20:00+00:00,43.38349914550781,43.45000076293945,43.380001068115234,43.415000915527344,299881
2025-10-02 14:25:00+00:00,43.42499923706055,43.449798583984375,43.36000061035156,43.38010025024414,421308
2025-10-02 14:30:00+00:00,43.45640182495117,43.470001220703125,43.404998779296875,43.42499923706055,221551
2025-10-02 14:35:00+00:00,43.400001525878906,43.45000076293945,43.38999938964844,43.45000076293945,239329
2025-10-02 14:40:00+00:00,43.403499603271484,43.42499923706055,43.38999938964844,43.404998779296875,137137
2025-10-02 14:45:00+00:00,43.38999938964844,43.439998626708984,43.38999938964844,43.404701232910156,179304
2025-10-02 14:50:00+00:00,43.400001525878906,43.435001373291016,43.369998931884766,43.380001068115234,289532
2025-10-02 14:55:00+00:00,43.470001220703125,43.496498107910156,43.40449905395508,43.404998779296875,178970
2025-10-02 15:00:00+00:00,43.49470138549805,43.5,43.46189880371094,43.474998474121094,115868
2025-10-02 15:05:00+00:00,43.43000030517578,43.494998931884766,43.40999984741211,43.494998931884766,178776
2025-10-02 15:10:00+00:00,43.314998626708984,43.439998626708984,43.310001373291016,43.42499923706055,254209
2025-10-02 15:15:00+00:00,43.314998626708984,43.31990051269531,43.27000045776367,43.310001373291016,401827
2025-10-02 15:20:00+00:00,43.27000045776367,43.32529830932617,43.2599983215332,43.314998626708984,321642
2025-10-02 15:25:00+00:00,43.26499938964844,43.28499984741211,43.25,43.27579879760742,277621
2025-10-02 15:30:00+00:00,43.28499984741211,43.29999923706055,43.25,43.27000045776367,215592
2025-10-02 15:35:00+00:00,43.29999923706055,43.309898376464844,43.25,43.284698486328125,251589
2025-10-02 15:40:00+00:00,43.255001068115234,43.29999923706055,43.25,43.2952995300293,213011
2025-10-02 15:45:00+00:00,43.275001525878906,43.275001525878906,43.220001220703125,43.255001068115234,307294
2025-10-02 15:50:00+00:00,43.294700622558594,43.310001373291016,43.2599983215332,43.275001525878906,165323
2025-10-02 15:55:00+00:00,43.314998626708984,43.31999969482422,43.29159927368164,43.29499816894531,135351
2025-10-02 16:00:00+00:00,43.349998474121094,43.36690139770508,43.314998626708984,43.314998626708984,147531
2025-10-02 16:05:00+00:00,43.320098876953125,43.3557014465332,43.31999969482422,43.354698181152344,108422
2025-10-02 16:10:00+00:00,43.38999938964844,43.39500045776367,43.31999969482422,43.32500076293945,121051
2025-10-02 16:15:00+00:00,43.40999984741211,43.40999984741211,43.38999938964844,43.39500045776367,125702
2025-10-02 16:20:00+00:00,43.4015007019043,43.41999816894531,43.38999938964844,43.404998779296875,153217
2025-10-02 16:25:00+00:00,43.470001220703125,43.470001220703125,43.400001525878906,43.400001525878906,172939
2025-10-02 16:30:00+00:00,43.494998931884766,43.5,43.4635009765625,43.470001220703125,246774
2025-10-02 16:35:00+00:00,43.49620056152344,43.529998779296875,43.48500061035156,43.49679946899414,349388
2025-10-02 16:40:00+00:00,43.52000045776367,43.52000045776367,43.480098724365234,43.494998931884766,160958
2025-10-02 16:45:00+00:00,43.48500061035156,43.529998779296875,43.470001220703125,43.5099983215332,151876
2025-10-02 16:50:00+00:00,43.494998931884766,43.5,43.47999954223633,43.48419952392578,103684
2025-10-02 16:55:00+00:00,43.44499969482422,43.496498107910156,43.44369888305664,43.494998931884766,193337
2025-10-02 17:00:00+00:00,43.4369010925293,43.45000076293945,43.43000030517578,43.439998626708984,112596
2025-10-02 17:05:00+00:00,43.51499938964844,43.540000915527344,43.43000030517578,43.435001373291016,255376
2025-10-02 17:10:00+00:00,43.47999954223633,43.52000045776367,43.47999954223633,43.51499938964844,118694
2025-10-02 17:15:00+00:00,43.49509811401367,43.5,43.459999084472656,43.48500061035156,135188
2025-10-02 17:20:00+00:00,43.48500061035156,43.497501373291016,43.45000076293945,43.497501373291016,119612
2025-10-02 17:25:00+00:00,43.4900016784668,43.4900016784668,43.474998474121094,43.48500061035156,80726
2025-10-02 17:30:00+00:00,43.474998474121094,43.494998931884766,43.464500427246094,43.4900016784668,121464
2025-10-02 17:35:00+00:00,43.474998474121094,43.47999954223633,43.459999084472656,43.474998474121094,100208
2025-10-02 17:40:00+00:00,43.435001373291016,43.4900016784668,43.435001373291016,43.47999954223633,173769
2025-10-02 17:45:00+00:00,43.474998474121094,43.4900016784668,43.40999984741211,43.435001373291016,117118
2025-10-02 17:50:00+00:00,43.44499969482422,43.47999954223633,43.41999816894531,43.474998474121094,100090
2025-10-02 17:55:00+00:00,43.474998474121094,43.47999954223633,43.44499969482422,43.44499969482422,87570
2025-10-02 18:00:00+00:00,43.46620178222656,43.4900016784668,43.459999084472656,43.474998474121094,90080
2025-10-02 18:05:00+00:00,43.45500183105469,43.48500061035156,43.45000076293945,43.470001220703125,106314
2025-10-02 18:10:00+00:00,43.48500061035156,43.5099983215332,43.45000076293945,43.45500183105469,186467
2025-10-02 18:15:00+00:00,43.494998931884766,43.505001068115234,43.47999954223633,43.48649978637695,89534
2025-10-02 18:20:00+00:00,43.474998474121094,43.49580001831055,43.470001220703125,43.494998931884766,76235
2025-10-02 18:25:00+00:00,43.48500061035156,43.4900016784668,43.470001220703125,43.47529983520508,78721
2025-10-02 18:30:00+00:00,43.48500061035156,43.494998931884766,43.470001220703125,43.48500061035156,87495
2025-10-02 18:35:00+00:00,43.48500061035156,43.48830032348633,43.470001220703125,43.48500061035156,110282
2025-10-02 18:40:00+00:00,43.474998474121094,43.4900016784668,43.470001220703125,43.48500061035156,113862
2025-10-02 18:45:00+00:00,43.439998626708984,43.47999954223633,43.439998626708984,43.470001220703125,132857
2025-10-02 18:50:00+00:00,43.45199966430664,43.46900177001953,43.43000030517578,43.439998626708984,156164
2025-10-02 18:55:00+00:00,43.45500183105469,43.459999084472656,43.439998626708984,43.45500183105469,90486
2025-10-02 19:00:00+00:00,43.43000030517578,43.459999084472656,43.43000030517578,43.45500183105469,79252
2025-10-02 19:05:00+00:00,43.474998474121094,43.4900016784668,43.43000030517578,43.43000030517578,206717
2025-10-02 19:10:00+00:00,43.470001220703125,43.4900016784668,43.470001220703125,43.474998474121094,104716
2025-10-02 19:15:00+00:00,43.48500061035156,43.4900016784668,43.45000076293945,43.470001220703125,168727
2025-10-02 19:20:00+00:00,43.45000076293945,43.48500061035156,43.45000076293945,43.48500061035156,113090
2025-10-02 19:25:00+00:00,43.41999816894531,43.459999084472656,43.40999984741211,43.45500183105469,168523
2025-10-02 19:30:00+00:00,43.404998779296875,43.42499923706055,43.400001525878906,43.415000915527344,183557
2025-10-02 19:35:00+00:00,43.3650016784668,43.400001525878906,43.34000015258789,43.400001525878906,373301
2025-10-02 19:40:00+00:00,43.375,43.380001068115234,43.36000061035156,43.3650016784668,202665
2025-10-02 19:45:00+00:00,43.403499603271484,43.415000915527344,43.36000061035156,43.375,299597
2025-10-02 19:50:00+00:00,43.39500045776367,43.459999084472656,43.380001068115234,43.40999984741211,565955
2025-10-02 19:55:00+00:00,43.404998779296875,43.45000076293945,43.38999938964844,43.38999938964844,1457562
2025-10-03 13:30:00+00:00,43.51499938964844,43.54499816894531,43.41999816894531,43.439998626708984,853629
2025-10-03 13:35:00+00:00,43.45500183105469,43.54999923706055,43.400001525878906,43.5099983215332,234510
2025-10-03 13:40:00+00:00,43.54999923706055,43.55580139160156,43.45000076293945,43.459999084472656,137025
2025-10-03 13:45:00+00:00,43.540000915527344,43.595001220703125,43.52000045776367,43.54999923706055,137794
2025-10-03 13:50:00+00:00,43.59000015258789,43.59989929199219,43.494998931884766,43.53499984741211,147693
2025-10-03 13:55:00+00:00,43.58000183105469,43.599998474121094,43.54999923706055,43.595001220703125,167903
2025-10-03 14:00:00+00:00,43.58580017089844,43.599998474121094,43.55500030517578,43.58000183105469,122896
2025-10-03 14:05:00+00:00,43.68000030517578,43.689998626708984,43.582401275634766,43.584999084472656,171150
2025-10-03 14:10:00+00:00,43.68000030517578,43.72999954223633,43.68000030517578,43.68000030517578,197390
2025-10-03 14:15:00+00:00,43.654998779296875,43.685001373291016,43.625,43.68000030517578,144180
2025-10-03 14:20:00+00:00,43.60499954223633,43.65879821777344,43.595001220703125,43.650001525878906,120745
2025-10-03 14:25:00+00:00,43.529998779296875,43.60499954223633,43.51499938964844,43.60499954223633,212680
2025-10-03 14:30:00+00:00,43.55500030517578,43.59000015258789,43.52000045776367,43.52000045776367,263018
2025-10-03 14:35:00+00:00,43.65420150756836,43.654998779296875,43.54999923706055,43.54999923706055,211785
2025-10-03 14:40:00+00:00,43.685001373291016,43.689998626708984,43.64500045776367,43.650001525878906,154561
2025-10-03 14:45:00+00:00,43.689998626708984,43.71500015258789,43.66999816894531,43.68000030517578,233120
2025-10-03 14:50:00+00:00,43.630001068115234,43.69499969482422,43.630001068115234,43.689998626708984,130891
2025-10-03 14:55:00+00:00,43.6349983215332,43.665000915527344,43.630001068115234,43.630001068115234,119278
2025-10-03 15:00:00+00:00,43.59000015258789,43.657798767089844,43.58000183105469,43.630001068115234,187642
2025-10-03 15:05:00+00:00,43.60499954223633,43.61000061035156,43.58000183105469,43.58000183105469,113270
2025-10-03 15:10:00+00:00,43.60900115966797,43.619998931884766,43.595001220703125,43.599998474121094,160154
2025-10-03 15:15:00+00:00,43.564998626708984,43.60649871826172,43.54999923706055,43.599998474121094,145853
2025-10-03 15:20:00+00:00,43.59469985961914,43.599998474121094,43.54999923706055,43.560001373291016,173123
2025-10-03 15:25:00+00:00,43.6431999206543,43.650001525878906,43.58000183105469,43.59000015258789,192730
2025-10-03 15:30:00+00:00,43.57500076293945,43.65999984741211,43.57149887084961,43.63999938964844,134993
2025-10-03 15:35:00+00:00,43.59000015258789,43.60499954223633,43.560001373291016,43.56999969482422,185481
2025-10-03 15:40:00+00:00,43.6349983215332,43.6349983215332,43.57500076293945,43.58000183105469,92178
2025-10-03 15:45:00+00:00,43.69499969482422,43.69499969482422,43.630001068115234,43.630001068115234,102066
2025-10-03 15:50:00+00:00,43.650001525878906,43.71649932861328,43.64500045776367,43.689998626708984,173977
2025-10-03 15:55:00+00:00,43.665000915527344,43.68000030517578,43.650001525878906,43.650001525878906,132210
2025-10-03 16:00:00+00:00,43.69160079956055,43.72650146484375,43.654998779296875,43.65999984741211,161554
2025-10-03 16:05:00+00:00,43.71649932861328,43.7400016784668,43.685001373291016,43.689998626708984,129223
2025-10-03 16:10:00+00:00,43.689998626708984,43.720001220703125,43.68000030517578,43.709999084472656,103334
2025-10-03 16:15:00+00:00,43.68000030517578,43.720001220703125,43.66999816894531,43.689998626708984,103139
2025-10-03 16:20:00+00:00,43.689998626708984,43.689998626708984,43.665000915527344,43.68000030517578,86424
2025-10-03 16:25:00+00:00,43.665000915527344,43.689998626708984,43.65999984741211,43.689998626708984,83655
2025-10-03 16:30:00+00:00,43.67499923706055,43.689998626708984,43.65999984741211,43.65999984741211,100836
2025-10-03 16:35:00+00:00,43.685001373291016,43.69499969482422,43.66999816894531,43.66999816894531,119578
2025-10-03 16:40:00+00:00,43.685001373291016,43.689998626708984,43.65999984741211,43.68000030517578,102126
2025-10-03 16:45:00+00:00,43.65999984741211,43.685001373291016,43.650001525878906,43.68000030517578,136449
2025-10-03 16:50:00+00:00,43.665000915527344,43.68000030517578,43.630001068115234,43.650001525878906,91394
2025-10-03 16:55:00+00:00,43.654998779296875,43.68000030517578,43.650001525878906,43.65999984741211,131164
2025-10-03 17:00:00+00:00,43.685001373291016,43.70000076293945,43.650001525878906,43.650001525878906,104503
2025-10-03 17:05:00+00:00,43.665000915527344,43.724998474121094,43.65999984741211,43.68000030517578,157024
2025-10-03 17:10:00+00:00,43.685001373291016,43.709999084472656,43.65999984741211,43.65999984741211,110824
2025-10-03 17:15:00+00:00,43.67319869995117,43.69499969482422,43.66999816894531,43.685001373291016,100380
2025-10-03 17:20:00+00:00,43.68000030517578,43.696800231933594,43.665000915527344,43.66999816894531,95270
2025-10-03 17:25:00+00:00,43.67499923706055,43.69990158081055,43.66999816894531,43.66999816894531,83538
2025-10-03 17:30:00+00:00,43.709999084472656,43.720001220703125,43.66999816894531,43.66999816894531,64558
2025-10-03 17:35:00+00:00,43.72629928588867,43.72999954223633,43.709999084472656,43.71213150024414,84389
2025-10-03 17:40:00+00:00,43.755001068115234,43.779998779296875,43.720001220703125,43.720001220703125,181346
2025-10-03 17:45:00+00:00,43.775001525878906,43.775001525878906,43.75,43.75,90307
2025-10-03 17:50:00+00:00,43.79499816894531,43.79999923706055,43.76350021362305,43.77000045776367,107233
2025-10-03 17:55:00+00:00,43.83000183105469,43.83000183105469,43.790000915527344,43.790000915527344,119765
2025-10-03 18:00:00+00:00,43.89580154418945,43.900001525878906,43.81999969482422,43.81999969482422,387657
2025-10-03 18:05:00+00:00,43.8484992980957,43.89500045776367,43.82500076293945,43.88999938964844,253358
2025-10-03 18:10:00+00:00,43.81660079956055,43.85609817504883,43.80289840698242,43.84000015258789,100272
2025-10-03 18:15:00+00:00,43.834999084472656,43.84629821777344,43.810001373291016,43.810001373291016,83225
2025-10-03 18:20:00+00:00,43.834999084472656,43.86000061035156,43.82500076293945,43.83000183105469,123491
2025-10-03 18:25:00+00:00,43.81800079345703,43.839900970458984,43.790000915527344,43.83000183105469,95515
2025-10-03 18:30:00+00:00,43.83000183105469,43.834999084472656,43.810001373291016,43.810001373291016,76639
2025-10-03 18:35:00+00:00,43.84000015258789,43.86000061035156,43.83000183105469,43.83000183105469,125756
2025-10-03 18:40:00+00:00,43.85499954223633,43.869998931884766,43.830101013183594,43.84000015258789,117566
2025-10-03 18:45:00+00:00,43.834999084472656,43.86989974975586,43.82500076293945,43.849998474121094,103996
2025-10-03 18:50:00+00:00,43.849998474121094,43.849998474121094,43.83000183105469,43.83000183105469,113923
2025-10-03 18:55:00+00:00,43.89500045776367,43.900001525878906,43.84000015258789,43.84000015258789,184650
2025-10-03 19:00:00+00:00,43.90999984741211,43.91999816894531,43.88999938964844,43.88999938964844,237214
2025-10-03 19:05:00+00:00,43.90999984741211,43.91999816894531,43.88999938964844,43.900001525878906,187769
2025-10-03 19:10:00+00:00,43.910099029541016,43.91999816894531,43.900001525878906,43.904998779296875,160631
2025-10-03 19:15:00+00:00,43.8849983215332,43.919898986816406,43.8849983215332,43.90999984741211,132948
2025-10-03 19:20:00+00:00,43.904998779296875,43.90999984741211,43.880001068115234,43.880001068115234,159991
2025-10-03 19:25:00+00:00,43.86000061035156,43.915000915527344,43.84000015258789,43.900001525878906,209053
2025-10-03 19:30:00+00:00,43.91859817504883,43.92509841918945,43.849998474121094,43.86000061035156,251364
2025-10-03 19:35:00+00:00,43.869998931884766,43.92499923706055,43.849998474121094,43.90999984741211,550832
2025-10-03 19:40:00+00:00,43.81999969482422,43.869998931884766,43.810001373291016,43.8650016784668,431528
2025-10-03 19:45:00+00:00,43.73500061035156,43.84000015258789,43.72999954223633,43.814998626708984,500609
2025-10-03 19:50:00+00:00,43.709999084472656,43.755001068115234,43.689998626708984,43.72999954223633,576162
2025-10-03 19:55:00+00:00,43.66999816894531,43.720001220703125,43.654998779296875,43.70000076293945,1566114
